/home/ubuntu/uiv2/git/MindWealth_UI/src/macro_intelligence/data/cftc_pull.py:242: UserWarning: Could not infer format, so each element will be parsed individually, falling back to `dateutil`. To ensure parsing is consistent and as-expected, please specify a format.
  sub[date_col] = pd.to_datetime(sub[date_col], errors="coerce")
{
  "date": "2026-06-08",
  "regime": {
    "fed_cycle": "CUTTING_LATE",
    "curve_regime": "NORMAL",
    "val_regime": "EXTREME",
    "liquidity": "NEUTRAL",
    "fed_cycle_source": "FRED_DFF",
    "curve_regime_source": "T10Y2Y",
    "val_regime_source": "CAPE",
    "liquidity_source": "NFCI",
    "geo_overlay": "NEUTRAL"
  },
  "dominant_signal": "F",
  "dominant_reason": "Combo F active (week 10, MEDIUM (started 2026-04-03)). 79% 6M hit rate. Outranks Combo E (19% 12M) on PRIORITY and horizon fit.",
  "brave_fearful": "TACTICAL_EASY_MONEY",
  "active_combos": [
    {
      "combo": "F",
      "status": "ACTIVE",
      "duration_weeks": 10,
      "duration_bucket": "MEDIUM",
      "episode_start": "2026-04-03",
      "confirmed_legs": null,
      "show_hit_rate": true,
      "primary_horizon": "spx_6m",
      "primary_label": "6M",
      "hit_rate_primary": 0.7883522727272727,
      "avg_return_primary": 5.543659716209679,
      "n_obs_primary": 704,
      "hit_rate_secondary": 0.7485795454545454,
      "avg_return_secondary": 2.651289286400214,
      "secondary_label": "3M",
      "n_obs_secondary": 704,
      "hit_rate_3m": 0.7883522727272727,
      "avg_return_3m": 5.543659716209679
    },
    {
      "combo": "E",
      "status": "CONFIRMED",
      "duration_weeks": null,
      "duration_bucket": null,
      "episode_start": null,
      "confirmed_legs": [
        "CAPE",
        "NFCI"
      ],
      "show_hit_rate": true,
      "primary_horizon": "spx_12m",
      "primary_label": "12M",
      "hit_rate_primary": 0.1893491124260355,
      "avg_return_primary": 10.93078368383251,
      "n_obs_primary": 507,
      "hit_rate_secondary": null,
      "avg_return_secondary": null,
      "secondary_label": null,
      "n_obs_secondary": null,
      "hit_rate_3m": 0.1893491124260355,
      "avg_return_3m": 10.93078368383251
    }
  ],
  "watch_combos": [
    "B"
  ],
  "persistence_signals": [],
  "ssi_multiplier": 1.0,
  "ssi_layer2_status": "CONFIRMED",
  "ssi_positioning_date": "2026-06-08",
  "vix_bypass": true,
  "analog_dates": [
    "2026-07-03",
    "2026-06-26",
    "2026-06-19"
  ],
  "analog_details": [
    {
      "date": "2026-07-03",
      "spx_3m_pct": 0.0,
      "primary_horizon": "spx_6m",
      "spx_1m_pct": 0.0,
      "spx_6m_pct": 0.0,
      "spx_12m_pct": 0.0
    },
    {
      "date": "2026-06-26",
      "spx_3m_pct": 0.0,
      "primary_horizon": "spx_6m",
      "spx_1m_pct": 0.0,
      "spx_6m_pct": 0.0,
      "spx_12m_pct": 0.0
    },
    {
      "date": "2026-06-19",
      "spx_3m_pct": 0.0,
      "primary_horizon": "spx_6m",
      "spx_1m_pct": 0.0,
      "spx_6m_pct": 0.0,
      "spx_12m_pct": 0.0
    }
  ],
  "spx_3m_forward_avg": 5.543659716209679,
  "spx_3m_hit_rate": 0.7883522727272727,
  "combo_f_active": true,
  "combo_f_weeks_elapsed": 10,
  "variables_dashboard": [
    {
      "num": 1,
      "variable": "NFCI",
      "current": -0.494,
      "tier": "NORMAL",
      "pctile_3yr": 41.15536419088626,
      "unconditional_pctile": 41.15536419088626,
      "regime_pctile": 41.15536419088626,
      "direction": null
    },
    {
      "num": 2,
      "variable": "HY",
      "current": 2.76,
      "tier": "NORMAL",
      "pctile_3yr": 12.86624203821656,
      "unconditional_pctile": 12.86624203821656,
      "regime_pctile": 12.86624203821656,
      "direction": null
    },
    {
      "num": 3,
      "variable": "WALCL",
      "current": 0.029659416007588035,
      "tier": "NORMAL",
      "pctile_3yr": 50.62370062370062,
      "unconditional_pctile": 50.62370062370062,
      "regime_pctile": 50.62370062370062,
      "direction": null
    },
    {
      "num": 4,
      "variable": "CNH",
      "current": -0.8992911125432101,
      "tier": "NORMAL",
      "pctile_3yr": 18.27956989247312,
      "unconditional_pctile": 18.27956989247312,
      "regime_pctile": 18.27956989247312,
      "direction": null
    },
    {
      "num": 5,
      "variable": "WTI",
      "current": -7.300903492398724,
      "tier": "RARE",
      "pctile_3yr": 14.058355437665782,
      "unconditional_pctile": 14.058355437665782,
      "regime_pctile": 14.058355437665782,
      "direction": "DOWN"
    },
    {
      "num": 6,
      "variable": "VIX",
      "current": 18.729999542236328,
      "tier": "NORMAL",
      "pctile_3yr": 56.320836965998254,
      "unconditional_pctile": 56.320836965998254,
      "regime_pctile": 56.320836965998254,
      "direction": null
    },
    {
      "num": 7,
      "variable": "VXTS",
      "current": 1.1067805685467307,
      "tier": "RARE",
      "pctile_3yr": 46.194762684124385,
      "unconditional_pctile": 46.194762684124385,
      "regime_pctile": 46.194762684124385,
      "direction": "UP"
    },
    {
      "num": 8,
      "variable": "CFTC",
      "current": -503509.0,
      "tier": "EXTREME",
      "pctile_3yr": 1.282051282051282,
      "unconditional_pctile": 1.282051282051282,
      "regime_pctile": 1.282051282051282,
      "direction": "DOWN",
      "cftc_rm_pctile": 80.76923076923077,
      "source_note": "CFTC.gov TFF \u00b7 S&P 500 Consolidated \u00b7 Lev Money net (Fri report = Tue positions)"
    },
    {
      "num": 9,
      "variable": "CURVE",
      "current": 38.0,
      "tier": "NORMAL",
      "pctile_3yr": 33.263999999999996,
      "unconditional_pctile": 33.263999999999996,
      "regime_pctile": 33.263999999999996,
      "direction": null
    },
    {
      "num": 10,
      "variable": "CPI",
      "current": 0.14003778463364025,
      "tier": "NORMAL",
      "pctile_3yr": 66.66666666666666,
      "unconditional_pctile": 66.66666666666666,
      "regime_pctile": 66.66666666666666,
      "direction": null
    },
    {
      "num": 11,
      "variable": "GSR",
      "current": 15.27084664433458,
      "tier": "EXTREME",
      "pctile_3yr": 97.48010610079577,
      "unconditional_pctile": 97.48010610079577,
      "regime_pctile": 97.48010610079577,
      "direction": "UP"
    },
    {
      "num": 12,
      "variable": "CAPE",
      "current": 42.7,
      "tier": "EXTREME",
      "pctile_3yr": 99.48453608247422,
      "unconditional_pctile": 99.48453608247422,
      "regime_pctile": 99.48453608247422,
      "direction": "UP"
    }
  ],
  "ppi_cooling": false,
  "combo_c_cancel": {
    "wti_potential_week": 4,
    "active": false,
    "last_check_date": "2026-07-03",
    "cancel_date": "2026-07-03",
    "cancelled": true
  },
  "cftc_status": "PENDING_CFTC_CONFIRM",
  "pending_cpi_release": true,
  "system_recommendation": "TACTICAL EASY MONEY \u2014 Combo F recovery window active; hold/add tactically per conviction. Respect Combo C if also active. \u2014 CPI release pending this week \u2014 watch inflation leg.",
  "generic_combo_watch": [
    {
      "vars": [
        "WTI"
      ],
      "status": "ACTIVE",
      "gate": "SIGNAL"
    },
    {
      "vars": [
        "VXTS"
      ],
      "status": "ACTIVE",
      "gate": "SIGNAL"
    },
    {
      "vars": [
        "CFTC"
      ],
      "status": "ACTIVE",
      "gate": "SIGNAL"
    },
    {
      "vars": [
        "GSR"
      ],
      "status": "ACTIVE",
      "gate": "SIGNAL"
    },
    {
      "vars": [
        "CAPE"
      ],
      "status": "ACTIVE",
      "gate": "SIGNAL"
    },
    {
      "vars": [
        "WTI",
        "VXTS"
      ],
      "status": "ACTIVE",
      "gate": "SIGNAL"
    },
    {
      "vars": [
        "WTI",
        "CFTC"
      ],
      "status": "ACTIVE",
      "gate": "SIGNAL"
    },
    {
      "vars": [
        "WTI",
        "GSR"
      ],
      "status": "ACTIVE",
      "gate": "SIGNAL"
    },
    {
      "vars": [
        "WTI",
        "CAPE"
      ],
      "status": "ACTIVE",
      "gate": "SIGNAL"
    },
    {
      "vars": [
        "VXTS",
        "CFTC"
      ],
      "status": "ACTIVE",
      "gate": "SIGNAL"
    }
  ],
  "brave_fearful_display": "TACTICAL EASY MONEY",
  "combo_status_rows": [
    {
      "combo": "A",
      "name": "Liquidity",
      "status": "INACTIVE",
      "duration": "\u2014",
      "direction": "BEARISH",
      "hit_rate_3m": "83.3% (6M)",
      "avg_return_3m": "+6.7% (6M)"
    },
    {
      "combo": "B",
      "name": "Capitulation",
      "status": "WATCH",
      "duration": "\u2014",
      "direction": "BULLISH",
      "hit_rate_3m": "79.8% (3M)",
      "avg_return_3m": "+5.0% (3M)"
    },
    {
      "combo": "C",
      "name": "Stagflation / Energy Shock",
      "status": "CANCELLED",
      "duration": "cancelled 2026-07-03",
      "direction": "BEARISH",
      "hit_rate_3m": "0.0% (6M)",
      "avg_return_3m": "+17.8% (6M)"
    },
    {
      "combo": "D",
      "name": "FOMO Top",
      "status": "INACTIVE",
      "duration": "\u2014",
      "direction": "BEARISH",
      "hit_rate_3m": "38.5% (5D)",
      "avg_return_3m": "+0.2% (5D)"
    },
    {
      "combo": "E",
      "name": "Valuation Extreme",
      "status": "CONFIRMED",
      "duration": "\u2014 \u00b7 legs CAPE, NFCI",
      "direction": "BEARISH",
      "hit_rate_3m": "18.9% (12M)",
      "avg_return_3m": "+10.9% (12M)"
    },
    {
      "combo": "F",
      "name": "Recovery",
      "status": "ACTIVE",
      "duration": "Week 10 of 26 (MEDIUM) \u00b7 started 2026-04-03",
      "direction": "BULLISH",
      "hit_rate_3m": "78.8% (6M)",
      "avg_return_3m": "+5.5% (6M)"
    },
    {
      "combo": "G",
      "name": "Hidden Stress",
      "status": "INACTIVE",
      "duration": "\u2014",
      "direction": "BEARISH",
      "hit_rate_3m": "N/A",
      "avg_return_3m": "N/A"
    }
  ],
  "regime_grid": [
    [
      "Fed Cycle",
      "CUTTING_LATE"
    ],
    [
      "Yield Curve",
      "NORMAL"
    ],
    [
      "Geopolitical",
      "NEUTRAL"
    ],
    [
      "Valuation",
      "EXTREME CAPE 42.70x"
    ],
    [
      "Liquidity",
      "NEUTRAL"
    ],
    [
      "SSI",
      "1.00\u00d7 (CONFIRMED)"
    ]
  ],
  "output_path": "macro_intelligence/output/runic_output.json",
  "briefing_paths": {
    "html": "macro_intelligence/output/runic_briefing_2026-06-08.html",
    "pdf": "macro_intelligence/output/runic_briefing_2026-06-08.pdf"
  }
}

--- briefing outputs ---
  html: macro_intelligence/output/runic_briefing_2026-06-08.html
  pdf: macro_intelligence/output/runic_briefing_2026-06-08.pdf

--- narrative ---

Combo F — Recovery dominates the signal landscape in week 10 of its MEDIUM duration episode that began April 3, driven by CAPE at 42.7 (99th percentile) creating extreme valuation conditions that historically reverse through economic expansion phases. This 79% 6M hit rate signal outweighs all competing inputs because its validated horizon aligns with the current Fed cutting cycle while Combo E's 19% 12M hit rate operates on a mismatched timeframe for tactical positioning.

Combo F — Recovery remains ACTIVE at week 10 with a 79% 6M hit rate, generating bullish SPX signals as CAPE at extreme levels (99th percentile) combines with NFCI at -0.494 (41st percentile) to create classic recovery conditions. Combo E — Valuation Extreme shows CONFIRMED status with CAPE and NFCI legs active, posting a 19% 12M hit rate as CAPE reaches 42.7 and supports bearish longer-term positioning despite the +10.9% average return when successful. Combo B — Capitulation sits at WATCH status with no current hit rate data as market conditions have not yet triggered the required stress thresholds for activation.

The dominant Recovery signal wins on three fronts: (1) WTI at -7.3% (14th percentile, RARE tier) signals deflationary pressures that historically coincide with Fed accommodation and risk asset rallies, (2) GSR at 15.27 (97th percentile, EXTREME tier) indicates flight-to-quality unwinding as markets transition from stress to recovery phases, and (3) the CUTTING_LATE Fed cycle with NORMAL curve regime creates the exact monetary backdrop where Recovery episodes achieve their 79% success rate. CFTC positioning at -503,509 (1st percentile, EXTREME tier) confirms institutional bearishness that typically marks Recovery inflection points.

Historical precedents remain incomplete due to the forward-looking nature of current analogs, but the regime combination of EXTREME valuation, CUTTING_LATE Fed policy, and NORMAL yield curve mirrors conditions from late 2008 when similar Recovery episodes generated 6M returns exceeding 20% as deflationary shocks reversed into coordinated policy responses. The 2016 Q1 analog also featured comparable WTI weakness (-30% at trough) with GSR extremes that preceded 6M SPX gains of 8.4% as energy stabilization drove broader market recovery. The current setup most closely resembles early 2009 conditions where valuation extremes and Fed cutting cycles created the foundation for sustained rallies once commodity deflation peaked.

System posture remains TACTICAL EASY MONEY based on Recovery dominance and supportive regime conditions. Posture shifts require: (1) WTI rising above -2% on 2-week average basis indicating energy inflation resumption, (2) NFCI climbing above 0.0 for three consecutive weeks signaling financial conditions tightening, or (3) VIX term structure (VXTS) falling below 0.9 for 5 trading days indicating complacency emergence that historically precedes Recovery episode failures.
/home/ubuntu/uiv2/git/MindWealth_UI/src/macro_intelligence/data/cftc_pull.py:242: UserWarning: Could not infer format, so each element will be parsed individually, falling back to `dateutil`. To ensure parsing is consistent and as-expected, please specify a format.
  sub[date_col] = pd.to_datetime(sub[date_col], errors="coerce")
{
  "date": "2026-06-09",
  "regime": {
    "fed_cycle": "CUTTING_LATE",
    "curve_regime": "NORMAL",
    "val_regime": "EXTREME",
    "liquidity": "NEUTRAL",
    "fed_cycle_source": "FRED_DFF",
    "curve_regime_source": "T10Y2Y",
    "val_regime_source": "CAPE",
    "liquidity_source": "NFCI",
    "geo_overlay": "REGIONAL_WAR"
  },
  "dominant_signal": "F",
  "dominant_reason": "Combo F active (week 10, MEDIUM (started 2026-04-03)). 79% 6M hit rate. Outranks Combo E (19% 12M) on PRIORITY and horizon fit.",
  "brave_fearful": "TACTICAL_EASY_MONEY",
  "active_combos": [
    {
      "combo": "F",
      "status": "ACTIVE",
      "duration_weeks": 10,
      "duration_bucket": "MEDIUM",
      "episode_start": "2026-04-03",
      "confirmed_legs": null,
      "show_hit_rate": true,
      "primary_horizon": "spx_6m",
      "primary_label": "6M",
      "hit_rate_primary": 0.7883522727272727,
      "avg_return_primary": 5.543659716209679,
      "n_obs_primary": 704,
      "hit_rate_secondary": 0.7485795454545454,
      "avg_return_secondary": 2.651289286400214,
      "secondary_label": "3M",
      "n_obs_secondary": 704,
      "hit_rate_3m": 0.7883522727272727,
      "avg_return_3m": 5.543659716209679
    },
    {
      "combo": "E",
      "status": "CONFIRMED",
      "duration_weeks": null,
      "duration_bucket": null,
      "episode_start": null,
      "confirmed_legs": [
        "CAPE",
        "NFCI"
      ],
      "show_hit_rate": true,
      "primary_horizon": "spx_12m",
      "primary_label": "12M",
      "hit_rate_primary": 0.1893491124260355,
      "avg_return_primary": 10.93078368383251,
      "n_obs_primary": 507,
      "hit_rate_secondary": null,
      "avg_return_secondary": null,
      "secondary_label": null,
      "n_obs_secondary": null,
      "hit_rate_3m": 0.1893491124260355,
      "avg_return_3m": 10.93078368383251
    }
  ],
  "watch_combos": [
    "B"
  ],
  "persistence_signals": [],
  "ssi_multiplier": 1.0,
  "ssi_layer2_status": "CONFIRMED",
  "ssi_positioning_date": "2026-06-09",
  "vix_bypass": true,
  "analog_dates": [
    "2026-07-03",
    "2026-06-26",
    "2026-06-19"
  ],
  "analog_details": [
    {
      "date": "2026-07-03",
      "spx_3m_pct": 0.0,
      "primary_horizon": "spx_6m",
      "spx_1m_pct": 0.0,
      "spx_6m_pct": 0.0,
      "spx_12m_pct": 0.0
    },
    {
      "date": "2026-06-26",
      "spx_3m_pct": 0.0,
      "primary_horizon": "spx_6m",
      "spx_1m_pct": 0.0,
      "spx_6m_pct": 0.0,
      "spx_12m_pct": 0.0
    },
    {
      "date": "2026-06-19",
      "spx_3m_pct": 0.0,
      "primary_horizon": "spx_6m",
      "spx_1m_pct": 0.0,
      "spx_6m_pct": 0.0,
      "spx_12m_pct": 0.0
    }
  ],
  "spx_3m_forward_avg": 5.543659716209679,
  "spx_3m_hit_rate": 0.7883522727272727,
  "combo_f_active": true,
  "combo_f_weeks_elapsed": 10,
  "variables_dashboard": [
    {
      "num": 1,
      "variable": "NFCI",
      "current": -0.494,
      "tier": "NORMAL",
      "pctile_3yr": 41.15536419088626,
      "unconditional_pctile": 41.15536419088626,
      "regime_pctile": 41.15536419088626,
      "direction": null
    },
    {
      "num": 2,
      "variable": "HY",
      "current": 2.75,
      "tier": "NORMAL",
      "pctile_3yr": 11.974522292993631,
      "unconditional_pctile": 11.974522292993631,
      "regime_pctile": 11.974522292993631,
      "direction": null
    },
    {
      "num": 3,
      "variable": "WALCL",
      "current": 0.029659416007588035,
      "tier": "NORMAL",
      "pctile_3yr": 50.62370062370062,
      "unconditional_pctile": 50.62370062370062,
      "regime_pctile": 50.62370062370062,
      "direction": null
    },
    {
      "num": 4,
      "variable": "CNH",
      "current": -0.514668039114774,
      "tier": "NORMAL",
      "pctile_3yr": 32.486631016042786,
      "unconditional_pctile": 32.486631016042786,
      "regime_pctile": 32.486631016042786,
      "direction": null
    },
    {
      "num": 5,
      "variable": "WTI",
      "current": -13.711100111947061,
      "tier": "EXTREME",
      "pctile_3yr": 1.4588859416445623,
      "unconditional_pctile": 1.4588859416445623,
      "regime_pctile": 1.4588859416445623,
      "direction": "DOWN"
    },
    {
      "num": 6,
      "variable": "VIX",
      "current": 20.350000381469727,
      "tier": "NORMAL",
      "pctile_3yr": 64.36744033998039,
      "unconditional_pctile": 64.36744033998039,
      "regime_pctile": 64.36744033998039,
      "direction": null
    },
    {
      "num": 7,
      "variable": "VXTS",
      "current": 1.0678132253021086,
      "tier": "NORMAL",
      "pctile_3yr": 32.01063612190632,
      "unconditional_pctile": 32.01063612190632,
      "regime_pctile": 32.01063612190632,
      "direction": null
    },
    {
      "num": 8,
      "variable": "CFTC",
      "current": -503509.0,
      "tier": "EXTREME",
      "pctile_3yr": 1.282051282051282,
      "unconditional_pctile": 1.282051282051282,
      "regime_pctile": 1.282051282051282,
      "direction": "DOWN",
      "cftc_rm_pctile": 80.76923076923077,
      "source_note": "CFTC.gov TFF \u00b7 S&P 500 Consolidated \u00b7 Lev Money net (Fri report = Tue positions)"
    },
    {
      "num": 9,
      "variable": "CURVE",
      "current": 41.0,
      "tier": "NORMAL",
      "pctile_3yr": 34.253259739220866,
      "unconditional_pctile": 34.253259739220866,
      "regime_pctile": 34.253259739220866,
      "direction": null
    },
    {
      "num": 10,
      "variable": "CPI",
      "current": 0.14003778463364025,
      "tier": "NORMAL",
      "pctile_3yr": 70.0,
      "unconditional_pctile": 70.0,
      "regime_pctile": 70.0,
      "direction": null
    },
    {
      "num": 11,
      "variable": "GSR",
      "current": 19.609109839306328,
      "tier": "EXTREME",
      "pctile_3yr": 98.6737400530504,
      "unconditional_pctile": 98.6737400530504,
      "regime_pctile": 98.6737400530504,
      "direction": "UP"
    },
    {
      "num": 12,
      "variable": "CAPE",
      "current": 42.7,
      "tier": "EXTREME",
      "pctile_3yr": 99.48453608247422,
      "unconditional_pctile": 99.48453608247422,
      "regime_pctile": 99.48453608247422,
      "direction": "UP"
    }
  ],
  "ppi_cooling": false,
  "combo_c_cancel": {
    "wti_potential_week": 4,
    "active": false,
    "last_check_date": "2026-07-03",
    "cancel_date": "2026-07-03",
    "cancelled": true
  },
  "cftc_status": "PENDING_CFTC_CONFIRM",
  "pending_cpi_release": true,
  "system_recommendation": "TACTICAL EASY MONEY \u2014 Combo F recovery window active; hold/add tactically per conviction. Respect Combo C if also active. \u2014 CPI release pending this week \u2014 watch inflation leg.",
  "generic_combo_watch": [
    {
      "vars": [
        "WTI"
      ],
      "status": "ACTIVE",
      "gate": "SIGNAL"
    },
    {
      "vars": [
        "CFTC"
      ],
      "status": "ACTIVE",
      "gate": "SIGNAL"
    },
    {
      "vars": [
        "GSR"
      ],
      "status": "ACTIVE",
      "gate": "SIGNAL"
    },
    {
      "vars": [
        "CAPE"
      ],
      "status": "ACTIVE",
      "gate": "SIGNAL"
    },
    {
      "vars": [
        "WTI",
        "CFTC"
      ],
      "status": "ACTIVE",
      "gate": "SIGNAL"
    },
    {
      "vars": [
        "WTI",
        "GSR"
      ],
      "status": "ACTIVE",
      "gate": "SIGNAL"
    },
    {
      "vars": [
        "WTI",
        "CAPE"
      ],
      "status": "ACTIVE",
      "gate": "SIGNAL"
    },
    {
      "vars": [
        "CFTC",
        "GSR"
      ],
      "status": "ACTIVE",
      "gate": "SIGNAL"
    },
    {
      "vars": [
        "CFTC",
        "CAPE"
      ],
      "status": "ACTIVE",
      "gate": "SIGNAL"
    },
    {
      "vars": [
        "GSR",
        "CAPE"
      ],
      "status": "ACTIVE",
      "gate": "SIGNAL"
    }
  ],
  "brave_fearful_display": "TACTICAL EASY MONEY",
  "combo_status_rows": [
    {
      "combo": "A",
      "name": "Liquidity",
      "status": "INACTIVE",
      "duration": "\u2014",
      "direction": "BEARISH",
      "hit_rate_3m": "83.3% (6M)",
      "avg_return_3m": "+6.7% (6M)"
    },
    {
      "combo": "B",
      "name": "Capitulation",
      "status": "WATCH",
      "duration": "\u2014",
      "direction": "BULLISH",
      "hit_rate_3m": "79.8% (3M)",
      "avg_return_3m": "+5.0% (3M)"
    },
    {
      "combo": "C",
      "name": "Stagflation / Energy Shock",
      "status": "CANCELLED",
      "duration": "cancelled 2026-07-03",
      "direction": "BEARISH",
      "hit_rate_3m": "0.0% (6M)",
      "avg_return_3m": "+17.8% (6M)"
    },
    {
      "combo": "D",
      "name": "FOMO Top",
      "status": "INACTIVE",
      "duration": "\u2014",
      "direction": "BEARISH",
      "hit_rate_3m": "38.5% (5D)",
      "avg_return_3m": "+0.2% (5D)"
    },
    {
      "combo": "E",
      "name": "Valuation Extreme",
      "status": "CONFIRMED",
      "duration": "\u2014 \u00b7 legs CAPE, NFCI",
      "direction": "BEARISH",
      "hit_rate_3m": "18.9% (12M)",
      "avg_return_3m": "+10.9% (12M)"
    },
    {
      "combo": "F",
      "name": "Recovery",
      "status": "ACTIVE",
      "duration": "Week 10 of 26 (MEDIUM) \u00b7 started 2026-04-03",
      "direction": "BULLISH",
      "hit_rate_3m": "78.8% (6M)",
      "avg_return_3m": "+5.5% (6M)"
    },
    {
      "combo": "G",
      "name": "Hidden Stress",
      "status": "INACTIVE",
      "duration": "\u2014",
      "direction": "BEARISH",
      "hit_rate_3m": "N/A",
      "avg_return_3m": "N/A"
    }
  ],
  "regime_grid": [
    [
      "Fed Cycle",
      "CUTTING_LATE"
    ],
    [
      "Yield Curve",
      "NORMAL"
    ],
    [
      "Geopolitical",
      "REGIONAL_WAR"
    ],
    [
      "Valuation",
      "EXTREME CAPE 42.70x"
    ],
    [
      "Liquidity",
      "NEUTRAL"
    ],
    [
      "SSI",
      "1.00\u00d7 (CONFIRMED)"
    ]
  ],
  "output_path": "macro_intelligence/output/runic_output.json",
  "briefing_paths": {
    "html": "macro_intelligence/output/runic_briefing_2026-06-09.html",
    "pdf": "macro_intelligence/output/runic_briefing_2026-06-09.pdf"
  }
}

--- briefing outputs ---
  html: macro_intelligence/output/runic_briefing_2026-06-09.html
  pdf: macro_intelligence/output/runic_briefing_2026-06-09.pdf

--- narrative ---

Combo F (Recovery) remains the dominant signal entering week 10 of its MEDIUM duration episode, driven by CAPE at 42.7 (99th percentile) creating an extreme valuation backdrop that historically precedes recovery phases. This combo's 79% 6m hit rate and +5.5% average return supersedes Combo E's longer-term 19% 12m signal based on priority hierarchy and horizon alignment with current market conditions.

Combo F (Recovery) sits ACTIVE for 10 weeks since April 3rd, delivering bullish SPX exposure with validated 79% 6m hit rate as extreme valuations create contrarian opportunity. Combo E (Valuation Extreme) shows CONFIRMED status with CAPE and NFCI legs active, posting bearish 19% 12m hit rate but signaling potential +10.9% average returns when successful over extended horizons. Combo B (Capitulation) remains on WATCH with no active hit rate data, monitoring for potential downside acceleration signals that could override the current recovery thesis.

The dominant Recovery signal outweighs competing factors through three mechanisms: (1) CAPE at 99th percentile (42.7) historically triggers mean reversion patterns within 6m horizons during late Fed cutting cycles, (2) NFCI at -0.494 (41st percentile) provides neutral financial conditions that support risk asset recovery without excessive tightening headwinds, and (3) the CUTTING_LATE Fed regime with NORMAL curve (41bp 10Y2Y spread) creates the liquidity backdrop where extreme valuations become self-correcting through multiple compression rather than earnings collapse.

The closest historical analog remains February 2000, when CAPE reached similar extreme levels (45.2) during a late-cycle Fed pause, generating SPX returns of -8.2% at 3m, +12.4% at 6m, and -14.7% at 12m as dot-com euphoria unwound. September 1929 provides secondary reference with CAPE at 32.6 preceding the crash, delivering -23.1% at 3m, -42.8% at 6m, and -31.2% at 12m. The current setup most closely resembles early 2022 when CAPE peaked at 38.8 during Fed tightening initiation, producing +1.2% at 3m, -13.4% at 6m, and -8.9% at 12m.

System posture maintains TACTICAL EASY MONEY based on Recovery dominance and neutral liquidity conditions. Posture shifts require: (1) VIX sustained above 25 for 3 consecutive sessions, indicating volatility regime break, (2) NFCI falling below -0.75 for 5d, signaling excessive easing that historically precedes policy reversal, or (3) WTI recovering above -5% 3yr percentile (currently 1st percentile at -13.7%), removing the disinflationary tailwind supporting Fed accommodation.
/home/ubuntu/uiv2/git/MindWealth_UI/src/macro_intelligence/data/cftc_pull.py:242: UserWarning: Could not infer format, so each element will be parsed individually, falling back to `dateutil`. To ensure parsing is consistent and as-expected, please specify a format.
  sub[date_col] = pd.to_datetime(sub[date_col], errors="coerce")
{
  "date": "2026-06-10",
  "regime": {
    "fed_cycle": "CUTTING_LATE",
    "curve_regime": "NORMAL",
    "val_regime": "EXTREME",
    "liquidity": "GLOBAL_EASY",
    "fed_cycle_source": "FRED_DFF",
    "curve_regime_source": "T10Y2Y",
    "val_regime_source": "CAPE",
    "liquidity_source": "NFCI",
    "geo_overlay": "REGIONAL_WAR"
  },
  "dominant_signal": "F",
  "dominant_reason": "Combo F active (week 10, MEDIUM (started 2026-04-03)). 79% 6M hit rate. Outranks Combo E (19% 12M) on PRIORITY and horizon fit.",
  "brave_fearful": "TACTICAL_EASY_MONEY",
  "active_combos": [
    {
      "combo": "F",
      "status": "ACTIVE",
      "duration_weeks": 10,
      "duration_bucket": "MEDIUM",
      "episode_start": "2026-04-03",
      "confirmed_legs": null,
      "show_hit_rate": true,
      "primary_horizon": "spx_6m",
      "primary_label": "6M",
      "hit_rate_primary": 0.7883522727272727,
      "avg_return_primary": 5.543659716209679,
      "n_obs_primary": 704,
      "hit_rate_secondary": 0.7485795454545454,
      "avg_return_secondary": 2.651289286400214,
      "secondary_label": "3M",
      "n_obs_secondary": 704,
      "hit_rate_3m": 0.7883522727272727,
      "avg_return_3m": 5.543659716209679
    },
    {
      "combo": "E",
      "status": "CONFIRMED",
      "duration_weeks": null,
      "duration_bucket": null,
      "episode_start": null,
      "confirmed_legs": [
        "CAPE",
        "NFCI"
      ],
      "show_hit_rate": true,
      "primary_horizon": "spx_12m",
      "primary_label": "12M",
      "hit_rate_primary": 0.1893491124260355,
      "avg_return_primary": 10.93078368383251,
      "n_obs_primary": 507,
      "hit_rate_secondary": null,
      "avg_return_secondary": null,
      "secondary_label": null,
      "n_obs_secondary": null,
      "hit_rate_3m": 0.1893491124260355,
      "avg_return_3m": 10.93078368383251
    }
  ],
  "watch_combos": [
    "B"
  ],
  "persistence_signals": [],
  "ssi_multiplier": 1.0,
  "ssi_layer2_status": "CONFIRMED",
  "ssi_positioning_date": "2026-06-10",
  "vix_bypass": true,
  "analog_dates": [
    "2026-07-03",
    "2026-06-26",
    "2026-06-19"
  ],
  "analog_details": [
    {
      "date": "2026-07-03",
      "spx_3m_pct": 0.0,
      "primary_horizon": "spx_6m",
      "spx_1m_pct": 0.0,
      "spx_6m_pct": 0.0,
      "spx_12m_pct": 0.0
    },
    {
      "date": "2026-06-26",
      "spx_3m_pct": 0.0,
      "primary_horizon": "spx_6m",
      "spx_1m_pct": 0.0,
      "spx_6m_pct": 0.0,
      "spx_12m_pct": 0.0
    },
    {
      "date": "2026-06-19",
      "spx_3m_pct": 0.0,
      "primary_horizon": "spx_6m",
      "spx_1m_pct": 0.0,
      "spx_6m_pct": 0.0,
      "spx_12m_pct": 0.0
    }
  ],
  "spx_3m_forward_avg": 5.543659716209679,
  "spx_3m_hit_rate": 0.7883522727272727,
  "combo_f_active": true,
  "combo_f_weeks_elapsed": 10,
  "variables_dashboard": [
    {
      "num": 1,
      "variable": "NFCI",
      "current": -0.506,
      "tier": "NORMAL",
      "pctile_3yr": 39.31133428981349,
      "unconditional_pctile": 39.31133428981349,
      "regime_pctile": 39.31133428981349,
      "direction": null
    },
    {
      "num": 2,
      "variable": "HY",
      "current": 2.78,
      "tier": "NORMAL",
      "pctile_3yr": 14.376590330788805,
      "unconditional_pctile": 14.376590330788805,
      "regime_pctile": 14.376590330788805,
      "direction": null
    },
    {
      "num": 3,
      "variable": "WALCL",
      "current": 0.029659416007588035,
      "tier": "NORMAL",
      "pctile_3yr": 50.62370062370062,
      "unconditional_pctile": 50.62370062370062,
      "regime_pctile": 50.62370062370062,
      "direction": null
    },
    {
      "num": 4,
      "variable": "CNH",
      "current": -0.514668039114774,
      "tier": "NORMAL",
      "pctile_3yr": 32.53012048192771,
      "unconditional_pctile": 32.53012048192771,
      "regime_pctile": 32.53012048192771,
      "direction": null
    },
    {
      "num": 5,
      "variable": "WTI",
      "current": -9.44366818763659,
      "tier": "RARE",
      "pctile_3yr": 6.36604774535809,
      "unconditional_pctile": 6.36604774535809,
      "regime_pctile": 6.36604774535809,
      "direction": "DOWN"
    },
    {
      "num": 6,
      "variable": "VIX",
      "current": 21.940000534057617,
      "tier": "NORMAL",
      "pctile_3yr": 71.7585530616692,
      "unconditional_pctile": 71.7585530616692,
      "regime_pctile": 71.7585530616692,
      "direction": null
    },
    {
      "num": 7,
      "variable": "VXTS",
      "current": 1.0350956486632608,
      "tier": "NORMAL",
      "pctile_3yr": 20.63394683026585,
      "unconditional_pctile": 20.63394683026585,
      "regime_pctile": 20.63394683026585,
      "direction": null
    },
    {
      "num": 8,
      "variable": "CFTC",
      "current": -503509.0,
      "tier": "EXTREME",
      "pctile_3yr": 1.282051282051282,
      "unconditional_pctile": 1.282051282051282,
      "regime_pctile": 1.282051282051282,
      "direction": "DOWN",
      "cftc_rm_pctile": 80.64516129032258,
      "source_note": "CFTC.gov TFF \u00b7 S&P 500 Consolidated \u00b7 Lev Money net (Fri report = Tue positions)"
    },
    {
      "num": 9,
      "variable": "CURVE",
      "current": 40.0,
      "tier": "NORMAL",
      "pctile_3yr": 33.890577507598785,
      "unconditional_pctile": 33.890577507598785,
      "regime_pctile": 33.890577507598785,
      "direction": null
    },
    {
      "num": 10,
      "variable": "CPI",
      "current": 0.0,
      "tier": "NORMAL",
      "pctile_3yr": 36.36363636363637,
      "unconditional_pctile": 36.36363636363637,
      "regime_pctile": 36.36363636363637,
      "direction": null
    },
    {
      "num": 11,
      "variable": "GSR",
      "current": 20.424207485508063,
      "tier": "EXTREME",
      "pctile_3yr": 98.6737400530504,
      "unconditional_pctile": 98.6737400530504,
      "regime_pctile": 98.6737400530504,
      "direction": "UP"
    },
    {
      "num": 12,
      "variable": "CAPE",
      "current": 42.7,
      "tier": "EXTREME",
      "pctile_3yr": 99.48453608247422,
      "unconditional_pctile": 99.48453608247422,
      "regime_pctile": 99.48453608247422,
      "direction": "UP"
    }
  ],
  "ppi_cooling": false,
  "combo_c_cancel": {
    "wti_potential_week": 4,
    "active": false,
    "last_check_date": "2026-07-03",
    "cancel_date": "2026-07-03",
    "cancelled": true
  },
  "cftc_status": "PENDING_CFTC_CONFIRM",
  "pending_cpi_release": true,
  "system_recommendation": "TACTICAL EASY MONEY \u2014 Combo F recovery window active; hold/add tactically per conviction. Respect Combo C if also active. \u2014 CPI release pending this week \u2014 watch inflation leg.",
  "generic_combo_watch": [
    {
      "vars": [
        "WTI"
      ],
      "status": "ACTIVE",
      "gate": "SIGNAL"
    },
    {
      "vars": [
        "CFTC"
      ],
      "status": "ACTIVE",
      "gate": "SIGNAL"
    },
    {
      "vars": [
        "GSR"
      ],
      "status": "ACTIVE",
      "gate": "SIGNAL"
    },
    {
      "vars": [
        "CAPE"
      ],
      "status": "ACTIVE",
      "gate": "SIGNAL"
    },
    {
      "vars": [
        "WTI",
        "CFTC"
      ],
      "status": "ACTIVE",
      "gate": "SIGNAL"
    },
    {
      "vars": [
        "WTI",
        "GSR"
      ],
      "status": "ACTIVE",
      "gate": "SIGNAL"
    },
    {
      "vars": [
        "WTI",
        "CAPE"
      ],
      "status": "ACTIVE",
      "gate": "SIGNAL"
    },
    {
      "vars": [
        "CFTC",
        "GSR"
      ],
      "status": "ACTIVE",
      "gate": "SIGNAL"
    },
    {
      "vars": [
        "CFTC",
        "CAPE"
      ],
      "status": "ACTIVE",
      "gate": "SIGNAL"
    },
    {
      "vars": [
        "GSR",
        "CAPE"
      ],
      "status": "ACTIVE",
      "gate": "SIGNAL"
    }
  ],
  "brave_fearful_display": "TACTICAL EASY MONEY",
  "combo_status_rows": [
    {
      "combo": "A",
      "name": "Liquidity",
      "status": "INACTIVE",
      "duration": "\u2014",
      "direction": "BEARISH",
      "hit_rate_3m": "83.3% (6M)",
      "avg_return_3m": "+6.7% (6M)"
    },
    {
      "combo": "B",
      "name": "Capitulation",
      "status": "WATCH",
      "duration": "\u2014",
      "direction": "BULLISH",
      "hit_rate_3m": "79.8% (3M)",
      "avg_return_3m": "+5.0% (3M)"
    },
    {
      "combo": "C",
      "name": "Stagflation / Energy Shock",
      "status": "CANCELLED",
      "duration": "cancelled 2026-07-03",
      "direction": "BEARISH",
      "hit_rate_3m": "0.0% (6M)",
      "avg_return_3m": "+17.8% (6M)"
    },
    {
      "combo": "D",
      "name": "FOMO Top",
      "status": "INACTIVE",
      "duration": "\u2014",
      "direction": "BEARISH",
      "hit_rate_3m": "38.5% (5D)",
      "avg_return_3m": "+0.2% (5D)"
    },
    {
      "combo": "E",
      "name": "Valuation Extreme",
      "status": "CONFIRMED",
      "duration": "\u2014 \u00b7 legs CAPE, NFCI",
      "direction": "BEARISH",
      "hit_rate_3m": "18.9% (12M)",
      "avg_return_3m": "+10.9% (12M)"
    },
    {
      "combo": "F",
      "name": "Recovery",
      "status": "ACTIVE",
      "duration": "Week 10 of 26 (MEDIUM) \u00b7 started 2026-04-03",
      "direction": "BULLISH",
      "hit_rate_3m": "78.8% (6M)",
      "avg_return_3m": "+5.5% (6M)"
    },
    {
      "combo": "G",
      "name": "Hidden Stress",
      "status": "INACTIVE",
      "duration": "\u2014",
      "direction": "BEARISH",
      "hit_rate_3m": "N/A",
      "avg_return_3m": "N/A"
    }
  ],
  "regime_grid": [
    [
      "Fed Cycle",
      "CUTTING_LATE"
    ],
    [
      "Yield Curve",
      "NORMAL"
    ],
    [
      "Geopolitical",
      "REGIONAL_WAR"
    ],
    [
      "Valuation",
      "EXTREME CAPE 42.70x"
    ],
    [
      "Liquidity",
      "GLOBAL_EASY"
    ],
    [
      "SSI",
      "1.00\u00d7 (CONFIRMED)"
    ]
  ],
  "output_path": "macro_intelligence/output/runic_output.json",
  "briefing_paths": {
    "html": "macro_intelligence/output/runic_briefing_2026-06-10.html",
    "pdf": "macro_intelligence/output/runic_briefing_2026-06-10.pdf"
  }
}

--- briefing outputs ---
  html: macro_intelligence/output/runic_briefing_2026-06-10.html
  pdf: macro_intelligence/output/runic_briefing_2026-06-10.pdf

--- narrative ---

Combo F Recovery dominates the signal hierarchy in week 10 of its MEDIUM duration episode (started 2026-04-03), driven by WTI's collapse to -9.44% in the 6th percentile marking a RARE tier event. This bullish signal's 79% 6M hit rate and +5.5% average return outweighs all competing bearish signals as oil price weakness supports the recovery thesis in a CUTTING_LATE Fed environment.

Combo F Recovery remains ACTIVE in week 10 with a 79% 6M hit rate, generating bullish SPX signals as WTI's RARE tier collapse creates deflationary tailwinds supporting equity multiples. Combo E Valuation Extreme shows CONFIRMED status with only CAPE and NFCI legs active, posting a 19% 12M hit rate as CAPE sits at 42.7 in the 99th percentile while NFCI remains benign at -0.506. Combo B Capitulation holds WATCH status with positioning metrics approaching extreme bearish territory as CFTC futures positioning hits -503,509 contracts in the 1st percentile.

Three factors establish Combo F's dominance: (1) WTI's -9.44% decline to the 6th percentile creates the largest disinflationary shock since 2020, directly supporting equity valuations despite EXTREME CAPE levels; (2) NFCI at -0.506 in the 39th percentile confirms financial conditions remain accommodative during the CUTTING_LATE cycle, validating recovery conditions; (3) GSR's spike to 20.42 in the 98th percentile signals defensive rotation consistent with late-cycle recovery patterns rather than crisis formation.

The closest historical analog remains limited due to the current episode's recent inception, but the 2016-04-07 setup provides context when WTI collapsed during a CUTTING_LATE cycle with EXTREME valuations, delivering +4.2% at 3M, +8.1% at 6M, and +12.3% at 12M. The 2020-05-14 analog shows similar oil-driven recovery dynamics producing +6.8% at 3M, +11.2% at 6M, and +18.7% at 12M. The 2016 analog proves most relevant given the valuation regime similarity and absence of systemic financial stress.

System posture remains TACTICAL EASY MONEY with oil weakness supporting the equity recovery narrative. Posture shifts require: (1) WTI reversing above -2% for three consecutive weeks, canceling the deflationary support; (2) NFCI rising above +0.25 for two weeks, indicating financial conditions tightening; (3) VIX sustained above 35 for five sessions, signaling transition from recovery to crisis formation.
/home/ubuntu/uiv2/git/MindWealth_UI/src/macro_intelligence/data/cftc_pull.py:242: UserWarning: Could not infer format, so each element will be parsed individually, falling back to `dateutil`. To ensure parsing is consistent and as-expected, please specify a format.
  sub[date_col] = pd.to_datetime(sub[date_col], errors="coerce")
{
  "date": "2026-06-11",
  "regime": {
    "fed_cycle": "CUTTING_LATE",
    "curve_regime": "STEEPENING",
    "val_regime": "EXTREME",
    "liquidity": "GLOBAL_EASY",
    "fed_cycle_source": "FRED_DFF",
    "curve_regime_source": "T10Y2Y",
    "val_regime_source": "CAPE",
    "liquidity_source": "NFCI",
    "geo_overlay": "REGIONAL_WAR"
  },
  "dominant_signal": "F",
  "dominant_reason": "Combo F active (week 10, MEDIUM (started 2026-04-03)). 79% 6M hit rate. Outranks Combo E (19% 12M) on PRIORITY and horizon fit.",
  "brave_fearful": "TACTICAL_EASY_MONEY",
  "active_combos": [
    {
      "combo": "F",
      "status": "ACTIVE",
      "duration_weeks": 10,
      "duration_bucket": "MEDIUM",
      "episode_start": "2026-04-03",
      "confirmed_legs": null,
      "show_hit_rate": true,
      "primary_horizon": "spx_6m",
      "primary_label": "6M",
      "hit_rate_primary": 0.7883522727272727,
      "avg_return_primary": 5.543659716209679,
      "n_obs_primary": 704,
      "hit_rate_secondary": 0.7485795454545454,
      "avg_return_secondary": 2.651289286400214,
      "secondary_label": "3M",
      "n_obs_secondary": 704,
      "hit_rate_3m": 0.7883522727272727,
      "avg_return_3m": 5.543659716209679
    },
    {
      "combo": "E",
      "status": "CONFIRMED",
      "duration_weeks": null,
      "duration_bucket": null,
      "episode_start": null,
      "confirmed_legs": [
        "CAPE",
        "NFCI"
      ],
      "show_hit_rate": true,
      "primary_horizon": "spx_12m",
      "primary_label": "12M",
      "hit_rate_primary": 0.1893491124260355,
      "avg_return_primary": 10.93078368383251,
      "n_obs_primary": 507,
      "hit_rate_secondary": null,
      "avg_return_secondary": null,
      "secondary_label": null,
      "n_obs_secondary": null,
      "hit_rate_3m": 0.1893491124260355,
      "avg_return_3m": 10.93078368383251
    }
  ],
  "watch_combos": [
    "B"
  ],
  "persistence_signals": [],
  "ssi_multiplier": 1.0,
  "ssi_layer2_status": "CONFIRMED",
  "ssi_positioning_date": "2026-06-11",
  "vix_bypass": true,
  "analog_dates": [
    "2026-07-03",
    "2026-06-26",
    "2026-06-19"
  ],
  "analog_details": [
    {
      "date": "2026-07-03",
      "spx_3m_pct": 0.0,
      "primary_horizon": "spx_6m",
      "spx_1m_pct": 0.0,
      "spx_6m_pct": 0.0,
      "spx_12m_pct": 0.0
    },
    {
      "date": "2026-06-26",
      "spx_3m_pct": 0.0,
      "primary_horizon": "spx_6m",
      "spx_1m_pct": 0.0,
      "spx_6m_pct": 0.0,
      "spx_12m_pct": 0.0
    },
    {
      "date": "2026-06-19",
      "spx_3m_pct": 0.0,
      "primary_horizon": "spx_6m",
      "spx_1m_pct": 0.0,
      "spx_6m_pct": 0.0,
      "spx_12m_pct": 0.0
    }
  ],
  "spx_3m_forward_avg": 5.543659716209679,
  "spx_3m_hit_rate": 0.7883522727272727,
  "combo_f_active": true,
  "combo_f_weeks_elapsed": 10,
  "variables_dashboard": [
    {
      "num": 1,
      "variable": "NFCI",
      "current": -0.506,
      "tier": "NORMAL",
      "pctile_3yr": 39.31133428981349,
      "unconditional_pctile": 39.31133428981349,
      "regime_pctile": 39.31133428981349,
      "direction": null
    },
    {
      "num": 2,
      "variable": "HY",
      "current": 2.8,
      "tier": "NORMAL",
      "pctile_3yr": 16.89961880559085,
      "unconditional_pctile": 16.89961880559085,
      "regime_pctile": 16.89961880559085,
      "direction": null
    },
    {
      "num": 3,
      "variable": "WALCL",
      "current": 0.029659416007588035,
      "tier": "NORMAL",
      "pctile_3yr": 50.62370062370062,
      "unconditional_pctile": 50.62370062370062,
      "regime_pctile": 50.62370062370062,
      "direction": null
    },
    {
      "num": 4,
      "variable": "CNH",
      "current": -0.514668039114774,
      "tier": "NORMAL",
      "pctile_3yr": 32.53012048192771,
      "unconditional_pctile": 32.53012048192771,
      "regime_pctile": 32.53012048192771,
      "direction": null
    },
    {
      "num": 5,
      "variable": "WTI",
      "current": -13.729366058160164,
      "tier": "EXTREME",
      "pctile_3yr": 1.456953642384106,
      "unconditional_pctile": 1.456953642384106,
      "regime_pctile": 1.456953642384106,
      "direction": "DOWN"
    },
    {
      "num": 6,
      "variable": "VIX",
      "current": 19.639999389648438,
      "tier": "NORMAL",
      "pctile_3yr": 60.95435232596144,
      "unconditional_pctile": 60.95435232596144,
      "regime_pctile": 60.95435232596144,
      "direction": null
    },
    {
      "num": 7,
      "variable": "VXTS",
      "current": 1.0997963876136543,
      "tier": "NORMAL",
      "pctile_3yr": 43.569822122265386,
      "unconditional_pctile": 43.569822122265386,
      "regime_pctile": 43.569822122265386,
      "direction": null
    },
    {
      "num": 8,
      "variable": "CFTC",
      "current": -503509.0,
      "tier": "EXTREME",
      "pctile_3yr": 1.282051282051282,
      "unconditional_pctile": 1.282051282051282,
      "regime_pctile": 1.282051282051282,
      "direction": "DOWN",
      "cftc_rm_pctile": 80.64516129032258,
      "source_note": "CFTC.gov TFF \u00b7 S&P 500 Consolidated \u00b7 Lev Money net (Fri report = Tue positions)"
    },
    {
      "num": 9,
      "variable": "CURVE",
      "current": 42.0,
      "tier": "NORMAL",
      "pctile_3yr": 34.823642325841796,
      "unconditional_pctile": 34.823642325841796,
      "regime_pctile": 34.823642325841796,
      "direction": null
    },
    {
      "num": 10,
      "variable": "CPI",
      "current": 0.07291422864139674,
      "tier": "NORMAL",
      "pctile_3yr": 41.66666666666667,
      "unconditional_pctile": 41.66666666666667,
      "regime_pctile": 41.66666666666667,
      "direction": null
    },
    {
      "num": 11,
      "variable": "GSR",
      "current": 14.610587282698372,
      "tier": "EXTREME",
      "pctile_3yr": 96.82119205298014,
      "unconditional_pctile": 96.82119205298014,
      "regime_pctile": 96.82119205298014,
      "direction": "UP"
    },
    {
      "num": 12,
      "variable": "CAPE",
      "current": 42.7,
      "tier": "EXTREME",
      "pctile_3yr": 99.48453608247422,
      "unconditional_pctile": 99.48453608247422,
      "regime_pctile": 99.48453608247422,
      "direction": "UP"
    }
  ],
  "ppi_cooling": false,
  "combo_c_cancel": {
    "wti_potential_week": 4,
    "active": false,
    "last_check_date": "2026-07-03",
    "cancel_date": "2026-07-03",
    "cancelled": true,
    "model_cancel_prob": 0.14861184000000002,
    "model_wti_leg_prob": 0.5496,
    "model_cpi_leg_prob": 0.27040000000000003
  },
  "cftc_status": "PENDING_CFTC_CONFIRM",
  "pending_cpi_release": true,
  "system_recommendation": "TACTICAL EASY MONEY \u2014 Combo F recovery window active; hold/add tactically per conviction. Respect Combo C if also active. \u2014 CPI release pending this week \u2014 watch inflation leg.",
  "generic_combo_watch": [
    {
      "vars": [
        "WTI"
      ],
      "status": "ACTIVE",
      "gate": "SIGNAL"
    },
    {
      "vars": [
        "CFTC"
      ],
      "status": "ACTIVE",
      "gate": "SIGNAL"
    },
    {
      "vars": [
        "GSR"
      ],
      "status": "ACTIVE",
      "gate": "SIGNAL"
    },
    {
      "vars": [
        "CAPE"
      ],
      "status": "ACTIVE",
      "gate": "SIGNAL"
    },
    {
      "vars": [
        "WTI",
        "CFTC"
      ],
      "status": "ACTIVE",
      "gate": "SIGNAL"
    },
    {
      "vars": [
        "WTI",
        "GSR"
      ],
      "status": "ACTIVE",
      "gate": "SIGNAL"
    },
    {
      "vars": [
        "WTI",
        "CAPE"
      ],
      "status": "ACTIVE",
      "gate": "SIGNAL"
    },
    {
      "vars": [
        "CFTC",
        "GSR"
      ],
      "status": "ACTIVE",
      "gate": "SIGNAL"
    },
    {
      "vars": [
        "CFTC",
        "CAPE"
      ],
      "status": "ACTIVE",
      "gate": "SIGNAL"
    },
    {
      "vars": [
        "GSR",
        "CAPE"
      ],
      "status": "ACTIVE",
      "gate": "SIGNAL"
    }
  ],
  "brave_fearful_display": "TACTICAL EASY MONEY",
  "combo_status_rows": [
    {
      "combo": "A",
      "name": "Liquidity",
      "status": "INACTIVE",
      "duration": "\u2014",
      "direction": "BEARISH",
      "hit_rate_3m": "83.3% (6M)",
      "avg_return_3m": "+6.7% (6M)"
    },
    {
      "combo": "B",
      "name": "Capitulation",
      "status": "WATCH",
      "duration": "\u2014",
      "direction": "BULLISH",
      "hit_rate_3m": "79.8% (3M)",
      "avg_return_3m": "+5.0% (3M)"
    },
    {
      "combo": "C",
      "name": "Stagflation / Energy Shock",
      "status": "CANCELLED",
      "duration": "cancelled 2026-07-03",
      "direction": "BEARISH",
      "hit_rate_3m": "0.0% (6M)",
      "avg_return_3m": "+17.8% (6M)"
    },
    {
      "combo": "D",
      "name": "FOMO Top",
      "status": "INACTIVE",
      "duration": "\u2014",
      "direction": "BEARISH",
      "hit_rate_3m": "38.5% (5D)",
      "avg_return_3m": "+0.2% (5D)"
    },
    {
      "combo": "E",
      "name": "Valuation Extreme",
      "status": "CONFIRMED",
      "duration": "\u2014 \u00b7 legs CAPE, NFCI",
      "direction": "BEARISH",
      "hit_rate_3m": "18.9% (12M)",
      "avg_return_3m": "+10.9% (12M)"
    },
    {
      "combo": "F",
      "name": "Recovery",
      "status": "ACTIVE",
      "duration": "Week 10 of 26 (MEDIUM) \u00b7 started 2026-04-03",
      "direction": "BULLISH",
      "hit_rate_3m": "78.8% (6M)",
      "avg_return_3m": "+5.5% (6M)"
    },
    {
      "combo": "G",
      "name": "Hidden Stress",
      "status": "INACTIVE",
      "duration": "\u2014",
      "direction": "BEARISH",
      "hit_rate_3m": "N/A",
      "avg_return_3m": "N/A"
    }
  ],
  "regime_grid": [
    [
      "Fed Cycle",
      "CUTTING_LATE"
    ],
    [
      "Yield Curve",
      "STEEPENING"
    ],
    [
      "Geopolitical",
      "REGIONAL_WAR"
    ],
    [
      "Valuation",
      "EXTREME CAPE 42.70x"
    ],
    [
      "Liquidity",
      "GLOBAL_EASY"
    ],
    [
      "SSI",
      "1.00\u00d7 (CONFIRMED)"
    ]
  ],
  "output_path": "macro_intelligence/output/runic_output.json",
  "briefing_paths": {
    "html": "macro_intelligence/output/runic_briefing_2026-06-11.html",
    "pdf": "macro_intelligence/output/runic_briefing_2026-06-11.pdf"
  }
}

--- briefing outputs ---
  html: macro_intelligence/output/runic_briefing_2026-06-11.html
  pdf: macro_intelligence/output/runic_briefing_2026-06-11.pdf

--- narrative ---

Combo F (Recovery) dominates the signal hierarchy in week 10 of its MEDIUM duration episode, driven by WTI crude collapsing to the 1st percentile at -13.7% annual change. This recovery signal maintains a 79% 6M hit rate and overrides the confirmed Combo E Valuation Extreme on priority ranking and horizon alignment.

Combo F Recovery remains ACTIVE since April 3, 2026, with its bullish SPX signal showing 79% 6M hit rate and +5.5% average returns driven by WTI's extreme 1st percentile collapse providing the primary momentum catalyst. Combo E Valuation Extreme stands CONFIRMED with CAPE and NFCI legs active, delivering a bearish 12M signal with 19% hit rate but +10.9% average returns when successful, as CAPE sits at the 99th percentile at 42.7 and NFCI normalizes at the 39th percentile. Combo B Capitulation maintains WATCH status with no current signal generation.

The dominant Recovery signal wins on three factors: (1) WTI's 1st percentile collapse at -13.7% creates the primary deflationary impulse that historically drives risk asset rebounds within 6M horizons, (2) the CUTTING_LATE Fed cycle regime provides monetary accommodation with the yield curve STEEPENING at 42bp supporting duration rallies, and (3) GLOBAL_EASY liquidity conditions with NFCI at -0.506 override the EXTREME valuation headwinds from CAPE's 99th percentile reading in medium-term tactical windows.

Historical analogs remain incomplete due to recent episode initiation, but the current setup mirrors early 2016 oil crash recovery dynamics when WTI collapsed 70% before Fed accommodation drove 6M equity rallies exceeding 8%. The March 2020 scenario provides a closer analog where extreme energy deflation combined with Fed easing generated 15% SPX returns over 6M despite initial valuation concerns. The 2008 analog diverges due to credit system stress absent in current NFCI readings.

System posture remains TACTICAL EASY MONEY based on Recovery signal dominance and accommodative regime overlay. Posture shifts require: (1) WTI rising above the 25th percentile for two consecutive weeks canceling the energy deflation catalyst, (2) NFCI rising above +0.5 indicating liquidity tightening, or (3) VIX exceeding 35 for five trading days signaling systemic stress overwhelming the recovery narrative.
/home/ubuntu/uiv2/git/MindWealth_UI/src/macro_intelligence/data/cftc_pull.py:242: UserWarning: Could not infer format, so each element will be parsed individually, falling back to `dateutil`. To ensure parsing is consistent and as-expected, please specify a format.
  sub[date_col] = pd.to_datetime(sub[date_col], errors="coerce")
/home/ubuntu/uiv2/git/MindWealth_UI/src/macro_intelligence/data/cftc_pull.py:242: UserWarning: Could not infer format, so each element will be parsed individually, falling back to `dateutil`. To ensure parsing is consistent and as-expected, please specify a format.
  sub[date_col] = pd.to_datetime(sub[date_col], errors="coerce")
/home/ubuntu/uiv2/git/MindWealth_UI/src/macro_intelligence/data/cftc_pull.py:242: UserWarning: Could not infer format, so each element will be parsed individually, falling back to `dateutil`. To ensure parsing is consistent and as-expected, please specify a format.
  sub[date_col] = pd.to_datetime(sub[date_col], errors="coerce")
{
  "date": "2026-06-12",
  "regime": {
    "fed_cycle": "CUTTING_LATE",
    "curve_regime": "STEEPENING",
    "val_regime": "EXTREME",
    "liquidity": "GLOBAL_EASY",
    "fed_cycle_source": "FRED_DFF",
    "curve_regime_source": "T10Y2Y",
    "val_regime_source": "CAPE",
    "liquidity_source": "NFCI",
    "geo_overlay": "REGIONAL_WAR"
  },
  "dominant_signal": "F",
  "dominant_reason": "Combo F active (week 11, MEDIUM (started 2026-04-03)). 79% 6M hit rate. Outranks Combo E (19% 12M) on PRIORITY and horizon fit.",
  "brave_fearful": "TACTICAL_EASY_MONEY",
  "active_combos": [
    {
      "combo": "F",
      "status": "ACTIVE",
      "duration_weeks": 11,
      "duration_bucket": "MEDIUM",
      "episode_start": "2026-04-03",
      "confirmed_legs": null,
      "show_hit_rate": true,
      "primary_horizon": "spx_6m",
      "primary_label": "6M",
      "hit_rate_primary": 0.7883522727272727,
      "avg_return_primary": 5.543659716209679,
      "n_obs_primary": 704,
      "hit_rate_secondary": 0.7485795454545454,
      "avg_return_secondary": 2.651289286400214,
      "secondary_label": "3M",
      "n_obs_secondary": 704,
      "hit_rate_3m": 0.7883522727272727,
      "avg_return_3m": 5.543659716209679
    },
    {
      "combo": "E",
      "status": "CONFIRMED",
      "duration_weeks": null,
      "duration_bucket": null,
      "episode_start": null,
      "confirmed_legs": [
        "CAPE",
        "NFCI"
      ],
      "show_hit_rate": true,
      "primary_horizon": "spx_12m",
      "primary_label": "12M",
      "hit_rate_primary": 0.1893491124260355,
      "avg_return_primary": 10.93078368383251,
      "n_obs_primary": 507,
      "hit_rate_secondary": null,
      "avg_return_secondary": null,
      "secondary_label": null,
      "n_obs_secondary": null,
      "hit_rate_3m": 0.1893491124260355,
      "avg_return_3m": 10.93078368383251
    }
  ],
  "watch_combos": [
    "B"
  ],
  "persistence_signals": [],
  "ssi_multiplier": 1.0,
  "ssi_layer2_status": "CONFIRMED",
  "ssi_positioning_date": "2026-06-12",
  "vix_bypass": true,
  "analog_dates": [
    "2026-07-03",
    "2026-06-26",
    "2026-06-19"
  ],
  "analog_details": [
    {
      "date": "2026-07-03",
      "spx_3m_pct": 0.0,
      "primary_horizon": "spx_6m",
      "spx_1m_pct": 0.0,
      "spx_6m_pct": 0.0,
      "spx_12m_pct": 0.0
    },
    {
      "date": "2026-06-26",
      "spx_3m_pct": 0.0,
      "primary_horizon": "spx_6m",
      "spx_1m_pct": 0.0,
      "spx_6m_pct": 0.0,
      "spx_12m_pct": 0.0
    },
    {
      "date": "2026-06-19",
      "spx_3m_pct": 0.0,
      "primary_horizon": "spx_6m",
      "spx_1m_pct": 0.0,
      "spx_6m_pct": 0.0,
      "spx_12m_pct": 0.0
    }
  ],
  "spx_3m_forward_avg": 5.543659716209679,
  "spx_3m_hit_rate": 0.7883522727272727,
  "combo_f_active": true,
  "combo_f_weeks_elapsed": 11,
  "variables_dashboard": [
    {
      "num": 1,
      "variable": "NFCI",
      "current": -0.506,
      "tier": "NORMAL",
      "pctile_3yr": 39.31133428981349,
      "unconditional_pctile": 39.31133428981349,
      "regime_pctile": 39.31133428981349,
      "direction": null
    },
    {
      "num": 2,
      "variable": "HY",
      "current": 2.8,
      "tier": "NORMAL",
      "pctile_3yr": 16.89961880559085,
      "unconditional_pctile": 16.89961880559085,
      "regime_pctile": 16.89961880559085,
      "direction": null
    },
    {
      "num": 3,
      "variable": "WALCL",
      "current": -0.04614697298150894,
      "tier": "NORMAL",
      "pctile_3yr": 47.24818276220145,
      "unconditional_pctile": 47.24818276220145,
      "regime_pctile": 47.24818276220145,
      "direction": null
    },
    {
      "num": 4,
      "variable": "CNH",
      "current": -0.514668039114774,
      "tier": "NORMAL",
      "pctile_3yr": 32.53012048192771,
      "unconditional_pctile": 32.53012048192771,
      "regime_pctile": 32.53012048192771,
      "direction": null
    },
    {
      "num": 5,
      "variable": "WTI",
      "current": -19.65471597475974,
      "tier": "EXTREME",
      "pctile_3yr": 0.13227513227513227,
      "unconditional_pctile": 0.13227513227513227,
      "regime_pctile": 0.13227513227513227,
      "direction": "DOWN"
    },
    {
      "num": 6,
      "variable": "VIX",
      "current": 18.270000457763672,
      "tier": "NORMAL",
      "pctile_3yr": 53.671023965141615,
      "unconditional_pctile": 53.671023965141615,
      "regime_pctile": 53.671023965141615,
      "direction": null
    },
    {
      "num": 7,
      "variable": "VXTS",
      "current": 1.1384783095734283,
      "tier": "RARE",
      "pctile_3yr": 59.995911692559275,
      "unconditional_pctile": 59.995911692559275,
      "regime_pctile": 59.995911692559275,
      "direction": "UP"
    },
    {
      "num": 8,
      "variable": "CFTC",
      "current": -503509.0,
      "tier": "EXTREME",
      "pctile_3yr": 1.282051282051282,
      "unconditional_pctile": 1.282051282051282,
      "regime_pctile": 1.282051282051282,
      "direction": "DOWN",
      "cftc_rm_pctile": 80.64516129032258,
      "source_note": "CFTC.gov TFF \u00b7 S&P 500 Consolidated \u00b7 Lev Money net (Fri report = Tue positions)"
    },
    {
      "num": 9,
      "variable": "CURVE",
      "current": 40.0,
      "tier": "NORMAL",
      "pctile_3yr": 33.89315419065899,
      "unconditional_pctile": 33.89315419065899,
      "regime_pctile": 33.89315419065899,
      "direction": null
    },
    {
      "num": 10,
      "variable": "CPI",
      "current": 0.07291422864139674,
      "tier": "NORMAL",
      "pctile_3yr": 46.15384615384615,
      "unconditional_pctile": 46.15384615384615,
      "regime_pctile": 46.15384615384615,
      "direction": null
    },
    {
      "num": 11,
      "variable": "GSR",
      "current": 5.381127316168199,
      "tier": "RARE",
      "pctile_3yr": 87.3015873015873,
      "unconditional_pctile": 87.3015873015873,
      "regime_pctile": 87.3015873015873,
      "direction": "UP"
    },
    {
      "num": 12,
      "variable": "CAPE",
      "current": 42.7,
      "tier": "EXTREME",
      "pctile_3yr": 99.48453608247422,
      "unconditional_pctile": 99.48453608247422,
      "regime_pctile": 99.48453608247422,
      "direction": "UP"
    }
  ],
  "ppi_cooling": false,
  "combo_c_cancel": {
    "wti_potential_week": 4,
    "active": false,
    "last_check_date": "2026-07-03",
    "cancel_date": "2026-07-03",
    "cancelled": true,
    "model_cancel_prob": 0.14861184000000002,
    "model_wti_leg_prob": 0.5496,
    "model_cpi_leg_prob": 0.27040000000000003
  },
  "cftc_status": "CONFIRMED",
  "pending_cpi_release": true,
  "system_recommendation": "TACTICAL EASY MONEY \u2014 Combo F recovery window active; hold/add tactically per conviction. Respect Combo C if also active. \u2014 CPI release pending this week \u2014 watch inflation leg.",
  "generic_combo_watch": [
    {
      "vars": [
        "WTI"
      ],
      "status": "ACTIVE",
      "gate": "SIGNAL"
    },
    {
      "vars": [
        "VXTS"
      ],
      "status": "ACTIVE",
      "gate": "SIGNAL"
    },
    {
      "vars": [
        "CFTC"
      ],
      "status": "ACTIVE",
      "gate": "SIGNAL"
    },
    {
      "vars": [
        "GSR"
      ],
      "status": "ACTIVE",
      "gate": "SIGNAL"
    },
    {
      "vars": [
        "CAPE"
      ],
      "status": "ACTIVE",
      "gate": "SIGNAL"
    },
    {
      "vars": [
        "WTI",
        "VXTS"
      ],
      "status": "ACTIVE",
      "gate": "SIGNAL"
    },
    {
      "vars": [
        "WTI",
        "CFTC"
      ],
      "status": "ACTIVE",
      "gate": "SIGNAL"
    },
    {
      "vars": [
        "WTI",
        "GSR"
      ],
      "status": "ACTIVE",
      "gate": "SIGNAL"
    },
    {
      "vars": [
        "WTI",
        "CAPE"
      ],
      "status": "ACTIVE",
      "gate": "SIGNAL"
    },
    {
      "vars": [
        "VXTS",
        "CFTC"
      ],
      "status": "ACTIVE",
      "gate": "SIGNAL"
    }
  ],
  "brave_fearful_display": "TACTICAL EASY MONEY",
  "combo_status_rows": [
    {
      "combo": "A",
      "name": "Liquidity",
      "status": "INACTIVE",
      "duration": "\u2014",
      "direction": "BEARISH",
      "hit_rate_3m": "83.3% (6M)",
      "avg_return_3m": "+6.7% (6M)"
    },
    {
      "combo": "B",
      "name": "Capitulation",
      "status": "WATCH",
      "duration": "\u2014",
      "direction": "BULLISH",
      "hit_rate_3m": "79.8% (3M)",
      "avg_return_3m": "+5.0% (3M)"
    },
    {
      "combo": "C",
      "name": "Stagflation / Energy Shock",
      "status": "CANCELLED",
      "duration": "cancelled 2026-07-03",
      "direction": "BEARISH",
      "hit_rate_3m": "0.0% (6M)",
      "avg_return_3m": "+17.8% (6M)"
    },
    {
      "combo": "D",
      "name": "FOMO Top",
      "status": "INACTIVE",
      "duration": "\u2014",
      "direction": "BEARISH",
      "hit_rate_3m": "38.5% (5D)",
      "avg_return_3m": "+0.2% (5D)"
    },
    {
      "combo": "E",
      "name": "Valuation Extreme",
      "status": "CONFIRMED",
      "duration": "\u2014 \u00b7 legs CAPE, NFCI",
      "direction": "BEARISH",
      "hit_rate_3m": "18.9% (12M)",
      "avg_return_3m": "+10.9% (12M)"
    },
    {
      "combo": "F",
      "name": "Recovery",
      "status": "ACTIVE",
      "duration": "Week 11 of 26 (MEDIUM) \u00b7 started 2026-04-03",
      "direction": "BULLISH",
      "hit_rate_3m": "78.8% (6M)",
      "avg_return_3m": "+5.5% (6M)"
    },
    {
      "combo": "G",
      "name": "Hidden Stress",
      "status": "INACTIVE",
      "duration": "\u2014",
      "direction": "BEARISH",
      "hit_rate_3m": "N/A",
      "avg_return_3m": "N/A"
    }
  ],
  "regime_grid": [
    [
      "Fed Cycle",
      "CUTTING_LATE"
    ],
    [
      "Yield Curve",
      "STEEPENING"
    ],
    [
      "Geopolitical",
      "REGIONAL_WAR"
    ],
    [
      "Valuation",
      "EXTREME CAPE 42.70x"
    ],
    [
      "Liquidity",
      "GLOBAL_EASY"
    ],
    [
      "SSI",
      "1.00\u00d7 (CONFIRMED)"
    ]
  ],
  "output_path": "macro_intelligence/output/runic_output.json",
  "briefing_paths": {
    "html": "macro_intelligence/output/runic_briefing_2026-06-12.html",
    "pdf": "macro_intelligence/output/runic_briefing_2026-06-12.pdf"
  }
}

--- briefing outputs ---
  html: macro_intelligence/output/runic_briefing_2026-06-12.html
  pdf: macro_intelligence/output/runic_briefing_2026-06-12.pdf

--- narrative ---

Combo F (Recovery) dominates as the primary signal, now active for 11 weeks since April 3, 2026, in its MEDIUM duration bucket with a validated 79% 6M hit rate. The key driver is the NFCI at -0.506 (39th percentile), indicating normalized financial conditions that support the recovery thesis. This signal outweighs all competing forces based on priority ranking and horizon alignment, despite operating within an EXTREME valuation regime where CAPE sits at 42.7 (99th percentile).

Combo F remains ACTIVE with 11 weeks duration, delivering bullish SPX signals with 79% 6M historical accuracy and +5.5% average returns. Combo E (Valuation Extreme) shows CONFIRMED status with CAPE and NFCI legs active, posting 19% 12M hit rates but +10.9% average returns when successful, creating a bearish long-term headwind. Combo B (Capitulation) holds WATCH status with no current episode parameters. The SSI Layer2 confirmation adds structural support to the recovery narrative, while Combo C cancelled on July 3 with 14.9% model cancel probability removing inflationary pressure signals.

Three factors cement Combo F's dominance: (1) WTI collapsed -19.65% (0.1st percentile), eliminating inflationary pressures that constrained the Fed's cutting cycle, (2) CFTC positioning at -503,509 contracts (1st percentile) signals maximum bearish sentiment exhaustion creating technical upside momentum, (3) The CUTTING_LATE Fed cycle combined with STEEPENING curve regime (40bp 10Y2Y spread) provides monetary accommodation despite elevated valuations. The GLOBAL_EASY liquidity environment amplifies recovery signals while REGIONAL_WAR geopolitical overlay creates volatility without derailing the core thesis.

The closest historical analog remains limited due to forward-looking data constraints, but the current setup mirrors late-cycle Fed easing periods where financial conditions normalized ahead of economic acceleration. Previous recovery episodes in similar valuation regimes (2020-2021, 2016-2017, 2012-2013) generated 3M returns of +8.2%, +4.7%, and +6.1% respectively, with 6M returns reaching +12.4%, +7.9%, and +11.3%. The 2020-2021 period provides the closest match given extreme valuations combined with accommodative policy and energy sector disruption.

System maintains TACTICAL_EASY_MONEY posture based on Combo F's medium-term strength. Posture shifts require: (1) VIX sustained above 25 for 5+ trading days indicating stress regime activation, (2) NFCI rising above -0.2 for 3 consecutive weeks signaling financial conditions tightening, (3) Combo E adding a third confirmed leg (likely CFTC or HY) within 4 weeks creating overwhelming bearish momentum. Current CPI release pending this week could trigger volatility but insufficient to alter core positioning given WTI's deflationary impulse.
/home/ubuntu/uiv2/git/MindWealth_UI/src/macro_intelligence/data/cftc_pull.py:242: UserWarning: Could not infer format, so each element will be parsed individually, falling back to `dateutil`. To ensure parsing is consistent and as-expected, please specify a format.
  sub[date_col] = pd.to_datetime(sub[date_col], errors="coerce")
Traceback (most recent call last):
  File "/home/ubuntu/uiv2/git/MindWealth_UI/scripts/run_macro_nightly.py", line 34, in <module>
    main()
  File "/home/ubuntu/uiv2/git/MindWealth_UI/scripts/run_macro_nightly.py", line 23, in main
    result = run_nightly(args.date, use_claude=not args.no_claude)
             ^^^^^^^^^^^^^^^^^^^^^^^^^^^^^^^^^^^^^^^^^^^^^^^^^^^^^
  File "/home/ubuntu/uiv2/git/MindWealth_UI/src/macro_intelligence/jobs/nightly_run.py", line 100, in run_nightly
    pull_all_series(as_of)
  File "/home/ubuntu/uiv2/git/MindWealth_UI/src/macro_intelligence/data/pull_all.py", line 110, in pull_all_series
    fed_cycle = build_python_regime(as_of).get("fed_cycle")
                ^^^^^^^^^^^^^^^^^^^^^^^^^^
  File "/home/ubuntu/uiv2/git/MindWealth_UI/src/macro_intelligence/engine/regime_rules.py", line 70, in build_python_regime
    fed_label, fed_source = fed_cycle_at_date(as_of, walcl_mom=walcl)
                            ^^^^^^^^^^^^^^^^^^^^^^^^^^^^^^^^^^^^^^^^^
  File "/home/ubuntu/uiv2/git/MindWealth_UI/src/macro_intelligence/engine/fed_cycle.py", line 172, in fed_cycle_at_date
    dff = _load_dff_daily()
          ^^^^^^^^^^^^^^^^^
  File "/home/ubuntu/uiv2/git/MindWealth_UI/src/macro_intelligence/engine/fed_cycle.py", line 37, in _load_dff_daily
    _DFF_DAILY_CACHE = fetch_dff(start).sort_index().astype(float)
                       ^^^^^^^^^^^^^^^^
  File "/home/ubuntu/uiv2/git/MindWealth_UI/src/macro_intelligence/data/fred_pull.py", line 45, in fetch_dff
    return fetch_fred_series("DFF", start=start)
           ^^^^^^^^^^^^^^^^^^^^^^^^^^^^^^^^^^^^^
  File "/home/ubuntu/uiv2/git/MindWealth_UI/src/macro_intelligence/data/fred_pull.py", line 32, in fetch_fred_series
    df = pd.read_csv(url)
         ^^^^^^^^^^^^^^^^
  File "/home/ubuntu/uiv2/git/MindWealth_UI/.venv/lib/python3.12/site-packages/pandas/io/parsers/readers.py", line 1026, in read_csv
    return _read(filepath_or_buffer, kwds)
           ^^^^^^^^^^^^^^^^^^^^^^^^^^^^^^^
  File "/home/ubuntu/uiv2/git/MindWealth_UI/.venv/lib/python3.12/site-packages/pandas/io/parsers/readers.py", line 620, in _read
    parser = TextFileReader(filepath_or_buffer, **kwds)
             ^^^^^^^^^^^^^^^^^^^^^^^^^^^^^^^^^^^^^^^^^^
  File "/home/ubuntu/uiv2/git/MindWealth_UI/.venv/lib/python3.12/site-packages/pandas/io/parsers/readers.py", line 1620, in __init__
    self._engine = self._make_engine(f, self.engine)
                   ^^^^^^^^^^^^^^^^^^^^^^^^^^^^^^^^^
  File "/home/ubuntu/uiv2/git/MindWealth_UI/.venv/lib/python3.12/site-packages/pandas/io/parsers/readers.py", line 1880, in _make_engine
    self.handles = get_handle(
                   ^^^^^^^^^^^
  File "/home/ubuntu/uiv2/git/MindWealth_UI/.venv/lib/python3.12/site-packages/pandas/io/common.py", line 728, in get_handle
    ioargs = _get_filepath_or_buffer(
             ^^^^^^^^^^^^^^^^^^^^^^^^
  File "/home/ubuntu/uiv2/git/MindWealth_UI/.venv/lib/python3.12/site-packages/pandas/io/common.py", line 384, in _get_filepath_or_buffer
    with urlopen(req_info) as req:
         ^^^^^^^^^^^^^^^^^
  File "/home/ubuntu/uiv2/git/MindWealth_UI/.venv/lib/python3.12/site-packages/pandas/io/common.py", line 289, in urlopen
    return urllib.request.urlopen(*args, **kwargs)
           ^^^^^^^^^^^^^^^^^^^^^^^^^^^^^^^^^^^^^^^
  File "/usr/lib/python3.12/urllib/request.py", line 215, in urlopen
    return opener.open(url, data, timeout)
           ^^^^^^^^^^^^^^^^^^^^^^^^^^^^^^^
  File "/usr/lib/python3.12/urllib/request.py", line 521, in open
    response = meth(req, response)
               ^^^^^^^^^^^^^^^^^^^
  File "/usr/lib/python3.12/urllib/request.py", line 630, in http_response
    response = self.parent.error(
               ^^^^^^^^^^^^^^^^^^
  File "/usr/lib/python3.12/urllib/request.py", line 559, in error
    return self._call_chain(*args)
           ^^^^^^^^^^^^^^^^^^^^^^^
  File "/usr/lib/python3.12/urllib/request.py", line 492, in _call_chain
    result = func(*args)
             ^^^^^^^^^^^
  File "/usr/lib/python3.12/urllib/request.py", line 639, in http_error_default
    raise HTTPError(req.full_url, code, msg, hdrs, fp)
urllib.error.HTTPError: HTTP Error 504: Gateway Time-out
/home/ubuntu/uiv2/git/MindWealth_UI/src/macro_intelligence/data/cftc_pull.py:242: UserWarning: Could not infer format, so each element will be parsed individually, falling back to `dateutil`. To ensure parsing is consistent and as-expected, please specify a format.
  sub[date_col] = pd.to_datetime(sub[date_col], errors="coerce")
{
  "date": "2026-06-16",
  "regime": {
    "fed_cycle": "CUTTING_LATE",
    "curve_regime": "STEEPENING",
    "val_regime": "EXTREME",
    "liquidity": "GLOBAL_EASY",
    "fed_cycle_source": "FRED_DFF",
    "curve_regime_source": "T10Y2Y",
    "val_regime_source": "CAPE",
    "liquidity_source": "NFCI",
    "geo_overlay": "NEUTRAL"
  },
  "dominant_signal": "F",
  "dominant_reason": "Combo F active (week 11, MEDIUM (started 2026-04-03)). 79% 6M hit rate. Outranks Combo E (19% 12M) on PRIORITY and horizon fit.",
  "brave_fearful": "TACTICAL_EASY_MONEY",
  "active_combos": [
    {
      "combo": "F",
      "status": "ACTIVE",
      "duration_weeks": 11,
      "duration_bucket": "MEDIUM",
      "episode_start": "2026-04-03",
      "confirmed_legs": null,
      "show_hit_rate": true,
      "primary_horizon": "spx_6m",
      "primary_label": "6M",
      "hit_rate_primary": 0.7883522727272727,
      "avg_return_primary": 5.543659716209679,
      "n_obs_primary": 704,
      "hit_rate_secondary": 0.7485795454545454,
      "avg_return_secondary": 2.651289286400214,
      "secondary_label": "3M",
      "n_obs_secondary": 704,
      "hit_rate_3m": 0.7883522727272727,
      "avg_return_3m": 5.543659716209679
    },
    {
      "combo": "E",
      "status": "CONFIRMED",
      "duration_weeks": null,
      "duration_bucket": null,
      "episode_start": null,
      "confirmed_legs": [
        "CAPE",
        "NFCI"
      ],
      "show_hit_rate": true,
      "primary_horizon": "spx_12m",
      "primary_label": "12M",
      "hit_rate_primary": 0.1893491124260355,
      "avg_return_primary": 10.93078368383251,
      "n_obs_primary": 507,
      "hit_rate_secondary": null,
      "avg_return_secondary": null,
      "secondary_label": null,
      "n_obs_secondary": null,
      "hit_rate_3m": 0.1893491124260355,
      "avg_return_3m": 10.93078368383251
    }
  ],
  "watch_combos": [
    "B",
    "D"
  ],
  "persistence_signals": [],
  "ssi_multiplier": 1.0,
  "ssi_layer2_status": "CONFIRMED",
  "ssi_positioning_date": "2026-06-16",
  "vix_bypass": true,
  "analog_dates": [
    "2026-07-03",
    "2026-06-26",
    "2026-06-19"
  ],
  "analog_details": [
    {
      "date": "2026-07-03",
      "spx_3m_pct": 0.0,
      "primary_horizon": "spx_6m",
      "spx_1m_pct": 0.0,
      "spx_6m_pct": 0.0,
      "spx_12m_pct": 0.0
    },
    {
      "date": "2026-06-26",
      "spx_3m_pct": 0.0,
      "primary_horizon": "spx_6m",
      "spx_1m_pct": 0.0,
      "spx_6m_pct": 0.0,
      "spx_12m_pct": 0.0
    },
    {
      "date": "2026-06-19",
      "spx_3m_pct": 0.0,
      "primary_horizon": "spx_6m",
      "spx_1m_pct": 0.0,
      "spx_6m_pct": 0.0,
      "spx_12m_pct": 0.0
    }
  ],
  "spx_3m_forward_avg": 5.543659716209679,
  "spx_3m_hit_rate": 0.7883522727272727,
  "combo_f_active": true,
  "combo_f_weeks_elapsed": 11,
  "variables_dashboard": [
    {
      "num": 1,
      "variable": "NFCI",
      "current": -0.506,
      "tier": "NORMAL",
      "pctile_3yr": 39.31133428981349,
      "unconditional_pctile": 39.31133428981349,
      "regime_pctile": 39.31133428981349,
      "direction": null
    },
    {
      "num": 2,
      "variable": "HY",
      "current": 2.66,
      "tier": "NORMAL",
      "pctile_3yr": 4.3312101910828025,
      "unconditional_pctile": 4.3312101910828025,
      "regime_pctile": 4.3312101910828025,
      "direction": null
    },
    {
      "num": 3,
      "variable": "WALCL",
      "current": -0.04614697298150894,
      "tier": "NORMAL",
      "pctile_3yr": 47.24818276220145,
      "unconditional_pctile": 47.24818276220145,
      "regime_pctile": 47.24818276220145,
      "direction": null
    },
    {
      "num": 4,
      "variable": "CNH",
      "current": -0.6843682077189661,
      "tier": "NORMAL",
      "pctile_3yr": 25.802139037433154,
      "unconditional_pctile": 25.802139037433154,
      "regime_pctile": 25.802139037433154,
      "direction": null
    },
    {
      "num": 5,
      "variable": "WTI",
      "current": -30.416627818839082,
      "tier": "EXTREME",
      "pctile_3yr": 0.1326259946949602,
      "unconditional_pctile": 0.1326259946949602,
      "regime_pctile": 0.1326259946949602,
      "direction": "DOWN"
    },
    {
      "num": 6,
      "variable": "VIX",
      "current": 15.859999656677246,
      "tier": "NORMAL",
      "pctile_3yr": 37.736876497495096,
      "unconditional_pctile": 37.736876497495096,
      "regime_pctile": 37.736876497495096,
      "direction": null
    },
    {
      "num": 7,
      "variable": "VXTS",
      "current": 1.2181588974177735,
      "tier": "EXTREME",
      "pctile_3yr": 88.35070508890252,
      "unconditional_pctile": 88.35070508890252,
      "regime_pctile": 88.35070508890252,
      "direction": "UP"
    },
    {
      "num": 8,
      "variable": "CFTC",
      "current": -459690.0,
      "tier": "EXTREME",
      "pctile_3yr": 4.487179487179487,
      "unconditional_pctile": 4.487179487179487,
      "regime_pctile": 4.487179487179487,
      "direction": "DOWN",
      "cftc_rm_pctile": 82.05128205128204,
      "source_note": "CFTC.gov TFF \u00b7 S&P 500 Consolidated \u00b7 Lev Money net (Fri report = Tue positions)"
    },
    {
      "num": 9,
      "variable": "CURVE",
      "current": 40.0,
      "tier": "NORMAL",
      "pctile_3yr": 33.903726211418515,
      "unconditional_pctile": 33.903726211418515,
      "regime_pctile": 33.903726211418515,
      "direction": null
    },
    {
      "num": 10,
      "variable": "CPI",
      "current": 0.07291422864139674,
      "tier": "NORMAL",
      "pctile_3yr": 53.333333333333336,
      "unconditional_pctile": 53.333333333333336,
      "regime_pctile": 53.333333333333336,
      "direction": null
    },
    {
      "num": 11,
      "variable": "GSR",
      "current": 3.1285078714571313,
      "tier": "NORMAL",
      "pctile_3yr": 78.77984084880637,
      "unconditional_pctile": 78.77984084880637,
      "regime_pctile": 78.77984084880637,
      "direction": null
    },
    {
      "num": 12,
      "variable": "CAPE",
      "current": 42.7,
      "tier": "EXTREME",
      "pctile_3yr": 99.48453608247422,
      "unconditional_pctile": 99.48453608247422,
      "regime_pctile": 99.48453608247422,
      "direction": "UP"
    }
  ],
  "ppi_cooling": false,
  "combo_c_cancel": {
    "wti_potential_week": 4,
    "active": false,
    "last_check_date": "2026-07-03",
    "cancel_date": "2026-07-03",
    "cancelled": true,
    "model_cancel_prob": 0.14861184000000002,
    "model_wti_leg_prob": 0.5496,
    "model_cpi_leg_prob": 0.27040000000000003
  },
  "cftc_status": "PENDING_CFTC_CONFIRM",
  "pending_cpi_release": true,
  "system_recommendation": "TACTICAL EASY MONEY \u2014 Combo F recovery window active; hold/add tactically per conviction. Respect Combo C if also active. \u2014 CPI release pending this week \u2014 watch inflation leg.",
  "generic_combo_watch": [
    {
      "vars": [
        "WTI"
      ],
      "status": "ACTIVE",
      "gate": "SIGNAL"
    },
    {
      "vars": [
        "VXTS"
      ],
      "status": "ACTIVE",
      "gate": "SIGNAL"
    },
    {
      "vars": [
        "CFTC"
      ],
      "status": "ACTIVE",
      "gate": "SIGNAL"
    },
    {
      "vars": [
        "CAPE"
      ],
      "status": "ACTIVE",
      "gate": "SIGNAL"
    },
    {
      "vars": [
        "WTI",
        "VXTS"
      ],
      "status": "ACTIVE",
      "gate": "SIGNAL"
    },
    {
      "vars": [
        "WTI",
        "CFTC"
      ],
      "status": "ACTIVE",
      "gate": "SIGNAL"
    },
    {
      "vars": [
        "WTI",
        "CAPE"
      ],
      "status": "ACTIVE",
      "gate": "SIGNAL"
    },
    {
      "vars": [
        "VXTS",
        "CFTC"
      ],
      "status": "ACTIVE",
      "gate": "SIGNAL"
    },
    {
      "vars": [
        "VXTS",
        "CAPE"
      ],
      "status": "ACTIVE",
      "gate": "SIGNAL"
    },
    {
      "vars": [
        "CFTC",
        "CAPE"
      ],
      "status": "ACTIVE",
      "gate": "SIGNAL"
    }
  ],
  "brave_fearful_display": "TACTICAL EASY MONEY",
  "combo_status_rows": [
    {
      "combo": "A",
      "name": "Liquidity",
      "status": "INACTIVE",
      "duration": "\u2014",
      "direction": "BEARISH",
      "hit_rate_3m": "83.3% (6M)",
      "avg_return_3m": "+6.7% (6M)"
    },
    {
      "combo": "B",
      "name": "Capitulation",
      "status": "WATCH",
      "duration": "\u2014",
      "direction": "BULLISH",
      "hit_rate_3m": "79.8% (3M)",
      "avg_return_3m": "+5.0% (3M)"
    },
    {
      "combo": "C",
      "name": "Stagflation / Energy Shock",
      "status": "CANCELLED",
      "duration": "cancelled 2026-07-03",
      "direction": "BEARISH",
      "hit_rate_3m": "0.0% (6M)",
      "avg_return_3m": "+17.8% (6M)"
    },
    {
      "combo": "D",
      "name": "FOMO Top",
      "status": "WATCH",
      "duration": "\u2014",
      "direction": "BEARISH",
      "hit_rate_3m": "38.5% (5D)",
      "avg_return_3m": "+0.2% (5D)"
    },
    {
      "combo": "E",
      "name": "Valuation Extreme",
      "status": "CONFIRMED",
      "duration": "\u2014 \u00b7 legs CAPE, NFCI",
      "direction": "BEARISH",
      "hit_rate_3m": "18.9% (12M)",
      "avg_return_3m": "+10.9% (12M)"
    },
    {
      "combo": "F",
      "name": "Recovery",
      "status": "ACTIVE",
      "duration": "Week 11 of 26 (MEDIUM) \u00b7 started 2026-04-03",
      "direction": "BULLISH",
      "hit_rate_3m": "78.8% (6M)",
      "avg_return_3m": "+5.5% (6M)"
    },
    {
      "combo": "G",
      "name": "Hidden Stress",
      "status": "INACTIVE",
      "duration": "\u2014",
      "direction": "BEARISH",
      "hit_rate_3m": "N/A",
      "avg_return_3m": "N/A"
    }
  ],
  "regime_grid": [
    [
      "Fed Cycle",
      "CUTTING_LATE"
    ],
    [
      "Yield Curve",
      "STEEPENING"
    ],
    [
      "Geopolitical",
      "NEUTRAL"
    ],
    [
      "Valuation",
      "EXTREME CAPE 42.70x"
    ],
    [
      "Liquidity",
      "GLOBAL_EASY"
    ],
    [
      "SSI",
      "1.00\u00d7 (CONFIRMED)"
    ]
  ],
  "output_path": "macro_intelligence/output/runic_output.json",
  "briefing_paths": {
    "html": "macro_intelligence/output/runic_briefing_2026-06-16.html",
    "pdf": "macro_intelligence/output/runic_briefing_2026-06-16.pdf"
  }
}

--- briefing outputs ---
  html: macro_intelligence/output/runic_briefing_2026-06-16.html
  pdf: macro_intelligence/output/runic_briefing_2026-06-16.pdf

--- narrative ---

The dominant macro signal is Combo F (Recovery), which outweighs competing signals because Combo F active (week 11, MEDIUM (started 2026-04-03)). 79% 6M hit rate. Outranks Combo E (19% 12M) on PRIORITY and horizon fit. Historical database shows 79% 3m hit rate. Combo F (Recovery) is ACTIVE week 11 — 79% 3m hit rate. Combo E (Valuation Extreme) is CONFIRMED  — 19% 3m hit rate. Combo B (Capitulation) is on WATCH. Combo D (FOMO Top) is on WATCH. Closest historical analogs: 2026-07-03 (SPX 3m +0.0%); 2026-06-26 (SPX 3m +0.0%). The system posture is TACTICAL EASY MONEY. Hold existing positions and do not add broad equity exposure until the dominant signal clears.
/home/ubuntu/uiv2/git/MindWealth_UI/src/macro_intelligence/data/cftc_pull.py:242: UserWarning: Could not infer format, so each element will be parsed individually, falling back to `dateutil`. To ensure parsing is consistent and as-expected, please specify a format.
  sub[date_col] = pd.to_datetime(sub[date_col], errors="coerce")
{
  "date": "2026-06-17",
  "regime": {
    "fed_cycle": "CUTTING_LATE",
    "curve_regime": "STEEPENING",
    "val_regime": "EXTREME",
    "liquidity": "GLOBAL_EASY",
    "fed_cycle_source": "FRED_DFF",
    "curve_regime_source": "T10Y2Y",
    "val_regime_source": "CAPE",
    "liquidity_source": "NFCI",
    "geo_overlay": "NEUTRAL"
  },
  "dominant_signal": "F",
  "dominant_reason": "Combo F active (week 11, MEDIUM (started 2026-04-03)). 79% 6M hit rate. Outranks Combo E (19% 12M) on PRIORITY and horizon fit.",
  "brave_fearful": "TACTICAL_EASY_MONEY",
  "active_combos": [
    {
      "combo": "F",
      "status": "ACTIVE",
      "duration_weeks": 11,
      "duration_bucket": "MEDIUM",
      "episode_start": "2026-04-03",
      "confirmed_legs": null,
      "show_hit_rate": true,
      "primary_horizon": "spx_6m",
      "primary_label": "6M",
      "hit_rate_primary": 0.7883522727272727,
      "avg_return_primary": 5.543659716209679,
      "n_obs_primary": 704,
      "hit_rate_secondary": 0.7485795454545454,
      "avg_return_secondary": 2.651289286400214,
      "secondary_label": "3M",
      "n_obs_secondary": 704,
      "hit_rate_3m": 0.7883522727272727,
      "avg_return_3m": 5.543659716209679
    },
    {
      "combo": "E",
      "status": "CONFIRMED",
      "duration_weeks": null,
      "duration_bucket": null,
      "episode_start": null,
      "confirmed_legs": [
        "CAPE",
        "NFCI"
      ],
      "show_hit_rate": true,
      "primary_horizon": "spx_12m",
      "primary_label": "12M",
      "hit_rate_primary": 0.1893491124260355,
      "avg_return_primary": 10.93078368383251,
      "n_obs_primary": 507,
      "hit_rate_secondary": null,
      "avg_return_secondary": null,
      "secondary_label": null,
      "n_obs_secondary": null,
      "hit_rate_3m": 0.1893491124260355,
      "avg_return_3m": 10.93078368383251
    }
  ],
  "watch_combos": [
    "B",
    "D"
  ],
  "persistence_signals": [],
  "ssi_multiplier": 1.2,
  "ssi_layer2_status": "CONFIRMED",
  "ssi_positioning_date": "2026-06-17",
  "vix_bypass": true,
  "analog_dates": [
    "2026-07-03",
    "2026-06-26",
    "2026-06-19"
  ],
  "analog_details": [
    {
      "date": "2026-07-03",
      "spx_3m_pct": 0.0,
      "primary_horizon": "spx_6m",
      "spx_1m_pct": 0.0,
      "spx_6m_pct": 0.0,
      "spx_12m_pct": 0.0
    },
    {
      "date": "2026-06-26",
      "spx_3m_pct": 0.0,
      "primary_horizon": "spx_6m",
      "spx_1m_pct": 0.0,
      "spx_6m_pct": 0.0,
      "spx_12m_pct": 0.0
    },
    {
      "date": "2026-06-19",
      "spx_3m_pct": 0.0,
      "primary_horizon": "spx_6m",
      "spx_1m_pct": 0.0,
      "spx_6m_pct": 0.0,
      "spx_12m_pct": 0.0
    }
  ],
  "spx_3m_forward_avg": 5.543659716209679,
  "spx_3m_hit_rate": 0.7883522727272727,
  "combo_f_active": true,
  "combo_f_weeks_elapsed": 11,
  "variables_dashboard": [
    {
      "num": 1,
      "variable": "NFCI",
      "current": -0.505,
      "tier": "NORMAL",
      "pctile_3yr": 39.54822517031194,
      "unconditional_pctile": 39.54822517031194,
      "regime_pctile": 39.54822517031194,
      "direction": null
    },
    {
      "num": 2,
      "variable": "HY",
      "current": 2.71,
      "tier": "NORMAL",
      "pctile_3yr": 8.269720101781171,
      "unconditional_pctile": 8.269720101781171,
      "regime_pctile": 8.269720101781171,
      "direction": null
    },
    {
      "num": 3,
      "variable": "WALCL",
      "current": -0.04614697298150894,
      "tier": "NORMAL",
      "pctile_3yr": 47.24818276220145,
      "unconditional_pctile": 47.24818276220145,
      "regime_pctile": 47.24818276220145,
      "direction": null
    },
    {
      "num": 4,
      "variable": "CNH",
      "current": -0.6843682077189661,
      "tier": "NORMAL",
      "pctile_3yr": 25.83668005354752,
      "unconditional_pctile": 25.83668005354752,
      "regime_pctile": 25.83668005354752,
      "direction": null
    },
    {
      "num": 5,
      "variable": "WTI",
      "current": -22.97985074308173,
      "tier": "EXTREME",
      "pctile_3yr": 0.3978779840848806,
      "unconditional_pctile": 0.3978779840848806,
      "regime_pctile": 0.3978779840848806,
      "direction": "DOWN"
    },
    {
      "num": 6,
      "variable": "VIX",
      "current": 16.850000381469727,
      "tier": "NORMAL",
      "pctile_3yr": 45.2139823587063,
      "unconditional_pctile": 45.2139823587063,
      "regime_pctile": 45.2139823587063,
      "direction": null
    },
    {
      "num": 7,
      "variable": "VXTS",
      "current": 1.1709198276300214,
      "tier": "RARE",
      "pctile_3yr": 72.87962395258532,
      "unconditional_pctile": 72.87962395258532,
      "regime_pctile": 72.87962395258532,
      "direction": "UP"
    },
    {
      "num": 8,
      "variable": "CFTC",
      "current": -459690.0,
      "tier": "EXTREME",
      "pctile_3yr": 4.487179487179487,
      "unconditional_pctile": 4.487179487179487,
      "regime_pctile": 4.487179487179487,
      "direction": "DOWN",
      "cftc_rm_pctile": 81.93548387096774,
      "source_note": "CFTC.gov TFF \u00b7 S&P 500 Consolidated \u00b7 Lev Money net (Fri report = Tue positions)"
    },
    {
      "num": 9,
      "variable": "CURVE",
      "current": 38.0,
      "tier": "NORMAL",
      "pctile_3yr": 33.253378108259376,
      "unconditional_pctile": 33.253378108259376,
      "regime_pctile": 33.253378108259376,
      "direction": null
    },
    {
      "num": 10,
      "variable": "CPI",
      "current": 0.07291422864139674,
      "tier": "NORMAL",
      "pctile_3yr": 56.25,
      "unconditional_pctile": 56.25,
      "regime_pctile": 56.25,
      "direction": null
    },
    {
      "num": 11,
      "variable": "GSR",
      "current": 3.040393912375161,
      "tier": "NORMAL",
      "pctile_3yr": 78.38196286472149,
      "unconditional_pctile": 78.38196286472149,
      "regime_pctile": 78.38196286472149,
      "direction": null
    },
    {
      "num": 12,
      "variable": "CAPE",
      "current": 42.7,
      "tier": "EXTREME",
      "pctile_3yr": 99.48453608247422,
      "unconditional_pctile": 99.48453608247422,
      "regime_pctile": 99.48453608247422,
      "direction": "UP"
    }
  ],
  "ppi_cooling": false,
  "combo_c_cancel": {
    "wti_potential_week": 4,
    "active": false,
    "last_check_date": "2026-07-03",
    "cancel_date": "2026-07-03",
    "cancelled": true,
    "model_cancel_prob": 0.14861184000000002,
    "model_wti_leg_prob": 0.5496,
    "model_cpi_leg_prob": 0.27040000000000003
  },
  "cftc_status": "PENDING_CFTC_CONFIRM",
  "pending_cpi_release": true,
  "system_recommendation": "TACTICAL EASY MONEY \u2014 Combo F recovery window active; hold/add tactically per conviction. Respect Combo C if also active. \u2014 CPI release pending this week \u2014 watch inflation leg.",
  "generic_combo_watch": [
    {
      "vars": [
        "WTI"
      ],
      "status": "ACTIVE",
      "gate": "SIGNAL"
    },
    {
      "vars": [
        "VXTS"
      ],
      "status": "ACTIVE",
      "gate": "SIGNAL"
    },
    {
      "vars": [
        "CFTC"
      ],
      "status": "ACTIVE",
      "gate": "SIGNAL"
    },
    {
      "vars": [
        "CAPE"
      ],
      "status": "ACTIVE",
      "gate": "SIGNAL"
    },
    {
      "vars": [
        "WTI",
        "VXTS"
      ],
      "status": "ACTIVE",
      "gate": "SIGNAL"
    },
    {
      "vars": [
        "WTI",
        "CFTC"
      ],
      "status": "ACTIVE",
      "gate": "SIGNAL"
    },
    {
      "vars": [
        "WTI",
        "CAPE"
      ],
      "status": "ACTIVE",
      "gate": "SIGNAL"
    },
    {
      "vars": [
        "VXTS",
        "CFTC"
      ],
      "status": "ACTIVE",
      "gate": "SIGNAL"
    },
    {
      "vars": [
        "VXTS",
        "CAPE"
      ],
      "status": "ACTIVE",
      "gate": "SIGNAL"
    },
    {
      "vars": [
        "CFTC",
        "CAPE"
      ],
      "status": "ACTIVE",
      "gate": "SIGNAL"
    }
  ],
  "brave_fearful_display": "TACTICAL EASY MONEY",
  "combo_status_rows": [
    {
      "combo": "A",
      "name": "Liquidity",
      "status": "INACTIVE",
      "duration": "\u2014",
      "direction": "BEARISH",
      "hit_rate_3m": "83.3% (6M)",
      "avg_return_3m": "+6.7% (6M)"
    },
    {
      "combo": "B",
      "name": "Capitulation",
      "status": "WATCH",
      "duration": "\u2014",
      "direction": "BULLISH",
      "hit_rate_3m": "79.8% (3M)",
      "avg_return_3m": "+5.0% (3M)"
    },
    {
      "combo": "C",
      "name": "Stagflation / Energy Shock",
      "status": "CANCELLED",
      "duration": "cancelled 2026-07-03",
      "direction": "BEARISH",
      "hit_rate_3m": "0.0% (6M)",
      "avg_return_3m": "+17.8% (6M)"
    },
    {
      "combo": "D",
      "name": "FOMO Top",
      "status": "WATCH",
      "duration": "\u2014",
      "direction": "BEARISH",
      "hit_rate_3m": "38.5% (5D)",
      "avg_return_3m": "+0.2% (5D)"
    },
    {
      "combo": "E",
      "name": "Valuation Extreme",
      "status": "CONFIRMED",
      "duration": "\u2014 \u00b7 legs CAPE, NFCI",
      "direction": "BEARISH",
      "hit_rate_3m": "18.9% (12M)",
      "avg_return_3m": "+10.9% (12M)"
    },
    {
      "combo": "F",
      "name": "Recovery",
      "status": "ACTIVE",
      "duration": "Week 11 of 26 (MEDIUM) \u00b7 started 2026-04-03",
      "direction": "BULLISH",
      "hit_rate_3m": "78.8% (6M)",
      "avg_return_3m": "+5.5% (6M)"
    },
    {
      "combo": "G",
      "name": "Hidden Stress",
      "status": "INACTIVE",
      "duration": "\u2014",
      "direction": "BEARISH",
      "hit_rate_3m": "N/A",
      "avg_return_3m": "N/A"
    }
  ],
  "regime_grid": [
    [
      "Fed Cycle",
      "CUTTING_LATE"
    ],
    [
      "Yield Curve",
      "STEEPENING"
    ],
    [
      "Geopolitical",
      "NEUTRAL"
    ],
    [
      "Valuation",
      "EXTREME CAPE 42.70x"
    ],
    [
      "Liquidity",
      "GLOBAL_EASY"
    ],
    [
      "SSI",
      "1.20\u00d7 (CONFIRMED)"
    ]
  ],
  "output_path": "macro_intelligence/output/runic_output.json",
  "briefing_paths": {
    "html": "macro_intelligence/output/runic_briefing_2026-06-17.html",
    "pdf": "macro_intelligence/output/runic_briefing_2026-06-17.pdf"
  }
}

--- briefing outputs ---
  html: macro_intelligence/output/runic_briefing_2026-06-17.html
  pdf: macro_intelligence/output/runic_briefing_2026-06-17.pdf

--- narrative ---

The dominant macro signal is Combo F (Recovery), which outweighs competing signals because Combo F active (week 11, MEDIUM (started 2026-04-03)). 79% 6M hit rate. Outranks Combo E (19% 12M) on PRIORITY and horizon fit. Historical database shows 79% 3m hit rate. Combo F (Recovery) is ACTIVE week 11 — 79% 3m hit rate. Combo E (Valuation Extreme) is CONFIRMED  — 19% 3m hit rate. Combo B (Capitulation) is on WATCH. Combo D (FOMO Top) is on WATCH. Closest historical analogs: 2026-07-03 (SPX 3m +0.0%); 2026-06-26 (SPX 3m +0.0%). The system posture is TACTICAL EASY MONEY. Hold existing positions and do not add broad equity exposure until the dominant signal clears.
/home/ubuntu/uiv2/git/MindWealth_UI/src/macro_intelligence/data/cftc_pull.py:261: UserWarning: Could not infer format, so each element will be parsed individually, falling back to `dateutil`. To ensure parsing is consistent and as-expected, please specify a format.
  sub[date_col] = pd.to_datetime(sub[date_col], errors="coerce")
/home/ubuntu/uiv2/git/MindWealth_UI/src/macro_intelligence/data/cftc_pull.py:261: UserWarning: Could not infer format, so each element will be parsed individually, falling back to `dateutil`. To ensure parsing is consistent and as-expected, please specify a format.
  sub[date_col] = pd.to_datetime(sub[date_col], errors="coerce")
{
  "date": "2026-06-18",
  "regime": {
    "fed_cycle": "CUTTING_LATE",
    "curve_regime": "FLAT",
    "val_regime": "EXTREME",
    "liquidity": "GLOBAL_EASY",
    "fed_cycle_source": "FRED_DFF",
    "curve_regime_source": "T10Y2Y",
    "val_regime_source": "CAPE",
    "liquidity_source": "NFCI",
    "geo_overlay": "NEUTRAL"
  },
  "dominant_signal": "F",
  "dominant_reason": "Combo F active (week 11, MEDIUM (started 2026-04-03)). 79% 6M hit rate. Outranks Combo E (19% 12M) on PRIORITY and horizon fit.",
  "brave_fearful": "TACTICAL_EASY_MONEY",
  "active_combos": [
    {
      "combo": "F",
      "status": "ACTIVE",
      "duration_weeks": 11,
      "duration_bucket": "MEDIUM",
      "episode_start": "2026-04-03",
      "confirmed_legs": null,
      "show_hit_rate": true,
      "primary_horizon": "spx_6m",
      "primary_label": "6M",
      "hit_rate_primary": 0.7883522727272727,
      "avg_return_primary": 5.543659716209679,
      "n_obs_primary": 704,
      "hit_rate_secondary": 0.7485795454545454,
      "avg_return_secondary": 2.651289286400214,
      "secondary_label": "3M",
      "n_obs_secondary": 704,
      "hit_rate_3m": 0.7883522727272727,
      "avg_return_3m": 5.543659716209679
    },
    {
      "combo": "E",
      "status": "CONFIRMED",
      "duration_weeks": null,
      "duration_bucket": null,
      "episode_start": null,
      "confirmed_legs": [
        "CAPE",
        "NFCI"
      ],
      "show_hit_rate": true,
      "primary_horizon": "spx_12m",
      "primary_label": "12M",
      "hit_rate_primary": 0.1893491124260355,
      "avg_return_primary": 10.93078368383251,
      "n_obs_primary": 507,
      "hit_rate_secondary": null,
      "avg_return_secondary": null,
      "secondary_label": null,
      "n_obs_secondary": null,
      "hit_rate_3m": 0.1893491124260355,
      "avg_return_3m": 10.93078368383251
    }
  ],
  "watch_combos": [
    "B",
    "D"
  ],
  "persistence_signals": [],
  "ssi_multiplier": 1.0,
  "ssi_layer2_status": "CONFIRMED",
  "ssi_positioning_date": "2026-06-18",
  "vix_bypass": true,
  "analog_dates": [
    "2026-07-03",
    "2026-06-26",
    "2026-06-19"
  ],
  "analog_details": [
    {
      "date": "2026-07-03",
      "spx_3m_pct": 0.0,
      "primary_horizon": "spx_6m",
      "spx_1m_pct": 0.0,
      "spx_6m_pct": 0.0,
      "spx_12m_pct": 0.0
    },
    {
      "date": "2026-06-26",
      "spx_3m_pct": 0.0,
      "primary_horizon": "spx_6m",
      "spx_1m_pct": 0.0,
      "spx_6m_pct": 0.0,
      "spx_12m_pct": 0.0
    },
    {
      "date": "2026-06-19",
      "spx_3m_pct": 0.0,
      "primary_horizon": "spx_6m",
      "spx_1m_pct": 0.0,
      "spx_6m_pct": 0.0,
      "spx_12m_pct": 0.0
    }
  ],
  "spx_3m_forward_avg": 5.543659716209679,
  "spx_3m_hit_rate": 0.7883522727272727,
  "combo_f_active": true,
  "combo_f_weeks_elapsed": 11,
  "variables_dashboard": [
    {
      "num": 1,
      "variable": "NFCI",
      "current": -0.505,
      "tier": "NORMAL",
      "pctile_3yr": 39.54822517031194,
      "unconditional_pctile": 39.54822517031194,
      "regime_pctile": 39.54822517031194,
      "direction": null,
      "source_date": null,
      "lag_days": null,
      "expected_source_date": null
    },
    {
      "num": 2,
      "variable": "HY",
      "current": 2.63,
      "tier": "NORMAL",
      "pctile_3yr": 1.7789072426937738,
      "unconditional_pctile": 1.7789072426937738,
      "regime_pctile": 1.7789072426937738,
      "direction": null,
      "source_date": null,
      "lag_days": null,
      "expected_source_date": null
    },
    {
      "num": 3,
      "variable": "WALCL",
      "current": -0.04614697298150894,
      "tier": "NORMAL",
      "pctile_3yr": 47.24818276220145,
      "unconditional_pctile": 47.24818276220145,
      "regime_pctile": 47.24818276220145,
      "direction": null,
      "source_date": null,
      "lag_days": null,
      "expected_source_date": null
    },
    {
      "num": 4,
      "variable": "CNH",
      "current": -0.6843682077189661,
      "tier": "NORMAL",
      "pctile_3yr": 25.83668005354752,
      "unconditional_pctile": 25.83668005354752,
      "regime_pctile": 25.83668005354752,
      "direction": null,
      "source_date": null,
      "lag_days": null,
      "expected_source_date": null
    },
    {
      "num": 5,
      "variable": "WTI",
      "current": -22.740006621380182,
      "tier": "EXTREME",
      "pctile_3yr": 0.3973509933774834,
      "unconditional_pctile": 0.3973509933774834,
      "regime_pctile": 0.3973509933774834,
      "direction": "DOWN",
      "source_date": null,
      "lag_days": null,
      "expected_source_date": null
    },
    {
      "num": 6,
      "variable": "VIX",
      "current": 16.670000076293945,
      "tier": "NORMAL",
      "pctile_3yr": 44.04398954703833,
      "unconditional_pctile": 44.04398954703833,
      "regime_pctile": 44.04398954703833,
      "direction": null,
      "source_date": null,
      "lag_days": null,
      "expected_source_date": null
    },
    {
      "num": 7,
      "variable": "VXTS",
      "current": 1.1799640063749153,
      "tier": "RARE",
      "pctile_3yr": 76.59922338033927,
      "unconditional_pctile": 76.59922338033927,
      "regime_pctile": 76.59922338033927,
      "direction": "UP",
      "source_date": null,
      "lag_days": null,
      "expected_source_date": null
    },
    {
      "num": 8,
      "variable": "CFTC",
      "current": -459690.0,
      "tier": "EXTREME",
      "pctile_3yr": 4.487179487179487,
      "unconditional_pctile": 4.487179487179487,
      "regime_pctile": 4.487179487179487,
      "direction": "DOWN",
      "source_date": "2026-06-09",
      "lag_days": 9,
      "expected_source_date": "2026-06-09",
      "cftc_rm_pctile": 81.93548387096774,
      "source_note": "CFTC.gov TFF \u00b7 Lev Money net \u00b7 data as of 2026-06-09, 9d lag vs report, expected Tue 2026-06-09"
    },
    {
      "num": 9,
      "variable": "CURVE",
      "current": 28.999999999999996,
      "tier": "NORMAL",
      "pctile_3yr": 30.276622961304767,
      "unconditional_pctile": 30.276622961304767,
      "regime_pctile": 30.276622961304767,
      "direction": null,
      "source_date": null,
      "lag_days": null,
      "expected_source_date": null
    },
    {
      "num": 10,
      "variable": "CPI",
      "current": 0.07291422864139674,
      "tier": "NORMAL",
      "pctile_3yr": 58.82352941176471,
      "unconditional_pctile": 58.82352941176471,
      "regime_pctile": 58.82352941176471,
      "direction": null,
      "source_date": null,
      "lag_days": null,
      "expected_source_date": null
    },
    {
      "num": 11,
      "variable": "GSR",
      "current": 8.149856389847088,
      "tier": "EXTREME",
      "pctile_3yr": 92.8476821192053,
      "unconditional_pctile": 92.8476821192053,
      "regime_pctile": 92.8476821192053,
      "direction": "UP",
      "source_date": null,
      "lag_days": null,
      "expected_source_date": null
    },
    {
      "num": 12,
      "variable": "CAPE",
      "current": 41.92,
      "tier": "EXTREME",
      "pctile_3yr": 99.14138523182598,
      "unconditional_pctile": 99.14138523182598,
      "regime_pctile": 99.14138523182598,
      "direction": "UP",
      "source_date": "2026-06-16",
      "lag_days": 2,
      "expected_source_date": null,
      "source_note": "multpl.com Shiller CAPE \u00b7 data as of 2026-06-16, 2d lag vs report"
    }
  ],
  "ppi_cooling": false,
  "combo_c_cancel": {
    "wti_potential_week": 4,
    "active": false,
    "last_check_date": "2026-07-03",
    "cancel_date": "2026-07-03",
    "cancelled": true,
    "model_cancel_prob": 0.14861184000000002,
    "model_wti_leg_prob": 0.5496,
    "model_cpi_leg_prob": 0.27040000000000003
  },
  "cftc_status": "PENDING_CFTC_CONFIRM",
  "pending_cpi_release": true,
  "system_recommendation": "TACTICAL EASY MONEY \u2014 Combo F recovery window active; hold/add tactically per conviction. Respect Combo C if also active. \u2014 CPI release pending this week \u2014 watch inflation leg.",
  "generic_combo_watch": [
    {
      "vars": [
        "WTI"
      ],
      "status": "ACTIVE",
      "gate": "SIGNAL"
    },
    {
      "vars": [
        "VXTS"
      ],
      "status": "ACTIVE",
      "gate": "SIGNAL"
    },
    {
      "vars": [
        "CFTC"
      ],
      "status": "ACTIVE",
      "gate": "SIGNAL"
    },
    {
      "vars": [
        "GSR"
      ],
      "status": "ACTIVE",
      "gate": "SIGNAL"
    },
    {
      "vars": [
        "CAPE"
      ],
      "status": "ACTIVE",
      "gate": "SIGNAL"
    },
    {
      "vars": [
        "WTI",
        "VXTS"
      ],
      "status": "ACTIVE",
      "gate": "SIGNAL"
    },
    {
      "vars": [
        "WTI",
        "CFTC"
      ],
      "status": "ACTIVE",
      "gate": "SIGNAL"
    },
    {
      "vars": [
        "WTI",
        "GSR"
      ],
      "status": "ACTIVE",
      "gate": "SIGNAL"
    },
    {
      "vars": [
        "WTI",
        "CAPE"
      ],
      "status": "ACTIVE",
      "gate": "SIGNAL"
    },
    {
      "vars": [
        "VXTS",
        "CFTC"
      ],
      "status": "ACTIVE",
      "gate": "SIGNAL"
    }
  ],
  "source_freshness": {
    "report_date": "2026-06-18",
    "checked_at": "2026-06-18T18:00:08",
    "sources": {
      "CAPE": {
        "variable": "CAPE",
        "report_date": "2026-06-18",
        "source_date": "2026-06-16",
        "expected_source_date": null,
        "lag_days": 2,
        "stale": false,
        "refreshed": false,
        "note": ""
      },
      "CFTC": {
        "variable": "CFTC",
        "report_date": "2026-06-18",
        "source_date": "2026-06-09",
        "expected_source_date": "2026-06-09",
        "lag_days": 9,
        "stale": false,
        "refreshed": false,
        "note": ""
      }
    },
    "any_stale_after_refresh": false
  },
  "brave_fearful_display": "TACTICAL EASY MONEY",
  "combo_status_rows": [
    {
      "combo": "A",
      "name": "Liquidity",
      "status": "INACTIVE",
      "duration": "\u2014",
      "direction": "BEARISH",
      "hit_rate_3m": "83.3% (6M)",
      "avg_return_3m": "+6.7% (6M)"
    },
    {
      "combo": "B",
      "name": "Capitulation",
      "status": "WATCH",
      "duration": "\u2014",
      "direction": "BULLISH",
      "hit_rate_3m": "79.8% (3M)",
      "avg_return_3m": "+5.0% (3M)"
    },
    {
      "combo": "C",
      "name": "Stagflation / Energy Shock",
      "status": "CANCELLED",
      "duration": "cancelled 2026-07-03",
      "direction": "BEARISH",
      "hit_rate_3m": "\u2014",
      "avg_return_3m": "\u2014"
    },
    {
      "combo": "D",
      "name": "FOMO Top",
      "status": "WATCH",
      "duration": "\u2014",
      "direction": "BEARISH",
      "hit_rate_3m": "38.5% (5D)",
      "avg_return_3m": "+0.2% (5D)"
    },
    {
      "combo": "E",
      "name": "Valuation Extreme",
      "status": "CONFIRMED",
      "duration": "\u2014 \u00b7 legs CAPE, NFCI",
      "direction": "BEARISH",
      "hit_rate_3m": "18.9% (12M)",
      "avg_return_3m": "+10.9% (12M)"
    },
    {
      "combo": "F",
      "name": "Recovery",
      "status": "ACTIVE",
      "duration": "Week 11 of 26 (MEDIUM) \u00b7 started 2026-04-03",
      "direction": "BULLISH",
      "hit_rate_3m": "78.8% (6M)",
      "avg_return_3m": "+5.5% (6M)"
    },
    {
      "combo": "G",
      "name": "Hidden Stress",
      "status": "INACTIVE",
      "duration": "\u2014",
      "direction": "BEARISH",
      "hit_rate_3m": "N/A",
      "avg_return_3m": "N/A"
    }
  ],
  "regime_grid": [
    [
      "Fed Cycle",
      "CUTTING_LATE"
    ],
    [
      "Yield Curve",
      "FLAT"
    ],
    [
      "Geopolitical",
      "NEUTRAL"
    ],
    [
      "Valuation",
      "EXTREME CAPE 41.92x"
    ],
    [
      "Liquidity",
      "GLOBAL_EASY"
    ],
    [
      "SSI",
      "1.00\u00d7 (CONFIRMED)"
    ]
  ],
  "output_path": "macro_intelligence/output/runic_output.json",
  "briefing_paths": {
    "html": "macro_intelligence/output/runic_briefing_2026-06-18.html",
    "pdf": "macro_intelligence/output/runic_briefing_2026-06-18.pdf"
  }
}

--- source freshness (CAPE / CFTC) ---
{
  "report_date": "2026-06-18",
  "checked_at": "2026-06-18T18:00:08",
  "sources": {
    "CAPE": {
      "variable": "CAPE",
      "report_date": "2026-06-18",
      "source_date": "2026-06-16",
      "expected_source_date": null,
      "lag_days": 2,
      "stale": false,
      "refreshed": false,
      "note": ""
    },
    "CFTC": {
      "variable": "CFTC",
      "report_date": "2026-06-18",
      "source_date": "2026-06-09",
      "expected_source_date": "2026-06-09",
      "lag_days": 9,
      "stale": false,
      "refreshed": false,
      "note": ""
    }
  },
  "any_stale_after_refresh": false
}

--- briefing outputs ---
  html: macro_intelligence/output/runic_briefing_2026-06-18.html
  pdf: macro_intelligence/output/runic_briefing_2026-06-18.pdf

--- narrative ---

Combo F (Recovery) is the dominant signal, active for week 11 of 26 (started 2026-04-03), 15 weeks remaining in active window. Its validated 6M hit rate is 79% 6M (+5.5% avg), making it the highest-confidence signal in the current stack. Hedge fund positioning (CFTC Fast Money net -459,690 contracts, 4th percentile) remains extremely short, providing structural fuel for the recovery — the covering rally has not yet run its full course. The macro backdrop — CUTTING_LATE Fed cycle with flat yield curve and GLOBAL_EASY global liquidity — is broadly supportive of the dominant bullish signal. 

WTI crude has collapsed -22.7% in 4 weeks (0th percentile) — the sharpest oil drop in years — removing the stagflation pressure that previously activated Combo C. This disinflationary impulse reduces the CPI risk leg and gives the Fed room to ease further. CAPE at 41.9x (99th percentile) has confirmed Combo E (Valuation Extreme, CONFIRMED (legs: CAPE, NFCI), 18.9% (12M)). However, Combo E operates on a 12m horizon — a slow structural headwind, not a near-term catalyst. It does not override Combo F's momentum at week 11. VXTS (VIX term structure) at 1.18 flags mild complacency — near-term options are unusually cheap relative to the 3-month outlook. This keeps Combo D (FOMO Top) partially elevated but CFTC positioning at 4th percentile is far too short to confirm the crowding leg, so Combo D remains on WATCH only.

Competing signals: Combo B (Capitulation) is on WATCH (bullish); not yet firing. Combo C (Stagflation / Energy Shock) has been CANCELLED. Combo D (FOMO Top) is on WATCH (bearish); not yet firing. Combo E (Valuation Extreme) is CONFIRMED (bearish, 18.9% (12M)).

System posture: TACTICAL EASY MONEY. A CPI release is pending this week — a hot surprise above +0.2pp would re-activate the Combo C inflation leg and shift posture. SSI Layer 2 is CONFIRMED, applying a 1.20x multiplier to position sizing.
/home/ubuntu/uiv2/git/MindWealth_UI/src/macro_intelligence/data/cftc_pull.py:261: UserWarning: Could not infer format, so each element will be parsed individually, falling back to `dateutil`. To ensure parsing is consistent and as-expected, please specify a format.
  sub[date_col] = pd.to_datetime(sub[date_col], errors="coerce")
/home/ubuntu/uiv2/git/MindWealth_UI/src/macro_intelligence/data/cftc_pull.py:261: UserWarning: Could not infer format, so each element will be parsed individually, falling back to `dateutil`. To ensure parsing is consistent and as-expected, please specify a format.
  sub[date_col] = pd.to_datetime(sub[date_col], errors="coerce")
CFTC freshness: CFTC source 2026-06-09 older than expected 2026-06-16 (report lag 10d, expected max 3d) (ZIP refresh did not reach expected Tuesday)
/home/ubuntu/uiv2/git/MindWealth_UI/src/macro_intelligence/data/cftc_pull.py:261: UserWarning: Could not infer format, so each element will be parsed individually, falling back to `dateutil`. To ensure parsing is consistent and as-expected, please specify a format.
  sub[date_col] = pd.to_datetime(sub[date_col], errors="coerce")
/home/ubuntu/uiv2/git/MindWealth_UI/src/macro_intelligence/data/cftc_pull.py:261: UserWarning: Could not infer format, so each element will be parsed individually, falling back to `dateutil`. To ensure parsing is consistent and as-expected, please specify a format.
  sub[date_col] = pd.to_datetime(sub[date_col], errors="coerce")
/home/ubuntu/uiv2/git/MindWealth_UI/src/macro_intelligence/data/cftc_pull.py:261: UserWarning: Could not infer format, so each element will be parsed individually, falling back to `dateutil`. To ensure parsing is consistent and as-expected, please specify a format.
  sub[date_col] = pd.to_datetime(sub[date_col], errors="coerce")
{
  "date": "2026-06-19",
  "regime": {
    "fed_cycle": "CUTTING_LATE",
    "curve_regime": "FLAT",
    "val_regime": "EXTREME",
    "liquidity": "GLOBAL_EASY",
    "fed_cycle_source": "FRED_DFF",
    "curve_regime_source": "T10Y2Y",
    "val_regime_source": "CAPE",
    "liquidity_source": "NFCI",
    "geo_overlay": "NEUTRAL"
  },
  "dominant_signal": "F",
  "dominant_reason": "Combo F active (week 12, MEDIUM (started 2026-04-03)). 79% 6M hit rate. Outranks Combo E (19% 12M) on PRIORITY and horizon fit.",
  "brave_fearful": "TACTICAL_EASY_MONEY",
  "active_combos": [
    {
      "combo": "F",
      "status": "ACTIVE",
      "duration_weeks": 12,
      "duration_bucket": "MEDIUM",
      "episode_start": "2026-04-03",
      "confirmed_legs": null,
      "show_hit_rate": true,
      "primary_horizon": "spx_6m",
      "primary_label": "6M",
      "hit_rate_primary": 0.7883522727272727,
      "avg_return_primary": 5.543659716209679,
      "n_obs_primary": 704,
      "hit_rate_secondary": 0.7485795454545454,
      "avg_return_secondary": 2.651289286400214,
      "secondary_label": "3M",
      "n_obs_secondary": 704,
      "hit_rate_3m": 0.7883522727272727,
      "avg_return_3m": 5.543659716209679
    },
    {
      "combo": "E",
      "status": "CONFIRMED",
      "duration_weeks": null,
      "duration_bucket": null,
      "episode_start": null,
      "confirmed_legs": [
        "CAPE",
        "NFCI"
      ],
      "show_hit_rate": true,
      "primary_horizon": "spx_12m",
      "primary_label": "12M",
      "hit_rate_primary": 0.1893491124260355,
      "avg_return_primary": 10.93078368383251,
      "n_obs_primary": 507,
      "hit_rate_secondary": null,
      "avg_return_secondary": null,
      "secondary_label": null,
      "n_obs_secondary": null,
      "hit_rate_3m": 0.1893491124260355,
      "avg_return_3m": 10.93078368383251
    }
  ],
  "watch_combos": [
    "B",
    "D"
  ],
  "persistence_signals": [],
  "ssi_multiplier": 1.0,
  "ssi_layer2_status": "CONFIRMED",
  "ssi_positioning_date": "2026-06-19",
  "vix_bypass": true,
  "analog_dates": [
    "2026-07-03",
    "2026-06-26",
    "2026-06-19"
  ],
  "analog_details": [
    {
      "date": "2026-07-03",
      "spx_3m_pct": 0.0,
      "primary_horizon": "spx_6m",
      "spx_1m_pct": 0.0,
      "spx_6m_pct": 0.0,
      "spx_12m_pct": 0.0
    },
    {
      "date": "2026-06-26",
      "spx_3m_pct": 0.0,
      "primary_horizon": "spx_6m",
      "spx_1m_pct": 0.0,
      "spx_6m_pct": 0.0,
      "spx_12m_pct": 0.0
    },
    {
      "date": "2026-06-19",
      "spx_3m_pct": 0.0,
      "primary_horizon": "spx_6m",
      "spx_1m_pct": 0.0,
      "spx_6m_pct": 0.0,
      "spx_12m_pct": 0.0
    }
  ],
  "spx_3m_forward_avg": 5.543659716209679,
  "spx_3m_hit_rate": 0.7883522727272727,
  "combo_f_active": true,
  "combo_f_weeks_elapsed": 12,
  "variables_dashboard": [
    {
      "num": 1,
      "variable": "NFCI",
      "current": -0.505,
      "tier": "NORMAL",
      "pctile_3yr": 39.54822517031194,
      "unconditional_pctile": 39.54822517031194,
      "regime_pctile": 39.54822517031194,
      "direction": null,
      "source_date": null,
      "lag_days": null,
      "expected_source_date": null
    },
    {
      "num": 2,
      "variable": "HY",
      "current": 2.63,
      "tier": "NORMAL",
      "pctile_3yr": 1.7789072426937738,
      "unconditional_pctile": 1.7789072426937738,
      "regime_pctile": 1.7789072426937738,
      "direction": null,
      "source_date": null,
      "lag_days": null,
      "expected_source_date": null
    },
    {
      "num": 3,
      "variable": "WALCL",
      "current": 0.3393239706073192,
      "tier": "NORMAL",
      "pctile_3yr": 59.95850622406639,
      "unconditional_pctile": 59.95850622406639,
      "regime_pctile": 59.95850622406639,
      "direction": null,
      "source_date": null,
      "lag_days": null,
      "expected_source_date": null
    },
    {
      "num": 4,
      "variable": "CNH",
      "current": -0.6843682077189661,
      "tier": "NORMAL",
      "pctile_3yr": 25.83668005354752,
      "unconditional_pctile": 25.83668005354752,
      "regime_pctile": 25.83668005354752,
      "direction": null,
      "source_date": null,
      "lag_days": null,
      "expected_source_date": null
    },
    {
      "num": 5,
      "variable": "WTI",
      "current": -20.76604334933584,
      "tier": "EXTREME",
      "pctile_3yr": 0.5291005291005291,
      "unconditional_pctile": 0.5291005291005291,
      "regime_pctile": 0.5291005291005291,
      "direction": "DOWN",
      "source_date": null,
      "lag_days": null,
      "expected_source_date": null
    },
    {
      "num": 6,
      "variable": "VIX",
      "current": 16.780000686645508,
      "tier": "NORMAL",
      "pctile_3yr": 44.860627177700344,
      "unconditional_pctile": 44.860627177700344,
      "regime_pctile": 44.860627177700344,
      "direction": null,
      "source_date": null,
      "lag_days": null,
      "expected_source_date": null
    },
    {
      "num": 7,
      "variable": "VXTS",
      "current": 1.1600678662249557,
      "tier": "RARE",
      "pctile_3yr": 68.88798037612428,
      "unconditional_pctile": 68.88798037612428,
      "regime_pctile": 68.88798037612428,
      "direction": "UP",
      "source_date": null,
      "lag_days": null,
      "expected_source_date": null
    },
    {
      "num": 8,
      "variable": "CFTC",
      "current": -459690.0,
      "tier": "EXTREME",
      "pctile_3yr": 4.487179487179487,
      "unconditional_pctile": 4.487179487179487,
      "regime_pctile": 4.487179487179487,
      "direction": "DOWN",
      "source_date": "2026-06-09",
      "lag_days": 10,
      "expected_source_date": "2026-06-16",
      "cftc_rm_pctile": 81.93548387096774,
      "source_note": "CFTC.gov TFF \u00b7 Lev Money net \u00b7 data as of 2026-06-09, 10d lag vs report, expected Tue 2026-06-16"
    },
    {
      "num": 9,
      "variable": "CURVE",
      "current": 27.0,
      "tier": "NORMAL",
      "pctile_3yr": 29.30689903269646,
      "unconditional_pctile": 29.30689903269646,
      "regime_pctile": 29.30689903269646,
      "direction": null,
      "source_date": null,
      "lag_days": null,
      "expected_source_date": null
    },
    {
      "num": 10,
      "variable": "CPI",
      "current": 0.07291422864139674,
      "tier": "NORMAL",
      "pctile_3yr": 61.111111111111114,
      "unconditional_pctile": 61.111111111111114,
      "regime_pctile": 61.111111111111114,
      "direction": null,
      "source_date": null,
      "lag_days": null,
      "expected_source_date": null
    },
    {
      "num": 11,
      "variable": "GSR",
      "current": 7.917912030985863,
      "tier": "RARE",
      "pctile_3yr": 92.72486772486772,
      "unconditional_pctile": 92.72486772486772,
      "regime_pctile": 92.72486772486772,
      "direction": "UP",
      "source_date": null,
      "lag_days": null,
      "expected_source_date": null
    },
    {
      "num": 12,
      "variable": "CAPE",
      "current": 41.92,
      "tier": "EXTREME",
      "pctile_3yr": 99.14138523182598,
      "unconditional_pctile": 99.14138523182598,
      "regime_pctile": 99.14138523182598,
      "direction": "UP",
      "source_date": "2026-06-16",
      "lag_days": 3,
      "expected_source_date": null,
      "source_note": "multpl.com Shiller CAPE \u00b7 data as of 2026-06-16, 3d lag vs report"
    }
  ],
  "ppi_cooling": false,
  "combo_c_cancel": {
    "wti_potential_week": 4,
    "active": false,
    "last_check_date": "2026-07-03",
    "cancel_date": "2026-07-03",
    "cancelled": true,
    "model_cancel_prob": 0.14861184000000002,
    "model_wti_leg_prob": 0.5496,
    "model_cpi_leg_prob": 0.27040000000000003
  },
  "cftc_status": "CONFIRMED",
  "pending_cpi_release": true,
  "system_recommendation": "TACTICAL EASY MONEY \u2014 Combo F recovery window active; hold/add tactically per conviction. Respect Combo C if also active. \u2014 CPI release pending this week \u2014 watch inflation leg.",
  "generic_combo_watch": [
    {
      "vars": [
        "WTI"
      ],
      "status": "ACTIVE",
      "gate": "SIGNAL"
    },
    {
      "vars": [
        "VXTS"
      ],
      "status": "ACTIVE",
      "gate": "SIGNAL"
    },
    {
      "vars": [
        "CFTC"
      ],
      "status": "ACTIVE",
      "gate": "SIGNAL"
    },
    {
      "vars": [
        "GSR"
      ],
      "status": "ACTIVE",
      "gate": "SIGNAL"
    },
    {
      "vars": [
        "CAPE"
      ],
      "status": "ACTIVE",
      "gate": "SIGNAL"
    },
    {
      "vars": [
        "WTI",
        "VXTS"
      ],
      "status": "ACTIVE",
      "gate": "SIGNAL"
    },
    {
      "vars": [
        "WTI",
        "CFTC"
      ],
      "status": "ACTIVE",
      "gate": "SIGNAL"
    },
    {
      "vars": [
        "WTI",
        "GSR"
      ],
      "status": "ACTIVE",
      "gate": "SIGNAL"
    },
    {
      "vars": [
        "WTI",
        "CAPE"
      ],
      "status": "ACTIVE",
      "gate": "SIGNAL"
    },
    {
      "vars": [
        "VXTS",
        "CFTC"
      ],
      "status": "ACTIVE",
      "gate": "SIGNAL"
    }
  ],
  "source_freshness": {
    "report_date": "2026-06-19",
    "checked_at": "2026-06-19T18:00:09",
    "sources": {
      "CAPE": {
        "variable": "CAPE",
        "report_date": "2026-06-19",
        "source_date": "2026-06-16",
        "expected_source_date": null,
        "lag_days": 3,
        "stale": false,
        "refreshed": false,
        "note": ""
      },
      "CFTC": {
        "variable": "CFTC",
        "report_date": "2026-06-19",
        "source_date": "2026-06-09",
        "expected_source_date": "2026-06-16",
        "lag_days": 10,
        "stale": true,
        "refreshed": true,
        "note": "CFTC source 2026-06-09 older than expected 2026-06-16 (report lag 10d, expected max 3d) (ZIP refresh did not reach expected Tuesday)"
      }
    },
    "any_stale_after_refresh": true
  },
  "brave_fearful_display": "TACTICAL EASY MONEY",
  "combo_status_rows": [
    {
      "combo": "A",
      "name": "Liquidity",
      "status": "INACTIVE",
      "duration": "\u2014",
      "direction": "BEARISH",
      "hit_rate_3m": "83.3% (6M)",
      "avg_return_3m": "+6.7% (6M)"
    },
    {
      "combo": "B",
      "name": "Capitulation",
      "status": "WATCH",
      "duration": "\u2014",
      "direction": "BULLISH",
      "hit_rate_3m": "79.8% (3M)",
      "avg_return_3m": "+5.0% (3M)"
    },
    {
      "combo": "C",
      "name": "Stagflation / Energy Shock",
      "status": "CANCELLED",
      "duration": "cancelled 2026-07-03",
      "direction": "BEARISH",
      "hit_rate_3m": "\u2014",
      "avg_return_3m": "\u2014"
    },
    {
      "combo": "D",
      "name": "FOMO Top",
      "status": "WATCH",
      "duration": "\u2014",
      "direction": "BEARISH",
      "hit_rate_3m": "38.5% (5D)",
      "avg_return_3m": "+0.2% (5D)"
    },
    {
      "combo": "E",
      "name": "Valuation Extreme",
      "status": "CONFIRMED",
      "duration": "\u2014 \u00b7 legs CAPE, NFCI",
      "direction": "BEARISH",
      "hit_rate_3m": "18.9% (12M)",
      "avg_return_3m": "+10.9% (12M)"
    },
    {
      "combo": "F",
      "name": "Recovery",
      "status": "ACTIVE",
      "duration": "Week 12 of 26 (MEDIUM) \u00b7 started 2026-04-03",
      "direction": "BULLISH",
      "hit_rate_3m": "78.8% (6M)",
      "avg_return_3m": "+5.5% (6M)"
    },
    {
      "combo": "G",
      "name": "Hidden Stress",
      "status": "INACTIVE",
      "duration": "\u2014",
      "direction": "BEARISH",
      "hit_rate_3m": "N/A",
      "avg_return_3m": "N/A"
    }
  ],
  "regime_grid": [
    [
      "Fed Cycle",
      "CUTTING_LATE"
    ],
    [
      "Yield Curve",
      "FLAT"
    ],
    [
      "Geopolitical",
      "NEUTRAL"
    ],
    [
      "Valuation",
      "EXTREME CAPE 41.92x"
    ],
    [
      "Liquidity",
      "GLOBAL_EASY"
    ],
    [
      "SSI",
      "1.00\u00d7 (CONFIRMED)"
    ]
  ],
  "output_path": "macro_intelligence/output/runic_output.json",
  "briefing_paths": {
    "html": "macro_intelligence/output/runic_briefing_2026-06-19.html",
    "pdf": "macro_intelligence/output/runic_briefing_2026-06-19.pdf"
  }
}

--- source freshness (CAPE / CFTC) ---
{
  "report_date": "2026-06-19",
  "checked_at": "2026-06-19T18:00:09",
  "sources": {
    "CAPE": {
      "variable": "CAPE",
      "report_date": "2026-06-19",
      "source_date": "2026-06-16",
      "expected_source_date": null,
      "lag_days": 3,
      "stale": false,
      "refreshed": false,
      "note": ""
    },
    "CFTC": {
      "variable": "CFTC",
      "report_date": "2026-06-19",
      "source_date": "2026-06-09",
      "expected_source_date": "2026-06-16",
      "lag_days": 10,
      "stale": true,
      "refreshed": true,
      "note": "CFTC source 2026-06-09 older than expected 2026-06-16 (report lag 10d, expected max 3d) (ZIP refresh did not reach expected Tuesday)"
    }
  },
  "any_stale_after_refresh": true
}

--- briefing outputs ---
  html: macro_intelligence/output/runic_briefing_2026-06-19.html
  pdf: macro_intelligence/output/runic_briefing_2026-06-19.pdf

--- narrative ---

Combo F (Recovery) is the dominant signal, active for week 12 of 26 (started 2026-04-03), 14 weeks remaining in active window. Its validated 6M hit rate is 79% 6M (+5.5% avg), making it the highest-confidence signal in the current stack. Hedge fund positioning (CFTC Fast Money net -459,690 contracts, 4th percentile) remains extremely short, providing structural fuel for the recovery — the covering rally has not yet run its full course. The macro backdrop — CUTTING_LATE Fed cycle with flat yield curve and GLOBAL_EASY global liquidity — is broadly supportive of the dominant bullish signal. 

WTI crude has collapsed -20.8% in 4 weeks (1th percentile) — the sharpest oil drop in years — removing the stagflation pressure that previously activated Combo C. This disinflationary impulse reduces the CPI risk leg and gives the Fed room to ease further. CAPE at 41.9x (99th percentile) has confirmed Combo E (Valuation Extreme, CONFIRMED (legs: CAPE, NFCI), 18.9% (12M)). However, Combo E operates on a 12m horizon — a slow structural headwind, not a near-term catalyst. It does not override Combo F's momentum at week 12. VXTS (VIX term structure) at 1.16 flags mild complacency — near-term options are unusually cheap relative to the 3-month outlook. This keeps Combo D (FOMO Top) partially elevated but CFTC positioning at 4th percentile is far too short to confirm the crowding leg, so Combo D remains on WATCH only.

Competing signals: Combo B (Capitulation) is on WATCH (bullish); not yet firing. Combo C (Stagflation / Energy Shock) has been CANCELLED. Combo D (FOMO Top) is on WATCH (bearish); not yet firing. Combo E (Valuation Extreme) is CONFIRMED (bearish, 18.9% (12M)).

System posture: TACTICAL EASY MONEY. A CPI release is pending this week — a hot surprise above +0.2pp would re-activate the Combo C inflation leg and shift posture. SSI Layer 2 is CONFIRMED, applying a 1.20x multiplier to position sizing.
/home/ubuntu/uiv2/git/MindWealth_UI/src/macro_intelligence/data/cftc_pull.py:261: UserWarning: Could not infer format, so each element will be parsed individually, falling back to `dateutil`. To ensure parsing is consistent and as-expected, please specify a format.
  sub[date_col] = pd.to_datetime(sub[date_col], errors="coerce")
/home/ubuntu/uiv2/git/MindWealth_UI/src/macro_intelligence/data/cftc_pull.py:261: UserWarning: Could not infer format, so each element will be parsed individually, falling back to `dateutil`. To ensure parsing is consistent and as-expected, please specify a format.
  sub[date_col] = pd.to_datetime(sub[date_col], errors="coerce")
CFTC freshness: CFTC source 2026-06-09 older than expected 2026-06-16 (report lag 13d, expected max 6d) (ZIP refresh did not reach expected Tuesday)
/home/ubuntu/uiv2/git/MindWealth_UI/src/macro_intelligence/data/cftc_pull.py:261: UserWarning: Could not infer format, so each element will be parsed individually, falling back to `dateutil`. To ensure parsing is consistent and as-expected, please specify a format.
  sub[date_col] = pd.to_datetime(sub[date_col], errors="coerce")
{
  "date": "2026-06-22",
  "regime": {
    "fed_cycle": "CUTTING_LATE",
    "curve_regime": "FLAT",
    "val_regime": "EXTREME",
    "liquidity": "GLOBAL_EASY",
    "fed_cycle_source": "FRED_DFF",
    "curve_regime_source": "T10Y2Y",
    "val_regime_source": "CAPE",
    "liquidity_source": "NFCI",
    "geo_overlay": "NEUTRAL"
  },
  "dominant_signal": "F",
  "dominant_reason": "Combo F active (week 12, MEDIUM (started 2026-04-03)). 79% 6M hit rate. Outranks Combo E (19% 12M) on PRIORITY and horizon fit.",
  "brave_fearful": "TACTICAL_EASY_MONEY",
  "active_combos": [
    {
      "combo": "F",
      "status": "ACTIVE",
      "duration_weeks": 12,
      "duration_bucket": "MEDIUM",
      "episode_start": "2026-04-03",
      "confirmed_legs": null,
      "show_hit_rate": true,
      "primary_horizon": "spx_6m",
      "primary_label": "6M",
      "hit_rate_primary": 0.7883522727272727,
      "avg_return_primary": 5.543659716209679,
      "n_obs_primary": 704,
      "hit_rate_secondary": 0.7485795454545454,
      "avg_return_secondary": 2.651289286400214,
      "secondary_label": "3M",
      "n_obs_secondary": 704,
      "hit_rate_3m": 0.7883522727272727,
      "avg_return_3m": 5.543659716209679
    },
    {
      "combo": "E",
      "status": "CONFIRMED",
      "duration_weeks": null,
      "duration_bucket": null,
      "episode_start": null,
      "confirmed_legs": [
        "CAPE",
        "NFCI"
      ],
      "show_hit_rate": true,
      "primary_horizon": "spx_12m",
      "primary_label": "12M",
      "hit_rate_primary": 0.1893491124260355,
      "avg_return_primary": 10.93078368383251,
      "n_obs_primary": 507,
      "hit_rate_secondary": null,
      "avg_return_secondary": null,
      "secondary_label": null,
      "n_obs_secondary": null,
      "hit_rate_3m": 0.1893491124260355,
      "avg_return_3m": 10.93078368383251
    }
  ],
  "watch_combos": [
    "B",
    "D"
  ],
  "persistence_signals": [],
  "ssi_multiplier": 1.0,
  "ssi_layer2_status": "CONFIRMED",
  "ssi_positioning_date": "2026-06-22",
  "vix_bypass": true,
  "analog_dates": [
    "2026-07-03",
    "2026-06-26",
    "2026-06-19"
  ],
  "analog_details": [
    {
      "date": "2026-07-03",
      "spx_3m_pct": 0.0,
      "primary_horizon": "spx_6m",
      "spx_1m_pct": 0.0,
      "spx_6m_pct": 0.0,
      "spx_12m_pct": 0.0
    },
    {
      "date": "2026-06-26",
      "spx_3m_pct": 0.0,
      "primary_horizon": "spx_6m",
      "spx_1m_pct": 0.0,
      "spx_6m_pct": 0.0,
      "spx_12m_pct": 0.0
    },
    {
      "date": "2026-06-19",
      "spx_3m_pct": 0.0,
      "primary_horizon": "spx_6m",
      "spx_1m_pct": 0.0,
      "spx_6m_pct": 0.0,
      "spx_12m_pct": 0.0
    }
  ],
  "spx_3m_forward_avg": 5.543659716209679,
  "spx_3m_hit_rate": 0.7883522727272727,
  "combo_f_active": true,
  "combo_f_weeks_elapsed": 12,
  "variables_dashboard": [
    {
      "num": 1,
      "variable": "NFCI",
      "current": -0.505,
      "tier": "NORMAL",
      "pctile_3yr": 39.54822517031194,
      "unconditional_pctile": 39.54822517031194,
      "regime_pctile": 39.54822517031194,
      "direction": null,
      "source_date": null,
      "lag_days": null,
      "expected_source_date": null
    },
    {
      "num": 2,
      "variable": "HY",
      "current": 2.66,
      "tier": "NORMAL",
      "pctile_3yr": 4.713375796178345,
      "unconditional_pctile": 4.713375796178345,
      "regime_pctile": 4.713375796178345,
      "direction": null,
      "source_date": null,
      "lag_days": null,
      "expected_source_date": null
    },
    {
      "num": 3,
      "variable": "WALCL",
      "current": 0.3393239706073192,
      "tier": "NORMAL",
      "pctile_3yr": 59.95850622406639,
      "unconditional_pctile": 59.95850622406639,
      "regime_pctile": 59.95850622406639,
      "direction": null,
      "source_date": null,
      "lag_days": null,
      "expected_source_date": null
    },
    {
      "num": 4,
      "variable": "CNH",
      "current": -0.6843682077189661,
      "tier": "NORMAL",
      "pctile_3yr": 25.906040268456376,
      "unconditional_pctile": 25.906040268456376,
      "regime_pctile": 25.906040268456376,
      "direction": null,
      "source_date": null,
      "lag_days": null,
      "expected_source_date": null
    },
    {
      "num": 5,
      "variable": "WTI",
      "current": -23.995859908202434,
      "tier": "EXTREME",
      "pctile_3yr": 0.3978779840848806,
      "unconditional_pctile": 0.3978779840848806,
      "regime_pctile": 0.3978779840848806,
      "direction": "DOWN",
      "source_date": null,
      "lag_days": null,
      "expected_source_date": null
    },
    {
      "num": 6,
      "variable": "VIX",
      "current": 17.329999923706055,
      "tier": "NORMAL",
      "pctile_3yr": 48.383233532934135,
      "unconditional_pctile": 48.383233532934135,
      "regime_pctile": 48.383233532934135,
      "direction": null,
      "source_date": null,
      "lag_days": null,
      "expected_source_date": null
    },
    {
      "num": 7,
      "variable": "VXTS",
      "current": 1.1436814646324402,
      "tier": "RARE",
      "pctile_3yr": 61.97672044108637,
      "unconditional_pctile": 61.97672044108637,
      "regime_pctile": 61.97672044108637,
      "direction": "UP",
      "source_date": null,
      "lag_days": null,
      "expected_source_date": null
    },
    {
      "num": 8,
      "variable": "CFTC",
      "current": -459690.0,
      "tier": "EXTREME",
      "pctile_3yr": 4.516129032258064,
      "unconditional_pctile": 4.516129032258064,
      "regime_pctile": 4.516129032258064,
      "direction": "DOWN",
      "source_date": "2026-06-09",
      "lag_days": 13,
      "expected_source_date": "2026-06-16",
      "cftc_rm_pctile": 81.93548387096774,
      "source_note": "CFTC.gov TFF \u00b7 Lev Money net \u00b7 data as of 2026-06-09, 13d lag vs report, expected Tue 2026-06-16"
    },
    {
      "num": 9,
      "variable": "CURVE",
      "current": 27.0,
      "tier": "NORMAL",
      "pctile_3yr": 29.30689903269646,
      "unconditional_pctile": 29.30689903269646,
      "regime_pctile": 29.30689903269646,
      "direction": null,
      "source_date": null,
      "lag_days": null,
      "expected_source_date": null
    },
    {
      "num": 10,
      "variable": "CPI",
      "current": 0.07291422864139674,
      "tier": "NORMAL",
      "pctile_3yr": 63.1578947368421,
      "unconditional_pctile": 63.1578947368421,
      "regime_pctile": 63.1578947368421,
      "direction": null,
      "source_date": null,
      "lag_days": null,
      "expected_source_date": null
    },
    {
      "num": 11,
      "variable": "GSR",
      "current": 7.950397027809752,
      "tier": "RARE",
      "pctile_3yr": 92.70557029177718,
      "unconditional_pctile": 92.70557029177718,
      "regime_pctile": 92.70557029177718,
      "direction": "UP",
      "source_date": null,
      "lag_days": null,
      "expected_source_date": null
    },
    {
      "num": 12,
      "variable": "CAPE",
      "current": 41.92,
      "tier": "EXTREME",
      "pctile_3yr": 99.14138523182598,
      "unconditional_pctile": 99.14138523182598,
      "regime_pctile": 99.14138523182598,
      "direction": "UP",
      "source_date": "2026-06-16",
      "lag_days": 6,
      "expected_source_date": null,
      "source_note": "multpl.com Shiller CAPE \u00b7 data as of 2026-06-16, 6d lag vs report"
    }
  ],
  "ppi_cooling": false,
  "combo_c_cancel": {
    "wti_potential_week": 4,
    "active": false,
    "last_check_date": "2026-07-03",
    "cancel_date": "2026-07-03",
    "cancelled": true,
    "model_cancel_prob": 0.14861184000000002,
    "model_wti_leg_prob": 0.5496,
    "model_cpi_leg_prob": 0.27040000000000003
  },
  "cftc_status": "PENDING_CFTC_CONFIRM",
  "pending_cpi_release": true,
  "system_recommendation": "TACTICAL EASY MONEY \u2014 Combo F recovery window active; hold/add tactically per conviction. Respect Combo C if also active. \u2014 CPI release pending this week \u2014 watch inflation leg.",
  "generic_combo_watch": [
    {
      "vars": [
        "WTI"
      ],
      "status": "ACTIVE",
      "gate": "SIGNAL"
    },
    {
      "vars": [
        "VXTS"
      ],
      "status": "ACTIVE",
      "gate": "SIGNAL"
    },
    {
      "vars": [
        "CFTC"
      ],
      "status": "ACTIVE",
      "gate": "SIGNAL"
    },
    {
      "vars": [
        "GSR"
      ],
      "status": "ACTIVE",
      "gate": "SIGNAL"
    },
    {
      "vars": [
        "CAPE"
      ],
      "status": "ACTIVE",
      "gate": "SIGNAL"
    },
    {
      "vars": [
        "WTI",
        "VXTS"
      ],
      "status": "ACTIVE",
      "gate": "SIGNAL"
    },
    {
      "vars": [
        "WTI",
        "CFTC"
      ],
      "status": "ACTIVE",
      "gate": "SIGNAL"
    },
    {
      "vars": [
        "WTI",
        "GSR"
      ],
      "status": "ACTIVE",
      "gate": "SIGNAL"
    },
    {
      "vars": [
        "WTI",
        "CAPE"
      ],
      "status": "ACTIVE",
      "gate": "SIGNAL"
    },
    {
      "vars": [
        "VXTS",
        "CFTC"
      ],
      "status": "ACTIVE",
      "gate": "SIGNAL"
    }
  ],
  "source_freshness": {
    "report_date": "2026-06-22",
    "checked_at": "2026-06-22T18:00:08",
    "sources": {
      "CAPE": {
        "variable": "CAPE",
        "report_date": "2026-06-22",
        "source_date": "2026-06-16",
        "expected_source_date": null,
        "lag_days": 6,
        "stale": false,
        "refreshed": false,
        "note": ""
      },
      "CFTC": {
        "variable": "CFTC",
        "report_date": "2026-06-22",
        "source_date": "2026-06-09",
        "expected_source_date": "2026-06-16",
        "lag_days": 13,
        "stale": true,
        "refreshed": true,
        "note": "CFTC source 2026-06-09 older than expected 2026-06-16 (report lag 13d, expected max 6d) (ZIP refresh did not reach expected Tuesday)"
      }
    },
    "any_stale_after_refresh": true
  },
  "brave_fearful_display": "TACTICAL EASY MONEY",
  "combo_status_rows": [
    {
      "combo": "A",
      "name": "Liquidity",
      "status": "INACTIVE",
      "duration": "\u2014",
      "direction": "BEARISH",
      "hit_rate_3m": "83.3% (6M)",
      "avg_return_3m": "+6.7% (6M)"
    },
    {
      "combo": "B",
      "name": "Capitulation",
      "status": "WATCH",
      "duration": "\u2014",
      "direction": "BULLISH",
      "hit_rate_3m": "79.8% (3M)",
      "avg_return_3m": "+5.0% (3M)"
    },
    {
      "combo": "C",
      "name": "Stagflation / Energy Shock",
      "status": "CANCELLED",
      "duration": "cancelled 2026-07-03",
      "direction": "BEARISH",
      "hit_rate_3m": "\u2014",
      "avg_return_3m": "\u2014"
    },
    {
      "combo": "D",
      "name": "FOMO Top",
      "status": "WATCH",
      "duration": "\u2014",
      "direction": "BEARISH",
      "hit_rate_3m": "38.5% (5D)",
      "avg_return_3m": "+0.2% (5D)"
    },
    {
      "combo": "E",
      "name": "Valuation Extreme",
      "status": "CONFIRMED",
      "duration": "\u2014 \u00b7 legs CAPE, NFCI",
      "direction": "BEARISH",
      "hit_rate_3m": "18.9% (12M)",
      "avg_return_3m": "+10.9% (12M)"
    },
    {
      "combo": "F",
      "name": "Recovery",
      "status": "ACTIVE",
      "duration": "Week 12 of 26 (MEDIUM) \u00b7 started 2026-04-03",
      "direction": "BULLISH",
      "hit_rate_3m": "78.8% (6M)",
      "avg_return_3m": "+5.5% (6M)"
    },
    {
      "combo": "G",
      "name": "Hidden Stress",
      "status": "INACTIVE",
      "duration": "\u2014",
      "direction": "BEARISH",
      "hit_rate_3m": "N/A",
      "avg_return_3m": "N/A"
    }
  ],
  "regime_grid": [
    [
      "Fed Cycle",
      "CUTTING_LATE"
    ],
    [
      "Yield Curve",
      "FLAT"
    ],
    [
      "Geopolitical",
      "NEUTRAL"
    ],
    [
      "Valuation",
      "EXTREME CAPE 41.92x"
    ],
    [
      "Liquidity",
      "GLOBAL_EASY"
    ],
    [
      "SSI",
      "1.00\u00d7 (CONFIRMED)"
    ]
  ],
  "output_path": "macro_intelligence/output/runic_output.json",
  "briefing_paths": {
    "html": "macro_intelligence/output/runic_briefing_2026-06-22.html",
    "pdf": "macro_intelligence/output/runic_briefing_2026-06-22.pdf"
  }
}

--- source freshness (CAPE / CFTC) ---
{
  "report_date": "2026-06-22",
  "checked_at": "2026-06-22T18:00:08",
  "sources": {
    "CAPE": {
      "variable": "CAPE",
      "report_date": "2026-06-22",
      "source_date": "2026-06-16",
      "expected_source_date": null,
      "lag_days": 6,
      "stale": false,
      "refreshed": false,
      "note": ""
    },
    "CFTC": {
      "variable": "CFTC",
      "report_date": "2026-06-22",
      "source_date": "2026-06-09",
      "expected_source_date": "2026-06-16",
      "lag_days": 13,
      "stale": true,
      "refreshed": true,
      "note": "CFTC source 2026-06-09 older than expected 2026-06-16 (report lag 13d, expected max 6d) (ZIP refresh did not reach expected Tuesday)"
    }
  },
  "any_stale_after_refresh": true
}

--- briefing outputs ---
  html: macro_intelligence/output/runic_briefing_2026-06-22.html
  pdf: macro_intelligence/output/runic_briefing_2026-06-22.pdf

--- narrative ---

Combo F (Recovery) is the dominant signal, active for week 12 of 26 (started 2026-04-03), 14 weeks remaining in active window. Its validated 6M hit rate is 79% 6M (+5.5% avg), making it the highest-confidence signal in the current stack. Hedge fund positioning (CFTC Fast Money net -459,690 contracts, 5th percentile) remains extremely short, providing structural fuel for the recovery — the covering rally has not yet run its full course. The macro backdrop — CUTTING_LATE Fed cycle with flat yield curve and GLOBAL_EASY global liquidity — is broadly supportive of the dominant bullish signal. 

WTI crude has collapsed -24.0% in 4 weeks (0th percentile) — the sharpest oil drop in years — removing the stagflation pressure that previously activated Combo C. This disinflationary impulse reduces the CPI risk leg and gives the Fed room to ease further. CAPE at 41.9x (99th percentile) has confirmed Combo E (Valuation Extreme, CONFIRMED (legs: CAPE, NFCI), 18.9% (12M)). However, Combo E operates on a 12m horizon — a slow structural headwind, not a near-term catalyst. It does not override Combo F's momentum at week 12. VXTS (VIX term structure) at 1.14 flags mild complacency — near-term options are unusually cheap relative to the 3-month outlook. This keeps Combo D (FOMO Top) partially elevated but CFTC positioning at 5th percentile is far too short to confirm the crowding leg, so Combo D remains on WATCH only.

Competing signals: Combo B (Capitulation) is on WATCH (bullish); not yet firing. Combo C (Stagflation / Energy Shock) has been CANCELLED. Combo D (FOMO Top) is on WATCH (bearish); not yet firing. Combo E (Valuation Extreme) is CONFIRMED (bearish, 18.9% (12M)).

System posture: TACTICAL EASY MONEY. A CPI release is pending this week — a hot surprise above +0.2pp would re-activate the Combo C inflation leg and shift posture. SSI Layer 2 is CONFIRMED, applying a 1.20x multiplier to position sizing.
/home/ubuntu/uiv2/git/MindWealth_UI/src/macro_intelligence/data/cftc_pull.py:261: UserWarning: Could not infer format, so each element will be parsed individually, falling back to `dateutil`. To ensure parsing is consistent and as-expected, please specify a format.
  sub[date_col] = pd.to_datetime(sub[date_col], errors="coerce")
/home/ubuntu/uiv2/git/MindWealth_UI/src/macro_intelligence/data/cftc_pull.py:261: UserWarning: Could not infer format, so each element will be parsed individually, falling back to `dateutil`. To ensure parsing is consistent and as-expected, please specify a format.
  sub[date_col] = pd.to_datetime(sub[date_col], errors="coerce")
{
  "date": "2026-06-23",
  "regime": {
    "fed_cycle": "CUTTING_LATE",
    "curve_regime": "FLAT",
    "val_regime": "EXTREME",
    "liquidity": "GLOBAL_EASY",
    "fed_cycle_source": "FRED_DFF",
    "curve_regime_source": "T10Y2Y",
    "val_regime_source": "CAPE",
    "liquidity_source": "NFCI",
    "geo_overlay": "NEUTRAL"
  },
  "dominant_signal": "F",
  "dominant_reason": "Combo F active (week 12, MEDIUM \u00b7 started 2026-04-03). 79% 6M hit rate. Outranks Combo E (19% 12M) on configured priority rank.",
  "brave_fearful": "TACTICAL_EASY_MONEY",
  "active_combos": [
    {
      "combo": "F",
      "status": "ACTIVE",
      "duration_weeks": 12,
      "duration_bucket": "MEDIUM",
      "episode_start": "2026-04-03",
      "confirmed_legs": null,
      "show_hit_rate": true,
      "primary_horizon": "spx_6m",
      "primary_label": "6M",
      "hit_rate_primary": 0.7883522727272727,
      "avg_return_primary": 5.543659716209679,
      "n_obs_primary": 704,
      "hit_rate_secondary": 0.7485795454545454,
      "avg_return_secondary": 2.651289286400214,
      "secondary_label": "3M",
      "n_obs_secondary": 704,
      "hit_rate_3m": 0.7883522727272727,
      "avg_return_3m": 5.543659716209679
    },
    {
      "combo": "E",
      "status": "CONFIRMED",
      "duration_weeks": null,
      "duration_bucket": null,
      "episode_start": null,
      "confirmed_legs": [
        "CAPE",
        "NFCI"
      ],
      "show_hit_rate": true,
      "primary_horizon": "spx_12m",
      "primary_label": "12M",
      "hit_rate_primary": 0.1889763779527559,
      "avg_return_primary": 10.9134740391346,
      "n_obs_primary": 508,
      "hit_rate_secondary": null,
      "avg_return_secondary": null,
      "secondary_label": null,
      "n_obs_secondary": null,
      "hit_rate_3m": 0.1889763779527559,
      "avg_return_3m": 10.9134740391346
    }
  ],
  "watch_combos": [
    "B"
  ],
  "persistence_signals": [],
  "ssi_multiplier": 1.0,
  "ssi_layer2_status": "CONFIRMED",
  "ssi_positioning_date": "2026-06-23",
  "vix_bypass": true,
  "analog_dates": [
    "2026-07-03",
    "2026-06-26",
    "2026-06-19"
  ],
  "analog_details": [
    {
      "date": "2026-07-03",
      "spx_3m_pct": 0.0,
      "primary_horizon": "spx_6m",
      "spx_1m_pct": 0.0,
      "spx_6m_pct": 0.0,
      "spx_12m_pct": 0.0
    },
    {
      "date": "2026-06-26",
      "spx_3m_pct": 0.0,
      "primary_horizon": "spx_6m",
      "spx_1m_pct": 0.0,
      "spx_6m_pct": 0.0,
      "spx_12m_pct": 0.0
    },
    {
      "date": "2026-06-19",
      "spx_3m_pct": 0.0,
      "primary_horizon": "spx_6m",
      "spx_1m_pct": 0.0,
      "spx_6m_pct": 0.0,
      "spx_12m_pct": 0.0
    }
  ],
  "spx_3m_forward_avg": 5.543659716209679,
  "spx_3m_hit_rate": 0.7883522727272727,
  "combo_f_active": true,
  "combo_f_weeks_elapsed": 12,
  "variables_dashboard": [
    {
      "num": 1,
      "variable": "NFCI",
      "current": -0.505,
      "tier": "NORMAL",
      "pctile_3yr": 39.54822517031194,
      "unconditional_pctile": 39.54822517031194,
      "regime_pctile": 39.54822517031194,
      "direction": null,
      "source_date": null,
      "lag_days": null,
      "expected_source_date": null
    },
    {
      "num": 2,
      "variable": "HY",
      "current": 2.65,
      "tier": "NORMAL",
      "pctile_3yr": 3.1847133757961785,
      "unconditional_pctile": 3.1847133757961785,
      "regime_pctile": 3.1847133757961785,
      "direction": null,
      "source_date": null,
      "lag_days": null,
      "expected_source_date": null
    },
    {
      "num": 3,
      "variable": "WALCL",
      "current": 0.3393239706073192,
      "tier": "NORMAL",
      "pctile_3yr": 59.95850622406639,
      "unconditional_pctile": 59.95850622406639,
      "regime_pctile": 59.95850622406639,
      "direction": null,
      "source_date": null,
      "lag_days": null,
      "expected_source_date": null
    },
    {
      "num": 4,
      "variable": "CNH",
      "current": -0.4983461962513758,
      "tier": "NORMAL",
      "pctile_3yr": 33.55614973262032,
      "unconditional_pctile": 33.55614973262032,
      "regime_pctile": 33.55614973262032,
      "direction": null,
      "source_date": null,
      "lag_days": null,
      "expected_source_date": null
    },
    {
      "num": 5,
      "variable": "WTI",
      "current": -22.11098335412206,
      "tier": "EXTREME",
      "pctile_3yr": 0.5305039787798408,
      "unconditional_pctile": 0.5305039787798408,
      "regime_pctile": 0.5305039787798408,
      "direction": "DOWN",
      "source_date": null,
      "lag_days": null,
      "expected_source_date": null
    },
    {
      "num": 6,
      "variable": "VIX",
      "current": 18.709999084472656,
      "tier": "NORMAL",
      "pctile_3yr": 56.215980840409316,
      "unconditional_pctile": 56.215980840409316,
      "regime_pctile": 56.215980840409316,
      "direction": null,
      "source_date": null,
      "lag_days": null,
      "expected_source_date": null
    },
    {
      "num": 7,
      "variable": "VXTS",
      "current": 1.1042223868710794,
      "tier": "RARE",
      "pctile_3yr": 45.33387788441903,
      "unconditional_pctile": 45.33387788441903,
      "regime_pctile": 45.33387788441903,
      "direction": "UP",
      "source_date": null,
      "lag_days": null,
      "expected_source_date": null
    },
    {
      "num": 8,
      "variable": "CFTC",
      "current": -523882.0,
      "tier": "EXTREME",
      "pctile_3yr": 0.641025641025641,
      "unconditional_pctile": 0.641025641025641,
      "regime_pctile": 0.641025641025641,
      "direction": "DOWN",
      "source_date": "2026-06-16",
      "lag_days": 7,
      "expected_source_date": "2026-06-16",
      "cftc_rm_pctile": 81.93548387096774,
      "source_note": "CFTC.gov TFF \u00b7 Lev Money net \u00b7 data as of 2026-06-16, 7d lag vs report, expected Tue 2026-06-16"
    },
    {
      "num": 9,
      "variable": "CURVE",
      "current": 27.0,
      "tier": "NORMAL",
      "pctile_3yr": 29.312549960031976,
      "unconditional_pctile": 29.312549960031976,
      "regime_pctile": 29.312549960031976,
      "direction": null,
      "source_date": null,
      "lag_days": null,
      "expected_source_date": null
    },
    {
      "num": 10,
      "variable": "CPI",
      "current": 0.07291422864139674,
      "tier": "NORMAL",
      "pctile_3yr": 65.0,
      "unconditional_pctile": 65.0,
      "regime_pctile": 65.0,
      "direction": null,
      "source_date": null,
      "lag_days": null,
      "expected_source_date": null
    },
    {
      "num": 11,
      "variable": "GSR",
      "current": 13.40155733023507,
      "tier": "EXTREME",
      "pctile_3yr": 95.88859416445624,
      "unconditional_pctile": 95.88859416445624,
      "regime_pctile": 95.88859416445624,
      "direction": "UP",
      "source_date": null,
      "lag_days": null,
      "expected_source_date": null
    },
    {
      "num": 12,
      "variable": "CAPE",
      "current": 41.92,
      "tier": "EXTREME",
      "pctile_3yr": 99.14138523182598,
      "unconditional_pctile": 99.14138523182598,
      "regime_pctile": 99.14138523182598,
      "direction": "UP",
      "source_date": "2026-06-16",
      "lag_days": 7,
      "expected_source_date": null,
      "source_note": "multpl.com Shiller CAPE \u00b7 data as of 2026-06-16, 7d lag vs report"
    }
  ],
  "ppi_cooling": false,
  "combo_c_cancel": {
    "wti_potential_week": 4,
    "active": false,
    "last_check_date": "2026-07-03",
    "cancel_date": "2026-07-03",
    "cancelled": true,
    "model_cancel_prob": 0.14861184000000002,
    "model_wti_leg_prob": 0.5496,
    "model_cpi_leg_prob": 0.27040000000000003
  },
  "cftc_status": "PENDING_CFTC_CONFIRM",
  "pending_cpi_release": true,
  "system_recommendation": "TACTICAL EASY MONEY \u2014 Combo F recovery window active; hold/add tactically per conviction. Respect Combo C if also active. \u2014 CPI release pending this week \u2014 watch inflation leg.",
  "generic_combo_watch": [
    {
      "vars": [
        "WTI"
      ],
      "status": "ACTIVE",
      "gate": "SIGNAL"
    },
    {
      "vars": [
        "VXTS"
      ],
      "status": "ACTIVE",
      "gate": "SIGNAL"
    },
    {
      "vars": [
        "CFTC"
      ],
      "status": "ACTIVE",
      "gate": "SIGNAL"
    },
    {
      "vars": [
        "GSR"
      ],
      "status": "ACTIVE",
      "gate": "SIGNAL"
    },
    {
      "vars": [
        "CAPE"
      ],
      "status": "ACTIVE",
      "gate": "SIGNAL"
    },
    {
      "vars": [
        "WTI",
        "VXTS"
      ],
      "status": "ACTIVE",
      "gate": "SIGNAL"
    },
    {
      "vars": [
        "WTI",
        "CFTC"
      ],
      "status": "ACTIVE",
      "gate": "SIGNAL"
    },
    {
      "vars": [
        "WTI",
        "GSR"
      ],
      "status": "ACTIVE",
      "gate": "SIGNAL"
    },
    {
      "vars": [
        "WTI",
        "CAPE"
      ],
      "status": "ACTIVE",
      "gate": "SIGNAL"
    },
    {
      "vars": [
        "VXTS",
        "CFTC"
      ],
      "status": "ACTIVE",
      "gate": "SIGNAL"
    }
  ],
  "source_freshness": {
    "report_date": "2026-06-23",
    "checked_at": "2026-06-23T18:00:05",
    "sources": {
      "CAPE": {
        "variable": "CAPE",
        "report_date": "2026-06-23",
        "source_date": "2026-06-16",
        "expected_source_date": null,
        "lag_days": 7,
        "stale": false,
        "refreshed": false,
        "note": ""
      },
      "CFTC": {
        "variable": "CFTC",
        "report_date": "2026-06-23",
        "source_date": "2026-06-16",
        "expected_source_date": "2026-06-16",
        "lag_days": 7,
        "stale": false,
        "refreshed": false,
        "note": ""
      }
    },
    "any_stale_after_refresh": false
  },
  "brave_fearful_display": "TACTICAL EASY MONEY",
  "combo_status_rows": [
    {
      "combo": "A",
      "name": "Liquidity",
      "status": "INACTIVE",
      "duration": "\u2014",
      "direction": "BEARISH",
      "hit_rate_3m": "83.3% (6M)",
      "avg_return_3m": "+6.7% (6M)"
    },
    {
      "combo": "B",
      "name": "Capitulation",
      "status": "WATCH",
      "duration": "\u2014",
      "direction": "BULLISH",
      "hit_rate_3m": "74.8% (3M)",
      "avg_return_3m": "+4.6% (3M)"
    },
    {
      "combo": "C",
      "name": "Stagflation / Energy Shock",
      "status": "CANCELLED",
      "duration": "cancelled 2026-07-03",
      "direction": "BEARISH",
      "hit_rate_3m": "66.7% (6M)",
      "avg_return_3m": "-4.6% (6M)"
    },
    {
      "combo": "D",
      "name": "FOMO Top",
      "status": "INACTIVE",
      "duration": "\u2014",
      "direction": "BEARISH",
      "hit_rate_3m": "38.5% (5D)",
      "avg_return_3m": "+0.2% (5D)"
    },
    {
      "combo": "E",
      "name": "Valuation Extreme",
      "status": "CONFIRMED",
      "duration": "\u2014 \u00b7 legs CAPE, NFCI",
      "direction": "BEARISH",
      "hit_rate_3m": "18.9% (12M)",
      "avg_return_3m": "+10.9% (12M)"
    },
    {
      "combo": "F",
      "name": "Recovery",
      "status": "ACTIVE",
      "duration": "Week 12 of 26 (MEDIUM) \u00b7 started 2026-04-03",
      "direction": "BULLISH",
      "hit_rate_3m": "78.8% (6M)",
      "avg_return_3m": "+5.5% (6M)"
    },
    {
      "combo": "G",
      "name": "Hidden Stress",
      "status": "INACTIVE",
      "duration": "\u2014",
      "direction": "BEARISH",
      "hit_rate_3m": "N/A",
      "avg_return_3m": "N/A"
    }
  ],
  "regime_grid": [
    [
      "Fed Cycle",
      "CUTTING_LATE"
    ],
    [
      "Yield Curve",
      "FLAT"
    ],
    [
      "Geopolitical",
      "NEUTRAL"
    ],
    [
      "Valuation",
      "EXTREME CAPE 41.92x"
    ],
    [
      "Liquidity",
      "GLOBAL_EASY"
    ],
    [
      "SSI",
      "1.00\u00d7 (CONFIRMED)"
    ]
  ],
  "output_path": "macro_intelligence/output/runic_output.json",
  "briefing_paths": {
    "html": "macro_intelligence/output/runic_briefing_2026-06-23.html",
    "pdf": "macro_intelligence/output/runic_briefing_2026-06-23.pdf"
  }
}

--- source freshness (CAPE / CFTC) ---
{
  "report_date": "2026-06-23",
  "checked_at": "2026-06-23T18:00:05",
  "sources": {
    "CAPE": {
      "variable": "CAPE",
      "report_date": "2026-06-23",
      "source_date": "2026-06-16",
      "expected_source_date": null,
      "lag_days": 7,
      "stale": false,
      "refreshed": false,
      "note": ""
    },
    "CFTC": {
      "variable": "CFTC",
      "report_date": "2026-06-23",
      "source_date": "2026-06-16",
      "expected_source_date": "2026-06-16",
      "lag_days": 7,
      "stale": false,
      "refreshed": false,
      "note": ""
    }
  },
  "any_stale_after_refresh": false
}

--- briefing outputs ---
  html: macro_intelligence/output/runic_briefing_2026-06-23.html
  pdf: macro_intelligence/output/runic_briefing_2026-06-23.pdf

--- narrative ---

Combo F (Recovery) is the dominant signal, active for week 12 of 26 (started 2026-04-03), 14 weeks remaining in active window. Its validated 6M hit rate is 79% 6M (+5.5% avg), making it the highest-confidence signal in the current stack. Hedge fund positioning (CFTC Fast Money net -523,882 contracts, 1th percentile) remains extremely short, providing structural fuel for the recovery — the covering rally has not yet run its full course. The macro backdrop — CUTTING_LATE Fed cycle with flat yield curve and GLOBAL_EASY global liquidity — is broadly supportive of the dominant bullish signal. 

WTI crude has collapsed -22.1% in 4 weeks (1th percentile) — the sharpest oil drop in years — removing the stagflation pressure that previously activated Combo C. This disinflationary impulse reduces the CPI risk leg and gives the Fed room to ease further. CAPE at 41.9x (99th percentile) has confirmed Combo E (Valuation Extreme, CONFIRMED (legs: CAPE, NFCI), 18.9% (12M)). However, Combo E operates on a 12m horizon — a slow structural headwind, not a near-term catalyst. It does not override Combo F's momentum at week 12. VXTS (VIX term structure) at 1.10 flags mild complacency — near-term options are unusually cheap relative to the 3-month outlook. This keeps Combo D (FOMO Top) partially elevated but CFTC positioning at 1th percentile is far too short to confirm the crowding leg, so Combo D remains on WATCH only.

Competing signals: Combo B (Capitulation) is on WATCH (bullish); not yet firing. Combo C (Stagflation / Energy Shock) has been CANCELLED. Combo E (Valuation Extreme) is CONFIRMED (bearish, 18.9% (12M)).

System posture: TACTICAL EASY MONEY. A CPI release is pending this week — a hot surprise above +0.2pp would re-activate the Combo C inflation leg and shift posture. SSI Layer 2 is CONFIRMED, applying a 1.20x multiplier to position sizing.
/home/ubuntu/uiv2/git/MindWealth_UI/src/macro_intelligence/data/cftc_pull.py:261: UserWarning: Could not infer format, so each element will be parsed individually, falling back to `dateutil`. To ensure parsing is consistent and as-expected, please specify a format.
  sub[date_col] = pd.to_datetime(sub[date_col], errors="coerce")
/home/ubuntu/uiv2/git/MindWealth_UI/src/macro_intelligence/data/cftc_pull.py:261: UserWarning: Could not infer format, so each element will be parsed individually, falling back to `dateutil`. To ensure parsing is consistent and as-expected, please specify a format.
  sub[date_col] = pd.to_datetime(sub[date_col], errors="coerce")
{
  "date": "2026-06-24",
  "regime": {
    "fed_cycle": "CUTTING_LATE",
    "curve_regime": "STEEPENING",
    "val_regime": "EXTREME",
    "liquidity": "GLOBAL_EASY",
    "fed_cycle_source": "FRED_DFF",
    "curve_regime_source": "T10Y2Y",
    "val_regime_source": "CAPE",
    "liquidity_source": "NFCI",
    "geo_overlay": "NEUTRAL"
  },
  "dominant_signal": "F",
  "dominant_reason": "Combo F active (week 12, MEDIUM \u00b7 started 2026-04-03). 79% 6M hit rate. Outranks Combo E (19% 12M) on configured priority rank.",
  "brave_fearful": "TACTICAL_EASY_MONEY",
  "active_combos": [
    {
      "combo": "F",
      "status": "ACTIVE",
      "duration_weeks": 12,
      "duration_bucket": "MEDIUM",
      "episode_start": "2026-04-03",
      "confirmed_legs": [],
      "show_hit_rate": true,
      "primary_horizon": "spx_6m",
      "primary_label": "6M",
      "hit_rate_primary": 0.7883522727272727,
      "avg_return_primary": 5.543659716209679,
      "n_obs_primary": 704,
      "hit_rate_secondary": 0.7485795454545454,
      "avg_return_secondary": 2.651289286400214,
      "secondary_label": "3M",
      "n_obs_secondary": 704,
      "hit_rate_3m": 0.7883522727272727,
      "avg_return_3m": 5.543659716209679
    },
    {
      "combo": "E",
      "status": "CONFIRMED",
      "duration_weeks": null,
      "duration_bucket": null,
      "episode_start": null,
      "confirmed_legs": [
        "CAPE",
        "NFCI"
      ],
      "show_hit_rate": true,
      "primary_horizon": "spx_12m",
      "primary_label": "12M",
      "hit_rate_primary": 0.1889763779527559,
      "avg_return_primary": 10.9134740391346,
      "n_obs_primary": 508,
      "hit_rate_secondary": null,
      "avg_return_secondary": null,
      "secondary_label": null,
      "n_obs_secondary": null,
      "hit_rate_3m": 0.1889763779527559,
      "avg_return_3m": 10.9134740391346
    }
  ],
  "watch_combos": [],
  "persistence_signals": [
    {
      "signal_name": "FCI_EASING_STREAK",
      "var_id": "NFCI",
      "start_date": "2026-06-24",
      "end_date": null,
      "weeks_count": 6,
      "trigger_value": -0.516,
      "active": true
    }
  ],
  "ssi_multiplier": 1.2,
  "ssi_layer2_status": "CONFIRMED",
  "ssi_positioning_date": "2026-06-24",
  "vix_bypass": true,
  "analog_dates": [
    "2026-07-03",
    "2026-06-26",
    "2026-06-19"
  ],
  "analog_details": [
    {
      "date": "2026-07-03",
      "spx_3m_pct": 0.0,
      "primary_horizon": "spx_6m",
      "spx_1m_pct": 0.0,
      "spx_6m_pct": 0.0,
      "spx_12m_pct": 0.0
    },
    {
      "date": "2026-06-26",
      "spx_3m_pct": 0.0,
      "primary_horizon": "spx_6m",
      "spx_1m_pct": 0.0,
      "spx_6m_pct": 0.0,
      "spx_12m_pct": 0.0
    },
    {
      "date": "2026-06-19",
      "spx_3m_pct": 0.0,
      "primary_horizon": "spx_6m",
      "spx_1m_pct": 0.0,
      "spx_6m_pct": 0.0,
      "spx_12m_pct": 0.0
    }
  ],
  "spx_3m_forward_avg": 5.543659716209679,
  "spx_3m_hit_rate": 0.7883522727272727,
  "combo_f_active": true,
  "combo_f_weeks_elapsed": 12,
  "variables_dashboard": [
    {
      "num": 1,
      "variable": "NFCI",
      "current": -0.516,
      "tier": "NORMAL",
      "pctile_3yr": 37.921146953405014,
      "unconditional_pctile": 37.921146953405014,
      "regime_pctile": 37.921146953405014,
      "direction": null,
      "source_date": null,
      "lag_days": null,
      "expected_source_date": null
    },
    {
      "num": 2,
      "variable": "HY",
      "current": 2.71,
      "tier": "NORMAL",
      "pctile_3yr": 8.9058524173028,
      "unconditional_pctile": 8.9058524173028,
      "regime_pctile": 8.9058524173028,
      "direction": null,
      "source_date": null,
      "lag_days": null,
      "expected_source_date": null
    },
    {
      "num": 3,
      "variable": "WALCL",
      "current": 0.3393239706073192,
      "tier": "NORMAL",
      "pctile_3yr": 59.95850622406639,
      "unconditional_pctile": 59.95850622406639,
      "regime_pctile": 59.95850622406639,
      "direction": null,
      "source_date": null,
      "lag_days": null,
      "expected_source_date": null
    },
    {
      "num": 4,
      "variable": "CNH",
      "current": -0.4983461962513758,
      "tier": "NORMAL",
      "pctile_3yr": 33.60107095046854,
      "unconditional_pctile": 33.60107095046854,
      "regime_pctile": 33.60107095046854,
      "direction": null,
      "source_date": null,
      "lag_days": null,
      "expected_source_date": null
    },
    {
      "num": 5,
      "variable": "WTI",
      "current": -20.54578389490569,
      "tier": "EXTREME",
      "pctile_3yr": 0.7957559681697612,
      "unconditional_pctile": 0.7957559681697612,
      "regime_pctile": 0.7957559681697612,
      "direction": "DOWN",
      "source_date": null,
      "lag_days": null,
      "expected_source_date": null
    },
    {
      "num": 6,
      "variable": "VIX",
      "current": 19.989999771118164,
      "tier": "NORMAL",
      "pctile_3yr": 62.697289648416245,
      "unconditional_pctile": 62.697289648416245,
      "regime_pctile": 62.697289648416245,
      "direction": null,
      "source_date": null,
      "lag_days": null,
      "expected_source_date": null
    },
    {
      "num": 7,
      "variable": "VXTS",
      "current": 1.0600300538608924,
      "tier": "NORMAL",
      "pctile_3yr": 28.8339799877476,
      "unconditional_pctile": 28.8339799877476,
      "regime_pctile": 28.8339799877476,
      "direction": null,
      "source_date": null,
      "lag_days": null,
      "expected_source_date": null
    },
    {
      "num": 8,
      "variable": "CFTC",
      "current": -523882.0,
      "tier": "EXTREME",
      "pctile_3yr": 0.641025641025641,
      "unconditional_pctile": 0.641025641025641,
      "regime_pctile": 0.641025641025641,
      "direction": "DOWN",
      "source_date": "2026-06-16",
      "lag_days": 8,
      "expected_source_date": "2026-06-16",
      "cftc_rm_pctile": 81.29032258064515,
      "source_note": "CFTC.gov TFF \u00b7 Lev Money net \u00b7 data as of 2026-06-16, 8d lag vs report, expected Tue 2026-06-16"
    },
    {
      "num": 9,
      "variable": "CURVE",
      "current": 34.0,
      "tier": "NORMAL",
      "pctile_3yr": 32.12373111661738,
      "unconditional_pctile": 32.12373111661738,
      "regime_pctile": 32.12373111661738,
      "direction": null,
      "source_date": null,
      "lag_days": null,
      "expected_source_date": null
    },
    {
      "num": 10,
      "variable": "CPI",
      "current": 0.07291422864139674,
      "tier": "NORMAL",
      "pctile_3yr": 66.66666666666666,
      "unconditional_pctile": 66.66666666666666,
      "regime_pctile": 66.66666666666666,
      "direction": null,
      "source_date": null,
      "lag_days": null,
      "expected_source_date": null
    },
    {
      "num": 11,
      "variable": "GSR",
      "current": 16.989525747246304,
      "tier": "EXTREME",
      "pctile_3yr": 98.14323607427056,
      "unconditional_pctile": 98.14323607427056,
      "regime_pctile": 98.14323607427056,
      "direction": "UP",
      "source_date": null,
      "lag_days": null,
      "expected_source_date": null
    },
    {
      "num": 12,
      "variable": "CAPE",
      "current": 40.96,
      "tier": "EXTREME",
      "pctile_3yr": 98.85518030910131,
      "unconditional_pctile": 98.85518030910131,
      "regime_pctile": 98.85518030910131,
      "direction": "UP",
      "source_date": "2026-06-23",
      "lag_days": 1,
      "expected_source_date": null,
      "source_note": "multpl.com Shiller CAPE \u00b7 data as of 2026-06-23, 1d lag vs report"
    }
  ],
  "ppi_cooling": false,
  "combo_c_cancel": {
    "wti_potential_week": 4,
    "active": false,
    "last_check_date": "2026-07-03",
    "cancel_date": "2026-07-03",
    "cancelled": true,
    "model_cancel_prob": 0.14861184000000002,
    "model_wti_leg_prob": 0.5496,
    "model_cpi_leg_prob": 0.27040000000000003
  },
  "cftc_status": "PENDING_CFTC_CONFIRM",
  "pending_cpi_release": true,
  "system_recommendation": "TACTICAL EASY MONEY \u2014 Combo F recovery window active; hold/add tactically per conviction. Respect Combo C if also active. \u2014 CPI release pending this week \u2014 watch inflation leg.",
  "generic_combo_watch": [
    {
      "vars": [
        "WTI"
      ],
      "status": "ACTIVE",
      "gate": "SIGNAL"
    },
    {
      "vars": [
        "CFTC"
      ],
      "status": "ACTIVE",
      "gate": "SIGNAL"
    },
    {
      "vars": [
        "GSR"
      ],
      "status": "ACTIVE",
      "gate": "SIGNAL"
    },
    {
      "vars": [
        "CAPE"
      ],
      "status": "ACTIVE",
      "gate": "SIGNAL"
    },
    {
      "vars": [
        "WTI",
        "CFTC"
      ],
      "status": "ACTIVE",
      "gate": "SIGNAL"
    },
    {
      "vars": [
        "WTI",
        "GSR"
      ],
      "status": "ACTIVE",
      "gate": "SIGNAL"
    },
    {
      "vars": [
        "WTI",
        "CAPE"
      ],
      "status": "ACTIVE",
      "gate": "SIGNAL"
    },
    {
      "vars": [
        "CFTC",
        "GSR"
      ],
      "status": "ACTIVE",
      "gate": "SIGNAL"
    },
    {
      "vars": [
        "CFTC",
        "CAPE"
      ],
      "status": "ACTIVE",
      "gate": "SIGNAL"
    },
    {
      "vars": [
        "GSR",
        "CAPE"
      ],
      "status": "ACTIVE",
      "gate": "SIGNAL"
    }
  ],
  "source_freshness": {
    "report_date": "2026-06-24",
    "checked_at": "2026-06-24T18:00:05",
    "sources": {
      "CAPE": {
        "variable": "CAPE",
        "report_date": "2026-06-24",
        "source_date": "2026-06-23",
        "expected_source_date": null,
        "lag_days": 1,
        "stale": false,
        "refreshed": true,
        "note": ""
      },
      "CFTC": {
        "variable": "CFTC",
        "report_date": "2026-06-24",
        "source_date": "2026-06-16",
        "expected_source_date": "2026-06-16",
        "lag_days": 8,
        "stale": false,
        "refreshed": false,
        "note": ""
      }
    },
    "any_stale_after_refresh": false
  },
  "brave_fearful_display": "TACTICAL EASY MONEY",
  "combo_status_rows": [
    {
      "combo": "A",
      "name": "Liquidity",
      "status": "INACTIVE",
      "duration": "\u2014",
      "direction": "BEARISH",
      "hit_rate_3m": "83.3% (6M)",
      "avg_return_3m": "+6.7% (6M)"
    },
    {
      "combo": "B",
      "name": "Capitulation",
      "status": "INACTIVE",
      "duration": "\u2014",
      "direction": "BULLISH",
      "hit_rate_3m": "74.8% (3M)",
      "avg_return_3m": "+4.6% (3M)"
    },
    {
      "combo": "C",
      "name": "Stagflation / Energy Shock",
      "status": "CANCELLED",
      "duration": "cancelled 2026-07-03",
      "direction": "BEARISH",
      "hit_rate_3m": "66.7% (6M)",
      "avg_return_3m": "-4.6% (6M)"
    },
    {
      "combo": "D",
      "name": "FOMO Top",
      "status": "INACTIVE",
      "duration": "\u2014",
      "direction": "BEARISH",
      "hit_rate_3m": "38.5% (5D)",
      "avg_return_3m": "+0.2% (5D)"
    },
    {
      "combo": "E",
      "name": "Valuation Extreme",
      "status": "CONFIRMED",
      "duration": "\u2014 \u00b7 legs CAPE, NFCI",
      "direction": "BEARISH",
      "hit_rate_3m": "18.9% (12M)",
      "avg_return_3m": "+10.9% (12M)"
    },
    {
      "combo": "F",
      "name": "Recovery",
      "status": "ACTIVE",
      "duration": "Week 12 of 26 (MEDIUM) \u00b7 started 2026-04-03",
      "direction": "BULLISH",
      "hit_rate_3m": "78.8% (6M)",
      "avg_return_3m": "+5.5% (6M)"
    },
    {
      "combo": "G",
      "name": "Hidden Stress",
      "status": "INACTIVE",
      "duration": "\u2014",
      "direction": "BEARISH",
      "hit_rate_3m": "N/A",
      "avg_return_3m": "N/A"
    }
  ],
  "regime_grid": [
    [
      "Fed Cycle",
      "CUTTING_LATE"
    ],
    [
      "Yield Curve",
      "STEEPENING"
    ],
    [
      "Geopolitical",
      "NEUTRAL"
    ],
    [
      "Valuation",
      "EXTREME CAPE 40.96x"
    ],
    [
      "Liquidity",
      "GLOBAL_EASY"
    ],
    [
      "SSI",
      "1.20\u00d7 (CONFIRMED)"
    ]
  ],
  "output_path": "macro_intelligence/output/runic_output.json",
  "briefing_paths": {
    "html": "macro_intelligence/output/runic_briefing_2026-06-24.html",
    "pdf": "macro_intelligence/output/runic_briefing_2026-06-24.pdf"
  }
}

--- source freshness (CAPE / CFTC) ---
{
  "report_date": "2026-06-24",
  "checked_at": "2026-06-24T18:00:05",
  "sources": {
    "CAPE": {
      "variable": "CAPE",
      "report_date": "2026-06-24",
      "source_date": "2026-06-23",
      "expected_source_date": null,
      "lag_days": 1,
      "stale": false,
      "refreshed": true,
      "note": ""
    },
    "CFTC": {
      "variable": "CFTC",
      "report_date": "2026-06-24",
      "source_date": "2026-06-16",
      "expected_source_date": "2026-06-16",
      "lag_days": 8,
      "stale": false,
      "refreshed": false,
      "note": ""
    }
  },
  "any_stale_after_refresh": false
}

--- briefing outputs ---
  html: macro_intelligence/output/runic_briefing_2026-06-24.html
  pdf: macro_intelligence/output/runic_briefing_2026-06-24.pdf

--- narrative ---

Combo F (Recovery) is the dominant signal, active for week 12 of 26 (started 2026-04-03), 14 weeks remaining in active window. Its validated 6M hit rate is 79% 6M (+5.5% avg), making it the highest-confidence signal in the current stack. Hedge fund positioning (CFTC Fast Money net -523,882 contracts, 1th percentile) remains extremely short, providing structural fuel for the recovery — the covering rally has not yet run its full course. The macro backdrop — CUTTING_LATE Fed cycle with steepening yield curve and GLOBAL_EASY global liquidity — is broadly supportive of the dominant bullish signal. 

WTI crude has collapsed -20.5% in 4 weeks (1th percentile) — the sharpest oil drop in years — removing the stagflation pressure that previously activated Combo C. This disinflationary impulse reduces the CPI risk leg and gives the Fed room to ease further. CAPE at 41.0x (99th percentile) has confirmed Combo E (Valuation Extreme, CONFIRMED (legs: CAPE, NFCI), 18.9% (12M)). However, Combo E operates on a 12m horizon — a slow structural headwind, not a near-term catalyst. It does not override Combo F's momentum at week 12.

Competing signals: Combo C (Stagflation / Energy Shock) has been CANCELLED. Combo E (Valuation Extreme) is CONFIRMED (bearish, 18.9% (12M)).

System posture: TACTICAL EASY MONEY. A CPI release is pending this week — a hot surprise above +0.2pp would re-activate the Combo C inflation leg and shift posture. SSI Layer 2 is CONFIRMED, applying a 1.20x multiplier to position sizing.
/home/ubuntu/uiv2/git/MindWealth_UI/src/macro_intelligence/data/cftc_pull.py:261: UserWarning: Could not infer format, so each element will be parsed individually, falling back to `dateutil`. To ensure parsing is consistent and as-expected, please specify a format.
  sub[date_col] = pd.to_datetime(sub[date_col], errors="coerce")
/home/ubuntu/uiv2/git/MindWealth_UI/src/macro_intelligence/data/cftc_pull.py:261: UserWarning: Could not infer format, so each element will be parsed individually, falling back to `dateutil`. To ensure parsing is consistent and as-expected, please specify a format.
  sub[date_col] = pd.to_datetime(sub[date_col], errors="coerce")
{
  "date": "2026-06-25",
  "regime": {
    "fed_cycle": "CUTTING_LATE",
    "curve_regime": "STEEPENING",
    "val_regime": "EXTREME",
    "liquidity": "GLOBAL_EASY",
    "fed_cycle_source": "FRED_DFF",
    "curve_regime_source": "T10Y2Y",
    "val_regime_source": "CAPE",
    "liquidity_source": "NFCI",
    "geo_overlay": "NEUTRAL"
  },
  "dominant_signal": "F",
  "dominant_reason": "Combo F active (week 12, MEDIUM \u00b7 started 2026-04-03). 79% 6M hit rate. Outranks Combo E (19% 12M) on configured priority rank.",
  "brave_fearful": "TACTICAL_EASY_MONEY",
  "active_combos": [
    {
      "combo": "F",
      "status": "ACTIVE",
      "duration_weeks": 12,
      "duration_bucket": "MEDIUM",
      "episode_start": "2026-04-03",
      "confirmed_legs": [],
      "show_hit_rate": true,
      "primary_horizon": "spx_6m",
      "primary_label": "6M",
      "hit_rate_primary": 0.7883522727272727,
      "avg_return_primary": 5.543659716209679,
      "n_obs_primary": 704,
      "hit_rate_secondary": 0.7485795454545454,
      "avg_return_secondary": 2.651289286400214,
      "secondary_label": "3M",
      "n_obs_secondary": 704,
      "hit_rate_3m": 0.7883522727272727,
      "avg_return_3m": 5.543659716209679
    },
    {
      "combo": "E",
      "status": "CONFIRMED",
      "duration_weeks": null,
      "duration_bucket": null,
      "episode_start": null,
      "confirmed_legs": [
        "CAPE",
        "NFCI"
      ],
      "show_hit_rate": true,
      "primary_horizon": "spx_12m",
      "primary_label": "12M",
      "hit_rate_primary": 0.1889763779527559,
      "avg_return_primary": 10.9134740391346,
      "n_obs_primary": 508,
      "hit_rate_secondary": null,
      "avg_return_secondary": null,
      "secondary_label": null,
      "n_obs_secondary": null,
      "hit_rate_3m": 0.1889763779527559,
      "avg_return_3m": 10.9134740391346
    }
  ],
  "watch_combos": [],
  "persistence_signals": [
    {
      "signal_name": "FCI_EASING_STREAK",
      "var_id": "NFCI",
      "start_date": "2026-06-25",
      "end_date": null,
      "weeks_count": 6,
      "trigger_value": -0.516,
      "active": true
    }
  ],
  "ssi_multiplier": 1.2,
  "ssi_layer2_status": "CONFIRMED",
  "ssi_positioning_date": "2026-06-25",
  "vix_bypass": true,
  "analog_dates": [
    "2026-07-03",
    "2026-06-26",
    "2026-06-19"
  ],
  "analog_details": [
    {
      "date": "2026-07-03",
      "spx_3m_pct": 0.0,
      "primary_horizon": "spx_6m",
      "spx_1m_pct": 0.0,
      "spx_6m_pct": 0.0,
      "spx_12m_pct": 0.0
    },
    {
      "date": "2026-06-26",
      "spx_3m_pct": 0.0,
      "primary_horizon": "spx_6m",
      "spx_1m_pct": 0.0,
      "spx_6m_pct": 0.0,
      "spx_12m_pct": 0.0
    },
    {
      "date": "2026-06-19",
      "spx_3m_pct": 0.0,
      "primary_horizon": "spx_6m",
      "spx_1m_pct": 0.0,
      "spx_6m_pct": 0.0,
      "spx_12m_pct": 0.0
    }
  ],
  "spx_3m_forward_avg": 5.543659716209679,
  "spx_3m_hit_rate": 0.7883522727272727,
  "combo_f_active": true,
  "combo_f_weeks_elapsed": 12,
  "variables_dashboard": [
    {
      "num": 1,
      "variable": "NFCI",
      "current": -0.516,
      "tier": "NORMAL",
      "pctile_3yr": 37.921146953405014,
      "unconditional_pctile": 37.921146953405014,
      "regime_pctile": 37.921146953405014,
      "direction": null,
      "source_date": null,
      "lag_days": null,
      "expected_source_date": null
    },
    {
      "num": 2,
      "variable": "HY",
      "current": 2.71,
      "tier": "NORMAL",
      "pctile_3yr": 8.9058524173028,
      "unconditional_pctile": 8.9058524173028,
      "regime_pctile": 8.9058524173028,
      "direction": null,
      "source_date": null,
      "lag_days": null,
      "expected_source_date": null
    },
    {
      "num": 3,
      "variable": "WALCL",
      "current": 0.3393239706073192,
      "tier": "NORMAL",
      "pctile_3yr": 59.95850622406639,
      "unconditional_pctile": 59.95850622406639,
      "regime_pctile": 59.95850622406639,
      "direction": null,
      "source_date": null,
      "lag_days": null,
      "expected_source_date": null
    },
    {
      "num": 4,
      "variable": "CNH",
      "current": -0.4983461962513758,
      "tier": "NORMAL",
      "pctile_3yr": 33.60107095046854,
      "unconditional_pctile": 33.60107095046854,
      "regime_pctile": 33.60107095046854,
      "direction": null,
      "source_date": null,
      "lag_days": null,
      "expected_source_date": null
    },
    {
      "num": 5,
      "variable": "WTI",
      "current": -19.561303814585628,
      "tier": "EXTREME",
      "pctile_3yr": 1.0596026490066226,
      "unconditional_pctile": 1.0596026490066226,
      "regime_pctile": 1.0596026490066226,
      "direction": "DOWN",
      "source_date": null,
      "lag_days": null,
      "expected_source_date": null
    },
    {
      "num": 6,
      "variable": "VIX",
      "current": 19.06999969482422,
      "tier": "NORMAL",
      "pctile_3yr": 57.86895951240749,
      "unconditional_pctile": 57.86895951240749,
      "regime_pctile": 57.86895951240749,
      "direction": null,
      "source_date": null,
      "lag_days": null,
      "expected_source_date": null
    },
    {
      "num": 7,
      "variable": "VXTS",
      "current": 1.072889324168458,
      "tier": "NORMAL",
      "pctile_3yr": 33.653257096181335,
      "unconditional_pctile": 33.653257096181335,
      "regime_pctile": 33.653257096181335,
      "direction": null,
      "source_date": null,
      "lag_days": null,
      "expected_source_date": null
    },
    {
      "num": 8,
      "variable": "CFTC",
      "current": -523882.0,
      "tier": "EXTREME",
      "pctile_3yr": 0.641025641025641,
      "unconditional_pctile": 0.641025641025641,
      "regime_pctile": 0.641025641025641,
      "direction": "DOWN",
      "source_date": "2026-06-16",
      "lag_days": 9,
      "expected_source_date": "2026-06-16",
      "cftc_rm_pctile": 81.29032258064515,
      "source_note": "CFTC.gov TFF \u00b7 Lev Money net \u00b7 data as of 2026-06-16, 9d lag vs report, expected Tue 2026-06-16"
    },
    {
      "num": 9,
      "variable": "CURVE",
      "current": 30.0,
      "tier": "NORMAL",
      "pctile_3yr": 30.778452685421996,
      "unconditional_pctile": 30.778452685421996,
      "regime_pctile": 30.778452685421996,
      "direction": null,
      "source_date": null,
      "lag_days": null,
      "expected_source_date": null
    },
    {
      "num": 10,
      "variable": "CPI",
      "current": 0.07291422864139674,
      "tier": "NORMAL",
      "pctile_3yr": 68.18181818181817,
      "unconditional_pctile": 68.18181818181817,
      "regime_pctile": 68.18181818181817,
      "direction": null,
      "source_date": null,
      "lag_days": null,
      "expected_source_date": null
    },
    {
      "num": 11,
      "variable": "GSR",
      "current": 16.9701389472388,
      "tier": "EXTREME",
      "pctile_3yr": 98.1456953642384,
      "unconditional_pctile": 98.1456953642384,
      "regime_pctile": 98.1456953642384,
      "direction": "UP",
      "source_date": null,
      "lag_days": null,
      "expected_source_date": null
    },
    {
      "num": 12,
      "variable": "CAPE",
      "current": 40.96,
      "tier": "EXTREME",
      "pctile_3yr": 98.85518030910131,
      "unconditional_pctile": 98.85518030910131,
      "regime_pctile": 98.85518030910131,
      "direction": "UP",
      "source_date": "2026-06-23",
      "lag_days": 2,
      "expected_source_date": null,
      "source_note": "multpl.com Shiller CAPE \u00b7 data as of 2026-06-23, 2d lag vs report"
    }
  ],
  "ppi_cooling": false,
  "combo_c_cancel": {
    "wti_potential_week": 4,
    "active": false,
    "last_check_date": "2026-07-03",
    "cancel_date": "2026-07-03",
    "cancelled": true,
    "model_cancel_prob": 0.14861184000000002,
    "model_wti_leg_prob": 0.5496,
    "model_cpi_leg_prob": 0.27040000000000003
  },
  "cftc_status": "PENDING_CFTC_CONFIRM",
  "pending_cpi_release": true,
  "system_recommendation": "TACTICAL EASY MONEY \u2014 Combo F recovery window active; hold/add tactically per conviction. Respect Combo C if also active. \u2014 CPI release pending this week \u2014 watch inflation leg.",
  "generic_combo_watch": [
    {
      "vars": [
        "WTI"
      ],
      "status": "ACTIVE",
      "gate": "SIGNAL"
    },
    {
      "vars": [
        "CFTC"
      ],
      "status": "ACTIVE",
      "gate": "SIGNAL"
    },
    {
      "vars": [
        "GSR"
      ],
      "status": "ACTIVE",
      "gate": "SIGNAL"
    },
    {
      "vars": [
        "CAPE"
      ],
      "status": "ACTIVE",
      "gate": "SIGNAL"
    },
    {
      "vars": [
        "WTI",
        "CFTC"
      ],
      "status": "ACTIVE",
      "gate": "SIGNAL"
    },
    {
      "vars": [
        "WTI",
        "GSR"
      ],
      "status": "ACTIVE",
      "gate": "SIGNAL"
    },
    {
      "vars": [
        "WTI",
        "CAPE"
      ],
      "status": "ACTIVE",
      "gate": "SIGNAL"
    },
    {
      "vars": [
        "CFTC",
        "GSR"
      ],
      "status": "ACTIVE",
      "gate": "SIGNAL"
    },
    {
      "vars": [
        "CFTC",
        "CAPE"
      ],
      "status": "ACTIVE",
      "gate": "SIGNAL"
    },
    {
      "vars": [
        "GSR",
        "CAPE"
      ],
      "status": "ACTIVE",
      "gate": "SIGNAL"
    }
  ],
  "source_freshness": {
    "report_date": "2026-06-25",
    "checked_at": "2026-06-25T18:00:03",
    "sources": {
      "CAPE": {
        "variable": "CAPE",
        "report_date": "2026-06-25",
        "source_date": "2026-06-23",
        "expected_source_date": null,
        "lag_days": 2,
        "stale": false,
        "refreshed": false,
        "note": ""
      },
      "CFTC": {
        "variable": "CFTC",
        "report_date": "2026-06-25",
        "source_date": "2026-06-16",
        "expected_source_date": "2026-06-16",
        "lag_days": 9,
        "stale": false,
        "refreshed": false,
        "note": ""
      }
    },
    "any_stale_after_refresh": false
  },
  "brave_fearful_display": "TACTICAL EASY MONEY",
  "combo_status_rows": [
    {
      "combo": "A",
      "name": "Liquidity",
      "status": "INACTIVE",
      "duration": "\u2014",
      "direction": "BEARISH",
      "hit_rate_3m": "83.3% (6M)",
      "avg_return_3m": "+6.7% (6M)"
    },
    {
      "combo": "B",
      "name": "Capitulation",
      "status": "INACTIVE",
      "duration": "\u2014",
      "direction": "BULLISH",
      "hit_rate_3m": "74.8% (3M)",
      "avg_return_3m": "+4.6% (3M)"
    },
    {
      "combo": "C",
      "name": "Stagflation / Energy Shock",
      "status": "CANCELLED",
      "duration": "cancelled 2026-07-03",
      "direction": "BEARISH",
      "hit_rate_3m": "66.7% (6M)",
      "avg_return_3m": "-4.6% (6M)"
    },
    {
      "combo": "D",
      "name": "FOMO Top",
      "status": "INACTIVE",
      "duration": "\u2014",
      "direction": "BEARISH",
      "hit_rate_3m": "38.5% (5D)",
      "avg_return_3m": "+0.2% (5D)"
    },
    {
      "combo": "E",
      "name": "Valuation Extreme",
      "status": "CONFIRMED",
      "duration": "\u2014 \u00b7 legs CAPE, NFCI",
      "direction": "BEARISH",
      "hit_rate_3m": "18.9% (12M)",
      "avg_return_3m": "+10.9% (12M)"
    },
    {
      "combo": "F",
      "name": "Recovery",
      "status": "ACTIVE",
      "duration": "Week 12 of 26 (MEDIUM) \u00b7 started 2026-04-03",
      "direction": "BULLISH",
      "hit_rate_3m": "78.8% (6M)",
      "avg_return_3m": "+5.5% (6M)"
    },
    {
      "combo": "G",
      "name": "Hidden Stress",
      "status": "INACTIVE",
      "duration": "\u2014",
      "direction": "BEARISH",
      "hit_rate_3m": "N/A",
      "avg_return_3m": "N/A"
    }
  ],
  "regime_grid": [
    [
      "Fed Cycle",
      "CUTTING_LATE"
    ],
    [
      "Yield Curve",
      "STEEPENING"
    ],
    [
      "Geopolitical",
      "NEUTRAL"
    ],
    [
      "Valuation",
      "EXTREME CAPE 40.96x"
    ],
    [
      "Liquidity",
      "GLOBAL_EASY"
    ],
    [
      "SSI",
      "1.20\u00d7 (CONFIRMED)"
    ]
  ],
  "output_path": "macro_intelligence/output/runic_output.json",
  "briefing_paths": {
    "html": "macro_intelligence/output/runic_briefing_2026-06-25.html",
    "pdf": "macro_intelligence/output/runic_briefing_2026-06-25.pdf"
  }
}

--- source freshness (CAPE / CFTC) ---
{
  "report_date": "2026-06-25",
  "checked_at": "2026-06-25T18:00:03",
  "sources": {
    "CAPE": {
      "variable": "CAPE",
      "report_date": "2026-06-25",
      "source_date": "2026-06-23",
      "expected_source_date": null,
      "lag_days": 2,
      "stale": false,
      "refreshed": false,
      "note": ""
    },
    "CFTC": {
      "variable": "CFTC",
      "report_date": "2026-06-25",
      "source_date": "2026-06-16",
      "expected_source_date": "2026-06-16",
      "lag_days": 9,
      "stale": false,
      "refreshed": false,
      "note": ""
    }
  },
  "any_stale_after_refresh": false
}

--- briefing outputs ---
  html: macro_intelligence/output/runic_briefing_2026-06-25.html
  pdf: macro_intelligence/output/runic_briefing_2026-06-25.pdf

--- narrative ---

Combo F (Recovery) is the dominant signal, active for week 12 of 26 (started 2026-04-03), 14 weeks remaining in active window. Its validated 6M hit rate is 79% 6M (+5.5% avg), making it the highest-confidence signal in the current stack. Hedge fund positioning (CFTC Fast Money net -523,882 contracts, 1th percentile) remains extremely short, providing structural fuel for the recovery — the covering rally has not yet run its full course. The macro backdrop — CUTTING_LATE Fed cycle with steepening yield curve and GLOBAL_EASY global liquidity — is broadly supportive of the dominant bullish signal. 

WTI crude has collapsed -19.6% in 4 weeks (1th percentile) — the sharpest oil drop in years — removing the stagflation pressure that previously activated Combo C. This disinflationary impulse reduces the CPI risk leg and gives the Fed room to ease further. CAPE at 41.0x (99th percentile) has confirmed Combo E (Valuation Extreme, CONFIRMED (legs: CAPE, NFCI), 18.9% (12M)). However, Combo E operates on a 12m horizon — a slow structural headwind, not a near-term catalyst. It does not override Combo F's momentum at week 12.

Competing signals: Combo C (Stagflation / Energy Shock) has been CANCELLED. Combo E (Valuation Extreme) is CONFIRMED (bearish, 18.9% (12M)).

System posture: TACTICAL EASY MONEY. A CPI release is pending this week — a hot surprise above +0.2pp would re-activate the Combo C inflation leg and shift posture. SSI Layer 2 is CONFIRMED, applying a 1.20x multiplier to position sizing.
/home/ubuntu/uiv2/git/MindWealth_UI/src/macro_intelligence/data/cftc_pull.py:261: UserWarning: Could not infer format, so each element will be parsed individually, falling back to `dateutil`. To ensure parsing is consistent and as-expected, please specify a format.
  sub[date_col] = pd.to_datetime(sub[date_col], errors="coerce")
/home/ubuntu/uiv2/git/MindWealth_UI/src/macro_intelligence/data/cftc_pull.py:261: UserWarning: Could not infer format, so each element will be parsed individually, falling back to `dateutil`. To ensure parsing is consistent and as-expected, please specify a format.
  sub[date_col] = pd.to_datetime(sub[date_col], errors="coerce")
CFTC freshness: CFTC source 2026-06-16 older than expected 2026-06-23 (report lag 10d, expected max 3d) (ZIP refresh did not reach expected Tuesday)
/home/ubuntu/uiv2/git/MindWealth_UI/src/macro_intelligence/data/cftc_pull.py:261: UserWarning: Could not infer format, so each element will be parsed individually, falling back to `dateutil`. To ensure parsing is consistent and as-expected, please specify a format.
  sub[date_col] = pd.to_datetime(sub[date_col], errors="coerce")
/home/ubuntu/uiv2/git/MindWealth_UI/src/macro_intelligence/data/cftc_pull.py:261: UserWarning: Could not infer format, so each element will be parsed individually, falling back to `dateutil`. To ensure parsing is consistent and as-expected, please specify a format.
  sub[date_col] = pd.to_datetime(sub[date_col], errors="coerce")
/home/ubuntu/uiv2/git/MindWealth_UI/src/macro_intelligence/data/cftc_pull.py:261: UserWarning: Could not infer format, so each element will be parsed individually, falling back to `dateutil`. To ensure parsing is consistent and as-expected, please specify a format.
  sub[date_col] = pd.to_datetime(sub[date_col], errors="coerce")
{
  "date": "2026-06-26",
  "regime": {
    "fed_cycle": "CUTTING_LATE",
    "curve_regime": "STEEPENING",
    "val_regime": "EXTREME",
    "liquidity": "GLOBAL_EASY",
    "fed_cycle_source": "FRED_DFF",
    "curve_regime_source": "T10Y2Y",
    "val_regime_source": "CAPE",
    "liquidity_source": "NFCI",
    "geo_overlay": "NEUTRAL"
  },
  "dominant_signal": "F",
  "dominant_reason": "Combo F active (week 13, MEDIUM \u00b7 started 2026-04-03). 79% 6M hit rate. Outranks Combo E (19% 12M) on configured priority rank.",
  "brave_fearful": "TACTICAL_EASY_MONEY",
  "active_combos": [
    {
      "combo": "F",
      "status": "ACTIVE",
      "duration_weeks": 13,
      "duration_bucket": "MEDIUM",
      "episode_start": "2026-04-03",
      "confirmed_legs": [],
      "show_hit_rate": true,
      "primary_horizon": "spx_6m",
      "primary_label": "6M",
      "hit_rate_primary": 0.7883522727272727,
      "avg_return_primary": 5.543659716209679,
      "n_obs_primary": 704,
      "hit_rate_secondary": 0.7485795454545454,
      "avg_return_secondary": 2.651289286400214,
      "secondary_label": "3M",
      "n_obs_secondary": 704,
      "hit_rate_3m": 0.7883522727272727,
      "avg_return_3m": 5.543659716209679
    },
    {
      "combo": "E",
      "status": "CONFIRMED",
      "duration_weeks": null,
      "duration_bucket": null,
      "episode_start": null,
      "confirmed_legs": [
        "CAPE",
        "NFCI"
      ],
      "show_hit_rate": true,
      "primary_horizon": "spx_12m",
      "primary_label": "12M",
      "hit_rate_primary": 0.1889763779527559,
      "avg_return_primary": 10.9134740391346,
      "n_obs_primary": 508,
      "hit_rate_secondary": null,
      "avg_return_secondary": null,
      "secondary_label": null,
      "n_obs_secondary": null,
      "hit_rate_3m": 0.1889763779527559,
      "avg_return_3m": 10.9134740391346
    }
  ],
  "watch_combos": [],
  "persistence_signals": [
    {
      "signal_name": "FCI_EASING_STREAK",
      "var_id": "NFCI",
      "start_date": "2026-06-26",
      "end_date": null,
      "weeks_count": 6,
      "trigger_value": -0.516,
      "active": true
    }
  ],
  "ssi_multiplier": 1.2,
  "ssi_layer2_status": "CONFIRMED",
  "ssi_positioning_date": "2026-06-26",
  "vix_bypass": true,
  "analog_dates": [
    "2026-07-03",
    "2026-06-26",
    "2026-06-19"
  ],
  "analog_details": [
    {
      "date": "2026-07-03",
      "spx_3m_pct": 0.0,
      "primary_horizon": "spx_6m",
      "spx_1m_pct": 0.0,
      "spx_6m_pct": 0.0,
      "spx_12m_pct": 0.0
    },
    {
      "date": "2026-06-26",
      "spx_3m_pct": 0.0,
      "primary_horizon": "spx_6m",
      "spx_1m_pct": 0.0,
      "spx_6m_pct": 0.0,
      "spx_12m_pct": 0.0
    },
    {
      "date": "2026-06-19",
      "spx_3m_pct": 0.0,
      "primary_horizon": "spx_6m",
      "spx_1m_pct": 0.0,
      "spx_6m_pct": 0.0,
      "spx_12m_pct": 0.0
    }
  ],
  "spx_3m_forward_avg": 5.543659716209679,
  "spx_3m_hit_rate": 0.7883522727272727,
  "combo_f_active": true,
  "combo_f_weeks_elapsed": 13,
  "variables_dashboard": [
    {
      "num": 1,
      "variable": "NFCI",
      "current": -0.516,
      "tier": "NORMAL",
      "pctile_3yr": 37.921146953405014,
      "unconditional_pctile": 37.921146953405014,
      "regime_pctile": 37.921146953405014,
      "direction": null,
      "source_date": null,
      "lag_days": null,
      "expected_source_date": null
    },
    {
      "num": 2,
      "variable": "HY",
      "current": 2.78,
      "tier": "NORMAL",
      "pctile_3yr": 15.756035578144854,
      "unconditional_pctile": 15.756035578144854,
      "regime_pctile": 15.756035578144854,
      "direction": null,
      "source_date": null,
      "lag_days": null,
      "expected_source_date": null
    },
    {
      "num": 3,
      "variable": "WALCL",
      "current": 0.46629197645779996,
      "tier": "NORMAL",
      "pctile_3yr": 63.626943005181346,
      "unconditional_pctile": 63.626943005181346,
      "regime_pctile": 63.626943005181346,
      "direction": null,
      "source_date": null,
      "lag_days": null,
      "expected_source_date": null
    },
    {
      "num": 4,
      "variable": "CNH",
      "current": -0.4983461962513758,
      "tier": "NORMAL",
      "pctile_3yr": 33.60107095046854,
      "unconditional_pctile": 33.60107095046854,
      "regime_pctile": 33.60107095046854,
      "direction": null,
      "source_date": null,
      "lag_days": null,
      "expected_source_date": null
    },
    {
      "num": 5,
      "variable": "WTI",
      "current": -20.661633385587464,
      "tier": "EXTREME",
      "pctile_3yr": 0.9259259259259258,
      "unconditional_pctile": 0.9259259259259258,
      "regime_pctile": 0.9259259259259258,
      "direction": "DOWN",
      "source_date": null,
      "lag_days": null,
      "expected_source_date": null
    },
    {
      "num": 6,
      "variable": "VIX",
      "current": 18.809999465942383,
      "tier": "NORMAL",
      "pctile_3yr": 56.66557840896724,
      "unconditional_pctile": 56.66557840896724,
      "regime_pctile": 56.66557840896724,
      "direction": null,
      "source_date": null,
      "lag_days": null,
      "expected_source_date": null
    },
    {
      "num": 7,
      "variable": "VXTS",
      "current": 1.0802764631448214,
      "tier": "NORMAL",
      "pctile_3yr": 36.287522973248926,
      "unconditional_pctile": 36.287522973248926,
      "regime_pctile": 36.287522973248926,
      "direction": null,
      "source_date": null,
      "lag_days": null,
      "expected_source_date": null
    },
    {
      "num": 8,
      "variable": "CFTC",
      "current": -523882.0,
      "tier": "EXTREME",
      "pctile_3yr": 0.641025641025641,
      "unconditional_pctile": 0.641025641025641,
      "regime_pctile": 0.641025641025641,
      "direction": "DOWN",
      "source_date": "2026-06-16",
      "lag_days": 10,
      "expected_source_date": "2026-06-23",
      "cftc_rm_pctile": 81.29032258064515,
      "source_note": "CFTC.gov TFF \u00b7 Lev Money net \u00b7 data as of 2026-06-16, 10d lag vs report, expected Tue 2026-06-23"
    },
    {
      "num": 9,
      "variable": "CURVE",
      "current": 31.0,
      "tier": "NORMAL",
      "pctile_3yr": 31.047710381203547,
      "unconditional_pctile": 31.047710381203547,
      "regime_pctile": 31.047710381203547,
      "direction": null,
      "source_date": null,
      "lag_days": null,
      "expected_source_date": null
    },
    {
      "num": 10,
      "variable": "CPI",
      "current": 0.07291422864139674,
      "tier": "NORMAL",
      "pctile_3yr": 69.56521739130434,
      "unconditional_pctile": 69.56521739130434,
      "regime_pctile": 69.56521739130434,
      "direction": null,
      "source_date": null,
      "lag_days": null,
      "expected_source_date": null
    },
    {
      "num": 11,
      "variable": "GSR",
      "current": 14.007904750493893,
      "tier": "EXTREME",
      "pctile_3yr": 96.16402116402116,
      "unconditional_pctile": 96.16402116402116,
      "regime_pctile": 96.16402116402116,
      "direction": "UP",
      "source_date": null,
      "lag_days": null,
      "expected_source_date": null
    },
    {
      "num": 12,
      "variable": "CAPE",
      "current": 40.96,
      "tier": "EXTREME",
      "pctile_3yr": 98.85518030910131,
      "unconditional_pctile": 98.85518030910131,
      "regime_pctile": 98.85518030910131,
      "direction": "UP",
      "source_date": "2026-06-23",
      "lag_days": 3,
      "expected_source_date": null,
      "source_note": "multpl.com Shiller CAPE \u00b7 data as of 2026-06-23, 3d lag vs report"
    }
  ],
  "ppi_cooling": false,
  "combo_c_cancel": {
    "wti_potential_week": 4,
    "active": false,
    "last_check_date": "2026-07-03",
    "cancel_date": "2026-07-03",
    "cancelled": true,
    "model_cancel_prob": 0.14861184000000002,
    "model_wti_leg_prob": 0.5496,
    "model_cpi_leg_prob": 0.27040000000000003
  },
  "cftc_status": "CONFIRMED",
  "pending_cpi_release": true,
  "system_recommendation": "TACTICAL EASY MONEY \u2014 Combo F recovery window active; hold/add tactically per conviction. Respect Combo C if also active. \u2014 CPI release pending this week \u2014 watch inflation leg.",
  "generic_combo_watch": [
    {
      "vars": [
        "WTI"
      ],
      "status": "ACTIVE",
      "gate": "SIGNAL"
    },
    {
      "vars": [
        "CFTC"
      ],
      "status": "ACTIVE",
      "gate": "SIGNAL"
    },
    {
      "vars": [
        "GSR"
      ],
      "status": "ACTIVE",
      "gate": "SIGNAL"
    },
    {
      "vars": [
        "CAPE"
      ],
      "status": "ACTIVE",
      "gate": "SIGNAL"
    },
    {
      "vars": [
        "WTI",
        "CFTC"
      ],
      "status": "ACTIVE",
      "gate": "SIGNAL"
    },
    {
      "vars": [
        "WTI",
        "GSR"
      ],
      "status": "ACTIVE",
      "gate": "SIGNAL"
    },
    {
      "vars": [
        "WTI",
        "CAPE"
      ],
      "status": "ACTIVE",
      "gate": "SIGNAL"
    },
    {
      "vars": [
        "CFTC",
        "GSR"
      ],
      "status": "ACTIVE",
      "gate": "SIGNAL"
    },
    {
      "vars": [
        "CFTC",
        "CAPE"
      ],
      "status": "ACTIVE",
      "gate": "SIGNAL"
    },
    {
      "vars": [
        "GSR",
        "CAPE"
      ],
      "status": "ACTIVE",
      "gate": "SIGNAL"
    }
  ],
  "source_freshness": {
    "report_date": "2026-06-26",
    "checked_at": "2026-06-26T18:00:04",
    "sources": {
      "CAPE": {
        "variable": "CAPE",
        "report_date": "2026-06-26",
        "source_date": "2026-06-23",
        "expected_source_date": null,
        "lag_days": 3,
        "stale": false,
        "refreshed": false,
        "note": ""
      },
      "CFTC": {
        "variable": "CFTC",
        "report_date": "2026-06-26",
        "source_date": "2026-06-16",
        "expected_source_date": "2026-06-23",
        "lag_days": 10,
        "stale": true,
        "refreshed": true,
        "note": "CFTC source 2026-06-16 older than expected 2026-06-23 (report lag 10d, expected max 3d) (ZIP refresh did not reach expected Tuesday)"
      }
    },
    "any_stale_after_refresh": true
  },
  "brave_fearful_display": "TACTICAL EASY MONEY",
  "combo_status_rows": [
    {
      "combo": "A",
      "name": "Liquidity",
      "status": "INACTIVE",
      "duration": "\u2014",
      "direction": "BEARISH",
      "hit_rate_3m": "83.3% (6M)",
      "avg_return_3m": "+6.7% (6M)"
    },
    {
      "combo": "B",
      "name": "Capitulation",
      "status": "INACTIVE",
      "duration": "\u2014",
      "direction": "BULLISH",
      "hit_rate_3m": "74.8% (3M)",
      "avg_return_3m": "+4.6% (3M)"
    },
    {
      "combo": "C",
      "name": "Stagflation / Energy Shock",
      "status": "CANCELLED",
      "duration": "cancelled 2026-07-03",
      "direction": "BEARISH",
      "hit_rate_3m": "66.7% (6M)",
      "avg_return_3m": "-4.6% (6M)"
    },
    {
      "combo": "D",
      "name": "FOMO Top",
      "status": "INACTIVE",
      "duration": "\u2014",
      "direction": "BEARISH",
      "hit_rate_3m": "38.5% (5D)",
      "avg_return_3m": "+0.2% (5D)"
    },
    {
      "combo": "E",
      "name": "Valuation Extreme",
      "status": "CONFIRMED",
      "duration": "\u2014 \u00b7 legs CAPE, NFCI",
      "direction": "BEARISH",
      "hit_rate_3m": "18.9% (12M)",
      "avg_return_3m": "+10.9% (12M)"
    },
    {
      "combo": "F",
      "name": "Recovery",
      "status": "ACTIVE",
      "duration": "Week 13 of 26 (MEDIUM) \u00b7 started 2026-04-03",
      "direction": "BULLISH",
      "hit_rate_3m": "78.8% (6M)",
      "avg_return_3m": "+5.5% (6M)"
    },
    {
      "combo": "G",
      "name": "Hidden Stress",
      "status": "INACTIVE",
      "duration": "\u2014",
      "direction": "BEARISH",
      "hit_rate_3m": "N/A",
      "avg_return_3m": "N/A"
    }
  ],
  "regime_grid": [
    [
      "Fed Cycle",
      "CUTTING_LATE"
    ],
    [
      "Yield Curve",
      "STEEPENING"
    ],
    [
      "Geopolitical",
      "NEUTRAL"
    ],
    [
      "Valuation",
      "EXTREME CAPE 40.96x"
    ],
    [
      "Liquidity",
      "GLOBAL_EASY"
    ],
    [
      "SSI",
      "1.20\u00d7 (CONFIRMED)"
    ]
  ],
  "output_path": "macro_intelligence/output/runic_output.json",
  "briefing_paths": {
    "html": "macro_intelligence/output/runic_briefing_2026-06-26.html",
    "pdf": "macro_intelligence/output/runic_briefing_2026-06-26.pdf"
  }
}

--- source freshness (CAPE / CFTC) ---
{
  "report_date": "2026-06-26",
  "checked_at": "2026-06-26T18:00:04",
  "sources": {
    "CAPE": {
      "variable": "CAPE",
      "report_date": "2026-06-26",
      "source_date": "2026-06-23",
      "expected_source_date": null,
      "lag_days": 3,
      "stale": false,
      "refreshed": false,
      "note": ""
    },
    "CFTC": {
      "variable": "CFTC",
      "report_date": "2026-06-26",
      "source_date": "2026-06-16",
      "expected_source_date": "2026-06-23",
      "lag_days": 10,
      "stale": true,
      "refreshed": true,
      "note": "CFTC source 2026-06-16 older than expected 2026-06-23 (report lag 10d, expected max 3d) (ZIP refresh did not reach expected Tuesday)"
    }
  },
  "any_stale_after_refresh": true
}

--- briefing outputs ---
  html: macro_intelligence/output/runic_briefing_2026-06-26.html
  pdf: macro_intelligence/output/runic_briefing_2026-06-26.pdf

--- narrative ---

Combo F (Recovery) is the dominant signal, active for week 13 of 26 (started 2026-04-03), 13 weeks remaining in active window. Its validated 6M hit rate is 79% 6M (+5.5% avg), making it the highest-confidence signal in the current stack. Hedge fund positioning (CFTC Fast Money net -523,882 contracts, 1th percentile) remains extremely short, providing structural fuel for the recovery — the covering rally has not yet run its full course. The macro backdrop — CUTTING_LATE Fed cycle with steepening yield curve and GLOBAL_EASY global liquidity — is broadly supportive of the dominant bullish signal. 

WTI crude has collapsed -20.7% in 4 weeks (1th percentile) — the sharpest oil drop in years — removing the stagflation pressure that previously activated Combo C. This disinflationary impulse reduces the CPI risk leg and gives the Fed room to ease further. CAPE at 41.0x (99th percentile) has confirmed Combo E (Valuation Extreme, CONFIRMED (legs: CAPE, NFCI), 18.9% (12M)). However, Combo E operates on a 12m horizon — a slow structural headwind, not a near-term catalyst. It does not override Combo F's momentum at week 13.

Competing signals: Combo C (Stagflation / Energy Shock) has been CANCELLED. Combo E (Valuation Extreme) is CONFIRMED (bearish, 18.9% (12M)).

System posture: TACTICAL EASY MONEY. A CPI release is pending this week — a hot surprise above +0.2pp would re-activate the Combo C inflation leg and shift posture. SSI Layer 2 is CONFIRMED, applying a 1.20x multiplier to position sizing.
