date,oscillator
2014-01-02 00:00:00,0.0
2014-01-03 00:00:00,3.75
2014-01-06 00:00:00,-1.0625
2014-01-07 00:00:00,7.828125
2014-01-08 00:00:00,14.640468750000004
2014-01-09 00:00:00,25.6418203125
2014-01-10 00:00:00,43.01976679687501
2014-01-13 00:00:00,39.312812207031264
2014-01-14 00:00:00,53.29680197167971
2014-01-15 00:00:00,72.83662921059573
2014-01-16 00:00:00,89.42899835381594
2014-01-17 00:00:00,95.26832897950015
2014-01-21 00:00:00,105.93461501956268
2014-01-22 00:00:00,118.6246165087183
2014-01-23 00:00:00,114.58144469940277
2014-01-24 00:00:00,89.851625578941
2014-01-27 00:00:00,58.15837210305148
2014-01-28 00:00:00,46.21984852065066
2014-01-29 00:00:00,20.78131161509469
2014-01-30 00:00:00,15.827456002768884
2014-01-31 00:00:00,2.36277217421646
2014-02-03 00:00:00,-31.211346360066933
2014-02-04 00:00:00,-48.561160975078906
2014-02-05 00:00:00,-67.00244666603875
2014-02-06 00:00:00,-65.23473369847922
2014-02-07 00:00:00,-45.79716544272343
2014-02-10 00:00:00,-26.099058756838605
2014-02-11 00:00:00,8.123317753377123
2014-02-12 00:00:00,41.49283308084468
2014-02-13 00:00:00,83.51630452042522
2014-02-14 00:00:00,129.57879107866447
2014-02-18 00:00:00,174.3643231305657
2014-02-19 00:00:00,199.08413141928844
2014-02-20 00:00:00,232.97414684904987
2014-02-21 00:00:00,260.63523930725074
2014-02-24 00:00:00,292.33229716247627
2014-02-25 00:00:00,314.8716201428816
2014-02-26 00:00:00,335.01838319041383
2014-02-27 00:00:00,358.51877368010184
2014-02-28 00:00:00,383.91901368038464
2014-03-03 00:00:00,389.5666238122244
2014-03-04 00:00:00,413.4974973558863
2014-03-05 00:00:00,428.64090674893794
2014-03-06 00:00:00,443.4953172462524
2014-03-07 00:00:00,455.9783616352248
2014-03-10 00:00:00,458.9214727796205
2014-03-11 00:00:00,447.89322544418064
2014-03-12 00:00:00,439.1246078451586
2014-03-13 00:00:00,411.93181675876895
2014-03-14 00:00:00,386.1723212961117
2014-03-17 00:00:00,378.6670910690596
2014-03-18 00:00:00,384.6567837695843
2014-03-19 00:00:00,373.8546871096851
2014-03-20 00:00:00,369.94962102992304
2014-03-21 00:00:00,363.3110414265766
2014-03-24 00:00:00,345.0685006585827
2014-03-25 00:00:00,333.2457857986549
2014-03-26 00:00:00,307.42113566442345
2014-03-27 00:00:00,280.50395412133344
2014-03-28 00:00:00,268.037244131385
2014-03-31 00:00:00,272.9380208693219
2014-04-01 00:00:00,287.2134948759117
2014-04-02 00:00:00,302.6829576771661
2014-04-03 00:00:00,313.6459335838531
2014-04-04 00:00:00,306.7510483161511
2014-04-07 00:00:00,283.7221661706851
2014-04-08 00:00:00,271.0138611054581
2014-04-09 00:00:00,274.44319096916206
2014-04-10 00:00:00,255.1530520477829
2014-04-11 00:00:00,220.73421800976485
2014-04-14 00:00:00,205.7024438172109
2014-04-15 00:00:00,202.32176466349097
2014-04-16 00:00:00,215.7196751637432
2014-04-17 00:00:00,229.59629026564016
2014-04-21 00:00:00,244.36281472643373
2014-04-22 00:00:00,266.9663790667803
2014-04-23 00:00:00,281.8075946824422
2014-04-24 00:00:00,293.4377960604211
2014-04-25 00:00:00,288.96442925829115
2014-04-28 00:00:00,283.9448784961787
2014-04-29 00:00:00,285.1334382020916
2014-04-30 00:00:00,292.6239895596368
2014-05-01 00:00:00,299.71529102253976
2014-05-02 00:00:00,305.6297773182089
2014-05-05 00:00:00,312.00851421441484
2014-05-06 00:00:00,300.35229168959904
2014-05-07 00:00:00,298.2844599724335
2014-05-08 00:00:00,291.42504155439474
2014-05-09 00:00:00,288.2531135991999
2014-05-12 00:00:00,300.3998496295126
2014-05-13 00:00:00,304.5833096872816
2014-05-14 00:00:00,296.0372514882383
2014-05-15 00:00:00,272.2501854706152
2014-05-16 00:00:00,260.75099309819416
2014-05-19 00:00:00,258.56542865428264
2014-05-20 00:00:00,240.7039439114673
2014-05-21 00:00:00,238.1788547368028
2014-05-22 00:00:00,243.02900921878063
2014-05-23 00:00:00,258.5107462547776
2014-05-27 00:00:00,283.4550776892811
2014-05-28 00:00:00,300.165205677336
2014-05-29 00:00:00,324.3015390787359
2014-05-30 00:00:00,347.6665964415388
2014-06-02 00:00:00,369.60538750452815
2014-06-03 00:00:00,384.8150269258608
2014-06-04 00:00:00,403.9951934964711
2014-06-05 00:00:00,433.3242599468608
2014-06-06 00:00:00,466.2339904622095
2014-06-09 00:00:00,493.640640100522
2014-06-10 00:00:00,509.0551223407765
2014-06-11 00:00:00,510.0392290444902
2014-06-12 00:00:00,495.5304441309431
2014-06-13 00:00:00,487.9977808092053
2014-06-16 00:00:00,477.767364765074
2014-06-17 00:00:00,475.581522223516
2014-06-18 00:00:00,485.5347192393661
2014-06-19 00:00:00,493.9670290917216
2014-06-20 00:00:00,503.8568188700274
2014-06-23 00:00:00,506.2433050361283
2014-06-24 00:00:00,494.0025341829633
2014-06-25 00:00:00,490.3166624325922
2014-06-26 00:00:00,479.0136587738625
2014-06-27 00:00:00,474.854522351779
2014-06-30 00:00:00,471.1241880991393
2014-07-01 00:00:00,478.62913137263695
2014-07-02 00:00:00,477.40271221461353
2014-07-03 00:00:00,486.717110273431
2014-07-07 00:00:00,479.84733506235307
2014-07-08 00:00:00,459.3744405815692
2014-07-09 00:00:00,447.2232435975912
2014-07-10 00:00:00,423.79785395830186
2014-07-11 00:00:00,405.50015654691833
2014-07-14 00:00:00,396.1781244774506
2014-07-15 00:00:00,382.87689643566864
2014-07-16 00:00:00,373.5399619777672
2014-07-17 00:00:00,344.93918320637204
2014-07-18 00:00:00,338.86082144079774
2014-07-21 00:00:00,324.66951802402764
2014-07-22 00:00:00,323.4126060125691
2014-07-23 00:00:00,320.4208832127088
2014-07-24 00:00:00,320.46085580276576
2014-07-25 00:00:00,306.8927280882508
2014-07-28 00:00:00,291.0075152518993
2014-07-29 00:00:00,264.0706207005587
2014-07-30 00:00:00,241.66922275566048
2014-07-31 00:00:00,200.6576813989941
2014-08-01 00:00:00,161.08952513204895
2014-08-04 00:00:00,139.40330389814972
2014-08-05 00:00:00,106.11456822367654
2014-08-06 00:00:00,78.52212638088258
2014-08-07 00:00:00,43.88797797338975
2014-08-08 00:00:00,32.65634119511651
2014-08-11 00:00:00,31.140010043717663
2014-08-12 00:00:00,26.53784685905248
2014-08-13 00:00:00,39.02030810186898
2014-08-14 00:00:00,60.29771092396732
2014-08-15 00:00:00,73.78840178224164
2014-08-18 00:00:00,102.30400045715488
2014-08-19 00:00:00,137.47331732192015
2014-08-20 00:00:00,174.05571665468415
2014-08-21 00:00:00,209.96338950092468
2014-08-22 00:00:00,230.7646328369556
2014-08-25 00:00:00,258.8958727250774
2014-08-26 00:00:00,282.5536034657953
2014-08-27 00:00:00,300.01819523178074
2014-08-28 00:00:00,308.9503302155399
2014-08-29 00:00:00,327.0425539755761
2014-09-02 00:00:00,343.626192520529
2014-09-03 00:00:00,356.1370725138613
2014-09-04 00:00:00,362.9531895455903
2014-09-05 00:00:00,379.2162036599912
2014-09-08 00:00:00,386.1249997095029
2014-09-09 00:00:00,373.5513953332893
2014-09-10 00:00:00,367.68320661496
2014-09-11 00:00:00,367.07748922771407
2014-09-12 00:00:00,351.5742134154807
2014-09-15 00:00:00,331.4610415289435
2014-09-16 00:00:00,327.4569743583097
2014-09-17 00:00:00,323.69621205562635
2014-09-18 00:00:00,329.062279226554
2014-09-19 00:00:00,325.9049552615643
2014-09-22 00:00:00,302.8259184951903
2014-09-23 00:00:00,265.82921246746446
2014-09-24 00:00:00,244.6178827514213
2014-09-25 00:00:00,204.3091064304472
2014-09-26 00:00:00,185.62355714386285
2014-09-29 00:00:00,164.86929471811345
2014-09-30 00:00:00,137.30005387050733
2014-10-01 00:00:00,96.39185267645188
2014-10-02 00:00:00,64.43338139215211
2014-10-03 00:00:00,54.8367215371145
2014-10-06 00:00:00,40.65739375337216
2014-10-07 00:00:00,8.580781529505657
2014-10-08 00:00:00,1.9123741704524944
2014-10-09 00:00:00,-24.09867599239078
2014-10-10 00:00:00,-61.11763050165973
2014-10-13 00:00:00,-108.31324845457584
2014-10-14 00:00:00,-138.07393556204624
2014-10-15 00:00:00,-168.1789533611236
2014-10-16 00:00:00,-190.8278488125297
2014-10-17 00:00:00,-193.08851517941912
2014-10-20 00:00:00,-178.35594234721157
2014-10-21 00:00:00,-143.61781286393762
2014-10-22 00:00:00,-123.49862309141918
2014-10-23 00:00:00,-88.37922272045853
2014-10-24 00:00:00,-42.56023928968443
2014-10-27 00:00:00,-1.7722072599244711
2014-10-28 00:00:00,51.26042116181907
2014-10-29 00:00:00,91.29701635660147
2014-10-30 00:00:00,137.92182016635795
2014-10-31 00:00:00,194.4464183228665
2014-11-03 00:00:00,245.3027176550668
2014-11-04 00:00:00,285.2583399958239
2014-11-05 00:00:00,326.3441053971919
2014-11-06 00:00:00,368.64071428837633
2014-11-07 00:00:00,404.811111318897
2014-11-10 00:00:00,444.9627452233972
2014-11-11 00:00:00,476.7175784856281
2014-11-12 00:00:00,500.5843730324068
2014-11-13 00:00:00,516.5375605047402
2014-11-14 00:00:00,524.5448479910629
2014-11-17 00:00:00,530.1183545519134
2014-11-18 00:00:00,542.733110888682
2014-11-19 00:00:00,543.6050620021742
2014-11-20 00:00:00,547.0325548941983
2014-11-21 00:00:00,560.2278985424082
2014-11-24 00:00:00,578.2087778689156
2014-11-25 00:00:00,590.1913858037351
2014-11-26 00:00:00,603.4855586589865
2014-11-28 00:00:00,618.3346486569317
2014-12-01 00:00:00,614.2389473618914
2014-12-02 00:00:00,620.1659280178228
2014-12-03 00:00:00,630.7826668385542
2014-12-04 00:00:00,634.8060651960877
2014-12-05 00:00:00,640.0720404657986
2014-12-08 00:00:00,635.8740891190728
2014-12-09 00:00:00,631.0054702720263
2014-12-10 00:00:00,603.7377738064406
2014-12-11 00:00:00,589.5052044593331
2014-12-12 00:00:00,555.8888316452594
2014-12-15 00:00:00,512.1673887309998
2014-12-16 00:00:00,461.6247180956543
2014-12-17 00:00:00,437.1526111119547
2014-12-18 00:00:00,434.9431965853319
2014-12-19 00:00:00,436.9794311821424
2014-12-22 00:00:00,449.33551460650506
2014-12-23 00:00:00,466.2032883613029
2014-12-24 00:00:00,477.694218479849
2014-12-26 00:00:00,490.13049263880566
2014-12-29 00:00:00,502.7128545815194
2014-12-30 00:00:00,498.75720976963294
2014-12-31 00:00:00,473.3313474066208
2015-01-02 00:00:00,446.87557834921336
2015-01-05 00:00:00,404.2215179133837
2015-01-06 00:00:00,352.58118865118286
2015-01-07 00:00:00,323.9158011887457
2015-01-08 00:00:00,318.3373159024168
2015-01-09 00:00:00,298.32602440309347
2015-01-12 00:00:00,268.12474004915657
2015-01-13 00:00:00,239.31201822629555
2015-01-14 00:00:00,206.03058097661776
2015-01-15 00:00:00,164.64479922325972
2015-01-16 00:00:00,147.03673182802413
2015-01-20 00:00:00,129.34665054595644
2015-01-21 00:00:00,121.57489779705884
2015-01-22 00:00:00,131.82217470776595
2015-01-23 00:00:00,135.0744855928815
2015-01-26 00:00:00,147.2798389716918
2015-01-27 00:00:00,142.72901691571587
2015-01-28 00:00:00,120.42441897327716
2015-01-29 00:00:00,114.50186563762507
2015-01-30 00:00:00,90.61557320745489
2015-02-02 00:00:00,84.43971531362331
2015-02-03 00:00:00,96.13715823782968
2015-02-04 00:00:00,100.5577861468355
2015-02-05 00:00:00,119.93463407830222
2015-02-06 00:00:00,131.20216588931453
2015-02-09 00:00:00,129.4298947582838
2015-02-10 00:00:00,144.96745346746138
2015-02-11 00:00:00,157.1772288964694
2015-02-12 00:00:00,183.7807007437896
2015-02-13 00:00:00,211.157765669529
2015-02-17 00:00:00,235.4093673526886
2015-02-18 00:00:00,260.3674399550282
2015-02-19 00:00:00,279.8547548302522
2015-02-20 00:00:00,309.217135274419
2015-02-23 00:00:00,329.5258848778085
2015-02-24 00:00:00,350.74223636431725
2015-02-25 00:00:00,365.4785057034605
2015-02-26 00:00:00,371.4506234599121
2015-02-27 00:00:00,367.34953102437794
2015-03-02 00:00:00,374.8563493368747
2015-03-03 00:00:00,367.950397247374
2015-03-04 00:00:00,348.00605622461444
2015-03-05 00:00:00,338.01361436903244
2015-03-06 00:00:00,309.8300085106657
2015-03-09 00:00:00,294.98387545920923
2015-03-10 00:00:00,261.6655123229175
2015-03-11 00:00:00,235.2199842797727
2015-03-12 00:00:00,229.33295788148465
2015-03-13 00:00:00,210.3528855215427
2015-03-16 00:00:00,213.12315922618475
2015-03-17 00:00:00,207.12612744752187
2015-03-18 00:00:00,217.41303463952863
2015-03-19 00:00:00,217.32127511549697
2015-03-20 00:00:00,231.85621434687164
2015-03-23 00:00:00,238.62430631796087
2015-03-24 00:00:00,230.8179034216555
2015-03-25 00:00:00,203.4393394282033
2015-03-26 00:00:00,172.66347051666344
2015-03-27 00:00:00,153.3367852447118
2015-03-30 00:00:00,156.54578541096998
2015-03-31 00:00:00,145.50675162606603
2015-04-01 00:00:00,128.79084398184204
2015-04-02 00:00:00,123.70478872612148
2015-04-06 00:00:00,130.9376875388498
2015-04-07 00:00:00,127.76712758603936
2015-04-08 00:00:00,133.21746318845544
2015-04-09 00:00:00,142.7614128125806
2015-04-10 00:00:00,156.80768267714302
2015-04-13 00:00:00,157.38320499795918
2015-04-14 00:00:00,159.78836055726788
2015-04-15 00:00:00,165.99582675768943
2015-04-16 00:00:00,166.97323122526177
2015-04-17 00:00:00,148.3240458889104
2015-04-20 00:00:00,146.9873721968852
2015-04-21 00:00:00,144.7095793292192
2015-04-22 00:00:00,149.138518530719
2015-04-23 00:00:00,159.47956895534844
2015-04-24 00:00:00,165.22376922362855
2015-04-27 00:00:00,158.5089416068913
2015-04-28 00:00:00,158.02521928654642
2015-04-29 00:00:00,147.1215106062191
2015-04-30 00:00:00,120.61323213150716
2015-05-01 00:00:00,115.24558787497152
2015-05-04 00:00:00,119.83002409625988
2015-05-05 00:00:00,104.35056694497872
2015-05-06 00:00:00,86.69387824590922
2015-05-07 00:00:00,83.71394001697263
2015-05-08 00:00:00,99.39752313114876
2015-05-11 00:00:00,106.6599990781142
2015-05-12 00:00:00,104.48611601737866
2015-05-13 00:00:00,102.70501542036254
2015-05-14 00:00:00,118.71864933281176
2015-05-15 00:00:00,133.56671308129262
2015-05-18 00:00:00,155.2439740208374
2015-05-19 00:00:00,172.50181225404413
2015-05-20 00:00:00,184.344754882166
2015-05-21 00:00:00,193.84874705479888
2015-05-22 00:00:00,193.10541662712785
2015-05-26 00:00:00,171.45434202832985
2015-05-27 00:00:00,169.6354015362176
2015-05-28 00:00:00,164.8820304077799
2015-05-29 00:00:00,146.39348794092984
2015-06-01 00:00:00,134.853816692068
2015-06-02 00:00:00,122.81312869083013
2015-06-03 00:00:00,117.7042748063177
2015-06-04 00:00:00,96.74768336102898
2015-06-05 00:00:00,80.1960592585001
2015-06-08 00:00:00,49.49344035454669
2015-06-09 00:00:00,21.24523398989368
2015-06-10 00:00:00,15.986791378165435
2015-06-11 00:00:00,21.16088898824819
2015-06-12 00:00:00,10.828937999927804
2015-06-15 00:00:00,-12.059024785086876
2015-06-16 00:00:00,-18.66793784234869
2015-06-17 00:00:00,-15.025218817097992
2015-06-18 00:00:00,7.564432043578563
2015-06-19 00:00:00,16.190761369240136
2015-06-22 00:00:00,34.08531913583283
2015-06-23 00:00:00,46.164739430591
2015-06-24 00:00:00,38.1118200854562
2015-06-25 00:00:00,22.086014944938142
2015-06-26 00:00:00,12.173521475073358
2015-06-29 00:00:00,-18.71252804903816
2015-06-30 00:00:00,-38.92653775190775
2015-07-01 00:00:00,-42.31488335910217
2015-07-02 00:00:00,-48.65034443645709
2015-07-06 00:00:00,-60.77391193541371
2015-07-07 00:00:00,-59.585692587344965
2015-07-08 00:00:00,-78.97183658180984
2015-07-09 00:00:00,-88.60213051416758
2015-07-10 00:00:00,-76.14302117376064
2015-07-13 00:00:00,-48.90976758184479
2015-07-14 00:00:00,-14.63078692284762
2015-07-15 00:00:00,10.850895475208745
2015-07-16 00:00:00,46.78347944817142
2015-07-17 00:00:00,67.27192134781399
2015-07-20 00:00:00,85.15317956526997
2015-07-21 00:00:00,90.11588944336654
2015-07-22 00:00:00,97.10842694192434
2015-07-23 00:00:00,92.15150436848126
2015-07-24 00:00:00,73.75257804634566
2015-07-27 00:00:00,46.60273315068662
2015-07-28 00:00:00,40.00660209914349
2015-07-29 00:00:00,49.11687703957978
2015-07-30 00:00:00,60.510577728455246
2015-07-31 00:00:00,70.1996389288015
2015-08-03 00:00:00,75.932788060456
2015-08-04 00:00:00,78.7549666277173
2015-08-05 00:00:00,91.82415446958656
2015-08-06 00:00:00,91.48918930203764
2015-08-07 00:00:00,89.44534813727296
2015-08-10 00:00:00,102.00063720071375
2015-08-11 00:00:00,101.62540616395016
2015-08-12 00:00:00,100.44645659669914
2015-08-13 00:00:00,98.43622243371648
2015-08-14 00:00:00,111.0252911121952
2015-08-17 00:00:00,135.5338183767326
2015-08-18 00:00:00,149.21094009603075
2015-08-19 00:00:00,146.55882446555006
2015-08-20 00:00:00,121.7584714791592
2015-08-21 00:00:00,77.84537731840283
2015-08-24 00:00:00,17.0104549243606
2015-08-25 00:00:00,-50.23845599716515
2015-08-26 00:00:00,-84.93508255508277
2015-08-27 00:00:00,-92.67602284932764
2015-08-28 00:00:00,-96.2311466866613
2015-08-31 00:00:00,-112.53962183414842
2015-09-01 00:00:00,-148.87066997607872
2015-09-02 00:00:00,-158.93936278754882
2015-09-03 00:00:00,-156.10339832741738
2015-09-04 00:00:00,-173.198131722369
2015-09-08 00:00:00,-164.19813811644053
2015-09-09 00:00:00,-175.03215289278887
2015-09-10 00:00:00,-176.22007476210274
2015-09-11 00:00:00,-164.90464758655435
2015-09-14 00:00:00,-164.25543411352737
2015-09-15 00:00:00,-143.07907942352176
2015-09-16 00:00:00,-108.15790076645136
2015-09-17 00:00:00,-78.35950351082283
2015-09-18 00:00:00,-71.49007633970723
2015-09-21 00:00:00,-54.8592657267036
2015-09-22 00:00:00,-60.765626323953256
2015-09-23 00:00:00,-67.96173650298078
2015-09-24 00:00:00,-80.57460202353468
2015-09-25 00:00:00,-87.20572903349057
2015-09-28 00:00:00,-114.63931398183558
2015-09-29 00:00:00,-133.97183254276206
2015-09-30 00:00:00,-129.33127674963907
2015-10-01 00:00:00,-123.8669451627702
2015-10-02 00:00:00,-100.4256069301846
2015-10-05 00:00:00,-60.48113470667158
2015-10-06 00:00:00,-34.37620528203661
2015-10-07 00:00:00,2.965390402436242
2015-10-08 00:00:00,50.67762776064956
2015-10-09 00:00:00,92.0182025631184
2015-10-12 00:00:00,131.35430300641383
2015-10-13 00:00:00,148.9798973704019
2015-10-14 00:00:00,153.80488106475786
2015-10-15 00:00:00,175.51121771810904
2015-10-16 00:00:00,201.5425794681341
2015-10-19 00:00:00,225.0416808670634
2015-10-20 00:00:00,245.6582041588117
2015-10-21 00:00:00,251.8570405524624
2015-10-22 00:00:00,271.8977604662723
2015-10-23 00:00:00,295.5730871902488
2015-10-26 00:00:00,311.7376261032987
2015-10-27 00:00:00,315.2996187434401
2015-10-28 00:00:00,329.96862435704315
2015-10-29 00:00:00,337.4107810348887
2015-10-30 00:00:00,340.5367710892715
2015-11-02 00:00:00,357.7068087303214
2015-11-03 00:00:00,371.7486568697696
2015-11-04 00:00:00,376.5456937446488
2015-11-05 00:00:00,380.4144318039471
2015-11-06 00:00:00,380.770130685627
2015-11-09 00:00:00,362.57040257603694
2015-11-10 00:00:00,351.2467830294572
2015-11-11 00:00:00,338.65885440198326
2015-11-12 00:00:00,306.0028811534812
2015-11-13 00:00:00,263.80200962024537
2015-11-16 00:00:00,245.7512544112288
2015-11-17 00:00:00,225.13910243546343
2015-11-18 00:00:00,227.0900169840079
2015-11-19 00:00:00,230.7225988380924
2015-11-20 00:00:00,240.3748433291439
2015-11-23 00:00:00,244.02563815234487
2015-11-24 00:00:00,246.4269395354222
2015-11-25 00:00:00,250.3479175202774
2015-11-27 00:00:00,261.29861410972626
2015-11-30 00:00:00,261.954966623156
2015-12-01 00:00:00,277.1563731890219
2015-12-02 00:00:00,271.16779393689285
2015-12-03 00:00:00,245.3917197066403
2015-12-04 00:00:00,240.92621764123945
2015-12-07 00:00:00,225.45358228711663
2015-12-08 00:00:00,202.5972111479041
2015-12-09 00:00:00,167.69202776814018
2015-12-10 00:00:00,140.1596358396
2015-12-11 00:00:00,97.56864256150038
2015-12-14 00:00:00,64.96550009591738
2015-12-15 00:00:00,51.51498578736391
2015-12-16 00:00:00,58.4572211246159
2015-12-17 00:00:00,46.45054623234137
2015-12-18 00:00:00,17.352586468286972
2015-12-21 00:00:00,6.937067937678876
2015-12-22 00:00:00,15.947114254318876
2015-12-23 00:00:00,42.120968283774346
2015-12-24 00:00:00,61.2390086375417
2015-12-28 00:00:00,74.67873809682533
2015-12-29 00:00:00,106.24631309402685
2015-12-30 00:00:00,114.85535815116418
2015-12-31 00:00:00,102.54181488426184
2016-01-04 00:00:00,74.10102631664085
2016-01-05 00:00:00,55.563646959739344
2016-01-06 00:00:00,24.3363693747906
2016-01-07 00:00:00,-23.08463480721366
2016-01-08 00:00:00,-79.76417020879126
2016-01-11 00:00:00,-126.22635212609748
2016-01-12 00:00:00,-154.3203859047626
2016-01-13 00:00:00,-197.91918285599783
2016-01-14 00:00:00,-218.80655833502533
2016-01-15 00:00:00,-254.42123157791684
2016-01-19 00:00:00,-283.7496710427022
2016-01-20 00:00:00,-319.75673842987635
2016-01-21 00:00:00,-344.89399735376355
2016-01-22 00:00:00,-344.61188374691847
2016-01-25 00:00:00,-360.7976171943301
2016-01-26 00:00:00,-354.83243120589395
2016-01-27 00:00:00,-359.1580350297536
2016-01-28 00:00:00,-357.21063612400576
2016-01-29 00:00:00,-332.2595568789693
2016-02-01 00:00:00,-307.7650863400686
2016-02-02 00:00:00,-303.483488597607
2016-02-03 00:00:00,-291.20530508481534
2016-02-04 00:00:00,-273.101431655954
2016-02-05 00:00:00,-270.3571127159976
2016-02-08 00:00:00,-280.2089344587548
2016-02-09 00:00:00,-285.4311973765198
2016-02-10 00:00:00,-284.7190761843267
2016-02-11 00:00:00,-298.73661718407857
2016-02-12 00:00:00,-290.82793165294606
2016-02-16 00:00:00,-261.36186586556323
2016-02-17 00:00:00,-218.06157028802227
2016-02-18 00:00:00,-184.29950971778635
2016-02-19 00:00:00,-152.3614503816425
2016-02-22 00:00:00,-104.94260239733558
2016-02-23 00:00:00,-76.77477435876244
2016-02-24 00:00:00,-43.80740751398844
2016-02-25 00:00:00,2.8487281758625613
2016-02-26 00:00:00,44.32548054980544
2016-02-29 00:00:00,69.31647642677672
2016-03-01 00:00:00,109.73719551945578
2016-03-02 00:00:00,151.74822436609975
2016-03-03 00:00:00,197.25891290814616
2016-03-04 00:00:00,240.7342570470555
2016-03-07 00:00:00,279.5020050005878
2016-03-08 00:00:00,297.55091947585606
2016-03-09 00:00:00,319.7949867548323
2016-03-10 00:00:00,336.6646893445832
2016-03-11 00:00:00,369.4549616120967
2016-03-14 00:00:00,391.44336959275824
2016-03-15 00:00:00,402.8862415682616
2016-03-16 00:00:00,424.2054658994766
2016-03-17 00:00:00,453.2623753731659
2016-03-18 00:00:00,482.0897210963067
2016-03-21 00:00:00,502.3766530841112
2016-03-22 00:00:00,515.5100966682621
2016-03-23 00:00:00,512.8116404493703
2016-03-24 00:00:00,506.1404021799699
2016-03-28 00:00:00,501.9557914487341
2016-03-29 00:00:00,513.7181703162842
2016-03-30 00:00:00,526.3064133964563
2016-03-31 00:00:00,534.5878291630233
2016-04-01 00:00:00,550.6955004976244
2016-04-04 00:00:00,550.014081986219
2016-04-05 00:00:00,529.2813987490354
2016-04-06 00:00:00,523.7585475875003
2016-04-07 00:00:00,498.7177171064486
2016-04-08 00:00:00,485.21421845961777
2016-04-11 00:00:00,464.9926560242784
2016-04-12 00:00:00,460.37825686194265
2016-04-13 00:00:00,467.98105429383577
2016-04-14 00:00:00,467.74154082663335
2016-04-15 00:00:00,468.5480491080452
2016-04-18 00:00:00,482.7448734431109
2016-04-19 00:00:00,497.7694338823767
2016-04-20 00:00:00,508.37658588853446
2016-04-21 00:00:00,504.9538179243591
2016-04-22 00:00:00,509.9525822253654
2016-04-25 00:00:00,506.37676279160223
2016-04-26 00:00:00,512.0375533617753
2016-04-27 00:00:00,523.8673415324629
2016-04-28 00:00:00,517.6124737107384
2016-04-29 00:00:00,499.7264993546123
2016-05-02 00:00:00,497.5853587833517
2016-05-03 00:00:00,478.2667568010074
2016-05-04 00:00:00,451.8580183220984
2016-05-05 00:00:00,428.0692568310187
2016-05-06 00:00:00,413.9395194719928
2016-05-09 00:00:00,404.08889643266593
2016-05-10 00:00:00,412.34616925187765
2016-05-11 00:00:00,402.5444066660439
2016-05-12 00:00:00,395.3011776218245
2016-05-13 00:00:00,371.181710900908
2016-05-16 00:00:00,365.6536583000197
2016-05-17 00:00:00,344.448905034762
2016-05-18 00:00:00,323.4465964677929
2016-05-19 00:00:00,295.4723896606938
2016-05-20 00:00:00,285.6270808923218
2016-05-23 00:00:00,271.28120649090124
2016-05-24 00:00:00,277.9090778452337
2016-05-25 00:00:00,289.03636246396127
2016-05-26 00:00:00,296.50500900065344
2016-05-27 00:00:00,316.80817674452373
2016-05-31 00:00:00,331.78334428180824
2016-06-01 00:00:00,350.5281958047781
2016-06-02 00:00:00,374.5024028778935
2016-06-03 00:00:00,387.3278379110179
2016-06-06 00:00:00,404.5569456747853
2016-06-07 00:00:00,420.8150480844324
2016-06-08 00:00:00,441.3616504042566
2016-06-09 00:00:00,454.022187135688
2016-06-10 00:00:00,444.2768351053819
2016-06-13 00:00:00,416.77317494394265
2016-06-14 00:00:00,388.9236796311943
2016-06-15 00:00:00,360.6177427406383
2016-06-16 00:00:00,341.56307798550915
2016-06-17 00:00:00,320.36352422994605
2016-06-20 00:00:00,315.9860881477889
2016-06-21 00:00:00,315.9634498568066
2016-06-22 00:00:00,309.7142768687336
2016-06-23 00:00:00,323.27266257958763
2016-06-24 00:00:00,313.9987190494703
2016-06-27 00:00:00,289.0995037359735
2016-06-28 00:00:00,286.5651771242537
2016-06-29 00:00:00,303.9655019856109
2016-06-30 00:00:00,336.5729522321417
2016-07-01 00:00:00,365.01945743176657
2016-07-05 00:00:00,378.4161220902861
2016-07-06 00:00:00,399.678189762868
2016-07-07 00:00:00,418.008866674114
2016-07-08 00:00:00,454.19155109985513
2016-07-11 00:00:00,492.0567885283672
2016-07-12 00:00:00,531.5212825871022
2016-07-13 00:00:00,564.0058185943872
2016-07-14 00:00:00,596.5100677876417
2016-07-15 00:00:00,619.4186505089365
2016-07-18 00:00:00,639.2083954831014
2016-07-19 00:00:00,649.3825854585957
2016-07-20 00:00:00,663.93460496035
2016-07-21 00:00:00,662.6569086095478
2016-07-22 00:00:00,674.051193686566
2016-07-25 00:00:00,677.0230514589839
2016-07-26 00:00:00,680.9288745971044
2016-07-27 00:00:00,672.463709007212
2016-07-28 00:00:00,665.8636738828172
2016-07-29 00:00:00,659.1913254820465
2016-08-01 00:00:00,649.2405109719784
2016-08-02 00:00:00,621.6863620110089
2016-08-03 00:00:00,601.1691328393263
2016-08-04 00:00:00,583.3710562333399
2016-08-05 00:00:00,578.336845454056
2016-08-08 00:00:00,566.9909110104982
2016-08-09 00:00:00,557.1551825062052
2016-08-10 00:00:00,542.8098587225031
2016-08-11 00:00:00,538.7305575938244
2016-08-12 00:00:00,528.3491023408351
2016-08-15 00:00:00,524.7812125878263
2016-08-16 00:00:00,503.95676078606266
2016-08-17 00:00:00,489.08207069162745
2016-08-18 00:00:00,481.4688003074243
2016-08-19 00:00:00,473.10211012739455
2016-08-22 00:00:00,466.2330794728332
2016-08-23 00:00:00,463.92889286581885
2016-08-24 00:00:00,447.1891688524938
2016-08-25 00:00:00,436.1407589768387
2016-08-26 00:00:00,419.71366473826856
2016-08-29 00:00:00,419.9199308405987
2016-08-30 00:00:00,413.6466887038878
2016-08-31 00:00:00,401.3648332334815
2016-09-01 00:00:00,389.0070226401185
2016-09-02 00:00:00,390.5960594695917
2016-09-06 00:00:00,392.151705661443
2016-09-07 00:00:00,393.3710246271694
2016-09-08 00:00:00,385.3466872197296
2016-09-09 00:00:00,354.25914530026785
2016-09-12 00:00:00,347.7080012326296
2016-09-13 00:00:00,319.0682330486343
2016-09-14 00:00:00,289.8358900860767
2016-09-15 00:00:00,283.8930574026581
2016-09-16 00:00:00,268.59247017132475
2016-09-19 00:00:00,262.8175057376757
2016-09-20 00:00:00,254.8658236182164
2016-09-21 00:00:00,267.3928062879877
2016-09-22 00:00:00,291.76641243920494
2016-09-23 00:00:00,299.39701363629865
2016-09-26 00:00:00,289.92419259163216
2016-09-27 00:00:00,292.0253096354845
2016-09-28 00:00:00,301.41163815980144
2016-09-29 00:00:00,291.52989085729314
2016-09-30 00:00:00,295.2233474593613
2016-10-03 00:00:00,287.605136116832
2016-10-04 00:00:00,268.2535397383872
2016-10-05 00:00:00,256.36665713612456
2016-10-06 00:00:00,247.2215392255075
2016-10-07 00:00:00,226.26635571580664
2016-10-10 00:00:00,218.5683420364312
2016-10-11 00:00:00,189.543698630383
2016-10-12 00:00:00,170.62991002505987
2016-10-13 00:00:00,146.80547121738527
2016-10-14 00:00:00,126.45154868073588
2016-10-17 00:00:00,101.36668716849454
2016-10-18 00:00:00,93.5122971396886
2016-10-19 00:00:00,91.67923217936004
2016-10-20 00:00:00,83.00356547738375
2016-10-21 00:00:00,70.27085261980574
2016-10-24 00:00:00,71.48302886347847
2016-10-25 00:00:00,63.4620244075013
2016-10-26 00:00:00,55.436755475602695
2016-10-27 00:00:00,38.14796676145306
2016-10-28 00:00:00,26.875312577047225
2016-10-31 00:00:00,23.40281668649368
2016-11-01 00:00:00,5.516818616639284
2016-11-02 00:00:00,-21.5032938261702
2016-11-03 00:00:00,-47.04797349564069
2016-11-04 00:00:00,-69.15343474555993
2016-11-07 00:00:00,-65.9578369405117
2016-11-08 00:00:00,-52.495811632494224
2016-11-09 00:00:00,-34.72330093597702
2016-11-10 00:00:00,-17.15418778577441
2016-11-11 00:00:00,0.7031748965800944
2016-11-14 00:00:00,22.71770411550824
2016-11-15 00:00:00,50.376538077114674
2016-11-16 00:00:00,69.12295842390085
2016-11-17 00:00:00,92.95553302828556
2016-11-18 00:00:00,109.6176066498938
2016-11-21 00:00:00,135.6155915631207
2016-11-22 00:00:00,162.3657907061115
2016-11-23 00:00:00,188.57538201984065
2016-11-25 00:00:00,223.19170568297704
2016-11-28 00:00:00,241.17270388654288
2016-11-29 00:00:00,260.1905938311611
2016-11-30 00:00:00,267.79993676465165
2016-12-01 00:00:00,266.76692528896456
2016-12-02 00:00:00,266.7498658508084
2016-12-05 00:00:00,276.80153070193046
2016-12-06 00:00:00,292.7616964961271
2016-12-07 00:00:00,322.1938297676861
2016-12-08 00:00:00,353.39733456603426
2016-12-09 00:00:00,382.75934449578926
2016-12-12 00:00:00,402.8500662632505
2016-12-13 00:00:00,426.8633830431136
2016-12-14 00:00:00,429.91045197467975
2016-12-15 00:00:00,439.4161436512986
2016-12-16 00:00:00,441.3964293165518
2016-12-19 00:00:00,445.88259141375966
2016-12-20 00:00:00,456.588847049803
2016-12-21 00:00:00,454.2597513833716
2016-12-22 00:00:00,444.8970758316536
2016-12-23 00:00:00,442.51750285577873
2016-12-27 00:00:00,449.02038044712754
2016-12-28 00:00:00,430.9852388854925
2016-12-29 00:00:00,416.8102666558698
2016-12-30 00:00:00,389.6566140662617
2017-01-03 00:00:00,375.9419580318172
2017-01-04 00:00:00,378.8362173322093
2017-01-05 00:00:00,374.86662794738
2017-01-06 00:00:00,375.1482958836168
2017-01-09 00:00:00,364.0133804896832
2017-01-10 00:00:00,355.57296092541947
2017-01-11 00:00:00,354.8285373933504
2017-01-12 00:00:00,345.817912586459
2017-01-13 00:00:00,343.1847388136375
2017-01-17 00:00:00,334.21745154380915
2017-01-18 00:00:00,333.9793336703842
2017-01-19 00:00:00,320.1558462202556
2017-01-20 00:00:00,316.58598521929525
2017-01-23 00:00:00,304.650824137374
2017-01-24 00:00:00,307.72300729164635
2017-01-25 00:00:00,320.6611088520913
2017-01-26 00:00:00,325.06988014201124
2017-01-27 00:00:00,324.01403019418285
2017-01-30 00:00:00,309.49120833781853
2017-01-31 00:00:00,296.1267396089352
2017-02-01 00:00:00,279.16948514770047
2017-02-02 00:00:00,266.8751851576053
2017-02-03 00:00:00,271.129182740282
2017-02-06 00:00:00,267.21070475977467
2017-02-07 00:00:00,264.97435256264
2017-02-08 00:00:00,265.9373996712748
2017-02-09 00:00:00,277.9811179508033
2017-02-10 00:00:00,297.43859149004857
2017-02-13 00:00:00,324.2875384086474
2017-02-14 00:00:00,348.6719503320128
2017-02-15 00:00:00,378.47726277482434
2017-02-16 00:00:00,400.91841859955457
2017-02-17 00:00:00,423.5010147367029
2017-02-21 00:00:00,454.9916293602837
2017-02-22 00:00:00,475.0411467166414
2017-02-23 00:00:00,489.20827832274153
2017-02-24 00:00:00,507.2251344543474
2017-02-27 00:00:00,523.8934207745988
2017-02-28 00:00:00,527.3753384745396
2017-03-01 00:00:00,543.3655014156138
2017-03-02 00:00:00,542.620263223158
2017-03-03 00:00:00,539.8699832524944
2017-03-06 00:00:00,523.5191439613081
2017-03-07 00:00:00,497.6215806475448
2017-03-08 00:00:00,470.6410561110352
2017-03-09 00:00:00,442.5195023517663
2017-03-10 00:00:00,426.91297637583193
2017-03-13 00:00:00,418.73483178452807
2017-03-14 00:00:00,398.4988440000452
2017-03-15 00:00:00,397.154580224309
2017-03-16 00:00:00,389.1194617949295
2017-03-17 00:00:00,383.553838228836
2017-03-20 00:00:00,368.8774608886815
2017-03-21 00:00:00,337.2847709584093
2017-03-22 00:00:00,317.73659721323565
2017-03-23 00:00:00,299.1342256750431
2017-03-24 00:00:00,279.233526881515
2017-03-27 00:00:00,257.6222617786443
2017-03-28 00:00:00,252.3565188067951
2017-03-29 00:00:00,245.79252597182847
2017-03-30 00:00:00,245.40134946807305
2017-03-31 00:00:00,241.2898868100237
2017-04-03 00:00:00,227.61813680333944
2017-04-04 00:00:00,214.4406998636041
2017-04-05 00:00:00,194.1017877808117
2017-04-06 00:00:00,185.9415090111252
2017-04-07 00:00:00,172.83476311798586
2017-04-10 00:00:00,164.81432156376104
2017-04-11 00:00:00,157.28277242708282
2017-04-12 00:00:00,139.20688405308465
2017-04-13 00:00:00,105.35596507305308
2017-04-17 00:00:00,96.28664951975952
2017-04-18 00:00:00,86.00095147409229
2017-04-19 00:00:00,77.77667488767838
2017-04-20 00:00:00,84.05603503186285
2017-04-21 00:00:00,82.1046077799765
2017-04-24 00:00:00,97.97561444071472
2017-04-25 00:00:00,122.55544706344152
2017-04-26 00:00:00,143.5084267205566
2017-04-27 00:00:00,166.3556821937891
2017-04-28 00:00:00,175.45830721243328
2017-05-01 00:00:00,183.9137600673093
2017-05-02 00:00:00,193.37360345789057
2017-05-03 00:00:00,195.644901539552
2017-05-04 00:00:00,201.90863689166872
2017-05-05 00:00:00,217.85458743327763
2017-05-08 00:00:00,222.54910220918464
2017-05-09 00:00:00,224.00016683153808
2017-05-10 00:00:00,230.420826249494
2017-05-11 00:00:00,227.90838592059663
2017-05-12 00:00:00,217.12070750978447
2017-05-15 00:00:00,223.3116389309908
2017-05-16 00:00:00,225.18832710147035
2017-05-17 00:00:00,209.5669538517249
2017-05-18 00:00:00,202.91284495393484
2017-05-19 00:00:00,212.0590176215556
2017-05-22 00:00:00,233.918700164264
2017-05-23 00:00:00,255.53913523745723
2017-05-24 00:00:00,281.2969115488522
2017-05-25 00:00:00,313.0133257373491
2017-05-26 00:00:00,338.9157932398266
2017-05-30 00:00:00,357.6178239882429
2017-05-31 00:00:00,376.9199711582005
2017-06-01 00:00:00,409.4887071327285
2017-06-02 00:00:00,441.3375328552793
2017-06-05 00:00:00,459.9115911837871
2017-06-06 00:00:00,463.3928530987432
2017-06-07 00:00:00,470.35236777053433
2017-06-08 00:00:00,475.55099097606217
2017-06-09 00:00:00,481.1680588619092
2017-06-12 00:00:00,483.9648116100034
2017-06-13 00:00:00,498.3362111515744
2017-06-14 00:00:00,508.6320767038597
2017-06-15 00:00:00,514.8418813675416
2017-06-16 00:00:00,520.6270549481524
2017-06-19 00:00:00,535.4202430848309
2017-06-20 00:00:00,531.7413177262679
2017-06-21 00:00:00,520.3871299560706
2017-06-22 00:00:00,504.7273637627695
2017-06-23 00:00:00,495.66462684868384
2017-06-26 00:00:00,489.2376636528934
2017-06-27 00:00:00,465.9964218022324
2017-06-28 00:00:00,459.0951779109055
2017-06-29 00:00:00,434.69913849426666
2017-06-30 00:00:00,418.1170291005656
2017-07-03 00:00:00,404.79874042345546
2017-07-05 00:00:00,393.9376099024048
2017-07-06 00:00:00,363.7316552573975
2017-07-07 00:00:00,352.5869057596283
2017-07-10 00:00:00,341.14521041023545
2017-07-11 00:00:00,328.5568348344568
2017-07-12 00:00:00,332.65098954299174
2017-07-13 00:00:00,334.53823687107433
2017-07-14 00:00:00,346.1791421522321
2017-07-17 00:00:00,357.6512204568608
2017-07-18 00:00:00,363.0715913050335
2017-07-19 00:00:00,381.0906504236955
2017-07-20 00:00:00,395.5914927180311
2017-07-21 00:00:00,408.26175541610064
2017-07-24 00:00:00,417.60352124587007
2017-07-25 00:00:00,429.852713424094
2017-07-26 00:00:00,435.72650916935527
2017-07-27 00:00:00,435.26997198570825
2017-07-28 00:00:00,432.80328283376
2017-07-31 00:00:00,428.2802471946743
2017-08-01 00:00:00,429.4716504872813
2017-08-02 00:00:00,423.8929420500244
2017-08-03 00:00:00,416.4036816259213
2017-08-04 00:00:00,411.51834555518144
2017-08-07 00:00:00,408.1837914869248
2017-08-08 00:00:00,395.94182880113294
2017-08-09 00:00:00,380.2452415607768
2017-08-10 00:00:00,346.2234332624648
2017-08-11 00:00:00,316.8536700010991
2017-08-14 00:00:00,308.9582540626216
2017-08-15 00:00:00,299.8128821649116
2017-08-16 00:00:00,298.1945247815456
2017-08-17 00:00:00,273.96985659485654
2017-08-18 00:00:00,247.5379160122648
2017-08-21 00:00:00,227.45091723408768
2017-08-22 00:00:00,226.3892786925753
2017-08-23 00:00:00,216.6996313461168
2017-08-24 00:00:00,204.2814847081717
2017-08-25 00:00:00,200.89256190918968
2017-08-28 00:00:00,197.84057010651304
2017-08-29 00:00:00,191.59191426468897
2017-08-30 00:00:00,195.84135394861005
2017-08-31 00:00:00,210.7454181086177
2017-09-01 00:00:00,229.0346658748822
2017-09-05 00:00:00,233.8267993856644
2017-09-06 00:00:00,240.60493954045523
2017-09-07 00:00:00,249.0972246750971
2017-09-08 00:00:00,258.0626423418398
2017-09-11 00:00:00,282.4377612351964
2017-09-12 00:00:00,307.66629908284085
2017-09-13 00:00:00,323.9983674471623
2017-09-14 00:00:00,336.79229406141894
2017-09-15 00:00:00,352.9971398463058
2017-09-18 00:00:00,371.3372972931502
2017-09-19 00:00:00,386.0614454237402
2017-09-20 00:00:00,399.92028484827097
2017-09-21 00:00:00,403.3699911320036
2017-09-22 00:00:00,408.30264004893615
2017-09-25 00:00:00,411.0785416726685
2017-09-26 00:00:00,410.79654485259744
2017-09-27 00:00:00,416.05145484717286
2017-09-28 00:00:00,423.21414561829806
2017-09-29 00:00:00,434.8221754995211
2017-10-02 00:00:00,453.6729301704654
2017-10-03 00:00:00,472.2719607632717
2017-10-04 00:00:00,493.66277211630586
2017-10-05 00:00:00,518.5836019625713
2017-10-06 00:00:00,536.5979934713105
2017-10-09 00:00:00,546.567308243928
2017-10-10 00:00:00,558.5582358332977
2017-10-11 00:00:00,571.3676877430407
2017-10-12 00:00:00,584.5629306871597
2017-10-13 00:00:00,596.4220487509447
2017-10-16 00:00:00,604.2794844517266
2017-10-17 00:00:00,605.2761945536367
2017-10-18 00:00:00,605.1020007180014
2017-10-19 00:00:00,606.0775549849423
2017-10-20 00:00:00,616.5812661082527
2017-10-23 00:00:00,617.8290327881441
2017-10-24 00:00:00,621.0067281355077
2017-10-25 00:00:00,609.9186240168274
2017-10-26 00:00:00,605.0387018752699
2017-10-27 00:00:00,602.8411749348634
2017-10-30 00:00:00,588.2480835261413
2017-10-31 00:00:00,577.4297499540517
2017-11-01 00:00:00,565.4429260001452
2017-11-02 00:00:00,554.666976889559
2017-11-03 00:00:00,547.5302055155589
2017-11-06 00:00:00,540.2906149632108
2017-11-07 00:00:00,532.249311966134
2017-11-08 00:00:00,527.7127513438063
2017-11-09 00:00:00,513.7454282549952
2017-11-10 00:00:00,498.7846398727888
2017-11-13 00:00:00,486.949242606639
2017-11-14 00:00:00,475.8952317310468
2017-11-15 00:00:00,452.2645762737593
2017-11-16 00:00:00,443.1990429764119
2017-11-17 00:00:00,432.6820167922924
2017-11-20 00:00:00,427.4265493209168
2017-11-21 00:00:00,432.5959918862827
2017-11-22 00:00:00,428.5528853202377
2017-11-24 00:00:00,428.7032647796732
2017-11-27 00:00:00,426.4383228935913
2017-11-28 00:00:00,436.96960596652207
2017-11-29 00:00:00,446.28900496404094
2017-11-30 00:00:00,465.1756460821052
2017-12-01 00:00:00,473.04784600764106
2017-12-04 00:00:00,478.8633377139304
2017-12-05 00:00:00,471.0912664342432
2017-12-06 00:00:00,461.9406891579383
2017-12-07 00:00:00,461.85724214090806
2017-12-08 00:00:00,473.9766087306453
2017-12-11 00:00:00,483.6687841212188
2017-12-12 00:00:00,487.2872501595484
2017-12-13 00:00:00,487.9946023715274
2017-12-14 00:00:00,474.7094155009072
2017-12-15 00:00:00,478.5770336490241
2017-12-18 00:00:00,489.2409619974169
2017-12-19 00:00:00,490.3624159253086
2017-12-20 00:00:00,484.8194469540249
2017-12-21 00:00:00,477.1061112488133
2017-12-22 00:00:00,468.4756786646103
2017-12-26 00:00:00,459.304280411794
2017-12-27 00:00:00,455.5162135035789
2017-12-28 00:00:00,460.4498352295377
2017-12-29 00:00:00,447.4158326290853
2018-01-02 00:00:00,440.88468124255087
2018-01-03 00:00:00,443.0961234008537
2018-01-04 00:00:00,449.8714258291984
2018-01-05 00:00:00,464.1149522762862
2018-01-08 00:00:00,483.32259262716616
2018-01-09 00:00:00,497.7285121640307
2018-01-10 00:00:00,501.1569308072321
2018-01-11 00:00:00,513.8324440931319
2018-01-12 00:00:00,531.0508457321121
2018-01-16 00:00:00,535.2673249047803
2018-01-17 00:00:00,553.3460779728885
2018-01-18 00:00:00,560.5866814562505
2018-01-19 00:00:00,576.9244640272518
2018-01-22 00:00:00,598.0086458053229
2018-01-23 00:00:00,616.4955779965458
2018-01-24 00:00:00,628.019427130057
2018-01-25 00:00:00,636.5322210035556
2018-01-26 00:00:00,655.0779986603848
2018-01-29 00:00:00,653.5092485636706
2018-01-30 00:00:00,634.7004209881597
2018-01-31 00:00:00,617.245371306155
2018-02-01 00:00:00,596.2350769715122
2018-02-02 00:00:00,554.2400999305355
2018-02-05 00:00:00,492.06319406085095
2018-02-06 00:00:00,449.0916235719633
2018-02-07 00:00:00,406.4554726861061
2018-02-08 00:00:00,345.7192863152668
2018-02-09 00:00:00,307.76125053662327
2018-02-12 00:00:00,290.21832369319964
2018-02-13 00:00:00,281.66802962360816
2018-02-14 00:00:00,287.44918804599
2018-02-15 00:00:00,306.5548325568925
2018-02-16 00:00:00,324.5073844509316
2018-02-20 00:00:00,328.78427939808535
2018-02-21 00:00:00,322.84710318090583
2018-02-22 00:00:00,317.50658199931786
2018-02-23 00:00:00,331.7529034790605
2018-02-26 00:00:00,353.87474382684377
2018-02-27 00:00:00,352.8195436050628
2018-02-28 00:00:00,334.5032496974163
2018-03-01 00:00:00,304.8703021578985
2018-03-02 00:00:00,288.25978050081903
2018-03-05 00:00:00,290.116485581515
2018-03-06 00:00:00,299.50338599759925
2018-03-07 00:00:00,307.9816689233594
2018-03-08 00:00:00,321.6406924802686
2018-03-09 00:00:00,351.2609541590245
2018-03-12 00:00:00,371.679973123566
2018-03-13 00:00:00,380.4298344726376
2018-03-14 00:00:00,377.1088167537273
2018-03-15 00:00:00,370.5838025202902
2018-03-16 00:00:00,373.0519963381012
2018-03-19 00:00:00,354.59704207063623
2018-03-20 00:00:00,342.4950709616023
2018-03-21 00:00:00,326.7354103085745
2018-03-22 00:00:00,292.2272233986878
2018-03-23 00:00:00,240.6615874737436
2018-03-26 00:00:00,217.41966082054927
2018-03-27 00:00:00,181.81071522796628
2018-03-28 00:00:00,146.90601317016262
2018-03-29 00:00:00,134.27796284489523
2018-04-02 00:00:00,100.6095900025648
2018-04-03 00:00:00,90.72008327236472
2018-04-04 00:00:00,99.3609546016778
2018-04-05 00:00:00,118.8520948152327
2018-04-06 00:00:00,112.52275922374248
2018-04-09 00:00:00,111.5985634969038
2018-04-10 00:00:00,127.00038333297198
2018-04-11 00:00:00,129.58393737614097
2018-04-12 00:00:00,140.7949563961738
2018-04-13 00:00:00,144.62640287632166
2018-04-16 00:00:00,165.57915760246397
2018-04-17 00:00:00,198.865867105309
2018-04-18 00:00:00,229.53167439471508
2018-04-19 00:00:00,244.65328125518133
2018-04-20 00:00:00,241.3089887146089
2018-04-23 00:00:00,238.7430736488459
2018-04-24 00:00:00,223.0555008993688
2018-04-25 00:00:00,212.22734869407213
2018-04-26 00:00:00,213.2081418150701
2018-04-27 00:00:00,217.7306792244489
2018-04-30 00:00:00,205.8087953133472
2018-05-01 00:00:00,196.88654059279
2018-05-02 00:00:00,178.17358010374664
2018-05-03 00:00:00,160.8331309851019
2018-05-04 00:00:00,163.25288133373397
2018-05-07 00:00:00,169.85550347514436
2018-05-08 00:00:00,175.0514678886757
2018-05-09 00:00:00,191.4187601227968
2018-05-10 00:00:00,220.65570118236428
2018-05-11 00:00:00,249.1000072823772
2018-05-14 00:00:00,268.67438896147723
2018-05-15 00:00:00,274.4171133523014
2018-05-16 00:00:00,285.0050571396969
2018-05-17 00:00:00,294.18272379222253
2018-05-18 00:00:00,299.6587151611675
2018-05-21 00:00:00,316.64239420581
2018-05-22 00:00:00,322.5802278179508
2018-05-23 00:00:00,329.6441744172407
2018-05-24 00:00:00,333.1356278875501
2018-05-25 00:00:00,332.65514246522434
2018-05-29 00:00:00,318.33105171680654
2018-05-30 00:00:00,324.2422988683247
2018-05-31 00:00:00,313.0252036885322
2018-06-01 00:00:00,315.9694612913736
2018-06-04 00:00:00,327.456954235342
2018-06-05 00:00:00,337.5414759312589
2018-06-06 00:00:00,356.6760346016126
2018-06-07 00:00:00,372.9527020917594
2018-06-08 00:00:00,395.6544892853744
2018-06-11 00:00:00,414.4362448894899
2018-06-12 00:00:00,435.0724647065617
2018-06-13 00:00:00,440.1910703266258
2018-06-14 00:00:00,447.8665227801466
2018-06-15 00:00:00,454.1897020140059
2018-06-18 00:00:00,456.0250717488853
2018-06-19 00:00:00,447.8141875134643
2018-06-20 00:00:00,441.8548105546106
2018-06-21 00:00:00,424.4002692020222
2018-06-22 00:00:00,412.2546349995464
2018-06-25 00:00:00,385.9588445814261
2018-06-26 00:00:00,361.6961495510332
2018-06-27 00:00:00,324.2430645522909
2018-06-28 00:00:00,301.24946155560247
2018-06-29 00:00:00,283.3836836856608
2018-07-02 00:00:00,271.29152518842966
2018-07-03 00:00:00,256.64627204735734
2018-07-05 00:00:00,258.64134925149847
2018-07-06 00:00:00,275.85393351478706
2018-07-09 00:00:00,302.1414233923242
2018-07-10 00:00:00,329.8565201206584
2018-07-11 00:00:00,341.60364522277814
2018-07-12 00:00:00,361.6394189589773
2018-07-13 00:00:00,380.711808408636
2018-07-16 00:00:00,386.1651423460462
2018-07-17 00:00:00,398.9469171508099
2018-07-18 00:00:00,410.03060002312486
2018-07-19 00:00:00,417.7069958788379
2018-07-20 00:00:00,416.0317793560753
2018-07-23 00:00:00,412.61931033233486
2018-07-24 00:00:00,406.9885527653751
2018-07-25 00:00:00,413.5893122817979
2018-07-26 00:00:00,423.3150151069312
2018-07-27 00:00:00,419.0139159468854
2018-07-30 00:00:00,404.7414065853118
2018-07-31 00:00:00,402.4147040482385
2018-08-01 00:00:00,392.1132998588
2018-08-02 00:00:00,388.4950327775405
2018-08-03 00:00:00,392.3589392591712
2018-08-06 00:00:00,402.3007846046712
2018-08-07 00:00:00,417.1895584520498
2018-08-08 00:00:00,424.5335122992983
2018-08-09 00:00:00,427.1899252771982
2018-08-10 00:00:00,414.67520874692127
2018-08-13 00:00:00,392.75175006979407
2018-08-14 00:00:00,387.9934341505032
2018-08-15 00:00:00,373.93510686875743
2018-08-16 00:00:00,376.9455615085208
2018-08-17 00:00:00,391.3347724179803
2018-08-20 00:00:00,409.4808738834727
2018-08-21 00:00:00,427.8983862670502
2018-08-22 00:00:00,437.35586742368105
2018-08-23 00:00:00,438.4552344754775
2018-08-24 00:00:00,451.5529171323869
2018-08-27 00:00:00,470.39367121838586
2018-08-28 00:00:00,484.5005476058213
2018-08-29 00:00:00,502.7894241790491
2018-08-30 00:00:00,502.7124665282609
2018-08-31 00:00:00,504.1331054041948
2018-09-04 00:00:00,502.52708611610433
2018-09-05 00:00:00,500.091304194204
2018-09-06 00:00:00,497.60825413001294
2018-09-07 00:00:00,487.4472050544719
2018-09-10 00:00:00,485.3222720696213
2018-09-11 00:00:00,482.67884300721926
2018-09-12 00:00:00,480.20531694382953
2018-09-13 00:00:00,487.28942557491246
2018-09-14 00:00:00,494.65989132661343
2018-09-17 00:00:00,493.038340087689
2018-09-18 00:00:00,498.1867220779677
2018-09-19 00:00:00,498.4476550692707
2018-09-20 00:00:00,511.62851450148446
2018-09-21 00:00:00,522.1400067435243
2018-09-24 00:00:00,517.4666325767466
2018-09-25 00:00:00,506.13356450126594
2018-09-26 00:00:00,483.813123474225
2018-09-27 00:00:00,464.5600807787341
2018-09-28 00:00:00,450.6759288702015
2018-10-01 00:00:00,435.7515993440538
2018-10-02 00:00:00,420.5125396024814
2018-10-03 00:00:00,405.1805808254212
2018-10-04 00:00:00,380.84585316690936
2018-10-05 00:00:00,350.28543175304367
2018-10-08 00:00:00,324.75484428542404
2018-10-09 00:00:00,296.1524177791798
2018-10-10 00:00:00,247.9165810274426
2018-10-11 00:00:00,185.5353576995767
2018-10-12 00:00:00,143.32173496574978
2018-10-15 00:00:00,104.96247885350022
2018-10-16 00:00:00,93.34050248325366
2018-10-17 00:00:00,79.9370101742752
2018-10-18 00:00:00,53.6273391992363
2018-10-19 00:00:00,28.764433819582337
2018-10-22 00:00:00,0.3128275508788647
2018-10-23 00:00:00,-33.264859946619254
2018-10-24 00:00:00,-77.05745845724596
2018-10-25 00:00:00,-100.06484289154469
2018-10-26 00:00:00,-134.78583236841223
2018-10-29 00:00:00,-164.04834920928988
2018-10-30 00:00:00,-170.39755936219444
2018-10-31 00:00:00,-167.82414624612284
2018-11-01 00:00:00,-152.58475730064674
2018-11-02 00:00:00,-144.49215596575232
2018-11-05 00:00:00,-126.35052104460192
2018-11-06 00:00:00,-97.00767058178462
2018-11-07 00:00:00,-51.384495083169895
2018-11-08 00:00:00,-10.919757556439436
2018-11-09 00:00:00,14.532191816702834
2018-11-12 00:00:00,20.32094757165032
2018-11-13 00:00:00,26.518729004274064
2018-11-14 00:00:00,23.285238484146248
2018-11-15 00:00:00,32.45417789701605
2018-11-16 00:00:00,47.83135020553164
2018-11-19 00:00:00,50.33967577829026
2018-11-20 00:00:00,35.78259576411074
2018-11-21 00:00:00,31.45737937316881
2018-11-23 00:00:00,24.752032462041825
2018-11-26 00:00:00,35.995200690718775
2018-11-27 00:00:00,45.77813352278463
2018-11-28 00:00:00,72.51365042659017
2018-11-29 00:00:00,91.35994912720344
2018-11-30 00:00:00,117.3667347705923
2018-12-03 00:00:00,151.36570282184402
2018-12-04 00:00:00,158.87799199154688
2018-12-06 00:00:00,162.10660927168647
2018-12-07 00:00:00,144.85654399984924
2018-12-10 00:00:00,128.9334554724337
2018-12-11 00:00:00,113.67454750413162
2018-12-12 00:00:00,110.65980845371088
2018-12-13 00:00:00,103.22890752333478
2018-12-14 00:00:00,78.40934269024729
2018-12-17 00:00:00,36.546568044504966
2018-12-18 00:00:00,1.5711628821736667
2018-12-19 00:00:00,-45.59066434603301
2018-12-20 00:00:00,-102.68607330441591
2018-12-21 00:00:00,-169.73921759731456
2018-12-24 00:00:00,-248.8709598797577
2018-12-26 00:00:00,-291.78424473184714
2018-12-27 00:00:00,-310.91618205671693
2018-12-28 00:00:00,-330.2694075592008
2018-12-31 00:00:00,-327.515068326029
2019-01-02 00:00:00,-327.92253294003604
2019-01-03 00:00:00,-342.8313025203097
2019-01-04 00:00:00,-331.3141439988394
2019-01-07 00:00:00,-307.71040274299594
2019-01-08 00:00:00,-270.44065195552685
2019-01-09 00:00:00,-228.72281177246623
2019-01-10 00:00:00,-179.11044435708754
2019-01-11 00:00:00,-133.34631799515773
2019-01-14 00:00:00,-102.65125836572406
2019-01-15 00:00:00,-63.34372609073034
2019-01-16 00:00:00,-24.669067365161027
2019-01-17 00:00:00,24.971111182028835
2019-01-18 00:00:00,86.83860828396428
2019-01-22 00:00:00,123.4011252647033
2019-01-23 00:00:00,155.84507165690593
2019-01-24 00:00:00,189.20542046395715
2019-01-25 00:00:00,230.63249159167023
2019-01-28 00:00:00,257.1994749479054
2019-01-29 00:00:00,281.17824834274506
2019-01-30 00:00:00,316.1242083536199
2019-01-31 00:00:00,354.4223831211493
2019-02-01 00:00:00,389.29521063178254
2019-02-04 00:00:00,428.6650021002133
2019-02-05 00:00:00,469.782848795221
2019-02-06 00:00:00,499.1896934754768
2019-02-07 00:00:00,514.8865972097192
2019-02-08 00:00:00,529.9830169164488
2019-02-11 00:00:00,547.1405406811245
2019-02-12 00:00:00,575.2245207965098
2019-02-13 00:00:00,604.5102011911804
2019-02-14 00:00:00,622.7769069226706
2019-02-15 00:00:00,653.4810557884848
2019-02-19 00:00:00,680.7156977898121
2019-02-20 00:00:00,706.9477382120022
2019-02-21 00:00:00,721.3413940819155
2019-02-22 00:00:00,743.8412628802762
2019-02-25 00:00:00,758.3094443884693
2019-02-26 00:00:00,761.0381923560417
2019-02-27 00:00:00,761.2160809065317
2019-02-28 00:00:00,757.2120952126643
2019-03-01 00:00:00,760.9026269683527
2019-03-04 00:00:00,752.6535184846216
2019-03-05 00:00:00,735.3372631386083
2019-03-06 00:00:00,702.6051785020682
2019-03-07 00:00:00,657.6062202453177
2019-03-08 00:00:00,612.4940798345779
2019-03-11 00:00:00,591.96072938422
2019-03-12 00:00:00,580.1449111022375
2019-03-13 00:00:00,582.6416619156371
2019-03-14 00:00:00,582.1631755515118
2019-03-15 00:00:00,587.1932538324327
2019-03-18 00:00:00,595.2580044934584
2019-03-19 00:00:00,594.4770762861735
2019-03-20 00:00:00,581.8869972875109
2019-03-21 00:00:00,587.413044757217
2019-03-22 00:00:00,572.7007501200351
2019-03-25 00:00:00,558.7082344546434
2019-03-26 00:00:00,559.8010923884576
2019-03-27 00:00:00,548.9364804599245
2019-03-28 00:00:00,549.0525548587248
2019-03-29 00:00:00,561.5065356954074
2019-04-01 00:00:00,582.2471566323002
2019-04-02 00:00:00,595.4691517501706
2019-04-03 00:00:00,610.8966118172102
2019-04-04 00:00:00,623.6326071154399
2019-04-05 00:00:00,645.5037200598454
2019-04-08 00:00:00,663.1760030270088
2019-04-09 00:00:00,661.7699249487996
2019-04-10 00:00:00,668.0588785671935
2019-04-11 00:00:00,677.495639518078
2019-04-12 00:00:00,695.2765919334997
2019-04-15 00:00:00,703.4029232890098
2019-04-16 00:00:00,708.6339219815272
2019-04-17 00:00:00,702.6132562537314
2019-04-18 00:00:00,699.0025207752042
2019-04-22 00:00:00,687.9203293371829
2019-04-23 00:00:00,690.6054540109762
2019-04-24 00:00:00,691.2482083370196
2019-04-25 00:00:00,684.6915222441094
2019-04-26 00:00:00,687.6120980234482
2019-04-29 00:00:00,686.4711298246693
2019-04-30 00:00:00,690.01324636559
2019-05-01 00:00:00,674.291689776248
2019-05-02 00:00:00,661.3783004434808
2019-05-03 00:00:00,663.8804610617444
2019-05-06 00:00:00,653.200406085045
2019-05-07 00:00:00,620.0529570495491
2019-05-08 00:00:00,585.0616233389446
2019-05-09 00:00:00,549.818724899691
2019-05-10 00:00:00,527.1869531096308
2019-05-13 00:00:00,486.2508534635854
2019-05-14 00:00:00,463.3192339988964
2019-05-15 00:00:00,449.9461031865867
2019-05-16 00:00:00,451.712345826134
2019-05-17 00:00:00,439.9639215538191
2019-05-20 00:00:00,420.4691991932268
2019-05-21 00:00:00,419.6988655789464
2019-05-22 00:00:00,413.2917360108331
2019-05-23 00:00:00,391.49718155004666
2019-05-24 00:00:00,375.65535157832346
2019-05-28 00:00:00,344.0823101946153
2019-05-29 00:00:00,304.06694826057355
2019-05-30 00:00:00,275.18347906567215
2019-05-31 00:00:00,237.5621955086972
2019-06-03 00:00:00,213.7581870899376
2019-06-04 00:00:00,210.8369689564497
2019-06-05 00:00:00,218.7351426075329
2019-06-06 00:00:00,234.7944053661704
2019-06-07 00:00:00,260.3011029979825
2019-06-10 00:00:00,287.4078239581868
2019-06-11 00:00:00,305.79703125936794
2019-06-12 00:00:00,321.7408183455773
2019-06-13 00:00:00,344.31405221256136
2019-06-14 00:00:00,358.7925969077769
2019-06-17 00:00:00,367.32778963764576
2019-06-18 00:00:00,384.7387404734909
2019-06-19 00:00:00,407.6514097357722
2019-06-20 00:00:00,441.95348490634206
2019-06-21 00:00:00,462.071991752644
2019-06-24 00:00:00,472.41295514747617
2019-06-25 00:00:00,465.84241407432273
2019-06-26 00:00:00,454.09538938640617
2019-06-27 00:00:00,455.3312063313133
2019-06-28 00:00:00,469.9111737875428
2019-07-01 00:00:00,491.5274900936784
2019-07-02 00:00:00,511.30180308496347
2019-07-03 00:00:00,543.3523316770879
2019-07-05 00:00:00,563.0387719649661
2019-07-08 00:00:00,566.0554845512816
2019-07-09 00:00:00,568.8044963898283
2019-07-10 00:00:00,572.2608790298327
2019-07-11 00:00:00,576.7547817918821
2019-07-12 00:00:00,588.5132947444727
2019-07-15 00:00:00,596.5242568452159
2019-07-16 00:00:00,596.2410081571288
2019-07-17 00:00:00,583.7176254880251
2019-07-18 00:00:00,578.6415451785069
2019-07-19 00:00:00,560.3082887879791
2019-07-22 00:00:00,542.9818131301363
2019-07-23 00:00:00,537.502767377031
2019-07-24 00:00:00,539.2806694212413
2019-07-25 00:00:00,529.3043723219234
2019-07-26 00:00:00,529.0281164404078
2019-07-29 00:00:00,522.946777079509
2019-07-30 00:00:00,515.7824980405421
2019-07-31 00:00:00,491.2781269720217
2019-08-01 00:00:00,458.3704990735787
2019-08-02 00:00:00,417.5426247250434
2019-08-05 00:00:00,357.3470790334177
2019-08-06 00:00:00,320.993152071911
2019-08-07 00:00:00,292.25557875946106
2019-08-08 00:00:00,289.1736756835162
2019-08-09 00:00:00,274.44278017517354
2019-08-12 00:00:00,242.77565061466885
2019-08-13 00:00:00,233.2863765873626
2019-08-14 00:00:00,200.3066154110711
2019-08-15 00:00:00,176.0073865282975
2019-08-16 00:00:00,176.40150890088262
2019-08-19 00:00:00,196.156475984928
2019-08-20 00:00:00,196.1161904618712
2019-08-21 00:00:00,212.6011653873502
2019-08-22 00:00:00,224.6328131216942
2019-08-23 00:00:00,210.44670786895583
2019-08-26 00:00:00,215.8153543385124
2019-08-27 00:00:00,212.17647029829823
2019-08-28 00:00:00,222.354342092418
2019-08-29 00:00:00,250.09465076593187
2019-08-30 00:00:00,278.36214142796234
2019-09-03 00:00:00,292.43903523685003
2019-09-04 00:00:00,322.2125842672758
2019-09-05 00:00:00,359.75790576695
2019-09-06 00:00:00,395.11036612033786
2019-09-09 00:00:00,424.6111678918824
2019-09-10 00:00:00,450.8612975670912
2019-09-11 00:00:00,481.50085195155407
2019-09-12 00:00:00,510.4401666905178
2019-09-13 00:00:00,533.731079958874
2019-09-16 00:00:00,549.6761554035256
2019-09-17 00:00:00,566.210814131693
2019-09-18 00:00:00,576.9668932736095
2019-09-19 00:00:00,581.4285064735886
2019-09-20 00:00:00,573.9360432271933
2019-09-23 00:00:00,565.0603069353892
2019-09-24 00:00:00,543.4462508712168
2019-09-25 00:00:00,532.3490016819997
2019-09-26 00:00:00,518.3491086168069
2019-09-27 00:00:00,496.68745450298593
2019-09-30 00:00:00,485.083302963154
2019-10-01 00:00:00,454.08633688178816
2019-10-02 00:00:00,404.16349919779896
2019-10-03 00:00:00,373.4086554820024
2019-10-04 00:00:00,364.5962208275887
2019-10-07 00:00:00,342.2886080939279
2019-10-08 00:00:00,301.1041561661841
2019-10-09 00:00:00,282.6359289871252
2019-10-10 00:00:00,277.83241510409425
2019-10-11 00:00:00,287.18624865858874
2019-10-14 00:00:00,288.54784510438185
2019-10-15 00:00:00,301.86927084001945
2019-10-16 00:00:00,308.74974348978867
2019-10-17 00:00:00,322.18879888789525
2019-10-18 00:00:00,331.8182472588305
2019-10-21 00:00:00,349.3423343796894
2019-10-22 00:00:00,360.4787171961216
2019-10-23 00:00:00,374.5479309181974
2019-10-24 00:00:00,386.4043689959799
2019-10-25 00:00:00,400.0596017075004
2019-10-28 00:00:00,414.9345276673048
2019-10-29 00:00:00,428.7279167246088
2019-10-30 00:00:00,442.5776247849863
2019-10-31 00:00:00,442.4062370526808
2019-11-01 00:00:00,450.84766935629887
2019-11-04 00:00:00,459.36085562911467
2019-11-05 00:00:00,462.7928256142186
2019-11-06 00:00:00,465.6631958234211
2019-11-07 00:00:00,467.98904637316446
2019-11-08 00:00:00,472.3377033613288
2019-11-11 00:00:00,470.6941165694007
2019-11-12 00:00:00,468.3353792794587
2019-11-13 00:00:00,467.0269820001631
2019-11-14 00:00:00,469.2731674163661
2019-11-15 00:00:00,482.5472901101384
2019-11-18 00:00:00,492.38392856276187
2019-11-19 00:00:00,502.18233479694754
2019-11-20 00:00:00,502.949060453182
2019-11-21 00:00:00,494.1898655870027
2019-11-22 00:00:00,491.0798046484852
2019-11-25 00:00:00,498.8653035228053
2019-11-26 00:00:00,510.2275785427337
2019-11-27 00:00:00,528.0911857920582
2019-11-29 00:00:00,525.5741140612809
2019-12-02 00:00:00,504.7941471611557
2019-12-03 00:00:00,474.8033047257486
2019-12-04 00:00:00,460.0871179198439
2019-12-05 00:00:00,450.3043426111908
2019-12-06 00:00:00,453.8885480092358
2019-12-09 00:00:00,450.13360088452464
2019-12-10 00:00:00,441.07245308846905
2019-12-11 00:00:00,437.2698094574007
2019-12-12 00:00:00,442.432200105548
2019-12-13 00:00:00,442.68388310919545
2019-12-16 00:00:00,454.23565266175865
2019-12-17 00:00:00,463.3412373658939
2019-12-18 00:00:00,468.2098061011056
2019-12-19 00:00:00,478.3313833392094
2019-12-20 00:00:00,497.7936749610817
2019-12-23 00:00:00,508.14496592297655
2019-12-24 00:00:00,515.354594865792
2019-12-26 00:00:00,528.3420546375637
2019-12-27 00:00:00,535.9546224692313
2019-12-30 00:00:00,527.7335948529726
2019-12-31 00:00:00,530.1659482668038
2020-01-02 00:00:00,535.3947806942961
2020-01-03 00:00:00,527.438458516328
2020-01-06 00:00:00,520.5486107615943
2020-01-07 00:00:00,506.8550478774778
2020-01-08 00:00:00,502.3627763721743
2020-01-09 00:00:00,508.5600703532764
2020-01-10 00:00:00,505.9659563553578
2020-01-13 00:00:00,515.2681591053624
2020-01-14 00:00:00,520.795201661087
2020-01-15 00:00:00,528.7168470379329
2020-01-16 00:00:00,550.9462695999318
2020-01-17 00:00:00,573.6976945424467
2020-01-21 00:00:00,587.8816743955904
2020-01-22 00:00:00,597.969568798042
2020-01-23 00:00:00,609.5548706681584
2020-01-24 00:00:00,601.5625294137644
2020-01-27 00:00:00,573.671264994191
2020-01-28 00:00:00,563.1558775904778
2020-01-29 00:00:00,547.449441972356
2020-01-30 00:00:00,535.9331923089921
2020-01-31 00:00:00,502.9571328852762
2020-02-03 00:00:00,484.39781641357695
2020-02-04 00:00:00,482.20761174820655
2020-02-05 00:00:00,490.9739487005718
2020-02-06 00:00:00,496.7142970513378
2020-02-07 00:00:00,489.288723405989
2020-02-10 00:00:00,492.4434143221879
2020-02-11 00:00:00,503.72845798393246
2020-02-12 00:00:00,520.6585280247891
2020-02-13 00:00:00,534.7304452696044
2020-02-14 00:00:00,547.1882822875777
2020-02-18 00:00:00,549.5537915265013
2020-02-19 00:00:00,554.6285329681486
2020-02-20 00:00:00,556.2942942359223
2020-02-21 00:00:00,543.7870486486863
2020-02-24 00:00:00,507.7244184283627
2020-02-25 00:00:00,451.1522474978483
2020-02-26 00:00:00,388.77728011476574
2020-02-27 00:00:00,310.8527966016481
2020-02-28 00:00:00,230.1230992149285
2020-03-02 00:00:00,181.0485924532113
2020-03-03 00:00:00,119.13464620966988
2020-03-04 00:00:00,87.95254894040409
2020-03-05 00:00:00,39.15209303048323
2020-03-06 00:00:00,-18.91805723766447
2020-03-09 00:00:00,-91.92344543073705
2020-03-10 00:00:00,-132.4834351086538
2020-03-11 00:00:00,-189.64980910773733
2020-03-12 00:00:00,-261.6788098314137
2020-03-13 00:00:00,-299.6052114010017
2020-03-16 00:00:00,-353.88425868599006
2020-03-17 00:00:00,-383.8234228212241
2020-03-18 00:00:00,-426.35229104274913
2020-03-19 00:00:00,-456.78271191693057
2020-03-20 00:00:00,-494.966808204772
2020-03-23 00:00:00,-538.3393764898574
2020-03-24 00:00:00,-549.4812254911521
2020-03-25 00:00:00,-545.6101002598007
2020-03-26 00:00:00,-518.7222376857026
2020-03-27 00:00:00,-509.83950399642345
2020-03-30 00:00:00,-483.9955691721043
2020-03-31 00:00:00,-472.1790270514539
2020-04-01 00:00:00,-481.5149884030325
2020-04-02 00:00:00,-477.2896604166235
2020-04-03 00:00:00,-484.5405566861591
2020-04-06 00:00:00,-465.0173702131797
2020-04-07 00:00:00,-442.5999589277126
2020-04-08 00:00:00,-399.12007248400914
2020-04-09 00:00:00,-347.1991692122174
2020-04-13 00:00:00,-315.67080106877256
2020-04-14 00:00:00,-268.73569230078283
2020-04-15 00:00:00,-247.41249584264733
2020-04-16 00:00:00,-227.34410039173235
2020-04-17 00:00:00,-187.898901779241
2020-04-20 00:00:00,-169.6837624566615
2020-04-21 00:00:00,-174.96139952357044
2020-04-22 00:00:00,-161.69897221816063
2020-04-23 00:00:00,-148.7011020109494
2020-04-24 00:00:00,-120.8444174737233
2020-04-27 00:00:00,-77.82273010702193
2020-04-28 00:00:00,-34.9000737579554
2020-04-29 00:00:00,15.973297789285423
2020-04-30 00:00:00,41.99016397321975
2020-05-01 00:00:00,42.62463374062645
2020-05-04 00:00:00,43.60398222304502
2020-05-05 00:00:00,54.52330526440346
2020-05-06 00:00:00,53.33670993844135
2020-05-07 00:00:00,65.75548738505313
2020-05-08 00:00:00,94.99476466498164
2020-05-11 00:00:00,112.11937291600044
2020-05-12 00:00:00,106.1003161060362
2020-05-13 00:00:00,81.47352095298265
2020-05-14 00:00:00,73.51024349236104
2020-05-15 00:00:00,70.08409004606801
2020-05-18 00:00:00,87.00430839925684
2020-05-19 00:00:00,87.93607354923734
2020-05-20 00:00:00,105.04305238473172
2020-05-21 00:00:00,108.9943040271537
2020-05-22 00:00:00,114.92765266128843
2020-05-26 00:00:00,133.32602748016507
2020-05-27 00:00:00,164.2400078129067
2020-05-28 00:00:00,187.60026095833013
2020-05-29 00:00:00,208.88527609287848
2020-06-01 00:00:00,234.53953765245387
2020-06-02 00:00:00,268.251233597628
2020-06-03 00:00:00,310.93347746276413
2020-06-04 00:00:00,343.1221285801439
2020-06-05 00:00:00,388.6278146426048
2020-06-08 00:00:00,437.74203715279873
2020-06-09 00:00:00,460.1459872132473
2020-06-10 00:00:00,465.50063457886426
2020-06-11 00:00:00,443.6013549035706
2020-06-12 00:00:00,437.6094640066804
2020-06-15 00:00:00,445.0983499697977
2020-06-16 00:00:00,469.9758557184177
2020-06-17 00:00:00,481.1462438548988
2020-06-18 00:00:00,487.041194492318
2020-06-19 00:00:00,480.1461713148528
2020-06-22 00:00:00,474.55019564154645
2020-06-23 00:00:00,467.3428854626545
2020-06-24 00:00:00,436.4939208323849
2020-06-25 00:00:00,420.83558646935126
2020-06-26 00:00:00,386.7935326566076
2020-06-29 00:00:00,374.25360898343206
2020-06-30 00:00:00,380.1107061979492
2020-07-01 00:00:00,381.2679707853749
2020-07-02 00:00:00,389.5510921536916
2020-07-06 00:00:00,409.4354054628348
2020-07-07 00:00:00,408.2893163148401
2020-07-08 00:00:00,410.9179635117325
2020-07-09 00:00:00,399.2108670475136
2020-07-10 00:00:00,399.5552452353659
2020-07-13 00:00:00,392.95191235980747
2020-07-14 00:00:00,404.24130318940297
2020-07-15 00:00:00,427.4225258327642
2020-07-16 00:00:00,443.10535856366914
2020-07-17 00:00:00,460.948653755775
2020-07-20 00:00:00,468.7999278762509
2020-07-21 00:00:00,482.3187676098751
2020-07-22 00:00:00,503.3657817440762
2020-07-23 00:00:00,514.0441499201042
2020-07-24 00:00:00,507.0039339609939
2020-07-27 00:00:00,504.7495296461639
2020-07-28 00:00:00,491.6482663087445
2020-07-29 00:00:00,495.3384448237048
2020-07-30 00:00:00,486.3168552298812
2020-07-31 00:00:00,475.8718118510151
2020-08-03 00:00:00,469.061940702828
2020-08-04 00:00:00,465.7941911676171
2020-08-05 00:00:00,467.1712943591701
2020-08-06 00:00:00,466.0628611161519
2020-08-07 00:00:00,472.5348363877856
2020-08-10 00:00:00,482.50570106310624
2020-08-11 00:00:00,485.2182618551888
2020-08-12 00:00:00,496.1114100231425
2020-08-13 00:00:00,497.34449465663056
2020-08-14 00:00:00,495.81205954498
2020-08-17 00:00:00,493.1227672267924
2020-08-18 00:00:00,481.35780845860427
2020-08-19 00:00:00,460.3919796695118
2020-08-20 00:00:00,432.36423615649255
2020-08-21 00:00:00,404.4386942720739
2020-08-24 00:00:00,392.24016248954285
2020-08-25 00:00:00,379.54921700302657
2020-08-26 00:00:00,366.2007125270393
2020-08-27 00:00:00,358.4067376374369
2020-08-28 00:00:00,361.350855418641
2020-08-31 00:00:00,352.461321844472
2020-09-01 00:00:00,348.8484640293318
2020-09-02 00:00:00,364.2152282772513
2020-09-03 00:00:00,355.28273556783097
2020-09-04 00:00:00,338.91904062343383
2020-09-08 00:00:00,303.28348624286446
2020-09-09 00:00:00,286.7486698162538
2020-09-10 00:00:00,252.6276584224252
2020-09-11 00:00:00,228.2410553885857
2020-09-14 00:00:00,225.89930451771943
2020-09-15 00:00:00,227.21761100053843
2020-09-16 00:00:00,231.2586749883485
2020-09-17 00:00:00,225.5074913229837
2020-09-18 00:00:00,205.0126918324895
2020-09-21 00:00:00,170.26457480894896
2020-09-22 00:00:00,149.50361187976523
2020-09-23 00:00:00,109.10547051592584
2020-09-24 00:00:00,79.8695322972635
2020-09-25 00:00:00,72.77345745881757
2020-09-28 00:00:00,87.44244618465746
2020-09-29 00:00:00,89.54721931432869
2020-09-30 00:00:00,102.0490642436198
2020-10-01 00:00:00,116.57789633694485
2020-10-02 00:00:00,133.61715829505556
2020-10-05 00:00:00,167.11764147777285
2020-10-06 00:00:00,181.32496639159945
2020-10-07 00:00:00,211.1656043609692
2020-10-08 00:00:00,252.12352180297603
2020-10-09 00:00:00,290.98192360687244
2020-10-12 00:00:00,335.850947531173
2020-10-13 00:00:00,362.8347082487962
2020-10-14 00:00:00,377.8916501211133
2020-10-15 00:00:00,395.0258771713416
2020-10-16 00:00:00,409.6505119134308
2020-10-19 00:00:00,400.6563220583485
2020-10-20 00:00:00,400.0130081219686
2020-10-21 00:00:00,389.7629096657547
2020-10-22 00:00:00,389.3502609373536
2020-10-23 00:00:00,396.6006949698858
2020-10-26 00:00:00,380.5168125928467
2020-10-27 00:00:00,353.2625090975271
2020-10-28 00:00:00,305.6437670635423
2020-10-29 00:00:00,273.40152378916537
2020-10-30 00:00:00,239.01739817063208
2020-11-02 00:00:00,226.12388377593007
2020-11-03 00:00:00,233.36930954957643
2020-11-04 00:00:00,239.69730203829383
2020-11-05 00:00:00,260.0092491059622
2020-11-06 00:00:00,275.075917603288
2020-11-09 00:00:00,295.1825395804772
2020-11-10 00:00:00,317.6477886730718
2020-11-11 00:00:00,335.86733770387946
2020-11-12 00:00:00,331.9157154366985
2020-11-13 00:00:00,347.4274998210749
2020-11-16 00:00:00,375.2529379706175
2020-11-17 00:00:00,390.66742289862304
2020-11-18 00:00:00,387.79347039756976
2020-11-19 00:00:00,389.9472736571842
2020-11-20 00:00:00,381.98903907586646
2020-11-23 00:00:00,383.8748033134689
2020-11-24 00:00:00,397.6177577200506
2020-11-25 00:00:00,399.179894949084
2020-11-27 00:00:00,398.8196228051529
2020-11-30 00:00:00,387.16749200806953
2020-12-01 00:00:00,388.1190827165192
2020-12-02 00:00:00,387.9920973586632
2020-12-03 00:00:00,389.7435643909048
2020-12-04 00:00:00,405.0423508815147
2020-12-07 00:00:00,409.04760157658166
2020-12-08 00:00:00,415.3268529129855
2020-12-09 00:00:00,414.8689785410388
2020-12-10 00:00:00,407.4531510603265
2020-12-11 00:00:00,394.77535280901793
2020-12-14 00:00:00,372.5119585401044
2020-12-15 00:00:00,370.61419664748246
2020-12-16 00:00:00,364.1385392460506
2020-12-17 00:00:00,368.8811594715953
2020-12-18 00:00:00,367.9416939670773
2020-12-21 00:00:00,354.1487424908846
2020-12-22 00:00:00,334.88502526627417
2020-12-23 00:00:00,320.7901219129053
2020-12-24 00:00:00,314.6850289362119
2020-12-28 00:00:00,311.2417492964596
2020-12-29 00:00:00,294.2415364579865
2020-12-30 00:00:00,288.8851467988061
2020-12-31 00:00:00,298.1110079062128
2021-01-04 00:00:00,287.3085641135185
2021-01-05 00:00:00,287.8359318501971
2021-01-06 00:00:00,300.19765160579846
2021-01-07 00:00:00,319.36593373881624
2021-01-08 00:00:00,336.1579852938521
2021-01-11 00:00:00,345.7343994469338
2021-01-12 00:00:00,357.8935615505907
2021-01-13 00:00:00,362.3001773414581
2021-01-14 00:00:00,365.3563329559474
2021-01-15 00:00:00,360.1925643415525
2021-01-19 00:00:00,359.4765793545448
2021-01-20 00:00:00,365.4670292938681
2021-01-21 00:00:00,360.2115288455243
2021-01-22 00:00:00,347.4670183179624
2021-01-25 00:00:00,333.9831267253176
2021-01-26 00:00:00,313.13448377996974
2021-01-27 00:00:00,276.1932216428031
2021-01-28 00:00:00,254.52747640730377
2021-01-29 00:00:00,216.130626848928
2021-02-01 00:00:00,196.8706673422712
2021-02-02 00:00:00,194.7190486273685
2021-02-03 00:00:00,191.2558193829828
2021-02-04 00:00:00,201.4384792821147
2021-02-05 00:00:00,215.9374610994637
2021-02-08 00:00:00,238.6544032477977
2021-02-09 00:00:00,256.9841167683917
2021-02-10 00:00:00,275.3211012446627
2021-02-11 00:00:00,288.97261746565346
2021-02-12 00:00:00,305.7498007472677
2021-02-16 00:00:00,315.8155434493092
2021-02-17 00:00:00,321.4926757423091
2021-02-18 00:00:00,319.6391604741075
2021-02-19 00:00:00,319.9062091174346
2021-02-22 00:00:00,316.83500466188707
2021-02-23 00:00:00,313.6749498290956
2021-02-24 00:00:00,321.954728197903
2021-02-25 00:00:00,307.3741650622469
2021-02-26 00:00:00,285.9209127559516
2021-03-01 00:00:00,286.9987774702895
2021-03-02 00:00:00,280.5853579136965
2021-03-03 00:00:00,268.0989574032428
2021-03-04 00:00:00,241.6825901797856
2021-03-05 00:00:00,237.48818325283355
2021-03-08 00:00:00,240.114524414028
2021-03-09 00:00:00,243.4094734847749
2021-03-10 00:00:00,257.3096075728463
2021-03-11 00:00:00,274.1076741802753
2021-03-12 00:00:00,296.1494827587303
2021-03-15 00:00:00,325.96448167951166
2021-03-16 00:00:00,341.0264833483743
2021-03-17 00:00:00,357.1993623585149
2021-03-18 00:00:00,360.9911771003899
2021-03-19 00:00:00,360.97822281920526
2021-03-22 00:00:00,363.36225579468737
2021-03-23 00:00:00,352.08379270975274
2021-03-24 00:00:00,341.78028780858585
2021-03-25 00:00:00,345.3618896790431
2021-03-26 00:00:00,365.7973498298961
2021-03-29 00:00:00,376.6906815097245
2021-03-30 00:00:00,383.7710266884242
2021-03-31 00:00:00,385.1558666827696
2021-04-01 00:00:00,398.31412554452254
2021-04-05 00:00:00,422.8728662436042
2021-04-06 00:00:00,444.35622521009645
2021-04-07 00:00:00,454.4527160004
2021-04-08 00:00:00,462.3629520461036
2021-04-09 00:00:00,477.4643891049636
2021-04-12 00:00:00,493.488795844758
2021-04-13 00:00:00,504.4222196280534
2021-04-14 00:00:00,511.5981858646337
2021-04-15 00:00:00,529.725646067578
2021-04-16 00:00:00,552.5259963107601
2021-04-19 00:00:00,560.8076657871279
2021-04-20 00:00:00,558.5344548604917
2021-04-21 00:00:00,568.6981872439137
2021-04-22 00:00:00,564.4446874955174
2021-04-23 00:00:00,572.9857217731624
2021-04-26 00:00:00,578.123377471682
2021-04-27 00:00:00,582.1754562065616
2021-04-28 00:00:00,580.1791062438497
2021-04-29 00:00:00,588.7213314945184
2021-04-30 00:00:00,581.6313274263666
2021-05-03 00:00:00,580.2612173109592
2021-05-04 00:00:00,573.7884670757339
2021-05-05 00:00:00,566.2853232892303
2021-05-06 00:00:00,567.9887087353345
2021-05-07 00:00:00,581.1051597480691
2021-05-10 00:00:00,585.764199565223
2021-05-11 00:00:00,571.8688576110653
2021-05-12 00:00:00,535.8289959522081
2021-05-13 00:00:00,520.8357692541176
2021-05-14 00:00:00,523.2623815809857
2021-05-17 00:00:00,516.2708232125442
2021-05-18 00:00:00,494.4616866914657
2021-05-19 00:00:00,463.5425665324874
2021-05-20 00:00:00,446.4890059639074
2021-05-21 00:00:00,432.47576664794906
2021-05-24 00:00:00,431.0320681995654
2021-05-25 00:00:00,420.4425456851968
2021-05-26 00:00:00,416.7362912069875
2021-05-27 00:00:00,418.2337621720799
2021-05-28 00:00:00,422.1729310363735
2021-06-01 00:00:00,425.6800557601673
2021-06-02 00:00:00,427.7002471201995
2021-06-03 00:00:00,426.1890094974369
2021-06-04 00:00:00,433.115956282476
2021-06-07 00:00:00,0.0
2021-06-08 00:00:00,2.95
2021-06-09 00:00:00,0.0
2021-06-10 00:00:00,0.0
2021-06-11 00:00:00,0.0
2021-06-14 00:00:00,0.0
2021-06-15 00:00:00,1.5
2021-06-16 00:00:00,0.0
2021-06-17 00:00:00,0.0
2021-06-18 00:00:00,0.0
2021-06-21 00:00:00,0.0
2021-06-22 00:00:00,1.5
2021-06-23 00:00:00,0.0
2021-06-24 00:00:00,12.0
2021-06-25 00:00:00,35.80000000000001
2021-06-28 00:00:00,52.62000000000001
2021-06-29 00:00:00,64.98800000000003
2021-06-30 00:00:00,77.88770000000004
2021-07-01 00:00:00,102.67750500000005
2021-07-02 00:00:00,129.40940075000006
2021-07-06 00:00:00,143.11812461250008
2021-07-07 00:00:00,163.1234928918751
2021-07-08 00:00:00,161.26246530628134
2021-07-09 00:00:00,179.46497439406733
2021-07-12 00:00:00,198.38079479215395
2021-07-13 00:00:00,196.3119172585573
2021-07-14 00:00:00,192.31146738103934
2021-07-15 00:00:00,187.1295253988563
2021-07-16 00:00:00,174.06331737709553
2021-07-19 00:00:00,144.2213929316046
2021-07-20 00:00:00,137.4854405660518
2021-07-21 00:00:00,142.58877409067395
2021-07-22 00:00:00,141.78918038377248
2021-07-23 00:00:00,156.09658186245287
2021-07-26 00:00:00,169.1489272174124
2021-07-27 00:00:00,179.46293785981572
2021-07-28 00:00:00,185.83410226977156
2021-07-29 00:00:00,203.25227732893484
2021-07-30 00:00:00,212.97855561787492
2021-08-02 00:00:00,216.9296307768293
2021-08-03 00:00:00,231.87315188385105
2021-08-04 00:00:00,231.99049667093527
2021-08-05 00:00:00,240.88087398053779
2021-08-06 00:00:00,253.0277422103452
2021-08-09 00:00:00,256.1981758357788
2021-08-10 00:00:00,262.67790570634565
2021-08-11 00:00:00,278.50468521714856
2021-08-12 00:00:00,290.19405827279945
2021-08-13 00:00:00,301.887501944017
2021-08-16 00:00:00,313.1259587731879
2021-08-17 00:00:00,311.4692095682632
2021-08-18 00:00:00,290.245342950211
2021-08-19 00:00:00,268.84771027702527
2021-08-20 00:00:00,265.5084957900666
2021-08-23 00:00:00,270.22592492476633
2021-08-24 00:00:00,278.3081972103107
2021-08-25 00:00:00,294.52699902840004
2021-08-26 00:00:00,293.22143958772403
2021-08-27 00:00:00,308.8890790680075
2021-08-30 00:00:00,322.4904654283098
2021-08-31 00:00:00,333.35719843922675
2021-09-01 00:00:00,341.1814691713646
2021-09-02 00:00:00,358.9653133014856
2021-09-03 00:00:00,364.7256734662319
2021-09-07 00:00:00,352.07715303975874
2021-09-08 00:00:00,340.1022823099256
2021-09-09 00:00:00,321.4632564243684
2021-09-10 00:00:00,292.4695730100955
2021-09-13 00:00:00,270.2176258258414
2021-09-14 00:00:00,238.94112285417486
2021-09-15 00:00:00,224.80500719912925
2021-09-16 00:00:00,206.14460327806955
2021-09-17 00:00:00,175.0092349091733
2021-09-20 00:00:00,128.2634487792211
2021-09-21 00:00:00,81.65448439421584
2021-09-22 00:00:00,57.59554742306523
2021-09-23 00:00:00,53.33717857561601
2021-09-24 00:00:00,50.07958731816893
2021-09-27 00:00:00,46.44394885646102
2021-09-28 00:00:00,23.40325822741829
2021-09-29 00:00:00,7.936451448449816
2021-09-30 00:00:00,-23.877350604810545
2021-10-01 00:00:00,-37.158764607323974
2021-10-04 00:00:00,-58.32857975643651
2021-10-05 00:00:00,-64.13712881014544
2021-10-06 00:00:00,-64.33275260701589
2021-10-07 00:00:00,-50.27834719030511
2021-10-08 00:00:00,-44.26043882306567
2021-10-11 00:00:00,-50.14382497496058
2021-10-12 00:00:00,-55.12340100995607
2021-10-13 00:00:00,-54.05532151482748
2021-10-14 00:00:00,-30.92183693891843
2021-10-15 00:00:00,-3.8380984418215576
2021-10-18 00:00:00,18.837688465405108
2021-10-19 00:00:00,50.13129782875694
2021-10-20 00:00:00,90.18667734527935
2021-10-21 00:00:00,127.68309344517934
2021-10-22 00:00:00,167.05411374336836
2021-10-25 00:00:00,202.73106552960303
2021-10-26 00:00:00,231.1212039791858
2021-10-27 00:00:00,237.88916633368285
2021-10-28 00:00:00,258.18632831510945
2021-10-29 00:00:00,271.8994701676538
2021-11-01 00:00:00,289.5147091007409
2021-11-02 00:00:00,306.9281648430267
2021-11-03 00:00:00,328.9820286784661
2021-11-04 00:00:00,343.54317211437433
2021-11-05 00:00:00,361.07523389150424
2021-11-08 00:00:00,376.3597705414925
2021-11-09 00:00:00,388.3462505245252
2021-11-10 00:00:00,390.7029596573957
2021-11-11 00:00:00,394.01443116771316
2021-11-12 00:00:00,403.0756671531958
2021-11-15 00:00:00,411.3576455850175
2021-11-16 00:00:00,417.8319489163
2021-11-17 00:00:00,413.7283185199649
2021-11-18 00:00:00,400.50107293849896
2021-11-19 00:00:00,379.98927260165283
2021-11-22 00:00:00,361.85173695064077
2021-11-23 00:00:00,350.28488528427215
2021-11-24 00:00:00,339.5938026831059
2021-11-26 00:00:00,307.4049580456931
2021-11-29 00:00:00,287.6964710904772
2021-11-30 00:00:00,245.65723238831515
2021-12-01 00:00:00,194.08539713602477
2021-12-02 00:00:00,168.97105100963608
2021-12-03 00:00:00,140.65342981652566
2021-12-06 00:00:00,131.88859654733415
2021-12-07 00:00:00,142.13522111943803
2021-12-08 00:00:00,156.18540902298992
2021-12-09 00:00:00,154.36739263541176
2021-12-10 00:00:00,162.19115166085567
2021-12-13 00:00:00,161.31950986930633
2021-12-14 00:00:00,150.2176585881848
2021-12-15 00:00:00,155.22448744988515
2021-12-16 00:00:00,159.32920368938903
2021-12-17 00:00:00,151.34209005571802
2021-12-20 00:00:00,127.20639744865093
2021-12-21 00:00:00,122.83434828236568
2021-12-22 00:00:00,132.88207450377968
2021-12-23 00:00:00,155.10847005056985
2021-12-27 00:00:00,193.03649589282213
2021-12-28 00:00:00,229.2997755084839
2021-12-29 00:00:00,268.0083807023325
2021-12-30 00:00:00,293.2641962395619
2021-12-31 00:00:00,316.6915975426946
2022-01-03 00:00:00,334.33856766916006
2022-01-04 00:00:00,354.70503428894244
2022-01-05 00:00:00,354.794838077411
2022-01-06 00:00:00,356.29764612616464
2022-01-07 00:00:00,353.30105877721826
2022-01-10 00:00:00,343.52247129998295
2022-01-11 00:00:00,346.3441666504473
2022-01-12 00:00:00,351.0749953418417
2022-01-13 00:00:00,349.21447889627507
2022-01-14 00:00:00,342.17766494083435
2022-01-18 00:00:00,315.55030068422775
2022-01-19 00:00:00,277.85615274140855
2022-01-20 00:00:00,228.9883754865914
2022-01-21 00:00:00,170.3614840562891
2022-01-24 00:00:00,125.78368446309969
2022-01-25 00:00:00,73.54074738860709
2022-01-26 00:00:00,18.80533245297329
2022-01-27 00:00:00,-34.33747397925845
2022-01-28 00:00:00,-60.50288610892085
2022-01-31 00:00:00,-64.92179904923705
2022-02-01 00:00:00,-59.47536061796154
2022-02-02 00:00:00,-42.62127895613139
2022-02-03 00:00:00,-44.54793274048552
2022-02-04 00:00:00,-49.02248206240574
2022-02-07 00:00:00,-52.10310932233597
2022-02-08 00:00:00,-42.126530082964564
2022-02-09 00:00:00,-16.385922182887043
2022-02-10 00:00:00,-12.545772817406032
2022-02-11 00:00:00,-24.399716245833133
2022-02-14 00:00:00,-47.66283929590918
2022-02-15 00:00:00,-52.51449530724449
2022-02-16 00:00:00,-51.5500887203998
2022-02-17 00:00:00,-67.86777064504577
2022-02-18 00:00:00,-89.03004983739311
2022-02-22 00:00:00,-120.62864829766295
2022-02-23 00:00:00,-165.69230673970515
2022-02-24 00:00:00,-196.04327317395246
2022-02-25 00:00:00,-198.66313310936448
2022-02-28 00:00:00,-209.1597976885946
2022-03-01 00:00:00,-231.68864691539375
2022-03-02 00:00:00,-228.59236976972943
2022-03-03 00:00:00,-225.8520909613385
2022-03-04 00:00:00,-227.52989212535704
2022-03-07 00:00:00,-245.57676265996633
2022-03-08 00:00:00,-264.87895315375727
2022-03-09 00:00:00,-262.8079312601799
2022-03-10 00:00:00,-265.17316788487005
2022-03-11 00:00:00,-280.3695793595557
2022-03-14 00:00:00,-296.0106632736147
2022-03-15 00:00:00,-288.65373670376675
2022-03-16 00:00:00,-264.47029580302797
2022-03-17 00:00:00,-225.22110235388118
2022-03-18 00:00:00,-180.03693644309124
2022-03-21 00:00:00,-146.70428990715027
2022-03-22 00:00:00,-107.52135566938523
2022-03-23 00:00:00,-88.98234011774912
2022-03-24 00:00:00,-53.93657012051153
2022-03-25 00:00:00,-12.102753922270495
2022-03-28 00:00:00,30.1756726968365
2022-03-29 00:00:00,84.17284909268892
2022-03-30 00:00:00,123.01957066567957
2022-03-31 00:00:00,138.11841975725793
2022-04-01 00:00:00,159.63734363177127
2022-04-04 00:00:00,177.78783682632138
2022-04-05 00:00:00,182.26756932353055
2022-04-06 00:00:00,181.9864027620265
2022-04-07 00:00:00,183.28607333813034
2022-04-08 00:00:00,184.03086131400823
2022-04-11 00:00:00,169.3475007268139
2022-04-12 00:00:00,151.29648992112925
2022-04-13 00:00:00,150.60639323266332
2022-04-14 00:00:00,140.91332859786098
2022-04-18 00:00:00,125.77119169211619
2022-04-19 00:00:00,131.3958086792436
2022-04-20 00:00:00,147.59787715984157
2022-04-21 00:00:00,144.41265632495333
2022-04-22 00:00:00,117.51722922949921
2022-04-25 00:00:00,98.63405291673871
2022-04-26 00:00:00,60.29576690474505
2022-04-27 00:00:00,28.51505352996628
2022-04-28 00:00:00,19.649968326881208
2022-04-29 00:00:00,-11.577929363391377
2022-05-02 00:00:00,-35.76989224175804
2022-05-03 00:00:00,-46.12517104155222
2022-05-04 00:00:00,-32.148308560168516
2022-05-05 00:00:00,-43.23734959578451
2022-05-06 00:00:00,-62.80229293325738
2022-05-09 00:00:00,-96.76630802213049
2022-05-10 00:00:00,-127.87170938300642
2022-05-11 00:00:00,-165.7774689996404
2022-05-12 00:00:00,-192.85800612686444
2022-05-13 00:00:00,-193.89757534000591
2022-05-16 00:00:00,-200.116919140542
2022-05-17 00:00:00,-184.73387349429777
2022-05-18 00:00:00,-194.50770009928738
2022-05-19 00:00:00,-203.64178334605685
2022-05-20 00:00:00,-206.0832156053143
2022-05-23 00:00:00,-190.69022410895332
2022-05-24 00:00:00,-180.47576525901968
2022-05-25 00:00:00,-158.09002411603115
2022-05-26 00:00:00,-118.70976531819588
2022-05-27 00:00:00,-61.74609521945604
2022-05-31 00:00:00,-27.4834268089362
2022-06-01 00:00:00,-12.351428183897042
2022-06-02 00:00:00,19.19818778143099
2022-06-03 00:00:00,28.127118492879163
2022-06-06 00:00:00,41.87071865870348
2022-06-07 00:00:00,70.06214320718937
2022-06-08 00:00:00,74.66550048010913
2022-06-09 00:00:00,55.82804344605529
2022-06-10 00:00:00,18.192877464709
2022-06-13 00:00:00,-38.2761538366658
2022-06-14 00:00:00,-93.51579483015803
2022-06-15 00:00:00,-125.62810890544324
2022-06-16 00:00:00,-175.75599689528462
2022-06-17 00:00:00,-213.33656114212272
2022-06-21 00:00:00,-225.70126076745873
2022-06-22 00:00:00,-234.89457264328394
2022-06-23 00:00:00,-232.73038143389795
2022-06-24 00:00:00,-206.56634604270357
2022-06-27 00:00:00,-184.5132640530187
2022-06-28 00:00:00,-182.9353126315732
2022-06-29 00:00:00,-185.12148760307946
2022-06-30 00:00:00,-194.16505976570147
2022-07-01 00:00:00,-183.72648866591499
2022-07-05 00:00:00,-176.78287793226787
2022-07-06 00:00:00,-167.51217636533806
2022-07-07 00:00:00,-144.1481656437868
2022-07-08 00:00:00,-131.70119564864126
2022-07-11 00:00:00,-131.60053032454857
2022-07-12 00:00:00,-139.00645882082654
2022-07-13 00:00:00,-152.6934953910402
2022-07-14 00:00:00,-173.23244418161767
2022-07-15 00:00:00,-168.3770831766535
2022-07-18 00:00:00,-172.38386410152566
2022-07-19 00:00:00,-151.14774247178389
2022-07-20 00:00:00,-123.2351197659957
2022-07-21 00:00:00,-86.65365175371653
2022-07-22 00:00:00,-61.69322834444938
2022-07-25 00:00:00,-36.193600187803895
2022-07-26 00:00:00,-20.710450112932904
2022-07-27 00:00:00,10.431195451646545
2022-07-28 00:00:00,53.40514643210372
2022-07-29 00:00:00,104.28084878823438
2022-08-01 00:00:00,145.1581700587849
2022-08-02 00:00:00,167.33248889481138
2022-08-03 00:00:00,200.1548690551399
2022-08-04 00:00:00,226.96722974694512
2022-08-05 00:00:00,251.55696198970372
2022-08-08 00:00:00,277.92339824731425
2022-08-09 00:00:00,296.4270842563342
2022-08-10 00:00:00,331.66560037276486
2022-08-11 00:00:00,364.03620365044935
2022-08-12 00:00:00,412.24288843461727
2022-08-15 00:00:00,456.5483894829076
2022-08-16 00:00:00,498.3968509317815
2022-08-17 00:00:00,517.83530121591
2022-08-18 00:00:00,539.0159997027604
2022-08-19 00:00:00,537.5304169105038
2022-08-22 00:00:00,511.1725915385714
2022-08-23 00:00:00,479.83078788787634
2022-08-24 00:00:00,461.43439182709335
2022-08-25 00:00:00,464.4483012359883
2022-08-26 00:00:00,440.90295227441356
2022-08-29 00:00:00,407.21716415089486
2022-08-30 00:00:00,357.7297294845321
2022-08-31 00:00:00,298.4293241973696
2022-09-01 00:00:00,249.93533105585811
2022-09-02 00:00:00,191.02329026458665
2022-09-06 00:00:00,134.14837893672666
2022-09-07 00:00:00,106.9495878567227
2022-09-08 00:00:00,96.2598735440356
2022-09-09 00:00:00,106.58886843896789
2022-09-12 00:00:00,131.98721473194018
2022-09-13 00:00:00,128.84286473877228
2022-09-14 00:00:00,124.61023117092009
2022-09-15 00:00:00,109.36827831455139
2022-09-16 00:00:00,85.08956723078336
2022-09-19 00:00:00,77.15582141800769
2022-09-20 00:00:00,48.9366896409947
2022-09-21 00:00:00,3.1646485234432475
2022-09-22 00:00:00,-51.936269874679965
2022-09-23 00:00:00,-117.23787375570191
2022-09-26 00:00:00,-192.53455570519736
2022-09-27 00:00:00,-260.40054599348923
2022-09-28 00:00:00,-293.7739649600121
2022-09-29 00:00:00,-341.3893683515889
2022-09-30 00:00:00,-395.9435914096289
2022-10-03 00:00:00,-417.15773416720504
2022-10-04 00:00:00,-409.16003755409656
2022-10-05 00:00:00,-407.32620676211855
2022-10-06 00:00:00,-418.7716504011669
2022-10-07 00:00:00,-448.81364646054726
2022-10-10 00:00:00,-478.0554848590143
2022-10-11 00:00:00,-505.6669792654088
2022-10-12 00:00:00,-536.1964720865492
2022-10-13 00:00:00,-539.5182060881912
2022-10-14 00:00:00,-561.7106976291543
2022-10-17 00:00:00,-555.3267244085318
2022-10-18 00:00:00,-527.391793682857
2022-10-19 00:00:00,-513.9704689439909
2022-10-20 00:00:00,-512.6753839475402
2022-10-21 00:00:00,-486.9047093558372
2022-10-24 00:00:00,-446.9362590331518
2022-10-25 00:00:00,-391.0785527120902
2022-10-26 00:00:00,-338.36482104402216
2022-10-27 00:00:00,-288.2027563626041
2022-10-28 00:00:00,-224.0231772781783
2022-10-31 00:00:00,-177.37952127460358
2022-11-01 00:00:00,-132.7122977851741
2022-11-02 00:00:00,-115.10826021278604
2022-11-03 00:00:00,-103.73126678733024
2022-11-04 00:00:00,-79.33528107462871
2022-11-07 00:00:00,-46.73003688489598
2022-11-08 00:00:00,-8.668902918249842
2022-11-09 00:00:00,3.166711137823768
2022-11-10 00:00:00,36.32032760007769
2022-11-11 00:00:00,69.98506803730425
2022-11-14 00:00:00,84.81849577094681
2022-11-15 00:00:00,111.27698400435611
2022-11-16 00:00:00,124.14260652389976
2022-11-17 00:00:00,126.87200074548991
2022-11-18 00:00:00,141.8712728012215
2022-11-21 00:00:00,155.33629404486646
2022-11-22 00:00:00,184.82220573795848
2022-11-23 00:00:00,220.3585492068628
2022-11-25 00:00:00,258.64033012674145
2022-11-28 00:00:00,269.4280511626034
2022-11-29 00:00:00,279.3044123924524
2022-11-30 00:00:00,309.2021791820116
2022-12-01 00:00:00,334.0187588911749
2022-12-02 00:00:00,353.11684074805316
2022-12-05 00:00:00,345.2301165319436
2022-12-06 00:00:00,322.4108167445106
2022-12-07 00:00:00,298.93826134253277
2022-12-08 00:00:00,288.5245351671292
2022-12-09 00:00:00,264.57817661132367
2022-12-12 00:00:00,263.43114916305285
2022-12-13 00:00:00,270.73328494896623
2022-12-14 00:00:00,265.22294462117725
2022-12-15 00:00:00,237.88548891781193
2022-12-16 00:00:00,196.97253684684574
2022-12-19 00:00:00,146.7571001419351
2022-12-20 00:00:00,105.38911625852688
2022-12-21 00:00:00,90.5425444569205
2022-12-22 00:00:00,61.09601284426253
2022-12-23 00:00:00,51.063748251218385
2022-12-27 00:00:00,46.63084328290961
2022-12-28 00:00:00,20.50755531859113
2022-12-29 00:00:00,20.319606332505828
2022-12-30 00:00:00,8.307311917740662
2023-01-03 00:00:00,-1.3547363664724799
2023-01-04 00:00:00,6.490986032357796
2023-01-05 00:00:00,-0.5833762468041641
2023-01-06 00:00:00,15.57096088574599
2023-01-09 00:00:00,31.505064329647666
2023-01-10 00:00:00,56.021197452535944
2023-01-11 00:00:00,91.75238528534283
2023-01-12 00:00:00,125.94378895596537
2023-01-13 00:00:00,161.09772014956798
2023-01-17 00:00:00,185.0488427193509
2023-01-18 00:00:00,185.05180830291874
2023-01-19 00:00:00,170.77908483535384
2023-01-20 00:00:00,178.32201084640974
2023-01-23 00:00:00,198.12960253163055
2023-01-24 00:00:00,212.82444540983624
2023-01-25 00:00:00,227.27441384365284
2023-01-26 00:00:00,249.99276478534784
2023-01-27 00:00:00,269.11699101657086
2023-01-30 00:00:00,269.27261948918294
2023-01-31 00:00:00,289.6093187358201
2023-02-01 00:00:00,317.69914999801676
2023-02-02 00:00:00,347.77745997720467
2023-02-03 00:00:00,358.5555277095241
2023-02-06 00:00:00,356.87799798210926
2023-02-07 00:00:00,363.55932007525917
2023-02-08 00:00:00,353.6540538645263
2023-02-09 00:00:00,330.21678098502707
2023-02-10 00:00:00,315.02682876813014
2023-02-13 00:00:00,319.66428547884243
2023-02-14 00:00:00,315.0309895391074
2023-02-15 00:00:00,319.14436656293765
2023-02-16 00:00:00,304.3655820854992
2023-02-17 00:00:00,290.20789344686136
2023-02-21 00:00:00,255.50203019359196
2023-02-22 00:00:00,219.9010069610781
2023-02-23 00:00:00,194.56262706247344
2023-02-24 00:00:00,158.0254991138545
2023-02-27 00:00:00,127.54612722221555
2023-02-28 00:00:00,96.54853361875394
2023-03-01 00:00:00,62.51284841969982
2023-03-02 00:00:00,45.899773332410405
2023-03-03 00:00:00,51.06609526611601
2023-03-06 00:00:00,48.52797004310332
2023-03-07 00:00:00,24.615233127212377
2023-03-08 00:00:00,8.196766898489386
2023-03-09 00:00:00,-28.58200556156089
2023-03-10 00:00:00,-80.53494598709676
2023-03-13 00:00:00,-128.5020353209943
2023-03-14 00:00:00,-150.5713865248713
2023-03-15 00:00:00,-179.18782487156204
2023-03-16 00:00:00,-185.00894053362435
2023-03-17 00:00:00,-209.76094972201963
2023-03-20 00:00:00,-211.0751128294878
2023-03-21 00:00:00,-197.24334672222585
2023-03-22 00:00:00,-208.030969966906
2023-03-23 00:00:00,-221.76423299127237
2023-03-24 00:00:00,-221.1973517121487
2023-03-27 00:00:00,-208.5566814599374
2023-03-28 00:00:00,-191.50612498699684
2023-03-29 00:00:00,-155.07036857769754
2023-03-30 00:00:00,-111.89244500485893
2023-03-31 00:00:00,-52.315858125057275
2023-04-03 00:00:00,-2.466297052201753
2023-04-04 00:00:00,27.217409150350704
2023-04-05 00:00:00,49.31089090778141
2023-04-06 00:00:00,69.7042633558458
2023-04-10 00:00:00,96.59207548216136
2023-04-11 00:00:00,130.39819447275067
2023-04-12 00:00:00,152.10043523734066
2023-04-13 00:00:00,183.99534891487838
2023-04-14 00:00:00,202.89552336459928
2023-04-17 00:00:00,230.9406949022873
2023-04-18 00:00:00,255.01461309249908
2023-04-19 00:00:00,274.0227400796675
2023-04-20 00:00:00,281.3545749532982
2023-04-21 00:00:00,286.6665208954864
2023-04-24 00:00:00,295.2749020715801
2023-04-25 00:00:00,285.30869346678173
2023-04-26 00:00:00,261.0110416423454
2023-04-27 00:00:00,257.63149412424127
2023-04-28 00:00:00,268.15382352564075
2023-05-01 00:00:00,277.30964604620885
2023-05-02 00:00:00,268.70132607106416
2023-05-03 00:00:00,250.1977058619591
2023-05-04 00:00:00,223.72612205386486
2023-05-05 00:00:00,220.62428728767463
2023-05-08 00:00:00,214.0690971261447
2023-05-09 00:00:00,201.5440640524048
2023-05-10 00:00:00,191.72744045409536
2023-05-11 00:00:00,173.77559007527088
2023-05-12 00:00:00,157.8078800509993
2023-05-15 00:00:00,151.71644857999217
2023-05-16 00:00:00,127.2996924293816
2023-05-17 00:00:00,119.2868674584629
2023-05-18 00:00:00,121.63946777103456
2023-05-19 00:00:00,117.49274369942805
2023-05-22 00:00:00,116.3598308997075
2023-05-23 00:00:00,100.55939130144816
2023-05-24 00:00:00,70.39721848842919
2023-05-25 00:00:00,41.10657464085534
2023-05-26 00:00:00,25.607541277975542
2023-05-30 00:00:00,8.727830046323561
2023-05-31 00:00:00,-12.44796220697026
2023-06-01 00:00:00,-18.09102477250144
2023-06-02 00:00:00,-2.2753881421685946
2023-06-05 00:00:00,5.658358117477292
2023-06-06 00:00:00,19.71341937888701
2023-06-07 00:00:00,40.28192966049801
2023-06-08 00:00:00,59.7165963029729
2023-06-09 00:00:00,73.48465330077397
2023-06-12 00:00:00,93.2389187673898
2023-06-13 00:00:00,124.6126211475098
2023-06-14 00:00:00,148.6140735767749
2023-06-15 00:00:00,187.3922450359123
2023-06-16 00:00:00,216.3606204082962
2023-06-20 00:00:00,225.09677824964274
2023-06-21 00:00:00,232.64070931274546
2023-06-22 00:00:00,231.57756682513536
2023-06-23 00:00:00,214.61069216410306
2023-06-26 00:00:00,207.18096086809965
2023-06-27 00:00:00,216.29263580567658
2023-06-28 00:00:00,219.15165469827662
2023-06-29 00:00:00,234.0003575779574
2023-06-30 00:00:00,264.02599675219517
2023-07-03 00:00:00,294.52778826240774
2023-07-05 00:00:00,312.03418106232584
2023-07-06 00:00:00,308.8419760009456
2023-07-07 00:00:00,304.5684307934607
2023-07-10 00:00:00,311.0917074870931
2023-07-11 00:00:00,331.3636505227141
2023-07-12 00:00:00,354.5893435655571
2023-07-13 00:00:00,383.3243643993601
2023-07-14 00:00:00,399.0261853902639
2023-07-17 00:00:00,413.4561114105354
2023-07-18 00:00:00,430.77641760081497
2023-07-19 00:00:00,450.23139730549974
2023-07-20 00:00:00,467.4142479664779
2023-07-21 00:00:00,484.2685140417816
2023-07-24 00:00:00,500.0575689659581
2023-07-25 00:00:00,515.3069230812998
2023-07-26 00:00:00,526.9685862345095
2023-07-27 00:00:00,521.254465299332
2023-07-28 00:00:00,522.7626195732582
2023-07-31 00:00:00,527.4882783795983
2023-08-01 00:00:00,522.6912752671224
2023-08-02 00:00:00,504.5263812296198
2023-08-03 00:00:00,483.42276492140627
2023-08-04 00:00:00,454.41205915327646
2023-08-07 00:00:00,443.28584542575936
2023-08-08 00:00:00,421.50650346160364
2023-08-09 00:00:00,396.1776335649429
2023-08-10 00:00:00,370.840561635473
2023-08-11 00:00:00,349.9731623275984
2023-08-14 00:00:00,329.6816701077287
2023-08-15 00:00:00,290.18403590920116
2023-08-16 00:00:00,241.66263848991366
2023-08-17 00:00:00,186.26853050397403
2023-08-18 00:00:00,143.52522552347546
2023-08-21 00:00:00,104.91207363753165
2023-08-22 00:00:00,66.07326840686255
2023-08-23 00:00:00,47.48572359260561
2023-08-24 00:00:00,15.555944158452803
2023-08-25 00:00:00,0.9782030214601036
2023-08-28 00:00:00,5.109343334223922
2023-08-29 00:00:00,27.465921584966054
2023-08-30 00:00:00,53.993466381425606
2023-08-31 00:00:00,70.10454985049182
2023-09-01 00:00:00,91.67900346729039
2023-09-05 00:00:00,94.41676629231642
2023-09-06 00:00:00,92.58546967625352
2023-09-07 00:00:00,87.9067837211378
2023-09-08 00:00:00,85.71697331090854
2023-09-11 00:00:00,89.31610054360772
2023-09-12 00:00:00,87.59677382484824
2023-09-13 00:00:00,81.18876561118395
2023-09-14 00:00:00,93.15397476044564
2023-09-15 00:00:00,87.01845870926172
2023-09-18 00:00:00,80.53750019195377
2023-09-19 00:00:00,69.29359315869624
2023-09-20 00:00:00,51.63358467946637
2023-09-21 00:00:00,15.126109506328248
2023-09-22 00:00:00,-22.363412314237394
2023-09-25 00:00:00,-49.20513640924946
2023-09-26 00:00:00,-92.10878482843782
2023-09-27 00:00:00,-128.43086030270115
2023-09-28 00:00:00,-146.39408053168427
2023-09-29 00:00:00,-167.47066342480593
2023-10-02 00:00:00,-198.1037884813004
2023-10-03 00:00:00,-238.00459146219782
2023-10-04 00:00:00,-257.9297550535539
2023-10-05 00:00:00,-276.8761211488945
2023-10-06 00:00:00,-276.6408835546672
2023-10-09 00:00:00,-264.9065509938291
2023-10-10 00:00:00,-240.64916389934206
2023-10-11 00:00:00,-213.10585211406033
2023-10-12 00:00:00,-204.64079127707373
2023-10-13 00:00:00,-199.9799603050651
2023-10-16 00:00:00,-174.54505002247242
2023-10-17 00:00:00,-143.82547648074342
2023-10-18 00:00:00,-133.74111372015977
2023-10-19 00:00:00,-142.500277991262
2023-10-20 00:00:00,-167.8268620530971
2023-10-23 00:00:00,-199.29195711569992
2023-10-24 00:00:00,-214.44815360864686
2023-10-25 00:00:00,-238.83446084207299
2023-10-26 00:00:00,-259.7405812224424
2023-10-27 00:00:00,-291.76661124154634
2023-10-30 00:00:00,-302.09003385167216
2023-10-31 00:00:00,-292.6561100140716
2023-11-01 00:00:00,-276.37682458285326
2023-11-02 00:00:00,-241.47615141624647
2023-11-03 00:00:00,-193.6286951017173
2023-11-06 00:00:00,-160.35097647728617
2023-11-07 00:00:00,-133.9467721710107
2023-11-08 00:00:00,-112.35144362829033
2023-11-09 00:00:00,-105.37568050612208
2023-11-10 00:00:00,-80.63452463413796
2023-11-13 00:00:00,-63.37766374042167
2023-11-14 00:00:00,-27.25615935759106
2023-11-15 00:00:00,8.264007686517289
2023-11-16 00:00:00,36.3424304707969
2023-11-17 00:00:00,68.36776979900151
2023-11-20 00:00:00,104.75759607562122
2023-11-21 00:00:00,134.04710956175313
2023-11-22 00:00:00,172.86940804458845
2023-11-24 00:00:00,218.59812620718913
2023-11-27 00:00:00,250.15318960517652
2023-11-28 00:00:00,273.2320028624308
2023-11-29 00:00:00,295.3482281830711
2023-11-30 00:00:00,327.43085969130243
2023-12-01 00:00:00,371.4743553323833
2023-12-04 00:00:00,407.57417232884563
2023-12-05 00:00:00,421.2516449991763
2023-12-06 00:00:00,432.2396259073139
2023-12-07 00:00:00,447.5231514542347
2023-12-08 00:00:00,464.35295003958163
2023-12-11 00:00:00,490.5206630798557
2023-12-12 00:00:00,516.3414544138896
2023-12-13 00:00:00,555.43652373242
2023-12-14 00:00:00,593.4356253811011
2023-12-15 00:00:00,611.3576791638188
2023-12-18 00:00:00,628.0242467522221
2023-12-19 00:00:00,653.7840408065467
2023-12-20 00:00:00,649.6397445189614
2023-12-21 00:00:00,663.2481724704812
2023-12-22 00:00:00,683.417137506678
2023-12-26 00:00:00,713.0445169250925
2023-12-27 00:00:00,740.6607037432123
2023-12-28 00:00:00,768.8692399539887
2023-12-29 00:00:00,779.1931922144322
2024-01-02 00:00:00,783.9242054360393
2024-01-03 00:00:00,769.7496007133332
2024-01-04 00:00:00,754.2815656718531
2024-01-05 00:00:00,740.184987883029
2024-01-08 00:00:00,741.531488934168
2024-01-09 00:00:00,729.3750898882217
2024-01-10 00:00:00,719.0344932544958
2024-01-11 00:00:00,704.198110666388
2024-01-12 00:00:00,689.8420130002241
2024-01-16 00:00:00,663.5183394306532
2024-01-17 00:00:00,623.7940068315165
2024-01-18 00:00:00,595.0607324250977
2024-01-19 00:00:00,580.3684791454843
2024-01-22 00:00:00,575.4547601956874
2024-01-23 00:00:00,569.8762566926325
2024-01-24 00:00:00,551.9072549140574
2024-01-25 00:00:00,547.7842221188057
2024-01-26 00:00:00,543.4701079682718
2024-01-29 00:00:00,548.5641898297235
2024-01-30 00:00:00,552.6268088721154
2024-01-31 00:00:00,536.3372141090003
2024-02-01 00:00:00,534.9279245159923
2024-02-02 00:00:00,530.1483422913898
2024-02-05 00:00:00,507.86105777789817
2024-02-06 00:00:00,496.06612422997387
2024-02-07 00:00:00,491.1011254253481
2024-02-08 00:00:00,486.7505458202668
2024-02-09 00:00:00,487.3970475288206
2024-02-12 00:00:00,492.4628212519892
2024-02-13 00:00:00,475.18174367904066
2024-02-14 00:00:00,472.6805136357725
2024-02-15 00:00:00,483.9785593805991
2024-02-16 00:00:00,483.86849569552396
2024-02-20 00:00:00,475.7550487663084
2024-02-21 00:00:00,473.28927639799804
2024-02-22 00:00:00,481.46459464110194
2024-02-23 00:00:00,494.49716876574894
2024-02-26 00:00:00,495.4675337984954
2024-02-27 00:00:00,499.76985823249925
2024-02-28 00:00:00,502.19949633240867
2024-02-29 00:00:00,509.41583942617217
2024-03-01 00:00:00,518.8887335742074
2024-03-04 00:00:00,529.7436144029089
2024-03-05 00:00:00,528.7758194394319
2024-03-06 00:00:00,537.6044756484644
2024-03-07 00:00:00,553.864954328943
2024-03-08 00:00:00,563.9483388291083
2024-03-11 00:00:00,572.3498908826023
2024-03-12 00:00:00,581.9214684339277
2024-03-13 00:00:00,589.3455598981418
2024-03-14 00:00:00,579.4964303005545
2024-03-15 00:00:00,565.8779423431151
2024-03-18 00:00:00,557.0047454277865
2024-03-19 00:00:00,559.8331383380428
2024-03-20 00:00:00,572.6522485846217
2024-03-21 00:00:00,593.2493266025249
2024-03-22 00:00:00,595.9935816748184
2024-03-25 00:00:00,589.3099518532545
2024-03-26 00:00:00,578.298898596553
2024-03-27 00:00:00,584.8929535690895
2024-03-28 00:00:00,598.1564058027616
2024-04-01 00:00:00,595.4058754335383
2024-04-02 00:00:00,575.577142590686
2024-04-03 00:00:00,559.0456902970927
2024-04-04 00:00:00,524.2660701345867
2024-04-05 00:00:00,503.85816454497035
2024-04-08 00:00:00,486.79011444312346
2024-04-09 00:00:00,476.41298103382906
2024-04-10 00:00:00,448.40846706371485
2024-04-11 00:00:00,421.2725652839472
2024-04-12 00:00:00,375.6150064358262
2024-04-15 00:00:00,317.2997185885033
2024-04-16 00:00:00,257.3536488860991
2024-04-17 00:00:00,199.76299104611462
2024-04-18 00:00:00,150.2741636376977
2024-04-19 00:00:00,114.05984538531084
2024-04-22 00:00:00,99.1263040525937
2024-04-23 00:00:00,100.41249469286049
2024-04-24 00:00:00,103.86012521682096
2024-04-25 00:00:00,101.08854868872368
2024-04-26 00:00:00,99.86340801375809
2024-04-29 00:00:00,109.21659569659278
2024-04-30 00:00:00,97.71748818693413
2024-05-01 00:00:00,86.49716382524093
2024-05-02 00:00:00,87.3213006768674
2024-05-03 00:00:00,99.93933118162386
2024-05-06 00:00:00,124.07805060728242
2024-05-07 00:00:00,150.9962654631854
2024-05-08 00:00:00,172.95635783766738
2024-05-09 00:00:00,206.76745502865924
2024-05-10 00:00:00,239.792105851815
2024-05-13 00:00:00,262.879221776353
2024-05-14 00:00:00,288.004309782953
2024-05-15 00:00:00,320.2462384796818
2024-05-16 00:00:00,343.56185632298366
2024-05-17 00:00:00,366.2289002973939
2024-05-20 00:00:00,381.52807839402703
2024-05-21 00:00:00,393.3012352746755
2024-05-22 00:00:00,394.350778231259
2024-05-23 00:00:00,374.72638356798234
2024-05-24 00:00:00,367.12389421304033
2024-05-28 00:00:00,347.48814634349947
2024-05-29 00:00:00,309.962141183325
2024-05-30 00:00:00,286.7775960654599
2024-05-31 00:00:00,281.2709220093602
2024-06-03 00:00:00,267.4063610813464
2024-06-04 00:00:00,251.86512968248462
2024-06-05 00:00:00,245.56805118804732
2024-06-06 00:00:00,233.50620881936447
2024-06-07 00:00:00,216.2258025500414
2024-06-10 00:00:00,204.91992617702272
2024-06-11 00:00:00,187.17880224720466
2024-06-12 00:00:00,176.374247275975
2024-06-13 00:00:00,160.00448153919388
2024-06-14 00:00:00,133.70830942654902
2024-06-17 00:00:00,121.75654072310681
2024-06-18 00:00:00,117.87899577804637
2024-06-20 00:00:00,117.22429987112992
2024-06-21 00:00:00,120.32841337136051
2024-06-24 00:00:00,132.43078834719927
2024-06-25 00:00:00,130.16616500980854
2024-06-26 00:00:00,119.42908123129018
2024-06-27 00:00:00,113.65172919450015
2024-06-28 00:00:00,109.74383455707175
2024-07-01 00:00:00,94.10386546928567
2024-07-02 00:00:00,89.26117257188162
2024-07-03 00:00:00,84.72436428174296
2024-07-05 00:00:00,79.72177137226572
2024-07-08 00:00:00,77.5959455778011
2024-07-09 00:00:00,70.29038479564406
2024-07-10 00:00:00,78.59267840292159
2024-07-11 00:00:00,98.89817604512973
2024-07-12 00:00:00,131.1648856489919
2024-07-15 00:00:00,161.59709793205002
2024-07-16 00:00:00,205.8086539444048
2024-07-17 00:00:00,241.43049106524631
2024-07-18 00:00:00,257.5800093482412
2024-07-19 00:00:00,259.79994743345924
2024-07-22 00:00:00,275.34899475915336
2024-07-23 00:00:00,281.6166852488277
2024-07-24 00:00:00,276.3674771912538
2024-07-25 00:00:00,273.49756691607035
2024-07-26 00:00:00,288.37630579621145
2024-07-29 00:00:00,301.4557460097476
2024-07-30 00:00:00,318.7313886622742
2024-07-31 00:00:00,335.9584061868736
2024-08-01 00:00:00,340.7577141394704
2024-08-02 00:00:00,330.95733386824577
2024-08-05 00:00:00,298.323222067007
2024-08-06 00:00:00,283.92944036661174
2024-08-07 00:00:00,260.05310981094226
2024-08-08 00:00:00,258.83858163678997
2024-08-09 00:00:00,261.70596713970554
2024-08-12 00:00:00,254.34905190899917
2024-08-13 00:00:00,264.38714412719855
2024-08-14 00:00:00,277.4477772531245
2024-08-15 00:00:00,303.72737968952606
2024-08-16 00:00:00,332.02780287420137
2024-08-19 00:00:00,371.31452568272834
2024-08-20 00:00:00,395.798101055605
2024-08-21 00:00:00,430.3025674941364
2024-08-22 00:00:00,453.50237346160975
2024-08-23 00:00:00,489.0206956964921
2024-08-26 00:00:00,518.343757728835
2024-08-27 00:00:00,540.6732569778414
2024-08-28 00:00:00,553.1116125508543
2024-08-29 00:00:00,568.8808485030258
2024-08-30 00:00:00,598.5191409996187
2024-09-03 00:00:00,610.2672853792083
2024-09-04 00:00:00,616.3106123968591
2024-09-05 00:00:00,606.4461039349699
2024-09-06 00:00:00,578.4297186803778
2024-09-09 00:00:00,568.283560694299
2024-09-10 00:00:00,558.7671778127315
2024-09-11 00:00:00,547.3368345599265
2024-09-12 00:00:00,547.5772069059803
2024-09-13 00:00:00,562.1448392273251
2024-09-16 00:00:00,585.2394406659387
2024-09-17 00:00:00,604.3091276926243
2024-09-18 00:00:00,613.6421644619786
2024-09-19 00:00:00,628.9537000774671
2024-09-20 00:00:00,632.8502945283217
2024-09-23 00:00:00,644.2176313111595
2024-09-24 00:00:00,651.0656161039315
2024-09-25 00:00:00,642.9653150212325
2024-09-26 00:00:00,640.6247310204162
2024-09-27 00:00:00,643.0704080446176
2024-09-30 00:00:00,648.4461098600877
2024-10-01 00:00:00,641.2001043630135
2024-10-02 00:00:00,629.7987691411981
2024-10-03 00:00:00,603.8016336808432
2024-10-04 00:00:00,590.1550746938337
2024-10-07 00:00:00,561.2864913864723
2024-10-08 00:00:00,540.9974202017474
2024-10-09 00:00:00,533.7452772377965
2024-10-10 00:00:00,516.0259686174304
2024-10-11 00:00:00,516.4958299039299
2024-10-14 00:00:00,528.9150821543681
2024-10-15 00:00:00,535.93896741772
2024-10-16 00:00:00,550.4646944807992
2024-10-17 00:00:00,558.8318676473264
2024-10-18 00:00:00,569.8416413664709
2024-10-21 00:00:00,560.1557896895083
2024-10-22 00:00:00,542.7736075572557
2024-10-23 00:00:00,518.497973796395
2024-10-24 00:00:00,495.349817061875
2024-10-25 00:00:00,463.6813939685544
2024-10-28 00:00:00,444.88648525392273
2024-10-29 00:00:00,418.5424058766421
2024-10-30 00:00:00,392.77550597968184
2024-10-31 00:00:00,357.03092903788274
2024-11-01 00:00:00,324.2341611074553
2024-11-04 00:00:00,296.3717537214052
2024-11-05 00:00:00,290.46753663772324
2024-11-06 00:00:00,293.3170933479887
2024-11-07 00:00:00,296.88687886852676
2024-11-08 00:00:00,306.20461109424286
2024-11-11 00:00:00,318.7402490917593
2024-11-12 00:00:00,317.81451833417486
2024-11-13 00:00:00,316.4339459447692
2024-11-14 00:00:00,302.8713868221057
2024-11-15 00:00:00,283.0610418381166
2024-11-18 00:00:00,272.7578916676157
2024-11-19 00:00:00,258.284908813499
2024-11-20 00:00:00,250.06908392916375
2024-11-21 00:00:00,260.29420823341206
2024-11-22 00:00:00,280.08521847237535
2024-11-25 00:00:00,308.3561061343262
2024-11-26 00:00:00,334.03593455462396
2024-11-27 00:00:00,355.4720081812047
2024-11-29 00:00:00,377.32249109102486
2024-12-02 00:00:00,387.5180415234681
2024-12-03 00:00:00,385.89764693558755
2024-12-04 00:00:00,382.13272132827115
2024-12-05 00:00:00,370.3530463273746
2024-12-06 00:00:00,355.07965896997484
2024-12-09 00:00:00,336.4955144845462
2024-12-10 00:00:00,308.77359337708185
2024-12-11 00:00:00,283.3274828633148
2024-12-12 00:00:00,253.00442095972903
2024-12-13 00:00:00,217.26318092736437
2024-12-16 00:00:00,180.01810479505548
2024-12-17 00:00:00,134.12347417795536
2024-12-18 00:00:00,70.9129476294438
2024-12-19 00:00:00,11.863382692323285
2024-12-20 00:00:00,-19.13331224237845
2024-12-23 00:00:00,-43.33981985033461
2024-12-24 00:00:00,-42.66968475588874
2024-12-26 00:00:00,-38.78337082635517
2024-12-27 00:00:00,-55.41665556247426
2024-12-30 00:00:00,-90.81103073404483
2024-12-31 00:00:00,-117.1191663520658
2025-01-02 00:00:00,-145.17702647371152
2025-01-03 00:00:00,-153.5406117453531
2025-01-06 00:00:00,-161.32377409387664
2025-01-07 00:00:00,-172.07175903139614
2025-01-08 00:00:00,-175.90092735781764
2025-01-10 00:00:00,-196.89536164011952
2025-01-13 00:00:00,-202.56112614328595
2025-01-14 00:00:00,-193.14254916277787
2025-01-15 00:00:00,-171.92395309862877
2025-01-16 00:00:00,-140.37243369828684
2025-01-17 00:00:00,-103.09402244250668
2025-01-21 00:00:00,-53.85551070659858
2025-01-22 00:00:00,-18.337305618866594
2025-01-23 00:00:00,19.522446259239587
2025-01-24 00:00:00,52.094921883723146
2025-01-27 00:00:00,88.18391393324055
2025-01-28 00:00:00,110.14908256590934
2025-01-29 00:00:00,124.97855633401377
2025-01-30 00:00:00,153.38286362407234
2025-01-31 00:00:00,164.45163203895027
2025-02-03 00:00:00,166.24317087347845
2025-02-04 00:00:00,167.1437207226336
2025-02-05 00:00:00,177.3779722400468
2025-02-06 00:00:00,186.99136742623523
2025-02-07 00:00:00,183.17586347329416
2025-02-10 00:00:00,183.14772827616434
2025-02-11 00:00:00,182.75793404123942
2025-02-12 00:00:00,172.86087030017006
2025-02-13 00:00:00,177.33457645005365
2025-02-14 00:00:00,176.6729223259572
2025-02-18 00:00:00,185.97384343822523
2025-02-19 00:00:00,197.04626177202226
2025-02-20 00:00:00,202.97794813855762
2025-02-21 00:00:00,193.83465024125326
2025-02-24 00:00:00,187.8479572878532
2025-02-25 00:00:00,185.79009502625559
2025-02-26 00:00:00,179.05167231745872
2025-02-27 00:00:00,165.6450625398502
2025-02-28 00:00:00,172.70418586729284
2025-03-03 00:00:00,169.3262153829237
2025-03-04 00:00:00,148.7914195418707
2025-03-05 00:00:00,143.29021200006537
2025-03-06 00:00:00,127.9202284918174
2025-03-07 00:00:00,123.33929144981084
2025-03-10 00:00:00,108.45589382164326
2025-03-11 00:00:00,83.03830938045212
2025-03-12 00:00:00,55.59108313632896
2025-03-13 00:00:00,19.39574928192451
2025-03-14 00:00:00,8.70176008999988
2025-03-17 00:00:00,20.51489053045225
2025-03-18 00:00:00,20.812542604388
2025-03-19 00:00:00,33.36297241457942
2025-03-20 00:00:00,37.27677504022358
2025-03-21 00:00:00,30.63669240994568
2025-03-24 00:00:00,42.2062382990116
2025-03-25 00:00:00,49.0371688426676
2025-03-26 00:00:00,54.9824286132789
2025-03-27 00:00:00,55.390713574088295
2025-03-28 00:00:00,39.21284364771054
2025-03-31 00:00:00,38.73470064241701
2025-04-01 00:00:00,43.63221486967814
2025-04-02 00:00:00,61.95142845964074
2025-04-03 00:00:00,61.4045989367587
2025-04-04 00:00:00,36.980036700009805
2025-04-07 00:00:00,8.112135804087302
2025-04-08 00:00:00,-34.360480140943764
2025-04-09 00:00:00,-46.25276437324101
2025-04-10 00:00:00,-73.88940356998683
2025-04-11 00:00:00,-78.69928306535621
2025-04-14 00:00:00,-64.4182336185695
2025-04-15 00:00:00,-56.235845173474445
2025-04-16 00:00:00,-67.5587238270491
2025-04-17 00:00:00,-64.20199145672086
2025-04-21 00:00:00,-82.5609753228091
2025-04-22 00:00:00,-73.79510165169813
2025-04-23 00:00:00,-53.88130415464002
2025-04-24 00:00:00,-20.985600773881742
2025-04-25 00:00:00,3.79515362053462
2025-04-28 00:00:00,33.663722859659174
2025-04-29 00:00:00,71.53303094481089
2025-04-30 00:00:00,110.20362420289166
2025-05-01 00:00:00,139.41596331754045
2025-05-02 00:00:00,184.44543344397607
2025-05-05 00:00:00,216.62340323485842
2025-05-06 00:00:00,232.60245038988796
2025-05-07 00:00:00,256.60152345548704
2025-05-08 00:00:00,285.6377233093008
2025-05-09 00:00:00,307.93548556776295
2025-05-12 00:00:00,341.2603948709111
2025-05-13 00:00:00,367.8968903507448
2025-05-14 00:00:00,379.13160953425177
2025-05-15 00:00:00,398.2916363884797
2025-05-16 00:00:00,432.1320011669013
2025-05-19 00:00:00,459.8048530466185
2025-05-20 00:00:00,473.46611713854145
2025-05-21 00:00:00,459.67916735144536
2025-05-22 00:00:00,439.6929294467154
2025-05-23 00:00:00,412.90623139093805
2025-05-27 00:00:00,409.6390733963017
2025-05-28 00:00:00,388.3974579439018
2025-05-29 00:00:00,378.54388944238235
2025-05-30 00:00:00,369.4763689263673
2025-06-02 00:00:00,359.12625704054153
2025-06-03 00:00:00,359.0812800929634
2025-06-04 00:00:00,352.44741840231654
2025-06-05 00:00:00,339.2632295648036
2025-06-06 00:00:00,342.6944319609029
2025-06-09 00:00:00,344.61463784976513
2025-06-10 00:00:00,352.0833406954953
2025-06-11 00:00:00,349.0586649251163
2025-06-12 00:00:00,350.0772738168198
2025-06-13 00:00:00,331.0477980501382
2025-06-16 00:00:00,324.9723572793773
2025-06-17 00:00:00,302.0529936339808
2025-06-18 00:00:00,280.6966727489962
2025-06-20 00:00:00,265.433535028591
2025-06-23 00:00:00,265.9063846024983
2025-06-24 00:00:00,277.881139065179
2025-06-25 00:00:00,275.58014843544515
2025-06-26 00:00:00,284.7349007048433
2025-06-27 00:00:00,300.23853939165565
2025-06-30 00:00:00,322.7429577719231
2025-07-01 00:00:00,352.1705206981933
2025-07-02 00:00:00,379.52023439665936
2025-07-03 00:00:00,411.85663843686416
2025-07-07 00:00:00,422.44498069905603
2025-07-08 00:00:00,430.63578842973584
2025-07-09 00:00:00,441.1857500973201
2025-07-10 00:00:00,458.05003857261545
2025-07-11 00:00:00,456.3287550261339
2025-07-14 00:00:00,456.87541381876144
2025-07-15 00:00:00,435.60843001736066
2025-07-16 00:00:00,424.7971167170799
2025-07-17 00:00:00,425.7794582617498
2025-07-18 00:00:00,425.54046299113907
2025-07-21 00:00:00,416.8584197198106
2025-07-22 00:00:00,421.8009806242226
2025-07-23 00:00:00,433.6678652943774
2025-07-24 00:00:00,438.5457123608867
2025-07-25 00:00:00,449.0735430409477
2025-07-28 00:00:00,445.8294705571934
2025-07-29 00:00:00,441.42664123079885
2025-07-30 00:00:00,427.105088950575
2025-07-31 00:00:00,401.97463630623315
2025-08-01 00:00:00,367.57822611379015
2025-08-04 00:00:00,354.3814042686827
2025-08-05 00:00:00,338.1762145697685
2025-08-06 00:00:00,322.0798963043526
2025-08-07 00:00:00,306.807144705901
2025-08-08 00:00:00,297.1649063656914
2025-08-11 00:00:00,280.1849680529849
2025-08-12 00:00:00,279.3161959553581
2025-08-13 00:00:00,293.026814832112
2025-08-14 00:00:00,292.4342598975745
2025-08-15 00:00:00,286.21545412905834
2025-08-18 00:00:00,278.11729792633196
2025-08-19 00:00:00,279.2027878833687
2025-08-20 00:00:00,279.58486785721834
2025-08-21 00:00:00,270.21362189557476
2025-08-22 00:00:00,278.1001384888914
2025-08-25 00:00:00,268.95260948373107
2025-08-26 00:00:00,261.83670913690366
2025-08-27 00:00:00,263.39343079467653
2025-08-28 00:00:00,261.0574606581031
2025-08-29 00:00:00,260.204918888041
2025-09-02 00:00:00,245.72497108019888
2025-09-03 00:00:00,229.66599084909103
2025-09-04 00:00:00,226.53723279724727
2025-09-05 00:00:00,224.87945849893367
2025-09-08 00:00:00,222.03766418138548
2025-09-09 00:00:00,214.6477417189708
2025-09-10 00:00:00,203.15611930501473
2025-09-11 00:00:00,210.51500154456153
2025-09-12 00:00:00,202.60427085164702
2025-09-15 00:00:00,190.37757475494436
2025-09-16 00:00:00,172.62186171848953
2025-09-17 00:00:00,160.67761776372936
2025-09-18 00:00:00,156.91190109359013
2025-09-19 00:00:00,150.15765383515463
2025-09-22 00:00:00,143.68198416001542
2025-09-23 00:00:00,139.8268766669753
2025-09-24 00:00:00,132.2316253770914
2025-09-25 00:00:00,112.17652739735422
2025-09-26 00:00:00,112.06853598769158
2025-09-29 00:00:00,117.36586065249139
2025-09-30 00:00:00,126.9082439376325
2025-10-01 00:00:00,131.3324404267405
2025-10-02 00:00:00,136.85846622279496
2025-10-03 00:00:00,147.74892594730773
2025-10-06 00:00:00,155.17152438202902
2025-10-07 00:00:00,155.59198842180558
2025-10-08 00:00:00,157.02352523370428
2025-10-09 00:00:00,144.56237158170916
2025-10-10 00:00:00,116.13527335134859
2025-10-13 00:00:00,101.94942799763157
2025-10-14 00:00:00,102.61078308021752
2025-10-15 00:00:00,102.46318776042244
2025-10-16 00:00:00,90.22467782319654
2025-10-17 00:00:00,90.00962843775415
2025-10-20 00:00:00,105.52571307101243
2025-10-21 00:00:00,123.0143368670906
2025-10-22 00:00:00,131.70203852840496
2025-10-23 00:00:00,142.27151325618615
2025-10-24 00:00:00,151.9970565821568
2025-10-27 00:00:00,167.10241084295194
2025-10-28 00:00:00,164.8819766817178
2025-10-29 00:00:00,150.15909559045394
2025-10-30 00:00:00,134.67023677947145
2025-10-31 00:00:00,122.40391131218348
2025-11-03 00:00:00,105.25418348109088
2025-11-04 00:00:00,86.56489526809673
2025-11-05 00:00:00,76.30272936965048
2025-11-06 00:00:00,58.39706387963088
2025-11-07 00:00:00,56.79573456626895
2025-11-10 00:00:00,62.092619330513116
2025-11-11 00:00:00,75.41099270728955
2025-11-12 00:00:00,91.07114698089572
2025-11-13 00:00:00,92.15522314992268
2025-11-14 00:00:00,86.57133215869544
2025-11-17 00:00:00,66.21424870039846
2025-11-18 00:00:00,48.527871100053744
2025-11-19 00:00:00,28.313378896258655
2025-11-20 00:00:00,0.8884211675285769
2025-11-21 00:00:00,-3.164359796370263
2025-11-24 00:00:00,-5.263665721522557
2025-11-25 00:00:00,10.467746041082137
2025-11-26 00:00:00,35.26576436790492
2025-11-28 00:00:00,69.39174121549513
2025-12-01 00:00:00,86.77249271410983
2025-12-02 00:00:00,97.89917278185385
2025-12-03 00:00:00,115.32298837586859
2025-12-04 00:00:00,130.29373576687067
2025-12-05 00:00:00,144.09225610734575
2025-12-08 00:00:00,146.06952971791543
2025-12-09 00:00:00,143.52975100636104
2025-12-10 00:00:00,154.5405914529474
2025-12-11 00:00:00,175.28215707751588
2025-12-12 00:00:00,188.63978490113732
2025-12-15 00:00:00,203.51735776582427
2025-12-16 00:00:00,203.77009577630452
2025-12-17 00:00:00,203.31733629638256
2025-12-18 00:00:00,203.71364025957155
2025-12-19 00:00:00,206.63391194679934
2025-12-22 00:00:00,222.54757467964373
2025-12-23 00:00:00,231.6910184428234
2025-12-24 00:00:00,252.2002077681318
2025-12-26 00:00:00,270.3245636024294
2025-12-29 00:00:00,280.1692650227451
2025-12-30 00:00:00,281.0856384120016
2025-12-31 00:00:00,257.2137094677564
2026-01-02 00:00:00,243.21714167308528
2026-01-05 00:00:00,238.78399050027656
2026-01-06 00:00:00,246.549726295023
2026-01-07 00:00:00,238.30668176805557
2026-01-08 00:00:00,240.21734528866
2026-01-09 00:00:00,244.29987587233336
2026-01-12 00:00:00,246.46894014201462
2026-01-13 00:00:00,248.44114539188013
2026-01-14 00:00:00,255.18517515355416
2026-01-15 00:00:00,265.87539472402204
2026-01-16 00:00:00,271.63615548314556
2026-01-20 00:00:00,260.1534251547855
2026-01-21 00:00:00,264.98492359826196
2026-01-22 00:00:00,271.1909301494452
2026-01-23 00:00:00,268.34111109995865
2026-01-26 00:00:00,271.11281025714925
2026-01-27 00:00:00,270.57704898525844
2026-01-28 00:00:00,262.8160878528688
2026-01-29 00:00:00,258.5163856454128
2026-01-30 00:00:00,253.04755832981027
2026-02-02 00:00:00,251.3564731833212
2026-02-03 00:00:00,250.95381301715315
2026-02-04 00:00:00,260.3047695099958
2026-02-05 00:00:00,259.9983134638278
2026-02-06 00:00:00,273.58630197703314
2026-02-09 00:00:00,285.2861006459425
2026-02-10 00:00:00,298.8129980046251
2026-02-11 00:00:00,312.23443025627785
2026-02-12 00:00:00,313.0985826801625
2026-02-13 00:00:00,323.8219400891794
2026-02-17 00:00:00,330.67130097344125
2026-02-18 00:00:00,341.1741480246237
2026-02-19 00:00:00,343.9982115132552
2026-02-20 00:00:00,353.14279473847637
2026-02-23 00:00:00,351.8456994223452
2026-02-24 00:00:00,359.62745442993764
2026-02-25 00:00:00,365.4827176892795
2026-02-26 00:00:00,378.2615541875748
2026-02-27 00:00:00,390.0461516226751
2026-03-02 00:00:00,397.4217516715762
2026-03-03 00:00:00,390.040780955027
2026-03-04 00:00:00,384.97984708760487
2026-03-05 00:00:00,367.12784939551784
2026-03-06 00:00:00,339.7287521218095
2026-03-09 00:00:00,314.95388019217717
2026-03-10 00:00:00,282.3465952913866
2026-03-11 00:00:00,245.0556337247508
2026-03-12 00:00:00,197.84658341665272
2026-03-13 00:00:00,157.7936124861444
2026-03-16 00:00:00,136.05935427813165
2026-03-17 00:00:00,123.4462667388907
2026-03-18 00:00:00,94.79484555914314
2026-03-19 00:00:00,66.37390622266321
2026-03-20 00:00:00,27.892133558860223
2026-03-23 00:00:00,7.95075726351206
2026-03-24 00:00:00,-5.688873255327053
2026-03-25 00:00:00,-10.222312982652511
2026-03-26 00:00:00,-20.447292384604225
2026-03-27 00:00:00,-42.9874133113517
2026-03-30 00:00:00,-59.59427963716371
2026-03-31 00:00:00,-56.59517894754754
2026-04-01 00:00:00,-48.69797196318905
2026-04-02 00:00:00,-36.45237013174483
2026-04-06 00:00:00,-18.60011871520328
2026-04-07 00:00:00,-7.743443160485185
2026-04-08 00:00:00,18.527731654605304
2026-04-09 00:00:00,44.89694746323585
2026-04-10 00:00:00,55.81814224230038
2026-04-13 00:00:00,75.47667306718722
2026-04-14 00:00:00,95.7573335571251
2026-04-15 00:00:00,110.1685116082408
2026-04-16 00:00:00,126.83922628390428
2026-04-17 00:00:00,154.90849120017447
2026-04-20 00:00:00,180.583170247588
2026-04-21 00:00:00,193.08210498188782
2026-04-22 00:00:00,199.50328365480163
2026-04-23 00:00:00,205.89587500186826
2026-04-24 00:00:00,203.08206122860065
2026-04-27 00:00:00,197.21084014631924
2026-04-28 00:00:00,189.30489192023379
2026-04-29 00:00:00,173.19878172732933
2026-04-30 00:00:00,171.46206360376164
2026-05-01 00:00:00,161.66985929009024
2026-05-04 00:00:00,142.8891753054486
2026-05-05 00:00:00,132.96724462205384
2026-05-06 00:00:00,130.519157664643
2026-05-07 00:00:00,120.42344752773715
2026-05-08 00:00:00,106.83949812304127
2026-05-11 00:00:00,91.0410238914119
2026-05-12 00:00:00,77.97812330391025
2026-05-13 00:00:00,58.96945268507989
2026-05-14 00:00:00,47.222192042554525
2026-05-15 00:00:00,26.092173232980713
2026-05-18 00:00:00,18.745546284633747
2026-05-19 00:00:00,5.87045251237214
2026-05-20 00:00:00,4.682895074525732
2026-05-21 00:00:00,7.494118989790877
2026-05-22 00:00:00,20.160244842398242
2026-05-26 00:00:00,30.588981222164875
2026-05-27 00:00:00,38.00260592075574
2026-05-28 00:00:00,43.05124200844875
2026-05-29 00:00:00,41.80256965338049
2026-06-01 00:00:00,36.675941941528436
2026-06-02 00:00:00,32.609295538190054
2026-06-03 00:00:00,23.969266385640367
2026-06-03 18:24:18,164.495241430227
2026-06-04 00:00:00,27.762195128285384
2026-06-05 00:00:00,29.81633822760341
2026-06-08 00:00:00,24.22354888638438
2026-06-09 00:00:00,31.12059625520851
2026-06-10 00:00:00,29.56196877428374
2026-06-11 00:00:00,34.83153243421839
2026-06-12 00:00:00,53.81285170129195
2026-06-15 00:00:00,70.57281541613338
2026-06-16 00:00:00,86.99972031524521
2026-06-17 00:00:00,82.70972540240473
2026-06-18 00:00:00,79.7282311249146
2026-06-22 00:00:00,78.28041236203353
