date,put_call_ema
2003-10-31,0.6938144533429701
2003-11-03,0.6913119257608928
2003-11-04,0.6881232227898775
2003-11-05,0.6881968218961568
2003-11-06,0.691404789664935
2003-11-07,0.6948791116388592
2003-11-10,0.7033152249079235
2003-11-11,0.7133812945193775
2003-11-12,0.7167781064990097
2003-11-13,0.7192573964402251
2003-11-14,0.7181100475602163
2003-11-17,0.7228900456951098
2003-11-18,0.7243453380207918
2003-11-19,0.7300572855493883
2003-11-20,0.7328001370964712
2003-11-21,0.7354354258377861
2003-11-24,0.7320850169814024
2003-11-25,0.7276895261193866
2003-11-26,0.7273879760754891
2003-11-28,0.7259217809352739
2003-12-01,0.7252973973691847
2003-12-02,0.7246974994331383
2003-12-03,0.730003479847525
2003-12-04,0.7296111865201711
2003-12-05,0.7339401595978114
2003-12-08,0.7416287807900542
2003-12-09,0.7411727501708365
2003-12-10,0.7438718580072743
2003-12-11,0.7409749223991459
2003-12-12,0.7413288470109441
2003-12-15,0.7397081079124758
2003-12-16,0.7373666134845355
2003-12-17,0.73550909923024
2003-12-18,0.732155801221211
2003-12-19,0.7348163580360655
2003-12-22,0.7444314028189649
2003-12-23,0.7450419360417506
2003-12-24,0.7444520561969761
2003-12-26,0.7376107990912123
2003-12-29,0.729469199126851
2003-12-30,0.7239998187689354
2003-12-31,0.7446272768564282
2004-01-02,0.7448379718816663
2004-01-05,0.7422953063176794
2004-01-06,0.7355386276385547
2004-01-07,0.7337527991037095
2004-01-08,0.7304683756094464
2004-01-09,0.727312753036527
2004-01-12,0.7297710764468593
2004-01-13,0.725074171488159
2004-01-14,0.7225222431945058
2004-01-15,0.7169331356182506
2004-01-16,0.7088181106920447
2004-01-20,0.7045507338021606
2004-01-21,0.703195803064821
2004-01-22,0.711697928434828
2004-01-23,0.7139842841824818
2004-01-26,0.7087299985282668
2004-01-27,0.7150543123114721
2004-01-28,0.7203463000639634
2004-01-29,0.723469974571259
2004-01-30,0.7268633089017978
2004-02-02,0.7265941595330999
2004-02-03,0.7255512513161156
2004-02-04,0.7288629669507778
2004-02-05,0.7300840270703551
2004-02-06,0.7261591632636745
2004-02-09,0.7255254705866676
2004-02-10,0.7253087854656218
2004-02-11,0.7235319703493229
2004-02-12,0.7171189519042515
2004-02-13,0.7188005616334965
2004-02-17,0.7251221082361046
2004-02-18,0.7272741824229241
2004-02-19,0.7269889203671231
2004-02-20,0.7322050411370399
2004-02-23,0.7278048434453913
2004-02-24,0.7290673986043956
2004-02-25,0.7306725986591251
2004-02-26,0.7271168104764144
2004-02-27,0.7268377198694962
2004-03-01,0.7273538877177513
2004-03-02,0.7266733431013689
2004-03-03,0.7260194865091584
2004-03-04,0.7253912713519365
2004-03-05,0.7279249469851939
2004-03-08,0.7315357333779314
2004-03-09,0.7408872732454636
2004-03-10,0.7475191448828964
2004-03-11,0.7652634921423906
2004-03-12,0.7764296297054342
2004-03-15,0.7871578795209073
2004-03-16,0.7978575705200875
2004-03-17,0.7983337442251821
2004-03-18,0.7983990875889004
2004-03-19,0.8074814763109044
2004-03-22,0.8138547517496925
2004-03-23,0.8086055457987241
2004-03-24,0.8114053283164213
2004-03-25,0.8070364919118558
2004-03-26,0.805584080464332
2004-03-29,0.8002670577010249
2004-03-30,0.7928056044578475
2004-03-31,0.8130877376163633
2004-04-01,0.8051235126118
2004-04-02,0.8002167081956509
2004-04-05,0.7951101706193509
2004-04-06,0.7960862423597684
2004-04-07,0.7923181544240913
2004-04-08,0.7902664620937347
2004-04-12,0.7894716988743726
2004-04-13,0.7945904557812601
2004-04-14,0.7955869084957204
2004-04-15,0.7973285983586335
2004-04-16,0.7962568886190792
2004-04-19,0.7913056380849977
2004-04-20,0.7920387503169585
2004-04-21,0.7876450738339404
2004-04-22,0.7814629140757466
2004-04-23,0.7782682899943448
2004-04-26,0.7736303178377039
2004-04-27,0.7715271681185782
2004-04-28,0.7757810046629477
2004-04-29,0.7845739064408713
2004-04-30,0.7938063022667196
2004-05-03,0.7944413492366521
2004-05-04,0.7895612963254108
2004-05-05,0.793500069018532
2004-05-06,0.8117941839589817
2004-05-07,0.8195669610586295
2004-05-10,0.8376231586641734
2004-05-11,0.8483046034224412
2004-05-12,0.8589593248568553
2004-05-13,0.864882488587959
2004-05-14,0.8690047439374509
2004-05-17,0.8827692637830411
2004-05-18,0.8869743906935101
2004-05-19,0.8835636302741569
2004-05-20,0.8963650565379154
2004-05-21,0.9051350543207424
2004-05-24,0.8998356404258113
2004-05-25,0.8998420858993089
2004-05-26,0.904162004099336
2004-05-27,0.9055674157032836
2004-05-28,0.9112314386168803
2004-06-01,0.9123596174946497
2004-06-02,0.9122670834752516
2004-06-03,0.9208056292213203
2004-06-04,0.9246956045459744
2004-06-07,0.9217663651520147
2004-06-08,0.9193441547538965
2004-06-09,0.9193698741753125
2004-06-10,0.9284141928351041
2004-06-14,0.9437704989984333
2004-06-15,0.9373481264886909
2004-06-16,0.9276481999597227
2004-06-17,0.9222502313338513
2004-06-18,0.9174561046148768
2004-06-21,0.9140264534535092
2004-06-22,0.9099469846906265
2004-06-23,0.9068118088204059
2004-06-24,0.8971329143568606
2004-06-25,0.888617898107572
2004-06-28,0.8780838628876672
2004-06-29,0.8777668486567782
2004-06-30,0.8739328545918066
2004-07-01,0.8761315661764417
2004-07-02,0.8735381714244244
2004-07-06,0.8816347137215058
2004-07-07,0.8858843327912507
2004-07-08,0.8868300452308094
2004-07-09,0.8814641611041111
2004-07-12,0.8927792920412048
2004-07-13,0.8887487315690007
2004-07-14,0.8907585852329615
2004-07-15,0.8883758956159826
2004-07-16,0.8974591938271206
2004-07-19,0.8897156960299787
2004-07-20,0.8807072373621364
2004-07-21,0.87597362021068
2004-07-22,0.8765236743200652
2004-07-23,0.8739149027781018
2004-07-26,0.87140843600249
2004-07-27,0.8654708502769021
2004-07-28,0.8581974835993764
2004-07-29,0.850032876399401
2004-07-30,0.841404136148444
2004-08-02,0.8393882876720344
2004-08-03,0.8350985509005822
2004-08-04,0.8384280194927163
2004-08-05,0.8392739795126097
2004-08-06,0.8604789214925074
2004-08-09,0.8632052382967228
2004-08-10,0.8697462093439102
2004-08-11,0.870540475644149
2004-08-12,0.877970260913006
2004-08-13,0.8835400546026921
2004-08-16,0.882224758343763
2004-08-17,0.8848826109577331
2004-08-18,0.8886127046456652
2004-08-19,0.8886671083850509
2004-08-20,0.8910723198209313
2004-08-23,0.8875008562985418
2004-08-24,0.8836772933064422
2004-08-25,0.8796115170983465
2004-08-26,0.8780581242709604
2004-08-27,0.879702903711315
2004-08-30,0.8785380839579301
2004-08-31,0.8719287473321289
2004-09-01,0.8789119337112611
2004-09-02,0.8805232304284666
2004-09-03,0.8863850645293111
2004-09-07,0.8853503561163969
2004-09-08,0.8918072048961461
2004-09-09,0.8925206478413952
2004-09-10,0.8924217989064386
2004-09-13,0.8840915322826567
2004-09-14,0.8858918643500036
2004-09-15,0.8880137520225525
2004-09-16,0.8826014480216682
2004-09-17,0.8805386461384656
2004-09-20,0.882086150211467
2004-09-21,0.8772984580463115
2004-09-22,0.8860318518484168
2004-09-23,0.8873639360896555
2004-09-24,0.8894280954586886
2004-09-27,0.8933720917152107
2004-09-28,0.8940241665499084
2004-09-29,0.8922977286459904
2004-09-30,0.89103115105203
2004-10-01,0.8941279686578328
2004-10-04,0.892789616945761
2004-10-05,0.8903272790263195
2004-10-06,0.8860007190645031
2004-10-07,0.8849810830227578
2004-10-08,0.8898837856493163
2004-10-11,0.8867510881728725
2004-10-12,0.8911922219700148
2004-10-13,0.8982042916966809
2004-10-14,0.9049413782968111
2004-10-15,0.9039632850302696
2004-10-18,0.8987098228722198
2004-10-19,0.9007212023674268
2004-10-20,0.8987321356079199
2004-10-21,0.8960367577409427
2004-10-22,0.8899176692020823
2004-10-25,0.8848228586451379
2004-10-26,0.8763984328159168
2004-10-27,0.8694808472152926
2004-10-28,0.8620502257558693
2004-10-29,0.8568717855301489
2004-11-01,0.8593474017838686
2004-11-02,0.8558435821060698
2004-11-03,0.8560065788862239
2004-11-04,0.8565553404985289
2004-11-05,0.8500237585181944
2004-11-08,0.8417875326939516
2004-11-09,0.8354429235686985
2004-11-10,0.830131436369926
2004-11-11,0.8265968702377722
2004-11-12,0.8239852282676635
2004-11-15,0.813632866374814
2004-11-16,0.8095688323993311
2004-11-17,0.8033112311287691
2004-11-18,0.7965147122609743
2004-11-19,0.7970435470742694
2004-11-22,0.7944143883654746
2004-11-23,0.7942412750962403
2004-11-24,0.7870161270532505
2004-11-26,0.7847802005021427
2004-11-29,0.783024114207941
2004-11-30,0.7872192469841003
2004-12-01,0.7849753549455081
2004-12-02,0.7871331841633313
2004-12-03,0.7852848240000635
2004-12-06,0.7839011054118258
2004-12-07,0.7825716502976365
2004-12-08,0.7867845267565527
2004-12-09,0.7884792511974723
2004-12-10,0.782264378601493
2004-12-13,0.7798226382641795
2004-12-14,0.7794374367636234
2004-12-15,0.7735771451258342
2004-12-16,0.7699074531601152
2004-12-17,0.7726561804871696
2004-12-20,0.7776500557621825
2004-12-21,0.7781343673009204
2004-12-22,0.7833055685832373
2004-12-23,0.7855288796191888
2004-12-27,0.7876650019870638
2004-12-28,0.7838350019091398
2004-12-29,0.78839049203035
2004-12-30,0.7911987080291598
2004-12-31,0.7860536606554673
2005-01-03,0.7858162621983903
2005-01-04,0.785588173484728
2005-01-05,0.79203569609317
2005-01-06,0.7923480217365751
2005-01-07,0.7993147659821997
2005-01-10,0.8001259516299566
2005-01-11,0.802473953526821
2005-01-12,0.8074749749571418
2005-01-13,0.8111034073117637
2005-01-14,0.8075307246720866
2005-01-18,0.8095883433123969
2005-01-19,0.8119574278883814
2005-01-20,0.8185473326770724
2005-01-21,0.8205650843367951
2005-01-24,0.8177978261275091
2005-01-25,0.8182763427499598
2005-01-26,0.8183439371519221
2005-01-27,0.8191931945185135
2005-01-28,0.8172640496354345
2005-01-31,0.8154105574928685
2005-02-01,0.8187277905323639
2005-02-02,0.8152482693350163
2005-02-03,0.8166110823022705
2005-02-04,0.8139988829962992
2005-02-07,0.8107048091533071
2005-02-08,0.8106771695786676
2005-02-09,0.8153564962618572
2005-02-10,0.8218131042515884
2005-02-11,0.8233106295750555
2005-02-14,0.8263180558662299
2005-02-15,0.8248938183812797
2005-02-16,0.8215646490329943
2005-02-17,0.8246405451493475
2005-02-18,0.8260271904376083
2005-02-22,0.8253986731655453
2005-02-23,0.8255791173551318
2005-02-24,0.8320269951059109
2005-02-25,0.8311631913762674
2005-02-28,0.8256273799497471
2005-03-01,0.827759639559561
2005-03-02,0.8270631831062449
2005-03-03,0.826786195533451
2005-03-04,0.8261279133556686
2005-03-07,0.8239268187142698
2005-03-08,0.8257336101372397
2005-03-09,0.8313911156220539
2005-03-10,0.8383953855976596
2005-03-11,0.8443406645938298
2005-03-14,0.850837109119562
2005-03-15,0.8508042813109518
2005-03-16,0.858615878122287
2005-03-17,0.8669054515292562
2005-03-18,0.8827130808810502
2005-03-21,0.8786851169249306
2005-03-22,0.8846190339082667
2005-03-23,0.8824771110099033
2005-03-24,0.8784584007742209
2005-03-28,0.8698914046654279
2005-03-29,0.8738172319334504
2005-03-30,0.8720989091125309
2005-03-31,0.8665264028728237
2005-04-01,0.874113602760164
2005-04-04,0.8743444418676086
2005-04-05,0.8733897578728005
2005-04-06,0.8779627085444554
2005-04-07,0.8705916219348689
2005-04-08,0.8729213622511487
2005-04-11,0.87868915196679
2005-04-12,0.8905052636543669
2005-04-13,0.8936227042953722
2005-04-14,0.9005394609896713
2005-04-15,0.9209104625194882
2005-04-18,0.9236198561461749
2005-04-19,0.9258308421796583
2005-04-20,0.9279551228784952
2005-04-21,0.9248980592362013
2005-04-22,0.9270589196583111
2005-04-25,0.9220762169266127
2005-04-26,0.9165046005765495
2005-04-27,0.9221318711421751
2005-04-28,0.9302835624699329
2005-04-29,0.9334096972750335
2005-05-02,0.9344524542446401
2005-05-03,0.9311405932938699
2005-05-04,0.9334488053215613
2005-05-05,0.9411566953089511
2005-05-06,0.9462093739242864
2005-05-09,0.9420443004370596
2005-05-10,0.9388268768905081
2005-05-11,0.941617979757547
2005-05-12,0.9478290393748982
2005-05-13,0.9506592731249022
2005-05-16,0.9443589094729453
2005-05-17,0.9465409130230259
2005-05-18,0.9411863674142797
2005-05-19,0.9348653333980336
2005-05-20,0.9346745360098755
2005-05-23,0.9297853385192921
2005-05-24,0.9231270899499081
2005-05-25,0.9269260275989314
2005-05-26,0.9199877520068165
2005-05-27,0.9156745068300786
2005-05-31,0.9185892320524285
2005-06-01,0.9092327915797842
2005-06-02,0.9088707213217535
2005-06-03,0.9120522616620769
2005-06-06,0.9115796239498386
2005-06-07,0.9103412073243548
2005-06-08,0.9107199835077134
2005-06-09,0.9095152782721169
2005-06-10,0.901691149712426
2005-06-13,0.9008405163903702
2005-06-14,0.8984546137868263
2005-06-15,0.8977309034422449
2005-06-16,0.8935061621307844
2005-06-17,0.8984667047923223
2005-06-20,0.9016640889181136
2005-06-21,0.9047360854311287
2005-06-22,0.9037660428652021
2005-06-23,0.8985203156940177
2005-06-24,0.8981861856668013
2005-06-27,0.9006102568171228
2005-06-28,0.8970569134125298
2005-06-29,0.8924664462198817
2005-06-30,0.8876638404857686
2005-07-01,0.892069180074562
2005-07-05,0.8841448985030107
2005-07-06,0.8933941181695594
2005-07-07,0.8999276821629101
2005-07-08,0.8967932632545607
2005-07-11,0.8933896058720289
2005-07-12,0.8889429546613612
2005-07-13,0.883886368204053
2005-07-14,0.8774594518038941
2005-07-15,0.8724610419292316
2005-07-18,0.8805998245986735
2005-07-19,0.8778312040261764
2005-07-20,0.8790927254369146
2005-07-21,0.881089089145271
2005-07-22,0.8779091248650642
2005-07-25,0.8748538650664343
2005-07-26,0.87387920369128
2005-07-27,0.8709819800171122
2005-07-28,0.8674140592321276
2005-07-29,0.8722213510269461
2005-08-01,0.8748793372611835
2005-08-02,0.8778252456038822
2005-08-03,0.8779105300900045
2005-08-04,0.8846591367531416
2005-08-05,0.895064660802038
2005-08-08,0.8948660466529385
2005-08-09,0.8954595350194898
2005-08-10,0.8952454356069609
2005-08-11,0.8970005165635507
2005-08-12,0.9120201041492938
2005-08-15,0.9021369628101058
2005-08-16,0.908327670150886
2005-08-17,0.9127069772037925
2005-08-18,0.9176988604507026
2005-08-19,0.922887140433028
2005-08-22,0.9215974486513406
2005-08-23,0.9262406859591312
2005-08-24,0.9259959531764203
2005-08-25,0.924976504032247
2005-08-26,0.9357617391682373
2005-08-29,0.9378887297890908
2005-08-30,0.9422852501895186
2005-08-31,0.9382740639075767
2005-09-01,0.9363809633621816
2005-09-02,0.9447581804852333
2005-09-06,0.944571585172087
2005-09-07,0.9420393661457307
2005-09-08,0.9388221361008001
2005-09-09,0.9325938170380237
2005-09-12,0.9301391575463365
2005-09-13,0.9320944847013821
2005-09-14,0.9304437205954456
2005-09-15,0.926112594297585
2005-09-16,0.9211670023643463
2005-09-19,0.9203369238402543
2005-09-20,0.926206064081813
2005-09-21,0.9353744537256636
2005-09-22,0.9539872202462258
2005-09-23,0.9538308586679425
2005-09-26,0.9646610210731212
2005-09-27,0.9585958829918224
2005-09-28,0.9496313385607706
2005-09-29,0.9429791292054464
2005-09-30,0.9385485751189583
2005-10-03,0.937429023153509
2005-10-04,0.9328239634219988
2005-10-05,0.9346740040721165
2005-10-06,0.9411573764614453
2005-10-07,0.9415041460119769
2005-10-10,0.9461510422468014
2005-10-11,0.955713746472417
2005-10-12,0.9699994819048713
2005-10-13,0.9833328355556606
2005-10-14,0.9863393910240662
2005-10-17,0.9817770619642989
2005-10-18,0.9805309026715813
2005-10-19,0.9852159653119114
2005-10-20,0.9877565156918364
2005-10-21,0.9890209660568625
2005-10-24,0.978078967387966
2005-10-25,0.9742327333727516
2005-10-26,0.9724981163777419
2005-10-27,0.9786746608335167
2005-10-28,0.9732364388400455
2005-10-31,0.970756578493377
2005-11-01,0.971511222474029
2005-11-02,0.9612558804162239
2005-11-03,0.9600301596155877
2005-11-04,0.956891721983604
2005-11-07,0.9523077328862077
2005-11-08,0.9435897825769448
2005-11-09,0.9391352812994176
2005-11-10,0.9328946820327738
2005-11-11,0.9229772435216846
2005-11-14,0.9216840182855401
2005-11-15,0.9192650371763033
2005-11-16,0.9138036631693894
2005-11-17,0.9058113626529428
2005-11-18,0.8946030739214549
2005-11-21,0.8908931494539468
2005-11-22,0.8971326337890861
2005-11-23,0.8937156677581416
2005-11-25,0.8943542690225282
2005-11-28,0.8988893957275271
2005-11-29,0.9067760860911535
2005-11-30,0.9045495729111083
2005-12-01,0.9020182171106726
2005-12-02,0.8995861301651561
2005-12-05,0.8980337329037774
2005-12-06,0.8934049590644136
2005-12-07,0.8893498626305151
2005-12-08,0.8936890837038282
2005-12-09,0.8907993157154427
2005-12-12,0.8829248327462097
2005-12-13,0.8722218981287113
2005-12-14,0.8650759413393502
2005-12-15,0.847229825992709
2005-12-16,0.8461619896792695
2005-12-19,0.8498419116526315
2005-12-20,0.8643579151172341
2005-12-21,0.8583046635440092
2005-12-22,0.8544495786991462
2005-12-23,0.8480005756129052
2005-12-27,0.8539613373535756
2005-12-28,0.8534138339279452
2005-12-29,0.8556328992641042
2005-12-30,0.8534512169400218
2006-01-03,0.8493943064717857
2006-01-04,0.8454964905317157
2006-01-05,0.836653490903021
2006-01-06,0.8305102167499613
2006-01-09,0.8250000121715315
2006-01-10,0.8204902077726479
2006-01-11,0.8130200035462696
2006-01-12,0.8101564739954356
2006-01-13,0.8089738671720852
2006-01-17,0.8078376370869055
2006-01-18,0.8134126317109484
2006-01-19,0.815631744192872
2006-01-20,0.8259991267735437
2006-01-23,0.8281168080765421
2006-01-24,0.8179945803088345
2006-01-25,0.8196418516692724
2006-01-26,0.8149500143489088
2006-01-27,0.8143637392764026
2006-01-30,0.808310259304779
2006-01-31,0.8083765236457681
2006-02-01,0.813146071738091
2006-02-02,0.8189050493169894
2006-02-03,0.829144066990833
2006-02-06,0.8295697898539376
2006-02-07,0.8342925431929988
2006-02-08,0.832555580714842
2006-02-09,0.8297102638240639
2006-02-10,0.8238392730858652
2006-02-13,0.8311396937491646
2006-02-14,0.8322714704648837
2006-02-15,0.8274765108388098
2006-02-16,0.8224774319823859
2006-02-17,0.8227724346497434
2006-02-21,0.8261931234870084
2006-02-22,0.8224208441345766
2006-02-23,0.8231102227959658
2006-02-24,0.8273019787647515
2006-02-27,0.8230940580288789
2006-02-28,0.8265021341846092
2006-03-01,0.8219334230401147
2006-03-02,0.8269556417444239
2006-03-03,0.8286436557936623
2006-03-06,0.8322262575272442
2006-03-07,0.8395899337026465
2006-03-08,0.8443118970868564
2006-03-09,0.8484565285736463
2006-03-10,0.849301370590366
2006-03-13,0.8505052384103517
2006-03-14,0.8473481702373967
2006-03-15,0.8423541243457341
2006-03-16,0.8218696488811955
2006-03-17,0.8206198587289918
2006-03-20,0.8229484917200118
2006-03-21,0.8283230606721682
2006-03-22,0.8342711759399264
2006-03-23,0.8364566200207136
2006-03-24,0.8365955760983328
2006-03-27,0.8379055535062414
2006-03-28,0.8462229827805064
2006-03-29,0.8451946305146042
2006-03-30,0.8445987626512864
2006-03-31,0.8440262621551576
2006-04-03,0.8375938597177004
2006-04-04,0.8369039044346533
2006-04-05,0.83780963367251
2006-04-06,0.8355425892147647
2006-04-07,0.8384624876769308
2006-04-10,0.8389149391405806
2006-04-11,0.8460163140762441
2006-04-12,0.8453882233281562
2006-04-13,0.8459612341780325
2006-04-17,0.8445509897004626
2006-04-18,0.8384901665749543
2006-04-19,0.8326670227877013
2006-04-20,0.8306016493450464
2006-04-21,0.8344996238805349
2006-04-24,0.8347153249048277
2006-04-25,0.8392362925556187
2006-04-26,0.8482858497103004
2006-04-27,0.8440393458000927
2006-04-28,0.8450574106706772
2006-05-01,0.8476041788796702
2006-05-02,0.8488746032373302
2006-05-03,0.85127167762018
2006-05-04,0.8429865137919377
2006-05-05,0.8420850818785284
2006-05-08,0.8459248825891743
2006-05-09,0.8468690048405794
2006-05-10,0.8462074752389881
2006-05-11,0.8506699271904004
2006-05-12,0.867114243771169
2006-05-15,0.8813450577409271
2006-05-16,0.886390349594224
2006-05-17,0.9112377868650388
2006-05-18,0.9233461089487628
2006-05-19,0.9369403791860662
2006-05-22,0.9476485996101421
2006-05-23,0.9551917917822934
2006-05-24,0.973419564653576
2006-05-25,0.9709325229024554
2006-05-26,0.9622685023964768
2006-05-30,0.971591306224066
2006-05-31,0.9707445883329261
2006-06-01,0.97698989859438
2006-06-02,0.9880883339436201
2006-06-05,0.9901240855536741
2006-06-06,0.9901192194535301
2006-06-07,0.995212583396529
2006-06-08,1.0095179722829395
2006-06-09,1.0099290321934125
2006-06-12,1.0079710309309258
2006-06-13,1.0209917748159876
2006-06-14,1.0248744503133997
2006-06-15,1.0184087855952273
2006-06-16,1.028275107728748
2006-06-19,1.0310878486021304
2006-06-20,1.0286922466961645
2006-06-21,1.0244298056492562
2006-06-22,1.0250404015061483
2006-06-23,1.0240584249764955
2006-06-26,1.0129188788989858
2006-06-27,1.013196569922555
2006-06-28,1.0075810181608862
2006-06-29,0.9947347037232044
2006-06-30,0.9933725584791572
2006-07-03,0.9920638306956608
2006-07-05,1.0049240726291644
2006-07-06,0.9968878344868443
2006-07-07,0.9926961547030465
2006-07-10,0.9898453251068486
2006-07-11,0.9941651162791291
2006-07-12,1.0077272685819083
2006-07-13,1.0125222776571277
2006-07-14,1.0210508157882208
2006-07-17,1.0237547053651535
2006-07-18,1.0279211875076966
2006-07-19,1.0221203566250419
2006-07-20,1.022037205384844
2006-07-21,1.033329863997203
2006-07-24,1.0194737908992735
2006-07-25,1.0187101128247922
2006-07-26,1.020329324086565
2006-07-27,1.021492880004739
2006-07-28,1.0159441396123963
2006-07-31,1.0090443694315179
2006-08-01,1.0075132176891055
2006-08-02,0.9997676013091406
2006-08-03,0.9954629894930959
2006-08-04,1.0023075781404254
2006-08-07,0.9971190456643302
2006-08-08,0.9964477105402388
2006-08-09,0.996194859146504
2006-08-10,0.9939911391799744
2006-08-11,0.991481682741544
2006-08-14,0.9843647540065815
2006-08-15,0.9802720185553431
2006-08-16,0.9712417433178787
2006-08-17,0.9672714788740404
2006-08-18,0.9642412248005486
2006-08-21,0.9707415689260174
2006-08-22,0.9777713113210755
2006-08-23,0.9915842010731902
2006-08-24,0.9934828598546338
2006-08-25,0.9862874535858246
2006-08-28,0.9860408867785374
2006-08-29,0.9869804598460458
2006-08-30,0.9859224025971812
2006-08-31,0.9825528966129781
2006-09-01,0.9832370967458025
2006-09-05,0.9823258380498887
2006-09-06,0.9936071777342068
2006-09-07,0.9915049354701203
2006-09-08,0.992622388981096
2006-09-11,0.994088177648504
2006-09-12,0.9927513863681705
2006-09-13,0.983231724157654
2006-09-14,0.9815363624259813
2006-09-15,0.9752016031151585
2006-09-18,0.9749976186792699
2006-09-19,0.9920565355938084
2006-09-20,0.987270004786208
2006-09-21,0.9865927496965529
2006-09-22,0.9839812693162959
2006-09-25,0.9783349450293825
2006-09-26,0.9803610256164655
2006-09-27,0.9748566716707219
2006-09-28,0.9699603316052033
2006-09-29,0.9629030636991169
2006-10-02,0.9655343161030732
2006-10-03,0.9739447350794233
2006-10-04,0.9698684709586616
2006-10-05,0.9635991191563611
2006-10-06,0.9630658203659156
2006-10-09,0.9637299058417621
2006-10-10,0.9584855958087519
2006-10-11,0.9569763567574284
2006-10-12,0.9519968917865489
2006-10-13,0.9476048568145274
2006-10-16,0.9414242741943499
2006-10-17,0.939799792853395
2006-10-18,0.9409841147022815
2006-10-19,0.9338866984394469
2006-10-20,0.9286362396771157
2006-10-23,0.9216308969446798
2006-10-24,0.9309787049076336
2006-10-25,0.9274109125583146
2006-10-26,0.9208457787324984
2006-10-27,0.9251263364292632
2006-10-30,0.9210037350006647
2006-10-31,0.9229251571575015
2006-11-01,0.9224182882493641
2006-11-02,0.9215391396905656
2006-11-03,0.9210866244085826
2006-11-06,0.9147695018827559
2006-11-07,0.9098765802402949
2006-11-08,0.9047833810151854
2006-11-09,0.9022428562694919
2006-11-10,0.9084294109255903
2006-11-13,0.9041772771638025
2006-11-14,0.9008762074711043
2006-11-15,0.8980967483545905
2006-11-16,0.8934655033210772
2006-11-17,0.8890158757398585
2006-11-20,0.887877998259864
2006-11-21,0.8934514100928106
2006-11-22,0.8933160606774063
2006-11-24,0.8998526857488807
2006-11-27,0.914368266699905
2006-11-28,0.9149812758489284
2006-11-29,0.9053741669921077
2006-11-30,0.9000653761296721
2006-12-01,0.9004549692226261
2006-12-04,0.8988684998413466
2006-12-05,0.8934226763181566
2006-12-06,0.8913276694037192
2006-12-07,0.8912756039369067
2006-12-08,0.8873040116256555
2006-12-11,0.8807430699932769
2006-12-12,0.8838511848955013
2006-12-13,0.883308001174109
2006-12-14,0.8725900403437519
2006-12-15,0.8673904309185068
2006-12-18,0.8761202179413105
2006-12-19,0.8794096211592982
2006-12-20,0.878256302682463
2006-12-21,0.8747952712047194
2006-12-22,0.8840189860594364
2006-12-26,0.8822927513120076
2006-12-27,0.8810263689076151
2006-12-28,0.884123374048493
2006-12-29,0.8839616731054148
2007-01-03,0.8834141565130456
2007-01-04,0.8809273268458673
2007-01-05,0.881675274812696
2007-01-08,0.8808252640357276
2007-01-09,0.877263488975503
2007-01-10,0.8746257050941108
2007-01-11,0.8685619519531652
2007-01-12,0.8639124636412764
2007-01-16,0.864935504282795
2007-01-17,0.8655262688207246
2007-01-18,0.8668781798473628
2007-01-19,0.8658241335788388
2007-01-22,0.8699094616737864
2007-01-23,0.8714816396473634
2007-01-24,0.8706392224062903
2007-01-25,0.8835553313315339
2007-01-26,0.8873374752008855
2007-01-29,0.8909712997028115
2007-01-30,0.8928939938321131
2007-01-31,0.8884667783877166
2007-02-01,0.8865661204117278
2007-02-02,0.8902301941210718
2007-02-05,0.8874760688614219
2007-02-06,0.8860064191021505
2007-02-07,0.8853787163922622
2007-02-08,0.8839913157494284
2007-02-09,0.8857955778769018
2007-02-12,0.8973330061954546
2007-02-13,0.8997905353642603
2007-02-14,0.9021516908401717
2007-02-15,0.8965771147287924
2007-02-16,0.8943584043472712
2007-02-20,0.8969325845689469
2007-02-21,0.9056803263505568
2007-02-22,0.910947764532888
2007-02-23,0.9293419698453237
2007-02-26,0.9332893435768796
2007-02-27,0.9625721144170021
2007-02-28,0.9679614432633942
2007-03-01,0.984904131762869
2007-03-02,0.9980451462035408
2007-03-05,1.0236120032151668
2007-03-06,1.0320978070106506
2007-03-07,1.037897893010233
2007-03-08,1.0371960148529689
2007-03-09,1.0420118574077544
2007-03-12,1.042717274764313
2007-03-13,1.0575126757539477
2007-03-14,1.0791788453322244
2007-03-15,1.0819561455152746
2007-03-16,1.087761786867617
2007-03-19,1.0768691677747693
2007-03-20,1.0718939062934059
2007-03-21,1.0741725766348411
2007-03-22,1.0685187501001414
2007-03-23,1.063086642253077
2007-03-26,1.0606126562823681
2007-03-27,1.057843532506589
2007-03-28,1.0696928057416246
2007-03-29,1.0740185780654825
2007-03-30,1.0789590259844832
2007-04-02,1.0695880837890133
2007-04-03,1.0719571785423851
2007-04-04,1.0710961127171936
2007-04-05,1.0588962651596567
2007-04-09,1.047959156722023
2007-04-10,1.0515686015564534
2007-04-11,1.0495463034562005
2007-04-12,1.0487797817520357
2007-04-13,1.0452982216833284
2007-04-16,1.0372473110290803
2007-04-17,1.031865063537744
2007-04-18,1.0231644728107736
2007-04-19,1.0195109640730962
2007-04-20,1.0089419066584648
2007-04-23,1.0050618318875446
2007-04-24,1.0130986227939154
2007-04-25,1.0055261277823893
2007-04-26,0.9986427502222956
2007-04-27,0.9990881325665193
2007-04-30,0.9979474214854794
2007-05-01,1.003910267701735
2007-05-02,0.9963059434781376
2007-05-03,0.9921370829495832
2007-05-04,0.9861709228339134
2007-05-07,0.9749485337031717
2007-05-08,0.9759309441461845
2007-05-09,0.9666787502580989
2007-05-10,0.9719070345617029
2007-05-11,0.9710479351671263
2007-05-14,0.9674774279056704
2007-05-15,0.965615567987801
2007-05-16,0.968140447674554
2007-05-17,0.9603702340402578
2007-05-18,0.9611400287837771
2007-05-21,0.9607031649099035
2007-05-22,0.9700873545212798
2007-05-23,0.9708682425792688
2007-05-24,0.9775008605173368
2007-05-25,0.9795596503009707
2007-05-29,0.9768318208774032
2007-05-30,0.9746031220194659
2007-05-31,0.9728539799794869
2007-06-01,0.9696048042940169
2007-06-04,0.966875204125624
2007-06-05,0.9673899020030505
2007-06-06,0.9733746117284211
2007-06-07,0.9838305093076987
2007-06-08,0.9895626461975928
2007-06-11,0.9931092090918049
2007-06-12,0.9969088479509498
2007-06-13,0.9958535990116969
2007-06-14,0.9877809088543755
2007-06-15,0.9894365594875373
2007-06-18,0.9871057140174379
2007-06-19,0.9829054899383227
2007-06-20,0.9859288040583886
2007-06-21,0.9856963019384518
2007-06-22,0.9874337018624342
2007-06-25,0.9934166939462603
2007-06-26,0.9987729020267991
2007-06-27,0.9925465137120227
2007-06-28,0.9885250818017474
2007-06-29,0.990151549182071
2007-07-02,0.9846554099984605
2007-07-03,0.9825120605867562
2007-07-05,0.9788841366421775
2007-07-06,0.9746141704993472
2007-07-09,0.9677665559699611
2007-07-10,0.96903061259859
2007-07-11,0.9659313728888415
2007-07-12,0.9582477896382986
2007-07-13,0.9571400331818948
2007-07-16,0.9521541495277029
2007-07-17,0.950893202487401
2007-07-18,0.9567405278800519
2007-07-19,0.9505938405122067
2007-07-20,0.9611587879431006
2007-07-23,0.9552309923374889
2007-07-24,0.9754180122458226
2007-07-25,0.9783427960793197
2007-07-26,0.9995842550566013
2007-07-27,1.0156789901524208
2007-07-30,1.0213386375974238
2007-07-31,1.0310900635739955
2007-08-01,1.0435963355907016
2007-08-02,1.0458082439989096
2007-08-03,1.0612667442342465
2007-08-06,1.0698445189701584
2007-08-07,1.0694584594027012
2007-08-08,1.0671267551123993
2007-08-09,1.0695923725589718
2007-08-10,1.0711769853997963
2007-08-13,1.0691700447958827
2007-08-14,1.0821437685293775
2007-08-15,1.0981381305478333
2007-08-16,1.1138974195459574
2007-08-17,1.1188426187794493
2007-08-20,1.1106527121606473
2007-08-21,1.102391821487681
2007-08-22,1.1019058677038502
2007-08-23,1.103791912107621
2007-08-24,1.1020745822210476
2007-08-27,1.0980716574280653
2007-08-28,1.105598259097553
2007-08-29,1.0998885234466687
2007-08-30,1.0932262284095444
2007-08-31,1.0919232390601505
2007-09-04,1.0910635041950467
2007-09-05,1.0921982687364176
2007-09-06,1.083876768001656
2007-09-07,1.0876463065113953
2007-09-10,1.0900915493933014
2007-09-11,1.0889114886327798
2007-09-12,1.0803267243726709
2007-09-13,1.0783531273384483
2007-09-14,1.0792020243055682
2007-09-17,1.0772725331563302
2007-09-18,1.0754187083266702
2007-09-19,1.0708924844707224
2007-09-20,1.068504543903243
2007-09-21,1.0599357382599788
2007-09-24,1.0513108073478228
2007-09-25,1.0543966580400652
2007-09-26,1.047165416548298
2007-09-27,1.039433439428757
2007-09-28,1.041808598666845
2007-10-01,1.035463163425008
2007-10-02,1.033680294271086
2007-10-03,1.0253006748879063
2007-10-04,1.013328099402106
2007-10-05,1.0041779778569255
2007-10-08,0.9969553120586147
2007-10-09,0.9896237311935709
2007-10-10,0.9857169182055878
2007-10-11,0.9823554704328197
2007-10-12,0.9744199617883954
2007-10-15,0.9675799632868898
2007-10-16,0.9672827098246588
2007-10-17,0.9666049564982016
2007-10-18,0.9588949582041544
2007-10-19,0.9667814304314425
2007-10-22,0.968476276296876
2007-10-23,0.9681438733048416
2007-10-24,0.9686088194497499
2007-10-25,0.9733692579027009
2007-10-26,0.9673547772006342
2007-10-29,0.9654977271143349
2007-10-30,0.9731252672274983
2007-10-31,0.9651595704734787
2007-11-01,0.9649572343764795
2007-11-02,0.9718216565577941
2007-11-05,0.9741031602221943
2007-11-06,0.9743344088409319
2007-11-07,0.9776938437883465
2007-11-08,0.987196045992725
2007-11-09,0.9908354167381084
2007-11-12,0.9880575572581827
2007-11-13,0.995976868738254
2007-11-14,0.9926052268269498
2007-11-15,1.0050520806768735
2007-11-16,1.0154421951601333
2007-11-19,1.01915034436954
2007-11-20,1.0231052328256365
2007-11-21,1.031218753106984
2007-11-23,1.0256807627890632
2007-11-26,1.023889360326747
2007-11-27,1.0158936991374627
2007-11-28,1.0113488481908957
2007-11-29,1.0065900698304684
2007-11-30,1.0086845768959403
2007-12-03,1.0016773385862956
2007-12-04,1.0047488155044801
2007-12-05,1.0002488619552847
2007-12-06,0.9955332203099795
2007-12-07,0.9953162312782156
2007-12-10,0.993931281032011
2007-12-11,0.9980908386385988
2007-12-12,0.9977735508488499
2007-12-13,1.000213803756738
2007-12-14,1.0025583604721602
2007-12-17,1.006771758100703
2007-12-18,1.0080748264104793
2007-12-19,1.0132483626296762
2007-12-20,1.0001797993892967
2007-12-21,0.9840943170603047
2007-12-24,0.9804043438422536
2007-12-26,0.977251232319028
2007-12-27,0.9773590271300465
2007-12-28,0.977070437830829
2007-12-31,0.9799304206609926
2008-01-02,0.9869919727919341
2008-01-03,0.987894248368721
2008-01-04,0.9903297680405359
2008-01-07,0.9922776202742404
2008-01-08,1.011011831243878
2008-01-09,1.0164623476656869
2008-01-10,1.0146402948160522
2008-01-11,1.011321067568364
2008-01-14,1.008916319820585
2008-01-15,1.0183705817884052
2008-01-16,1.025101147208468
2008-01-17,1.0437246316316653
2008-01-18,1.0553432735284627
2008-01-22,1.060231772605778
2008-01-23,1.0629677815231986
2008-01-24,1.0557925744046417
2008-01-25,1.0559575714868126
2008-01-28,1.0506259020167417
2008-01-29,1.0447190038984382
2008-01-30,1.0355143370788915
2008-01-31,1.032552990526778
2008-02-01,1.023825422270826
2008-02-04,1.020538150809225
2008-02-05,1.0256150860716085
2008-02-06,1.0269635140688003
2008-02-07,1.030612003713161
2008-02-08,1.034509572194998
2008-02-11,1.031587628187351
2008-02-12,1.0354469368858863
2008-02-13,1.0328803903413417
2008-02-14,1.0319831201318774
2008-02-15,1.0366112330678823
2008-02-19,1.0355676553005144
2008-02-20,1.028290492347553
2008-02-21,1.0256124338241197
2008-02-22,1.0304903775957228
2008-02-25,1.026549578474322
2008-02-26,1.0282535165733682
2008-02-27,1.0306749472959813
2008-02-28,1.0388837728922173
2008-02-29,1.0483393112101698
2008-03-03,1.0554632597901632
2008-03-04,1.0603470535238824
2008-03-05,1.06347069848373
2008-03-06,1.0715698867784857
2008-03-07,1.0781749892577608
2008-03-10,1.094324989679025
2008-03-11,1.094939695966122
2008-03-12,1.0955302961243132
2008-03-13,1.1000193041194382
2008-03-14,1.1125675667029895
2008-03-17,1.1273688385969898
2008-03-18,1.1223739821814216
2008-03-19,1.1258102966056796
2008-03-20,1.1251902849740842
2008-03-24,1.1132220385045124
2008-03-25,1.1072133311121786
2008-03-26,1.1041853573430735
2008-03-27,1.1055898531335413
2008-03-28,1.1081157412459515
2008-03-31,1.1046602219814043
2008-04-01,1.0966343309233102
2008-04-02,1.0948055336322
2008-04-03,1.0930484538819178
2008-04-04,1.0968504752983133
2008-04-07,1.0918759468552421
2008-04-08,1.0933710077628795
2008-04-09,1.0959839094192372
2008-04-10,1.0914355208145612
2008-04-11,1.0992223631355589
2008-04-14,1.0961156037969095
2008-04-15,1.0946993056087955
2008-04-16,1.0878483524476663
2008-04-17,1.0816582209791303
2008-04-18,1.0713971142740666
2008-04-21,1.066244286263319
2008-04-22,1.0663915691549537
2008-04-23,1.0618271938939752
2008-04-24,1.055481029427545
2008-04-25,1.0497758910186217
2008-04-28,1.0462552678414208
2008-04-29,1.047578590671169
2008-04-30,1.0425755086840645
2008-05-01,1.0381607828533168
2008-05-02,1.0327427129375006
2008-05-05,1.0271449594889712
2008-05-06,1.0190216277443058
2008-05-07,1.019059995283745
2008-05-08,1.0139988189981077
2008-05-09,1.0103125908021036
2008-05-12,1.0044179793980996
2008-05-13,0.9960094311864095
2008-05-14,0.9883227868261582
2008-05-15,0.9797611089114069
2008-05-16,0.9750645948364498
2008-05-19,0.9701601009212949
2008-05-20,0.9744675479439893
2008-05-21,0.9825276441030485
2008-05-22,0.9820363639421447
2008-05-23,0.9847016045718645
2008-05-27,0.9829486004710071
2008-05-28,0.9761663024133205
2008-05-29,0.9712186042794648
2008-05-30,0.9660727766606624
2008-06-02,0.9701483540465188
2008-06-03,0.9775935166329299
2008-06-04,0.9816094571571288
2008-06-05,0.9811541843274375
2008-06-06,0.9873834320008713
2008-06-09,0.9859174150596607
2008-06-10,0.9849010458416347
2008-06-11,0.9909833577694138
2008-06-12,0.9901604809941428
2008-06-13,0.9870169327198627
2008-06-16,0.9847809745739857
2008-06-17,0.984985642237751
2008-06-18,0.9902803229343098
2008-06-19,0.9902693298780624
2008-06-20,1.0031999443926483
2008-06-23,0.9979764171615639
2008-06-24,0.9976636164885615
2008-06-25,0.9922650432929316
2008-06-26,0.9984507278696794
2008-06-27,1.0036095228551822
2008-06-30,1.0069973847039986
2008-07-01,1.0075072911861946
2008-07-02,1.0103501425122263
2008-07-03,1.0177873918254723
2008-07-07,1.0253251411656499
2008-07-08,1.0251163121003304
2008-07-09,1.0245235155473762
2008-07-10,1.025914750231793
2008-07-11,1.030780838457997
2008-07-14,1.0358482565576834
2008-07-15,1.0407169523789508
2008-07-16,1.0363751111091881
2008-07-17,1.0294584400852984
2008-07-18,1.0255581091015613
2008-07-21,1.0198499479603236
2008-07-22,1.0155421068638404
2008-07-23,1.0110110438495723
2008-07-24,1.0125400225221382
2008-07-25,1.0061659039918582
2008-07-28,1.0082770450117853
2008-07-29,1.0024622589328918
2008-07-30,0.9972676605433666
2008-07-31,0.9954140267965679
2008-08-01,0.9952017120202319
2008-08-04,0.994213409588066
2008-08-05,0.9854207268591223
2008-08-06,0.9836395218842547
2008-08-07,0.9862418935750683
2008-08-08,0.9840363291211441
2008-08-11,0.9791721593516876
2008-08-12,0.982341878592798
2008-08-13,0.9838186676675903
2008-08-14,0.9793551905041553
2008-08-15,0.9801647908765414
2008-08-18,0.983295583391187
2008-08-19,0.9890486977680032
2008-08-20,0.9879095331496501
2008-08-21,0.9872071985163305
2008-08-22,0.9822186809274548
2008-08-25,0.9876218699106919
2008-08-26,0.986930816188704
2008-08-27,0.9803845096714999
2008-08-28,0.9740949210569313
2008-08-29,0.975110806505679
2008-09-02,0.9745182258583975
2008-09-03,0.9700273150404212
2008-09-04,0.9731634987643262
2008-09-05,0.974608067440235
2008-09-08,0.9716822608739513
2008-09-09,0.9774986428004631
2008-09-10,0.9823026175926017
2008-09-11,0.9829966325889703
2008-09-12,0.9840555881737165
2008-09-15,1.0027200749120022
2008-09-16,1.0139859543272178
2008-09-17,1.0279472894516408
2008-09-18,1.033910140845694
2008-09-19,1.0259136647340983
2008-09-22,1.0237209719994278
2008-09-23,1.0243593652543523
2008-09-24,1.025757037205162
2008-09-25,1.0169038200598617
2008-09-26,1.0170252388810437
2008-09-29,1.0304752295131596
2008-09-30,1.0410448283557807
2008-10-01,1.0390430703810443
2008-10-02,1.0516296166406112
2008-10-03,1.053526494419411
2008-10-06,1.07181957306963
2008-10-07,1.0733168447139583
2008-10-08,1.0778926547251757
2008-10-09,1.088563531010463
2008-10-10,1.0941100592061312
2008-10-13,1.0861057431588321
2008-10-14,1.0776310081329956
2008-10-15,1.0796846940885643
2008-10-16,1.0824421570654834
2008-10-17,1.0780326607099744
2008-10-20,1.0679137328389952
2008-10-21,1.0609367237080543
2008-10-22,1.0667823423861698
2008-10-23,1.0731830348416143
2008-10-24,1.0797248766125314
2008-10-27,1.083265077529687
2008-10-28,1.080391937234405
2008-10-29,1.0690040181271736
2008-10-30,1.058454840945716
2008-10-31,1.054593866790982
2008-11-03,1.050884303387414
2008-11-04,1.048496683646731
2008-11-05,1.0442419117390163
2008-11-06,1.055448111278663
2008-11-07,1.0509207343657743
2008-11-10,1.0532375683122144
2008-11-11,1.0578164872019316
2008-11-12,1.0626079975077383
2008-11-13,1.0597606250564544
2008-11-14,1.0582013848581622
2008-11-17,1.053566036432352
2008-11-18,1.054602662454613
2008-11-19,1.0677554992210987
2008-11-20,1.0776474404281144
2008-11-21,1.0797004819799532
2008-11-24,1.0663788944513277
2008-11-25,1.0551483495708835
2008-11-26,1.0431817476269272
2008-11-28,1.0367824634062632
2008-12-01,1.0353400138609197
2008-12-02,1.0316011897879425
2008-12-03,1.0319305548942976
2008-12-04,1.0283254350945212
2008-12-05,1.0240773788163047
2008-12-08,1.0176429718039006
2008-12-09,1.0106765807527673
2008-12-10,1.0079049501350117
2008-12-11,1.0068106383650113
2008-12-12,1.0081121819585404
2008-12-15,1.009754841489578
2008-12-16,1.0054507300586142
2008-12-17,0.998962466134747
2008-12-18,0.995081585109855
2008-12-19,0.9882156405957431
2008-12-22,0.9816189488076748
2008-12-23,0.9709672253250209
2008-12-24,0.9646547851161965
2008-12-26,0.9578055778567379
2008-12-29,0.9571073199015717
2008-12-30,0.9517305622583728
2008-12-31,0.9457803441305935
2009-01-02,0.9455536639686095
2009-01-05,0.9410221477345465
2009-01-06,0.935491867431231
2009-01-07,0.9431196373358887
2009-01-08,0.9480953378325205
2009-01-09,0.9513072853685002
2009-01-12,0.959491313393265
2009-01-13,0.9571583207111761
2009-01-14,0.9639364257813261
2009-01-15,0.9724095071232349
2009-01-16,0.9719228597850689
2009-01-20,0.9714552966562426
2009-01-21,0.9698295987481548
2009-01-22,0.965914712522737
2009-01-23,0.9582317826198845
2009-01-26,0.9512423009485166
2009-01-27,0.9445269165975945
2009-01-28,0.9368984100643555
2009-01-29,0.9378043547677141
2009-01-30,0.9410277134042744
2009-02-02,0.9358893717021459
2009-02-03,0.9309525335961795
2009-02-04,0.9293465518865254
2009-02-05,0.9223133537733283
2009-02-06,0.9139873398998645
2009-02-09,0.9040270520606541
2009-02-10,0.9030848147249423
2009-02-11,0.9037481553239642
2009-02-12,0.9036011688406715
2009-02-13,0.9030677896704492
2009-02-17,0.908045523408863
2009-02-18,0.9187104048438096
2009-02-19,0.927388428183268
2009-02-20,0.9329810388427477
2009-02-23,0.9336484490842086
2009-02-24,0.9276230197083574
2009-02-25,0.9245789797197943
2009-02-26,0.9153798040445084
2009-02-27,0.9175217725133512
2009-03-02,0.923501310846161
2009-03-03,0.9245404751267038
2009-03-04,0.9259310447295781
2009-03-05,0.9296200233676339
2009-03-06,0.9276741400983151
2009-03-09,0.9199222130356361
2009-03-10,0.9120821262499249
2009-03-11,0.9057259644362023
2009-03-12,0.8976582795563514
2009-03-13,0.8902991313384553
2009-03-16,0.8863658320702806
2009-03-17,0.8821946229694854
2009-03-18,0.8726967946177409
2009-03-19,0.8686694693386138
2009-03-20,0.8698981175998446
2009-03-23,0.8632354463214194
2009-03-24,0.8591869974460696
2009-03-25,0.8588267230364198
2009-03-26,0.8608335182114621
2009-03-27,0.8627616155365029
2009-03-30,0.8728493953193852
2009-03-31,0.8707768700127426
2009-04-01,0.8719228751102821
2009-04-02,0.8647886447138005
2009-04-03,0.8630322272740436
2009-04-06,0.8664427281652576
2009-04-07,0.8701116407862278
2009-04-08,0.8693229489906895
2009-04-09,0.8666044019714468
2009-04-13,0.858894425423547
2009-04-14,0.8554083695245843
2009-04-15,0.8579413746412674
2009-04-16,0.8537083795572962
2009-04-17,0.8484649136923041
2009-04-20,0.8512702111945668
2009-04-21,0.8508282421281133
2009-04-22,0.8480506640054423
2009-04-23,0.8500878928679739
2009-04-24,0.8496922892260926
2009-04-27,0.8481357288642851
2009-04-28,0.8497774649872544
2009-04-29,0.8470410938112837
2009-04-30,0.850686541112802
2009-05-01,0.8506596179319078
2009-05-04,0.8467121819345781
2009-05-05,0.841350919897928
2009-05-06,0.8385528446078131
2009-05-07,0.8378252820741734
2009-05-08,0.8390870357183235
2009-05-11,0.8399071519646638
2009-05-12,0.8406951067895789
2009-05-13,0.8418443182880269
2009-05-14,0.8429484626688886
2009-05-15,0.841264209230893
2009-05-18,0.8384695343590932
2009-05-19,0.8373530820312857
2009-05-20,0.8378490395986863
2009-05-21,0.8430314302026595
2009-05-22,0.8413439231358886
2009-05-26,0.8365853379148733
2009-05-27,0.8375035599574273
2009-05-28,0.8344642046649792
2009-05-29,0.8319361966389015
2009-06-01,0.829507326182474
2009-06-02,0.8299188035870829
2009-06-03,0.8350200269758248
2009-06-04,0.8367839474865768
2009-06-05,0.8357335966047502
2009-06-08,0.8394303183065248
2009-06-09,0.8406291293533279
2009-06-10,0.8417809282022171
2009-06-11,0.8389659898413457
2009-06-12,0.8401830098475676
2009-06-15,0.8389993624025649
2009-06-16,0.845705269759327
2009-06-17,0.8572462395726868
2009-06-18,0.8600993282168952
2009-06-19,0.8600954329927032
2009-06-22,0.8632289454243619
2009-06-23,0.868592516192034
2009-06-24,0.8682555547727385
2009-06-25,0.8695004349777292
2009-06-26,0.8675592414491908
2009-06-29,0.8641255457060854
2009-06-30,0.8721990537176114
2009-07-01,0.8693677182777051
2009-07-02,0.8768434940315206
2009-07-06,0.8765751217165592
2009-07-07,0.8818074698845372
2009-07-08,0.8880110985165162
2009-07-09,0.8951479181825351
2009-07-10,0.9020048625675339
2009-07-13,0.8991811424668463
2009-07-14,0.8968603133504994
2009-07-15,0.8918853991014603
2009-07-16,0.8863212658033638
2009-07-17,0.8801910200855849
2009-07-20,0.8731247055724247
2009-07-21,0.8702570700597806
2009-07-22,0.8745607143711618
2009-07-23,0.8747740196899398
2009-07-24,0.8769397444079815
2009-07-27,0.8735303426664921
2009-07-28,0.8710389566795709
2009-07-29,0.8729589975940976
2009-07-30,0.8649998212178585
2009-07-31,0.8640194360720601
2009-08-03,0.8599402425006067
2009-08-04,0.85798180161823
2009-08-05,0.8533550642998681
2009-08-06,0.8555764343273242
2009-08-07,0.8506518682752724
2009-08-10,0.8470968930487911
2009-08-11,0.8440734854782502
2009-08-12,0.8470509958516522
2009-08-13,0.8444215450339404
2009-08-14,0.8485618766012368
2009-08-17,0.8541084696756982
2009-08-18,0.8570846081197885
2009-08-19,0.8615126627033263
2009-08-20,0.855570989656137
2009-08-21,0.8451564410421709
2009-08-24,0.8406405021777721
2009-08-25,0.8394389138570751
2009-08-26,0.847304054490131
2009-08-27,0.8458411503924789
2009-08-28,0.8424748307692445
2009-08-31,0.8443385628959408
2009-09-01,0.8476978349392372
2009-09-02,0.850533213961228
2009-09-03,0.8536495585117682
2009-09-04,0.8550750660211106
2009-09-08,0.8525231026477338
2009-09-09,0.8528163143086069
2009-09-10,0.8546666549239557
2009-09-11,0.8556601194367418
2009-09-14,0.8534773696549088
2009-09-15,0.8498115904527556
2009-09-16,0.8423679986702945
2009-09-17,0.8399221948008713
2009-09-18,0.840709559710641
2009-09-21,0.8367601652121845
2009-09-22,0.833749962654844
2009-09-23,0.8359558464723011
2009-09-24,0.8419967936694658
2009-09-25,0.8466243703883103
2009-09-28,0.8526391009613177
2009-09-29,0.8529277636687169
2009-09-30,0.8630090278385713
2009-10-01,0.8672047522370587
2009-10-02,0.8767261345022722
2009-10-05,0.8737172664825753
2009-10-06,0.8696499226989449
2009-10-07,0.8661342394558491
2009-10-08,0.8604034849673844
2009-10-09,0.8576425639882713
2009-10-12,0.8561663850083391
2009-10-13,0.8543559385374239
2009-10-14,0.8479106076143877
2009-10-15,0.8417180347667648
2009-10-16,0.8385134059523819
2009-10-19,0.8409246449346415
2009-10-20,0.8436334823881849
2009-10-21,0.8474125615102169
2009-10-22,0.8459454022353065
2009-10-23,0.846104406069216
2009-10-26,0.8474336450468939
2009-10-27,0.8538087962215255
2009-10-28,0.863463353232446
2009-10-29,0.8625432217331345
2009-10-30,0.8761689777435998
2009-11-02,0.8822015668516939
2009-11-03,0.8840760152104511
2009-11-04,0.8815632303002373
2009-11-05,0.8815019271512085
2009-11-06,0.887325380988416
2009-11-09,0.8866459542829879
2009-11-10,0.8844245443111061
2009-11-11,0.8846431896322392
2009-11-12,0.883284633176073
2009-11-13,0.8882538632475995
2009-11-16,0.8863615548849486
2009-11-17,0.8861120821443624
2009-11-18,0.8839116083347797
2009-11-19,0.8880719374196903
2009-11-20,0.8889318614424475
2009-11-23,0.8803462982486261
2009-11-24,0.8803327179251507
2009-11-25,0.8787510427123997
2009-11-27,0.8854666880962271
2009-11-30,0.8915268179748064
2009-12-01,0.8898983153091277
2009-12-02,0.8891179892185737
2009-12-03,0.8805251268962766
2009-12-04,0.8789359062336776
2009-12-07,0.8793697922637295
2009-12-08,0.8797866631553479
2009-12-09,0.8825401273453343
2009-12-10,0.8824405145082624
2009-12-11,0.8827369649197032
2009-12-14,0.8822374760993228
2009-12-15,0.8770516927228788
2009-12-16,0.8767751557533541
2009-12-17,0.8772937770963598
2009-12-18,0.8801450015239536
2009-12-21,0.8699432367583083
2009-12-22,0.8593572274736688
2009-12-23,0.8574216499256818
2009-12-24,0.8512482518893806
2009-12-28,0.8480620459329342
2009-12-29,0.8500988284453682
2009-12-30,0.8469576979180988
2009-12-31,0.8490377881958204
2010-01-04,0.8424088553253961
2010-01-05,0.8372163511949884
2010-01-06,0.8314431609520477
2010-01-07,0.8262885271892224
2010-01-08,0.8189830947504294
2010-01-11,0.813140620446491
2010-01-12,0.8126253019976091
2010-01-13,0.8125223489780949
2010-01-14,0.8100704921554246
2010-01-15,0.8104598846199177
2010-01-19,0.8073045950269797
2010-01-20,0.8125083363984708
2010-01-21,0.8171158526181386
2010-01-22,0.8270328780056626
2010-01-25,0.8330315886721072
2010-01-26,0.8333048597045737
2010-01-27,0.8378811397161591
2010-01-28,0.8363956048253294
2010-01-29,0.8424193065968851
2010-02-01,0.8384028632009289
2010-02-02,0.839249809742069
2010-02-03,0.8392792289678702
2010-02-04,0.8479349454789342
2010-02-05,0.8625257319307408
2010-02-08,0.8675247228354176
2010-02-09,0.8719355180183425
2010-02-10,0.8746047133901722
2010-02-11,0.8748162932572243
2010-02-12,0.8758038896000783
2010-02-16,0.8759684429490948
2010-02-17,0.8776951706765813
2010-02-18,0.8738639875127939
2010-02-19,0.8729281448652334
2010-02-22,0.8708525313411066
2010-02-23,0.8774857654061613
2010-02-24,0.8760157353902335
2010-02-25,0.8820543340023812
2010-02-26,0.8811894581591505
2010-03-01,0.8838879107803603
2010-03-02,0.8798138750634835
2010-03-03,0.8794290172178567
2010-03-04,0.8841572910524506
2010-03-05,0.8816413188543152
2010-03-08,0.8827534239972832
2010-03-09,0.874802309330723
2010-03-10,0.8726531991608907
2010-03-11,0.8741177795859538
2010-03-12,0.8731719843080733
2010-03-15,0.8699103378646195
2010-03-16,0.8656001285365952
2010-03-17,0.8649883587900621
2010-03-18,0.8612633251120204
2010-03-19,0.8655275084409608
2010-03-22,0.8668793708550409
2010-03-23,0.8583742974881765
2010-03-24,0.8607909917043265
2010-03-25,0.8599756586963138
2010-03-26,0.8623295544337133
2010-03-29,0.8622381993578814
2010-03-30,0.8617582699712978
2010-03-31,0.8609050044822273
2010-04-01,0.8616538278358655
2010-04-05,0.8584517169403415
2010-04-06,0.8534143947073869
2010-04-07,0.8552412811894502
2010-04-08,0.8522906427114326
2010-04-09,0.8467106175070628
2010-04-12,0.8397807893695309
2010-04-13,0.8350835035119023
2010-04-14,0.8239037582761415
2010-04-15,0.8186526305006065
2010-04-16,0.8198819391084259
2010-04-19,0.8226316669865269
2010-04-20,0.82527356239882
2010-04-21,0.8278118540694546
2010-04-22,0.8243682519490838
2010-04-23,0.8198832224608844
2010-04-26,0.8140054490310458
2010-04-27,0.8165934706376715
2010-04-28,0.8167270600244295
2010-04-29,0.8129338419842558
2010-04-30,0.8218383972005595
2010-05-03,0.8205898326044592
2010-05-04,0.8272333685807549
2010-05-05,0.8391065698128822
2010-05-06,0.8462004298202203
2010-05-07,0.860074922768447
2010-05-10,0.865170023836351
2010-05-11,0.8732025719212
2010-05-12,0.8722926671399764
2010-05-13,0.8714184448991931
2010-05-14,0.8811667411776561
2010-05-17,0.8862190258373559
2010-05-18,0.8906810248241263
2010-05-19,0.9094778473800429
2010-05-20,0.9326355788553353
2010-05-21,0.9462577130178712
2010-05-24,0.9452279987818764
2010-05-25,0.9516896458884695
2010-05-26,0.9547606401673531
2010-05-27,0.9569268895725549
2010-05-28,0.966459168412847
2010-06-01,0.963852926514304
2010-06-02,0.9613488901804097
2010-06-03,0.9656097180164721
2010-06-04,0.966566199662885
2010-06-07,0.9667008584996347
2010-06-08,0.9734969032643549
2010-06-09,0.9764970247049685
2010-06-10,0.9774187100106559
2010-06-11,0.9814415056965126
2010-06-14,0.9849143878260611
2010-06-15,0.9792314706564117
2010-06-16,0.9776929816110622
2010-06-17,0.9746461980184715
2010-06-18,0.9701502686844138
2010-06-21,0.9677914346183584
2010-06-22,0.9706231430646973
2010-06-23,0.9753045884347092
2010-06-24,0.9876455849666814
2010-06-25,0.983816346340537
2010-06-28,0.9758235484448298
2010-06-29,0.9803010563489541
2010-06-30,0.9842108188450737
2010-07-01,0.994241767125659
2010-07-02,0.9901538546893587
2010-07-06,0.998383115289776
2010-07-07,0.9933484833176278
2010-07-08,0.9861583467169366
2010-07-09,0.9804266468456843
2010-07-12,0.9800177587340889
2010-07-13,0.9729582387837326
2010-07-14,0.970489288243194
2010-07-15,0.9665485318415001
2010-07-16,0.9702132952986963
2010-07-19,0.9596166954830612
2010-07-20,0.9549258446798039
2010-07-21,0.9563013017511842
2010-07-22,0.9505639958001574
2010-07-23,0.9458359959648571
2010-07-26,0.9459992902407451
2010-07-27,0.9406659847411081
2010-07-28,0.9410320245551823
2010-07-29,0.9417758667294889
2010-07-30,0.9362160288185285
2010-08-02,0.9347957923942725
2010-08-03,0.9314704672023403
2010-08-04,0.9267069194689151
2010-08-05,0.927228216744644
2010-08-06,0.9257682866762266
2010-08-09,0.9208361970026491
2010-08-10,0.9239406598652903
2010-08-11,0.9288841633999848
2010-08-12,0.9308887060117501
2010-08-13,0.9335989528348188
2010-08-16,0.9322813468412965
2010-08-17,0.9337605097102654
2010-08-18,0.9442012740353529
2010-08-19,0.9448208319163195
2010-08-20,0.9481611914490129
2010-08-23,0.938821536882385
2010-08-24,0.9396520648477816
2010-08-25,0.9420186505400255
2010-08-26,0.941547330911005
2010-08-27,0.9367807689144949
2010-08-30,0.9372991701335344
2010-08-31,0.9362286144420232
2010-09-01,0.9316706295619438
2010-09-02,0.9292521735006911
2010-09-03,0.9296736568928209
2010-09-07,0.9445884154460437
2010-09-08,0.9440163207226695
2010-09-09,0.9481725434394276
2010-09-10,0.958832443696705
2010-09-13,0.9529958772772263
2010-09-14,0.9505254507173352
2010-09-15,0.9501126879441064
2010-09-16,0.9454023864561023
2010-09-17,0.9436219007127258
2010-09-20,0.9372053555867366
2010-09-21,0.9373149494852959
2010-09-22,0.9378124024466569
2010-09-23,0.9375060337232586
2010-09-24,0.9336822676948956
2010-09-27,0.9296162964127429
2010-09-28,0.9323764416514588
2010-09-29,0.926008738057284
2010-09-30,0.922243689506018
2010-10-01,0.9158811918783311
2010-10-04,0.9117289882752593
2010-10-05,0.9093082436370138
2010-10-06,0.9065902732983074
2010-10-07,0.9122141841493542
2010-10-08,0.9093822553591835
2010-10-11,0.9054849120117645
2010-10-12,0.9131129546779698
2010-10-13,0.90593205449452
2010-10-14,0.9021700131417937
2010-10-15,0.8950260910578017
2010-10-18,0.8924760482712213
2010-10-19,0.8935554189272519
2010-10-20,0.8969454024987322
2010-10-21,0.8994181318125074
2010-10-22,0.8986566364473111
2010-10-25,0.898709317370946
2010-10-26,0.8983677755132619
2010-10-27,0.8960788431401928
2010-10-28,0.8942718296837147
2010-10-29,0.8941043069510201
2010-11-01,0.8927668831490193
2010-11-02,0.8883446524372931
2010-11-03,0.8880174111652425
2010-11-04,0.8829971205313114
2010-11-05,0.8746442922751816
2010-11-08,0.8674033396369393
2010-11-09,0.8659365420041182
2010-11-10,0.8598213834941528
2010-11-11,0.8555146625728135
2010-11-12,0.8611807542366248
2010-11-15,0.8576050383842081
2010-11-16,0.8600518996240432
2010-11-17,0.8612263349329042
2010-11-18,0.8592174590531825
2010-11-19,0.8514050096785479
2010-11-22,0.8482126563578205
2010-11-23,0.8510278463045727
2010-11-24,0.8588306758612562
2010-11-26,0.8577000611215991
2010-11-29,0.861711823430556
2010-11-30,0.861644693099946
2010-12-01,0.8588350972921049
2010-12-02,0.8522141130845715
2010-12-03,0.8485978733557648
2010-12-06,0.8431626626359309
2010-12-07,0.8387249111600121
2010-12-08,0.833676875428247
2010-12-09,0.8280424881565511
2010-12-10,0.8241976846994314
2010-12-13,0.8134448343190617
2010-12-14,0.8137018996398827
2010-12-15,0.8076743741638089
2010-12-16,0.8093342026279733
2010-12-17,0.8066152142896215
2010-12-20,0.8036106960821854
2010-12-21,0.7995475315299428
2010-12-22,0.7995652753915138
2010-12-23,0.8015431077291015
2010-12-27,0.7991296525240388
2010-12-28,0.7975951563466255
2010-12-29,0.7953365227644049
2010-12-30,0.7915978355971733
2010-12-31,0.7985939989070882
2011-01-03,0.7923746264009279
2011-01-04,0.7860069939930484
2011-01-05,0.7822420138364583
2011-01-06,0.779408993686009
2011-01-07,0.7829615821689107
2011-01-10,0.7828454416916986
2011-01-11,0.7846946400567301
2011-01-12,0.7856870071133288
2011-01-13,0.7823267323245708
2011-01-14,0.7743923506647837
2011-01-18,0.7718671604426354
2011-01-19,0.7737547227782182
2011-01-20,0.7790976748261312
2011-01-21,0.7795252169898124
2011-01-24,0.777583051617663
2011-01-25,0.7831680299855978
2011-01-26,0.7877496758685155
2011-01-27,0.7960732179913188
2011-01-28,0.8060311310112671
2011-01-31,0.8136377533245508
2011-02-01,0.8131029394686861
2011-02-02,0.8106283143914828
2011-02-03,0.8125644589251501
2011-02-04,0.8148168330849481
2011-02-07,0.8138436239443619
2011-02-08,0.8136928935936026
2011-02-09,0.8151167016879712
2011-02-10,0.8137395761315803
2011-02-11,0.8124164554989693
2011-02-14,0.8138903199892059
2011-02-15,0.8141299152837468
2011-02-16,0.8178895264490901
2011-02-17,0.8140507214903022
2011-02-18,0.817421281431859
2011-02-22,0.8230126037286488
2011-02-23,0.827992501621643
2011-02-24,0.8339535799894217
2011-02-25,0.8334063807741502
2011-02-28,0.8332727972143796
2011-03-01,0.8370660208530315
2011-03-02,0.8352202945450695
2011-03-03,0.8357998908374198
2011-03-04,0.8340038166869328
2011-03-07,0.8369840591697981
2011-03-08,0.837886645084708
2011-03-09,0.838753835473543
2011-03-10,0.8462536850628158
2011-03-11,0.8546358934917251
2011-03-14,0.8579835055116575
2011-03-15,0.8659057209817886
2011-03-16,0.8782231436883852
2011-03-17,0.884567334131978
2011-03-18,0.8879176347542534
2011-03-21,0.8821169431952631
2011-03-22,0.8773280434621156
2011-03-23,0.875864198620464
2011-03-24,0.8752420731843674
2011-03-25,0.8730757173732158
2011-03-28,0.8713864735546584
2011-03-29,0.8662340628270248
2011-03-30,0.8620680211475336
2011-03-31,0.8619869222790029
2011-04-01,0.863477631209238
2011-04-04,0.8704000770441699
2011-04-05,0.8680314465718495
2011-04-06,0.8606576643533456
2011-04-07,0.8614161873198811
2011-04-08,0.8613606505622388
2011-04-11,0.8652288603441117
2011-04-12,0.8744355717031661
2011-04-13,0.8742616277148068
2011-04-14,0.8780160736867751
2011-04-15,0.8800546590323919
2011-04-18,0.8788760449526902
2011-04-19,0.8793122784839573
2011-04-20,0.8809078754061551
2011-04-21,0.8824408999000315
2011-04-25,0.8768549822568931
2011-04-26,0.8761940025605444
2011-04-27,0.8759511004993465
2011-04-28,0.8737569396954505
2011-04-29,0.875570393040727
2011-05-02,0.8737833188038359
2011-05-03,0.8744192670860385
2011-05-04,0.8797361585728605
2011-05-05,0.8868053288249053
2011-05-06,0.8900678649494188
2011-05-09,0.8861436349514025
2011-05-10,0.8827654531886024
2011-05-11,0.885402102083167
2011-05-12,0.8844059412171605
2011-05-13,0.885801786659625
2011-05-16,0.8879272067906201
2011-05-17,0.8978124143674585
2011-05-18,0.9002511432157935
2011-05-19,0.9025942356387036
2011-05-20,0.9083748538489504
2011-05-23,0.9135366242862465
2011-05-24,0.9090842076475701
2011-05-25,0.9020612975437439
2011-05-26,0.902372619208695
2011-05-27,0.8948285949260011
2011-05-31,0.88954119904655
2011-06-01,0.897402328495705
2011-06-02,0.9037787077703833
2011-06-03,0.9165716996225252
2011-06-06,0.9241571231667399
2011-06-07,0.9290921379445148
2011-06-08,0.9381473482212006
2011-06-09,0.9413572561340947
2011-06-10,0.9503236382464832
2011-06-13,0.9550168289034839
2011-06-14,0.9575651885543278
2011-06-15,0.9737391027286679
2011-06-16,0.9794748241902889
2011-06-17,0.9881228703004736
2011-06-20,0.9838827577396708
2011-06-21,0.9825540221420367
2011-06-22,0.9769636683325451
2011-06-23,0.9790435244763669
2011-06-24,0.9826104450851368
2011-06-27,0.9770178786112099
2011-06-28,0.9739975696460644
2011-06-29,0.9758015865226894
2011-06-30,0.9740054458747409
2011-07-01,0.9695346440757314
2011-07-05,0.975043089406095
2011-07-06,0.9775904192333069
2011-07-07,0.9721947165182753
2011-07-08,0.9736772766548135
2011-07-11,0.9805918932565855
2011-07-12,0.9848824072465233
2011-07-13,0.9854752540211694
2011-07-14,0.9880056362164177
2011-07-15,0.9912211014628327
2011-07-18,0.9896045876799765
2011-07-19,0.9770710744376245
2011-07-20,0.9697349538714433
2011-07-21,0.9611178968568769
2011-07-22,0.9563681754115092
2011-07-25,0.95454981559145
2011-07-26,0.9484890385094324
2011-07-27,0.9544306448423958
2011-07-28,0.9526882666132822
2011-07-29,0.9612102953735457
2011-08-01,0.967829499476544
2011-08-02,0.9749734406735422
2011-08-03,0.9869352665294817
2011-08-04,0.9992123149008747
2011-08-05,1.007478498630252
2011-08-08,1.0209107143702423
2011-08-09,1.0353848040027818
2011-08-10,1.0422324587477707
2011-08-11,1.040968440757662
2011-08-12,1.0424990901397146
2011-08-15,1.0455383415067847
2011-08-16,1.0457133085065187
2011-08-17,1.0572539630748905
2011-08-18,1.073832239032738
2011-08-19,1.0838780335804739
2011-08-22,1.084118110694965
2011-08-23,1.081603674981437
2011-08-24,1.08546235439393
2011-08-25,1.0923069679471091
2011-08-26,1.0953537535178108
2011-08-29,1.0912222337720143
2011-08-30,1.0935272442123276
2011-08-31,1.0980948032628246
2011-09-01,1.0973852031348708
2011-09-02,1.1096446069335033
2011-09-06,1.1155408968576797
2011-09-07,1.1066961558044373
2011-09-08,1.1076100320474005
2011-09-09,1.115939050398483
2011-09-12,1.1208041856769737
2011-09-13,1.1227334332974845
2011-09-14,1.1194889849328773
2011-09-15,1.115195299249235
2011-09-16,1.1114621502590691
2011-09-19,1.106306771817537
2011-09-20,1.1064516042952806
2011-09-21,1.1120809531464462
2011-09-22,1.1174895432191347
2011-09-23,1.1171958356419138
2011-09-26,1.1125999205187016
2011-09-27,1.1124979628513014
2011-09-28,1.1249490231316426
2011-09-29,1.1271078849696174
2011-09-30,1.13192718359826
2011-10-03,1.1377339607120538
2011-10-04,1.1393914524488362
2011-10-05,1.1374545327449603
2011-10-06,1.141475923617707
2011-10-07,1.1449474560248558
2011-10-10,1.1529887322591752
2011-10-11,1.1622832917784232
2011-10-12,1.1665074764145635
2011-10-13,1.16154639890811
2011-10-14,1.1540347754215177
2011-10-17,1.1542687057971444
2011-10-18,1.148611109491374
2011-10-19,1.1470969483348494
2011-10-20,1.1550539307530907
2011-10-21,1.1430910315078715
2011-10-24,1.1351266773310922
2011-10-25,1.1313962193965397
2011-10-26,1.1258512696162832
2011-10-27,1.1169943570823115
2011-10-28,1.1116220293535934
2011-10-31,1.1182250870260018
2011-11-01,1.1269221424367468
2011-11-02,1.1278271564588354
2011-11-03,1.1255594248329988
2011-11-04,1.1257335650356262
2011-11-07,1.1204106801322682
2011-11-08,1.1251004573819832
2011-11-09,1.1327435767003369
2011-11-10,1.1338124560454217
2011-11-11,1.125819810710307
2011-11-14,1.1263758965648047
2011-11-15,1.1249493908171653
2011-11-16,1.134559218628257
2011-11-17,1.140262778682051
2011-11-18,1.1300563952043234
2011-11-21,1.1269169287257226
2011-11-22,1.1231162648541255
2011-11-23,1.1284842544676892
2011-11-25,1.1340338915473878
2011-11-28,1.1244639350161176
2011-11-29,1.118014368937054
2011-11-30,1.1094647858414834
2011-12-01,1.1020347942398567
2011-12-02,1.0964648023088819
2011-12-05,1.0911132414340237
2011-12-06,1.082834290789552
2011-12-07,1.0756643186017267
2011-12-08,1.0707363061075414
2011-12-09,1.0750211568484223
2011-12-12,1.0760007193249548
2011-12-13,1.0785104950377016
2011-12-14,1.0793532207224976
2011-12-15,1.0848687806941644
2011-12-16,1.0874229461571383
2011-12-19,1.0785043992490153
2011-12-20,1.0679748149647401
2011-12-21,1.0672699202602407
2011-12-22,1.0642397273088586
2011-12-23,1.056230326237923
2011-12-27,1.0536330585423181
2011-12-28,1.0483925464426194
2011-12-29,1.049632054425262
2011-12-30,1.0421955032713301
2012-01-03,1.0311290129469644
2012-01-04,1.0287317967529657
2012-01-05,1.0205462360959867
2012-01-06,1.018171873896144
2012-01-09,1.013929839625707
2012-01-10,1.005540434150189
2012-01-11,0.9970878681050837
2012-01-12,0.9909275595519431
2012-01-13,0.9810872630989258
2012-01-17,0.9751622723891641
2012-01-18,0.9694696342562558
2012-01-19,0.9589021976187556
2012-01-20,0.9522785820258632
2012-01-23,0.9568951082209275
2012-01-24,0.9593698098593225
2012-01-25,0.9519435428060158
2012-01-26,0.9530437960293093
2012-01-27,0.9501793334399247
2012-01-30,0.9486036733050256
2012-01-31,0.9455211763126716
2012-02-01,0.9409909341043317
2012-02-02,0.9382069759041618
2012-02-03,0.9316106239079202
2012-02-06,0.92762589355859
2012-02-07,0.9202680153798218
2012-02-08,0.9167280932080641
2012-02-09,0.9137191483763754
2012-02-10,0.9210242798125959
2012-02-13,0.9194154845258276
2012-02-14,0.9210070341522657
2012-02-15,0.9272420524208044
2012-02-16,0.924997266051361
2012-02-17,0.918134628166994
2012-02-21,0.9158548388271118
2012-02-22,0.9152330804417349
2012-02-23,0.9177729596400983
2012-02-24,0.9233504906346043
2012-02-27,0.9224347851195218
2012-02-28,0.9168491072716975
2012-02-29,0.9216785540453565
2012-03-01,0.9247499832984798
2012-03-02,0.9257401800318728
2012-03-05,0.9259072317953287
2012-03-06,0.9307736148621786
2012-03-07,0.9319197476126814
2012-03-08,0.9322366202553214
2012-03-09,0.9305802822060931
2012-03-12,0.9356555652568347
2012-03-13,0.9322965234820568
2012-03-14,0.9278927382474663
2012-03-15,0.9189557681201147
2012-03-16,0.9131143654487376
2012-03-19,0.9102471354311401
2012-03-20,0.9082766595318797
2012-03-21,0.9106971826874923
2012-03-22,0.9169443519938653
2012-03-23,0.9221622205431255
2012-03-26,0.9267833099335911
2012-03-27,0.927693768367568
2012-03-28,0.9313136205884478
2012-03-29,0.9355758315457636
2012-03-30,0.937317955798871
2012-04-02,0.9327172516498956
2012-04-03,0.9326106927616644
2012-04-04,0.9340769401043443
2012-04-05,0.9343092169629975
2012-04-09,0.9372774829644486
2012-04-10,0.9385607189266272
2012-04-11,0.9441073574000928
2012-04-12,0.9408090296589127
2012-04-13,0.9411694598683671
2012-04-16,0.9434765398735292
2012-04-17,0.9402029500745672
2012-04-18,0.9421557755618392
2012-04-19,0.9452084902456886
2012-04-20,0.9426512945497794
2012-04-23,0.9374492829988076
2012-04-24,0.9355885268027759
2012-04-25,0.9287027022222749
2012-04-26,0.925224164880225
2012-04-27,0.92227419763002
2012-04-30,0.9202242290955094
2012-05-01,0.919431122072156
2012-05-02,0.9225906859124636
2012-05-03,0.9232734041119749
2012-05-04,0.9278509176762112
2012-05-07,0.9263665679634187
2012-05-08,0.9343521927491669
2012-05-09,0.93653445970018
2012-05-10,0.9413762455942907
2012-05-11,0.9530869810611812
2012-05-14,0.9643384719999584
2012-05-15,0.9720114730979993
2012-05-16,0.9825208270941562
2012-05-17,1.000461186815954
2012-05-18,1.013384277529054
2012-05-21,1.0097221489985029
2012-05-22,1.0093408882534636
2012-05-23,1.0077981083219552
2012-05-24,1.0063158295642314
2012-05-25,1.0095975617381832
2012-05-29,1.007652559317078
2012-05-30,1.0167642236575847
2012-05-31,1.0188519011612087
2012-06-01,1.0322302579784162
2012-06-04,1.029789855704753
2012-06-05,1.0290137829320176
2012-06-06,1.0329740267386052
2012-06-07,1.0308966139253266
2012-06-08,1.028116354555706
2012-06-11,1.024660811239796
2012-06-12,1.0291839166813725
2012-06-13,1.0390198415173972
2012-06-14,1.0386661222422051
2012-06-15,1.0379341174483931
2012-06-18,1.0364465049994367
2012-06-19,1.038154485195537
2012-06-20,1.0343052896976728
2012-06-21,1.0376658665722738
2012-06-22,1.035796616902773
2012-06-25,1.0402751809458015
2012-06-26,1.038695762085182
2012-06-27,1.0344331831798808
2012-06-28,1.0322985485453757
2012-06-29,1.0267182133083022
2012-07-02,1.0272390676883687
2012-07-03,1.0226414571907856
2012-07-05,1.0162633608303626
2012-07-06,1.019154993738976
2012-07-09,1.018011660651173
2012-07-10,1.0212268896452448
2012-07-11,1.0188258351493529
2012-07-12,1.01730325337879
2012-07-13,1.016624694422759
2012-07-16,1.013227647582651
2012-07-17,1.0064344065009783
2012-07-18,1.0002997238930968
2012-07-19,0.9947977739365048
2012-07-20,0.9950017828017399
2012-07-23,0.9889232815153972
2012-07-24,0.9846517802794993
2012-07-25,0.9829007300724601
2012-07-26,0.9827869759519715
2012-07-27,0.9791482710126785
2012-07-30,0.9713385348945344
2012-07-31,0.9650115335261212
2012-08-01,0.9644228459368616
2012-08-02,0.9630729304099259
2012-08-03,0.9578543841193407
2012-08-06,0.9516640161146607
2012-08-07,0.9461085645023211
2012-08-08,0.9403788168747791
2012-08-09,0.9372267064091014
2012-08-10,0.9392962473342348
2012-08-13,0.9338336493995589
2012-08-14,0.9293695847172233
2012-08-15,0.9223354833557637
2012-08-16,0.919106640871224
2012-08-17,0.9124750078958819
2012-08-20,0.9155152036646709
2012-08-21,0.9149067643052721
2012-08-22,0.9170672833521242
2012-08-23,0.9175744487108645
2012-08-24,0.9149244703300463
2012-08-27,0.9131627263955346
2012-08-28,0.9099014430074746
2012-08-29,0.9146111903405149
2012-08-30,0.9203127122879458
2012-08-31,0.9199082921982223
2012-09-04,0.9187354179943705
2012-09-05,0.9187850094455717
2012-09-06,0.9164797149575101
2012-09-07,0.9095589418219215
2012-09-10,0.9048703558681207
2012-09-11,0.9003656360301552
2012-09-12,0.8940767875583845
2012-09-13,0.8892110311835458
2012-09-14,0.8813988338822304
2012-09-17,0.8801675070633194
2012-09-18,0.8766315263941696
2012-09-19,0.8689204861434179
2012-09-20,0.8681785062946564
2012-09-21,0.8655048393811405
2012-09-24,0.8625438652877625
2012-09-25,0.8651892039039287
2012-09-26,0.8665543331625982
2012-09-27,0.8647286730385747
2012-09-28,0.8696412740958855
2012-10-01,0.8696553417783999
2012-10-02,0.8645708185714038
2012-10-03,0.8667445119607606
2012-10-04,0.8645192369819072
2012-10-05,0.8674792669041854
2012-10-08,0.8664016485942174
2012-10-09,0.8716407996297383
2012-10-10,0.8766744937619054
2012-10-11,0.8771970626339876
2012-10-12,0.8839736484130468
2012-10-15,0.8795040935733195
2012-10-16,0.876778442844954
2012-10-17,0.8733753666549559
2012-10-18,0.8736351561978988
2012-10-19,0.8832965226215106
2012-10-22,0.8855201884010592
2012-10-23,0.8923625339539589
2012-10-24,0.8930541992890978
2012-10-25,0.8913657993169763
2012-10-26,0.8952338071868988
2012-10-31,0.8938520892580009
2012-11-01,0.8960539681106283
2012-11-02,0.8969930281847214
2012-11-05,0.8935815368833597
2012-11-06,0.896186182495777
2012-11-07,0.9084926067116289
2012-11-08,0.9171791711543101
2012-11-09,0.9270937134619843
2012-11-12,0.9295606266595536
2012-11-13,0.925656288359179
2012-11-14,0.9332776103843093
2012-11-15,0.9453059393888462
2012-11-16,0.9486272750990876
2012-11-19,0.9408379701932411
2012-11-20,0.9470796184209571
2012-11-21,0.9436647314240568
2012-11-23,0.9415602321525253
2012-11-26,0.9293421838328184
2012-11-27,0.9262307256432961
2012-11-28,0.9224569716965002
2012-11-29,0.9258900316299707
2012-11-30,0.9350708147033053
2012-12-03,0.9305582337345483
2012-12-04,0.9348500677057424
2012-12-05,0.9323069277957132
2012-12-06,0.9318243031762735
2012-12-07,0.926654722659557
2012-12-10,0.9256094394180057
2012-12-11,0.9222522064996526
2012-12-12,0.9209874140879015
2012-12-13,0.9178114370648466
2012-12-14,0.9167207924740683
2012-12-17,0.9086140947299872
2012-12-18,0.9063155027797917
2012-12-19,0.9088129340433293
2012-12-20,0.9068987013357478
2012-12-21,0.91251051696964
2012-12-24,0.9147650065002424
2012-12-26,0.9165389278139584
2012-12-27,0.922164852213411
2012-12-28,0.9283544658521008
2012-12-31,0.9319484083677048
2013-01-02,0.9334406276474027
2013-01-03,0.9297762893082888
2013-01-04,0.9254713367863951
2013-01-07,0.9240803039712424
2013-01-08,0.9250967626390368
2013-01-09,0.922151791555153
2013-01-10,0.9165772114941667
2013-01-11,0.9088683012394935
2013-01-14,0.9049911129555918
2013-01-15,0.909893422251451
2013-01-16,0.9083289743200216
2013-01-17,0.9036886223859031
2013-01-18,0.8976616175864559
2013-01-22,0.8993219463085557
2013-01-23,0.8989563797866515
2013-01-24,0.8982129923440378
2013-01-25,0.897498757350154
2013-01-28,0.9003419433364226
2013-01-29,0.9030736318330336
2013-01-30,0.9049138815650715
2013-01-31,0.9051133371899706
2013-02-01,0.9049128141629129
2013-02-04,0.9125632920388771
2013-02-05,0.9140313982334309
2013-02-06,0.9162262453615317
2013-02-07,0.920687961229707
2013-02-08,0.9198766686324635
2013-02-11,0.9257638580978572
2013-02-12,0.925537824446961
2013-02-13,0.9249284979980605
2013-02-14,0.9212058118020582
2013-02-15,0.9195898976137422
2013-02-19,0.9223510780994778
2013-02-20,0.930886329938714
2013-02-21,0.9375182385685683
2013-02-22,0.9360469350952911
2013-02-25,0.944437251366064
2013-02-26,0.9505377513124929
2013-02-27,0.9520852904767089
2013-02-28,0.9531799849678184
2013-03-01,0.961682730655355
2013-03-04,0.9678912510218117
2013-03-05,0.9738563000013486
2013-03-06,0.9635089941189428
2013-03-07,0.958273347290749
2013-03-08,0.9559881179852294
2013-03-11,0.9549689761034558
2013-03-12,0.9598721535111634
2013-03-13,0.9528183435695492
2013-03-14,0.9440803693119197
2013-03-15,0.9403909430643935
2013-03-18,0.9391991413755938
2013-03-19,0.9404070181843941
2013-03-20,0.9325479194320649
2013-03-21,0.9297029029837487
2013-03-22,0.9293223969843861
2013-03-25,0.9277803422006847
2013-03-26,0.9223771915261482
2013-03-27,0.9222839683290444
2013-03-28,0.9214100872181015
2013-04-01,0.9244920445820974
2013-04-02,0.9223551016573093
2013-04-03,0.9277529408080031
2013-04-04,0.9341155705802383
2013-04-05,0.9366992736947387
2013-04-08,0.9352600864910234
2013-04-09,0.9248577301580421
2013-04-10,0.9219221328969424
2013-04-11,0.9198859708225524
2013-04-12,0.9289100503981386
2013-04-15,0.9352273033237017
2013-04-16,0.9330615267227723
2013-04-17,0.9431375452826636
2013-04-18,0.952426268997069
2013-04-19,0.9582134741344388
2013-04-22,0.9610286320115197
2013-04-23,0.9586353523247935
2013-04-24,0.952022201253233
2013-04-25,0.9527272129687926
2013-04-26,0.9502673222641341
2013-04-29,0.9482960547243642
2013-04-30,0.9460099349312519
2013-05-01,0.9493036629731636
2013-05-02,0.9477623428565689
2013-05-03,0.9458893098033702
2013-05-06,0.9393838466738264
2013-05-07,0.9374472252356372
2013-05-08,0.9351943928734554
2013-05-09,0.9377357892313591
2013-05-10,0.9303736014183647
2013-05-13,0.9280060092058797
2013-05-14,0.923378322570355
2013-05-15,0.9177556432538706
2013-05-16,0.9205887552831306
2013-05-17,0.9162519413504587
2013-05-20,0.9113008848269114
2013-05-21,0.9116420265984051
2013-05-22,0.9162835157514089
2013-05-23,0.9199586719964516
2013-05-24,0.9332936260358066
2013-05-28,0.9351252485442063
2013-05-29,0.9321791603660021
2013-05-30,0.9293486050575315
2013-05-31,0.9395702283886087
2013-06-03,0.9388027684518006
2013-06-04,0.9474771696889849
2013-06-05,0.9565957120541227
2013-06-06,0.9669252919735689
2013-06-07,0.9733203785628407
2013-06-10,0.9775038931290039
2013-06-11,0.9799547208494351
2013-06-12,0.9885839474827907
2013-06-13,0.9882473220913087
2013-06-14,0.9961591918132182
2013-06-17,0.9947411842911312
2013-06-18,0.9894572162797143
2013-06-19,0.9941843842687451
2013-06-20,1.0097065652778139
2013-06-21,1.0159925823257427
2013-06-24,1.0157575790972824
2013-06-25,1.0182768897209185
2013-06-26,1.0116777960063728
2013-06-27,1.0120041569472993
2013-06-28,1.0099647782434837
2013-07-01,1.0060445908613864
2013-07-02,1.007376175533489
2013-07-03,1.0125771098262932
2013-07-05,1.01090741924487
2013-07-08,1.012048304764679
2013-07-09,1.0119679790876328
2013-07-10,1.0130672740253728
2013-07-11,1.0129469887694758
2013-07-12,1.0085176950922414
2013-07-15,1.0015170011670556
2013-07-16,1.000281040336975
2013-07-17,0.997132764245329
2013-07-18,0.9870491264317868
2013-07-19,0.9793217097089717
2013-07-22,0.9773875250145023
2013-07-23,0.9755291907002082
2013-07-24,0.9749202028296118
2013-07-25,0.9743350968362936
2013-07-26,0.974557249901537
2013-07-29,0.9692804950034376
2013-07-30,0.961857730493499
2013-07-31,0.9586476234153226
2013-08-01,0.9543869323009962
2013-08-02,0.9514697977009572
2013-08-05,0.9474905899479785
2013-08-06,0.9456282138715872
2013-08-07,0.9461918133276034
2013-08-08,0.938890173589266
2013-08-09,0.9373650687426281
2013-08-12,0.9308017327135054
2013-08-13,0.924495782411015
2013-08-14,0.91922143800274
2013-08-15,0.9208205972967503
2013-08-16,0.9211805738733483
2013-08-19,0.9215264337214524
2013-08-20,0.9206822598500228
2013-08-21,0.9226162888755122
2013-08-22,0.9185921206843156
2013-08-23,0.9143336061476758
2013-08-26,0.9137715039458062
2013-08-27,0.9179373273204805
2013-08-28,0.9137044909549714
2013-08-29,0.9155200011136
2013-08-30,0.9235388245993412
2013-09-03,0.9167333804974063
2013-09-04,0.9109791302818216
2013-09-05,0.907411321251162
2013-09-06,0.9055520537511164
2013-09-09,0.8955304045844059
2013-09-10,0.8902154867575665
2013-09-11,0.8913835068847208
2013-09-12,0.8901527811245357
2013-09-13,0.885440907354946
2013-09-16,0.886404009027301
2013-09-17,0.8830156165164265
2013-09-18,0.8813287295942137
2013-09-19,0.8765707401983622
2013-09-20,0.8833718876415637
2013-09-23,0.8875533822438554
2013-09-24,0.8868650143127239
2013-09-25,0.8897330529671269
2013-09-26,0.8822925410860631
2013-09-27,0.8845555786905313
2013-09-30,0.8933965363889419
2013-10-01,0.8916947114325128
2013-10-02,0.8869223698077083
2013-10-03,0.8909646298152492
2013-10-04,0.8901424874695532
2013-10-07,0.8913133703138845
2013-10-08,0.8943991204976538
2013-10-09,0.9103050373408831
2013-10-10,0.9110773888177113
2013-10-11,0.9126037657268207
2013-10-14,0.9121095004042002
2013-10-15,0.915164029800114
2013-10-16,0.9157458325530508
2013-10-17,0.913951878335284
2013-10-18,0.9051694517339004
2013-10-21,0.9014373163717867
2013-10-22,0.8990280098474029
2013-10-23,0.8974974996573087
2013-10-24,0.8940662251609437
2013-10-25,0.8954753928016911
2013-10-28,0.8909469460251542
2013-10-29,0.8850274579457365
2013-10-30,0.8887518713596292
2013-10-31,0.8891929744435653
2013-11-01,0.8904010930928373
2013-11-04,0.8852873247362555
2013-11-05,0.8811584100407162
2013-11-06,0.8822894527842174
2013-11-07,0.8837682977730718
2013-11-08,0.8828362076643238
2013-11-11,0.8803720426578797
2013-11-12,0.8787888252987472
2013-11-13,0.8768755380321298
2013-11-14,0.875037281638713
2013-11-15,0.8701338588293517
2013-11-18,0.866991354561534
2013-11-19,0.8651485563434346
2013-11-20,0.8688682208005548
2013-11-21,0.8657753493966115
2013-11-22,0.8686861200085091
2013-11-25,0.8648160760866067
2013-11-26,0.859921328004779
2013-11-27,0.8579636288673367
2013-11-29,0.8560827022450882
2013-12-02,0.8519225962746926
2013-12-03,0.852631514067842
2013-12-04,0.854096944888711
2013-12-05,0.8507990254813106
2013-12-06,0.8515520048742005
2013-12-09,0.8550205537026632
2013-12-10,0.8512942574790293
2013-12-11,0.8551650709112243
2013-12-12,0.8490801661696077
2013-12-13,0.8491162380845251
2013-12-16,0.8471901111008182
2013-12-17,0.8484767734105901
2013-12-18,0.8485365077866455
2013-12-19,0.8446723310106986
2013-12-20,0.8409596905789065
2013-12-23,0.8319024478111063
2013-12-24,0.8228082341714552
2013-12-26,0.8160314406745355
2013-12-27,0.8126576586872989
2013-12-30,0.8094161818760324
2013-12-31,0.8035567237632468
2014-01-02,0.8042015581254724
2014-01-03,0.8079583597676108
2014-01-06,0.8033325417375085
2014-01-07,0.7992802851987827
2014-01-08,0.7957790975439285
2014-01-09,0.7928073682284803
2014-01-10,0.7915208047685399
2014-01-13,0.7887160673266363
2014-01-14,0.7844526921373565
2014-01-15,0.7831016061711856
2014-01-16,0.7829799745566294
2014-01-17,0.7801180147700949
2014-01-21,0.7793290730144049
2014-01-22,0.7809240113275655
2014-01-23,0.7848093442166806
2014-01-24,0.7901109385611246
2014-01-27,0.7932438429312765
2014-01-28,0.7935087902673049
2014-01-29,0.8004300141783911
2014-01-30,0.801589621465513
2014-01-31,0.8038802245452968
2014-02-03,0.8037280588768538
2014-02-04,0.8110328408816831
2014-02-05,0.8172668471216172
2014-02-06,0.8212955982148872
2014-02-07,0.8212447904417544
2014-02-10,0.8259018574832542
2014-02-11,0.8264547258172442
2014-02-12,0.8273780699028425
2014-02-13,0.8259122632399859
2014-02-14,0.8260725666423394
2014-02-18,0.8234814855975418
2014-02-19,0.8264822116525401
2014-02-20,0.8277966347249895
2014-02-21,0.8223928451279312
2014-02-24,0.8207303806131104
2014-02-25,0.8210938950988709
2014-02-26,0.8222274678400916
2014-02-27,0.8248852141993037
2014-02-28,0.82469363717188
2014-03-03,0.8276468278710221
2014-03-04,0.8265626385427467
2014-03-05,0.8243444958547959
2014-03-06,0.8245662803310785
2014-03-07,0.8243872105141734
2014-03-10,0.8246073199057745
2014-03-11,0.8240344838310383
2014-03-12,0.8293664648572721
2014-03-13,0.8376266034903203
2014-03-14,0.8357588935495234
2014-03-17,0.8359252114495421
2014-03-18,0.832163438451521
2014-03-19,0.8316864408651868
2014-03-20,0.8288752078900815
2014-03-21,0.8316644154238038
2014-03-24,0.8382658108973801
2014-03-25,0.8348044065484632
2014-03-26,0.8420669788406804
2014-03-27,0.8419859208469282
2014-03-28,0.8466139239509702
2014-03-31,0.8510604367372067
2014-04-01,0.8565090470612378
2014-04-02,0.8488028099215814
2014-04-03,0.850026229140343
2014-04-04,0.8535546123113099
2014-04-07,0.8581210981030233
2014-04-08,0.8601555648440812
2014-04-09,0.850345542693333
2014-04-10,0.8573908155288885
2014-04-11,0.8688656855081478
2014-04-14,0.8642042860764557
2014-04-15,0.8667845101518888
2014-04-16,0.8684792352439716
2014-04-17,0.8677545593520511
2014-04-21,0.8635288903578531
2014-04-22,0.8582924632849962
2014-04-23,0.8642417784502905
2014-04-24,0.8613303361581223
2014-04-25,0.8722585582695684
2014-04-28,0.8733464579452717
2014-04-29,0.8743916948885944
2014-04-30,0.8702979029321789
2014-05-01,0.8679332792877797
2014-05-02,0.871151582060808
2014-05-05,0.871106421979992
2014-05-06,0.8718473466082276
2014-05-07,0.871382744780454
2014-05-08,0.8740736175341617
2014-05-09,0.8766589658661553
2014-05-12,0.8673782221066983
2014-05-13,0.8678731937887887
2014-05-14,0.8761918920715813
2014-05-15,0.8814392688530879
2014-05-16,0.8817749838000256
2014-05-19,0.8789602785529658
2014-05-20,0.880569679394026
2014-05-21,0.8801551821628877
2014-05-22,0.8797569397251275
2014-05-23,0.8750605891476715
2014-05-27,0.869764095455606
2014-05-28,0.8709498172024449
2014-05-29,0.8650302165278392
2014-05-30,0.866009423722826
2014-06-02,0.8606757208317348
2014-06-03,0.8641786337402942
2014-06-04,0.8597010402602827
2014-06-05,0.8553990386814482
2014-06-06,0.8579324097135483
2014-06-09,0.8568370210973308
2014-06-10,0.8506865496817493
2014-06-11,0.8463459006746219
2014-06-12,0.8445284143736563
2014-06-13,0.8416057314570423
2014-06-16,0.8364447223802955
2014-06-17,0.8354076744438134
2014-06-18,0.8328426676028795
2014-06-19,0.8268488375008057
2014-06-20,0.8250116281870488
2014-06-23,0.8244229368855959
2014-06-24,0.8254259589685137
2014-06-25,0.8271739605775916
2014-06-26,0.8312063542804312
2014-06-27,0.831551203132179
2014-06-30,0.8322746853622897
2014-07-01,0.8357148937794548
2014-07-02,0.8374515646116332
2014-07-03,0.844610326783726
2014-07-07,0.8507040394588741
2014-07-08,0.8526372143820555
2014-07-09,0.8521416373474652
2014-07-10,0.8602929456867804
2014-07-11,0.8614579282088675
2014-07-14,0.862185068279108
2014-07-15,0.8601385950132606
2014-07-16,0.8577802187382308
2014-07-17,0.8633574650622218
2014-07-18,0.8651865840793895
2014-07-21,0.8665518160762762
2014-07-22,0.8686478232889713
2014-07-23,0.8643871243364626
2014-07-24,0.8661758645585621
2014-07-25,0.8694630855562655
2014-07-28,0.8710527684756276
2014-07-29,0.8706193265746226
2014-07-30,0.8741244510226766
2014-07-31,0.8786685901982579
2014-08-01,0.8928384494061694
2014-08-04,0.9033153729588688
2014-08-05,0.9141657504898936
2014-08-06,0.9226298387059761
2014-08-07,0.9256639626782908
2014-08-08,0.932108513161495
2014-08-11,0.9245748459786913
2014-08-12,0.9306699500579584
2014-08-13,0.9310358343694111
2014-08-14,0.9306030565510028
2014-08-15,0.9337166621764537
2014-08-18,0.9316101264048281
2014-08-19,0.9303705136046387
2014-08-20,0.927610885620143
2014-08-21,0.9194692822624904
2014-08-22,0.91988225158553
2014-08-25,0.918710398582176
2014-08-26,0.9140550888338553
2014-08-27,0.9127195951540964
2014-08-28,0.9279070620107985
2014-08-29,0.9291656085986103
2014-09-02,0.9248846043398412
2014-09-03,0.9278303061304357
2014-09-04,0.9294840196155167
2014-09-05,0.9334258227678495
2014-09-08,0.931330692463228
2014-09-09,0.9297098809940818
2014-09-10,0.9301134150727453
2014-09-11,0.9332462223247945
2014-09-12,0.9315502920375477
2014-09-15,0.9287443982321537
2014-09-16,0.927225010066187
2014-09-17,0.9285103037890816
2014-09-18,0.9277844095228431
2014-09-19,0.9239497267964571
2014-09-22,0.9288928747652235
2014-09-23,0.9320735463430578
2014-09-24,0.9300314464864674
2014-09-25,0.9386576642713118
2014-09-26,0.94616128528028
2014-09-29,0.9439588819359553
2014-09-30,0.951254612056114
2014-10-01,0.9645387449166585
2014-10-02,0.9667136960963975
2014-10-03,0.9648817864455584
2014-10-06,0.9658668144280856
2014-10-07,0.9668132138622784
2014-10-08,0.9677224995931695
2014-10-09,0.9678118133346139
2014-10-10,0.976917232419531
2014-10-13,0.9986067527168043
2014-10-14,1.0006221741788905
2014-10-15,1.012362481073836
2014-10-16,1.012269834757215
2014-10-17,1.019631802021638
2014-10-20,1.014156045079613
2014-10-21,1.0147773766451182
2014-10-22,1.0196880677570745
2014-10-23,1.0118571631391502
2014-10-24,1.0074706077219286
2014-10-27,1.0060011721249902
2014-10-28,1.0057658320416574
2014-10-29,1.0067161915694356
2014-10-30,1.0048841840569087
2014-10-31,0.9956730395840887
2014-11-03,0.9895682145023598
2014-11-04,0.9856635786395221
2014-11-05,0.9819120657516978
2014-11-06,0.9790919847418272
2014-11-07,0.9779511225950889
2014-11-10,0.9807765687678305
2014-11-11,0.9811382719534057
2014-11-12,0.9744269671709193
2014-11-13,0.9734690468897067
2014-11-14,0.971372221521483
2014-11-17,0.9662203696971111
2014-11-18,0.962839178728597
2014-11-19,0.9615513677980638
2014-11-20,0.9614905298451986
2014-11-21,0.9531967835767594
2014-11-24,0.9467969097110042
2014-11-25,0.9480989916831217
2014-11-26,0.9438598155386856
2014-11-28,0.9495908031646195
2014-12-01,0.9511754775503207
2014-12-02,0.9581882039208964
2014-12-03,0.9512004312181163
2014-12-04,0.9554670809742687
2014-12-05,0.9583899405439052
2014-12-08,0.9615903350323796
2014-12-09,0.9650573807173842
2014-12-10,0.9648590520618006
2014-12-11,0.9658449715887888
2014-12-12,0.9722824236833462
2014-12-15,0.9753301717741953
2014-12-16,0.9755133022928544
2014-12-17,0.985885329653919
2014-12-18,0.9778113951576869
2014-12-19,0.973975654171111
2014-12-22,0.9651922951840086
2014-12-23,0.9610671071375769
2014-12-24,0.9582801617596328
2014-12-26,0.9493279985533727
2014-12-29,0.9454327829238287
2014-12-30,0.9471805169268158
2014-12-31,0.946898928027725
2015-01-02,0.9576087739874221
2015-01-05,0.9682907828506604
2015-01-06,0.9738480070525953
2015-01-07,0.9736971048152387
2015-01-08,0.9688462379597392
2015-01-09,0.9696757972554357
2015-01-12,0.9732179228532619
2015-01-13,0.9703466317609771
2015-01-14,0.9777840187507428
2015-01-15,0.9798317042899294
2015-01-16,0.9770932060824812
2015-01-20,0.9701483744714036
2015-01-21,0.9740641244921329
2015-01-22,0.974296903923814
2015-01-23,0.986285260632684
2015-01-26,0.9829015249215983
2015-01-27,0.9871014651207514
2015-01-28,0.9864308194297415
2015-01-29,0.9928452970991634
2015-01-30,0.9986160697619413
2015-02-02,1.0010232827124534
2015-02-03,0.9990223696649062
2015-02-04,0.9970999237956942
2015-02-05,0.9956450248233141
2015-02-06,0.9966001218890665
2015-02-09,0.9994785484816522
2015-02-10,0.9983225269725678
2015-02-11,0.9968196827775652
2015-02-12,0.9918463618843274
2015-02-13,0.9909896418104323
2015-02-17,0.9893822048766898
2015-02-18,0.9882299615481922
2015-02-19,0.9843778061933611
2015-02-20,0.9767551471269549
2015-02-23,0.9725686707690351
2015-02-24,0.9736444091702494
2015-02-25,0.9746779617518082
2015-02-26,0.9764552965850707
2015-02-27,0.9781629320131072
2015-03-02,0.9798036013459266
2015-03-03,0.9798113032539295
2015-03-04,0.9770736050871087
2015-03-05,0.9760118950836927
2015-03-06,0.9879329972372733
2015-03-09,0.9927199385220862
2015-03-10,0.996534842893769
2015-03-11,1.000984456897935
2015-03-12,1.0029066350588003
2015-03-13,1.0110279434878668
2015-03-16,1.0113797888412839
2015-03-17,1.0089727382984885
2015-03-18,1.0078365524828616
2015-03-19,1.003215511209024
2015-03-20,0.9956384323380818
2015-03-23,0.9911035918542355
2015-03-24,0.9930210980560301
2015-03-25,0.9964320353871662
2015-03-26,0.9953954849798264
2015-03-27,0.9983211522355195
2015-03-30,0.9956418913635384
2015-03-31,0.9989500524865369
2015-04-01,1.004481422977261
2015-04-02,1.0090115632526624
2015-04-06,1.0035601293996168
2015-04-07,1.003420516481985
2015-04-08,1.0013255942670052
2015-04-09,1.0028422376290835
2015-04-10,0.9968484243887273
2015-04-13,0.9926582900989733
2015-04-14,0.9960834551931312
2015-04-15,0.9876095942051654
2015-04-16,0.982605296393198
2015-04-17,0.9879933239856217
2015-04-20,0.9802288799077542
2015-04-21,0.9770826493231364
2015-04-22,0.9756284277810526
2015-04-23,0.9777606462994428
2015-04-24,0.9692210131112294
2015-04-27,0.9657221498519656
2015-04-28,0.9635369675048296
2015-04-29,0.9626139491713069
2015-04-30,0.9660408531253734
2015-05-01,0.9661961137871234
2015-05-04,0.9655609720699814
2015-05-05,0.9763232868907664
2015-05-06,0.9780360991695599
2015-05-07,0.9765444874374204
2015-05-08,0.9719741153810509
2015-05-11,0.955818267719049
2015-05-12,0.9599038258477138
2015-05-13,0.9559860287556466
2015-05-14,0.9494767727260135
2015-05-15,0.9447914090896993
2015-05-18,0.9457799812822602
2015-05-19,0.9490827271143284
2015-05-20,0.9451971299725901
2015-05-21,0.9446011640913121
2015-05-22,0.9424599419700842
2015-05-26,0.9502066109124339
2015-05-27,0.9549043908766522
2015-05-28,0.9598101010383522
2015-05-29,0.9676606853113581
2015-06-01,0.963046540789344
2015-06-02,0.9621427548760365
2015-06-03,0.9600979409593292
2015-06-04,0.9679372373922968
2015-06-05,0.9707632280827949
2015-06-08,0.9723019250207245
2015-06-09,0.9694665554120687
2015-06-10,0.9557619846115954
2015-06-11,0.9512222989405525
2015-06-12,0.9554880911389624
2015-06-15,0.9529199307021403
2015-06-16,0.94496228636088
2015-06-17,0.9412382751310415
2015-06-18,0.9392289310082557
2015-06-19,0.9388670121451869
2015-06-22,0.9369506587277285
2015-06-23,0.9382467113266412
2015-06-24,0.9367468402942238
2015-06-25,0.9423646112630778
2015-06-26,0.946977763762565
2015-06-29,0.963959027928739
2015-06-30,0.9692939680099649
2015-07-01,0.9763804790683976
2015-07-02,0.9773067347912056
2015-07-06,0.9840790197013544
2015-07-07,0.9941151365758111
2015-07-08,1.0119929743571519
2015-07-09,1.017797171441185
2015-07-10,1.017883556874864
2015-07-13,1.000319495820948
2015-07-14,0.9991304959848325
2015-07-15,0.9979881235932705
2015-07-16,0.9933611383543187
2015-07-17,0.9877391329286592
2015-07-20,0.9846905394804765
2015-07-21,0.9817614987165362
2015-07-22,0.9765943811198093
2015-07-23,0.978688719115111
2015-07-24,0.9956028869929499
2015-07-27,1.00440277377754
2015-07-28,1.0014850179431267
2015-07-29,0.9975052133179061
2015-07-30,0.9881912833838705
2015-07-31,0.9929680958001894
2015-08-03,0.9920673861609663
2015-08-04,0.9896333710173991
2015-08-05,0.9892555917618149
2015-08-06,1.0014416469868417
2015-08-07,1.0104047196540245
2015-08-10,0.9927417894715137
2015-08-11,0.9969479938059641
2015-08-12,0.9986363077743576
2015-08-13,0.997121158449873
2015-08-14,0.997626211059682
2015-08-17,0.9934055753318514
2015-08-18,0.9913112390443278
2015-08-19,0.9959657002582758
2015-08-20,1.009065084561873
2015-08-21,1.0357684145790544
2015-08-24,1.0453461238112485
2015-08-25,1.053371766014729
2015-08-26,1.0528473830337592
2015-08-27,1.0586180738951805
2015-08-28,1.0672997180561539
2015-08-31,1.0721114938186576
2015-09-01,1.0786953568061612
2015-09-02,1.087766127127488
2015-09-03,1.089030200573469
2015-09-04,1.104362349570588
2015-09-08,1.0975246103717415
2015-09-09,1.0948765864355947
2015-09-10,1.0986069163792969
2015-09-11,1.1029752725997166
2015-09-14,1.1001134972036493
2015-09-15,1.1028541443721336
2015-09-16,1.106663785769305
2015-09-17,1.0993436373077636
2015-09-18,1.100938004472165
2015-09-21,1.0969796513556096
2015-09-22,1.0994510375769582
2015-09-23,1.0975117812013913
2015-09-24,1.094864260369964
2015-09-25,1.1029087991789852
2015-09-28,1.11612806195628
2015-09-29,1.1260838242325042
2015-09-30,1.1148648507331904
2015-10-01,1.109183876194634
2015-10-02,1.1084315673242562
2015-10-05,1.1045715058605599
2015-10-06,1.0977255644542634
2015-10-07,1.0974226011423316
2015-10-08,1.0908570089406715
2015-10-09,1.0821959497665277
2015-10-12,1.0766196380109776
2015-10-13,1.0696933776968218
2015-10-14,1.065391676610672
2015-10-15,1.0671410226259397
2015-10-16,1.0594100021308048
2015-10-19,1.0527664726354793
2015-10-20,1.0503050423360487
2015-10-21,1.0467636681267918
2015-10-22,1.0414003870237802
2015-10-23,1.0307572345914753
2015-10-26,1.027590284215339
2015-10-27,1.0261161554225808
2015-10-28,1.0160723846216952
2015-10-29,1.0099518989502563
2015-10-30,1.007600844089462
2015-11-02,1.002596889419287
2015-11-03,1.0005342663048051
2015-11-04,1.000513314685009
2015-11-05,1.0028461258738322
2015-11-06,1.0043031405454466
2015-11-09,1.0080559585632722
2015-11-10,1.0077400386196145
2015-11-11,1.002730625340414
2015-11-12,1.0112509929741234
2015-11-13,1.017084287367295
2015-11-16,1.0117084329607344
2015-11-17,1.006543396374039
2015-11-18,1.007071106320155
2015-11-19,1.0048330237193646
2015-11-20,1.002290552200958
2015-11-23,1.003377197212685
2015-11-24,1.0055976992827758
2015-11-25,1.006946809114824
2015-11-27,1.0113802675809092
2015-11-30,1.017600649244403
2015-12-01,1.0196555257446225
2015-12-02,1.0204533482644413
2015-12-03,1.0243571385285808
2015-12-04,1.0194803879980483
2015-12-07,1.0191086080765563
2015-12-08,1.0214965057990444
2015-12-09,1.0179084075324152
2015-12-10,1.0270100386095753
2015-12-11,1.0290880763111607
2015-12-14,1.0244179556715074
2015-12-15,1.0187545064294874
2015-12-16,1.0082151140204878
2015-12-17,1.0071086389608608
2015-12-18,1.0080063393937682
2015-12-21,1.0014178554959734
2015-12-22,0.9982249984177
2015-12-23,0.9920200965189667
2015-12-24,0.989195779008419
2015-12-28,1.0017763366943633
2015-12-29,0.9946478529024274
2015-12-30,0.9948577410239009
2015-12-31,0.9966280256896303
2016-01-04,0.9998975148782723
2016-01-05,0.9999015339026538
2016-01-06,1.0010818659064713
2016-01-07,1.0159414005768057
2016-01-08,1.0286495809463427
2016-01-11,1.0326241071837412
2016-01-12,1.0321290441569277
2016-01-13,1.0387122188958717
2016-01-14,1.0379784063901514
2016-01-15,1.0568812139826944
2016-01-19,1.050729009512785
2016-01-20,1.055798460120127
2016-01-21,1.0575318538409064
2016-01-22,1.0595894282000866
2016-01-25,1.0584290584667497
2016-01-26,1.0514318404876615
2016-01-27,1.0474541212528514
2016-01-28,1.040495136105681
2016-01-29,1.0353776797878111
2016-02-01,1.0347746335216226
2016-02-02,1.034587392991363
2016-02-03,1.0273486716975841
2016-02-04,1.0239232335917965
2016-02-05,1.0218085969803534
2016-02-08,1.0272278676870061
2016-02-09,1.023022853267908
2016-02-10,1.0256494080417156
2016-02-11,1.0230749214518444
2016-02-12,1.019032767669419
2016-02-16,1.016325600309834
2016-02-17,1.0203912630427816
2016-02-18,1.0223367037077706
2016-02-19,1.0238136957192305
2016-02-22,1.020526884122398
2016-02-23,1.024427790627402
2016-02-24,1.0254306223675038
2016-02-25,1.0216882450197586
2016-02-26,1.0208377256072192
2016-02-29,1.0282558540147793
2016-03-01,1.0228340558181213
2016-03-02,1.0140954653938814
2016-03-03,1.0045230942019645
2016-03-04,0.9980712081548286
2016-03-07,0.9922644941095412
2016-03-08,0.991783533556226
2016-03-09,0.9889684930246093
2016-03-10,0.9890089442785462
2016-03-11,0.9898321229342895
2016-03-14,0.9867014514466702
2016-03-15,0.983301394527193
2016-03-16,0.9800346731731855
2016-03-17,0.9682686075585507
2016-03-18,0.9608855249091959
2016-03-21,0.958105700402953
2016-03-22,0.9624937121518569
2016-03-23,0.9655331744204115
2016-03-24,0.9692377558156896
2016-03-28,0.9618166673523293
2016-03-29,0.9621375823581204
2016-03-30,0.9687204222656451
2016-03-31,0.9758294253140511
2016-04-01,0.9752086635370295
2016-04-04,0.9750044022218519
2016-04-05,0.9810826609582499
2016-04-06,0.9814323605285147
2016-04-07,0.9829448169783769
2016-04-08,0.9836136476851072
2016-04-11,0.9791582105209853
2016-04-12,0.9772304375593781
2016-04-13,0.9628292439295986
2016-04-14,0.9587967245598104
2016-04-15,0.9525694020280531
2016-04-18,0.9536451117524432
2016-04-19,0.9405609897229356
2016-04-20,0.9381860489494872
2016-04-21,0.9472767921279387
2016-04-22,0.948560055181745
2016-04-25,0.9411655432138335
2016-04-26,0.9356296395583891
2016-04-27,0.9389382811443346
2016-04-28,0.9413328583543608
2016-04-29,0.94990804037968
2016-05-02,0.9550096858549867
2016-05-03,0.9606955805273402
2016-05-04,0.9657663420752877
2016-05-05,0.9749519757193941
2016-05-06,0.9833852315735355
2016-05-09,0.9895269871981027
2016-05-10,0.9926827916217066
2016-05-11,0.9902246429306594
2016-05-12,1.0015883824235747
2016-05-13,1.0074084458579444
2016-05-16,0.9980983107262603
2016-05-17,1.0064081808938579
2016-05-18,1.0069411934078243
2016-05-19,1.021178793666341
2016-05-20,1.0219168801892298
2016-05-23,1.021449551554358
2016-05-24,1.0210005495326184
2016-05-25,1.0190005279823198
2016-05-26,1.0155103111986994
2016-05-27,1.0109804950732604
2016-05-31,1.0078047893841129
2016-06-01,1.0090673466631674
2016-06-02,1.0051823526763766
2016-06-03,1.0002732408067148
2016-06-06,0.9900664470495888
2016-06-07,0.9845736452045069
2016-06-08,0.9796884042160948
2016-06-09,0.9781319962076206
2016-06-10,0.9825189767484982
2016-06-13,0.9800672521701258
2016-06-14,0.9820253991438463
2016-06-15,0.9893969521185975
2016-06-16,1.005106875564927
2016-06-17,1.009220331425126
2016-06-20,1.0084665929378662
2016-06-21,1.008526726548146
2016-06-22,1.0097609725658658
2016-06-23,1.0203585814848515
2016-06-24,1.02897197044623
2016-06-27,1.0392083637620642
2016-06-28,1.0431609769478656
2016-06-29,1.0481350562832434
2016-06-30,1.0552670148603713
2016-07-01,1.0499624260423177
2016-07-05,1.0574148799230112
2016-07-06,1.0555554728672067
2016-07-07,1.047886630793983
2016-07-08,1.0354204884099052
2016-07-11,1.0246196849428502
2016-07-12,1.015418912984307
2016-07-13,1.0105005242398244
2016-07-14,0.9951867781912038
2016-07-15,0.9894931790464507
2016-07-18,0.9867679563387468
2016-07-19,0.9841496051097764
2016-07-20,0.9765358951054716
2016-07-21,0.9754952717680021
2016-07-22,0.9693974179731785
2016-07-25,0.9670681074644264
2016-07-26,0.9652222993285666
2016-07-27,0.9634488758254857
2016-07-28,0.9609606846166431
2016-07-29,0.9703347754159903
2016-08-01,0.9852236077526182
2016-08-02,0.991685427056437
2016-08-03,0.9896585475640277
2016-08-04,0.9873189966791639
2016-08-05,0.9846790360250791
2016-08-08,0.9844955444162525
2016-08-09,0.9815741505175759
2016-08-10,0.9771986936345338
2016-08-11,0.9761320781978854
2016-08-12,0.9676563104254193
2016-08-15,0.9602972394283441
2016-08-16,0.9630306810193895
2016-08-17,0.9605588896068644
2016-08-18,0.9566154037399286
2016-08-19,0.9520422506520883
2016-08-22,0.9500013780774965
2016-08-23,0.9464719122705358
2016-08-24,0.9458259549265933
2016-08-25,0.9538327802235896
2016-08-26,0.9572118868814881
2016-08-29,0.9561447540626062
2016-08-30,0.9566880970405434
2016-08-31,0.9662297402938553
2016-09-01,0.9679462210666453
2016-09-02,0.9676346045542278
2016-09-06,0.9638057965324933
2016-09-07,0.9609114515704348
2016-09-08,0.9612678652343394
2016-09-09,0.9698455960094633
2016-09-12,0.971028121656151
2016-09-13,0.9713799600225765
2016-09-14,0.976031726296201
2016-09-15,0.9706971487943893
2016-09-16,0.9718462802142172
2016-09-19,0.9647150535391499
2016-09-20,0.9653144632042813
2016-09-21,0.9666746803335251
2016-09-22,0.9668050850263281
2016-09-23,0.9700676307115701
2016-09-26,0.9771238020562144
2016-09-27,0.9776287509951864
2016-09-28,0.9745844862502772
2016-09-29,0.9771498005149722
2016-09-30,0.9784380436320321
2016-10-03,0.9816365517248937
2016-10-04,0.9784351183239175
2016-10-05,0.9702611921151364
2016-10-06,0.9714274198753271
2016-10-07,0.9796067367429614
2016-10-10,0.9776613745177473
2016-10-11,0.9832432813994043
2016-10-12,0.9862533487955062
2016-10-13,0.9856159625682315
2016-10-14,0.983827101291046
2016-10-17,0.9832848620247305
2016-10-18,0.9827638870433686
2016-10-19,0.9814790287279423
2016-10-20,0.9818131844641015
2016-10-21,0.9813499223282545
2016-10-24,0.9793361998840092
2016-10-25,0.9789700743983619
2016-10-26,0.9758732087356811
2016-10-27,0.9705448476087917
2016-10-28,0.9760136771143293
2016-10-31,0.9793072584039635
2016-11-01,0.9969814835645924
2016-11-02,1.0092567195032358
2016-11-03,1.0163446912874228
2016-11-04,1.0302135269232102
2016-11-07,1.0376561337105352
2016-11-08,1.0550029519963966
2016-11-09,1.0555910715259498
2016-11-10,1.0490973040151284
2016-11-11,1.0499170175831627
2016-11-14,1.0444300757171563
2016-11-15,1.0391583080419737
2016-11-16,1.0384070018442493
2016-11-17,1.0318028056934945
2016-11-18,1.0282026956662986
2016-11-21,1.020822197797032
2016-11-22,1.020005641020678
2016-11-23,1.0176524786277101
2016-11-25,1.0091170873089763
2016-11-28,1.0056222995713695
2016-11-29,1.003833189784257
2016-11-30,0.9997612999887959
2016-12-01,0.9978098764598236
2016-12-02,0.9947585087555169
2016-12-05,0.9894738613533397
2016-12-06,0.9832199844375226
2016-12-07,0.9776035144595806
2016-12-08,0.9686778864415578
2016-12-09,0.9628473810909085
2016-12-12,0.9564612092834219
2016-12-13,0.9424823383311309
2016-12-14,0.9408163642789298
2016-12-15,0.9372549382287757
2016-12-16,0.9361861171217649
2016-12-19,0.9453552889993428
2016-12-20,0.9451452776660353
2016-12-21,0.9441591883457987
2016-12-22,0.9420352986067478
2016-12-23,0.9388182280731499
2016-12-27,0.9420018269722421
2016-12-28,0.9407468533654875
2016-12-29,0.9407175649982135
2016-12-30,0.9465717781355384
2017-01-03,0.9478826887968899
2017-01-04,0.9448284657068158
2017-01-05,0.9532665650908623
2017-01-06,0.9539227782245541
2017-01-09,0.955729728098101
2017-01-10,0.953152091702097
2017-01-11,0.948714754772603
2017-01-12,0.9534710388991676
2017-01-13,0.9521584491384161
2017-01-17,0.9520738040741644
2017-01-18,0.9566983607771384
2017-01-19,0.9560435230996036
2017-01-20,0.9577673065074623
2017-01-23,0.9574627062522677
2017-01-24,0.9497190707129631
2017-01-25,0.9407104797046116
2017-01-26,0.9379375197161954
2017-01-27,0.940371342472423
2017-01-30,0.9466312898264456
2017-01-31,0.9499006510097223
2017-02-01,0.9483359195975763
2017-02-02,0.9448717658878675
2017-02-03,0.9376218927157942
2017-02-06,0.9420288773151748
2017-02-07,0.948223823302815
2017-02-08,0.9490777910164301
2017-02-09,0.9483296423491192
2017-02-10,0.9495716171589577
2017-02-13,0.9382158674664496
2017-02-14,0.9288740687422752
2017-02-15,0.925388811144539
2017-02-16,0.9240010146290669
2017-02-17,0.9242362689573389
2017-02-21,0.9201485721354824
2017-02-22,0.9189662751889929
2017-02-23,0.9154774016521697
2017-02-24,0.912125346685418
2017-02-27,0.9089047448546174
2017-02-28,0.919928088193652
2017-03-01,0.9179701239507638
2017-03-02,0.9219712955605378
2017-03-03,0.9226783035777717
2017-03-06,0.9217889583394278
2017-03-07,0.9185815482084698
2017-03-08,0.9209901149453926
2017-03-09,0.9287944241632204
2017-03-10,0.9268809173332903
2017-03-13,0.9273953911633573
2017-03-14,0.927497532686363
2017-03-15,0.9189682176790547
2017-03-16,0.9186165228681114
2017-03-17,0.9202394043242639
2017-03-20,0.9257202119978223
2017-03-21,0.9290253017233978
2017-03-22,0.931416466361696
2017-03-23,0.9392040559161393
2017-03-24,0.9498235047037418
2017-03-27,0.9553206221663402
2017-03-28,0.9519747154147191
2017-03-29,0.947191393241593
2017-03-30,0.946909377820354
2017-03-31,0.9564423433960264
2017-04-03,0.9573661730667705
2017-04-04,0.963743970201407
2017-04-05,0.9620285203895872
2017-04-06,0.9595960293939171
2017-04-07,0.9592197145157243
2017-04-10,0.9627797257111861
2017-04-11,0.9607099325460415
2017-04-12,0.9602899351912948
2017-04-13,0.9610628789092833
2017-04-17,0.956707471893233
2017-04-18,0.94467972789742
2017-04-19,0.9366530719014429
2017-04-20,0.9352156965327588
2017-04-21,0.9393248849040232
2017-04-24,0.9436650854960223
2017-04-25,0.9392076311628451
2017-04-26,0.9333563515094002
2017-04-27,0.9328325730188356
2017-04-28,0.9338979623122146
2017-05-01,0.9306078461431081
2017-05-02,0.923525185510045
2017-05-03,0.9300536096076903
2017-05-04,0.9292671935446436
2017-05-05,0.9320410290919124
2017-05-08,0.9288237338334061
2017-05-09,0.9214188815262138
2017-05-10,0.9221475528389113
2017-05-11,0.9216711782177774
2017-05-12,0.9188605437778646
2017-05-15,0.9122385616689288
2017-05-16,0.9074448925838728
2017-05-17,0.9146039164041131
2017-05-18,0.9230508216431675
2017-05-19,0.9256762796179453
2017-05-22,0.923100739240771
2017-05-23,0.9221948278979957
2017-05-24,0.9225009130784665
2017-05-25,0.9200498968793109
2017-05-26,0.9196557832762007
2017-05-30,0.9204535956967419
2017-05-31,0.9239652193949088
2017-06-01,0.9269469754970693
2017-06-02,0.9227529764579685
2017-06-05,0.91558619306746
2017-06-06,0.9098769305942263
2017-06-07,0.909489599982688
2017-06-08,0.9012743215519944
2017-06-09,0.9074988579617201
2017-06-12,0.9095577262769468
2017-06-13,0.9119280115209881
2017-06-14,0.9091073051868318
2017-06-15,0.9118874108657796
2017-06-16,0.9188722182828079
2017-06-19,0.9142105626638742
2017-06-20,0.9109081876574479
2017-06-21,0.9100882587297049
2017-06-22,0.9057710721128538
2017-06-23,0.9078976967358792
2017-06-26,0.9040585713736878
2017-06-27,0.8988013724962883
2017-06-28,0.9008091618101594
2017-06-29,0.9039146848764277
2017-06-30,0.9127807756655874
2017-07-03,0.9146325099532113
2017-07-05,0.9148429997589678
2017-07-06,0.9228883723174397
2017-07-07,0.9231672596775402
2017-07-10,0.9226508965529308
2017-07-11,0.9280371359037963
2017-07-12,0.9194866599860004
2017-07-13,0.9175460066532162
2017-07-14,0.9145049867844627
2017-07-17,0.9174655755380132
2017-07-18,0.9156041804188755
2017-07-19,0.9098942125593117
2017-07-20,0.903231694419731
2017-07-21,0.8968304515013101
2017-07-24,0.8938174926189058
2017-07-25,0.8901383752613017
2017-07-26,0.8842505958392899
2017-07-27,0.8864368469828472
2017-07-28,0.8842236372972454
2017-07-31,0.8856266319130398
2017-08-01,0.885405979681156
2017-08-02,0.8887233922426794
2017-08-03,0.8934793376449273
2017-08-04,0.8976566185215967
2017-08-07,0.8989249864227107
2017-08-08,0.9001436144061339
2017-08-09,0.90641249227256
2017-08-10,0.9073374925755969
2017-08-11,0.9097948458079266
2017-08-14,0.9074499498938903
2017-08-15,0.9091185793098161
2017-08-16,0.9111139291408037
2017-08-17,0.9173447554490075
2017-08-18,0.9248998630784583
2017-08-21,0.9274528096244011
2017-08-22,0.931082111207758
2017-08-23,0.9314318323368656
2017-08-24,0.9376501918530669
2017-08-25,0.9400952823686328
2017-08-28,0.939699388942412
2017-08-29,0.9330445109446703
2017-08-30,0.929003549731154
2017-08-31,0.9341406654279715
2017-09-01,0.9300567177641296
2017-09-05,0.9394662582439677
2017-09-06,0.9398793461559689
2017-09-07,0.9473350580714212
2017-09-08,0.9529297616764635
2017-09-11,0.9520305553362101
2017-09-12,0.9476372002249862
2017-09-13,0.9422396629612613
2017-09-14,0.9362694801000354
2017-09-15,0.9419059710765046
2017-09-18,0.94104691338723
2017-09-19,0.933947034430868
2017-09-20,0.931831464453187
2017-09-21,0.9282302305530621
2017-09-22,0.930260417590197
2017-09-25,0.9212305972925422
2017-09-26,0.9219666523006779
2017-09-27,0.9183601169163377
2017-09-28,0.9109734456647167
2017-09-29,0.9164254674033553
2017-10-02,0.9169578020149884
2017-10-03,0.9092339666418516
2017-10-04,0.9061267522637398
2017-10-05,0.9035335462926128
2017-10-06,0.9022185052615299
2017-10-09,0.9052687599571563
2017-10-10,0.8983954752529542
2017-10-11,0.898458397792054
2017-10-12,0.9044012057217774
2017-10-13,0.9022678251052372
2017-10-16,0.9127671260815025
2017-10-17,0.9091291995685024
2017-10-18,0.9107319760560121
2017-10-19,0.9130562122891097
2017-10-20,0.9090147921993407
2017-10-23,0.9117985258385822
2017-10-24,0.9066299561978536
2017-10-25,0.9165660363469574
2017-10-26,0.9147399172745279
2017-10-27,0.9133775675774876
2017-10-30,0.9144215845352331
2017-10-31,0.9126795616122829
2017-11-01,0.9141431082157228
2017-11-02,0.9124120059327532
2017-11-03,0.9134938880530374
2017-11-06,0.9137490296980164
2017-11-07,0.9179157344157414
2017-11-08,0.919958254634732
2017-11-09,0.9270187152372915
2017-11-10,0.9369395499338683
2017-11-13,0.9354909401325402
2017-11-14,0.9340991385587151
2017-11-15,0.9382521135171968
2017-11-16,0.938712814947895
2017-11-17,0.9332730967146443
2017-11-20,0.9327525831179917
2017-11-21,0.9295073837800313
2017-11-22,0.9295267020631673
2017-11-24,0.9271923215901019
2017-11-27,0.9190671325081371
2017-11-28,0.9096919508411513
2017-11-29,0.9018608939454199
2017-11-30,0.8998271333985407
2017-12-01,0.8951280301280098
2017-12-04,0.8929661465935781
2017-12-05,0.8904968859428496
2017-12-06,0.8873401453176398
2017-12-07,0.8854836690306735
2017-12-08,0.887621564362804
2017-12-11,0.8849697383093608
2017-12-12,0.8835983760227192
2017-12-13,0.8783592240218283
2017-12-14,0.8752863132758743
2017-12-15,0.8790005755003498
2017-12-18,0.8715887882258264
2017-12-19,0.8715264828052058
2017-12-20,0.8687215226951978
2017-12-21,0.8675951884718567
2017-12-22,0.8708267497082545
2017-12-26,0.8755002105040092
2017-12-27,0.8784217708764009
2017-12-28,0.8882875837832088
2017-12-29,0.8969821883407301
2018-01-02,0.8963162201705054
2018-01-03,0.8944998978108777
2018-01-04,0.8915783331908432
2018-01-05,0.8926929083598298
2018-01-08,0.8831755394045424
2018-01-09,0.8803059104082859
2018-01-10,0.8740194041177648
2018-01-11,0.8679794274856956
2018-01-12,0.8629606264078252
2018-01-16,0.8561778567447733
2018-01-17,0.8535826466763509
2018-01-18,0.8526578370027685
2018-01-19,0.8529457649634443
2018-01-22,0.8543988722197798
2018-01-23,0.8459910733092003
2018-01-24,0.8457561292578591
2018-01-25,0.8439617712477471
2018-01-26,0.8418456233556786
2018-01-29,0.8378516773417305
2018-01-30,0.8422496507793097
2018-01-31,0.8445143703565917
2018-02-01,0.8470824342641763
2018-02-02,0.8491576329204831
2018-02-05,0.8519357649628172
2018-02-06,0.8573500486897656
2018-02-07,0.8594147526627159
2018-02-08,0.8704180956955506
2018-02-09,0.8876566017467056
2018-02-12,0.8897092840311486
2018-02-13,0.8924657826965937
2018-02-14,0.9033494774928058
2018-02-15,0.9040024391597546
2018-02-16,0.9050219513495682
2018-02-20,0.9032563846299773
2018-02-21,0.9094031930758606
2018-02-22,0.9176618913866113
2018-02-23,0.9212829936851755
2018-02-26,0.9216248370700707
2018-02-27,0.9262670003222248
2018-02-28,0.9322957454076277
2018-03-01,0.9463233632347795
2018-03-02,0.9547028391863568
2018-03-05,0.9564791984339507
2018-03-06,0.9554407984953645
2018-03-07,0.9591490024759384
2018-03-08,0.9568294337513917
2018-03-09,0.9510714167415333
2018-03-12,0.9478921454967673
2018-03-13,0.9448375515557177
2018-03-14,0.948961569141768
2018-03-15,0.9466493507440517
2018-03-16,0.9471729056168339
2018-03-19,0.9500288701024483
2018-03-20,0.945714012451372
2018-03-21,0.9541173845121026
2018-03-22,0.9645441537469222
2018-03-23,0.9871110496784155
2018-03-26,0.9946753222400463
2018-03-27,0.9976292311718092
2018-03-28,1.0110555358317384
2018-03-29,1.008661201093239
2018-04-02,1.0193019383052688
2018-04-03,1.02011362699918
2018-04-04,1.0185405435874475
2018-04-05,1.0119311105055868
2018-04-06,1.0126396944073286
2018-04-09,1.0113597063913549
2018-04-10,1.0050318747681646
2018-04-11,1.0056188600713738
2018-04-12,1.0050063557548494
2018-04-13,1.0040257143526985
2018-04-16,1.0015149020251417
2018-04-17,0.9998868666516068
2018-04-18,0.9983226758025241
2018-04-19,0.9972119826337977
2018-04-20,0.9965370029226684
2018-04-23,0.993927708690407
2018-04-24,0.9957344652123519
2018-04-25,0.9943331136353969
2018-04-26,0.9874965209438127
2018-04-27,0.9832809711028789
2018-04-30,0.9807993643929622
2018-05-01,0.9858660559853951
2018-05-02,0.9836752302604778
2018-05-03,0.9850997310345767
2018-05-04,0.9841154278567501
2018-05-07,0.981993254215309
2018-05-08,0.9760327344421598
2018-05-09,0.9706981174052124
2018-05-10,0.9643962304481453
2018-05-11,0.9650081429795906
2018-05-14,0.9616744903137243
2018-05-15,0.9674911769680882
2018-05-16,0.9644523072830652
2018-05-17,0.9591796677817686
2018-05-18,0.9619569357118953
2018-05-21,0.9563899970565268
2018-05-22,0.9514335265837219
2018-05-23,0.9529459373059289
2018-05-24,0.9496931554507946
2018-05-25,0.948528717982136
2018-05-29,0.9540766113946013
2018-05-30,0.9550932148693229
2018-05-31,0.9619523044822906
2018-06-01,0.9579541748947498
2018-06-04,0.9521520503890734
2018-06-05,0.9450088327267567
2018-06-06,0.9404986824237467
2018-06-07,0.9396948125247763
2018-06-08,0.9400989375238047
2018-06-11,0.9322519203660085
2018-06-12,0.9239283156457728
2018-06-13,0.9167154405224093
2018-06-14,0.9172364036391776
2018-06-15,0.9177369368297981
2018-06-18,0.9221394098952962
2018-06-19,0.918918256566069
2018-06-20,0.9177842072889683
2018-06-21,0.9221848266109696
2018-06-22,0.919746205959559
2018-06-25,0.9268149821964391
2018-06-26,0.9261555711299121
2018-06-27,0.9321886859875627
2018-06-28,0.9473969728115799
2018-06-29,0.9588716013287728
2018-07-02,0.9628374208845073
2018-07-03,0.9670398749674679
2018-07-05,0.9648030171256065
2018-07-06,0.9661832909638179
2018-07-09,0.9643721815142565
2018-07-10,0.9649850371411485
2018-07-11,0.9671424866650251
2018-07-12,0.9652937616977693
2018-07-13,0.9658704769253078
2018-07-16,0.9668167327321585
2018-07-17,0.9661572530171719
2018-07-18,0.9616020666243417
2018-07-19,0.9591862993057401
2018-07-20,0.9600025228623777
2018-07-23,0.9556886984364021
2018-07-24,0.9538969847722295
2018-07-25,0.9486461226242989
2018-07-26,0.9404639217370716
2018-07-27,0.9447594542179707
2018-07-30,0.9516316324839327
2018-07-31,0.9535284312100529
2018-08-01,0.9561351593978941
2018-08-02,0.9566788786371924
2018-08-03,0.9544561775141652
2018-08-06,0.9523206411410607
2018-08-07,0.951053165017882
2018-08-08,0.9510118644289454
2018-08-09,0.9470506148434965
2018-08-10,0.9569701985751242
2018-08-13,0.9617948966702174
2018-08-14,0.9597637242517776
2018-08-15,0.9676161272222962
2018-08-16,0.9665331418410297
2018-08-17,0.9694141951021658
2018-08-20,0.9623783443138456
2018-08-21,0.9564027229682046
2018-08-22,0.956543792655726
2018-08-23,0.9594244282378545
2018-08-24,0.9578783722285269
2018-08-27,0.9493341223372121
2018-08-28,0.9438700391083019
2018-08-29,0.9401888611040548
2018-08-30,0.9354755724333075
2018-08-31,0.9391824127300406
2018-09-04,0.9356850632112155
2018-09-05,0.9378150607323443
2018-09-06,0.9422144701153896
2018-09-07,0.9511472359932175
2018-09-10,0.9589453836013265
2018-09-11,0.9558494862051962
2018-09-12,0.9505220553736198
2018-09-13,0.9461878571236739
2018-09-14,0.9416314705698045
2018-09-17,0.9407831776062828
2018-09-18,0.9364387392687816
2018-09-19,0.9369705534151039
2018-09-20,0.9351285709282372
2018-09-21,0.9368882348134044
2018-09-24,0.9385788922717023
2018-09-25,0.936281680810067
2018-09-26,0.9336823992096723
2018-09-27,0.9339301482602734
2018-09-28,0.9388740640147726
2018-10-01,0.9416633164063501
2018-10-02,0.9361078922335522
2018-10-03,0.933123269008707
2018-10-04,0.9384909839495421
2018-10-05,0.9479619257554425
2018-10-08,0.9566693012160133
2018-10-09,0.9560156031291109
2018-10-10,0.9663679324181654
2018-10-11,0.9747456605586295
2018-10-12,0.9820105366151539
2018-10-15,0.9811473783165204
2018-10-16,0.9830631674021472
2018-10-17,0.9903940235824552
2018-10-18,1.002535434422359
2018-10-19,1.0079262016999135
2018-10-22,1.010360468299917
2018-10-23,1.011522802876391
2018-10-24,1.0224434772733952
2018-10-25,1.022739811497968
2018-10-26,1.0343970737921655
2018-10-29,1.0436364042316884
2018-10-30,1.0489839962226026
2018-10-31,1.0517689375472066
2018-11-01,1.0438564301924143
2018-11-02,1.0393914721456528
2018-11-05,1.0386310222575879
2018-11-06,1.041821962561212
2018-11-07,1.0386132581470469
2018-11-08,1.0359225421412803
2018-11-09,1.038827540488681
2018-11-12,1.0447558722342232
2018-11-13,1.0422164262642535
2018-11-14,1.0491883311166357
2018-11-15,1.0413770240140225
2018-11-16,1.0374014544448453
2018-11-19,1.0347582601528906
2018-11-20,1.0302579362253264
2018-11-21,1.0322086053929607
2018-11-23,1.035651405181472
2018-11-26,1.0326846834096497
2018-11-27,1.0282656762171145
2018-11-28,1.0208827085223258
2018-11-29,1.015750053286156
2018-11-30,1.005720639431797
2018-12-03,0.9960845359246677
2018-12-04,0.9942772992217396
2018-12-06,0.9976389737620636
2018-12-07,1.004398229692963
2018-12-10,1.0069708481363762
2018-12-11,1.0055210109545576
2018-12-12,1.0053045007210455
2018-12-13,1.0113709908888477
2018-12-14,1.0164152657559518
2018-12-17,1.0302813337655223
2018-12-18,1.0326232422453059
2018-12-19,1.0423242915690194
2018-12-20,1.0728213781741558
2018-12-21,1.08682838295164
2018-12-24,1.0959723679339288
2018-12-26,1.0945616868384807
2018-12-27,1.089284757942854
2018-12-28,1.0771559439058793
2018-12-31,1.0733459068899625
2019-01-02,1.0716460674040815
2019-01-03,1.0809932804470586
2019-01-04,1.0742876616059975
2019-01-07,1.0662763807587037
2019-01-08,1.062500836415225
2019-01-09,1.0573047251832555
2019-01-10,1.0601555202741082
2019-01-11,1.0609337351653196
2019-01-14,1.0601128043745227
2019-01-15,1.0589319100853256
2019-01-16,1.0597581096898225
2019-01-17,1.049571517152967
2019-01-18,1.0413530262842232
2019-01-22,1.036986240939744
2019-01-23,1.0418103099224991
2019-01-24,1.0393863762000481
2019-01-25,1.0280378908588699
2019-01-28,1.0265462088644044
2019-01-29,1.0211914555756043
2019-01-30,1.0160466926118552
2019-01-31,1.0091429007447237
2019-02-01,1.013882394833166
2019-02-04,1.007063477388728
2019-02-05,1.0001198116087777
2019-02-06,0.9989386425260807
2019-02-07,0.9985881075250579
2019-02-08,1.000212103308389
2019-02-11,0.9951057463159032
2019-02-12,0.9866702268525346
2019-02-13,0.987585119917141
2019-02-14,0.9849347230576454
2019-02-15,0.9776823809769535
2019-02-19,0.9730673856445239
2019-02-20,0.9658882724819936
2019-02-21,0.9644808892474057
2019-02-22,0.957638501433782
2019-02-25,0.9506722856912808
2019-02-26,0.9467243529190738
2019-02-27,0.9460684959418553
2019-02-28,0.9466148294343315
2019-03-01,0.9451789537702401
2019-03-04,0.9473287987204267
2019-03-05,0.945080610535312
2019-03-06,0.9495872532594175
2019-03-07,0.9562701060727737
2019-03-08,0.9568085332856062
2019-03-11,0.951443492764602
2019-03-12,0.9537398263816764
2019-03-13,0.9496715978961205
2019-03-14,0.9481158489590178
2019-03-15,0.9442681686076838
2019-03-18,0.939002750230912
2019-03-19,0.939826171790484
2019-03-20,0.9378722042692886
2019-03-21,0.9312889805724538
2019-03-22,0.9296698048637302
2019-03-25,0.9269376556533878
2019-03-26,0.9250969632748236
2019-03-27,0.9292108078522815
2019-03-28,0.9268888153874861
2019-03-29,0.9250500383134671
2019-04-01,0.9217147426933312
2019-04-02,0.9181180861171222
2019-04-03,0.9158389454850782
2019-04-04,0.9116883986033104
2019-04-05,0.9080927751286708
2019-04-08,0.9022852153197033
2019-04-09,0.9006269715816757
2019-04-10,0.9002102275980807
2019-04-11,0.903731395143254
2019-04-12,0.8973105561180283
2019-04-15,0.8978081813683018
2019-04-16,0.8986784487656233
2019-04-17,0.8952008625395205
2019-04-18,0.8946047502830687
2019-04-22,0.8932477012523602
2019-04-23,0.8899830855169735
2019-04-24,0.8891994351045431
2019-04-25,0.8876622023553454
2019-04-26,0.8865774101061162
2019-04-29,0.8855351587294058
2019-04-30,0.8915926034851154
2019-05-01,0.8930987758974639
2019-05-02,0.8945458827250143
2019-05-03,0.8896617304612883
2019-05-06,0.8959495057373161
2019-05-07,0.8949318780613429
2019-05-08,0.9068953338236432
2019-05-09,0.9215268893599708
2019-05-10,0.9340160309536975
2019-05-13,0.9401330493476701
2019-05-14,0.9432650866281537
2019-05-15,0.951372338132932
2019-05-16,0.9540636189904641
2019-05-17,0.9593944574614263
2019-05-20,0.9551044787374487
2019-05-21,0.9568650874144116
2019-05-22,0.9562037114373758
2019-05-23,0.9661565070672827
2019-05-24,0.9659150754175854
2019-05-28,0.9699968371659154
2019-05-29,0.9872518631594089
2019-05-30,0.9916733587217851
2019-05-31,0.9994508740660288
2019-06-03,1.004570447632067
2019-06-04,1.0028225869406133
2019-06-05,1.0023197403939226
2019-06-06,0.9963464172412198
2019-06-07,0.988254400878819
2019-06-10,0.9800875616286693
2019-06-11,0.9800841278393098
2019-06-12,0.9808651424338466
2019-06-13,0.9776939603776174
2019-06-14,0.9773922364412403
2019-06-17,0.9782788154043289
2019-06-18,0.9756012148002375
2019-06-19,0.9706756769649342
2019-06-20,0.9624138857114074
2019-06-21,0.9544760862717444
2019-06-24,0.9472417299473622
2019-06-25,0.9485263679886422
2019-06-26,0.9470155300283033
2019-06-27,0.9447796268899386
2019-06-28,0.9414549356393527
2019-07-01,0.9390449381632997
2019-07-02,0.9371216072549351
2019-07-03,0.9305678187351337
2019-07-05,0.9293690807455206
2019-07-08,0.9297859795398139
2019-07-09,0.930186529361782
2019-07-10,0.9278262733083789
2019-07-11,0.9259507331786385
2019-07-12,0.9249330573677115
2019-07-15,0.9263082315885856
2019-07-16,0.9252765362321704
2019-07-17,0.9278147112818893
2019-07-18,0.928292565741423
2019-07-19,0.9346340337515633
2019-07-22,0.9368052481142471
2019-07-23,0.9294795521097668
2019-07-24,0.9216568245760506
2019-07-25,0.9157094981220878
2019-07-26,0.9115640276074961
2019-07-29,0.9075811245640649
2019-07-30,0.9123818647772389
2019-07-31,0.9154257132173472
2019-08-01,0.9210952930911768
2019-08-02,0.9292876345385817
2019-08-05,0.9414724331841274
2019-08-06,0.9476892005102401
2019-08-07,0.9599366828431719
2019-08-08,0.9634685776336357
2019-08-09,0.9645090255695715
2019-08-12,0.9721753382923335
2019-08-13,0.9705214034573401
2019-08-14,0.9822656621452875
2019-08-15,0.9896277930415508
2019-08-16,0.9939561148830586
2019-08-19,0.9918401888092132
2019-08-20,0.9858856716010088
2019-08-21,0.9974195668323418
2019-08-22,0.9947756622506814
2019-08-23,1.0024315186330077
2019-08-26,1.005865576725831
2019-08-27,1.0036747697954065
2019-08-28,1.0105894847053907
2019-08-29,1.0105663676581205
2019-08-30,1.019955921867606
2019-09-03,1.0234870621865233
2019-09-04,1.0225660009243067
2019-09-05,1.014622236182177
2019-09-06,1.0109115602534642
2019-09-09,1.0096993422043088
2019-09-10,1.003044466039434
2019-09-11,0.9942976242339661
2019-09-12,0.9882467370091047
2019-09-13,0.9855703943812968
2019-09-16,0.9935872416604616
2019-09-17,0.9871720557129926
2019-09-18,0.9888515829399341
2019-09-19,0.9939946581187603
2019-09-20,0.9961909460356717
2019-09-23,0.9975167912891748
2019-09-24,1.0034965249641092
2019-09-25,1.0053201906517912
2019-09-26,1.0066801831752505
2019-09-27,1.0087711563840642
2019-09-30,1.0150938561337088
2019-10-01,1.0180313519716027
2019-10-02,1.0279124754236966
2019-10-03,1.0413276724659046
2019-10-04,1.0416677637417515
2020-07-14,1.0246295945325277
2020-07-15,1.0082342453631028
2020-07-16,0.9920002753073336
2020-07-17,0.976406615313244
2020-07-20,0.9614956056797062
2020-07-21,0.9460074053676014
2020-07-22,0.9310740716813103
2020-07-23,0.9174291479271643
2020-07-24,0.9056200157596294
2020-07-27,0.8946523015965274
2020-07-28,0.8848715602344029
2020-07-29,0.8760567305241178
2020-07-30,0.8679333841158017
2020-07-31,0.8596048639236304
2020-08-03,0.8508806650744523
2020-08-04,0.8416948246461688
2020-08-05,0.832254036199676
2020-08-06,0.8215446785543177
2020-08-07,0.810635753944883
2020-08-10,0.799951609836622
2020-08-11,0.7899601508854122
2020-08-12,0.7811755665468483
2020-08-13,0.7735886232327385
2020-08-14,0.7669485200045768
2020-08-17,0.7608750247368177
2020-08-18,0.7556916765844801
2020-08-19,0.7505868056558643
2020-08-20,0.7458870544512807
2020-08-21,0.7408591843988973
2020-08-24,0.7359153395066341
2020-08-25,0.7301632950432401
2020-08-26,0.7238865666170835
2020-08-27,0.7169300830510743
2020-08-28,0.7092529278777859
2020-08-31,0.7019015321035468
2020-09-01,0.6944720905960501
2020-09-02,0.6870290874651102
2020-09-03,0.6815037907901246
2020-09-04,0.6783386728609009
2020-09-08,0.6763745594874323
2020-09-09,0.675651540017496
2020-09-10,0.6765614270849943
2020-09-11,0.6781587658077364
2020-09-14,0.6782530359765021
2020-09-15,0.6776466826065723
2020-09-16,0.6769267507708894
2020-09-17,0.6762036022724771
2020-09-18,0.6749172028549537
2020-09-21,0.6747744540500253
2020-09-22,0.6750455756445556
2020-09-23,0.6761812014816626
2020-09-24,0.6781396507098237
2020-09-25,0.6800046902152396
2020-09-28,0.6806513654074449
2020-09-29,0.6813724454485892
2020-09-30,0.6814844650838139
2020-10-01,0.6798434371132482
2020-10-02,0.6780432854578372
2020-10-05,0.6763758088307543
2020-10-06,0.6747597143839663
2020-10-07,0.6727823534084293
2020-10-08,0.6707647532195794
2020-10-09,0.6678531801120815
2020-10-12,0.6645873230365893
2020-10-13,0.6607571379417899
2020-10-14,0.6567831029396101
2020-10-15,0.6534400113111472
2020-10-16,0.6504249502817123
2020-10-19,0.6480710543861701
2020-10-20,0.6463361956027436
2020-10-21,0.645367236859555
2020-10-22,0.6445279055009411
2020-10-23,0.6441630485404986
2020-10-26,0.645190343558218
2020-10-27,0.6465452959947718
2020-10-28,0.6495559078562015
2020-10-29,0.6528843256156638
2020-10-30,0.658117532553681
2020-11-02,0.6624327921348389
2020-11-03,0.6668360779492539
2020-11-04,0.6700258738416109
2020-11-05,0.6723065378168608
2020-11-06,0.6720715877847353
2020-11-09,0.6707306747695507
2020-11-10,0.6690063739236408
2020-11-11,0.6668235649571063
2020-11-12,0.6658729982256498
2020-11-13,0.6652611577937115
2020-11-16,0.6646484999090879
2020-11-17,0.6635945763608344
2020-11-18,0.6617567569498
2020-11-19,0.6587634398442662
2020-11-20,0.6553482999377893
2020-11-23,0.6516524860748572
2020-11-24,0.6473182231716607
2020-11-25,0.6427968641849223
2020-11-27,0.6376660212122615
2020-11-30,0.6325040287485771
2020-12-01,0.6273266943824711
2020-12-02,0.6224140487928081
2020-12-03,0.6173772163337304
2020-12-04,0.612657689391984
2020-12-07,0.607650600854121
2020-12-08,0.6025291922810297
2020-12-09,0.5980456463950685
2020-12-10,0.5941708336559527
2020-12-11,0.590395102301338
2020-12-14,0.5873053704818655
2020-12-15,0.5849113624367004
2020-12-16,0.5822379788874288
2020-12-17,0.5790837379455851
2020-12-18,0.5763882171748749
2020-12-21,0.5740863667816521
2020-12-22,0.571676086956032
2020-12-23,0.5695237891034673
2020-12-24,0.5684465139575492
2020-12-28,0.5674297654667274
2020-12-29,0.5666937186028768
2020-12-30,0.5665435385778911
2020-12-31,0.5671304129350998
2021-01-04,0.5679195719562997
2021-01-05,0.5688321854993402
2021-01-06,0.5693011800920599
2021-01-07,0.5692819061866475
2021-01-08,0.5689302555734728
2021-01-11,0.5682182799403994
2021-01-12,0.5669056728252246
2021-01-13,0.5651245328346365
2021-01-14,0.5630714153124925
2021-01-15,0.5612250896321422
2021-01-19,0.5592517433229937
2021-01-20,0.5576027570767776
2021-01-21,0.5561429348108511
2021-01-22,0.5551344577271662
2021-01-25,0.5532904399075157
2021-01-26,0.5507723158327601
2021-01-27,0.5482535208959288
2021-01-28,0.5454656401114357
2021-01-29,0.5439530675773226
2021-02-01,0.5426832904459219
2021-02-02,0.5419349512557929
2021-02-03,0.5413360607573792
2021-02-04,0.5410683655757125
2021-02-05,0.5397836861273825
2021-02-08,0.5381257850521337
2021-02-09,0.5359238391856017
2021-02-10,0.533441823993256
2021-02-11,0.530568218005329
2021-02-12,0.5277783306904117
2021-02-16,0.5254932681614406
2021-02-17,0.52378801763449
2021-02-18,0.5229713818636412
2021-02-19,0.522887153404132
2021-02-22,0.5230682737406643
2021-02-23,0.5240145992167036
2021-02-24,0.5247757294444934
2021-02-25,0.5258235580416243
2021-02-26,0.5280000015273097
2021-03-01,0.530147095591519
2021-03-02,0.5316978120503232
2021-03-03,0.5342589540620982
2021-03-04,0.5372807407771537
2021-03-05,0.5404441584386084
2021-03-08,0.5437989516577706
2021-03-09,0.5472560335781022
2021-03-10,0.5501633824554707
2021-03-11,0.5517016906795993
2021-03-12,0.5517638361486903
2021-03-15,0.5510793347101227
2021-03-16,0.5506297415989945
2021-03-17,0.5504363881271295
2021-03-18,0.5505180276484489
2021-03-19,0.5514186631793423
2021-03-22,0.5526888092497644
2021-03-23,0.5544689214327249
2021-03-24,0.5572395459751378
2021-03-25,0.561280908082152
2021-03-26,0.5659368093861961
2021-03-29,0.5712565661381727
2021-03-30,0.5758961032286495
2021-03-31,0.5792197618635996
2021-04-01,0.5811569546601411
2021-04-05,0.5812843250960761
2021-04-06,0.5803263637260475
2021-04-07,0.5789393222895096
2021-04-08,0.5774209697289591
2021-04-09,0.5760030102734325
2021-04-12,0.5748848001379321
2021-04-13,0.5736025402199397
2021-04-14,0.5722658021656568
2021-04-15,0.5710766049867847
2021-04-16,0.5698207156845139
2021-04-19,0.5693854745676264
2021-04-20,0.5702379732117743
2021-04-21,0.5713590975129594
2021-04-22,0.5728016635363545
2021-04-23,0.5745068733107059
2021-04-26,0.5750591766720461
2021-04-27,0.5749632785222234
2021-04-28,0.5745631163923467
2021-04-29,0.5738323273234859
2021-04-30,0.5738467674431963
2021-05-03,0.5743140411643438
2021-05-04,0.5755196481819698
2021-05-05,0.5772191144406886
2021-05-06,0.5795483859419155
2021-05-07,0.5811829170513562
2021-05-10,0.5833474050939552
2021-05-11,0.5855627758233724
2021-05-12,0.5895008413173451
2021-05-13,0.5940040204430339
2021-05-14,0.5987161454405103
2021-05-17,0.6028257028645121
2021-05-18,0.6057507869283156
2021-05-19,0.6080150470177346
2021-05-20,0.608991094231485
2021-05-21,0.6095578563843341
2021-05-24,0.6100885942369305
2021-05-25,0.6109505124099476
2021-05-26,0.6096388177236863
2021-05-27,0.6075829911148105
2021-05-28,0.6050064843298713
2021-06-01,0.6018139741760156
2021-06-02,0.5974170303117539
2021-06-03,0.5932264679906541
2021-06-04,0.5894954199700608
2021-06-07,0.5853899364982245
2021-06-08,0.5809552333768596
2021-06-09,0.5761874669950816
2021-06-10,0.5720281606157617
2021-06-11,0.5677931125547687
2021-06-14,0.5639011525603806
2021-06-15,0.5608228491880025
2021-06-16,0.5594801108018626
2021-06-17,0.5582264366825114
2021-06-18,0.5583561999034393
2021-06-21,0.5588554262255524
2021-06-22,0.5596786622720114
2021-06-23,0.5596147366586254
2021-06-24,0.5590551667194039
2021-06-25,0.5573864400648564
2021-06-28,0.5552977680308326
2021-06-29,0.5526738037581225
2021-06-30,0.5504120681312467
2021-07-01,0.5483433818757957
2021-07-02,0.5469042533856476
2021-07-06,0.5465581955262048
2021-07-07,0.5468069262917734
2021-07-08,0.5483398114471612
2021-07-09,0.5504226859960345
2021-07-12,0.5520462920584944
2021-07-13,0.5533620995512539
2021-07-14,0.55498868556502
2021-07-15,0.5568647342754198
2021-07-16,0.5600632634575002
2021-07-19,0.565205271622743
2021-07-20,0.5702052291684059
2021-07-21,0.574601804311942
2021-07-22,0.5780588937085089
2021-07-23,0.5803095837447246
2021-07-26,0.5807175361869696
2021-07-27,0.5821452158005301
2021-07-28,0.5830902431091706
2021-07-29,0.5835622745946655
2021-07-30,0.5846753631623867
2021-08-02,0.585657740410572
2021-08-03,0.5857452154912179
2021-08-04,0.5860287575656533
2021-08-05,0.5862470008834109
2021-08-06,0.5857101855300296
2021-08-09,0.5850363419342769
2021-08-10,0.5837136750015165
2021-08-11,0.5825729731064653
2021-08-12,0.5817140196031085
2021-08-13,0.5807640248133261
2021-08-16,0.5802858457024294
2021-08-17,0.5809871818679506
2021-08-18,0.5823036870055632
2021-08-19,0.5850330653830097
2021-08-20,0.5884946332345524
2021-08-23,0.5914291662670885
2021-08-24,0.5925663610658181
2021-08-25,0.5928437690857793
2021-08-26,0.5920916181941117
2021-08-27,0.5904194684933647
2021-08-30,0.5883569160597448
2021-08-31,0.5871332149296581
2021-09-01,0.5859459493035972
2021-09-02,0.5837895465802204
2021-09-03,0.5817335717926349
2021-09-07,0.5797520583279497
2021-09-08,0.5780845816761324
2021-09-09,0.576712106496795
2021-09-10,0.5767929930200204
2021-09-13,0.577157231296748
2021-09-14,0.5786793899114068
2021-09-15,0.5804875663977866
2021-09-16,0.582458939554815
2021-09-17,0.5842779255507619
2021-09-20,0.5877018526883175
2021-09-21,0.590821292637101
2021-09-22,0.5937733972361179
2021-09-23,0.5967932983527782
2021-09-24,0.5998874859934966
2021-09-27,0.6005612050853412
2021-09-28,0.6021990172109192
2021-09-29,0.6041958667174909
2021-09-30,0.6071905441220035
2021-10-01,0.6102747806069867
2021-10-04,0.6143686560708532
2021-10-05,0.6173308699012114
2021-10-06,0.6203553779516138
2021-10-07,0.6225663765189493
2021-10-08,0.6242862750832405
2021-10-11,0.6259186661106317
2021-10-12,0.6277748173822377
2021-10-13,0.6287306487197254
2021-10-14,0.6294421717221907
2021-10-15,0.6295825060205231
2021-10-18,0.6285689049692607
2021-10-19,0.6261570449328506
2021-10-20,0.6231762992852152
2021-10-21,0.6195467426690832
2021-10-22,0.6160360459882651
2021-10-25,0.6123429599051208
2021-10-26,0.6090614648655885
2021-10-27,0.606507405452875
2021-10-28,0.6036358995542016
2021-10-29,0.600610367590478
2021-11-01,0.5976080326860306
2021-11-02,0.5942227587413563
2021-11-03,0.5898414639764902
2021-11-04,0.5856593196741247
2021-11-05,0.5810475216719847
2021-11-08,0.576249861747749
2021-11-09,0.5717648341798097
2021-11-10,0.5685678825263467
2021-11-11,0.5657059446610831
2021-11-12,0.5629025281149027
2021-11-15,0.5607103196316788
2021-11-16,0.5585623632320141
2021-11-17,0.5558161321964766
2021-11-18,0.5533392231659214
2021-11-19,0.5517027134639169
2021-11-22,0.5508436305425368
2021-11-23,0.5515966152165939
2021-11-24,0.5534737618057123
2021-11-26,0.5575372576195581
2021-11-29,0.5619833306294161
2021-11-30,0.5669748020397992
2021-12-01,0.5720072312163299
2021-12-02,0.5780499434355253
2021-12-03,0.5851137191702159
2021-12-06,0.5924862517081002
2021-12-07,0.599209577494368
2021-12-08,0.6045236311082388
2021-12-09,0.6088358599884727
2021-12-10,0.6105757393807418
2021-12-13,0.6119859852653712
2021-12-14,0.6143292628216073
2021-12-15,0.6176592587506323
2021-12-16,0.6201021105365646
2021-12-17,0.6227245898284642
2021-12-20,0.625476810168553
2021-12-21,0.626675330562881
2021-12-22,0.6270351236970609
2021-12-23,0.6268890742256825
2021-12-27,0.6256340932734948
2021-12-28,0.6231974128551998
2021-12-29,0.6212046523284838
2021-12-30,0.6192664384416234
2021-12-31,0.6180783982811953
2022-01-03,0.6167230619899159
2022-01-04,0.6154170972736026
2022-01-05,0.6148333720217466
2022-01-06,0.6150026234398444
2022-01-07,0.6158617120637544
2022-01-10,0.6184310395710844
2022-01-11,0.6209863919871803
2022-01-12,0.6224653229333894
2022-01-13,0.624058627038423
2022-01-14,0.626631604553082
2022-01-18,0.6294530317546134
2022-01-19,0.6332307332404669
2022-01-20,0.6389786771711021
2022-01-21,0.6473398078037439
2022-01-24,0.6566353675788962
2022-01-25,0.6654251920403859
2022-01-26,0.6742045217817688
2022-01-27,0.6831145107003415
2022-01-28,0.6907804569755704
2022-01-31,0.6964518147429924
2022-02-01,0.7012714047183841
2022-02-02,0.7059755070140978
2022-02-03,0.7104806226129494
2022-02-04,0.7133631251487895
2022-02-07,0.7153024749782596
2022-02-08,0.7173208328108148
2022-02-09,0.7187077000366147
2022-02-10,0.7189205440478497
2022-02-11,0.720516358734199
2022-02-14,0.7238832726075652
2022-02-15,0.7273836181659301
2022-02-16,0.7314864063543312
2022-02-17,0.7361622658128649
2022-02-18,0.7413035524364843
2022-02-22,0.7461351435154122
2022-02-23,0.7519610317678677
2022-02-24,0.7589850788355735
2022-02-25,0.7652836168661047
2022-02-28,0.7696758668684107
2022-03-01,0.7730280947334985
2022-03-02,0.7753417175639606
2022-03-03,0.7763244105385642
2022-03-04,0.7780883295896055
2022-03-07,0.7795432244264322
2022-03-08,0.7805898252448821
2022-03-09,0.7818938081789718
2022-03-10,0.783492301097196
2022-03-11,0.7849572291355182
2022-03-14,0.7879567678364164
2022-03-15,0.7919447006528205
2022-03-16,0.795686226854746
2022-03-17,0.7985788149254037
2022-03-18,0.7995329296134766
2022-03-21,0.7979486347212719
2022-03-22,0.7946889833383955
2022-03-23,0.7903461324362793
2022-03-24,0.784988843422677
2022-03-25,0.7799858986234268
2022-03-28,0.7752955029144537
2022-03-29,0.7701475900814622
2022-03-30,0.7654598207237822
2022-03-31,0.7620258509308088
2022-04-01,0.7592047664760758
2022-04-04,0.7560176592195624
2022-04-05,0.7543368979518448
2022-04-06,0.7538630997942638
2022-04-07,0.7534282157684506
2022-04-08,0.7528807418895526
2022-04-11,0.7543359638581367
2022-04-12,0.7553372629736651
2022-04-13,0.7546705079653582
2022-04-14,0.7542453085393064
2022-04-18,0.7538465556493408
2022-04-19,0.7521807574072763
2022-04-20,0.7510248747127073
2022-04-21,0.7516057512179434
2022-04-22,0.7542306191996786
2022-04-25,0.7581951853652776
2022-04-26,0.7637523261041816
2022-04-27,0.770233453950388
2022-04-28,0.7767733865906314
2022-04-29,0.7825685900783529
2022-05-02,0.7884226772731623
2022-05-03,0.792901641492568
2022-05-04,0.7962495231371297
2022-05-05,0.7993404036739321
2022-05-06,0.8022045246023369
2022-05-09,0.805698886101667
2022-05-10,0.8101810752817122
2022-05-11,0.8159520244229349
2022-05-12,0.8222244028339845
2022-05-13,0.8272391727237939
2022-05-16,0.8302382054810059
2022-05-17,0.8322316583814615
2022-05-18,0.8343988651545414
2022-05-19,0.8364300434692122
2022-05-20,0.8400945266553825
2022-05-23,0.8434291589752735
2022-05-24,0.8477108076879865
2022-05-25,0.8502468338449345
2022-05-26,0.8513486883038917
2022-05-27,0.8500566472258698
2022-05-31,0.8489267037291404
2022-06-01,0.8472066248723782
2022-06-02,0.8452687659219843
2022-06-03,0.8442869205523997
2022-06-06,0.8432802759082176
2022-06-07,0.842216818671503
2022-06-08,0.8399155322101219
2022-06-09,0.8381256951308286
2022-06-10,0.8385829716177415
2022-06-13,0.8431124950426445
2022-06-14,0.8493270799602399
2022-06-15,0.856523562750486
2022-06-16,0.8659367952692906
2022-06-17,0.8733443887528219
2022-06-21,0.8763665788862125
2022-06-22,0.878616521116508
2022-06-23,0.8806912183749219
2022-06-24,0.879474763806294
2022-06-27,0.8769533519627031
2022-06-28,0.8754410349806601
2022-06-29,0.8744128726466094
2022-06-30,0.874255710494314
2022-07-01,0.874860766785933
2022-07-05,0.8757270413503738
2022-07-06,0.8762488166459653
2022-07-07,0.8747318670984171
2022-07-08,0.8722098370367171
2022-07-11,0.8706663015781797
2022-07-12,0.8697699513449614
2022-07-13,0.8708688940860942
2022-07-14,0.8735881034813939
2022-07-15,0.8761002767050131
2022-07-18,0.8771244628144402
2022-07-19,0.8773953108074454
2022-07-20,0.8758480613935367
2022-07-21,0.8730230330468749
2022-07-22,0.8714074433832374
2022-07-25,0.8712440556428126
2022-07-26,0.8721743553608993
2022-07-27,0.8734863682866092
2022-07-28,0.8754140452962123
2022-07-29,0.875887072049802
2022-08-01,0.8755465879881259
2022-08-02,0.8740394136555057
2022-08-03,0.8716577643190954
2022-08-04,0.868176355780013
2022-08-05,0.8649551727956741
2022-08-08,0.8610223578988324
2022-08-09,0.8575872892021998
2022-08-10,0.8547364664816797
2022-08-11,0.8518021800106954
2022-08-12,0.8485848380923249
2022-08-15,0.845561214914136
2022-08-16,0.8414699786565802
2022-08-17,0.8375914643621791
2022-08-18,0.8349260760908173
2022-08-19,0.8339262798227245
2022-08-22,0.834814950045578
2022-08-23,0.8365784922744907
2022-08-24,0.8383954394039027
2022-08-25,0.8395248016323911
2022-08-26,0.8404470679830561
2022-08-29,0.841036663964368
2022-08-30,0.8429976476420435
2022-08-31,0.8463388939638754
2022-09-01,0.8516269420021442
2022-09-02,0.8569557050202508
2022-09-06,0.8629233710897798
2022-09-07,0.8685932304818568
2022-09-08,0.8731373518861019
2022-09-09,0.8758938982699238
2022-09-12,0.8773608778628055
2022-09-13,0.8791436077228838
2022-09-14,0.8815386576406365
2022-09-15,0.8840147875137493
2022-09-16,0.8890601698542298
2022-09-19,0.8948454152980531
2022-09-20,0.8990415831479966
2022-09-21,0.9023733988128944
2022-09-22,0.9064143053083132
2022-09-23,0.911151824927013
2022-09-26,0.9168038472194305
2022-09-27,0.9232279601030423
2022-09-28,0.9305438673861542
2022-09-29,0.9371473522590738
2022-09-30,0.9417129881033419
2022-10-03,0.9446631402245542
2022-10-04,0.945741602176714
2022-10-05,0.9462560497248064
2022-10-06,0.9457826438392084
2022-10-07,0.9449157003191258
2022-10-10,0.945358241610693
2022-10-11,0.9466133476131516
2022-10-12,0.9483903034672377
2022-10-13,0.9509726167180682
2022-10-14,0.9532858181894023
2022-10-17,0.9543353160371488
2022-10-18,0.955117855591904
2022-10-19,0.9556809554369006
2022-10-20,0.9555361030203725
2022-10-21,0.9547850507618991
2022-10-24,0.9536304206734896
2022-10-25,0.9515016669480143
2022-10-26,0.9482394264274441
2022-10-27,0.9455339528164867
2022-10-28,0.943162728690046
2022-10-31,0.9402825672490359
2022-11-01,0.9375188316049962
2022-11-02,0.9359476896908148
2022-11-03,0.9344883356435737
2022-11-04,0.9329667894757936
2022-11-07,0.9314459835641554
2022-11-08,0.9328098520207551
2022-11-09,0.933865788603381
2022-11-10,0.9334392853499196
2022-11-11,0.9313621011979216
2022-11-14,0.9299463186431102
2022-11-15,0.9257135387540318
2022-11-16,0.9218362937606006
2022-11-17,0.9190215384762056
2022-11-18,0.9173071179276816
2022-11-21,0.9152514970332021
2022-11-22,0.915672688862598
2022-11-23,0.9146547983525363
2022-11-25,0.9128018415101551
2022-11-28,0.9118744329301899
2022-11-29,0.9116533782154791
2022-11-30,0.9104751420815242
2022-12-01,0.9086734756019862
2022-12-02,0.9069757729288548
2022-12-05,0.9047114530215729
2022-12-06,0.9032129693437242
2022-12-07,0.9034233512774696
2022-12-08,0.9040893273381153
2022-12-09,0.9062214383758974
2022-12-12,0.9076474044145239
2022-12-13,0.9079230519494443
2022-12-14,0.9073517146819811
2022-12-15,0.9079519466287933
2022-12-16,0.9097826747431964
2022-12-19,0.9131546197956273
2022-12-20,0.917141459439508
2022-12-21,0.9233897117321386
2022-12-22,0.9304719889847021
2022-12-23,0.9357136758336744
2022-12-27,0.9405771192968091
2022-12-28,0.951142779180046
2022-12-29,0.9582020657047602
2022-12-30,0.9637298876591457
2023-01-03,0.9690228059268948
2023-01-04,0.975791722863863
2023-01-05,0.9775400010390961
2023-01-06,0.9787559281972719
2023-01-09,0.9794738126137121
2023-01-10,0.9801591639050569
2023-01-11,0.9800086262119458
2023-01-12,0.9787114749283692
2023-01-13,0.9771338945959053
2023-01-17,0.9749543153826098
2023-01-18,0.9748300085235264
2023-01-19,0.9745537009739702
2023-01-20,0.9736583624377154
2023-01-23,0.9722251215003673
2023-01-24,0.9711816360060375
2023-01-25,0.9684993717178992
2023-01-26,0.9646135501538242
2023-01-27,0.9599394285000504
2023-01-30,0.9558203488892766
2023-01-31,0.951601389423461
2023-02-01,0.9464959881927296
2023-02-02,0.9402063348005759
2023-02-03,0.9349878636678909
2023-02-06,0.9295495606759029
2023-02-07,0.9239927678385137
2023-02-08,0.9182467580098079
2023-02-09,0.9138009334666232
2023-02-10,0.910885048258157
2023-02-13,0.908881949067362
2023-02-14,0.9073110765174868
2023-02-15,0.9057534132915548
2023-02-16,0.9046856193817578
2023-02-17,0.9031639274723231
2023-02-21,0.9021101154705904
2023-02-22,0.9015874511806878
2023-02-23,0.9023236548296202
2023-02-24,0.9040979695325899
2023-02-27,0.9061267805553764
2023-02-28,0.9073388641183575
2023-03-01,0.9092446566044428
2023-03-02,0.9117898111951293
2023-03-03,0.9133847516307824
2023-03-06,0.9149246989967804
2023-03-07,0.9177737017109392
2023-03-08,0.9214757955332407
2023-03-09,0.925809949123759
2023-03-10,0.9332261554821892
2023-03-13,0.941371881743444
2023-03-14,0.9491367822518652
2023-03-15,0.9572905730915461
2023-03-16,0.9635902653709529
2023-03-17,0.9665312987060951
2023-03-20,0.9677217982353515
2023-03-21,0.967428992688386
2023-03-22,0.9648174644524599
2023-03-23,0.9639405924162402
2023-03-24,0.9640661006680823
2023-03-27,0.9640417054075558
2023-03-28,0.9639543930184963
2023-03-29,0.9641881586323989
2023-03-30,0.9622051897049079
2023-03-31,0.9589034687995938
2023-04-03,0.9556889187916499
2023-04-04,0.9544432573213297
2023-04-05,0.9523368100173567
2023-04-06,0.9506530006269889
2023-04-10,0.9488934586362971
2023-04-11,0.946552766207066
2023-04-12,0.9429591825715041
2023-04-13,0.9392703092440207
2023-04-14,0.9356774931692988
2023-04-17,0.9322653709810188
2023-04-18,0.9296123231255241
2023-04-19,0.9275587215274015
2023-04-20,0.9266746567641749
2023-04-21,0.9255612595679861
2023-04-24,0.924368700377932
2023-04-25,0.9246355010682454
2023-04-26,0.9261726270019028
2023-04-27,0.9264416780975392
2023-04-28,0.9271656796258649
2023-05-01,0.9282592766320711
2023-05-02,0.9291757728588027
2023-05-03,0.9294040914732542
2023-05-04,0.9310842579301989
2023-05-05,0.9322805340196195
2023-05-08,0.933350801381258
2023-05-09,0.9333107581245197
2023-05-10,0.9324666045941317
2023-05-11,0.9304291616822604
2023-05-12,0.9280697702297548
2023-05-15,0.9257485746982237
2023-05-16,0.9240514361352637
2023-05-17,0.9224964275018654
2023-05-18,0.9206433089903641
2023-05-19,0.9190235138343855
2023-05-22,0.9170737261622741
2023-05-23,0.9144354823716431
2023-05-24,0.9124986946929676
2023-05-25,0.9104925535312998
2023-05-26,0.9078565225710347
2023-05-30,0.9047439363308712
2023-05-31,0.9021570531057386
2023-06-01,0.8974466550203064
2023-06-02,0.8921807663524097
2023-06-05,0.8876989333799673
2023-06-06,0.8826132969576853
2023-06-07,0.8768769808273752
2023-06-08,0.8715516229192822
2023-06-09,0.8665163485088193
2023-06-12,0.8606680192853795
2023-06-13,0.8551885853414195
2023-06-14,0.8501041882356268
2023-06-15,0.8445896954172498
2023-06-16,0.8390023589733488
2023-06-20,0.8342579755245909
2023-06-21,0.8306085354148648
2023-06-22,0.8268867937595084
2023-06-23,0.8243305073825395
2023-06-26,0.8226554190113466
2023-06-27,0.8210258883567985
2023-06-28,0.8192957578272876
2023-06-29,0.8172287981104739
2023-06-30,0.81476392482621
2023-07-03,0.8114625938923122
2023-07-05,0.8089671498639053
2023-07-06,0.80697399033284
2023-07-07,0.8047946742537331
2023-07-10,0.8023107477632888
2023-07-11,0.7996426994551951
2023-07-12,0.7958540596847231
2023-07-13,0.7908821199648588
2023-07-14,0.7859313969200512
2023-07-17,0.7810526326522035
2023-07-18,0.7767292172315226
2023-07-19,0.7718940392035156
2023-07-20,0.7680098806564698
2023-07-21,0.7650254052858632
2023-07-24,0.76281729950803
2023-07-25,0.7619271243104359
2023-07-26,0.7620675446584706
2023-07-27,0.7626900272178101
2023-07-28,0.7634371322933722
2023-07-31,0.763847233019886
2023-08-01,0.7640816912569404
2023-08-02,0.7652585854369418
2023-08-03,0.7667450802802617
2023-08-04,0.7686024443405709
2023-08-07,0.7715830930381995
2023-08-08,0.7750175845528647
2023-08-09,0.7781773002487068
2023-08-10,0.7814697257112799
2023-08-11,0.7853128971282466
2023-08-14,0.7888791312974015
2023-08-15,0.7932008960434062
2023-08-16,0.7992468000317755
2023-08-17,0.8062092767731583
2023-08-18,0.8137908117464859
2023-08-21,0.8210212779171162
2023-08-22,0.8268974089641304
2023-08-23,0.8318275448217932
2023-08-24,0.8360667342548588
2023-08-25,0.839780047432553
2023-08-28,0.8443376292759406
2023-08-29,0.8490651437839742
2023-08-30,0.8531362355114519
2023-08-31,0.8559412965564184
2023-09-01,0.8574575922858332
2023-09-05,0.8581534198399849
2023-09-06,0.8601391914008831
2023-09-07,0.8624022567462184
2023-09-08,0.8649881188669084
2023-09-11,0.8672620068635009
2023-09-12,0.8696007101132652
2023-09-13,0.8724283759729557
2023-09-14,0.8748446841712835
2023-09-15,0.8772559833874438
2023-09-18,0.8801986726527787
2023-09-19,0.8829077972806859
2023-09-20,0.8836822323309492
2023-09-21,0.8854098943819825
2023-09-22,0.8879438003156974
2023-09-25,0.8915941247956889
2023-09-26,0.8969593080852114
2023-09-27,0.9042935569341903
2023-09-28,0.9104717256622586
2023-09-29,0.9158852627690487
2023-10-02,0.9203956226027977
2023-10-03,0.9242711809214307
2023-10-04,0.9290351248910631
2023-10-05,0.9339971604635254
2023-10-06,0.9386021531964512
2023-10-09,0.9423049686463538
2023-10-10,0.9445304138111085
2023-10-11,0.9442404968616269
2023-10-12,0.9434454720895908
2023-10-13,0.9431381217523345
2023-10-16,0.9440953464006407
2023-10-17,0.945600554000371
2023-10-18,0.9486686506242937
2023-10-19,0.9524167310356697
2023-10-20,0.9565972299334704
2023-10-23,0.9599151475220002
2023-10-24,0.9617029415186279
2023-10-25,0.9622231024312228
2023-10-26,0.9619292681525328
2023-10-27,0.9615220593710676
2023-10-30,0.9616303179482799
2023-10-31,0.9630006971160624
2023-11-01,0.9650799874803937
2023-11-02,0.9665463610335504
2023-11-03,0.9658523647209335
2023-11-06,0.9645928187077711
2023-11-07,0.9629506504665651
2023-11-08,0.9604371565912566
2023-11-09,0.9583460885660786
2023-11-10,0.9578256265368394
2023-11-13,0.9571626202732688
2023-11-14,0.955335923724772
2023-11-15,0.9515633079072183
2023-11-16,0.947695504190374
2023-11-17,0.9425884075157505
2023-11-20,0.936606860476991
2023-11-21,0.9314421202929253
2023-11-22,0.9267628447374217
2023-11-24,0.9216544307157211
2023-11-27,0.9174856313503975
2023-11-28,0.9133770501916376
2023-11-29,0.9087889090229597
2023-11-30,0.904389054220682
2023-12-01,0.8993484097514474
2023-12-04,0.8934985442367513
2023-12-05,0.8878630989028338
2023-12-06,0.8828143296301659
2023-12-07,0.8783031320049896
2023-12-08,0.8744194332452676
2023-12-11,0.8710762890737481
2023-12-12,0.8677797844970141
2023-12-13,0.8638779696425408
2023-12-14,0.8578332669225186
2023-12-15,0.8512641444344329
2023-12-18,0.844083686990646
2023-12-19,0.8358927777597563
2023-12-20,0.82957962282133
2023-12-21,0.8255059017130433
2023-12-22,0.8222306002063264
2023-12-26,0.8195820526373483
2023-12-27,0.8185811012814125
2023-12-28,0.8165095545591722
2023-12-29,0.8140192343588988
2024-01-02,0.8115709553416963
2024-01-03,0.8104919890303671
2024-01-04,0.8096252282497173
2024-01-05,0.8099202310411618
2024-01-08,0.8102148635918719
2024-01-09,0.8105149468860511
2024-01-10,0.8110057449041678
2024-01-11,0.811344753468654
2024-01-12,0.8115692016127035
2024-01-16,0.8127347587925124
2024-01-17,0.8175371965422661
2024-01-18,0.8214218309175592
2024-01-19,0.8247219396546441
2024-01-22,0.8262429531631819
2024-01-23,0.826353987006492
2024-01-24,0.822740599545329
2024-01-25,0.8187075909485274
2024-01-26,0.8152688669859836
2024-01-29,0.8125310174230885
2024-01-30,0.810175171050862
2024-01-31,0.8083995227983047
2024-02-01,0.8071828061872243
2024-02-02,0.8058552924038759
2024-02-05,0.8044846177176659
2024-02-06,0.8025564291371472
2024-02-07,0.8006560463708282
2024-02-08,0.7976388488125088
2024-02-09,0.793788265630468
2024-02-12,0.7894492378384528
2024-02-13,0.7867279821808156
2024-02-14,0.7840381086898077
2024-02-15,0.7815156214954077
2024-02-16,0.7794842084472604
2024-02-20,0.7781725044841123
2024-02-21,0.7766964716019574
2024-02-22,0.7749754301836187
2024-02-23,0.7736539366292202
2024-02-26,0.7725846712587079
2024-02-27,0.7710947899599464
2024-02-28,0.7689934609750821
2024-02-29,0.7663830574598881
2024-03-01,0.7638628365844652
2024-03-04,0.7608429997257405
2024-03-05,0.758731713158006
2024-03-06,0.7568322114789128
2024-03-07,0.7553022093004386
2024-03-08,0.7538525921344637
2024-03-11,0.7534059584679849
2024-03-12,0.7534054183651697
2024-03-13,0.7534639781112705
2024-03-14,0.7540882617377764
2024-03-15,0.7549949476105366
2024-03-18,0.7558302003589683
2024-03-19,0.7569358878927056
2024-03-20,0.7582219781830196
2024-03-21,0.7591099919227612
2024-03-22,0.7606575625974508
2024-03-25,0.7620468275418729
2024-03-26,0.7622996564448048
2024-03-27,0.7620225317796868
2024-03-28,0.7615796563012397
2024-04-01,0.7601077218292562
2024-04-02,0.7588872450284836
2024-04-03,0.7579739195729287
2024-04-04,0.7580884641148575
2024-04-05,0.7596819532024499
2024-04-08,0.76142898703133
2024-04-09,0.7630839098919161
2024-04-10,0.766528242272801
2024-04-11,0.7700503820872627
2024-04-12,0.7725246214142184
2024-04-15,0.7761137607808642
2024-04-16,0.7809150673113886
2024-04-17,0.7870867168248842
2024-04-18,0.7935820959523866
2024-04-19,0.8011625360508251
2024-04-22,0.8079175800138743
2024-04-23,0.8136911266144726
2024-04-24,0.8169631712662061
2024-04-25,0.8192648328845611
2024-04-26,0.8197806173245494
2024-04-29,0.8194961517747241
2024-04-30,0.8186024431247834
2024-05-01,0.8177708949630778
2024-05-02,0.8160726589654016
2024-05-03,0.8146377083181604
2024-05-06,0.8141112110893901
2024-05-07,0.8142364468190841
2024-05-08,0.8135852357774314
2024-05-09,0.8127010372895891
2024-05-10,0.8117457014472241
2024-05-13,0.8093238726386889
2024-05-14,0.8054288599752918
2024-05-15,0.8011939179785773
2024-05-16,0.7970680237406615
2024-05-17,0.792719351354812
2024-05-20,0.7893880808200092
2024-05-21,0.7865260515939122
2024-05-22,0.7840082377041334
2024-05-23,0.7823824365170762
2024-05-24,0.7819216449861905
2024-05-28,0.7810206532839626
2024-05-29,0.7816323015963645
2024-05-30,0.782190889801145
2024-05-31,0.7817757267556571
2024-06-03,0.7804211593352289
2024-06-04,0.7803309157368411
2024-06-05,0.7793233994928082
2024-06-06,0.7777517510587011
2024-06-07,0.7770294049732249
2024-06-10,0.7759168987692074
2024-06-11,0.7737328393662248
2024-06-12,0.770709287417726
2024-06-13,0.7681757288535479
2024-06-14,0.7658490619660012
2024-06-17,0.7640748824442554
2024-06-18,0.7617982002952929
2024-06-20,0.7605745760560646
2024-06-21,0.7592168300456662
2024-06-24,0.7572927768624858
2024-06-25,0.7553955514273096
2024-06-26,0.7534830569439455
2024-06-27,0.7509741300636631
2024-06-28,0.7484510059350238
2024-07-01,0.7460687883594725
2024-07-02,0.7438464938787122
2024-07-03,0.7415949880815628
2024-07-05,0.7389440382750442
2024-07-08,0.7354993761510198
2024-07-09,0.7312545537116923
2024-07-10,0.7264913449389809
2024-07-11,0.7222822887405395
2024-07-12,0.7183330721175231
2024-07-15,0.7147803919089354
2024-07-16,0.7115449136745623
2024-07-17,0.7085872626450258
2024-07-18,0.7067291109862525
2024-07-19,0.7058218078942952
2024-07-22,0.705416616693293
2024-07-23,0.7059004745666919
2024-07-24,0.7074003364501888
2024-07-25,0.7088034910017231
2024-07-26,0.7104342933460274
2024-07-29,0.7125487154560507
2024-07-30,0.7150276829905957
2024-07-31,0.7166070958403928
2024-08-01,0.7185527148367137
2024-08-02,0.7215735641977526
2024-08-05,0.7268930972606436
2024-08-06,0.7327386731710877
2024-08-07,0.7402159116643088
2024-08-08,0.7476166924034148
2024-08-09,0.7540143883178145
2024-08-12,0.7586281164631777
2024-08-13,0.7626306222230682
2024-08-14,0.7649925120359163
2024-08-15,0.7664887650122839
2024-08-16,0.7668356275726509
2024-08-19,0.7655444842129929
2024-08-20,0.7634008656694345
2024-08-21,0.7607756243826396
2024-08-22,0.7580903676637625
2024-08-23,0.7553723793123861
2024-08-26,0.7532700761026326
2024-08-27,0.7516212044260865
2024-08-28,0.7506519451141161
2024-08-29,0.7495950103607444
2024-08-30,0.7488382618907087
2024-09-03,0.7483875428608624
2024-09-04,0.7487278252803498
2024-09-05,0.7502278186391595
2024-09-06,0.7526879520861899
2024-09-09,0.7559300319756669
2024-09-10,0.7599235290722604
2024-09-11,0.7634504548039274
2024-09-12,0.7662012259379017
2024-09-13,0.7673011433395385
2024-09-16,0.7675473469504865
2024-09-17,0.7665390344819202
2024-09-18,0.765040882104053
2024-09-19,0.7634513776518603
2024-09-20,0.762359307712447
2024-09-23,0.7612110640318068
2024-09-24,0.7592749704737976
2024-09-25,0.7573124330085385
2024-09-26,0.7537327321072766
2024-09-27,0.7498425155028756
2024-09-30,0.7457350107375548
2024-10-01,0.7424028756146231
2024-10-02,0.738773330954329
2024-10-03,0.736678518152365
2024-10-04,0.735273308141452
2024-10-07,0.7340112656452751
2024-10-08,0.7328286639270436
2024-10-09,0.7321998075442432
2024-10-10,0.7315423599052218
2024-10-11,0.7304980204179324
2024-10-14,0.7291554627752667
2024-10-15,0.7279008036083253
2024-10-16,0.726056719776788
2024-10-17,0.7241440208718961
2024-10-18,0.7217916009427457
2024-10-21,0.7203932836871344
2024-10-22,0.7191235790659948
2024-10-23,0.7183849648233008
2024-10-24,0.7174609347612274
2024-10-25,0.7174148864524363
2024-10-28,0.7171452746643839
2024-10-29,0.7168120604647723
2024-10-30,0.7164241145001692
2024-10-31,0.7161684300588944
2024-11-01,0.7163580675304752
2024-11-04,0.7174079101623079
2024-11-05,0.719053149977489
2024-11-06,0.7201809643880244
2024-11-07,0.7203989791835719
2024-11-08,0.719582802988897
2024-11-11,0.7166997441859453
2024-11-12,0.7127626370968565
2024-11-13,0.7088741920994015
2024-11-14,0.7072027704548007
2024-11-15,0.7064378650398121
2024-11-18,0.706253236049195
2024-11-19,0.7065836206309425
2024-11-20,0.7070059881411714
2024-11-21,0.7055210161730171
2024-11-22,0.7028938908206113
2024-11-25,0.6997465656157168
2024-11-26,0.6968351665441179
2024-11-27,0.6944356608116653
2024-11-29,0.6912355592656777
2024-12-02,0.6884298089320423
2024-12-03,0.6866562426967624
2024-12-04,0.6842578375564319
2024-12-05,0.6814371339674371
2024-12-06,0.6795573561542573
2024-12-09,0.6775758453026205
2024-12-10,0.6753460152063472
2024-12-11,0.673321793017865
2024-12-12,0.6718013910682329
2024-12-13,0.670654795378597
2024-12-16,0.6687050019516323
2024-12-17,0.6671542715552128
2024-12-18,0.6661746089440783
2024-12-19,0.6669418066895989
2024-12-20,0.6678852936355486
2024-12-23,0.6698025346936527
2024-12-24,0.6709530199006553
2024-12-26,0.6718816581814527
2024-12-27,0.6709822206986235
2024-12-30,0.6703743395259218
2024-12-31,0.6696613617078335
2025-01-02,0.6700482167449644
2025-01-03,0.6702294711391703
2025-01-06,0.6699669096677108
2025-01-07,0.6692715667065608
2025-01-08,0.6700374232040122
2025-01-10,0.6714673702651296
2025-01-13,0.6740497941935422
2025-01-14,0.676763906607937
2025-01-15,0.6794796891386029
2025-01-16,0.6826303142824638
2025-01-17,0.6840951202300684
2025-01-21,0.6842508181519251
2025-01-22,0.6841795768309501
2025-01-23,0.6839133646686812
2025-01-24,0.6816695341363365
2025-01-27,0.6804513914210254
2025-01-28,0.679005262155189
2025-01-29,0.6779817598424875
2025-01-30,0.6768626714846551
2025-01-31,0.6762072224726813
2025-02-03,0.6763311238245787
2025-02-04,0.6768263985952793
2025-02-05,0.6770350172504962
2025-02-06,0.6772423467263844
2025-02-07,0.6774225095781826
2025-02-10,0.676345410138782
2025-02-11,0.6755693383351964
2025-02-12,0.675350030345591
2025-02-13,0.6753338972434477
2025-02-14,0.6744912657498762
2025-02-18,0.6730780337075452
2025-02-19,0.6714528374807779
2025-02-20,0.6695750286566492
2025-02-21,0.6684873003135625
2025-02-24,0.6691606703249465
2025-02-25,0.671460928147658
2025-02-26,0.674104022172219
2025-02-27,0.6783252254111294
2025-02-28,0.6829765898486629
2025-03-03,0.6877734051785971
2025-03-04,0.6929821480532672
2025-03-05,0.698175446528365
2025-03-06,0.7027666252856466
2025-03-07,0.7069323238461482
2025-03-10,0.7108288931062892
2025-03-11,0.7143727879882955
2025-03-12,0.7183502884495444
2025-03-13,0.7229043889286848
2025-03-14,0.7271047460207823
2025-03-17,0.7307995108274993
2025-03-18,0.7333928052492973
2025-03-19,0.7353875875068819
2025-03-20,0.7372779688361267
2025-03-21,0.7387821436326281
2025-03-24,0.739619173427828
2025-03-25,0.7407427753361905
2025-03-26,0.7423779011162639
2025-03-27,0.7431775364363833
2025-03-28,0.7451595282641772
2025-03-31,0.7488313370731908
2025-04-01,0.7529711652368584
2025-04-02,0.7570157951933685
2025-04-03,0.7629264797365579
2025-04-04,0.7700932529213984
2025-04-07,0.7772990503122685
2025-04-08,0.7857546988888393
2025-04-09,0.7940363767983644
2025-04-10,0.801694840842593
2025-04-11,0.8061805542641778
2025-04-14,0.8095282665635783
2025-04-15,0.8116777550060288
2025-04-16,0.8152624127275961
2025-04-17,0.8170684795625941
2025-04-21,0.8201451358574229
2025-04-22,0.8224590467290023
2025-04-23,0.8240319573110054
2025-04-24,0.8239437327855964
2025-04-25,0.8229014371600473
2025-04-28,0.8212410156958128
2025-04-29,0.8200171223668364
2025-04-30,0.8193091857807826
2025-05-01,0.8178945191160863
2025-05-02,0.8165348592599716
2025-05-05,0.8153278808257871
2025-05-06,0.8142336162758019
2025-05-07,0.811886186884035
2025-05-08,0.8090839626607226
2025-05-09,0.8059866913553795
2025-05-12,0.8019845562498394
2025-05-13,0.7968211266638302
2025-05-14,0.7910813309852419
2025-05-15,0.7863811180774739
2025-05-16,0.7813309130930688
2025-05-19,0.7769078328135065
2025-05-20,0.7726780059202224
2025-05-21,0.7697523815583901
2025-05-22,0.7664459187865571
2025-05-23,0.7644918248336215
2025-05-27,0.7620830215943802
2025-05-28,0.7599576297050795
2025-05-29,0.7575609823229343
2025-05-30,0.7555384786454681
2025-06-02,0.7535331330746423
2025-06-03,0.7517253740999791
2025-06-04,0.7499695061832082
2025-06-05,0.7487213788122508
2025-06-06,0.7471964699027797
2025-06-09,0.744812907023466
2025-06-10,0.7420855139860127
2025-06-11,0.7388936602715133
2025-06-12,0.7356380147869018
2025-06-13,0.7319618368484145
2025-06-16,0.7292876555018597
2025-06-17,0.7284364858160136
2025-06-18,0.7286209431227242
2025-06-20,0.7283117569494761
2025-06-23,0.7291406987143577
2025-06-24,0.7298139129175054
2025-06-25,0.7287934360625651
2025-06-26,0.7271565675821472
2025-06-27,0.7253176865908664
2025-06-30,0.7219945200576267
2025-07-01,0.718181050966146
2025-07-02,0.7142619051100617
2025-07-03,0.7100858424562915
2025-07-07,0.7066158747300003
2025-07-08,0.7036801921657101
2025-07-09,0.700668073055069
2025-07-10,0.6978233882602054
2025-07-11,0.6955360495699331
2025-07-14,0.6928297348313225
2025-07-15,0.6902536183622596
2025-07-16,0.6882649175443104
2025-07-17,0.686544733235851
2025-07-18,0.6846490592997467
2025-07-21,0.6827550219540408
2025-07-22,0.6808753224494789
2025-07-23,0.678762255285938
2025-07-24,0.6770663315065029
2025-07-25,0.67600843588557
2025-07-28,0.6748041660646008
2025-07-29,0.6739593004605741
2025-07-30,0.673597340984051
2025-07-31,0.6736702305116542
2025-08-01,0.6749009276815144
2025-08-04,0.677015409090666
2025-08-05,0.6796023097484634
2025-08-06,0.6820428881997715
2025-08-07,0.6839721265007895
2025-08-08,0.6846010687970708
2025-08-11,0.6845546859338313
2025-08-12,0.683901121372742
2025-08-13,0.6827586974837577
2025-08-14,0.6818513900592379
2025-08-15,0.6803196872355495
2025-08-18,0.6783553124543557
2025-08-19,0.676546745194935
2025-08-20,0.6761833231322699
2025-08-21,0.6768506005509762
2025-08-22,0.6779111443651933
2025-08-25,0.6793118136889743
2025-08-26,0.6802835249493584
2025-08-27,0.6799369429408842
2025-08-28,0.6783893986101523
2025-08-29,0.6767829274464129
2025-09-02,0.6758019210536752
2025-09-03,0.6749508032330305
2025-09-04,0.6747732489026819
2025-09-05,0.6745664265113632
2025-09-08,0.6746402374434955
2025-09-09,0.6742746922272632
2025-09-10,0.6737423708604866
2025-09-11,0.6728731830528767
2025-09-12,0.6711789910967503
2025-09-15,0.6684391492972361
2025-09-16,0.6651049176314575
2025-09-17,0.6621389787029023
2025-09-18,0.6584835875860103
2025-09-19,0.6549649073811992
2025-09-22,0.6520829803648716
2025-09-23,0.6496537409392183
2025-09-24,0.6472059787485663
2025-09-25,0.6458857441476867
2025-09-26,0.6451333411680861
2025-09-29,0.6443889139897255
2025-09-30,0.6438814436230843
2025-10-01,0.6429287701101842
2025-10-02,0.6411182127841609
2025-10-03,0.6393077597334023
2025-10-06,0.6372629473098802
2025-10-07,0.6351450493331284
2025-10-08,0.633061595688767
2025-10-09,0.6314260902882718
2025-10-10,0.6308180795082595
2025-10-13,0.6307243488935473
2025-10-14,0.6305672800996602
2025-10-15,0.6306569453547881
2025-10-16,0.6315082245701535
2025-10-17,0.6326981003980165
2025-10-20,0.6343954183633782
2025-10-21,0.6364689397039618
2025-10-22,0.6392147441849141
2025-10-23,0.641486154986287
2025-10-24,0.64248406352798
2025-10-27,0.6428203233055716
2025-10-28,0.6424810205546864
2025-10-29,0.6416055458411107
2025-10-30,0.6408412486520529
2025-10-31,0.6404438265928558
2025-11-03,0.640853886044247
2025-11-04,0.6423666200558027
2025-11-05,0.6441268332098754
2025-11-06,0.6461248407886179
2025-11-07,0.648682602110958
2025-11-10,0.6505213877662169
2025-11-11,0.6518068575368168
2025-11-12,0.65247696768307
2025-11-13,0.6531230832278068
2025-11-14,0.6536965774428287
2025-11-17,0.655739647262708
2025-11-18,0.6588636643622829
2025-11-19,0.6630595426621678
2025-11-20,0.6687968818271046
2025-11-21,0.6748472952521821
2025-11-24,0.6797730011551358
2025-11-25,0.6842311876509326
2025-11-26,0.6881078413945556
2025-11-28,0.6888429018089366
2025-12-01,0.6886768513485477
2025-12-02,0.68817887080771
2025-12-03,0.6869940672538436
2025-12-04,0.685405468292883
2025-12-05,0.6845182589658997
2025-12-08,0.6831654120926263
2025-12-09,0.6819026686499216
2025-12-10,0.6804628375426973
2025-12-11,0.6788595338557276
2025-12-12,0.6771546789620416
2025-12-15,0.6740610041695717
2025-12-16,0.6719607722055058
2025-12-17,0.6699783577662877
2025-12-18,0.6692619167245735
2025-12-19,0.6693133015690403
2025-12-22,0.670905995778589
2025-12-23,0.6722703629038644
2025-12-24,0.6741430479142245
2025-12-26,0.6751147467523815
2025-12-29,0.6759416213032173
2025-12-30,0.6767807928282717
2025-12-31,0.6771663187330321
2026-01-02,0.6768311280427595
2026-01-05,0.6765209543865385
2026-01-06,0.6766447283380963
2026-01-07,0.677127368147062
2026-01-08,0.6779220104027226
2026-01-09,0.6789166722507388
2026-01-12,0.6802051617961898
2026-01-13,0.6809027866362453
2026-01-14,0.6813360566426173
2026-01-15,0.6827931054076121
2026-01-16,0.6844633406139661
2026-01-20,0.6862945957570185
2026-01-21,0.688063600094508
2026-01-22,0.6898217632043878
2026-01-23,0.6905222756612597
2026-01-26,0.6915907152588102
2026-01-27,0.6922925633402812
2026-01-28,0.6928796419134009
2026-01-29,0.6939324275653428
2026-01-30,0.6951389610339231
2026-02-02,0.6965746259708233
2026-02-03,0.6986869558496711
2026-02-04,0.7015043028571221
2026-02-05,0.705654185888789
2026-02-06,0.7093413231096378
2026-02-09,0.7121863208193102
2026-02-10,0.7147723428120862
2026-02-11,0.7170059500895298
2026-02-12,0.7197893250962282
2026-02-13,0.7225017544864165
2026-02-17,0.7266989324434824
2026-02-18,0.7311831920784837
2026-02-19,0.7373796279538117
2026-02-20,0.7416938090401118
2026-02-23,0.7461618104168358
2026-02-24,0.7495780253155093
2026-02-25,0.7521288305897255
2026-02-26,0.7533976374350543
2026-02-27,0.7543904727854829
2026-03-02,0.7559152045983156
2026-03-03,0.7579863671541698
2026-03-04,0.7603849632303796
2026-03-05,0.7626542481405788
2026-03-06,0.7657124703568643
2026-03-09,0.7686284203852606
2026-03-10,0.7714832191186688
2026-03-11,0.774419717240517
2026-03-13,0.7772915680570686
2026-03-16,0.7797420431006319
2026-03-17,0.7826563787736349
2026-03-18,0.7856763278653404
2026-03-19,0.7902945725641564
2026-03-20,0.795260338544071
2026-03-23,0.799619735237983
2026-03-24,0.803707447682106
2026-03-25,0.8071814848618114
2026-03-26,0.8094694416873676
2026-03-27,0.8121231402913751
2026-03-30,0.8156969040418505
2026-03-31,0.819108730346284
2026-04-01,0.8237856549276896
2026-04-02,0.8289249408722273
2026-04-06,0.8335506770703006
2026-04-07,0.8381809932278473
2026-04-08,0.8427523793386383
2026-04-09,0.8457899482223712
2026-04-10,0.8472533415203621
2026-04-13,0.8476454126638827
2026-04-14,0.8457159145970816
2026-04-15,0.8411921311842904
2026-04-16,0.8350852282363506
2026-04-17,0.8277648714789313
2026-04-20,0.8202092689341081
2026-04-21,0.8140046065345778
2026-04-22,0.8088692028122644
2026-04-23,0.8050124867878272
2026-04-24,0.8022630002881702
2026-04-27,0.7994337953230605
2026-04-28,0.7962025638627906
2026-04-29,0.7933758248465514
2026-04-30,0.7899463815977644
2026-05-01,0.7861435182570857
2026-05-04,0.7825986932111163
2026-05-05,0.7791686524451881
2026-05-06,0.7751309547701072
2026-05-07,0.7711835080275998
2026-05-08,0.7673963200110453
2026-05-11,0.762988874367932
2026-05-12,0.7585403489635869
2026-05-13,0.7539237822168421
2026-05-14,0.748492631364303
2026-05-15,0.7437503935509475
2026-05-18,0.7397404509844081
2026-05-19,0.7364437972381878
2026-05-20,0.7335569231778287
2026-05-21,0.7314535040291078
2026-05-22,0.7286537786582928
2026-05-26,0.7252396573913481
2026-05-27,0.7206621907030959
2026-05-28,0.7162672720615049
2026-05-29,0.7112932664863596
2026-06-01,0.7061340317433317
2026-06-02,0.7010089574501684
2026-06-03,0.6962788156041365
2026-06-04,0.6919887625391186
2026-06-05,0.6902846416337027
2026-06-08,0.6899602834749033
2026-06-09,0.6918747150834924
2026-06-10,0.6955040847423882
2026-06-11,0.7001799255507007
2026-06-12,0.7030158863972439
2026-06-15,0.7053507344264477
2026-06-16,0.7069765275435961
2026-06-17,0.7084819730378831
2026-06-18,0.7096950722451297
2026-06-22,0.7116518407007351
2026-06-23,0.7149981563002952
2026-06-24,0.7187075716992068
2026-06-25,0.7227228931283888
2026-06-26,0.7274046953711286
2026-06-29,0.7321633137930637
2026-06-30,0.7356502586023264
2026-07-01,0.737795903702747
2026-07-02,0.7381553061933486
2026-07-06,0.7370430934093618
2026-07-07,0.7360948801276526
2026-07-08,0.7356611042351753
2026-07-09,0.7353486023707348
2026-07-10,0.7347825104485066
2026-07-13,0.7354018859440767
2026-07-14,0.735659937593172
2026-07-16,0.7364042802474318
2026-07-17,0.7382845943294677
2026-07-20,0.7411367710917427
2026-07-21,0.743910442027233
2026-07-22,0.746680681301328
2026-07-23,0.749486612895491
2026-07-24,0.752227100666045
2026-07-27,0.7549661107717359
2026-07-28,0.7573398607484448
2026-07-29,0.760458476489862
2026-07-30,0.7629789663293202
2026-07-31,0.7650524628063321
2026-08-03,0.7661802251013414
2026-08-04,0.7656929941049252
2026-08-05,0.7642326165089862
2026-08-06,0.7622897086926226
2026-08-07,0.759040174378001
2026-08-10,0.7561902777019928
2026-08-11,0.754520330423994
2026-08-12,0.7527004935855153
2026-08-13,0.7503492321476969
2026-08-14,0.748530374968211
2026-08-17,0.7473903237455901
2026-08-18,0.747050047624535
