Date,Close,High,Low,Open,Volume
2004-06-16,0.7651399970054626,0.8527169823646545,0.7513129711151123,0.8066239953041077,2385268337
2004-06-17,0.7789679765701294,0.8066239953041077,0.7605310082435608,0.7651399970054626,454525756
2004-06-18,0.7420939803123474,0.783577024936676,0.7282660007476807,0.7743589878082275,198501621
2004-06-21,0.7374849915504456,0.7605310082435608,0.7282660007476807,0.7559220194816589,123755710
2004-06-22,0.7374849915504456,0.7374849915504456,0.7374849915504456,0.7374849915504456,0
2004-06-23,0.8158419728279114,0.8204519748687744,0.7420939803123474,0.746703028678894,298397869
2004-06-24,0.8204519748687744,0.8342800140380859,0.7974050045013428,0.825061023235321,188331925
2004-06-25,0.8112329840660095,0.8388890027999878,0.8020150065422058,0.825061023235321,115053162
2004-06-28,0.7974050045013428,0.8112329840660095,0.783577024936676,0.8112329840660095,79979914
2004-06-29,0.7974050045013428,0.8158419728279114,0.7927960157394409,0.7927960157394409,81799612
2004-06-30,0.7927960157394409,0.8158419728279114,0.7927960157394409,0.8066239953041077,66263028
2004-07-01,0.7927960157394409,0.7927960157394409,0.7927960157394409,0.7927960157394409,0
2004-07-02,0.8020150065422058,0.8066239953041077,0.7697499990463257,0.7881870269775391,70650913
2004-07-05,0.8020150065422058,0.8020150065422058,0.8020150065422058,0.8020150065422058,0
2004-07-06,0.8112329840660095,0.8204519748687744,0.8020150065422058,0.8066239953041077,83684395
2004-07-07,0.7881870269775391,0.8066239953041077,0.783577024936676,0.8066239953041077,71242111
2004-07-08,0.7559220194816589,0.783577024936676,0.7513129711151123,0.783577024936676,114708748
2004-07-09,0.7513129711151123,0.7605310082435608,0.7420939803123474,0.7559220194816589,50853904
2004-07-12,0.7374849915504456,0.7605310082435608,0.7328749895095825,0.7513129711151123,64923340
2004-07-13,0.7420939803123474,0.746703028678894,0.7328749895095825,0.7374849915504456,59304244
2004-07-14,0.7006099820137024,0.7420939803123474,0.6913920044898987,0.7420939803123474,106513329
2004-07-15,0.6775640249252319,0.7052199840545654,0.6545180082321167,0.7052199840545654,61392421
2004-07-16,0.6821730136871338,0.6913920044898987,0.6683449745178223,0.6729549765586853,22381467
2004-07-19,0.6960009932518005,0.6960009932518005,0.6637359857559204,0.6821730136871338,28860241
2004-07-20,0.6913920044898987,0.6960009932518005,0.6821730136871338,0.6867830157279968,18636307
2004-07-21,0.6960009932518005,0.7144380211830139,0.6913920044898987,0.7006099820137024,56923179
2004-07-22,0.6545180082321167,0.6913920044898987,0.6452990174293518,0.6913920044898987,75017102
2004-07-23,0.6499080061912537,0.6591269969940186,0.6452990174293518,0.6545180082321167,25318475
2004-07-26,0.6268619894981384,0.6452990174293518,0.6222530007362366,0.6360800266265869,40347930
2004-07-27,0.6867830157279968,0.6867830157279968,0.6222530007362366,0.6222530007362366,97119242
2004-07-28,0.6775640249252319,0.6913920044898987,0.6683449745178223,0.6867830157279968,22807238
2004-07-29,0.6913920044898987,0.6960009932518005,0.6637359857559204,0.6683449745178223,18972585
2004-07-30,0.7098289728164673,0.7144380211830139,0.6867830157279968,0.7006099820137024,54590929
2004-08-02,0.7144380211830139,0.7144380211830139,0.6821730136871338,0.7098289728164673,29028380
2004-08-03,0.7282660007476807,0.7328749895095825,0.7144380211830139,0.719048023223877,69094271
2004-08-04,0.7098289728164673,0.7236570119857788,0.7052199840545654,0.719048023223877,15452514
2004-08-05,0.7328749895095825,0.7420939803123474,0.719048023223877,0.719048023223877,36800740
2004-08-06,0.7374849915504456,0.746703028678894,0.7236570119857788,0.7236570119857788,23506913
2004-08-09,0.7374849915504456,0.7374849915504456,0.7282660007476807,0.7374849915504456,24390999
2004-08-10,0.7144380211830139,0.746703028678894,0.7144380211830139,0.746703028678894,22828933
2004-08-11,0.6775640249252319,0.7236570119857788,0.6775640249252319,0.7236570119857788,35607496
2004-08-12,0.6913920044898987,0.6913920044898987,0.6683449745178223,0.6775640249252319,28057513
2004-08-13,0.6913920044898987,0.6913920044898987,0.6775640249252319,0.6775640249252319,5299089
2004-08-16,0.6913920044898987,0.6960009932518005,0.6637359857559204,0.6821730136871338,14454528
2004-08-17,0.6821730136871338,0.6913920044898987,0.6775640249252319,0.6913920044898987,4846199
2004-08-18,0.6821730136871338,0.6913920044898987,0.6821730136871338,0.6913920044898987,3666514
2004-08-19,0.6821730136871338,0.7006099820137024,0.6775640249252319,0.6867830157279968,21581451
2004-08-20,0.6867830157279968,0.6867830157279968,0.6775640249252319,0.6867830157279968,18744783
2004-08-23,0.6729549765586853,0.6913920044898987,0.6591269969940186,0.6913920044898987,11661251
2004-08-24,0.6637359857559204,0.6729549765586853,0.6545180082321167,0.6729549765586853,17725102
2004-08-25,0.64069002866745,0.6683449745178223,0.64069002866745,0.6683449745178223,26132051
2004-08-26,0.6268619894981384,0.6591269969940186,0.6222530007362366,0.6545180082321167,45647020
2004-08-27,0.6452990174293518,0.6499080061912537,0.6314709782600403,0.6360800266265869,53674300
2004-08-30,0.64069002866745,0.6545180082321167,0.64069002866745,0.6452990174293518,11531079
2004-08-31,0.6775640249252319,0.6775640249252319,0.64069002866745,0.6499080061912537,12420588
2004-09-01,0.6683449745178223,0.6775640249252319,0.6637359857559204,0.6775640249252319,11238192
2004-09-02,0.6683449745178223,0.6729549765586853,0.6637359857559204,0.6729549765586853,16537281
2004-09-03,0.6591269969940186,0.6729549765586853,0.6591269969940186,0.6729549765586853,10142576
2004-09-06,0.6729549765586853,0.6775640249252319,0.6591269969940186,0.6637359857559204,13217893
2004-09-07,0.6960009932518005,0.6960009932518005,0.6775640249252319,0.6775640249252319,43716133
2004-09-08,0.6867830157279968,0.6913920044898987,0.6775640249252319,0.6913920044898987,9280186
2004-09-09,0.6729549765586853,0.6821730136871338,0.6729549765586853,0.6775640249252319,3753295
2004-09-10,0.6821730136871338,0.6821730136871338,0.6683449745178223,0.6729549765586853,3373627
2004-09-13,0.64069002866745,0.6683449745178223,0.6360800266265869,0.6683449745178223,40244877
2004-09-14,0.6637359857559204,0.6729549765586853,0.6452990174293518,0.6452990174293518,19585478
2004-09-15,0.6960009932518005,0.7052199840545654,0.6775640249252319,0.6821730136871338,78537173
2004-09-16,0.719048023223877,0.7236570119857788,0.6913920044898987,0.7006099820137024,68362053
2004-09-17,0.7144380211830139,0.7236570119857788,0.7098289728164673,0.7236570119857788,20062776
2004-09-20,0.7098289728164673,0.719048023223877,0.6960009932518005,0.7144380211830139,13103992
2004-09-21,0.7052199840545654,0.7328749895095825,0.7052199840545654,0.719048023223877,22470960
2004-09-22,0.7052199840545654,0.7098289728164673,0.7006099820137024,0.7052199840545654,8249657
2004-09-23,0.7144380211830139,0.719048023223877,0.7006099820137024,0.7006099820137024,8743226
2004-09-24,0.7006099820137024,0.7144380211830139,0.6960009932518005,0.7144380211830139,23772681
2004-09-27,0.7006099820137024,0.7052199840545654,0.6960009932518005,0.7006099820137024,7067260
2004-09-28,0.7006099820137024,0.7006099820137024,0.6913920044898987,0.7006099820137024,11520231
2004-09-29,0.7006099820137024,0.7006099820137024,0.7006099820137024,0.7006099820137024,0
2004-09-30,0.7006099820137024,0.7052199840545654,0.6913920044898987,0.7006099820137024,17801036
2004-10-01,0.7006099820137024,0.7006099820137024,0.7006099820137024,0.7006099820137024,0
2004-10-04,0.7236570119857788,0.7328749895095825,0.7006099820137024,0.7006099820137024,33660338
2004-10-05,0.7697499990463257,0.7927960157394409,0.7282660007476807,0.7282660007476807,122007282
2004-10-06,0.7881870269775391,0.7974050045013428,0.7743589878082275,0.7743589878082275,103920247
2004-10-07,0.7927960157394409,0.8112329840660095,0.783577024936676,0.7927960157394409,53668876
2004-10-08,0.7881870269775391,0.8112329840660095,0.7651399970054626,0.8020150065422058,47125016
2004-10-11,0.825061023235321,0.8434979915618896,0.7881870269775391,0.7881870269775391,109109070
2004-10-12,0.8388890027999878,0.8434979915618896,0.8204519748687744,0.8296700119972229,70363449
2004-10-13,0.8112329840660095,0.8388890027999878,0.8020150065422058,0.8388890027999878,30319254
2004-10-14,0.8112329840660095,0.825061023235321,0.7974050045013428,0.8112329840660095,21055338
2004-10-15,0.8342800140380859,0.8342800140380859,0.8020150065422058,0.8066239953041077,15474209
2004-10-18,0.8481069803237915,0.861935019493103,0.8342800140380859,0.8342800140380859,36974303
2004-10-19,0.8434979915618896,0.861935019493103,0.825061023235321,0.8481069803237915,11916171
2004-10-20,0.8066239953041077,0.8434979915618896,0.7974050045013428,0.8388890027999878,20258034
2004-10-21,0.7927960157394409,0.8066239953041077,0.7881870269775391,0.8066239953041077,24488628
2004-10-22,0.7927960157394409,0.7927960157394409,0.7927960157394409,0.7927960157394409,0
2004-10-25,0.7697499990463257,0.7927960157394409,0.7697499990463257,0.7927960157394409,21218054
2004-10-26,0.7697499990463257,0.7743589878082275,0.7605310082435608,0.7651399970054626,21776709
2004-10-27,0.8204519748687744,0.825061023235321,0.7974050045013428,0.7974050045013428,52166473
2004-10-28,0.8573259711265564,0.8849819898605347,0.8342800140380859,0.8342800140380859,117366429
2004-10-29,0.8481069803237915,0.861935019493103,0.8342800140380859,0.8388890027999878,24879144
2004-11-01,0.8481069803237915,0.8481069803237915,0.8342800140380859,0.8388890027999878,5000778
2004-11-02,0.8803719878196716,0.8849819898605347,0.8434979915618896,0.8481069803237915,40413016
2004-11-03,0.8665450215339661,0.8757629990577698,0.8527169823646545,0.8665450215339661,23642509
2004-11-04,0.8158419728279114,0.8665450215339661,0.8158419728279114,0.8665450215339661,37928898
2004-11-05,0.8296700119972229,0.8434979915618896,0.8204519748687744,0.8342800140380859,24146926
2004-11-08,0.8296700119972229,0.8342800140380859,0.8204519748687744,0.8296700119972229,13521628
2004-11-09,0.8388890027999878,0.8573259711265564,0.8342800140380859,0.8388890027999878,26311037
2004-11-10,0.8434979915618896,0.8527169823646545,0.8388890027999878,0.8527169823646545,11547351
2004-11-11,0.8296700119972229,0.8434979915618896,0.8296700119972229,0.8434979915618896,12518218
2004-11-12,0.8527169823646545,0.861935019493103,0.8388890027999878,0.8527169823646545,35417661
2004-11-15,0.8573259711265564,0.8803719878196716,0.8527169823646545,0.8527169823646545,64890797
2004-11-16,0.861935019493103,0.861935019493103,0.8434979915618896,0.8527169823646545,34495609
2004-11-17,0.9310749769210817,0.9495120048522948,0.8573259711265564,0.8573259711265564,155555672
2004-11-18,0.861935019493103,0.9679489731788636,0.861935019493103,0.9310749769210817,171301074
2004-11-19,0.90802800655365,0.90802800655365,0.861935019493103,0.8665450215339661,68801384
2004-11-22,0.94029301404953,0.9679489731788636,0.8988100290298462,0.90802800655365,65877935
2004-11-23,0.9956039786338806,1.0140420198440552,0.94029301404953,0.94029301404953,53055982
2004-11-24,0.9679489731788636,1.0048229694366455,0.9495120048522948,1.0048229694366455,34007463
2004-11-25,0.9679489731788636,0.9863860011100768,0.94029301404953,0.9587299823760986,31528770
2004-11-26,1.0048229694366455,1.0232599973678589,0.9495120048522948,0.9495120048522948,53413956
2004-11-29,1.0693529844284058,1.0970089435577393,1.0140420198440552,1.0140420198440552,63220255
2004-11-30,1.0877900123596191,1.1154459714889526,1.0601340532302856,1.0601340532302856,22129258
2004-12-01,1.0601340532302856,1.0877900123596191,1.0509159564971924,1.0877900123596191,24374727
2004-12-02,1.1154459714889526,1.1246639490127563,1.0785720348358154,1.0970089435577393,39393335
2004-12-03,1.0785720348358154,1.1707570552825928,1.0785720348358154,1.133882999420166,31290121
2004-12-06,1.0877900123596191,1.1062270402908323,1.0785720348358154,1.0877900123596191,5006202
2004-12-07,1.0232599973678589,1.0877900123596191,1.0048229694366455,1.0877900123596191,57134709
2004-12-08,0.9956039786338806,1.0232599973678589,0.9956039786338806,1.0232599973678589,24705581
2004-12-09,1.0048229694366455,1.0232599973678589,0.9956039786338806,1.0140420198440552,21369921
2004-12-10,1.0232599973678589,1.0601340532302856,1.0048229694366455,1.0140420198440552,25991031
2004-12-13,1.0509159564971924,1.0601340532302856,1.0324790477752686,1.0509159564971924,17171870
2004-12-14,1.0232599973678589,1.0509159564971924,1.0140420198440552,1.0509159564971924,57340814
2004-12-15,1.0601340532302856,1.0693529844284058,1.0232599973678589,1.0232599973678589,43455789
2004-12-16,1.0509159564971924,1.0785720348358154,1.0416970252990725,1.0785720348358154,6806916
2004-12-17,1.0232599973678589,1.0509159564971924,1.0232599973678589,1.0509159564971924,9442901
2004-12-20,0.977167010307312,1.0324790477752686,0.9679489731788636,1.0232599973678589,43846306
2004-12-21,1.0232599973678589,1.0416970252990725,0.9956039786338806,0.9956039786338806,46455172
2004-12-22,0.94029301404953,1.0324790477752686,0.9310749769210817,1.0232599973678589,92677119
2004-12-23,0.8942000269889832,0.9218559861183168,0.861935019493103,0.9218559861183168,139511959
2004-12-24,0.9172469973564148,0.9172469973564148,0.8942000269889832,0.8942000269889832,22644523
2004-12-27,0.9172469973564148,0.9172469973564148,0.9172469973564148,0.9172469973564148,0
2004-12-28,0.8988100290298462,0.9172469973564148,0.8803719878196716,0.9172469973564148,34934940
2004-12-29,0.8757629990577698,0.8988100290298462,0.8527169823646545,0.8988100290298462,45337861
2004-12-30,0.8573259711265564,0.8757629990577698,0.8527169823646545,0.8711540102958679,38183819
2004-12-31,0.8527169823646545,0.8711540102958679,0.8527169823646545,0.8573259711265564,42126949
2005-01-03,0.8527169823646545,0.8757629990577698,0.8527169823646545,0.8665450215339661,46194827
2005-01-04,0.8849819898605347,0.8849819898605347,0.8573259711265564,0.861935019493103,89439087
2005-01-05,0.8665450215339661,0.8757629990577698,0.8573259711265564,0.8757629990577698,52605804
2005-01-06,0.8665450215339661,0.8711540102958679,0.8573259711265564,0.8665450215339661,44572015
2005-01-07,0.8665450215339661,0.8757629990577698,0.8573259711265564,0.8665450215339661,40608274
2005-01-10,0.8895909786224365,0.9172469973564148,0.8757629990577698,0.8757629990577698,39116719
2005-01-11,0.8757629990577698,0.903419017791748,0.8711540102958679,0.903419017791748,45023278
2005-01-12,0.8757629990577698,0.8849819898605347,0.8711540102958679,0.8849819898605347,26359852
2005-01-13,0.861935019493103,0.8803719878196716,0.8527169823646545,0.8757629990577698,22275702
2005-01-14,0.8757629990577698,0.8849819898605347,0.8573259711265564,0.8573259711265564,32103696
2005-01-17,0.8757629990577698,0.8757629990577698,0.8665450215339661,0.8757629990577698,20019385
2005-01-18,0.8665450215339661,0.8803719878196716,0.8573259711265564,0.8803719878196716,21478398
2005-01-19,0.861935019493103,0.8803719878196716,0.8434979915618896,0.8711540102958679,18023413
2005-01-20,0.8342800140380859,0.8481069803237915,0.8158419728279114,0.8481069803237915,44339875
2005-01-21,0.7974050045013428,0.8296700119972229,0.7881870269775391,0.8296700119972229,33991192
2005-01-24,0.8204519748687744,0.8204519748687744,0.7881870269775391,0.7927960157394409,42333055
2005-01-25,0.8296700119972229,0.8296700119972229,0.7927960157394409,0.8204519748687744,24304217
2005-01-26,0.8158419728279114,0.8434979915618896,0.8112329840660095,0.8434979915618896,15121660
2005-01-27,0.8204519748687744,0.8342800140380859,0.8204519748687744,0.825061023235321,25486614
2005-01-28,0.8342800140380859,0.8342800140380859,0.8158419728279114,0.8204519748687744,26603925
2005-01-31,0.8388890027999878,0.8388890027999878,0.8204519748687744,0.8296700119972229,19108181
2005-02-01,0.861935019493103,0.8665450215339661,0.8388890027999878,0.8388890027999878,27047595
2005-02-02,0.8942000269889832,0.8942000269889832,0.8665450215339661,0.8757629990577698,58029642
2005-02-03,0.8849819898605347,0.90802800655365,0.8757629990577698,0.8895909786224365,12099497
2005-02-04,0.9218559861183168,0.9587299823760986,0.8849819898605347,0.8849819898605347,83657276
2005-02-07,0.9126369953155518,0.94029301404953,0.9126369953155518,0.94029301404953,18728512
2005-02-08,0.8895909786224365,0.9172469973564148,0.8757629990577698,0.9126369953155518,32423703
2005-02-14,0.9218559861183168,0.9218559861183168,0.8942000269889832,0.8988100290298462,36128184
2005-02-15,0.903419017791748,0.9218559861183168,0.8895909786224365,0.9218559861183168,23365893
2005-02-16,0.8942000269889832,0.9126369953155518,0.8849819898605347,0.90802800655365,10154238
2005-02-17,0.903419017791748,0.9172469973564148,0.8942000269889832,0.903419017791748,12467787
2005-02-18,0.90802800655365,0.90802800655365,0.8942000269889832,0.903419017791748,6145208
2005-02-21,0.9863860011100768,0.9956039786338806,0.9126369953155518,0.9126369953155518,226282519
2005-02-22,0.9679489731788636,0.9863860011100768,0.9587299823760986,0.9863860011100768,30820416
2005-02-23,0.9587299823760986,0.977167010307312,0.9310749769210817,0.977167010307312,51298659
2005-02-24,0.9495120048522948,0.977167010307312,0.9495120048522948,0.977167010307312,14318932
2005-02-25,0.977167010307312,0.977167010307312,0.9587299823760986,0.9679489731788636,15306070
2005-02-28,0.94029301404953,0.9863860011100768,0.9172469973564148,0.977167010307312,29169400
2005-03-01,0.9495120048522948,0.9495120048522948,0.9310749769210817,0.9495120048522948,5423837
2005-03-02,0.9310749769210817,0.9495120048522948,0.9310749769210817,0.9495120048522948,6445146
2005-03-03,0.94029301404953,0.94029301404953,0.9218559861183168,0.9310749769210817,10290647
2005-03-04,0.9587299823760986,0.9863860011100768,0.9495120048522948,0.9495120048522948,28502268
2005-03-07,0.977167010307312,0.9863860011100768,0.9679489731788636,0.977167010307312,22069596
2005-03-08,0.977167010307312,1.0048229694366455,0.977167010307312,0.977167010307312,21581451
2005-03-09,0.9587299823760986,0.977167010307312,0.9587299823760986,0.977167010307312,8124909
2005-03-10,0.9863860011100768,0.9956039786338806,0.9495120048522948,0.9587299823760986,21451279
2005-03-11,0.977167010307312,0.977167010307312,0.9495120048522948,0.977167010307312,16076255
2005-03-14,0.9587299823760986,0.9679489731788636,0.9587299823760986,0.9587299823760986,5836049
2005-03-15,0.94029301404953,0.9587299823760986,0.9310749769210817,0.9587299823760986,13429422
2005-03-16,0.9310749769210817,0.9495120048522948,0.9172469973564148,0.9310749769210817,13505356
2005-03-17,0.9495120048522948,0.9587299823760986,0.9172469973564148,0.9218559861183168,34360013
2005-03-18,0.9679489731788636,0.977167010307312,0.94029301404953,0.9587299823760986,26533415
2005-03-21,1.0232599973678589,1.0509159564971924,0.9495120048522948,0.977167010307312,86835645
2005-03-22,1.0140420198440552,1.0232599973678589,0.9956039786338806,1.0140420198440552,21049969
2005-03-23,1.0232599973678589,1.0324790477752686,0.9956039786338806,0.9956039786338806,26245951
2005-03-24,1.0693529844284058,1.0970089435577393,1.0232599973678589,1.0232599973678589,79735841
2005-03-29,1.0693529844284058,1.0785720348358154,1.0601340532302856,1.0601340532302856,30481969
2005-03-30,1.0601340532302856,1.0693529844284058,1.0416970252990725,1.0509159564971924,27551469
2005-03-31,1.0416970252990725,1.0693529844284058,1.0416970252990725,1.0601340532302856,30555191
2005-04-01,1.0416970252990725,1.0509159564971924,1.0048229694366455,1.0509159564971924,13722310
2005-04-04,1.0140420198440552,1.0416970252990725,1.0048229694366455,1.0416970252990725,19346829
2005-04-06,1.0232599973678589,1.0232599973678589,1.0048229694366455,1.0140420198440552,15306070
2005-04-07,1.0232599973678589,1.0324790477752686,1.0140420198440552,1.0324790477752686,19851246
2005-04-08,1.0140420198440552,1.0324790477752686,1.0140420198440552,1.0324790477752686,14449104
2005-04-11,1.0048229694366455,1.0232599973678589,0.9956039786338806,1.0232599973678589,10272749
2005-04-12,1.0232599973678589,1.0324790477752686,1.0140420198440552,1.0140420198440552,15794216
2005-04-13,1.0140420198440552,1.0232599973678589,0.9956039786338806,1.0232599973678589,4411424
2005-04-14,0.9956039786338806,1.0048229694366455,0.977167010307312,1.0048229694366455,15457938
2005-04-15,0.9587299823760986,0.977167010307312,0.9495120048522948,0.977167010307312,13158230
2005-04-18,0.9310749769210817,0.9495120048522948,0.9310749769210817,0.94029301404953,24363880
2005-04-19,0.94029301404953,0.9495120048522948,0.9218559861183168,0.9310749769210817,27015594
2005-04-20,0.94029301404953,0.9587299823760986,0.94029301404953,0.9495120048522948,11840238
2005-04-21,0.94029301404953,0.94029301404953,0.9310749769210817,0.94029301404953,11270735
2005-04-22,0.9863860011100768,0.9863860011100768,0.9587299823760986,0.9587299823760986,23886582
2005-04-25,0.9679489731788636,0.977167010307312,0.9587299823760986,0.977167010307312,15175898
2005-04-26,0.9863860011100768,0.9956039786338806,0.9587299823760986,0.977167010307312,21256020
2005-04-27,1.0048229694366455,1.0140420198440552,0.977167010307312,0.9863860011100768,50461164
2005-04-28,1.0324790477752686,1.0324790477752686,1.0140420198440552,1.0140420198440552,12011631
2005-04-29,0.9956039786338806,1.0324790477752686,0.977167010307312,1.0324790477752686,16092527
2005-05-03,1.0140420198440552,1.0232599973678589,0.9956039786338806,0.9956039786338806,18809870
2005-05-04,1.0140420198440552,1.0140420198440552,1.0048229694366455,1.0140420198440552,3368203
2005-05-05,1.0416970252990725,1.0509159564971924,1.0140420198440552,1.0140420198440552,20019385
2005-05-06,1.0324790477752686,1.0509159564971924,1.0232599973678589,1.0416970252990725,10272749
2005-05-09,1.0324790477752686,1.0416970252990725,1.0140420198440552,1.0324790477752686,14340627
2005-05-10,1.0416970252990725,1.0509159564971924,1.0324790477752686,1.0509159564971924,21977391
2005-05-11,1.0048229694366455,1.0324790477752686,1.0048229694366455,1.0324790477752686,15219289
2005-05-12,1.0140420198440552,1.0232599973678589,0.9956039786338806,1.0140420198440552,9860537
2005-05-13,0.9679489731788636,1.0140420198440552,0.9679489731788636,1.0140420198440552,22064172
2005-05-17,0.9863860011100768,0.9863860011100768,0.9587299823760986,0.977167010307312,4838063
2005-05-18,0.977167010307312,0.9956039786338806,0.9587299823760986,0.9863860011100768,11829390
2005-05-19,1.0324790477752686,1.0416970252990725,0.9587299823760986,0.9679489731788636,58940847
2005-05-20,1.0140420198440552,1.0416970252990725,1.0140420198440552,1.0324790477752686,18419353
2005-05-23,1.0140420198440552,1.0140420198440552,0.9956039786338806,1.0140420198440552,12129898
2005-05-24,1.0048229694366455,1.0140420198440552,0.9956039786338806,1.0140420198440552,12333807
2005-05-25,1.0048229694366455,1.0232599973678589,0.9956039786338806,1.0140420198440552,24027602
2005-05-26,1.0232599973678589,1.0324790477752686,0.9863860011100768,1.0048229694366455,23929973
2005-05-27,1.0324790477752686,1.0416970252990725,1.0048229694366455,1.0324790477752686,40982519
2005-05-30,1.0140420198440552,1.0324790477752686,1.0140420198440552,1.0324790477752686,14720296
2005-05-31,1.0232599973678589,1.0232599973678589,1.0140420198440552,1.0232599973678589,79464649
2005-06-01,1.0232599973678589,1.0324790477752686,1.0232599973678589,1.0232599973678589,23501489
2005-06-02,1.0693529844284058,1.0877900123596191,1.0324790477752686,1.0324790477752686,107375720
2005-06-03,1.0416970252990725,1.1062270402908323,1.0416970252990725,1.0785720348358154,32464382
2005-06-06,1.0601340532302856,1.0785720348358154,1.0509159564971924,1.0509159564971924,31745723
2005-06-07,1.0693529844284058,1.0785720348358154,1.0601340532302856,1.0693529844284058,13174502
2005-06-08,1.0970089435577393,1.1062270402908323,1.0693529844284058,1.0693529844284058,53699369
2005-06-09,1.0970089435577393,1.1062270402908323,1.0785720348358154,1.0970089435577393,14790806
2005-06-10,1.0785720348358154,1.1154459714889526,1.0785720348358154,1.0970089435577393,11407415
2005-06-13,1.0877900123596191,1.0970089435577393,1.0693529844284058,1.0877900123596191,10248341
2005-06-14,1.1062270402908323,1.1246639490127563,1.0877900123596191,1.0877900123596191,32852701
2005-06-15,1.1062270402908323,1.1154459714889526,1.0970089435577393,1.1062270402908323,5033321
2005-06-16,1.0970089435577393,1.1062270402908323,1.0601340532302856,1.1062270402908323,9697822
2005-06-17,1.1523200273513794,1.1615389585494995,1.0877900123596191,1.0877900123596191,45386676
2005-06-20,1.1523200273513794,1.1523200273513794,1.133882999420166,1.1431009769439695,24629648
2005-06-21,1.133882999420166,1.1431009769439695,1.133882999420166,1.1431009769439695,8716107
2005-06-22,1.179975986480713,1.1984130144119265,1.133882999420166,1.1431009769439695,26864269
2005-06-23,1.1891939640045166,1.2260689735412598,1.179975986480713,1.179975986480713,50075312
2005-06-24,1.1891939640045166,1.1984130144119265,1.1707570552825928,1.1984130144119265,57169909
2005-06-27,1.179975986480713,1.1891939640045166,1.1707570552825928,1.179975986480713,19596326
2005-06-28,1.1246639490127563,1.1615389585494995,1.1154459714889526,1.1615389585494995,56760464
2005-06-29,1.133882999420166,1.1431009769439695,1.133882999420166,1.1431009769439695,10261901
2005-06-30,1.0877900123596191,1.1431009769439695,1.0785720348358154,1.133882999420166,34327470
2005-07-04,1.0970089435577393,1.1154459714889526,1.0785720348358154,1.0877900123596191,25882554
2005-07-05,1.0970089435577393,1.1062270402908323,1.0877900123596191,1.0877900123596191,8265929
2005-07-06,1.133882999420166,1.133882999420166,1.0970089435577393,1.0970089435577393,32689471
2005-07-07,1.0877900123596191,1.1246639490127563,1.0877900123596191,1.1246639490127563,27238514
2005-07-08,1.1154459714889526,1.1246639490127563,1.0970089435577393,1.0970089435577393,34247116
2005-07-11,1.179975986480713,1.1891939640045166,1.1246639490127563,1.1246639490127563,33372874
2005-07-12,1.1615389585494995,1.1891939640045166,1.1431009769439695,1.179975986480713,49312070
2005-07-13,1.1431009769439695,1.1615389585494995,1.1431009769439695,1.1431009769439695,30872485
2005-07-14,1.179975986480713,1.1891939640045166,1.1431009769439695,1.1431009769439695,124384875
2005-07-15,1.1707570552825928,1.179975986480713,1.1523200273513794,1.179975986480713,7609644
2005-07-18,1.1431009769439695,1.179975986480713,1.1431009769439695,1.1707570552825928,28008699
2005-07-19,1.1246639490127563,1.1431009769439695,1.0970089435577393,1.1431009769439695,26799183
2005-07-20,1.0970089435577393,1.1246639490127563,1.0970089435577393,1.1246639490127563,46287033
2005-07-21,1.1154459714889526,1.1431009769439695,1.1062270402908323,1.1062270402908323,26961898
2005-07-22,1.0693529844284058,1.1154459714889526,1.0601340532302856,1.1154459714889526,45972450
2005-07-25,1.1062270402908323,1.1154459714889526,1.0601340532302856,1.0601340532302856,43379855
2005-07-26,1.1062270402908323,1.133882999420166,1.1062270402908323,1.1154459714889526,11943291
2005-07-27,1.1246639490127563,1.1246639490127563,1.1154459714889526,1.1246639490127563,3335660
2005-07-28,1.1246639490127563,1.1431009769439695,1.1154459714889526,1.133882999420166,3601428
2005-07-29,1.1246639490127563,1.1246639490127563,1.1154459714889526,1.1246639490127563,6958784
2005-08-01,1.1154459714889526,1.1246639490127563,1.1062270402908323,1.1246639490127563,12870767
2005-08-02,1.0970089435577393,1.133882999420166,1.0970089435577393,1.1246639490127563,10408345
2005-08-03,1.0877900123596191,1.1062270402908323,1.0601340532302856,1.1062270402908323,38541792
2005-08-04,1.0970089435577393,1.1154459714889526,1.0970089435577393,1.1062270402908323,18072228
2005-08-05,1.0785720348358154,1.1062270402908323,1.0601340532302856,1.0970089435577393,13277555
2005-08-08,1.1062270402908323,1.1246639490127563,1.0970089435577393,1.1062270402908323,30634677
2005-08-09,1.133882999420166,1.1523200273513794,1.1246639490127563,1.1246639490127563,47892489
2005-08-10,1.179975986480713,1.179975986480713,1.1431009769439695,1.1523200273513794,21586875
2005-08-11,1.20763099193573,1.2168500423431396,1.1615389585494995,1.179975986480713,25003892
2005-08-12,1.3459099531173706,1.3735660314559937,1.2352869510650637,1.2352869510650637,120631580
2005-08-15,1.4012210369110107,1.4104399681091309,1.3459099531173706,1.392003059387207,46780493
2005-08-16,1.355128049850464,1.4012210369110107,1.3274730443954468,1.4012210369110107,36623381
2005-08-17,1.318253993988037,1.3459099531173706,1.2998169660568235,1.3274730443954468,45140813
2005-08-18,1.2537239789962769,1.318253993988037,1.2260689735412598,1.318253993988037,30780280
2005-08-19,1.29059898853302,1.29059898853302,1.2445060014724731,1.2629430294036863,7799478
2005-08-22,1.29059898853302,1.2998169660568235,1.2721610069274902,1.2998169660568235,4366189
2005-08-23,1.2998169660568235,1.3090360164642334,1.2721610069274902,1.29059898853302,10858523
2005-08-24,1.3274730443954468,1.364346981048584,1.29059898853302,1.3274730443954468,29527373
2005-08-25,1.392003059387207,1.392003059387207,1.3459099531173706,1.3459099531173706,50047651
2005-08-26,1.465751051902771,1.4749699831008911,1.3735660314559937,1.392003059387207,59062883
2005-08-29,1.4288769960403442,1.4565329551696775,1.4104399681091309,1.4565329551696775,47827403
2005-08-30,1.3827840089797974,1.438096046447754,1.364346981048584,1.4288769960403442,29201943
2005-08-31,1.3827840089797974,1.4104399681091309,1.364346981048584,1.4012210369110107,21594500
2005-09-01,1.5026259422302246,1.511844038963318,1.392003059387207,1.4012210369110107,57104335
2005-09-02,1.5302809476852417,1.5394999980926514,1.4841879606246948,1.511844038963318,32966087
2005-09-05,1.465751051902771,1.5302809476852417,1.465751051902771,1.521062970161438,24390999
2005-09-06,1.4288769960403442,1.4934070110321045,1.4196579456329346,1.4934070110321045,11021238
2005-09-07,1.4749699831008911,1.4934070110321045,1.4473140239715576,1.4473140239715576,16521010
2005-09-08,1.4749699831008911,1.4749699831008911,1.4288769960403442,1.438096046447754,37196680
2005-09-09,1.5026259422302246,1.5302809476852417,1.4749699831008911,1.4749699831008911,30460273
2005-09-12,1.5671550035476685,1.594810962677002,1.5026259422302246,1.5026259422302246,41264559
2005-09-13,1.5394999980926514,1.613247990608215,1.5302809476852417,1.6040300130844116,31637246
2005-09-14,1.5671550035476685,1.576374053955078,1.548717975616455,1.548717975616455,11715489
2005-09-15,1.4841879606246948,1.511844038963318,1.4565329551696775,1.511844038963318,64554519
2005-09-16,1.4565329551696775,1.4934070110321045,1.438096046447754,1.4841879606246948,32651504
2005-09-20,1.521062970161438,1.5394999980926514,1.4841879606246948,1.4841879606246948,19973239
2005-09-21,1.548717975616455,1.6040300130844116,1.521062970161438,1.5302809476852417,46037536
2005-09-22,1.6316850185394287,1.6777780055999756,1.5394999980926514,1.548717975616455,37419058
2005-09-23,1.6501230001449585,1.6593409776687622,1.6040300130844116,1.6501230001449585,12952125
2005-09-26,1.6316850185394287,1.6593409776687622,1.622467041015625,1.6409039497375488,11726337
2005-09-27,1.622467041015625,1.705433964729309,1.613247990608215,1.6409039497375488,31187068
2005-09-28,1.613247990608215,1.6409039497375488,1.594810962677002,1.622467041015625,11395483
2005-09-29,1.733090043067932,1.751526951789856,1.613247990608215,1.622467041015625,45798887
2005-09-30,1.7423080205917358,1.751526951789856,1.6869970560073853,1.7423080205917358,18175280
2005-10-03,1.733090043067932,1.7884010076522827,1.7146519422531128,1.733090043067932,15262680
2005-10-04,1.7238709926605225,1.733090043067932,1.7146519422531128,1.7146519422531128,13028058
2005-10-05,1.705433964729309,1.7146519422531128,1.6777780055999756,1.7146519422531128,22051578
2005-10-06,1.668560028076172,1.696215033531189,1.6316850185394287,1.6777780055999756,6970662
2005-10-07,1.6501230001449585,1.668560028076172,1.613247990608215,1.668560028076172,10147691
2005-10-10,1.6316850185394287,1.6777780055999756,1.622467041015625,1.6501230001449585,3612276
2005-10-12,1.521062970161438,1.6316850185394287,1.5026259422302246,1.6316850185394287,23105549
2005-10-13,1.5302809476852417,1.5394999980926514,1.4841879606246948,1.4934070110321045,18126466
2005-10-14,1.521062970161438,1.5394999980926514,1.4934070110321045,1.5302809476852417,11802271
2005-10-17,1.5302809476852417,1.5394999980926514,1.521062970161438,1.5302809476852417,6237413
2005-10-18,1.5026259422302246,1.5394999980926514,1.4473140239715576,1.5394999980926514,17882393
2005-10-19,1.465751051902771,1.521062970161438,1.4565329551696775,1.4934070110321045,7857649
2005-10-20,1.5394999980926514,1.548717975616455,1.511844038963318,1.5302809476852417,16168460
2005-10-21,1.6040300130844116,1.6777780055999756,1.5302809476852417,1.5394999980926514,34480053
2005-10-24,1.5579370260238647,1.6409039497375488,1.5394999980926514,1.6316850185394287,21261444
2005-10-25,1.465751051902771,1.613247990608215,1.465751051902771,1.5855929851531982,11200225
2005-10-26,1.511844038963318,1.521062970161438,1.4841879606246948,1.4934070110321045,13472813
2005-10-27,1.5026259422302246,1.521062970161438,1.4934070110321045,1.521062970161438,5022473
2005-10-28,1.4934070110321045,1.4934070110321045,1.4565329551696775,1.4841879606246948,23002496
2005-10-31,1.4841879606246948,1.511844038963318,1.4749699831008911,1.511844038963318,10630722
2005-11-01,1.521062970161438,1.548717975616455,1.5026259422302246,1.521062970161438,11612437
2005-11-02,1.594810962677002,1.594810962677002,1.5302809476852417,1.548717975616455,10602518
2005-11-03,1.6593409776687622,1.6777780055999756,1.6040300130844116,1.6040300130844116,22769271
2005-11-04,1.6040300130844116,1.668560028076172,1.5671550035476685,1.6593409776687622,16190156
2005-11-07,1.5671550035476685,1.622467041015625,1.5394999980926514,1.594810962677002,9638160
2005-11-08,1.622467041015625,1.622467041015625,1.5671550035476685,1.5671550035476685,12881615
2005-11-09,1.594810962677002,1.622467041015625,1.5855929851531982,1.622467041015625,10592755
2005-11-10,1.5855929851531982,1.613247990608215,1.5855929851531982,1.6040300130844116,2566560
2005-11-11,1.6409039497375488,1.6593409776687622,1.613247990608215,1.613247990608215,15268103
2005-11-14,1.521062970161438,1.6501230001449585,1.4934070110321045,1.6409039497375488,56364524
2005-11-15,1.548717975616455,1.576374053955078,1.5394999980926514,1.548717975616455,38422468
2005-11-16,1.3366910219192505,1.5671550035476685,1.3366910219192505,1.548717975616455,216411134
2005-11-17,1.4565329551696775,1.4934070110321045,1.4196579456329346,1.4196579456329346,147040247
2005-11-18,1.511844038963318,1.5302809476852417,1.4934070110321045,1.5026259422302246,52676314
2005-11-21,1.521062970161438,1.5394999980926514,1.521062970161438,1.5394999980926514,19102757
2005-11-22,1.511844038963318,1.548717975616455,1.511844038963318,1.5302809476852417,29332115
2005-11-23,1.4749699831008911,1.5302809476852417,1.438096046447754,1.5302809476852417,54699405
2005-11-24,1.5855929851531982,1.6040300130844116,1.4841879606246948,1.4841879606246948,96374977
2005-11-25,1.5855929851531982,1.6040300130844116,1.5671550035476685,1.5855929851531982,34680019
2005-11-28,1.5394999980926514,1.594810962677002,1.5302809476852417,1.5855929851531982,15306070
2005-11-29,1.511844038963318,1.5394999980926514,1.5026259422302246,1.5394999980926514,19135300
2005-11-30,1.4473140239715576,1.5302809476852417,1.4473140239715576,1.511844038963318,51060010
2005-12-01,1.511844038963318,1.511844038963318,1.465751051902771,1.465751051902771,25003892
2005-12-02,1.5026259422302246,1.548717975616455,1.4749699831008911,1.521062970161438,23246569
2005-12-05,1.548717975616455,1.5579370260238647,1.511844038963318,1.511844038963318,23037914
2005-12-06,1.5302809476852417,1.5394999980926514,1.511844038963318,1.521062970161438,17274923
2005-12-07,1.521062970161438,1.521062970161438,1.5026259422302246,1.521062970161438,11384635
2005-12-08,1.5302809476852417,1.5302809476852417,1.5026259422302246,1.5026259422302246,12290416
2005-12-09,1.521062970161438,1.5394999980926514,1.511844038963318,1.521062970161438,12398893
2005-12-12,1.5671550035476685,1.576374053955078,1.521062970161438,1.5302809476852417,24412694
2005-12-13,1.5671550035476685,1.5855929851531982,1.548717975616455,1.5855929851531982,7555406
2005-12-14,1.5579370260238647,1.576374053955078,1.548717975616455,1.5671550035476685,9795451
2005-12-15,1.548717975616455,1.5579370260238647,1.5394999980926514,1.5579370260238647,14801653
2005-12-16,1.511844038963318,1.548717975616455,1.5026259422302246,1.548717975616455,14046053
2005-12-19,1.521062970161438,1.521062970161438,1.5026259422302246,1.511844038963318,15913540
2005-12-20,1.5394999980926514,1.5579370260238647,1.511844038963318,1.511844038963318,36073946
2005-12-21,1.5671550035476685,1.576374053955078,1.5302809476852417,1.548717975616455,20772323
2005-12-22,1.5671550035476685,1.576374053955078,1.5394999980926514,1.5394999980926514,16173884
2005-12-23,1.5579370260238647,1.5671550035476685,1.5579370260238647,1.5671550035476685,7869988
2005-12-28,1.521062970161438,1.5579370260238647,1.521062970161438,1.5579370260238647,9215100
2005-12-29,1.521062970161438,1.548717975616455,1.511844038963318,1.5302809476852417,20404478
2005-12-30,1.5302809476852417,1.5302809476852417,1.511844038963318,1.521062970161438,12076337
2006-01-03,1.6040300130844116,1.622467041015625,1.5394999980926514,1.5394999980926514,48011813
2006-01-04,1.668560028076172,1.6869970560073853,1.613247990608215,1.622467041015625,39840465
2006-01-05,1.6409039497375488,1.6869970560073853,1.6040300130844116,1.6777780055999756,18205361
2006-01-06,1.733090043067932,1.7423080205917358,1.613247990608215,1.6409039497375488,27428348
2006-01-09,1.7607450485229492,1.7607450485229492,1.7238709926605225,1.733090043067932,55569291
2006-01-10,1.733090043067932,1.7699639797210691,1.7238709926605225,1.751526951789856,15527808
2006-01-11,1.7146519422531128,1.733090043067932,1.705433964729309,1.733090043067932,7875412
2006-01-12,1.7976200580596924,1.806838035583496,1.7146519422531128,1.7146519422531128,36497005
2006-01-13,1.8437119722366333,1.8713680505752563,1.7884010076522827,1.816056966781616,29219245
2006-01-16,1.9451169967651367,1.9451169967651367,1.8344939947128296,1.8437119722366333,33112530
2006-01-17,1.8713680505752563,1.9727720022201536,1.82527494430542,1.9451169967651367,36339079
2006-01-18,1.8344939947128296,1.8805869817733765,1.806838035583496,1.8437119722366333,18821802
2006-01-19,1.852931022644043,1.8713680505752563,1.82527494430542,1.8437119722366333,8862551
2006-01-20,1.8344939947128296,1.9174610376358032,1.806838035583496,1.8437119722366333,7913379
2006-01-23,1.779181957244873,1.7884010076522827,1.7423080205917358,1.7884010076522827,31393174
2006-01-24,1.7976200580596924,1.82527494430542,1.751526951789856,1.7976200580596924,39110839
2006-01-25,1.816056966781616,1.8713680505752563,1.806838035583496,1.806838035583496,7289638
2006-01-26,1.7976200580596924,1.8437119722366333,1.779181957244873,1.8437119722366333,8688988
2006-01-27,1.8437119722366333,1.8437119722366333,1.7884010076522827,1.7976200580596924,9621888
2006-02-01,1.8805869817733765,1.9082419872283936,1.8344939947128296,1.8713680505752563,22763847
2006-02-02,1.82527494430542,1.926679015159607,1.816056966781616,1.9174610376358032,16347447
2006-02-03,1.8344939947128296,1.8344939947128296,1.806838035583496,1.82527494430542,10012404
2006-02-06,1.88980495929718,1.88980495929718,1.82527494430542,1.8344939947128296,16355241
2006-02-07,1.852931022644043,1.926679015159607,1.8437119722366333,1.8805869817733765,11449369
2006-02-08,1.8437119722366333,1.862149953842163,1.779181957244873,1.862149953842163,34435947
2006-02-09,1.82527494430542,1.852931022644043,1.806838035583496,1.8437119722366333,17085089
2006-02-10,1.852931022644043,1.852931022644043,1.82527494430542,1.82527494430542,12181940
2006-02-13,1.8437119722366333,1.8805869817733765,1.8437119722366333,1.862149953842163,15696587
2006-02-14,1.852931022644043,1.8713680505752563,1.8344939947128296,1.8437119722366333,9852195
2006-02-15,1.852931022644043,1.8713680505752563,1.8344939947128296,1.8713680505752563,7482184
2006-02-16,1.9543349742889404,1.9912090301513672,1.862149953842163,1.8805869817733765,26132051
2006-02-17,1.96355402469635,1.981991052627564,1.9174610376358032,1.96355402469635,14175515
2006-02-20,2.074177026748657,2.1018319129943848,1.9543349742889404,1.96355402469635,31827081
2006-02-21,2.046520948410034,2.064958095550537,1.9912090301513672,2.064958095550537,8407388
2006-02-22,2.055738925933838,2.074177026748657,2.037302017211914,2.037302017211914,4067878
2006-02-23,1.9912090301513672,2.046520948410034,1.9912090301513672,2.046520948410034,6454367
2006-02-24,1.9174610376358032,1.9912090301513672,1.9174610376358032,1.9912090301513672,11643667
2006-02-27,1.8990240097045896,1.935897946357727,1.8990240097045896,1.9174610376358032,9307305
2006-02-28,1.935897946357727,1.9543349742889404,1.9082419872283936,1.9174610376358032,19563783
2006-03-01,1.9912090301513672,2.000427961349488,1.9082419872283936,1.926679015159607,21082458
2006-03-02,1.96355402469635,2.0280840396881104,1.935897946357727,2.000427961349488,17649168
2006-03-03,1.9082419872283936,1.9543349742889404,1.8805869817733765,1.9451169967651367,15208441
2006-03-06,1.862149953842163,1.9082419872283936,1.852931022644043,1.9082419872283936,12252449
2006-03-07,1.852931022644043,1.9174610376358032,1.852931022644043,1.9174610376358032,11135139
2006-03-08,1.82527494430542,1.852931022644043,1.806838035583496,1.852931022644043,19856670
2006-03-09,1.8344939947128296,1.862149953842163,1.8344939947128296,1.8437119722366333,9735789
2006-03-10,1.8344939947128296,1.8437119722366333,1.816056966781616,1.816056966781616,3129554
2006-03-13,1.9082419872283936,1.9174610376358032,1.8437119722366333,1.862149953842163,10169696
2006-03-14,1.935897946357727,1.96355402469635,1.88980495929718,1.935897946357727,11894476
2006-03-15,1.9912090301513672,2.0188651084899902,1.935897946357727,1.935897946357727,24708293
2006-03-16,2.0280840396881104,2.046520948410034,1.9912090301513672,1.9912090301513672,35727287
2006-03-17,1.981991052627564,2.064958095550537,1.981991052627564,2.0096468925476074,33079987
2006-03-20,2.0280840396881104,2.046520948410034,1.9543349742889404,2.0096468925476074,12501946
2006-03-21,2.000427961349488,2.0188651084899902,1.981991052627564,2.0188651084899902,21275004
2006-03-22,1.88980495929718,2.0096468925476074,1.8805869817733765,2.000427961349488,42197459
2006-03-23,2.129487991333008,2.1387059688568115,2.0280840396881104,2.064958095550537,61383743
2006-03-24,2.212455034255981,2.276984930038452,2.2032361030578613,2.2032361030578613,77055885
2006-03-27,2.212455034255981,2.2216739654541016,2.1755809783935547,2.212455034255981,13928415
2006-03-28,2.313858985900879,2.323077917098999,2.212455034255981,2.267765998840332,24918288
2006-03-29,2.4890120029449463,2.50744891166687,2.313858985900879,2.313858985900879,34983754
2006-03-30,2.4429190158843994,2.49822998046875,2.424482107162476,2.4705750942230225,20279936
2006-03-31,2.4060449600219727,2.4429190158843994,2.387608051300049,2.4429190158843994,23317079
2006-04-03,2.4060449600219727,2.4521379470825195,2.359951972961426,2.4060449600219727,33883415
2006-04-04,2.535104990005493,2.544322967529297,2.4060449600219727,2.4060449600219727,20771401
2006-04-06,2.49822998046875,2.535104990005493,2.4429190158843994,2.535104990005493,27195123
2006-04-07,2.58119797706604,2.6088531017303467,2.50744891166687,2.5166680812835693,33980344
2006-04-10,2.765568971633911,2.8208799362182617,2.525886058807373,2.6088531017303467,30829094
2006-04-11,2.58119797706604,2.765568971633911,2.553541898727417,2.765568971633911,31512319
2006-04-12,2.6733829975128174,2.6733829975128174,2.544322967529297,2.5627601146698,23902853
2006-04-13,2.599634885787964,2.6733829975128174,2.590415954589844,2.6733829975128174,18066804
2006-04-18,2.774786949157715,2.784006118774414,2.590415954589844,2.590415954589844,38650269
2006-04-19,2.793225049972534,2.793225049972534,2.756350040435791,2.784006118774414,32574160
2006-04-20,2.784006118774414,2.811661958694458,2.6733829975128174,2.765568971633911,30834518
2006-04-21,2.793225049972534,2.903846979141236,2.682601928710937,2.784006118774414,15951507
2006-04-24,2.6733829975128174,2.802443027496338,2.6733829975128174,2.784006118774414,8016432
2006-04-25,2.553541898727417,2.7286949157714844,2.553541898727417,2.691819906234741,21055338
2006-04-26,2.64572811126709,2.682601928710937,2.5627601146698,2.5627601146698,9003571
2006-04-27,2.756350040435791,2.793225049972534,2.6549460887908936,2.6549460887908936,12040920
2006-04-28,2.8854100704193115,2.894629001617432,2.63650894165039,2.756350040435791,13963670
2006-05-02,2.876192092895508,2.9775960445404053,2.811661958694458,2.894629001617432,28325017
2006-05-03,2.876192092895508,2.9499399662017822,2.8208799362182617,2.8208799362182617,6389281
2006-05-04,2.876192092895508,2.894629001617432,2.830099105834961,2.876192092895508,5266546
2006-05-08,2.876192092895508,2.894629001617432,2.8669729232788086,2.876192092895508,12100582
2006-05-09,2.9130659103393555,2.968377113342285,2.876192092895508,2.876192092895508,26815454
2006-05-10,2.9315030574798584,3.1250929832458496,2.9315030574798584,2.9499399662017822,29641274
2006-05-11,2.9591588973999023,3.014470100402832,2.9499399662017822,2.9499399662017822,16797517
2006-05-12,2.830099105834961,2.9591588973999023,2.830099105834961,2.9130659103393555,24234250
2006-05-15,2.756350040435791,2.8393170833587646,2.7286949157714844,2.8393170833587646,13473898
2006-05-16,2.7286949157714844,2.737912893295288,2.682601928710937,2.7286949157714844,9827994
2006-05-17,2.793225049972534,2.793225049972534,2.7194759845733643,2.7194759845733643,16100391
2006-05-18,2.6733829975128174,2.7286949157714844,2.6549460887908936,2.6733829975128174,8309319
2006-05-19,2.774786949157715,2.8208799362182617,2.6733829975128174,2.6733829975128174,34381166
2006-05-22,2.682601928710937,2.774786949157715,2.6272900104522705,2.765568971633911,11221920
2006-05-23,2.691819906234741,2.7194759845733643,2.590415954589844,2.590415954589844,23955280
2006-05-24,2.682601928710937,2.765568971633911,2.64572811126709,2.7194759845733643,7056413
2006-05-25,3.272589921951294,3.3924310207366943,3.1527490615844727,3.1711859703063965,111366878
2006-05-26,3.2357161045074463,3.355556964874268,3.226496934890747,3.291027069091797,37436642
2006-05-29,3.0789999961853027,3.263370990753174,3.0789999961853027,3.2357161045074463,28464301
2006-05-30,3.0974369049072266,3.198841094970703,3.060563087463379,3.0789999961853027,21953857
2006-06-01,3.3094639778137207,3.3279008865356445,3.0789999961853027,3.0974369049072266,37088746
2006-06-02,3.1896231174468994,3.291027069091797,3.1527490615844727,3.291027069091797,25654753
2006-06-05,3.24493408203125,3.272589921951294,3.1896231174468994,3.1896231174468994,11704642
2006-06-06,3.2357161045074463,3.337120056152344,3.2080600261688232,3.25415301322937,20324265
2006-06-07,3.042125940322876,3.25415301322937,2.986814022064209,3.25415301322937,29841956
2006-06-08,2.922283887863159,3.032907009124756,2.8669729232788086,3.032907009124756,37191256
2006-06-09,3.005251884460449,3.023689031600952,2.9315030574798584,2.9315030574798584,22416722
2006-06-12,3.198841094970703,3.24493408203125,3.023689031600952,3.042125940322876,23186907
2006-06-13,2.922283887863159,3.005251884460449,2.830099105834961,3.005251884460449,53869558
2006-06-14,2.774786949157715,2.894629001617432,2.6549460887908936,2.894629001617432,36404800
2006-06-15,2.8208799362182617,2.8393170833587646,2.756350040435791,2.784006118774414,27688692
2006-06-16,2.9130659103393555,2.996032953262329,2.8577539920806885,2.9315030574798584,40375049
2006-06-19,2.894629001617432,2.9130659103393555,2.830099105834961,2.9130659103393555,7414386
2006-06-20,2.774786949157715,2.8577539920806885,2.710257053375244,2.8577539920806885,22197056
2006-06-21,2.8669729232788086,2.9130659103393555,2.747132062911988,2.765568971633911,12398893
2006-06-22,2.9130659103393555,2.986814022064209,2.8854100704193115,2.9499399662017822,9833418
2006-06-23,2.8485360145568848,2.9130659103393555,2.830099105834961,2.830099105834961,2690223
2006-06-26,2.8485360145568848,2.8854100704193115,2.793225049972534,2.8854100704193115,6416400
2006-06-27,2.784006118774414,2.8577539920806885,2.756350040435791,2.8577539920806885,11591305
2006-06-28,2.784006118774414,2.784006118774414,2.737912893295288,2.737912893295288,10120881
2006-06-29,2.876192092895508,2.894629001617432,2.784006118774414,2.8854100704193115,13959993
2006-06-30,3.023689031600952,3.023689031600952,2.9407219886779785,2.9499399662017822,35330891
2006-07-03,2.922283887863159,2.986814022064209,2.8854100704193115,2.986814022064209,8923710
2006-07-04,2.894629001617432,2.9775960445404053,2.894629001617432,2.9499399662017822,4542464
2006-07-05,2.9499399662017822,2.9775960445404053,2.894629001617432,2.903846979141236,8282200
2006-07-06,2.9315030574798584,2.9499399662017822,2.8577539920806885,2.9315030574798584,8656445
2006-07-07,2.8485360145568848,2.9315030574798584,2.774786949157715,2.9315030574798584,12849072
2006-07-10,2.618072032928467,2.756350040435791,2.4890120029449463,2.756350040435791,72771
2006-07-11,2.737912893295288,2.756350040435791,2.6549460887908936,2.6549460887908936,31915223
2006-07-12,2.765568971633911,2.784006118774414,2.7194759845733643,2.747132062911988,23848615
2006-07-13,2.774786949157715,2.774786949157715,2.7286949157714844,2.765568971633911,22904867
2006-07-14,2.8485360145568848,2.8485360145568848,2.7010390758514404,2.765568971633911,17676830
2006-07-17,2.774786949157715,2.830099105834961,2.747132062911988,2.830099105834961,9977149
2006-07-18,2.7286949157714844,2.774786949157715,2.691819906234741,2.774786949157715,22724774
2006-07-19,2.7194759845733643,2.7286949157714844,2.710257053375244,2.7194759845733643,14042316
2006-07-20,2.737912893295288,2.802443027496338,2.737912893295288,2.774786949157715,18609188
2006-07-21,2.7194759845733643,2.737912893295288,2.7010390758514404,2.7286949157714844,12800257
2006-07-24,2.7065699100494385,2.7176320552825928,2.691819906234741,2.7176320552825928,26782911
2006-07-25,2.702883005142212,2.765568971633911,2.691819906234741,2.765568971633911,25101522
2006-07-26,2.7176320552825928,2.747132062911988,2.6844449043273926,2.710257053375244,8168842
2006-07-27,2.7360689640045166,2.747132062911988,2.695508003234864,2.73238205909729,16477619
2006-07-28,2.7581939697265625,2.765568971633911,2.713944911956787,2.7360689640045166,19759041
2006-07-31,2.7360689640045166,2.77294397354126,2.7065699100494385,2.7581939697265625,12247026
2006-08-01,2.854067087173462,2.868817090988159,2.7360689640045166,2.7360689640045166,23566575
2006-08-02,2.920440912246704,2.9315030574798584,2.798755884170532,2.8466920852661133,54051257
2006-08-03,3.042125940322876,3.060563087463379,2.9130659103393555,2.9278159141540527,21183775
2006-08-04,3.034750938415528,3.0789999961853027,2.986814022064209,3.034750938415528,15927479
2006-08-07,3.0015640258789062,3.1011250019073486,2.986814022064209,3.038438081741333,9485289
2006-08-08,3.012625932693481,3.0495009422302246,3.0015640258789062,3.012625932693481,7137770
2006-08-09,3.042125940322876,3.0826869010925293,3.02000093460083,3.023689031600952,5114869
2006-08-10,2.9536280632019043,3.056874990463257,2.9499399662017822,3.056874990463257,7723545
2006-08-11,3.034750938415528,3.056874990463257,2.9610021114349365,3.005251884460449,7072684
2006-08-14,3.0531880855560303,3.09375,3.031064033508301,3.034750938415528,11950342
2006-08-15,3.056874990463257,3.0789999961853027,3.005251884460449,3.056874990463257,11211073
2006-08-16,3.193310022354126,3.2228100299835205,3.060563087463379,3.0789999961853027,18419353
2006-08-17,3.2375590801239014,3.2928709983825684,3.193310022354126,3.2043728828430176,16469483
2006-08-18,3.2301840782165527,3.2301840782165527,3.2006850242614746,3.2301840782165527,15669467
2006-08-21,3.1896231174468994,3.2707459926605225,3.1011250019073486,3.2228100299835205,18110194
2006-08-22,3.1896231174468994,3.2080600261688232,3.115874052047729,3.193310022354126,15263764
2006-08-23,3.115874052047729,3.2080600261688232,3.0789999961853027,3.2080600261688232,20616225
2006-08-24,3.09375,3.1527490615844727,3.0826869010925293,3.1343109607696533,22957804
2006-08-25,3.126936912536621,3.1896231174468994,3.0974369049072266,3.115874052047729,23571999
2006-08-28,3.0789999961853027,3.1896231174468994,3.02000093460083,3.1896231174468994,13421666
2006-08-29,3.0826869010925293,3.115874052047729,3.060563087463379,3.115874052047729,9893563
2006-08-30,3.112186908721924,3.1711859703063965,3.0826869010925293,3.090061902999878,15680885
2006-08-31,3.1343109607696533,3.141685962677002,3.060563087463379,3.104811906814575,12377198
2006-09-01,3.1306240558624268,3.1343109607696533,3.086374998092652,3.1343109607696533,36132252
2006-09-04,3.1711859703063965,3.2080600261688232,3.1306240558624268,3.1306240558624268,8434068
2006-09-05,3.2080600261688232,3.2412469387054443,3.1379990577697754,3.1379990577697754,7814942
2006-09-06,3.267059087753296,3.2818078994750977,3.21174693107605,3.21174693107605,13051793
2006-09-07,3.318682909011841,3.329745054244995,3.2080600261688232,3.259684085845948,16620944
2006-09-08,3.3408069610595703,3.3408069610595703,3.2928709983825684,3.318682909011841,9823161
2006-09-11,3.337120056152344,3.3739941120147705,3.303932905197144,3.3408069610595703,9944010
2006-09-12,3.318682909011841,3.348181962966919,3.278120994567871,3.348181962966919,10770440
2006-09-13,3.451430082321167,3.4919919967651367,3.329745054244995,3.329745054244995,25251963
2006-09-14,3.407181024551392,3.451430082321167,3.3444950580596924,3.451430082321167,22409600
2006-09-15,3.4256179332733154,3.4403679370880127,3.3924310207366943,3.403493881225586,14590124
2006-09-18,3.480928897857666,3.4993669986724854,3.4440550804138184,3.4440550804138184,30250940
2006-09-19,3.4772419929504395,3.4919919967651367,3.432992935180664,3.484616994857788,33509013
2006-09-20,3.429305076599121,3.4772419929504395,3.366619110107422,3.4772419929504395,13407293
2006-09-21,3.4477429389953613,3.462491989135742,3.410867929458618,3.432992935180664,15021319
2006-09-22,3.421931028366089,3.4661800861358643,3.407181024551392,3.4661800861358643,11063544
2006-09-25,3.421931028366089,3.4551169872283936,3.418242931365967,3.421931028366089,10747600
2006-09-26,3.377681970596313,3.432992935180664,3.2707459926605225,3.432992935180664,9154711
2006-09-27,3.3850560188293457,3.451430082321167,3.362931966781616,3.3739941120147705,14542730
2006-09-28,3.348181962966919,3.3924310207366943,3.311307907104492,3.370306968688965,10818414
2006-09-29,3.307620048522949,3.351870059967041,3.2818078994750977,3.348181962966919,25100540
2006-10-03,3.226496934890747,3.300246000289917,3.2080600261688232,3.300246000289917,19842585
2006-10-04,3.2043728828430176,3.2228100299835205,3.182248115539551,3.2080600261688232,6090970
2006-10-05,3.300246000289917,3.366619110107422,3.2191219329833984,3.226496934890747,25447584
2006-10-06,3.370306968688965,3.3739941120147705,3.263370990753174,3.351870059967041,15994898
2006-10-09,3.318682909011841,3.3850560188293457,3.2375590801239014,3.3739941120147705,6687592
2006-10-10,3.318682909011841,3.3739941120147705,3.2744340896606445,3.355556964874268,8953340
2006-10-11,3.318682909011841,3.410867929458618,3.303932905197144,3.318682909011841,14628090
2006-10-12,3.326057910919189,3.3408069610595703,3.300246000289917,3.329745054244995,14957860
2006-10-13,3.3408069610595703,3.410867929458618,3.300246000289917,3.300246000289917,14758263
2006-10-16,3.351870059967041,3.432992935180664,3.337120056152344,3.3444950580596924,14965057
2006-10-17,3.407181024551392,3.421931028366089,3.355556964874268,3.355556964874268,33488983
2006-10-18,3.403493881225586,3.421931028366089,3.381369113922119,3.407181024551392,3541766
2006-10-19,3.403493881225586,3.410867929458618,3.3850560188293457,3.399806022644043,6009775
2006-10-20,3.410867929458618,3.418242931365967,3.399806022644043,3.399806022644043,8494489
2006-10-23,3.337120056152344,3.4477429389953613,3.296557903289795,3.4477429389953613,13239588
2006-10-24,3.337120056152344,3.366619110107422,3.318682909011841,3.366619110107422,8999486
2006-10-25,3.3223700523376465,3.366619110107422,3.300246000289917,3.337120056152344,6058562
2006-10-26,3.355556964874268,3.377681970596313,3.318682909011841,3.318682909011841,9851810
2006-10-27,3.329745054244995,3.410867929458618,3.300246000289917,3.355556964874268,8866890
2006-10-31,3.4366800785064697,3.4403679370880127,3.3223700523376465,3.329745054244995,26651112
2006-11-01,3.6026151180267334,3.6026151180267334,3.458805084228516,3.480928897857666,41583242
2006-11-02,3.687424898147583,3.724299907684326,3.576802968978882,3.5952401161193848,34346849
2006-11-03,3.696644067764282,3.8349220752716064,3.676362991333008,3.8349220752716064,14528666
2006-11-06,3.7703919410705566,3.779611110687256,3.668987989425659,3.687424898147583,22169785
2006-11-07,3.779611110687256,3.8533589839935294,3.761173963546753,3.8533589839935294,11536503
2006-11-08,3.779611110687256,3.779611110687256,3.687424898147583,3.73351788520813,5201655
2006-11-09,4.0469489097595215,4.056168079376221,3.751955032348633,3.751955032348633,15422943
2006-11-10,3.9271080493927,4.129916191101074,3.8902339935302734,4.0469489097595215,18646514
2006-11-13,4.019293785095215,4.0469489097595215,3.9271080493927,3.945544958114624,8043551
2006-11-14,4.000855922698975,4.111478805541992,3.963982105255127,4.0469489097595215,5155911
2006-11-15,3.982419013977051,4.111478805541992,3.982419013977051,4.056168079376221,7159466
2006-11-16,3.982419013977051,4.0746049880981445,3.91788911819458,4.000855922698975,8206266
2006-11-17,3.9271080493927,4.028512001037598,3.908670902252197,4.028512001037598,6752005
2006-11-20,3.945544958114624,3.963982105255127,3.908670902252197,3.91788911819458,11015814
2006-11-21,4.369598865509033,4.378818035125732,3.91788911819458,3.91788911819458,26513037
2006-11-22,4.258975982666016,4.461784839630127,4.185227870941162,4.424910068511963,19132262
2006-11-23,4.240539073944092,4.452566146850586,4.1483540534973145,4.369598865509033,45910401
2006-11-24,4.056168079376221,4.240539073944092,4.019293785095215,4.240539073944092,21109577
2006-11-27,3.908670902252197,4.120697975158691,3.8717970848083496,4.056168079376221,16179308
2006-11-28,3.8533589839935294,4.056168079376221,3.8349220752716064,3.881015062332153,30666005
2006-11-29,3.79804801940918,4.000855922698975,3.751955032348633,3.8902339935302734,23006884
2006-11-30,3.963982105255127,3.963982105255127,3.8717970848083496,3.8717970848083496,19715650
2006-12-01,3.881015062332153,4.028512001037598,3.8625779151916495,4.019293785095215,20445455
2006-12-04,3.93632698059082,3.963982105255127,3.8902339935302734,3.954763889312744,11802271
2006-12-05,4.157571792602539,4.185227870941162,4.019293785095215,4.019293785095215,32315226
2006-12-06,4.258975982666016,4.378818035125732,4.203664779663086,4.240539073944092,28751765
2006-12-07,4.1483540534973145,4.378818035125732,4.111478805541992,4.369598865509033,15492379
2006-12-08,4.102261066436768,4.3050689697265625,4.0746049880981445,4.1483540534973145,9144590
2006-12-11,4.0469489097595215,4.093041896820068,4.019293785095215,4.093041896820068,18820717
2006-12-12,4.222102165222168,4.249757766723633,4.093041896820068,4.093041896820068,15484764
2006-12-13,4.093041896820068,4.203664779663086,4.010075092315674,4.203664779663086,24014042
2006-12-14,4.139134883880615,4.240539073944092,4.056168079376221,4.231320858001709,13299250
2006-12-15,4.157571792602539,4.240539073944092,4.093041896820068,4.1483540534973145,23045540
2006-12-18,4.258975982666016,4.295851230621338,4.157571792602539,4.157571792602539,13421232
2006-12-19,4.27741289138794,4.388035774230957,4.203664779663086,4.240539073944092,16260758
2006-12-20,4.452566146850586,4.461784839630127,4.222102165222168,4.240539073944092,19088655
2006-12-21,4.517096042633057,4.581625938415527,4.424910068511963,4.507877826690674,20538702
2006-12-22,4.710686206817627,4.950368881225586,4.517096042633057,4.517096042633057,23305683
2006-12-27,4.738341808319092,4.812089920043945,4.655375003814697,4.738341808319092,32011968
2006-12-28,4.941150188446045,4.959587097167969,4.673811912536621,4.729123115539551,17281969
2006-12-29,5.107083797454834,5.116302967071533,4.941150188446045,4.941150188446045,18581488
2007-01-02,5.014898777008057,5.171614170074463,4.978024005889893,5.107083797454834,6355300
2007-01-03,5.014898777008057,5.21770715713501,4.987243175506592,5.097866058349609,12956149
2007-01-04,5.346766948699951,5.438952922821045,5.042553901672363,5.070209980010986,57565904
2007-01-05,5.263800144195557,5.273017883300781,4.996460914611816,5.254580974578857,45233512
2007-01-08,5.08864688873291,5.309893131256104,5.005680084228516,5.254580974578857,27986353
2007-01-09,4.96880578994751,5.097866058349609,4.867402076721191,5.097866058349609,21564301
2007-01-10,5.070209980010986,5.226925849914551,4.867402076721191,4.959587097167969,17069089
2007-01-11,4.987243175506592,5.070209980010986,4.941150188446045,5.070209980010986,15383951
2007-01-12,5.116302967071533,5.236144065856934,5.014898777008057,5.014898777008057,27503913
2007-01-15,5.254580974578857,5.273017883300781,5.14395809173584,5.14395809173584,8295760
2007-01-16,5.420515060424805,5.503482818603516,5.14395809173584,5.273017883300781,22926834
2007-01-17,5.438952922821045,5.466608047485352,5.29145622253418,5.420515060424805,10909350
2007-01-18,5.586450099945068,5.604887008666992,5.438952922821045,5.494264125823975,29205230
2007-01-19,5.512701034545898,5.64176082611084,5.503482818603516,5.64176082611084,38887860
2007-01-22,5.64176082611084,5.733946800231934,5.531137943267822,5.531137943267822,21154714
2007-01-23,5.568012237548828,5.807694911956787,5.558794021606445,5.558794021606445,16334083
2007-01-24,5.76160192489624,5.863007068634033,5.715508937835693,5.77082109451294,23199794
2007-01-25,5.863007068634033,5.881443977355957,5.715508937835693,5.807694911956787,12401290
2007-01-26,5.853787899017334,5.863007068634033,5.64176082611084,5.844569206237793,29604283
2007-01-29,5.521920204162598,5.826131820678711,5.420515060424805,5.826131820678711,13217893
2007-01-30,5.6970720291137695,5.6970720291137695,5.438952922821045,5.623323917388916,12284992
2007-01-31,5.595667839050293,5.6970720291137695,5.328330039978027,5.660198211669922,11932443
2007-02-01,5.346766948699951,5.595667839050293,5.337547779083252,5.595667839050293,8195576
2007-02-02,5.383640766143799,5.503482818603516,5.273017883300781,5.494264125823975,28958537
2007-02-05,5.558794021606445,5.743165016174316,5.346766948699951,5.365203857421875,15464902
2007-02-06,5.6970720291137695,5.715508937835693,5.402078151702881,5.715508937835693,13058909
2007-02-07,5.503482818603516,5.807694911956787,5.438952922821045,5.715508937835693,10861924
2007-02-08,5.420515060424805,5.577230930328369,5.402078151702881,5.568012237548828,10520347
2007-02-09,5.623323917388916,5.706291198730469,5.512701034545898,5.531137943267822,13327731
2007-02-12,5.531137943267822,5.623323917388916,5.531137943267822,5.623323917388916,2906146
2007-02-13,5.438952922821045,5.715508937835693,5.438952922821045,5.715508937835693,6048815
2007-02-14,5.402078151702881,5.678635120391846,5.383640766143799,5.494264125823975,6923529
2007-02-15,5.337547779083252,5.531137943267822,5.319110870361328,5.438952922821045,15669603
2007-02-16,5.383640766143799,5.475827217102051,4.978024005889893,5.337547779083252,17345233
2007-02-21,5.300673961639404,5.402078151702881,5.254580974578857,5.383640766143799,11681319
2007-02-22,5.29145622253418,5.411296844482422,5.2822370529174805,5.300673961639404,14030785
2007-02-23,5.116302967071533,5.29145622253418,5.02411699295044,5.29145622253418,21101300
2007-02-26,4.950368881225586,5.116302967071533,4.784433841705322,5.107083797454834,33837291
2007-02-27,4.885838985443115,4.922712802886963,4.7936530113220215,4.922712802886963,15194198
2007-02-28,4.895057201385498,5.08864688873291,4.636937141418457,4.636937141418457,27935515
2007-03-01,5.070209980010986,5.199269771575928,4.959587097167969,4.959587097167969,22896731
2007-03-02,4.96880578994751,5.16239595413208,4.931931972503662,5.070209980010986,10164272
2007-03-05,4.655375003814697,4.904275894165039,4.618500232696533,4.885838985443115,14042316
2007-03-06,4.765996932983398,4.784433841705322,4.60928201675415,4.710686206817627,24456627
2007-03-07,4.913494110107422,4.922712802886963,4.765996932983398,4.922712802886963,15529804
2007-03-08,5.097866058349609,5.180832862854004,4.922712802886963,4.922712802886963,10538517
2007-03-09,5.226925849914551,5.29145622253418,5.16239595413208,5.180832862854004,6497215
2007-03-12,5.392859935760498,5.438952922821045,5.236144065856934,5.273017883300781,5325666
2007-03-13,5.346766948699951,5.438952922821045,5.21770715713501,5.438952922821045,3551507
2007-03-14,4.987243175506592,5.125521183013916,4.987243175506592,5.125521183013916,6964207
2007-03-15,5.208487987518311,5.245363235473633,5.070209980010986,5.070209980010986,6659795
2007-03-16,5.254580974578857,5.420515060424805,5.16239595413208,5.190051078796387,9793607
2007-03-19,5.485044956207275,5.485044956207275,5.208487987518311,5.208487987518311,11435891
2007-03-20,5.254580974578857,5.503482818603516,5.180832862854004,5.485044956207275,7099261
2007-03-21,5.070209980010986,5.346766948699951,4.7936530113220215,5.346766948699951,18330370
2007-03-22,4.848964214324951,5.060990810394287,4.747560024261475,5.060990810394287,55484506
2007-03-23,4.978024005889893,4.978024005889893,4.775216102600098,4.858182907104492,30462443
2007-03-26,4.913494110107422,5.014898777008057,4.858182907104492,5.005680084228516,37293642
2007-03-27,4.8213090896606445,4.885838985443115,4.7936530113220215,4.885838985443115,16430605
2007-03-28,4.627718925476074,4.802872180938721,4.54475212097168,4.7936530113220215,32571502
2007-03-29,4.673811912536621,4.701467037200928,4.572406768798828,4.581625938415527,27395805
2007-03-30,4.701467037200928,4.7936530113220215,4.683030128479004,4.7936530113220215,28836545
2007-04-02,4.66459321975708,4.738341808319092,4.600062847137451,4.729123115539551,10300633
2007-04-03,4.636937141418457,4.655375003814697,4.563189029693604,4.627718925476074,20687060
2007-04-04,4.636937141418457,4.66459321975708,4.60928201675415,4.655375003814697,22872324
2007-04-10,4.839745998382568,4.922712802886963,4.655375003814697,4.655375003814697,25463411
2007-04-11,4.7936530113220215,4.941150188446045,4.784433841705322,4.922712802886963,18723088
2007-04-12,4.765996932983398,4.885838985443115,4.701467037200928,4.885838985443115,13356011
2007-04-13,4.646155834197998,4.839745998382568,4.572406768798828,4.839745998382568,22205360
2007-04-16,4.646155834197998,4.738341808319092,4.646155834197998,4.738341808319092,18097893
2007-04-17,4.646155834197998,4.701467037200928,4.646155834197998,4.66459321975708,14463884
2007-04-18,4.553969860076904,4.655375003814697,4.517096042633057,4.655375003814697,22769271
2007-04-19,4.489439964294434,4.553969860076904,4.3327250480651855,4.553969860076904,37393110
2007-04-20,4.590845108032227,4.636937141418457,4.489439964294434,4.489439964294434,25421528
2007-04-23,4.60928201675415,4.812089920043945,4.581625938415527,4.646155834197998,35466476
2007-04-24,4.729123115539551,4.738341808319092,4.600062847137451,4.66459321975708,24640495
2007-04-25,4.655375003814697,4.775216102600098,4.60928201675415,4.719904899597168,12379910
2007-04-26,4.729123115539551,4.775216102600098,4.646155834197998,4.673811912536621,11612437
2007-04-27,5.08864688873291,5.180832862854004,4.729123115539551,4.729123115539551,74431328
2007-04-30,4.950368881225586,5.125521183013916,4.922712802886963,5.08864688873291,20991337
2007-05-02,5.014898777008057,5.16239595413208,4.913494110107422,4.922712802886963,13449599
2007-05-03,5.346766948699951,5.420515060424805,5.033336162567139,5.033336162567139,37304316
2007-05-04,5.5403571128845215,5.992065906524658,5.420515060424805,5.623323917388916,59248606
2007-05-07,5.558794021606445,5.568012237548828,5.392859935760498,5.531137943267822,26337723
2007-05-08,5.531137943267822,5.5403571128845215,5.365203857421875,5.5403571128845215,9285621
2007-05-09,5.466608047485352,5.503482818603516,5.420515060424805,5.475827217102051,11314125
2007-05-10,5.475827217102051,5.5403571128845215,5.365203857421875,5.466608047485352,12436724
2007-05-11,5.457389831542969,5.494264125823975,5.346766948699951,5.383640766143799,8748108
2007-05-14,5.531137943267822,5.614105224609375,5.438952922821045,5.531137943267822,31439710
2007-05-15,5.568012237548828,5.669416904449463,5.531137943267822,5.531137943267822,25854009
2007-05-16,5.660198211669922,5.733946800231934,5.512701034545898,5.531137943267822,25161184
2007-05-17,5.844569206237793,5.9551920890808105,5.724728107452393,5.724728107452393,39278349
2007-05-18,6.056595802307129,6.084251880645752,5.7984771728515625,5.807694911956787,37760553
2007-05-21,6.130344867706299,6.268622875213623,6.010503768920898,6.268622875213623,49159014
2007-05-22,5.909099102020264,6.296278953552246,5.863007068634033,6.148781776428223,32213659
2007-05-23,6.084251880645752,6.121126174926758,5.973628997802734,5.973628997802734,19692274
2007-05-25,5.899880886077881,5.9551920890808105,5.743165016174316,5.899880886077881,28292848
2007-05-28,6.010503768920898,6.121126174926758,5.909099102020264,5.9551920890808105,24794804
2007-05-29,5.982848167419434,6.010503768920898,5.863007068634033,6.010503768920898,22851480
2007-05-30,5.83535099029541,6.001285076141357,5.623323917388916,6.001285076141357,35994313
2007-05-31,6.213312149047852,6.250185966491699,5.77082109451294,5.807694911956787,141203969
2007-06-01,6.065814971923828,6.240968227386475,5.964410781860352,6.213312149047852,59521978
2007-06-04,5.9551920890808105,6.056595802307129,5.936755180358887,6.056595802307129,9944655
2007-06-05,6.047378063201904,6.111907958984375,5.9551920890808105,6.084251880645752,44280581
2007-06-06,6.121126174926758,6.231749057769775,6.047378063201904,6.213312149047852,18176067
2007-06-07,6.075033187866211,6.121126174926758,5.992065906524658,6.121126174926758,5980687
2007-06-08,5.89066219329834,6.102688789367676,5.789258003234863,6.102688789367676,17286628
2007-06-11,5.992065906524658,6.047378063201904,5.881443977355957,5.936755180358887,5722555
2007-06-12,5.945973873138428,5.992065906524658,5.927536010742188,5.936755180358887,6345288
2007-06-13,5.881443977355957,5.964410781860352,5.807694911956787,5.9551920890808105,6053003
2007-06-14,5.927536010742188,6.047378063201904,5.909099102020264,6.047378063201904,8726955
2007-06-15,5.844569206237793,5.973628997802734,5.83535099029541,5.899880886077881,14346051
2007-06-18,6.038158893585205,6.065814971923828,5.844569206237793,5.844569206237793,15794172
2007-06-20,6.084251880645752,6.213312149047852,6.019721984863281,6.084251880645752,27109692
2007-06-21,6.019721984863281,6.158000946044922,6.019721984863281,6.121126174926758,41621512
2007-06-22,5.899880886077881,6.084251880645752,5.89066219329834,6.084251880645752,11607045
2007-06-25,5.807694911956787,6.139563083648682,5.789258003234863,6.084251880645752,12431062
2007-06-26,5.7984771728515625,5.899880886077881,5.687853813171387,5.899880886077881,12767714
2007-06-27,5.549574851989746,5.789258003234863,5.512701034545898,5.715508937835693,14861071
2007-06-28,5.733946800231934,5.752384185791016,5.623323917388916,5.632542133331299,15560991
2007-06-29,5.7984771728515625,5.909099102020264,5.743165016174316,5.752384185791016,9878316
2007-07-03,5.899880886077881,6.121126174926758,5.899880886077881,6.010503768920898,33877666
2007-07-04,6.038158893585205,6.084251880645752,5.899880886077881,5.918317794799805,11783960
2007-07-05,6.093471050262451,6.111907958984375,6.047378063201904,6.075033187866211,9494059
2007-07-06,6.425339221954346,6.720333099365234,6.093471050262451,6.093471050262451,32964129
2007-07-09,6.747989177703857,6.747989177703857,6.58205509185791,6.609710216522217,18755631
2007-07-10,6.674240112304688,6.821736812591553,6.637365818023682,6.821736812591553,14959633
2007-07-11,6.600492000579834,6.637365818023682,6.545179843902588,6.618928909301758,5506822
2007-07-12,6.526742935180664,6.784862995147705,6.360808849334717,6.526742935180664,11981659
2007-07-13,6.618928909301758,6.784862995147705,6.554399013519287,6.665021896362305,7885853
2007-07-16,6.618928909301758,7.135168075561523,6.600492000579834,7.006109237670898,6986988
2007-07-17,6.637365818023682,6.6834588050842285,6.600492000579834,6.674240112304688,2453565
2007-07-18,6.462213039398193,6.729551792144775,6.4529948234558105,6.609710216522217,5565806
2007-07-19,6.572835922241211,6.628147125244141,6.379246234893799,6.379246234893799,4965116
2007-07-20,6.591272830963135,6.775643825531006,6.572835922241211,6.775643825531006,12262896
2007-07-23,6.591272830963135,6.711113929748535,6.4529948234558105,6.591272830963135,11902992
2007-07-24,6.56361722946167,6.711113929748535,6.545179843902588,6.711113929748535,15594662
2007-07-25,6.56361722946167,6.711113929748535,6.4529948234558105,6.4529948234558105,5681470
2007-07-26,6.416120052337647,6.56361722946167,6.360808849334717,6.56361722946167,12998824
2007-07-27,6.38846492767334,6.471432209014893,6.305498123168945,6.360808849334717,10369971
2007-07-30,6.305498123168945,6.379246234893799,6.204092979431152,6.333152770996094,14793610
2007-07-31,6.674240112304688,6.711113929748535,6.287059783935547,6.305498123168945,12195879
2007-08-01,6.50830602645874,6.729551792144775,6.360808849334717,6.674240112304688,10508686
2007-08-02,6.406901836395264,6.600492000579834,6.323935031890869,6.499086856842041,9420669
2007-08-03,6.406901836395264,6.406901836395264,6.268622875213623,6.397683143615723,13833769
2007-08-06,6.065814971923828,6.360808849334717,5.899880886077881,6.305498123168945,15490481
2007-08-07,6.158000946044922,6.333152770996094,6.047378063201904,6.176437854766846,17893241
2007-08-08,6.250185966491699,6.4529948234558105,6.158000946044922,6.158000946044922,19082645
2007-08-09,6.462213039398193,6.6465840339660645,6.277842044830322,6.277842044830322,14418714
2007-08-10,6.4529948234558105,6.4529948234558105,6.176437854766846,6.360808849334717,5114679
2007-08-13,6.268622875213623,6.416120052337647,6.231749057769775,6.379246234893799,14700900
2007-08-14,6.31471586227417,6.425339221954346,6.259405136108398,6.268622875213623,8220368
2007-08-15,6.102688789367676,6.277842044830322,5.982848167419434,6.231749057769775,11761912
2007-08-16,5.992065906524658,6.158000946044922,5.816914081573486,6.102688789367676,30714950
2007-08-17,5.586450099945068,5.918317794799805,5.254580974578857,5.899880886077881,47012661
2007-08-20,6.268622875213623,6.323935031890869,5.973628997802734,5.973628997802734,20758904
2007-08-21,6.489869117736816,6.56361722946167,6.240968227386475,6.268622875213623,16767930
2007-08-22,6.821736812591553,6.969233989715576,6.4529948234558105,6.489869117736816,25326828
2007-08-23,6.609710216522217,7.06141996383667,6.554399013519287,7.006109237670898,13276443
2007-08-24,6.50830602645874,6.692677021026611,6.471432209014893,6.628147125244141,10247880
2007-08-27,6.840174198150635,6.950797080993652,6.489869117736816,6.50830602645874,16132202
2007-08-28,6.9323601722717285,7.098293781280518,6.913922786712647,7.098293781280518,26757636
2007-08-29,6.821736812591553,6.858611106872559,6.591272830963135,6.600492000579834,16178332
2007-08-30,7.1904802322387695,7.282664775848389,6.9876708984375,7.024546146392822,26426462
2007-08-31,7.467037200927734,7.467037200927734,7.172042846679688,7.208917140960693,21137602
2007-09-03,7.337976932525635,7.660626888275146,7.282664775848389,7.632970809936523,14961884
2007-09-04,7.337976932525635,7.559222221374512,7.319540023803711,7.522347927093506,11914035
2007-09-05,7.92796516418457,7.946402072906494,7.448599815368652,7.467037200927734,17137283
2007-09-06,7.559222221374512,7.771248817443848,7.503911018371582,7.577660083770752,10955512
2007-09-07,7.559222221374512,7.605315208435059,7.4025068283081055,7.568440914154053,14019601
2007-09-10,7.393288135528564,7.439381122589111,7.098293781280518,7.098293781280518,14062590
2007-09-11,7.282664775848389,7.356413841247559,7.1904802322387695,7.301103115081787,7959482
2007-09-12,7.1904802322387695,7.448599815368652,7.18126106262207,7.374851226806641,13703559
2007-09-13,7.273447036743164,7.282664775848389,7.1904802322387695,7.1904802322387695,13790108
2007-09-14,7.596096992492676,7.771248817443848,7.282664775848389,7.282664775848389,23504201
2007-09-17,7.67906379699707,7.92796516418457,7.577660083770752,7.92796516418457,20122937
2007-09-18,7.743594169616699,7.844997882843018,7.494691848754883,7.651408195495605,12359782
2007-09-19,8.167648315429688,8.296708106994629,7.8542160987854,8.213740348815918,29493377
2007-09-20,8.600919723510742,8.785290718078613,8.2229585647583,8.259833335876465,32171874
2007-09-21,8.241395950317383,8.849821090698242,8.204522132873535,8.739198684692383,10511587
2007-09-24,8.53639030456543,8.822166442871094,8.490297317504883,8.665450096130371,12090884
2007-09-25,8.333581924438477,8.757636070251465,8.333581924438477,8.628576278686523,16801422
2007-09-27,9.126378059387209,9.181690216064451,8.361236572265625,8.388893127441406,36548461
2007-09-28,9.255437850952148,9.310750007629396,9.02497386932373,9.181690216064451,29852722
2007-10-02,8.978880882263184,9.57808780670166,8.63779354095459,9.439809799194336,28248101
2007-10-03,8.425766944885254,9.237001419067385,8.388893127441406,9.144815444946287,33677803
2007-10-04,8.232177734375,8.4810791015625,8.084680557250977,8.462641716003418,33926106
2007-10-05,8.416548728942871,8.4810791015625,8.186084747314453,8.4810791015625,20778739
2007-10-08,8.517952919006348,8.9696626663208,8.398112297058105,8.4810791015625,20941438
2007-10-09,9.163252830505373,9.338404655456545,8.407329559326172,8.665450096130371,45897569
2007-10-10,10.499943733215332,10.58291244506836,9.402935028076172,9.402935028076172,85975349
2007-10-11,10.158858299255373,10.370884895324709,10.011361122131348,10.32479190826416,31086407
2007-10-12,9.77167797088623,10.085108757019045,9.642618179321287,10.066672325134276,35832574
2007-10-15,10.140419960021973,10.232605934143066,9.93761157989502,10.140419960021973,32182342
2007-10-16,10.822593688964844,11.099150657653809,10.297136306762695,10.297136306762695,58215999
2007-10-17,10.785719871520996,10.970090866088867,10.426196098327637,10.970090866088867,42442074
2007-10-18,10.647440910339355,10.794939041137695,10.32479190826416,10.76728343963623,20358717
2007-10-22,10.149639129638672,10.416976928710938,10.094327926635742,10.094327926635742,32902188
2007-10-23,10.509162902832031,10.693533897399902,10.306355476379396,10.32479190826416,14114957
2007-10-24,10.527600288391112,10.98852825164795,10.416976928710938,10.693533897399902,15536448
2007-10-25,10.914779663085938,10.970090866088867,10.444632530212402,10.914779663085938,17221531
2007-10-26,11.689139366149902,11.772106170654297,11.043840408325195,11.06227684020996,27596704
2007-10-29,12.537246704101562,12.850678443908691,11.956478118896484,11.984132766723633,29398649
2007-10-30,12.915207862854004,13.422228813171388,12.537246704101562,12.721617698669434,44005116
2007-10-31,12.16850471496582,12.869115829467772,11.891947746276855,12.813803672790527,44595338
2007-11-01,12.131629943847656,12.38974952697754,11.523204803466797,12.113192558288574,45099212
2007-11-02,11.818199157714844,11.984132766723633,11.578516960144045,11.726014137268066,40494379
2007-11-05,11.97491455078125,12.352875709533691,11.689139366149902,11.984132766723633,43215622
2007-11-06,11.154462814331056,11.984132766723633,9.956048965454102,11.984132766723633,58897456
2007-11-07,10.398539543151855,11.523204803466797,10.140419960021973,11.431018829345703,52221796
2007-11-08,10.085108757019045,10.158858299255373,9.58730697631836,9.77167797088623,47750183
2007-11-09,9.909955978393556,10.260261535644531,9.69792938232422,10.260261535644531,30298914
2007-11-12,9.531994819641112,9.716365814208984,8.591702461242676,9.716365814208984,43072866
2007-11-13,9.642618179321287,10.13120174407959,8.508734703063965,9.2185640335083,34036443
2007-11-14,10.32479190826416,10.693533897399902,10.075889587402344,10.693533897399902,48166213
2007-11-15,10.490726470947266,10.693533897399902,10.407758712768556,10.693533897399902,34762657
2007-11-16,10.158858299255373,10.416976928710938,10.066672325134276,10.416976928710938,16537281
2007-11-19,9.790115356445312,10.287917137145996,9.753240585327148,10.177294731140137,20079048
2007-11-20,9.614961624145508,10.10059642791748,9.227783203125,10.10059642791748,31884758
2007-11-21,9.421372413635254,9.956048965454102,9.209344863891602,9.734804153442385,16087103
2007-11-22,9.03419303894043,9.301530838012695,8.923569679260254,9.255437850952148,15225933
2007-11-23,8.895914077758789,9.181690216064451,8.849821090698242,9.181690216064451,18669501
2007-11-26,9.126378059387209,9.338404655456545,9.071066856384276,9.310750007629396,5586553
2007-11-27,9.071066856384276,9.2185640335083,8.905133247375488,9.2185640335083,15258731
2007-11-28,9.513558387756348,9.753240585327148,8.852953910827637,8.852953910827637,16822033
2007-11-29,10.241825103759766,10.398539543151855,9.734804153442385,9.734804153442385,34525228
2007-11-30,10.785719871520996,10.785719871520996,10.38010311126709,10.38010311126709,25625095
2007-12-03,10.32479190826416,10.56447410583496,10.251043319702148,10.56447410583496,32762883
2007-12-04,10.19573211669922,10.509162902832031,10.048234939575195,10.32479190826416,18649281
2007-12-05,10.416976928710938,10.509162902832031,10.278698921203612,10.509162902832031,15009929
2007-12-06,10.675097465515137,10.92399787902832,10.610567092895508,10.693533897399902,15916453
2007-12-07,10.56447410583496,11.043840408325195,10.509162902832031,10.914779663085938,14132514
2007-12-10,10.306355476379396,10.87790584564209,10.297136306762695,10.87790584564209,5287618
2007-12-11,10.509162902832031,10.785719871520996,10.232605934143066,10.32479190826416,13102652
2007-12-12,10.352446556091309,10.490726470947266,10.103546142578123,10.490726470947266,10346627
2007-12-13,10.693533897399902,10.758064270019531,10.140419960021973,10.140419960021973,14590671
2007-12-14,10.398539543151855,10.711971282958984,10.223387718200684,10.693533897399902,6067105
2007-12-17,10.278698921203612,10.693533897399902,10.075889587402344,10.32479190826416,13949568
2007-12-18,9.716365814208984,10.19573211669922,9.550432205200195,10.177294731140137,22393725
2007-12-19,9.661054611206056,10.011361122131348,9.495121002197266,9.808551788330078,12704456
2007-12-20,10.085108757019045,10.140419960021973,9.63339900970459,9.725584983825684,8890017
2007-12-21,10.12198257446289,10.435415267944336,10.12198257446289,10.140419960021973,6473318
2007-12-24,10.251043319702148,10.352446556091309,10.149639129638672,10.269479751586914,3440557
2007-12-27,10.094327926635742,10.343229293823242,10.057453155517578,10.343229293823242,6028595
2007-12-28,10.32479190826416,10.343229293823242,10.02057933807373,10.232605934143066,6677829
2007-12-31,11.06227684020996,11.06227684020996,10.287917137145996,10.32479190826416,6996750
2008-01-02,10.638222694396973,10.914779663085938,10.32479190826416,10.32479190826416,7976296
2008-01-03,10.785719871520996,10.970090866088867,10.472289085388184,10.499943733215332,10066540
2008-01-04,11.431018829345703,11.467893600463867,10.647440910339355,10.647440910339355,26011533
2008-01-07,11.071495056152344,11.228211402893066,10.87790584564209,11.228211402893066,16020395
2008-01-08,10.859468460083008,11.12680721282959,10.730408668518066,11.06227684020996,26453142
2008-01-09,10.804157257080078,10.914779663085938,10.334010124206545,10.914779663085938,22991649
2008-01-10,10.98852825164795,11.034621238708496,10.334010124206545,10.398539543151855,16399711
2008-01-11,10.831812858581545,11.06227684020996,10.785719871520996,11.006965637207031,9742297
2008-01-14,10.407758712768556,10.887124061584473,10.32479190826416,10.785719871520996,13448916
2008-01-15,9.83620834350586,10.629003524780272,9.77167797088623,10.51838207244873,24476891
2008-01-16,9.237001419067385,9.56886863708496,9.09872341156006,9.56886863708496,31664040
2008-01-17,9.144815444946287,9.753240585327148,8.812947273254395,9.071066856384276,34124862
2008-01-18,8.951226234436035,9.172471046447754,8.582483291625977,8.997318267822266,25478869
2008-01-21,8.398112297058105,8.905133247375488,8.370455741882324,8.905133247375488,14008959
2008-01-22,7.660626888275146,8.766854286193848,7.319540023803711,8.766854286193848,54075273
2008-01-23,8.149210929870605,8.803729057312012,7.660626888275146,7.660626888275146,24157475
2008-01-24,8.63779354095459,9.163252830505373,8.28748893737793,8.757636070251465,33030473
2008-01-25,9.03419303894043,9.27387523651123,8.83138370513916,9.03419303894043,21573277
2008-01-28,8.647012710571289,8.960444450378418,8.416548728942871,8.849821090698242,15851876
2008-01-29,8.573264122009277,8.711543083190918,8.27826976776123,8.665450096130371,15321018
2008-01-30,8.296708106994629,8.914351463317871,8.232177734375,8.914351463317871,10848988
2008-01-31,8.527172088623047,8.693105697631836,8.296708106994629,8.4810791015625,23384470
2008-02-01,8.739198684692383,8.942007064819336,8.490297317504883,8.656231880187988,22619308
2008-02-04,9.071066856384276,9.780896186828612,8.656231880187988,8.656231880187988,31523747
2008-02-05,9.043411254882812,9.08950424194336,8.757636070251465,9.071066856384276,12304117
2008-02-06,8.573264122009277,8.83138370513916,8.4810791015625,8.83138370513916,15642348
2008-02-11,8.573264122009277,9.03419303894043,8.398112297058105,8.398112297058105,5657697
2008-02-12,8.591702461242676,8.905133247375488,8.545609474182129,8.905133247375488,6499319
2008-02-13,8.610138893127441,8.84060287475586,8.554826736450195,8.776073455810547,11016899
2008-02-14,8.905133247375488,9.126378059387209,8.812947273254395,9.03419303894043,26887049
2008-02-15,9.20012664794922,9.2185640335083,8.63779354095459,8.739198684692383,12908099
2008-02-18,9.20012664794922,9.347623825073242,8.895914077758789,9.2185640335083,8327164
2008-02-19,9.135597229003906,9.27387523651123,9.107940673828123,9.20012664794922,6706982
2008-02-20,8.693105697631836,9.237001419067385,8.683886528015137,9.144815444946287,5768490
2008-02-21,8.942007064819336,9.09872341156006,8.84060287475586,8.886695861816406,9850774
2008-02-22,8.702323913574219,8.905133247375488,8.665450096130371,8.886695861816406,12800078
2008-02-25,8.849821090698242,8.859040260314941,8.628576278686523,8.647012710571289,7459946
2008-02-26,9.2185640335083,9.2185640335083,8.776073455810547,8.83138370513916,15028099
2008-02-27,9.209344863891602,9.319968223571776,9.052630424499512,9.2185640335083,16445966
2008-02-28,9.061847686767578,9.329187393188477,9.03419303894043,9.190908432006836,16830982
2008-02-29,9.163252830505373,9.172471046447754,8.9696626663208,9.03419303894043,11752643
2008-03-03,9.043411254882812,9.135597229003906,8.942007064819336,9.135597229003906,8288638
2008-03-04,8.942007064819336,9.346701622009276,8.757636070251465,9.346701622009276,16984016
2008-03-05,8.859040260314941,8.942007064819336,8.683703422546387,8.683703422546387,12146880
2008-03-06,8.803729057312012,8.942007064819336,8.757636070251465,8.849821090698242,11518333
2008-03-07,8.610138893127441,8.812947273254395,8.600919723510742,8.665450096130371,13619799
2008-03-10,8.849821090698242,8.877476692199707,8.444205284118652,8.573264122009277,22805253
2008-03-11,8.932787895202637,9.107940673828123,8.84060287475586,8.859040260314941,20608414
2008-03-12,9.015755653381348,9.2185640335083,9.015755653381348,9.2185640335083,19023504
2008-03-13,8.794509887695312,9.006537437438965,7.92796516418457,9.006537437438965,10812925
2008-03-14,8.628576278686523,9.03419303894043,8.4810791015625,8.794509887695312,14021868
2008-03-17,8.001712799072266,8.4810791015625,7.835779190063477,8.305926322937012,18278811
2008-03-18,7.135168075561523,7.992495059967041,6.9323601722717285,7.706718921661377,47654583
2008-03-19,7.586877822875977,7.80812406539917,7.208917140960693,7.208917140960693,53684589
2008-03-20,7.208917140960693,7.62928295135498,6.268622875213623,7.62928295135498,78143945
2008-03-25,7.918745994567871,8.204522132873535,7.559222221374512,7.559222221374512,26307300
2008-03-26,8.204522132873535,8.204522132873535,7.863434791564941,7.863434791564941,22592091
2008-03-27,8.167648315429688,8.232177734375,7.964838981628418,8.2229585647583,23339121
2008-03-28,8.407329559326172,8.573264122009277,8.047805786132812,8.112336158752441,17295534
2008-03-31,8.158429145812988,8.324362754821777,8.075462341308594,8.296708106994629,34244106
2008-04-01,8.259833335876465,8.453422546386719,8.204522132873535,8.453422546386719,32484889
2008-04-02,8.4810791015625,8.628576278686523,8.425766944885254,8.554826736450195,28794640
2008-04-03,8.849821090698242,8.849821090698242,8.444205284118652,8.4810791015625,18145992
2008-04-07,8.960444450378418,9.20012664794922,8.886695861816406,9.03419303894043,18991649
2008-04-08,8.859040260314941,9.255437850952148,8.711543083190918,9.2185640335083,24172066
2008-04-09,8.665450096130371,9.248432159423828,8.582483291625977,9.248432159423828,8672716
2008-04-10,8.665450096130371,8.859040260314941,8.628576278686523,8.720762252807617,8806441
2008-04-11,8.573264122009277,8.877476692199707,8.527172088623047,8.757636070251465,14202184
2008-04-14,8.591702461242676,8.748416900634766,8.4810791015625,8.4810791015625,14033095
2008-04-15,8.53639030456543,8.693105697631836,8.4810791015625,8.610138893127441,19134649
2008-04-16,8.683886528015137,8.757636070251465,8.499515533447266,8.564045906066895,17575583
2008-04-17,8.84060287475586,9.015755653381348,8.702323913574219,8.702323913574219,25720989
2008-04-18,9.144815444946287,9.366061210632324,8.960444450378418,8.960444450378418,24781976
2008-04-21,9.753240585327148,9.928393363952637,9.402935028076172,9.513558387756348,36168093
2008-04-22,9.974486351013184,10.011361122131348,9.688711166381836,9.77167797088623,21858571
2008-04-23,9.725584983825684,9.974486351013184,9.716365814208984,9.919175148010254,12807850
2008-04-24,9.780896186828612,10.214168548583984,9.725584983825684,9.77167797088623,16592192
2008-04-25,10.048234939575195,10.140419960021973,9.77167797088623,10.140419960021973,14246404
2008-04-28,9.9652681350708,10.103546142578123,9.900737762451172,10.048234939575195,5701495
2008-04-29,9.679491996765137,9.956048965454102,9.596525192260742,9.928393363952637,31592630
2008-04-30,9.504339218139648,9.77167797088623,9.485901832580566,9.734804153442385,19310490
2008-05-02,10.32479190826416,10.407758712768556,9.77167797088623,9.77167797088623,23026188
2008-05-05,10.536819458007812,10.68431568145752,10.361665725708008,10.416976928710938,18630476
2008-05-06,10.426196098327637,10.57369327545166,10.204950332641602,10.509162902832031,25505462
2008-05-07,10.287917137145996,10.610567092895508,10.232605934143066,10.555255889892578,23750644
2008-05-08,10.057453155517578,10.287917137145996,9.94683074951172,10.287917137145996,17130975
2008-05-09,10.619786262512209,10.656660079956056,10.149639129638672,10.158858299255373,25293254
2008-05-13,11.550861358642578,11.947258949279783,10.501419067382812,10.501419067382812,60788737
2008-05-14,11.956478118896484,11.984132766723633,11.569297790527344,11.73523235321045,54816723
2008-05-15,12.823022842407228,13.071924209594728,12.500372886657717,12.518810272216797,80483230
2008-05-16,12.343656539916992,12.77692985534668,11.938040733337402,11.938040733337402,40032230
2008-05-19,12.03022575378418,12.528029441833496,11.891947746276855,11.984132766723633,25044164
2008-05-20,11.689139366149902,12.067099571228027,11.67992115020752,12.03022575378418,34779238
2008-05-21,11.910385131835938,12.03944492340088,11.61539077758789,11.707575798034668,24983808
2008-05-22,11.910385131835938,12.03022575378418,11.596954345703123,11.781325340270996,21344971
2008-05-23,12.380532264709473,12.841460227966309,12.002570152282717,12.16850471496582,27958989
2008-05-26,12.380532264709473,12.721617698669434,12.16850471496582,12.721617698669434,17563244
2008-05-27,12.22381591796875,12.61099624633789,12.22381591796875,12.61099624633789,22104325
2008-05-28,11.716794967651367,12.371313095092772,11.716794967651367,12.371313095092772,29065940
2008-05-29,12.555684089660645,12.592558860778809,11.772106170654297,11.772106170654297,45988971
2008-05-30,12.113192558288574,12.887553215026855,11.984132766723633,12.693963050842283,240238607
2008-06-02,12.730836868286133,12.740056037902832,12.325220108032228,12.445061683654783,90865660
2008-06-03,13.090360641479492,13.256295204162598,12.297565460205078,12.80458641052246,59091505
2008-06-04,13.228639602661133,13.283950805664062,12.795367240905762,13.090360641479492,49755333
2008-06-05,13.090360641479492,13.182546615600586,12.915207862854004,13.182546615600586,39045249
2008-06-06,12.61099624633789,13.265514373779297,12.445061683654783,13.228639602661133,139704446
2008-06-10,11.827418327331545,12.334439277648926,11.827418327331545,12.316001892089844,55301918
2008-06-11,11.799761772155762,12.076318740844728,11.781325340270996,12.048663139343262,39613694
2008-06-12,11.403364181518556,11.956478118896484,10.970090866088867,11.956478118896484,43740769
2008-06-13,11.449457168579102,11.790542602539062,11.163681030273438,11.163681030273438,28933680
2008-06-16,11.61539077758789,12.316001892089844,11.449457168579102,11.449457168579102,16220443
2008-06-17,11.61539077758789,11.781325340270996,11.412582397460938,11.707575798034668,21711894
2008-06-18,12.16850471496582,12.205378532409668,11.61539077758789,11.61539077758789,20471343
2008-06-19,11.394145011901855,12.05788230895996,11.394145011901855,12.05788230895996,30469093
2008-06-20,11.596954345703123,11.984132766723633,11.338833808898926,11.338833808898926,19497195
2008-06-23,11.569297790527344,11.578516960144045,11.172900199890137,11.246647834777832,20898047
2008-06-24,11.61539077758789,11.891947746276855,11.209774017333984,11.265085220336914,22050743
2008-06-25,11.560078620910645,11.80898094177246,11.403364181518556,11.799761772155762,11889052
2008-06-26,11.42180061340332,11.652264595031738,11.28352165222168,11.523204803466797,23017141
2008-06-27,11.06227684020996,11.080714225769045,10.841031074523926,11.080714225769045,36602526
2008-06-30,11.11758804321289,11.431018829345703,11.080714225769045,11.384926795959473,13996349
2008-07-02,10.693533897399902,11.11758804321289,10.693533897399902,10.93321704864502,26372104
2008-07-03,10.970090866088867,11.31117820739746,10.509162902832031,10.619786262512209,28165133
2008-07-04,11.06227684020996,11.11758804321289,10.73962688446045,10.87790584564209,16075713
2008-07-07,11.643046379089355,11.643046379089355,11.23742961883545,11.28352165222168,18189627
2008-07-08,11.47711181640625,11.716794967651367,11.200554847717283,11.431018829345703,18415030
2008-07-09,11.984132766723633,12.076318740844728,11.560078620910645,11.560078620910645,21248969
2008-07-10,12.011789321899414,12.085537910461426,11.87351131439209,11.984132766723633,12807579
2008-07-11,12.094756126403809,12.094756126403809,11.762887954711914,12.076318740844728,10728953
2008-07-14,11.357271194458008,12.048663139343262,11.301959991455078,11.86429214477539,29470206
2008-07-15,11.06227684020996,11.301959991455078,10.748846054077148,11.301959991455078,39526924
2008-07-16,10.951654434204102,11.172900199890137,10.841031074523926,11.06227684020996,16330329
2008-07-17,11.32039737701416,11.523204803466797,11.274304389953612,11.28352165222168,16060255
2008-07-18,11.61539077758789,11.652264595031738,11.32039737701416,11.394145011901855,12546964
2008-07-21,12.076318740844728,12.076318740844728,11.726014137268066,11.726014137268066,14072999
2008-07-22,11.910385131835938,12.094756126403809,11.855072975158691,11.984132766723633,3759804
2008-07-23,12.454279899597168,12.574121475219728,12.260689735412598,12.500372886657717,25807445
2008-07-24,12.63865089416504,12.869115829467772,12.491153717041016,12.703181266784668,19667378
2008-07-25,12.297565460205078,12.90598964691162,12.16850471496582,12.537246704101562,13712004
2008-07-28,12.002570152282717,12.500372886657717,12.002570152282717,12.371313095092772,8703150
2008-07-29,12.48193645477295,12.703181266784668,11.827418327331545,11.984132766723633,19995521
2008-07-30,12.500372886657717,12.869115829467772,12.500372886657717,12.592558860778809,22026748
2008-07-31,12.823022842407228,12.823022842407228,12.500372886657717,12.693963050842283,9734704
2008-08-01,13.228639602661133,13.256295204162598,12.537246704101562,12.537246704101562,15361936
2008-08-04,12.786148071289062,13.265514373779297,12.721617698669434,13.265514373779297,8851161
2008-08-05,12.371313095092772,12.823022842407228,12.316001892089844,12.786148071289062,14473511
2008-08-06,12.371313095092772,12.371313095092772,12.371313095092772,12.371313095092772,0
2008-08-07,12.823022842407228,12.841460227966309,12.398968696594238,12.83224105834961,19632123
2008-08-08,12.27912712097168,12.90598964691162,12.140849113464355,12.90598964691162,21916102
2008-08-11,12.435843467712402,12.61099624633789,12.325220108032228,12.362093925476074,11816915
2008-08-12,11.984132766723633,12.445061683654783,11.984132766723633,12.426624298095703,21015202
2008-08-13,12.16850471496582,12.22381591796875,11.781325340270996,11.799761772155762,24390456
2008-08-14,11.984132766723633,12.528029441833496,11.781325340270996,11.781325340270996,45231825
2008-08-15,11.744450569152832,12.05788230895996,11.467893600463867,11.993351936340332,19263302
2008-08-18,12.16850471496582,12.16850471496582,11.80898094177246,12.03944492340088,12969589
2008-08-19,12.011789321899414,12.500372886657717,11.928821563720703,12.16850471496582,12859903
2008-08-20,11.689139366149902,12.38974952697754,11.587735176086426,12.38974952697754,27616924
2008-08-21,11.87351131439209,11.947258949279783,11.61539077758789,11.707575798034668,13653389
2008-08-22,11.87351131439209,11.87351131439209,11.87351131439209,11.87351131439209,0
2008-08-25,12.454279899597168,12.47271728515625,12.15928554534912,12.260689735412598,12773176
2008-08-26,12.22381591796875,12.352875709533691,11.97491455078125,12.352875709533691,5934996
2008-08-27,11.86429214477539,12.352875709533691,11.633828163146973,11.993351936340332,15572326
2008-08-28,12.067099571228027,12.177722930908203,11.855072975158691,11.965696334838867,17116645
2008-08-29,12.352875709533691,12.592558860778809,12.260689735412598,12.260689735412598,34019016
2008-09-01,12.445061683654783,12.518810272216797,12.196160316467283,12.352875709533691,15999031
2008-09-02,12.564903259277344,12.564903259277344,12.23303508758545,12.445061683654783,10749970
2008-09-03,12.380532264709473,12.869115829467772,12.352875709533691,12.352875709533691,18636155
2008-09-04,11.624608993530272,12.16850471496582,11.48633098602295,12.16850471496582,40246233
2008-09-05,10.997747421264648,11.62276554107666,10.51838207244873,11.62276554107666,67518739
2008-09-08,11.855072975158691,11.855072975158691,11.523204803466797,11.578516960144045,38076134
2008-09-09,11.61539077758789,11.716794967651367,11.348052024841309,11.698357582092283,23733895
2008-09-10,10.87790584564209,11.54164218902588,10.87790584564209,11.54164218902588,25762378
2008-09-11,10.601348876953123,11.071495056152344,10.509162902832031,10.887124061584473,35456523
2008-09-12,11.12680721282959,11.32039737701416,10.693533897399902,10.693533897399902,31569177
2008-09-16,10.334010124206545,10.841031074523926,10.334010124206545,10.785719871520996,38385190
2008-09-17,9.956048965454102,10.970090866088867,9.956048965454102,10.693533897399902,31854867
2008-09-18,10.509162902832031,10.730408668518066,8.647012710571289,10.214168548583984,68458722
2008-09-19,11.246647834777832,11.707575798034668,8.647012710571289,8.647012710571289,72212094
2008-09-22,11.440237998962402,11.54164218902588,11.06227684020996,11.431018829345703,34652287
2008-09-23,10.601348876953123,11.345287322998049,10.601348876953123,11.345287322998049,25900876
2008-09-24,10.822593688964844,10.896343231201172,10.389322280883787,10.693533897399902,27437818
2008-09-25,10.693533897399902,11.025403022766112,10.57369327545166,10.831812858581545,17074648
2008-09-26,10.435415267944336,10.693533897399902,10.140419960021973,10.693533897399902,13429162
2008-09-29,10.02057933807373,10.56447410583496,9.974486351013184,10.509162902832031,35250439
2008-09-30,10.232605934143066,10.31557273864746,9.107940673828123,10.171026229858398,38858631
2008-10-02,9.956048965454102,10.19573211669922,9.77167797088623,9.77167797088623,27919298
2008-10-03,9.402935028076172,10.140419960021973,9.402935028076172,9.99292278289795,50682245
2008-10-06,8.86825942993164,9.502124786376951,8.859040260314941,9.502124786376951,45249019
2008-10-08,8.296708106994629,8.918960571289062,8.213740348815918,8.918960571289062,91752723
2008-10-09,8.573264122009277,8.628576278686523,8.204522132873535,8.2229585647583,42034201
2008-10-10,8.315144538879395,8.573264122009277,7.669845104217529,8.204522132873535,71006711
2008-10-13,9.430590629577637,9.52277660369873,7.989360809326172,7.989360809326172,29217314
2008-10-14,9.956048965454102,10.38010311126709,9.430590629577637,9.430590629577637,55967846
2008-10-15,9.58730697631836,10.13120174407959,9.430590629577637,9.956048965454102,21508082
2008-10-16,9.799333572387695,9.834917068481444,9.03419303894043,9.834917068481444,45270329
2008-10-17,9.172471046447754,10.38010311126709,8.942558288574219,8.942558288574219,42538260
2008-10-20,9.928393363952637,10.140419960021973,9.181690216064451,9.181690216064451,23074980
2008-10-21,9.83620834350586,10.232605934143066,9.319968223571776,9.808551788330078,29593268
2008-10-22,9.006537437438965,9.808551788330078,9.006537437438965,9.734804153442385,26139644
2008-10-23,8.886695861816406,9.402935028076172,8.573264122009277,9.22040843963623,24127943
2008-10-24,8.103117942810059,8.72998046875,8.010931968688965,8.517952919006348,47965130
2008-10-27,7.006109237670898,8.204522132873535,6.499086856842041,8.075462341308594,46718607
2008-10-28,8.12155532836914,8.425766944885254,7.079856872558594,7.374851226806641,71759410
2008-10-29,9.043411254882812,9.126378059387209,7.685884952545166,7.685884952545166,59483447
2008-10-30,9.716365814208984,9.863863945007324,8.848161697387695,8.848161697387695,49331026
2008-10-31,10.140419960021973,10.140419960021973,9.614961624145508,9.93761157989502,41476696
2008-11-03,10.214168548583984,10.730408668518066,9.914379119873049,9.914379119873049,24898941
2008-11-04,9.642618179321287,10.140419960021973,9.485901832580566,10.140419960021973,17154514
2008-11-05,9.679491996765137,10.140419960021973,9.421372413635254,9.421372413635254,25674371
2008-11-06,8.895914077758789,9.679491996765137,8.895914077758789,9.679491996765137,15414710
2008-11-07,9.58730697631836,9.69792938232422,8.4810791015625,9.053182601928713,21666063
2008-11-10,10.048234939575195,10.536819458007812,9.762458801269531,10.12198257446289,20959879
2008-11-11,9.421372413635254,9.956048965454102,9.402935028076172,9.956048965454102,32790897
2008-11-12,9.402935028076172,10.048234939575195,9.052630424499512,9.863863945007324,26012569
2008-11-13,8.702323913574219,9.03419303894043,8.600919723510742,9.03419303894043,51105570
2008-11-14,9.246219635009766,9.375280380249023,8.849821090698242,9.03419303894043,23260470
2008-11-17,9.20012664794922,9.2185640335083,8.86825942993164,9.03419303894043,23712010
2008-11-18,8.702323913574219,8.988100051879883,8.315144538879395,8.9696626663208,37438269
2008-11-19,8.296708106994629,8.849821090698242,8.011301040649414,8.011301040649414,37076895
2008-11-20,7.476254940032959,8.372300148010254,7.430161952972412,8.372300148010254,71879298
2008-11-21,7.374851226806641,7.92796516418457,7.1628241539001465,7.319540023803711,72563944
2008-11-24,7.384069919586182,7.494691848754883,7.282664775848389,7.365633010864258,54492198
2008-11-25,7.651408195495605,8.167648315429688,7.651408195495605,7.743594169616699,51548942
2008-11-26,7.1904802322387695,7.941054821014404,7.06141996383667,7.941054821014404,58456427
2008-11-27,7.725156784057617,7.771248817443848,7.393288135528564,7.559222221374512,63602641
2008-11-28,7.835779190063477,8.020151138305664,7.393288135528564,7.393288135528564,54730826
2008-12-01,8.020151138305664,8.167648315429688,7.651408195495605,7.835779190063477,24863719
2008-12-02,7.92796516418457,8.158429145812988,7.651408195495605,7.706718921661377,25671025
2008-12-03,8.296708106994629,8.4718599319458,8.001712799072266,8.001712799072266,36351044
2008-12-04,8.001712799072266,8.564045906066895,7.872653961181641,8.53639030456543,18996064
2008-12-05,8.112336158752441,8.296708106994629,8.112336158752441,8.250615119934082,17377521
2008-12-08,8.849821090698242,9.03419303894043,8.361236572265625,8.361236572265625,44016321
2008-12-09,8.978880882263184,9.310750007629396,8.942007064819336,9.02497386932373,46721450
2008-12-10,9.2185640335083,9.310750007629396,8.978880882263184,8.978880882263184,39679876
2008-12-11,8.877476692199707,9.209344863891602,8.379674911499023,9.209344863891602,42736594
2008-12-12,8.619357109069824,8.886695861816406,8.462641716003418,8.886695861816406,26881419
2008-12-15,8.665450096130371,9.246219635009766,8.462641716003418,8.462641716003418,30309057
2008-12-16,8.942007064819336,9.09872341156006,8.665450096130371,8.83138370513916,27305661
2008-12-17,9.550432205200195,9.651837348937988,8.665450096130371,8.665450096130371,67275620
2008-12-18,9.44902801513672,9.77167797088623,9.338404655456545,9.614961624145508,19333666
2008-12-19,9.402935028076172,9.57808780670166,9.107940673828123,9.531994819641112,19218827
2008-12-22,9.03419303894043,9.688711166381836,9.006537437438965,9.58730697631836,14737918
2008-12-23,8.942007064819336,9.02497386932373,8.86825942993164,9.02497386932373,15007661
2008-12-24,9.190908432006836,9.366061210632324,8.53639030456543,8.53639030456543,6240667
2008-12-29,9.301530838012695,9.338404655456545,8.53639030456543,8.53639030456543,21818863
2008-12-30,9.126378059387209,9.458247184753418,9.03419303894043,9.458247184753418,22159133
2008-12-31,9.2185640335083,9.366061210632324,9.043411254882812,9.310750007629396,10466602
2009-01-02,9.58730697631836,9.679491996765137,9.2185640335083,9.2185640335083,18318584
2009-01-05,9.661054611206056,9.863863945007324,9.485901832580566,9.60574436187744,17661659
2009-01-06,9.393716812133787,9.559651374816896,9.28309440612793,9.550432205200195,32200821
2009-01-07,9.03419303894043,9.679491996765137,9.03419303894043,9.679491996765137,49605722
2009-01-08,8.444205284118652,8.942007064819336,8.130772590637207,8.942007064819336,90376370
2009-01-09,7.92796516418457,8.407329559326172,7.78968620300293,8.315144538879395,61313450
2009-01-12,8.296708106994629,8.379674911499023,8.057024955749512,8.112336158752441,37436842
2009-01-13,8.103117942810059,8.28748893737793,7.946402072906494,7.946402072906494,24551544
2009-01-14,8.149210929870605,8.241395950317383,7.946402072906494,8.103117942810059,20817248
2009-01-15,7.706718921661377,7.8542160987854,7.642189025878906,7.78968620300293,41637290
2009-01-16,7.900309085845947,8.075462341308594,7.706718921661377,7.92796516418457,22180427
2009-01-19,8.204522132873535,8.269051551818848,7.743594169616699,7.743594169616699,18084328
2009-01-20,8.27826976776123,8.315144538879395,7.863434791564941,7.964838981628418,12113057
2009-01-21,8.517952919006348,8.647012710571289,8.075462341308594,8.2229585647583,24619369
2009-01-22,8.4718599319458,8.610138893127441,8.352019309997559,8.517952919006348,11159627
2009-01-23,8.158429145812988,8.352019309997559,8.09389877319336,8.296708106994629,12087695
2009-01-29,8.757636070251465,8.822166442871094,8.158429145812988,8.158429145812988,41671580
2009-01-30,8.923569679260254,8.932787895202637,8.628576278686523,8.656231880187988,27492566
2009-02-02,8.67466926574707,8.923569679260254,8.582483291625977,8.923569679260254,32111452
2009-02-03,8.600919723510742,8.812947273254395,8.554826736450195,8.812947273254395,11596236
2009-02-04,8.444205284118652,8.83138370513916,8.361236572265625,8.757636070251465,11925934
2009-02-05,8.075462341308594,8.517952919006348,8.020151138305664,8.4810791015625,45771058
2009-02-06,8.453422546386719,8.812947273254395,8.2229585647583,8.2229585647583,21490054
2009-02-09,8.315144538879395,8.739198684692383,8.315144538879395,8.739198684692383,22151024
2009-02-10,8.665450096130371,8.683886528015137,8.34280014038086,8.416548728942871,30607531
2009-02-11,8.86825942993164,9.071066856384276,8.573264122009277,8.619357109069824,32986909
2009-02-12,8.84060287475586,9.366061210632324,8.812947273254395,8.914351463317871,29403032
2009-02-13,8.978880882263184,9.071066856384276,8.84060287475586,8.84060287475586,15663235
2009-02-16,8.905133247375488,9.237001419067385,8.84060287475586,9.237001419067385,8568465
2009-02-17,8.434986114501953,8.683886528015137,8.425766944885254,8.628576278686523,15846604
2009-02-18,8.499515533447266,8.849821090698242,8.361236572265625,8.849821090698242,11540663
2009-02-19,8.693105697631836,8.739198684692383,8.4718599319458,8.499515533447266,11314836
2009-02-20,8.416548728942871,8.591702461242676,8.361236572265625,8.370455741882324,10226169
2009-02-23,8.600919723510742,8.665450096130371,8.324362754821777,8.564045906066895,17429080
2009-02-24,8.296708106994629,8.554826736450195,8.213740348815918,8.554826736450195,18436623
2009-02-25,8.388893127441406,8.490297317504883,8.259833335876465,8.490297317504883,22107341
2009-02-26,8.370455741882324,8.4810791015625,8.250615119934082,8.425766944885254,21395581
2009-02-27,8.28748893737793,8.53639030456543,8.28748893737793,8.361236572265625,11881811
2009-03-02,8.139991760253906,8.259833335876465,8.020151138305664,8.066243171691895,14031886
2009-03-03,8.149210929870605,9.02497386932373,8.066243171691895,8.066243171691895,18426534
2009-03-04,8.388893127441406,9.02497386932373,8.010931968688965,9.02497386932373,20320533
2009-03-05,8.739198684692383,8.886695861816406,8.407329559326172,8.63779354095459,36763028
2009-03-06,8.573264122009277,9.03419303894043,8.573264122009277,8.665450096130371,30758362
2009-03-09,8.711543083190918,8.960444450378418,8.683886528015137,8.812947273254395,28749584
2009-03-10,8.665450096130371,8.757636070251465,8.527172088623047,8.711543083190918,28495542
2009-03-11,8.859040260314941,9.061847686767578,8.766854286193848,8.766854286193848,34456942
2009-03-12,9.071066856384276,9.126378059387209,8.86825942993164,8.86825942993164,20434070
2009-03-13,9.513558387756348,9.57808780670166,9.107940673828123,9.126378059387209,23746647
2009-03-16,10.029797554016112,10.103546142578123,9.624180793762209,9.624180793762209,35035102
2009-03-17,9.725584983825684,9.919175148010254,9.495121002197266,9.919175148010254,29021568
2009-03-18,9.58730697631836,9.956048965454102,9.439809799194336,9.956048965454102,20614250
2009-03-19,9.808551788330078,10.223387718200684,9.661054611206056,9.956048965454102,52467518
2009-03-20,9.734804153442385,9.956048965454102,9.52277660369873,9.808551788330078,21199141
2009-03-23,10.269479751586914,10.38010311126709,9.780896186828612,9.780896186828612,32270214
2009-03-24,10.758064270019531,10.914779663085938,10.081974983215332,10.081974983215332,43412784
2009-03-25,10.177294731140137,10.748846054077148,10.149639129638672,10.32479190826416,33293166
2009-03-26,10.232605934143066,10.407758712768556,10.094327926635742,10.19573211669922,29992820
2009-03-27,10.56447410583496,10.592129707336426,9.919175148010254,10.453851699829102,35451794
2009-03-30,10.601348876953123,11.034621238708496,10.361665725708008,10.509162902832031,27068558
2009-03-31,10.58291244506836,10.841031074523926,10.536819458007812,10.656660079956056,31506293
2009-04-01,10.822593688964844,11.06227684020996,10.58291244506836,10.711971282958984,24330756
2009-04-02,11.11758804321289,11.209774017333984,10.87790584564209,10.87790584564209,23897430
2009-04-03,10.960872650146484,11.218992233276367,10.730408668518066,11.172900199890137,20166572
2009-04-06,11.384926795959473,11.394145011901855,10.979310035705566,11.154462814331056,20352669
2009-04-07,11.587735176086426,11.596954345703123,11.154462814331056,11.431018829345703,26989386
2009-04-08,11.348052024841309,11.587735176086426,10.841031074523926,11.587735176086426,26451965
2009-04-09,11.394145011901855,11.47711181640625,11.246647834777832,11.348052024841309,18877630
2009-04-14,11.384926795959473,11.440237998962402,11.080714225769045,11.246647834777832,23616551
2009-04-15,11.348052024841309,11.384926795959473,11.154462814331056,11.32039737701416,24562012
2009-04-16,11.855072975158691,11.891947746276855,11.375707626342772,11.47711181640625,26126589
2009-04-17,12.131629943847656,12.343656539916992,11.984132766723633,12.343656539916992,31024781
2009-04-20,11.781325340270996,12.021007537841797,11.652264595031738,12.021007537841797,22369627
2009-04-21,11.818199157714844,11.882728576660156,11.154462814331056,11.869270324707031,20070397
2009-04-22,11.652264595031738,12.242253303527832,11.301959991455078,11.891947746276855,31189357
2009-04-23,11.928821563720703,11.984132766723633,11.587735176086426,11.762887954711914,13882302
2009-04-24,12.15928554534912,12.16850471496582,11.845854759216309,12.16850471496582,12011805
2009-04-27,12.048663139343262,12.186942100524902,11.707575798034668,11.984132766723633,16226496
2009-04-28,12.011789321899414,12.445061683654783,11.799761772155762,12.021007537841797,25274726
2009-04-29,12.334439277648926,12.380532264709473,11.891947746276855,11.891947746276855,17391357
2009-04-30,12.721617698669434,12.90598964691162,12.48193645477295,12.537246704101562,23676414
2009-05-04,13.680349349975586,13.827845573425291,12.924427032470703,13.016613006591797,45418855
2009-05-05,13.606600761413574,13.827845573425291,13.40379238128662,13.680349349975586,36459434
2009-05-06,13.560507774353027,13.643474578857422,13.062705039978027,13.145671844482422,29911327
2009-05-07,13.625038146972656,13.643474578857422,13.090360641479492,13.56972599029541,28388807
2009-05-08,13.551288604736328,13.827845573425291,13.13645362854004,13.274731636047363,21063067
2009-05-11,13.145671844482422,13.551288604736328,12.90598964691162,13.182546615600586,19293112
2009-05-12,13.13645362854004,13.366917610168455,12.77692985534668,12.77692985534668,26498735
2009-05-13,13.422228813171388,13.65269374847412,13.108798027038574,13.21942138671875,14513610
2009-05-14,14.740484237670898,15.11844539642334,13.440667152404783,13.440667152404783,47250062
2009-05-15,14.666735649108888,15.330471992492676,14.362523078918455,15.210631370544434,55006172
2009-05-18,14.841888427734377,14.897199630737305,14.25189971923828,14.25189971923828,23977773
2009-05-19,14.639080047607422,15.081570625305176,14.592987060546877,15.026260375976562,22884484
2009-05-20,14.648298263549805,15.06313419342041,14.427053451538086,14.427053451538086,20736845
2009-05-21,14.749703407287598,14.805013656616213,14.556113243103027,14.556113243103027,9637048
2009-05-22,14.362523078918455,14.851106643676758,14.288773536682127,14.749703407287598,16341844
2009-05-25,14.427053451538086,14.574549674987791,14.307211875915527,14.408616065979004,10817248
2009-05-26,14.076746940612791,14.353303909301758,13.735660552978516,14.32564926147461,18142325
2009-05-27,14.87876319885254,15.06313419342041,14.159714698791504,14.187370300292969,34588845
2009-05-29,15.929678916931152,16.114049911499023,14.159714698791504,14.159714698791504,44289390
2009-06-01,15.782181739807127,15.800619125366213,15.42265796661377,15.61624813079834,26445229
2009-06-02,15.542498588562012,16.24311065673828,15.450313568115234,16.13248634338379,31733650
2009-06-03,16.399826049804688,16.538103103637695,15.7268705368042,15.763745307922363,27457664
2009-06-04,16.57497787475586,16.777786254882812,16.2338924407959,16.777786254882812,31736475
2009-06-05,16.76856803894043,17.054344177246094,16.584196090698242,17.054344177246094,41413465
2009-06-08,16.51966667175293,16.943721771240234,16.261547088623047,16.777786254882812,15667623
2009-06-09,15.800619125366213,16.593416213989258,15.302817344665527,16.51966667175293,27117416
2009-06-10,16.46435546875,16.584196090698242,15.819055557250977,15.819055557250977,24676873
2009-06-11,16.648727416992188,16.76856803894043,16.427480697631836,16.76856803894043,26190688
2009-06-12,16.556541442871094,16.860754013061523,16.381389617919922,16.860754013061523,9960119
2009-06-15,16.445919036865234,16.621070861816406,16.335296630859375,16.335296630859375,18568107
2009-06-16,16.473573684692383,16.648727416992188,16.021865844726562,16.16014289855957,27767528
2009-06-17,16.07717514038086,16.445919036865234,16.04952049255371,16.316858291625977,21427739
2009-06-18,15.791399955749512,16.07717514038086,15.579373359680176,16.07717514038086,33374578
2009-06-19,16.68560028076172,16.74091339111328,15.579373359680176,15.662341117858888,22573227
2009-06-22,16.390607833862305,17.12809181213379,16.279983520507812,16.777786254882812,25534479
2009-06-23,15.708433151245115,15.929678916931152,15.653121948242188,15.85593032836914,44451188
2009-06-24,16.60263442993164,16.814661026000977,15.708433151245115,15.754526138305664,35466660
2009-06-25,17.109655380249023,17.23871421813965,16.777786254882812,16.888410568237305,22407805
2009-06-26,17.146528244018555,17.330900192260742,16.971376419067383,17.1926212310791,13733803
2009-06-29,17.43230438232422,17.65355110168457,17.257152557373047,17.386211395263672,10717823
2009-06-30,16.676382064819336,17.413867950439453,16.473573684692383,17.413867950439453,31216541
2009-07-02,16.510448455810547,17.07278060913086,16.252328872680664,17.008251190185547,23391038
2009-07-03,16.362951278686523,16.584196090698242,16.224672317504883,16.40904426574707,16254998
2009-07-06,16.141706466674805,16.501230239868164,15.865148544311523,16.501230239868164,10856527
2009-07-07,16.46435546875,16.7132568359375,1.613247990608215,15.957335472106934,13256462
2009-07-08,16.943721771240234,17.026687622070312,16.206235885620117,16.418262481689453,18424332
2009-07-09,16.897628784179688,16.962158203125,16.639507293701172,16.962158203125,14709014
2009-07-10,16.648727416992188,16.897628784179688,16.372169494628906,16.897628784179688,18651401
2009-07-13,16.04952049255371,16.40904426574707,15.948116302490234,16.40904426574707,18666577
2009-07-14,16.584196090698242,16.593416213989258,16.16014289855957,16.18779945373535,17163398
2009-07-15,16.962158203125,17.054344177246094,16.704038619995117,16.704038619995117,17133405
2009-07-16,16.962158203125,17.57058334350586,16.869972229003906,17.57058334350586,14286833
2009-07-17,18.16057205200196,18.41869163513184,16.888410568237305,17.146528244018555,25385693
2009-07-20,19.635541915893555,19.70928955078125,18.62150001525879,18.62150001525879,29857002
2009-07-21,18.52931404113769,19.358985900878903,18.40025329589844,19.358985900878903,52689369
2009-07-22,18.41869163513184,18.750560760498047,18.409473419189453,18.52931404113769,30187368
2009-07-23,18.99024200439453,19.10086441040039,18.4371280670166,18.73212242126465,22311331
2009-07-24,19.082427978515625,19.39585876464844,18.71368408203125,19.358985900878903,16892890
2009-07-27,18.91649436950684,19.06399154663086,18.76899719238281,18.99024200439453,18666512
2009-07-28,19.06399154663086,19.10086441040039,18.62150001525879,18.89805793762207,26903668
2009-07-29,19.082427978515625,19.303674697875977,18.86118125915528,18.953367233276367,25239184
2009-07-30,18.91649436950684,19.54335594177246,18.89805793762207,19.358985900878903,21554201
2009-07-31,19.28523635864257,19.580230712890625,18.99024200439453,19.082427978515625,18540945
2009-08-03,20.26240348815918,21.01832771301269,19.46960830688477,19.54335594177246,30241308
2009-08-04,20.336153030395508,20.833955764770508,20.22553062438965,20.28084182739257,21487222
2009-08-05,19.98584747314453,20.61271095275879,19.65397834777832,20.59427261352539,16420132
2009-08-06,20.15178108215332,20.20709228515625,19.414295196533203,19.91209983825684,17170439
2009-08-07,19.67241668701172,20.26240348815918,19.54335594177246,20.26240348815918,20384415
2009-08-10,20.502086639404297,20.631147384643555,19.838350296020508,20.28084182739257,22676366
2009-08-11,21.66362571716309,22.050806045532227,20.61271095275879,20.61271095275879,31791424
2009-08-12,20.85239219665528,21.31332015991211,20.74176979064941,21.14738655090332,29656943
2009-08-13,21.75581169128418,22.62235641479492,21.58987808227539,21.70050048828125,51274431
2009-08-14,21.88487243652344,21.940183639526367,21.16582489013672,21.940183639526367,35854633
2009-08-17,21.221134185791016,21.66362571716309,21.01832771301269,21.38706970214844,28015506
2009-08-18,21.14738655090332,21.68206214904785,20.48365020751953,21.66362571716309,36128238
2009-08-19,20.66802024841309,21.20269775390625,20.46521377563477,21.14738655090332,31301402
2009-08-20,20.77864456176757,21.09207534790039,20.575834274291992,20.907703399658203,15709663
2009-08-21,21.23957252502441,21.442380905151367,20.833955764770508,20.907703399658203,23583178
2009-08-24,22.12455368041992,22.23517608642578,21.73737525939941,21.75581169128418,29018232
2009-08-25,21.829559326171875,22.03236961364746,21.626752853393555,21.75581169128418,16581638
2009-08-26,21.829559326171875,22.23517608642578,21.718936920166016,21.774248123168945,11080580
2009-08-27,21.11051177978516,21.940183639526367,20.9261417388916,21.829559326171875,18071327
2009-08-28,21.25800895690918,21.331758499145508,20.81551742553711,21.11051177978516,16948392
2009-08-31,21.25800895690918,21.442380905151367,20.66802024841309,20.76020622253418,24308415
2009-09-01,21.276445388793945,21.38706970214844,20.85239219665528,21.20269775390625,15195212
2009-09-02,21.14738655090332,21.25800895690918,20.76020622253418,21.20269775390625,12506817
2009-09-03,21.20269775390625,21.47925567626953,20.9261417388916,20.9261417388916,17473761
2009-09-04,22.548608779907227,22.64079475402832,21.23957252502441,21.23957252502441,29718217
2009-09-07,23.59952545166016,23.93139266967773,22.714542388916016,22.73298072814941,23641419
2009-09-08,23.691709518432617,23.9682674407959,23.212345123291016,23.59952545166016,20490972
2009-09-09,23.78389549255371,24.11576461791992,23.525775909423828,24.11576461791992,17680480
2009-09-10,23.72858428955078,24.097326278686523,23.691709518432617,23.820770263671875,11773942
2009-09-11,23.23078155517578,23.636398315429688,23.027973175048828,23.59952545166016,21145325
2009-09-14,23.39671516418457,23.59952545166016,22.86203956604004,22.954225540161133,17442558
2009-09-15,22.91735076904297,23.59952545166016,22.696104049682617,23.4704647064209,11268337
2009-09-16,23.138595581054688,23.24921989440918,22.769853591918945,22.91735076904297,23685059
2009-09-17,23.820770263671875,23.91295623779297,23.322967529296875,23.35984230041504,26469484
2009-09-18,23.28609275817871,23.9682674407959,23.24921989440918,23.9682674407959,19701793
2009-09-21,23.59952545166016,23.9498291015625,23.39671516418457,23.61796188354492,14133708
2009-09-22,23.59952545166016,23.78389549255371,23.43358993530273,23.59952545166016,11925332
2009-09-23,23.820770263671875,23.894519805908203,23.636398315429688,23.83920669555664,11022876
2009-09-24,23.67327308654785,24.30013465881348,23.636398315429688,23.9682674407959,21776769
2009-09-25,23.452028274536133,23.9682674407959,23.10172271728516,23.9682674407959,15180910
2009-09-28,22.548608779907227,23.30453109741211,22.30892562866211,23.12015914916992,20332959
2009-09-29,23.10172271728516,23.39671516418457,22.88047790527344,22.954225540161133,17366782
2009-09-30,23.24921989440918,23.59952545166016,23.10172271728516,23.452028274536133,15368097
2009-10-02,22.65923118591309,23.12015914916992,22.493297576904297,23.12015914916992,17630684
2009-10-05,22.58548355102539,22.91735076904297,22.493297576904297,22.769853591918945,15154479
2009-10-06,22.93578720092773,23.212345123291016,22.58548355102539,23.212345123291016,17402286
2009-10-07,23.34140586853028,23.507339477539062,23.064847946166992,23.064847946166992,31545811
2009-10-08,24.060453414916992,24.30013465881348,23.59952545166016,23.765459060668945,28045819
2009-10-09,23.72858428955078,24.263261795043945,23.322967529296875,24.152637481689453,16737784
2009-10-12,23.35984230041504,23.691709518432617,23.23078155517578,23.691709518432617,10563428
2009-10-13,23.93139266967773,24.097326278686523,23.488901138305664,23.488901138305664,21504183
2009-10-14,25.406362533569336,25.42480087280273,24.35544776916504,24.35544776916504,32462494
2009-10-15,25.49854850769043,26.236034393310547,25.314178466796875,25.71979331970215,30733998
2009-10-16,25.29574012756348,25.81197929382324,24.90856170654297,25.81197929382324,20774579
2009-10-19,26.71539878845215,26.826021194458008,25.4432373046875,25.627609252929688,21237970
2009-10-20,26.401968002319336,27.434446334838867,26.29134559631348,27.26851272583008,30094783
2009-10-21,26.088537216186523,26.54946517944336,26.014787673950195,26.180723190307617,19378505
2009-10-22,27.176328659057617,27.434446334838867,26.180723190307617,26.236034393310547,24924905
2009-10-23,27.4160099029541,28.0244369506836,27.065704345703125,27.65569305419922,27622185
2009-10-27,27.010393142700195,27.176328659057617,26.733837127685547,26.733837127685547,21847452
2009-10-28,26.12541007995605,26.97351837158203,26.014787673950195,26.78914833068848,29532569
2009-10-29,24.59513092041016,25.148242950439453,24.5398178100586,25.07449531555176,58726421
2009-10-30,25.27730369567871,26.088537216186523,25.07449531555176,25.07449531555176,49916188
2009-11-02,26.38353157043457,26.641651153564453,24.705751419067383,25.056058883666992,28708363
2009-11-03,25.42480087280273,26.38353157043457,25.29574012756348,26.36509323120117,31703737
2009-11-04,25.79354286193848,26.088537216186523,25.351051330566406,25.71979331970215,21845901
2009-11-05,25.406362533569336,25.701356887817383,25.258865356445312,25.49854850769043,20613100
2009-11-06,25.55385971069336,26.088537216186523,25.351051330566406,25.99635124206543,23770013
2009-11-09,25.60917282104492,25.83041763305664,25.42480087280273,25.81197929382324,18367550
2009-11-10,26.401968002319336,27.010393142700195,25.99635124206543,26.36509323120117,46433644
2009-11-11,27.508195877075195,27.65569305419922,26.60477638244629,26.733837127685547,36378180
2009-11-12,27.084142684936523,28.20880699157715,26.678525924682617,28.20880699157715,49803551
2009-11-13,27.379135131835938,28.0244369506836,27.176328659057617,27.840063095092773,27492593
2009-11-16,27.32382583618164,27.747879028320312,27.12101554870605,27.747879028320312,15139510
2009-11-17,27.434446334838867,27.61881828308105,26.733837127685547,27.194765090942383,18694640
2009-11-18,26.955081939697266,27.58194351196289,26.844459533691406,27.10257911682129,16051040
2009-11-19,26.77071189880371,27.010393142700195,26.512590408325195,26.955081939697266,14727461
2009-11-20,26.66008758544922,26.9366455078125,26.4204044342041,26.4204044342041,12814012
2009-11-23,27.30538749694824,27.379135131835938,26.733837127685547,26.733837127685547,17481083
2009-11-24,26.752273559570312,27.379135131835938,26.66008758544922,27.379135131835938,17903855
2009-11-25,27.12101554870605,27.47132110595703,26.9182071685791,27.397573471069336,17273866
2009-11-26,26.88133430480957,27.286949157714844,26.752273559570312,27.04726791381836,16564482
2009-11-27,25.627609252929688,26.696962356567383,25.4432373046875,26.199159622192383,27906324
2009-11-30,26.4204044342041,26.88133430480957,26.199159622192383,26.199159622192383,27762413
2009-12-01,27.0288314819336,27.10257911682129,26.4388427734375,26.60477638244629,19846848
2009-12-02,27.48975944519043,27.58194351196289,26.696962356567383,27.04726791381836,28474351
2009-12-03,27.65569305419922,27.747879028320312,27.30538749694824,27.65569305419922,18821856
2009-12-04,27.563507080078125,27.747879028320312,27.397573471069336,27.65569305419922,12153063
2009-12-07,27.176328659057617,27.65569305419922,26.9182071685791,27.60038185119629,17092265
2009-12-08,27.4160099029541,27.54507064819336,27.12101554870605,27.286949157714844,12429744
2009-12-09,27.379135131835938,27.47132110595703,26.752273559570312,27.286949157714844,15966422
2009-12-10,26.86289596557617,27.65569305419922,26.512590408325195,27.65569305419922,26514247
2009-12-11,29.00160217285156,29.13066291809082,26.752273559570312,26.752273559570312,56415253
2009-12-14,29.425657272338867,29.68377685546875,28.171932220458984,28.85410690307617,30524584
2009-12-15,29.75752639770508,30.255327224731445,29.167537689208984,29.499406814575195,30638940
2009-12-16,29.333471298217773,30.49501037597656,29.20441246032715,29.646902084350582,26227310
2009-12-17,28.59598731994629,30.12626838684082,28.171932220458984,30.052520751953125,20732891
2009-12-18,28.09818458557129,28.26411819458008,27.72944068908692,27.840063095092773,29849094
2009-12-21,28.282554626464844,28.393178939819336,27.508195877075195,27.87693977355957,13205781
2009-12-22,28.430051803588867,28.72504615783692,28.319429397583008,28.72504615783692,12939200
2009-12-23,28.57754898071289,28.70660972595215,28.11662101745605,28.30099105834961,15065724
2009-12-24,29.79439926147461,29.96033477783203,28.780357360839844,28.9831657409668,15502006
2009-12-28,29.4809684753418,30.20001792907715,29.44409370422364,29.84971046447754,12069498
2009-12-29,29.646902084350582,30.07095718383789,29.278160095214844,30.052520751953125,10146959
2009-12-30,30.43969917297364,30.49501037597656,29.59159278869629,29.646902084350582,18279944
2009-12-31,31.15874671936035,30.60563468933105,31.103435516357425,30.69781875610352,13447527
2010-01-04,30.9743766784668,31.084999084472656,30.67938232421875,30.79000473022461,12216592
2010-01-05,31.67498779296875,31.89623260498047,30.80844116210937,30.84531593322754,26493832
2010-01-06,31.748735427856445,32.264976501464844,31.69342422485352,31.82248306274414,25253221
2010-01-07,30.531885147094727,31.9515438079834,30.421262741088867,31.748735427856445,30298638
2010-01-08,30.9559383392334,31.15874671936035,30.12626838684082,30.12626838684082,21669436
2010-01-11,31.49061584472656,32.264976501464844,31.19562149047852,31.19562149047852,19275848
2010-01-12,31.084999084472656,31.84092140197754,30.9559383392334,31.78561019897461,17057834
2010-01-13,31.509052276611328,32.080604553222656,30.79000473022461,30.863752365112305,33144406
2010-01-14,31.78561019897461,32.15435028076172,31.582801818847656,31.969980239868164,20549332
2010-01-15,32.54153060913086,31.89623260498047,32.3755989074707,32.09904098510742,22153823
2010-01-18,31.28780746459961,32.301849365234375,30.9743766784668,32.20966339111328,30176298
2010-01-19,29.72065162658692,30.9559383392334,29.24128532409668,30.863752365112305,66212044
2010-01-20,28.65129852294922,29.536279678344727,28.4116153717041,29.13066291809082,47788877
2010-01-21,28.20880699157715,29.46253204345703,27.895376205444336,28.4116153717041,62278145
2010-01-22,27.747879028320312,27.932249069213867,26.77071189880371,27.379135131835938,75153832
2010-01-25,27.508195877075195,27.52663230895996,26.733837127685547,27.10257911682129,47288816
2010-01-26,26.38353157043457,27.71100425720215,26.309783935546875,27.71100425720215,44535919
2010-01-27,26.07010078430176,26.678525924682617,25.351051330566406,26.457279205322266,55563970
2010-01-28,27.010393142700195,27.286949157714844,26.236034393310547,26.254470825195312,55718805
2010-01-29,26.77071189880371,27.286949157714844,26.36509323120117,26.844459533691406,36691645
2010-02-01,25.99635124206543,26.623214721679688,25.66448211669922,26.623214721679688,42869364
2010-02-02,26.16228675842285,26.623214721679688,25.959476470947266,26.512590408325195,35207222
2010-02-03,27.72944068908692,27.950687408447266,26.38353157043457,26.475717544555664,53054111
2010-02-04,26.955081939697266,27.71100425720215,26.9182071685791,27.71100425720215,20930926
2010-02-05,25.516986846923828,26.32822036743164,25.369489669799805,25.81197929382324,60512046
2010-02-08,25.33261489868164,25.738231658935547,25.092931747436523,25.092931747436523,37540416
2010-02-09,24.89012336730957,25.60917282104492,24.57669258117676,25.07449531555176,38598721
2010-02-10,25.590734481811523,25.682920455932617,24.9454345703125,25.42480087280273,34542688
2010-02-11,26.733837127685547,26.80758476257324,25.81197929382324,25.81197929382324,44598760
2010-02-12,27.32382583618164,27.58194351196289,26.9182071685791,26.9182071685791,35794911
2010-02-17,27.9138126373291,28.48536491394043,27.692567825317383,28.4116153717041,28177646
2010-02-18,27.48975944519043,27.9875602722168,27.286949157714844,27.9138126373291,15689281
2010-02-19,26.309783935546875,27.58194351196289,26.254470825195312,27.58194351196289,20394438
2010-02-22,27.54507064819336,27.637256622314453,26.86289596557617,27.26851272583008,25682995
2010-02-23,27.950687408447266,28.0244369506836,27.010393142700195,27.10257911682129,23759387
2010-02-24,27.65569305419922,27.80319023132324,27.4160099029541,27.65569305419922,18252158
2010-02-25,27.54507064819336,28.0244369506836,27.36069869995117,27.840063095092773,16118214
2010-02-26,28.061309814453125,28.48536491394043,27.72944068908692,28.48536491394043,16236182
2010-03-01,28.57754898071289,28.57754898071289,28.245681762695312,28.393178939819336,19962630
2010-03-02,29.11222648620605,29.22284889221192,28.780357360839844,28.872543334960938,27751717
2010-03-03,29.315034866333008,29.35190963745117,28.85410690307617,29.22284889221192,15922972
2010-03-04,28.245681762695312,29.315034866333008,27.932249069213867,29.315034866333008,23317513
2010-03-05,29.18597412109375,29.278160095214844,28.30099105834961,28.393178939819336,31755285
2010-03-08,29.646902084350582,29.775962829589844,29.18597412109375,29.499406814575195,27029072
2010-03-09,29.44409370422364,29.646902084350582,28.9831657409668,29.4072208404541,16138646
2010-03-10,30.144704818725582,30.273765563964844,29.44409370422364,29.868148803710938,27139144
2010-03-11,30.089393615722656,30.23689079284668,29.425657272338867,30.23689079284668,18618690
2010-03-12,29.72065162658692,30.273765563964844,29.61002922058105,30.23689079284668,18659304
2010-03-15,30.882190704345703,30.9559383392334,29.24128532409668,29.25972366333008,27713881
2010-03-16,30.55032157897949,30.771568298339844,30.273765563964844,30.421262741088867,48448410
2010-03-17,30.56875991821289,30.9743766784668,29.868148803710938,30.9743766784668,36439540
2010-03-18,28.890981674194336,30.34751319885254,28.76192092895508,30.34751319885254,75876949
2010-03-19,28.76192092895508,29.07535171508789,27.747879028320312,28.57754898071289,89134436
2010-03-22,28.72504615783692,29.056915283203125,27.932249069213867,28.393178939819336,25690230
2010-03-23,29.167537689208984,29.22284889221192,28.817232131958008,29.00160217285156,24668781
2010-03-24,29.18597412109375,29.62846565246582,28.79879570007324,28.946292877197266,31087589
2010-03-25,29.11222648620605,29.775962829589844,28.9831657409668,29.775962829589844,26792517
2010-03-26,29.149099349975582,29.22284889221192,28.63286018371582,28.835668563842773,24324519
2010-03-29,29.4072208404541,29.55471611022949,29.149099349975582,29.22284889221192,16619002
2010-03-30,29.03847885131836,29.315034866333008,28.85410690307617,29.13066291809082,27743874
2010-03-31,28.72504615783692,29.22284889221192,28.65129852294922,29.22284889221192,19236612
2010-04-01,28.4116153717041,28.669734954833984,28.26411819458008,28.4116153717041,31831783
2010-04-07,28.76192092895508,29.13066291809082,28.52223777770996,29.13066291809082,57594330
2010-04-08,29.093788146972656,29.22284889221192,28.63286018371582,28.669734954833984,23805555
2010-04-09,29.75752639770508,29.84971046447754,29.167537689208984,29.29659652709961,39563117
2010-04-12,29.79439926147461,30.421262741088867,29.70221328735352,29.886585235595703,34365041
2010-04-13,29.57315444946289,30.21845436096192,29.315034866333008,30.052520751953125,30674428
2010-04-14,29.665340423583984,29.9050235748291,29.62846565246582,29.868148803710938,13570122
2010-04-15,29.388782501220703,29.99720764160156,29.22284889221192,29.68377685546875,14967655
2010-04-16,29.22284889221192,29.499406814575195,28.9094181060791,29.499406814575195,18816286
2010-04-19,28.68817138671875,28.9094181060791,28.503801345825195,28.68817138671875,22966428
2010-04-20,28.890981674194336,29.02004051208496,28.76192092895508,28.76192092895508,18675944
2010-04-21,28.9831657409668,29.388782501220703,28.9094181060791,29.20441246032715,24116558
2010-04-22,29.11222648620605,29.315034866333008,28.46692657470703,28.48536491394043,17940027
2010-04-23,29.84971046447754,29.96033477783203,29.11222648620605,29.11222648620605,39007184
2010-04-26,30.310640335083008,30.51344871520996,30.144704818725582,30.23689079284668,26346330
2010-04-27,29.62846565246582,30.07095718383789,29.59159278869629,30.07095718383789,17089162
2010-04-28,29.333471298217773,29.4809684753418,28.9094181060791,29.07535171508789,18368006
2010-04-29,29.499406814575195,29.73908805847168,29.370346069335938,29.370346069335938,17149161
2010-04-30,30.12626838684082,30.18157958984375,29.68377685546875,30.052520751953125,23463973
2010-05-03,30.310640335083008,30.531885147094727,29.73908805847168,29.868148803710938,25505603
2010-05-04,30.51344871520996,30.75313186645508,30.365951538085938,30.60563468933105,27619674
2010-05-05,29.61002922058105,30.034082412719727,29.499406814575195,29.886585235595703,26495036
2010-05-06,28.59598731994629,29.20441246032715,28.430051803588867,29.149099349975582,40394271
2010-05-07,28.0244369506836,28.282554626464844,27.26851272583008,27.26851272583008,47362336
2010-05-10,28.430051803588867,28.52223777770996,28.20880699157715,28.393178939819336,21501693
2010-05-11,28.430051803588867,28.76192092895508,28.35630416870117,28.430051803588867,38062845
2010-05-12,27.895376205444336,28.430051803588867,27.563507080078125,28.430051803588867,48425918
2010-05-13,29.29659652709961,29.315034866333008,27.83858871459961,27.83858871459961,62112056
2010-05-14,29.75752639770508,30.089393615722656,29.00160217285156,29.056915283203125,46797736
2010-05-17,28.430051803588867,29.35190963745117,28.22724342346192,29.315034866333008,51650981
2010-05-18,28.559112548828125,28.72504615783692,25.108604431152344,25.108604431152344,26137399
2010-05-19,27.950687408447266,28.46692657470703,27.85850143432617,28.374740600585938,24438967
2010-05-20,27.508195877075195,28.20880699157715,26.9366455078125,28.103530883789062,39808990
2010-05-24,27.250076293945312,27.270357131958008,26.733837127685547,27.270357131958008,38424491
2010-05-25,26.254470825195312,26.60662078857422,26.180723190307617,26.60662078857422,41477629
2010-05-26,27.397573471069336,27.54507064819336,26.254470825195312,26.254470825195312,49078959
2010-05-27,27.76631546020508,28.005998611450195,26.99195671081543,27.10257911682129,30822288
2010-05-28,27.692567825317383,28.30099105834961,27.60038185119629,28.0244369506836,29903961
2010-05-31,27.692567825317383,27.80319023132324,27.379135131835938,27.80319023132324,15744468
2010-06-01,27.58194351196289,28.005998611450195,27.47132110595703,27.563507080078125,18298147
2010-06-02,27.9875602722168,28.11662101745605,27.47132110595703,27.71100425720215,20605854
2010-06-03,27.9875602722168,28.282554626464844,27.9138126373291,28.245681762695312,23760179
2010-06-04,27.821626663208008,28.374740600585938,27.65569305419922,28.13505744934082,19699824
2010-06-07,27.084142684936523,27.21320152282715,26.86289596557617,26.86289596557617,25478446
2010-06-08,26.49415397644043,27.04726791381836,26.236034393310547,26.9366455078125,65074274
2010-06-09,25.33261489868164,26.49415397644043,25.22199249267578,26.27290725708008,118094417
2010-06-10,23.488901138305664,24.742626190185547,23.39671516418457,24.72418975830078,161817889
2010-06-11,24.502944946289062,24.72418975830078,24.00514030456543,24.521381378173828,84307649
2010-06-14,24.244823455810547,25.240428924560547,24.07888984680176,25.16668128967285,45081558
2010-06-15,23.488901138305664,24.134201049804688,23.15703392028809,24.023578643798828,68138656
2010-06-17,23.046411514282227,23.41515350341797,22.696104049682617,23.378278732299805,80069158
2010-06-18,23.91295623779297,24.060453414916992,22.19830322265625,22.86203956604004,140701456
2010-06-21,24.373884201049805,24.687314987182617,23.986703872680664,24.521381378173828,55217512
2010-06-22,23.23078155517578,24.484506607055664,23.08328437805176,24.373884201049805,72100016
2010-06-23,23.027973175048828,23.691709518432617,22.401111602783203,22.86203956604004,115287515
2010-06-24,23.28609275817871,23.91295623779297,23.23078155517578,23.23078155517578,39422764
2010-06-25,23.91295623779297,23.93139266967773,23.212345123291016,23.212345123291016,33667698
2010-06-28,24.00514030456543,24.318572998046875,23.765459060668945,23.986703872680664,27262552
2010-06-29,23.58108711242676,24.33700942993164,23.30453109741211,24.33700942993164,33200185
2010-06-30,24.060453414916992,24.152637481689453,23.41515350341797,23.41515350341797,30498088
2010-07-02,23.894519805908203,24.134201049804688,23.67327308654785,24.060453414916992,32837319
2010-07-05,24.0420150756836,24.244823455810547,23.65483665466309,23.9682674407959,17630206
2010-07-06,24.816375732421875,24.871686935424805,23.72858428955078,23.72858428955078,34875804
2010-07-07,25.07449531555176,25.240428924560547,24.5398178100586,24.79793739318848,41365800
2010-07-08,25.314178466796875,25.682920455932617,25.129806518554688,25.627609252929688,26460442
2010-07-09,25.627609252929688,25.71979331970215,25.0376205444336,25.092931747436523,26145491
2010-07-12,25.590734481811523,25.71979331970215,25.351051330566406,25.71979331970215,12522356
2010-07-13,25.738231658935547,25.81197929382324,25.4432373046875,25.646045684814453,16222655
2010-07-14,25.516986846923828,25.99635124206543,25.11136817932129,25.81197929382324,22408901
2010-07-15,25.0376205444336,25.627609252929688,24.90856170654297,25.351051330566406,24497154
2010-07-16,25.516986846923828,25.590734481811523,24.742626190185547,24.89012336730957,18381093
2010-07-19,25.738231658935547,25.83041763305664,24.89012336730957,24.89012336730957,18752697
2010-07-20,25.369489669799805,25.83041763305664,25.185117721557617,25.81197929382324,14161630
2010-07-21,25.572296142578125,25.682920455932617,25.185117721557617,25.480112075805664,18263678
2010-07-22,25.27730369567871,25.55385971069336,25.16668128967285,25.29574012756348,20864832
2010-07-23,25.4432373046875,25.480112075805664,25.22199249267578,25.406362533569336,28322430
2010-07-26,25.49854850769043,25.66448211669922,25.29574012756348,25.29574012756348,28316990
2010-07-27,26.36509323120117,26.586339950561523,25.258865356445312,25.4616756439209,49926520
2010-07-28,27.010393142700195,27.194765090942383,26.180723190307617,26.401968002319336,47101368
2010-07-29,27.4160099029541,27.563507080078125,27.0288314819336,27.286949157714844,36754079
2010-07-30,27.60038185119629,27.72944068908692,27.30538749694824,27.4160099029541,33749983
2010-08-02,27.895376205444336,28.11662101745605,27.80319023132324,28.0244369506836,19173825
2010-08-03,27.840063095092773,28.20880699157715,27.21320152282715,28.20880699157715,27104718
2010-08-04,28.26411819458008,28.35630416870117,27.674129486083984,27.71100425720215,19752755
2010-08-05,28.190370559692383,28.35630416870117,28.09818458557129,28.20880699157715,12060581
2010-08-06,28.171932220458984,28.20880699157715,27.950687408447266,28.20880699157715,13588232
2010-08-09,28.337867736816406,28.393178939819336,27.85850143432617,27.85850143432617,12150476
2010-08-10,28.57754898071289,28.72504615783692,28.20880699157715,28.245681762695312,29950476
2010-08-11,27.4160099029541,28.57754898071289,27.30538749694824,28.393178939819336,25948134
2010-08-12,26.4204044342041,26.844459533691406,26.27290725708008,26.844459533691406,48412570
2010-08-13,26.696962356567383,27.231639862060547,26.5310287475586,26.623214721679688,32920277
2010-08-16,26.88133430480957,27.084142684936523,26.5310287475586,26.733837127685547,15869439
2010-08-17,27.084142684936523,27.194765090942383,26.78914833068848,27.194765090942383,9281379
2010-08-18,27.10257911682129,27.54507064819336,26.78914833068848,27.084142684936523,15927669
2010-08-19,27.452884674072266,27.9875602722168,27.342262268066406,27.60038185119629,31142576
2010-08-20,27.397573471069336,27.452884674072266,26.88133430480957,27.065704345703125,14479852
2010-08-23,27.30538749694824,27.65569305419922,27.0288314819336,27.563507080078125,8123097
2010-08-24,26.088537216186523,27.21320152282715,26.014787673950195,27.10257911682129,24051721
2010-08-25,25.5354232788086,25.848854064941406,25.019184112548828,25.848854064941406,42667857
2010-08-26,25.904165267944336,25.9410400390625,25.258865356445312,25.258865356445312,23102197
2010-08-27,25.99635124206543,26.143848419189453,25.904165267944336,25.904165267944336,9309811
2010-08-30,26.457279205322266,26.623214721679688,26.254470825195312,26.27290725708008,16401338
2010-08-31,26.236034393310547,26.32822036743164,25.5354232788086,26.07010078430176,16485099
2010-09-01,26.27290725708008,26.4204044342041,25.959476470947266,25.959476470947266,16683080
2010-09-02,26.16228675842285,26.4204044342041,25.904165267944336,26.180723190307617,14111844
2010-09-03,26.77071189880371,27.04726791381836,25.88572883605957,25.88572883605957,22343234
2010-09-06,27.85850143432617,27.9875602722168,27.0288314819336,27.0288314819336,36952266
2010-09-07,27.80319023132324,28.13505744934082,27.692567825317383,28.0244369506836,23961604
2010-09-08,27.508195877075195,27.932249069213867,27.397573471069336,27.80319023132324,23554252
2010-09-09,27.747879028320312,27.840063095092773,27.286949157714844,27.286949157714844,11330196
2010-09-10,27.61881828308105,27.840063095092773,27.58194351196289,27.840063095092773,12588397
2010-09-13,28.20880699157715,28.374740600585938,27.85850143432617,27.895376205444336,22451049
2010-09-14,28.393178939819336,28.52223777770996,28.26411819458008,28.319429397583008,19146972
2010-09-15,28.319429397583008,28.430051803588867,27.96912384033203,28.393178939819336,17381182
2010-09-16,28.503801345825195,28.76192092895508,28.13505744934082,28.503801345825195,16868466
2010-09-17,28.63286018371582,28.76192092895508,28.30099105834961,28.57754898071289,18382395
2010-09-20,29.07535171508789,29.13066291809082,28.282554626464844,28.63286018371582,21971609
2010-09-21,29.46253204345703,29.55471611022949,29.07535171508789,29.278160095214844,23651947
2010-09-22,29.03847885131836,29.646902084350582,28.9094181060791,29.499406814575195,19794302
2010-09-24,29.61002922058105,29.646902084350582,29.13066291809082,29.57315444946289,18685995
2010-09-27,31.103435516357425,31.15874671936035,30.144704818725582,30.21845436096192,55573468
2010-09-28,31.28780746459961,31.54592704772949,30.79000473022461,31.103435516357425,38408333
2010-09-29,31.06656265258789,31.28780746459961,30.882190704345703,31.15874671936035,26205848
2010-09-30,31.26936912536621,31.43530464172364,30.9743766784668,31.06656265258789,24731898
2010-10-04,31.78561019897461,32.264976501464844,31.4537410736084,32.264976501464844,22775482
2010-10-05,31.029687881469727,31.67498779296875,30.919065475463867,31.61967658996582,20366685
2010-10-06,31.39842987060547,31.98841857910156,31.06656265258789,31.80404663085937,14477834
2010-10-07,30.93750190734864,31.89623260498047,30.69781875610352,31.89623260498047,26801694
2010-10-08,31.78561019897461,31.859357833862305,30.49501037597656,30.69781875610352,26968813
2010-10-11,32.4677848815918,32.81808853149414,31.730297088623047,32.17279052734375,38596882
2010-10-12,33.61088562011719,34.3668098449707,32.44934844970703,32.48622131347656,47092690
2010-10-13,34.58805465698242,35.06741714477539,33.92431640625,34.10868835449219,40324770
2010-10-14,33.70307159423828,35.58365631103516,33.3712043762207,34.938358306884766,34855057
2010-10-15,33.92431640625,34.661800384521484,32.85496139526367,32.85496139526367,28200393
2010-10-18,34.27462387084961,34.3668098449707,33.62932205200195,33.88744354248047,19646247
2010-10-19,33.97962951660156,34.10868835449219,33.444950103759766,34.016502380371094,22121790
2010-10-20,33.50026321411133,33.85056686401367,33.24214172363281,33.518699645996094,20788182
2010-10-21,34.31149673461914,34.661800384521484,33.3712043762207,33.86900329589844,24640072
2010-10-22,34.09025192260742,34.3668098449707,33.77682113647461,34.293060302734375,12098819
2010-10-25,34.20087432861328,34.514305114746094,34.03493881225586,34.38524627685547,11022350
2010-10-26,33.555572509765625,34.661800384521484,33.3712043762207,34.47743225097656,15141533
2010-10-27,32.947147369384766,33.92431640625,32.8734016418457,33.555572509765625,15786888
2010-10-28,32.54153060913086,33.26057815551758,32.17279052734375,33.26057815551758,16632204
2010-10-29,32.72590255737305,33.26057815551758,32.17279052734375,33.26057815551758,26412604
2010-11-01,34.10868835449219,34.329933166503906,33.73994445800781,34.293060302734375,17539026
2010-11-02,34.16400146484375,34.661800384521484,33.73994445800781,34.661800384521484,20898606
2010-11-03,34.49586868286133,34.88304901123047,33.4633903503418,33.85056686401367,22994822
2010-11-04,33.426513671875,34.071815490722656,32.9287109375,34.016502380371094,65641521
2010-11-05,33.70307159423828,34.10868835449219,33.18683242797852,33.73994445800781,32541373
2010-11-08,32.98402404785156,33.92431640625,32.78121566772461,33.92431640625,43950270
2010-11-09,33.4633903503418,33.72150802612305,32.55997085571289,32.63371658325195,34662343
2010-11-10,32.81808853149414,33.61088562011719,32.72590255737305,33.18683242797852,33855802
2010-11-11,32.652156829833984,33.408077239990234,32.06216812133789,33.3712043762207,47128210
2010-11-12,32.32028579711914,32.78121566772461,32.17279052734375,32.412471771240234,37755205
2010-11-15,33.05777359008789,33.18683242797852,32.59684371948242,32.836524963378906,23339116
2010-11-16,31.98841857910156,33.14995574951172,31.67498779296875,32.78121566772461,36171076
2010-11-17,30.73469352722168,31.89623260498047,30.60563468933105,31.61967658996582,35913254
2010-11-18,32.24653625488281,32.39403533935547,31.39842987060547,31.71186065673828,23878527
2010-11-19,32.48622131347656,32.61528015136719,31.54592704772949,32.225887298583984,16075257
2010-11-22,32.32028579711914,33.03933334350586,32.28341293334961,33.00246047973633,18943746
2010-11-23,31.21405982971192,32.11747741699219,31.084999084472656,32.080604553222656,28129580
2010-11-24,30.99281311035156,32.22809982299805,30.56875991821289,32.22809982299805,29804776
2010-11-25,30.62407112121582,31.34311866760254,30.60563468933105,31.34311866760254,23737990
2010-11-26,30.62407112121582,31.15874671936035,30.29220199584961,30.771568298339844,20006216
2010-11-29,31.69342422485352,31.730297088623047,30.421262741088867,30.9743766784668,26104953
2010-11-30,31.84092140197754,32.20966339111328,31.34311866760254,31.509052276611328,33985665
2010-12-01,32.080604553222656,32.412471771240234,31.582801818847656,31.9515438079834,21109100
2010-12-02,32.63371658325195,32.70746612548828,32.32028579711914,32.63371658325195,17323857
2010-12-03,31.638113021850582,32.70746612548828,31.638113021850582,32.63371658325195,15854686
2010-12-06,32.32028579711914,32.652156829833984,31.379993438720703,31.379993438720703,22826628
2010-12-07,33.020896911621094,33.09464645385742,32.264976501464844,32.28341293334961,20002593
2010-12-08,32.301849365234375,33.05777359008789,31.914670944213867,33.05777359008789,17084878
2010-12-09,32.68902969360352,32.910274505615234,32.17279052734375,32.301849365234375,12139259
2010-12-10,33.574012756347656,33.64775848388672,32.68902969360352,32.68902969360352,21700189
2010-12-13,33.14995574951172,33.99806594848633,32.836524963378906,33.88744354248047,18650674
2010-12-14,33.555572509765625,33.59244918823242,32.910274505615234,33.59244918823242,17031908
2010-12-15,32.85496139526367,33.758384704589844,32.264976501464844,33.758384704589844,21002993
2010-12-16,32.043731689453125,33.09464645385742,31.89623260498047,32.910274505615234,25888401
2010-12-17,31.98841857910156,32.22809982299805,31.34311866760254,31.748735427856445,20336436
2010-12-20,31.56436347961425,32.17279052734375,31.084999084472656,32.17279052734375,18365332
2010-12-21,31.98841857910156,32.3755989074707,31.54592704772949,32.3755989074707,13540286
2010-12-22,32.080604553222656,32.264976501464844,31.53670883178711,32.17279052734375,13328083
2010-12-23,31.859357833862305,32.63371658325195,31.71186065673828,32.63371658325195,10079297
2010-12-24,32.025291442871094,32.24653625488281,31.582801818847656,32.24653625488281,4699370
2010-12-28,31.78561019897461,32.24653625488281,31.250932693481445,32.24653625488281,9304751
2010-12-29,31.84092140197754,32.043731689453125,31.601238250732425,31.61967658996582,9588602
2010-12-30,31.65654945373535,32.264976501464844,31.39842987060547,31.859357833862305,16666515
2010-12-31,31.140310287475582,32.11747741699219,30.73469352722168,32.11747741699219,8960174
2011-01-03,32.15435028076172,32.22809982299805,31.15874671936035,31.324682235717773,13432774
2011-01-04,32.799652099609375,32.89183807373047,31.67498779296875,31.93310737609864,18049296
2011-01-05,33.020896911621094,33.13151931762695,32.799652099609375,32.910274505615234,10271116
2011-01-06,33.18683242797852,33.3712043762207,32.85496139526367,33.18683242797852,15494473
2011-01-07,33.18683242797852,33.297454833984375,32.68902969360352,33.020896911621094,8684296
2011-01-10,32.9287109375,33.18683242797852,32.652156829833984,33.13151931762695,11515187
2011-01-11,33.13151931762695,33.24214172363281,32.81808853149414,33.24214172363281,11810944
2011-01-12,34.38524627685547,34.64336395263672,33.24214172363281,33.27901840209961,41952421
2011-01-13,35.786468505859375,36.59770202636719,34.77242660522461,35.21491622924805,44807079
2011-01-14,37.05862808227539,37.20612716674805,35.86021423339844,36.13677215576172,58858258
2011-01-17,37.13237762451172,37.90673828125,36.94800567626953,37.759239196777344,34905412
2011-01-18,37.05862808227539,37.94361114501953,36.74519729614258,36.8742561340332,26272073
2011-01-19,37.02175521850586,37.4642448425293,36.85581970214844,37.39049530029297,19252005
2011-01-20,36.04458618164063,36.818946838378906,35.67584228515625,36.689884185791016,29616910
2011-01-21,35.048980712890625,35.8786506652832,35.048980712890625,35.768028259277344,26152276
2011-01-24,35.048980712890625,35.768028259277344,34.86460876464844,35.30710220336914,19532650
2011-01-25,36.70832443237305,36.98487854003906,35.546783447265625,35.657405853271484,36688722
2011-01-26,37.39049530029297,37.79611587524414,36.8742561340332,36.8742561340332,37169089
2011-01-27,36.85581970214844,37.79611587524414,36.689884185791016,37.39049530029297,23369598
2011-01-28,37.501121520996094,37.72236633300781,36.689884185791016,37.72236633300781,22225618
2011-01-31,37.24300003051758,37.57486724853516,36.65301132202149,37.501121520996094,19482463
2011-02-01,36.94800567626953,38.38610076904297,36.763633728027344,37.27987289428711,25521359
2011-02-02,38.49672317504883,38.49672317504883,37.31674957275391,37.31674957275391,17271756
2011-02-07,37.4642448425293,39.08671188354492,37.24300003051758,38.90234375,32316322
2011-02-08,35.73115539550781,37.685489654541016,35.60209655761719,37.501121520996094,49137748
2011-02-09,35.17804336547852,36.39489364624024,35.03054428100586,35.786468505859375,45780018
2011-02-10,34.551177978515625,35.933963775634766,34.47743225097656,35.08585739135742,42731604
2011-02-11,36.3764533996582,36.65301132202149,35.23335266113281,35.36241149902344,49370647
2011-02-14,37.35362243652344,38.01736068725586,36.8742561340332,37.24300003051758,38528205
2011-02-15,37.31674957275391,37.427371978759766,36.57926177978516,37.31674957275391,17561107
2011-02-16,37.27987289428711,37.427371978759766,36.52395248413086,37.24300003051758,15722138
2011-02-17,37.537994384765625,37.79611587524414,36.83738327026367,36.9111328125,20249551
2011-02-18,38.38610076904297,38.60734939575195,37.83298873901367,38.05423355102539,29166927
2011-02-21,37.685489654541016,38.27547836303711,37.4642448425293,37.98048400878906,15218394
2011-02-22,36.17364883422852,37.685489654541016,36.13677215576172,37.685489654541016,31445893
2011-02-23,35.657405853271484,36.02614974975586,35.21491622924805,35.63896942138672,37776304
2011-02-24,36.04458618164063,36.52395248413086,35.56521987915039,35.56521987915039,27761415
2011-02-25,36.80051040649414,37.09550476074219,36.33958053588867,36.39489364624024,18317803
2011-02-28,37.98048400878906,38.27547836303711,36.505516052246094,36.8742561340332,28502084
2011-03-01,38.93921661376953,39.23421096801758,38.4598503112793,38.71797180175781,32320970
2011-03-02,38.64422225952149,38.71797180175781,37.79611587524414,38.34922790527344,17614602
2011-03-03,39.012962341308594,39.27108383178711,38.09110641479492,38.681095123291016,19044418
2011-03-04,40.746055603027344,40.893550872802734,39.82419967651367,39.82419967651367,38751413
2011-03-07,39.93482208251953,40.893550872802734,39.676700592041016,40.37731170654297,19228313
2011-03-08,40.96730041503906,41.04104995727539,39.34483337402344,39.82419967651367,21176578
2011-03-09,41.33604431152344,42.18415069580078,41.11479568481445,41.11479568481445,32332626
2011-03-10,40.22981643676758,41.815406799316406,39.8610725402832,41.26229476928711,16436539
2011-03-11,39.93482208251953,40.8566780090332,39.38170623779297,39.78732299804688,29930327
2011-03-14,41.29916763305664,41.33604431152344,39.78732299804688,41.29916763305664,17575144
2011-03-15,39.4554557800293,40.746055603027344,38.533599853515625,40.746055603027344,44553541
2011-03-16,39.97169494628906,40.59855651855469,39.012962341308594,39.27108383178711,31223934
2011-03-17,35.62053298950195,37.64861679077149,35.58365631103516,36.689884185791016,102559303
2011-03-18,35.36241149902344,36.35801696777344,35.12273025512695,35.897090911865234,53343408
2011-03-21,35.436161041259766,35.933963775634766,35.03054428100586,35.21491622924805,47113343
2011-03-22,35.19647979736328,35.69428253173828,34.919921875,35.399288177490234,45003937
2011-03-23,34.84617233276367,35.38085174560547,34.514305114746094,35.12273025512695,33270283
2011-03-24,35.84177780151367,36.13677215576172,34.49586868286133,35.03054428100586,44889331
2011-03-25,36.26583099365234,36.3764533996582,35.786468505859375,36.32114410400391,42722215
2011-03-28,35.49147415161133,36.57926177978516,35.03054428100586,36.32114410400391,34627159
2011-03-29,35.06741714477539,35.47303771972656,34.75398635864258,35.288665771484375,29459944
2011-03-30,35.98927688598633,36.35801696777344,34.901485443115234,35.21491622924805,50319765
2011-03-31,34.938358306884766,35.63896942138672,34.3668098449707,35.63896942138672,68127000
2011-04-01,35.56521987915039,35.768028259277344,34.938358306884766,35.768028259277344,38137212
2011-04-04,36.21052169799805,36.26583099365234,35.49147415161133,35.56521987915039,30652559
2011-04-06,37.759239196777344,37.98048400878906,35.9708366394043,36.35801696777344,56846122
2011-04-07,37.83298873901367,38.34922790527344,36.94800567626953,37.02175521850586,28724114
2011-04-08,37.94361114501953,38.31235504150391,37.61174392700195,37.83298873901367,22256117
2011-04-11,36.9111328125,38.16485595703125,36.78207015991211,38.16485595703125,25676823
2011-04-12,35.69428253173828,36.15520858764648,35.56521987915039,36.13677215576172,56980785
2011-04-13,36.763633728027344,36.83738327026367,35.69428253173828,35.69428253173828,32706974
2011-04-14,36.98487854003906,37.13237762451172,36.19208526611328,36.94800567626953,33473042
2011-04-15,37.02175521850586,37.427371978759766,36.4686393737793,37.24300003051758,34809090
2011-04-18,36.8742561340332,37.427371978759766,36.45020294189453,37.09550476074219,19802329
2011-04-19,36.94800567626953,37.24300003051758,35.9708366394043,35.9708366394043,26922456
2011-04-20,39.56607818603516,39.63982772827149,38.34922790527344,38.71797180175781,77264535
2011-04-21,40.48793411254883,41.004173278808594,40.04544448852539,40.746055603027344,43995635
2011-04-26,41.48353958129883,41.48353958129883,39.71357345581055,40.26668930053711,24277917
2011-04-27,40.30356216430664,42.55289459228516,39.4554557800293,41.815406799316406,38753143
2011-04-28,41.004173278808594,41.667911529541016,40.4510612487793,41.667911529541016,26629037
2011-04-29,40.746055603027344,41.04104995727539,39.8610725402832,41.04104995727539,21871344
2011-05-03,40.19293975830078,41.926029205322266,40.008567810058594,41.926029205322266,18965159
2011-05-04,38.82859420776367,39.16046142578125,38.27547836303711,38.8654670715332,38630239
2011-05-05,39.04983901977539,40.008567810058594,38.16485595703125,38.16485595703125,25393682
2011-05-06,39.012962341308594,39.71357345581055,38.533599853515625,38.90234375,15204992
2011-05-09,38.681095123291016,39.82419967651367,38.20173263549805,39.16046142578125,24377428
2011-05-11,38.681095123291016,40.19293975830078,38.57047271728516,40.19293975830078,37282485
2011-05-12,40.30356216430664,40.4510612487793,38.97608947753906,39.82419967651367,61167310
2011-05-13,40.37731170654297,40.8566780090332,40.04544448852539,40.56168365478516,28169109
2011-05-16,40.4141845703125,40.746055603027344,40.22981643676758,40.746055603027344,25175226
2011-05-17,39.30795669555664,40.63543319702149,38.93921661376953,40.56168365478516,31465077
2011-05-18,40.26668930053711,40.37731170654297,39.4554557800293,39.49232864379883,23602167
2011-05-19,40.672306060791016,41.29916763305664,40.11919021606445,41.26229476928711,24759549
2011-05-20,40.59855651855469,41.29916763305664,40.48793411254883,41.04104995727539,13125655
2011-05-23,39.93482208251953,40.4141845703125,39.63982772827149,39.63982772827149,13559996
2011-05-24,39.27108383178711,40.008567810058594,39.08671188354492,40.008567810058594,22098614
2011-05-25,39.529205322265625,39.676700592041016,38.71797180175781,38.71797180175781,19967978
2011-05-26,40.15606689453125,40.19293975830078,38.82859420776367,38.82859420776367,15915596
2011-05-27,39.676700592041016,40.37731170654297,39.56607818603516,40.37731170654297,23571099
2011-05-30,40.22981643676758,40.48793411254883,39.19733428955078,39.27108383178711,20415684
2011-05-31,41.26229476928711,41.48353958129883,40.26668930053711,40.524810791015625,26156708
2011-06-01,41.4097900390625,41.741661071777344,40.93042755126953,41.48353958129883,21482807
2011-06-02,40.672306060791016,41.22542190551758,40.56168365478516,41.22542190551758,20617743
2011-06-03,40.746055603027344,41.52041244506836,40.63543319702149,40.96730041503906,26700003
2011-06-07,40.008567810058594,40.56168365478516,39.750450134277344,40.37731170654297,29352194
2011-06-08,40.04544448852539,40.37731170654297,39.49232864379883,40.08231735229492,15068083
2011-06-09,38.8654670715332,39.82419967651367,38.16485595703125,39.82419967651367,50174796
2011-06-10,37.759239196777344,39.23421096801758,37.24300003051758,39.08671188354492,39794097
2011-06-13,38.09110641479492,38.20173263549805,36.8742561340332,37.20612716674805,17135281
2011-06-14,37.13237762451172,37.8698616027832,36.9111328125,37.61174392700195,31349257
2011-06-15,37.4642448425293,38.12798309326172,37.05862808227539,37.79611587524414,26280979
2011-06-16,36.33958053588867,36.94800567626953,36.24739456176758,36.689884185791016,36640655
2011-06-17,34.80929946899414,36.30270767211914,34.514305114746094,35.58365631103516,59840146
2011-06-20,36.30270767211914,36.542388916015625,35.84177780151367,36.505516052246094,62606081
2011-06-21,37.4642448425293,37.57486724853516,35.56521987915039,36.505516052246094,33034091
2011-06-22,38.4598503112793,38.90234375,38.27547836303711,38.90234375,48486144
2011-06-23,37.90673828125,38.49672317504883,37.685489654541016,38.49672317504883,20329276
2011-06-24,38.681095123291016,38.93921661376953,37.72236633300781,37.79611587524414,25638297
2011-06-27,38.20173263549805,38.60734939575195,37.90673828125,37.98048400878906,17979670
2011-06-28,38.20173263549805,38.60734939575195,37.90673828125,38.16485595703125,15669576
2011-06-29,37.685489654541016,38.60734939575195,37.57486724853516,38.422977447509766,17658763
2011-06-30,38.93921661376953,39.16046142578125,37.79611587524414,37.79611587524414,52059878
2011-07-04,39.8610725402832,40.30356216430664,39.78732299804688,40.04544448852539,22855348
2011-07-05,39.63982772827149,39.78732299804688,39.34483337402344,39.56607818603516,12110719
2011-07-06,39.56607818603516,40.11919021606445,39.12358856201172,39.49232864379883,16902989
2011-07-07,39.60295486450195,40.19293975830078,39.4185791015625,39.82419967651367,14712193
2011-07-08,39.19733428955078,40.19293975830078,38.82859420776367,40.19293975830078,25650913
2011-07-11,38.16485595703125,39.08671188354492,37.83298873901367,39.012962341308594,24089612
2011-07-12,36.94800567626953,37.61174392700195,36.57926177978516,37.61174392700195,22225602
2011-07-13,38.20173263549805,38.27547836303711,36.94800567626953,36.94800567626953,18696712
2011-07-14,38.57047271728516,38.90234375,38.31235504150391,38.422977447509766,22242047
2011-07-15,39.12358856201172,39.38170623779297,38.681095123291016,38.97608947753906,26882466
2011-07-18,38.79171752929688,39.19733428955078,38.49672317504883,38.71797180175781,12275864
2011-07-19,38.23860549926758,38.79171752929688,37.83298873901367,38.79171752929688,21761886
2011-07-20,38.27547836303711,38.93921661376953,37.98048400878906,38.71797180175781,14439330
2011-07-21,37.537994384765625,38.34922790527344,37.427371978759766,38.27547836303711,23037914
2011-07-22,38.01736068725586,38.38610076904297,37.72236633300781,37.94361114501953,16903136
2011-07-25,37.64861679077149,37.98048400878906,37.16925048828125,37.79611587524414,18391724
2011-07-26,38.34922790527344,38.34922790527344,37.57486724853516,37.94361114501953,18483799
2011-07-27,37.98048400878906,38.681095123291016,37.8698616027832,38.64422225952149,22225716
2011-07-28,37.79611587524414,37.8698616027832,37.27987289428711,37.61174392700195,24054292
2011-07-29,37.39049530029297,37.61174392700195,37.16925048828125,37.501121520996094,18109245
2011-08-01,38.38610076904297,38.4598503112793,37.79611587524414,37.79611587524414,23749494
2011-08-02,38.12798309326172,38.34922790527344,37.90673828125,38.31235504150391,13209247
2011-08-03,37.83298873901367,37.90673828125,36.9111328125,37.13237762451172,25614514
2011-08-04,37.501121520996094,38.20173263549805,37.35362243652344,38.16485595703125,14371895
2011-08-05,36.413330078125,36.542388916015625,35.417724609375,35.60209655761719,54381091
2011-08-08,35.45459747314453,35.84177780151367,34.80929946899414,35.58365631103516,37553205
2011-08-09,33.942752838134766,35.546783447265625,32.81808853149414,33.24214172363281,71262266
2011-08-10,35.14116668701172,35.86021423339844,35.03054428100586,35.399288177490234,62009611
2011-08-11,33.48182678222656,33.832130432128906,32.4677848815918,33.3712043762207,97559278
2011-08-12,33.85056686401367,34.62492752075195,33.795257568359375,34.47743225097656,43560350
2011-08-15,34.84617233276367,35.03054428100586,34.293060302734375,35.03054428100586,32206950
2011-08-16,33.408077239990234,34.99367141723633,33.09464645385742,34.84617233276367,41895058
2011-08-17,33.14995574951172,33.4633903503418,32.9655876159668,33.3712043762207,43718140
2011-08-18,33.18683242797852,34.21931076049805,33.09464645385742,33.38964080810547,31376962
2011-08-19,31.71186065673828,32.48622131347656,31.34311866760254,32.44934844970703,44415076
2011-08-22,31.19562149047852,32.00685501098633,30.51344871520996,31.71186065673828,39692492
2011-08-23,32.28341293334961,32.39403533935547,31.527490615844727,31.527490615844727,28097503
2011-08-24,32.22809982299805,33.16839599609375,32.043731689453125,33.14995574951172,32139087
2011-08-25,32.301849365234375,33.00246047973633,32.24653625488281,33.00246047973633,16113430
2011-08-26,32.338722229003906,32.63371658325195,31.9515438079834,32.44934844970703,10135591
2011-08-29,33.11308288574219,33.408077239990234,32.3755989074707,32.81808853149414,18698920
2011-08-30,33.50026321411133,34.016502380371094,33.31589126586914,33.99806594848633,17660596
2011-08-31,34.10868835449219,34.20087432861328,33.35276412963867,33.73994445800781,17596042
2011-09-01,34.58805465698242,35.399288177490234,34.47743225097656,35.03054428100586,38317446
2011-09-02,34.53274154663086,34.62492752075195,33.4633903503418,34.293060302734375,22369431
2011-09-05,33.59244918823242,34.016502380371094,33.48182678222656,33.73994445800781,18704398
2011-09-06,33.72150802612305,33.758384704589844,32.74434280395508,33.18683242797852,26786133
2011-09-07,34.60649108886719,34.9752311706543,33.832130432128906,33.88744354248047,28082067
2011-09-08,34.34836959838867,34.99367141723633,33.97962951660156,34.62492752075195,17091918
2011-09-09,34.016502380371094,34.75398635864258,33.758384704589844,34.661800384521484,12088682
2011-09-12,32.523094177246094,33.22370529174805,32.4677848815918,33.00246047973633,15618489
2011-09-14,32.910274505615234,33.20526885986328,31.71186065673828,33.18683242797852,29121513
2011-09-15,32.19122695922852,33.00246047973633,31.71186065673828,32.98402404785156,23340450
2011-09-16,32.8734016418457,33.00246047973633,32.301849365234375,32.81808853149414,20726366
2011-09-19,31.969980239868164,32.3755989074707,31.78561019897461,32.32028579711914,18394328
2011-09-20,31.69342422485352,32.301849365234375,31.527490615844727,32.080604553222656,24641352
2011-09-21,31.04812431335449,31.43530464172364,30.20001792907715,31.34311866760254,31113298
2011-09-22,28.872543334960938,30.015644073486328,28.79879570007324,29.96033477783203,49951611
2011-09-23,29.315034866333008,29.59159278869629,27.950687408447266,28.57754898071289,44291689
2011-09-26,28.743484497070312,29.4072208404541,28.393178939819336,29.03847885131836,27984628
2011-09-27,29.499406814575195,29.59159278869629,28.57754898071289,29.333471298217773,52085783
2011-09-28,30.49501037597656,30.826879501342773,29.370346069335938,30.21845436096192,63324181
2011-09-30,30.273765563964844,31.17718505859375,29.775962829589844,30.826879501342773,83750035
2011-10-03,27.47132110595703,30.052520751953125,27.139453887939453,30.052520751953125,54483683
2011-10-04,26.84446144104004,27.545068740844727,25.793540954589844,27.47132110595703,52472817
2011-10-06,30.052520751953125,30.163143157958984,28.061309814453125,28.9831657409668,50880074
2011-10-07,31.50905036926269,32.301849365234375,29.07701110839844,29.07701110839844,53624037
2011-10-10,31.084999084472656,31.89623260498047,30.45813751220703,31.601238250732425,18154149
2011-10-11,31.361555099487305,32.44934844970703,30.90062713623047,32.44934844970703,21409526
2011-10-12,31.9515438079834,32.54153060913086,30.863752365112305,31.34311866760254,20951006
2011-10-13,31.859357833862305,32.09904098510742,31.12187385559082,31.638113021850582,26776289
2011-10-14,31.82248306274414,32.947147369384766,31.34311866760254,32.81808853149414,21783988
2011-10-17,32.799652099609375,32.89183807373047,31.89623260498047,31.89623260498047,20084124
2011-10-18,30.863752365112305,32.22809982299805,30.79000473022461,32.22809982299805,24344728
2011-10-19,30.9743766784668,31.49061584472656,30.642507553100582,30.882190704345703,15273359
2011-10-20,30.052520751953125,30.73469352722168,29.499406814575195,30.18157958984375,24231316
2011-10-21,30.107830047607425,30.421262741088867,29.99720764160156,30.052520751953125,13652960
2011-10-24,31.80404663085937,32.19122695922852,30.80844116210937,31.140310287475582,23353028
2011-10-25,32.61528015136719,32.72590255737305,32.17279052734375,32.48622131347656,16264728
2011-10-26,32.652156829833984,32.81808853149414,31.969980239868164,32.35716247558594,17004995
2011-10-27,34.10868835449219,34.10868835449219,32.78121566772461,33.18683242797852,33954679
2011-10-28,34.47743225097656,35.03054428100586,34.34836959838867,35.03054428100586,38905222
2011-10-31,33.758384704589844,34.84617233276367,33.38964080810547,34.84617233276367,18856151
2011-11-01,32.72590255737305,32.947147369384766,32.025291442871094,32.55997085571289,22084474
2011-11-02,33.905879974365234,34.10868835449219,31.34311866760254,32.20966339111328,21366179
2011-11-03,33.076210021972656,34.14556121826172,32.48622131347656,33.18683242797852,22221849
2011-11-04,33.555572509765625,34.661800384521484,33.297454833984375,34.661800384521484,17900379
2011-11-07,32.15435028076172,33.92431640625,32.11747741699219,33.85056686401367,33153128
2011-11-08,30.40282440185547,31.89623260498047,29.868148803710938,31.527490615844727,77323980
2011-11-09,30.69781875610352,31.26936912536621,30.34751319885254,30.79000473022461,32110568
2011-11-10,29.388782501220703,29.9050235748291,29.11222648620605,29.868148803710938,58539553
2011-11-11,29.07535171508789,29.59159278869629,28.669734954833984,29.4072208404541,28456616
2011-11-14,29.499406814575195,30.015644073486328,29.4072208404541,29.4809684753418,40123421
2011-11-15,29.00160217285156,29.07535171508789,28.61442375183105,28.61442375183105,28629858
2011-11-16,28.76192092895508,29.72065162658692,28.61442375183105,29.72065162658692,15666202
2011-11-17,28.374740600585938,28.46692657470703,28.15349578857422,28.430051803588867,24698623
2011-11-18,27.692567825317383,28.20880699157715,27.61881828308105,28.20880699157715,31352544
2011-11-21,28.319429397583008,28.835668563842773,27.15789031982422,27.15789031982422,29960391
2011-11-22,29.278160095214844,29.57315444946289,28.07974624633789,28.374740600585938,37665712
2011-11-23,28.46692657470703,28.9094181060791,28.09818458557129,28.9094181060791,17122947
2011-11-24,28.9094181060791,29.07535171508789,27.840063095092773,27.840063095092773,16212480
2011-11-25,27.840063095092773,28.85410690307617,27.840063095092773,28.30099105834961,17120545
2011-11-28,27.010393142700195,28.09818458557129,26.826021194458008,27.840063095092773,37434852
2011-11-29,27.065704345703125,27.47132110595703,25.77510643005371,26.826021194458008,63902639
2011-11-30,26.77071189880371,27.139453887939453,26.54946517944336,27.10257911682129,36717224
2011-12-01,28.79879570007324,29.13066291809082,28.30099105834961,29.13066291809082,41721251
2011-12-02,28.0244369506836,28.817232131958008,27.87693977355957,28.57754898071289,24672995
2011-12-05,28.20880699157715,28.503801345825195,27.821626663208008,28.20880699157715,17349241
2011-12-06,28.374740600585938,28.57754898071289,27.840063095092773,27.840063095092773,18570353
2011-12-07,28.63286018371582,28.817232131958008,28.07974624633789,28.76192092895508,21744442
2011-12-08,28.448490142822266,28.946292877197266,28.26411819458008,28.57754898071289,18163039
2011-12-09,27.434446334838867,28.061309814453125,27.065704345703125,28.061309814453125,24668911
2011-12-12,26.88133430480957,28.374740600585938,26.678525924682617,27.840063095092773,15087435
2011-12-13,27.452884674072266,27.61881828308105,26.27290725708008,26.567901611328125,21587048
2011-12-14,27.61881828308105,28.20880699157715,26.71539878845215,26.733837127685547,29635384
2011-12-15,27.692567825317383,28.0244369506836,26.9182071685791,27.0288314819336,22591321
2011-12-16,28.15349578857422,28.337867736816406,27.60038185119629,27.65569305419922,30450836
2011-12-19,28.35630416870117,28.48536491394043,27.54507064819336,28.09818458557129,18603693
2011-12-20,28.20880699157715,28.48536491394043,28.0244369506836,28.20880699157715,12774087
2011-12-21,28.79879570007324,29.03847885131836,28.374740600585938,29.03847885131836,15018786
2011-12-22,28.780357360839844,28.9094181060791,28.48536491394043,28.9094181060791,11577192
2011-12-23,29.315034866333008,29.370346069335938,28.835668563842773,28.946292877197266,11564257
2011-12-28,29.03847885131836,29.20441246032715,28.57754898071289,29.13066291809082,9789257
2011-12-29,28.76192092895508,28.835668563842773,28.393178939819336,28.393178939819336,7763996
2011-12-30,28.780357360839844,29.07535171508789,28.70660972595215,28.835668563842773,7039241
2012-01-03,29.315034866333008,29.499406814575195,29.093788146972656,29.315034866333008,12720386
2012-01-04,29.278160095214844,29.499406814575195,29.13066291809082,29.499406814575195,10056229
2012-01-05,29.02004051208496,29.46253204345703,28.9094181060791,29.315034866333008,17150799
2012-01-06,28.48536491394043,29.03847885131836,28.374740600585938,28.503801345825195,16460382
2012-01-09,28.61442375183105,28.743484497070312,27.71100425720215,28.503801345825195,15285156
2012-01-10,29.72065162658692,29.923460006713867,28.57754898071289,28.76192092895508,30867707
2012-01-11,30.826879501342773,31.103435516357425,29.68377685546875,29.831274032592773,34931832
2012-01-12,30.919065475463867,31.19562149047852,30.75313186645508,31.06656265258789,29394240
2012-01-13,31.361555099487305,31.61967658996582,31.06656265258789,31.34311866760254,23957786
2012-01-16,31.361555099487305,31.416866302490234,30.67938232421875,31.17718505859375,13025276
2012-01-17,32.70746612548828,32.762779235839844,31.34311866760254,31.71186065673828,24071725
2012-01-18,33.3712043762207,33.61088562011719,32.63371658325195,33.18683242797852,37675296
2012-01-19,33.09464645385742,33.97962951660156,32.8734016418457,33.61088562011719,29426447
2012-01-20,33.50026321411133,33.61088562011719,32.63371658325195,33.09464645385742,23249585
2012-01-26,33.72150802612305,33.86900329589844,33.518699645996094,33.64775848388672,14217766
2012-01-27,33.426513671875,33.88744354248047,33.334327697753906,33.85056686401367,12233298
2012-01-30,33.99806594848633,34.293060302734375,33.905879974365234,34.10868835449219,31736286
2012-01-31,34.9752311706543,35.03054428100586,34.293060302734375,34.293060302734375,45341723
2012-02-01,33.86900329589844,35.21491622924805,33.38964080810547,35.21491622924805,30557029
2012-02-02,34.551177978515625,34.73554992675781,34.10868835449219,34.661800384521484,22075872
2012-02-03,34.27462387084961,34.661800384521484,34.16400146484375,34.661800384521484,14299824
2012-02-06,34.25618362426758,34.62492752075195,34.14556121826172,34.58805465698242,16862278
2012-02-07,33.85056686401367,34.293060302734375,33.50026321411133,34.293060302734375,35916671
2012-02-08,34.293060302734375,34.3668098449707,33.73994445800781,34.071815490722656,22277166
2012-02-09,34.95679473876953,35.012107849121094,34.09025192260742,34.10868835449219,23823703
2012-02-10,34.293060302734375,35.270225524902344,33.96118927001953,35.21491622924805,17474287
2012-02-13,34.58805465698242,34.827735900878906,34.21931076049805,34.827735900878906,10715898
2012-02-14,34.329933166503906,34.73554992675781,34.23774719238281,34.69867706298828,10339511
2012-02-15,35.71271896362305,35.9708366394043,34.31149673461914,34.56961441040039,25477735
2012-02-16,36.763633728027344,37.16925048828125,35.417724609375,35.71271896362305,44779130
2012-02-17,36.505516052246094,37.72236633300781,36.413330078125,37.72236633300781,31729517
2012-02-20,35.86021423339844,36.9111328125,35.657405853271484,36.8742561340332,19675682
2012-02-21,35.69428253173828,35.95240020751953,35.30710220336914,35.30710220336914,16253029
2012-02-22,36.35801696777344,36.61613845825195,35.38085174560547,35.62053298950195,18414304
2012-02-23,36.85581970214844,37.05862808227539,36.431766510009766,36.8742561340332,19336622
2012-02-24,36.85581970214844,37.13237762451172,36.505516052246094,37.13237762451172,12592291
2012-02-27,36.35801696777344,36.8742561340332,35.98927688598633,36.72676086425781,15523246
2012-02-28,37.02175521850586,37.05862808227539,36.33958053588867,36.8742561340332,19526554
2012-02-29,37.24300003051758,37.537994384765625,36.80051040649414,37.537994384765625,23194527
2012-03-01,36.74519729614258,36.98487854003906,36.32114410400391,36.8742561340332,25488599
2012-03-02,36.8742561340332,37.13237762451172,36.72676086425781,36.8742561340332,13049802
2012-03-05,36.505516052246094,37.35362243652344,36.35801696777344,36.505516052246094,10229721
2012-03-06,36.11833572387695,36.818946838378906,36.04458618164063,36.818946838378906,16436262
2012-03-07,35.933963775634766,36.30270767211914,35.69428253173828,35.95240020751953,10842593
2012-03-08,36.39489364624024,36.59770202636719,35.786468505859375,35.933963775634766,15416597
2012-03-09,36.65301132202149,37.05862808227539,36.17364883422852,36.17364883422852,13462573
2012-03-12,36.83738327026367,36.8742561340332,36.26583099365234,36.505516052246094,8752826
2012-03-13,36.94800567626953,38.34922790527344,36.83738327026367,37.24300003051758,40939351
2012-03-14,36.98487854003906,37.83298873901367,36.80051040649414,37.83298873901367,24813993
2012-03-15,38.49672317504883,39.27108383178711,37.79611587524414,39.27108383178711,51746440
2012-03-16,40.008567810058594,40.56168365478516,38.82859420776367,39.08671188354492,44000050
2012-03-20,39.97169494628906,40.746055603027344,39.71357345581055,40.746055603027344,40253561
2012-03-21,39.97169494628906,40.63543319702149,39.71357345581055,39.97169494628906,17109876
2012-03-22,41.18854522705078,41.55728912353516,40.19293975830078,40.37731170654297,32049783
2012-03-23,40.93042755126953,41.48353958129883,40.78292846679688,41.4097900390625,20895921
2012-03-26,40.524810791015625,40.8566780090332,39.93482208251953,40.56168365478516,14269521
2012-03-27,40.893550872802734,41.29916763305664,40.30356216430664,41.29916763305664,13552381
2012-03-28,40.63543319702149,40.93042755126953,40.4141845703125,40.59855651855469,10442075
2012-03-29,39.82419967651367,40.37731170654297,39.78732299804688,39.78732299804688,16441920
2012-03-30,39.93482208251953,40.11919021606445,38.82859420776367,39.63982772827149,23851663
2012-04-02,39.93482208251953,40.4510612487793,39.12358856201172,40.4510612487793,13124559
2012-04-03,41.07792282104492,41.18854522705078,40.524810791015625,40.70917892456055,21901327
2012-04-05,41.07792282104492,41.48353958129883,40.34043884277344,41.22542190551758,16528929
2012-04-10,40.746055603027344,41.004173278808594,40.26668930053711,40.30356216430664,14390022
2012-04-11,40.4510612487793,40.672306060791016,39.63982772827149,39.63982772827149,15885260
2012-04-12,41.04104995727539,41.11479568481445,40.48793411254883,40.56168365478516,21481712
2012-04-13,41.70478439331055,42.29477310180664,41.29916763305664,41.70478439331055,27817807
2012-04-16,42.29477310180664,42.4053955078125,41.70478439331055,42.4053955078125,16761422
2012-04-17,42.22102355957031,42.811012268066406,41.815406799316406,42.811012268066406,16822158
2012-04-18,43.659122467041016,43.69599533081055,42.51601791381836,42.58976745605469,21082978
2012-04-19,43.73286819458008,44.28598403930664,43.51162338256836,44.24910736083984,18467284
2012-04-20,43.142879486083984,43.69599533081055,43.03226089477539,43.29037857055664,15029492
2012-04-23,43.62224578857422,44.24910736083984,43.142879486083984,43.32725143432617,16015356
2012-04-24,44.027862548828125,44.43347930908203,43.06913375854492,43.06913375854492,18538862
2012-04-25,41.96290588378906,44.06473922729492,41.815406799316406,44.06473922729492,34709883
2012-04-26,43.03226089477539,43.10600662231445,42.07352828979492,42.44226837158203,20557056
2012-04-27,43.142879486083984,43.76974487304688,42.36852264404297,42.4053955078125,20955936
2012-04-30,44.9497184753418,45.24471282958984,43.62224578857422,43.69599533081055,19361170
2012-05-02,44.912845611572266,45.68720626831055,44.69160079956055,44.9497184753418,20432497
2012-05-03,45.50283432006836,45.87157440185547,44.83909606933594,44.83909606933594,15506503
2012-05-04,44.72847366333008,45.72407913208008,44.138484954833984,45.42908477783203,15424782
2012-05-07,42.55289459228516,42.884761810302734,41.8522834777832,42.58976745605469,30467715
2012-05-08,42.62664031982422,43.32725143432617,42.14727783203125,42.95851135253906,14889883
2012-05-09,41.4466667175293,42.18415069580078,41.11479568481445,41.8522834777832,28173442
2012-05-10,41.15167236328125,41.63103866577149,40.59855651855469,40.893550872802734,26376346
2012-05-11,41.22542190551758,42.33164978027344,41.11479568481445,41.37291717529297,27060151
2012-05-14,41.52041244506836,42.921634674072266,40.96730041503906,41.29916763305664,30908060
2012-05-15,42.4053955078125,42.73726272583008,41.59416198730469,41.8522834777832,22369355
2012-05-16,40.48793411254883,42.11040115356445,39.750450134277344,42.03665542602539,32506644
2012-05-17,41.48353958129883,42.25790023803711,39.4554557800293,39.4554557800293,44855584
2012-05-18,41.29916763305664,41.999778747558594,40.19293975830078,40.4141845703125,32163820
2012-05-21,39.897945404052734,40.672306060791016,39.34483337402344,40.37731170654297,31779514
2012-05-22,38.82859420776367,40.04544448852539,38.71797180175781,39.97169494628906,41351855
2012-05-23,38.71797180175781,39.12358856201172,37.537994384765625,37.72236633300781,44063959
2012-05-24,39.529205322265625,40.008567810058594,38.422977447509766,38.71797180175781,24622011
2012-05-25,40.008567810058594,40.34043884277344,39.38170623779297,39.38170623779297,21623990
2012-05-28,39.38170623779297,39.93482208251953,39.19733428955078,39.82419967651367,11298044
2012-05-29,39.78732299804688,39.93482208251953,38.71797180175781,39.04983901977539,15826802
2012-05-30,39.71357345581055,39.8610725402832,39.012962341308594,39.63982772827149,29427992
2012-05-31,39.34483337402344,40.008567810058594,38.97608947753906,39.63982772827149,19965896
2012-06-01,39.4554557800293,40.08231735229492,39.27108383178711,39.34483337402344,16459726
2012-06-04,38.4598503112793,38.64422225952149,37.685489654541016,38.34922790527344,17699680
2012-06-05,38.422977447509766,39.27108383178711,38.31235504150391,39.012962341308594,15485041
2012-06-06,39.8610725402832,40.11919021606445,38.71797180175781,39.08671188354492,19709505
2012-06-07,40.4510612487793,41.004173278808594,40.22981643676758,40.93042755126953,17342418
2012-06-08,40.672306060791016,41.29916763305664,40.4510612487793,41.29916763305664,14733058
2012-06-11,42.663516998291016,42.77413940429688,41.26229476928711,41.4466667175293,19509588
2012-06-12,41.63103866577149,41.96290588378906,41.4466667175293,41.667911529541016,15351039
2012-06-13,41.8522834777832,42.51601791381836,41.70478439331055,42.22102355957031,12009532
2012-06-14,41.48353958129883,42.11040115356445,41.4097900390625,42.03665542602539,12526087
2012-06-15,42.44226837158203,42.663516998291016,41.815406799316406,42.4053955078125,14424631
2012-06-18,43.36412811279297,43.84349060058594,43.06913375854492,43.32725143432617,14145564
2012-06-19,43.95411682128906,44.43347930908203,43.29037857055664,43.51162338256836,24758806
2012-06-20,44.138484954833984,44.3966064453125,43.54849624633789,44.24910736083984,11877125
2012-06-21,42.18415069580078,43.36412811279297,42.11040115356445,42.95851135253906,25077065
2012-06-22,41.07792282104492,41.37291717529297,40.96730041503906,41.18854522705078,18806268
2012-06-25,40.819801330566406,41.70478439331055,40.70917892456055,41.26229476928711,14171045
2012-06-26,40.30356216430664,41.07792282104492,40.008567810058594,40.819801330566406,20775957
2012-06-27,41.59416198730469,41.77853393554688,40.819801330566406,41.48353958129883,18333917
2012-06-28,40.4141845703125,41.70478439331055,40.08231735229492,41.48353958129883,22352368
2012-06-29,41.667911529541016,41.8522834777832,39.82419967651367,39.82419967651367,25195473
2012-07-03,42.77413940429688,44.06473922729492,42.03665542602539,42.4053955078125,19523175
2012-07-04,43.10600662231445,44.35973358154297,42.921634674072266,44.24910736083984,15741735
2012-07-05,43.58537292480469,43.69599533081055,42.884761810302734,43.51162338256836,8242270
2012-07-06,43.43787384033203,44.027862548828125,42.995384216308594,43.880367279052734,8951719
2012-07-09,42.22102355957031,43.142879486083984,42.03665542602539,42.44226837158203,11137102
2012-07-10,42.47914505004883,42.921634674072266,41.999778747558594,42.22102355957031,7943574
2012-07-11,41.889156341552734,42.22102355957031,41.33604431152344,42.14727783203125,18798550
2012-07-12,40.63543319702149,41.37291717529297,40.4510612487793,41.37291717529297,23616757
2012-07-13,41.22542190551758,41.37291717529297,40.78292846679688,41.004173278808594,9909661
2012-07-16,41.52041244506836,42.03665542602539,40.93042755126953,42.03665542602539,13148381
2012-07-17,42.11040115356445,42.4053955078125,41.29916763305664,41.29916763305664,17983287
2012-07-18,40.93042755126953,41.96290588378906,40.59855651855469,41.8522834777832,23323880
2012-07-19,41.96290588378906,42.36852264404297,41.11479568481445,41.11479568481445,26346634
2012-07-20,42.77413940429688,43.03226089477539,41.889156341552734,42.03665542602539,17605772
2012-07-23,41.926029205322266,42.18415069580078,41.4466667175293,41.55728912353516,19029633
2012-07-24,41.815406799316406,42.51601791381836,41.48353958129883,41.77853393554688,10361342
2012-07-25,41.4466667175293,42.07352828979492,41.29916763305664,41.815406799316406,12942958
2012-07-26,41.07792282104492,41.52041244506836,40.893550872802734,41.4466667175293,16380028
2012-07-27,42.22102355957031,42.55289459228516,41.4097900390625,41.667911529541016,21506743
2012-07-30,42.47914505004883,43.06913375854492,41.55728912353516,43.03226089477539,20559025
2012-07-31,42.73726272583008,42.884761810302734,42.22102355957031,42.73726272583008,18073242
2012-08-01,42.44226837158203,42.73726272583008,42.03665542602539,42.73726272583008,12953318
2012-08-02,42.4053955078125,42.73726272583008,42.03665542602539,42.58976745605469,10394026
2012-08-03,42.47914505004883,42.55289459228516,41.4097900390625,41.4097900390625,10070445
2012-08-06,43.06913375854492,43.84349060058594,42.995384216308594,43.21662902832031,11231482
2012-08-07,43.29037857055664,43.58537292480469,42.921634674072266,43.4010009765625,12436952
2012-08-08,43.43787384033203,43.84349060058594,43.17975616455078,43.32725143432617,16430817
2012-08-09,44.17536163330078,44.61785125732422,44.027862548828125,44.24910736083984,16759935
2012-08-10,42.921634674072266,43.880367279052734,42.03665542602539,43.880367279052734,33400910
2012-08-13,42.11040115356445,42.921634674072266,41.667911529541016,42.36852264404297,29794443
2012-08-14,42.47914505004883,42.58976745605469,42.03665542602539,42.55289459228516,19936081
2012-08-15,42.4053955078125,42.58976745605469,41.4097900390625,41.667911529541016,31617292
2012-08-16,45.09721755981445,45.50283432006836,43.84349060058594,43.880367279052734,71776381
2012-08-17,45.76095581054688,46.60906219482422,45.53970718383789,45.53970718383789,31223087
2012-08-20,46.09282302856445,46.3509407043457,44.69160079956055,45.76095581054688,16456016
2012-08-21,45.797828674316406,46.3509407043457,45.31846237182617,46.3509407043457,11063354
2012-08-22,45.24471282958984,46.019073486328125,44.875972747802734,46.019073486328125,11498465
2012-08-23,45.72407913208008,45.908451080322266,44.986595153808594,45.17096710205078,13286716
2012-08-24,45.17096710205078,45.46596145629883,44.986595153808594,45.46596145629883,10524713
2012-08-27,45.17096710205078,45.53970718383789,44.986595153808594,45.28158950805664,7990094
2012-08-28,44.72847366333008,44.9497184753418,44.28598403930664,44.802223205566406,11324648
2012-08-29,44.72847366333008,44.875972747802734,44.21223449707031,44.54410171508789,11096467
2012-08-30,43.880367279052734,44.24910736083984,43.880367279052734,44.06473922729492,17407780
2012-08-31,43.69599533081055,44.24910736083984,43.51162338256836,43.806617736816406,13920258
2012-09-03,44.43347930908203,44.50722885131836,43.69599533081055,44.027862548828125,10773206
2012-09-04,43.806617736816406,44.24910736083984,43.62224578857422,44.24910736083984,10641157
2012-09-05,43.17975616455078,44.06473922729492,43.10600662231445,43.806617736816406,14446853
2012-09-06,44.10161209106445,44.17536163330078,42.95851135253906,43.142879486083984,10736742
2012-09-07,44.83909606933594,45.06034469604492,44.28598403930664,44.986595153808594,16614810
2012-09-10,45.24471282958984,45.53970718383789,45.023468017578125,45.53970718383789,15657627
2012-09-11,45.57658386230469,45.83470153808594,44.9497184753418,45.24471282958984,19444974
2012-09-12,46.16656875610352,46.277191162109375,45.68720626831055,45.908451080322266,16843446
2012-09-13,45.87157440185547,46.16656875610352,45.68720626831055,46.09282302856445,13841677
2012-09-14,47.125301361083984,48.047157287597656,47.051551818847656,48.047157287597656,27032663
2012-09-17,47.051551818847656,47.9365348815918,46.83030700683594,47.9365348815918,13812833
2012-09-18,47.014678955078125,47.08842849731445,46.64593505859375,46.64593505859375,16616290
2012-09-19,47.125301361083984,47.49404525756836,46.46156311035156,46.46156311035156,15447741
2012-09-20,46.42469024658203,47.56779098510742,46.3878173828125,46.97780227661133,15762248
2012-09-21,46.83030700683594,47.125301361083984,45.908451080322266,46.42469024658203,14872695
2012-09-24,47.051551818847656,47.272796630859375,46.3878173828125,47.014678955078125,12297223
2012-09-25,47.23592376708984,47.30967330932617,46.83030700683594,47.30967330932617,9939405
2012-09-26,47.19905090332031,47.3834228515625,46.277191162109375,46.277191162109375,13398002
2012-09-27,48.3421516418457,48.48965072631836,46.9409294128418,47.19905090332031,27337575
2012-09-28,48.71089553833008,48.85839080810547,48.30527877807617,48.85839080810547,18424593
2012-10-03,48.63714599609375,49.55900192260742,48.48965072631836,49.22713470458984,15210128
2012-10-04,48.78464126586914,49.116512298583984,48.3421516418457,48.85839080810547,12649198
2012-10-05,48.67401885986328,49.15338516235352,48.379024505615234,48.67401885986328,14565635
2012-10-08,48.047157287597656,48.30527877807617,47.60466766357422,47.9365348815918,14270405
2012-10-09,47.86278533935547,48.67401885986328,47.67841339111328,48.41590118408203,13037143
2012-10-10,47.899662017822266,47.97340774536133,47.23592376708984,47.60466766357422,8287060
2012-10-11,47.45716857910156,47.82591247558594,47.42029571533203,47.60466766357422,12884424
2012-10-12,47.71529006958008,47.86278533935547,47.3834228515625,47.3834228515625,7069755
2012-10-15,47.67841339111328,47.86278533935547,47.014678955078125,47.86278533935547,7856895
2012-10-16,47.9365348815918,48.19465637207031,47.75216293334961,48.047157287597656,7591035
2012-10-17,48.41590118408203,48.74776840209961,48.19465637207031,48.19465637207031,12155026
2012-10-18,47.9365348815918,48.74776840209961,47.82591247558594,48.3421516418457,13763628
2012-10-19,48.268402099609375,48.3421516418457,47.3465461730957,47.45716857910156,11758468
2012-10-22,48.96901321411133,49.042762756347656,47.9365348815918,48.23152923583984,11110780
2012-10-24,49.85399627685547,49.96461868286133,48.67401885986328,48.96901321411133,19620468
2012-10-25,50.112117767333984,50.3333625793457,49.85399627685547,50.038368225097656,20166230
2012-10-26,49.19026184082031,50.62835693359375,48.85839080810547,49.74337387084961,17286796
2012-10-29,49.78024673461914,49.85399627685547,48.63714599609375,48.85839080810547,11645685
2012-10-30,50.07524108886719,50.14899063110352,49.264007568359375,49.78024673461914,16691362
2012-10-31,50.51773452758789,50.62835693359375,49.890869140625,50.07524108886719,14642534
2012-11-01,50.84960174560547,50.886474609375,49.9277458190918,50.51773452758789,14484559
2012-11-02,51.292091369628906,51.80833053588867,50.84960174560547,51.80833053588867,15886258
2012-11-05,50.81272888183594,51.21834564208984,50.51773452758789,50.70210266113281,13809384
2012-11-06,50.84960174560547,51.10771942138672,49.81712341308594,49.890869140625,12394760
2012-11-07,50.81272888183594,50.886474609375,50.14899063110352,50.81272888183594,13452257
2012-11-08,49.890869140625,50.18586349487305,49.66962432861328,50.14899063110352,16320914
2012-11-09,49.22713470458984,50.3333625793457,49.116512298583984,49.48525238037109,17518459
2012-11-12,50.038368225097656,50.296485900878906,49.41150665283203,49.41150665283203,14939695
2012-11-13,49.81712341308594,50.59148025512695,49.55900192260742,50.14899063110352,18946816
2012-11-14,49.374629974365234,49.74337387084961,49.07963562011719,49.41150665283203,15917722
2012-11-15,45.9453239440918,47.45716857910156,45.87157440185547,47.014678955078125,61645519
2012-11-16,45.76095581054688,45.908451080322266,44.83909606933594,45.17096710205078,48002620
2012-11-19,45.3553352355957,45.50283432006836,44.69160079956055,45.3553352355957,29549014
2012-11-20,46.3878173828125,46.83030700683594,45.83470153808594,45.83470153808594,25930468
2012-11-21,47.56779098510742,47.71529006958008,46.277191162109375,46.277191162109375,23357817
2012-11-22,47.86278533935547,48.047157287597656,47.272796630859375,47.64154052734375,15775395
2012-11-23,47.272796630859375,48.268402099609375,46.904056549072266,48.268402099609375,20254682
2012-11-26,46.53531265258789,47.125301361083984,46.31406784057617,46.9409294128418,18260223
2012-11-27,46.3878173828125,47.051551818847656,46.3509407043457,46.83030700683594,18161103
2012-11-28,46.75655746459961,46.83030700683594,45.9453239440918,45.9453239440918,17505702
2012-11-29,47.08842849731445,47.42029571533203,46.83030700683594,47.42029571533203,16229489
2012-11-30,46.68281173706055,47.014678955078125,46.3509407043457,46.60906219482422,22370955
2012-12-03,45.24471282958984,46.3509407043457,45.06034469604492,46.20344543457031,29144109
2012-12-04,45.134090423583984,45.908451080322266,44.986595153808594,45.31846237182617,24718474
2012-12-05,46.129695892333984,46.3509407043457,44.10161209106445,45.17096710205078,29554606
2012-12-06,46.60906219482422,46.86717987060547,45.53970718383789,46.129695892333984,21706063
2012-12-07,46.277191162109375,47.014678955078125,46.09282302856445,47.014678955078125,15923802
2012-12-10,46.71968460083008,46.9409294128418,46.277191162109375,46.64593505859375,13711652
2012-12-11,46.57218551635742,46.71968460083008,45.76095581054688,46.20344543457031,16409913
2012-12-12,46.64593505859375,46.75655746459961,46.277191162109375,46.60906219482422,17792710
2012-12-13,46.60906219482422,46.68281173706055,46.24031829833984,46.277191162109375,15906608
2012-12-14,46.3878173828125,46.57218551635742,46.09282302856445,46.09282302856445,12257841
2012-12-17,45.982200622558594,46.31406784057617,45.31846237182617,46.09282302856445,18078183
2012-12-18,46.129695892333984,46.277191162109375,45.797828674316406,45.797828674316406,13213597
2012-12-19,45.982200622558594,46.31406784057617,45.61345672607422,46.31406784057617,19089891
2012-12-20,45.908451080322266,46.019073486328125,45.31846237182617,45.72407913208008,18139288
2012-12-21,45.68720626831055,45.76095581054688,45.28158950805664,45.53970718383789,15493312
2012-12-24,45.42908477783203,46.129695892333984,45.20783996582031,46.129695892333984,5199188
2012-12-27,45.65032958984375,46.09282302856445,45.3553352355957,46.09282302856445,15073990
2012-12-28,46.09282302856445,46.31406784057617,45.57658386230469,46.277191162109375,12066878
2012-12-31,45.908451080322266,46.16656875610352,45.65032958984375,46.09282302856445,7146259
2013-01-02,47.45716857910156,47.64154052734375,46.20344543457031,46.277191162109375,28953423
2013-01-03,47.86278533935547,48.23152923583984,47.23592376708984,48.120906829833984,24442352
2013-01-04,47.789039611816406,48.047157287597656,47.30967330932617,48.010284423828125,14270649
2013-01-07,47.125301361083984,47.899662017822266,46.49843978881836,47.899662017822266,21460803
2013-01-08,47.125301361083984,47.16217422485352,46.46156311035156,46.64593505859375,16113669
2013-01-09,46.68281173706055,47.53091812133789,46.57218551635742,47.3465461730957,18397674
2013-01-10,46.71968460083008,47.30967330932617,46.46156311035156,46.53531265258789,16845589
2013-01-11,47.051551818847656,47.272796630859375,46.68281173706055,46.793434143066406,16689838
2013-01-14,46.97780227661133,47.30967330932617,46.83030700683594,47.272796630859375,22967334
2013-01-15,47.60466766357422,47.64154052734375,46.68281173706055,47.3834228515625,18577746
2013-01-16,49.264007568359375,49.55900192260742,47.64154052734375,48.010284423828125,39632781
2013-01-17,49.300880432128906,49.63275146484375,48.48965072631836,49.264007568359375,43168630
2013-01-18,49.85399627685547,50.112117767333984,49.52212905883789,49.70649719238281,27087384
2013-01-21,49.48525238037109,50.3333625793457,49.41150665283203,50.296485900878906,22043697
2013-01-22,49.59587478637695,49.85399627685547,49.22713470458984,49.78024673461914,13449713
2013-01-23,49.59587478637695,50.07524108886719,49.44837951660156,50.07524108886719,17736145
2013-01-24,49.9277458190918,50.14899063110352,49.264007568359375,49.41150665283203,15694477
2013-01-25,49.264007568359375,50.296485900878906,49.19026184082031,50.296485900878906,27995443
2013-01-28,49.374629974365234,49.59587478637695,48.895267486572266,49.41150665283203,16298600
2013-01-29,49.264007568359375,49.66962432861328,49.042762756347656,49.374629974365234,14302096
2013-01-30,49.9277458190918,50.14899063110352,49.52212905883789,49.74337387084961,17476039
2013-01-31,50.038368225097656,50.296485900878906,49.81712341308594,50.296485900878906,16034004
2013-02-01,49.52212905883789,49.81712341308594,49.300880432128906,49.41150665283203,9253447
2013-02-04,49.55900192260742,50.44398498535156,49.48525238037109,50.44398498535156,11169868
2013-02-05,48.9321403503418,49.116512298583984,48.56339645385742,48.67401885986328,14418540
2013-02-06,49.22713470458984,49.264007568359375,48.82151794433594,49.264007568359375,10297156
2013-02-07,50.14899063110352,50.3333625793457,48.67401885986328,48.67401885986328,15907091
2013-02-08,49.890869140625,50.3333625793457,49.300880432128906,50.14899063110352,18031570
2013-02-14,50.112117767333984,50.3333625793457,49.59587478637695,50.3333625793457,12734970
2013-02-15,50.59148025512695,50.99709701538086,49.78024673461914,50.22274017333984,14502735
2013-02-18,50.70210266113281,50.99709701538086,49.96461868286133,50.51773452758789,13087498
2013-02-19,50.70210266113281,51.365840911865234,50.66522979736328,50.77585220336914,21995398
2013-02-20,50.99709701538086,51.402713775634766,50.51773452758789,50.51773452758789,19355795
2013-02-21,50.112117767333984,50.51773452758789,49.96461868286133,49.96461868286133,20771428
2013-02-22,48.74776840209961,49.81712341308594,48.60026931762695,49.41150665283203,33297017
2013-02-25,48.82151794433594,49.19026184082031,48.71089553833008,49.15338516235352,12766580
2013-02-26,49.22713470458984,49.63275146484375,48.48965072631836,48.48965072631836,19251099
2013-02-27,48.71089553833008,49.41150665283203,48.52652359008789,49.41150665283203,18873860
2013-02-28,49.44837951660156,49.52212905883789,48.41590118408203,48.48965072631836,22936255
2013-03-01,49.52212905883789,49.96461868286133,49.042762756347656,49.85399627685547,17308567
2013-03-04,50.55460739135742,50.70210266113281,49.81712341308594,50.00149154663086,28868041
2013-03-05,50.77585220336914,51.43959045410156,50.70210266113281,51.10771942138672,25365738
2013-03-06,51.402713775634766,52.10332489013672,50.84960174560547,51.62396240234375,35482634
2013-03-07,51.55021286010742,51.58708572387695,50.96022415161133,51.21834564208984,16561944
2013-03-08,52.4351921081543,52.50894165039063,51.73458480834961,51.99270248413086,26051545
2013-03-11,51.9189567565918,52.73018646240234,51.47646331787109,52.54581832885742,18371694
2013-03-12,51.3289680480957,52.02957534790039,51.14459609985352,51.47646331787109,16014087
2013-03-13,51.292091369628906,51.99270248413086,50.70210266113281,51.99270248413086,21180651
2013-03-14,50.84960174560547,51.292091369628906,50.51773452758789,51.292091369628906,31566617
2013-03-15,50.55460739135742,51.255218505859375,50.22274017333984,50.62835693359375,95085097
2013-03-18,48.52652359008789,50.44398498535156,48.48965072631836,50.370235443115234,49390195
2013-03-19,47.789039611816406,49.52212905883789,47.3834228515625,49.48525238037109,44385728
2013-03-20,48.45277404785156,48.85839080810547,47.23592376708984,47.56779098510742,34281427
2013-03-21,46.53531265258789,47.9365348815918,44.24910736083984,46.09282302856445,93161473
2013-03-22,45.24471282958984,46.3509407043457,45.17096710205078,46.09282302856445,67083698
2013-03-25,44.3966064453125,45.09721755981445,44.138484954833984,44.802223205566406,54277837
2013-03-26,45.797828674316406,46.129695892333984,44.802223205566406,44.875972747802734,40874856
2013-03-27,46.20344543457031,47.014678955078125,46.09282302856445,47.014678955078125,30932278
2013-03-28,45.50283432006836,46.83030700683594,45.3922119140625,46.83030700683594,29474073
2013-04-02,44.76535034179688,45.3553352355957,44.43347930908203,44.61785125732422,31783142
2013-04-03,44.76535034179688,45.31846237182617,44.54410171508789,45.09721755981445,23684397
2013-04-05,43.73286819458008,44.61785125732422,43.69599533081055,44.24910736083984,27034702
2013-04-08,44.47035598754883,44.76535034179688,44.06473922729492,44.24910736083984,23775426
2013-04-09,45.65032958984375,45.797828674316406,45.17096710205078,45.17096710205078,28527874
2013-04-10,45.982200622558594,46.42469024658203,45.72407913208008,45.982200622558594,22232409
2013-04-11,46.16656875610352,46.64593505859375,45.9453239440918,46.20344543457031,25590963
2013-04-12,46.09282302856445,46.3878173828125,45.87157440185547,46.277191162109375,24004247
2013-04-15,45.3553352355957,45.65032958984375,45.06034469604492,45.53970718383789,14525607
2013-04-16,45.09721755981445,45.797828674316406,44.802223205566406,45.28158950805664,25032628
2013-04-17,46.09282302856445,46.53531265258789,45.50283432006836,45.65032958984375,38543229
2013-04-18,45.57658386230469,46.055946350097656,45.42908477783203,45.42908477783203,16944715
2013-04-19,46.64593505859375,46.9409294128418,45.65032958984375,46.055946350097656,25915933
2013-04-22,47.014678955078125,47.30967330932617,46.49843978881836,46.83030700683594,16702269
2013-04-23,46.3878173828125,47.16217422485352,46.16656875610352,47.014678955078125,12992142
2013-04-24,46.904056549072266,47.051551818847656,46.49843978881836,47.014678955078125,17027065
2013-04-25,47.125301361083984,47.19905090332031,46.53531265258789,47.19905090332031,18846643
2013-04-26,47.75216293334961,47.9365348815918,47.56779098510742,47.789039611816406,18364876
2013-04-29,48.30527877807617,48.30527877807617,47.86278533935547,48.30527877807617,18542642
2013-04-30,49.07963562011719,49.52212905883789,48.74776840209961,49.22713470458984,26796162
2013-05-02,50.407108306884766,50.81272888183594,48.56339645385742,49.22713470458984,37207089
2013-05-03,49.96461868286133,51.99270248413086,49.78024673461914,51.99270248413086,21604274
2013-05-06,50.66522979736328,50.886474609375,50.3333625793457,50.886474609375,13136324
2013-05-07,50.73897933959961,50.886474609375,50.296485900878906,50.55460739135742,7710978
2013-05-08,50.62835693359375,51.07084655761719,49.9277458190918,50.73897933959961,9290540
2013-05-09,50.48085784912109,50.886474609375,50.259613037109375,50.84960174560547,8974542
2013-05-10,51.033973693847656,51.07084655761719,50.18586349487305,50.70210266113281,9293507
2013-05-13,49.55900192260742,50.70210266113281,49.22713470458984,50.48085784912109,13929788
2013-05-14,49.74337387084961,50.259613037109375,49.116512298583984,49.59587478637695,16671749
2013-05-15,50.59148025512695,50.96022415161133,49.85399627685547,49.890869140625,15716156
2013-05-16,53.873291015625,54.46327972412109,52.17707443237305,53.09893035888672,69071052
2013-05-20,57.04447555541992,57.15509796142578,54.02078628540039,54.02078628540039,67736148
2013-05-21,56.04887390136719,56.97072982788086,55.75387954711914,56.78635787963867,36119793
2013-05-22,55.86449813842773,56.78635787963867,55.31138610839844,56.04887390136719,17127178
2013-05-23,53.98391342163086,55.86449813842773,53.4307975769043,55.49575805664063,29602857
2013-05-24,55.20076370239258,55.79075241088867,53.76266860961914,53.76266860961914,24435599
2013-05-27,55.385135650634766,55.68013000488281,54.79514694213867,55.20076370239258,12251083
2013-05-28,56.08574676513672,56.19636917114258,55.09014129638672,55.31138610839844,15073691
2013-05-29,55.97512435913086,56.93385314941406,55.31138610839844,55.31138610839844,21950462
2013-05-30,56.74948120117188,56.89698028564453,55.97512435913086,55.97512435913086,19676067
2013-05-31,56.74948120117188,57.08135223388672,56.19636917114258,57.08135223388672,21367448
2013-06-03,55.90137481689453,58.07695770263672,55.86449813842773,56.45448684692383,19028374
2013-06-04,55.93824768066406,56.86010360717773,55.86449813842773,56.15949249267578,15889849
2013-06-05,55.385135650634766,55.90137481689453,55.31138610839844,55.31138610839844,13354421
2013-06-06,55.348262786865234,55.49575805664063,54.75827407836914,55.31138610839844,18820733
2013-06-07,55.274513244628906,55.71700286865234,54.90576934814453,55.49575805664063,17841275
2013-06-10,56.270118713378906,57.89258575439453,55.31138610839844,55.31138610839844,20734236
2013-06-11,56.19636917114258,57.48696899414063,55.86449813842773,56.4176139831543,19001206
2013-06-13,54.90576934814453,56.23324203491211,53.873291015625,55.348262786865234,37044021
2013-06-14,55.45888137817383,55.93824768066406,55.31138610839844,55.31138610839844,16073614
2013-06-17,55.49575805664063,56.78635787963867,55.01639175415039,55.56950759887695,17740495
2013-06-18,55.4220085144043,56.04887390136719,55.01639175415039,55.4220085144043,17659034
2013-06-19,55.23763656616211,55.86449813842773,54.94264221191406,55.49575805664063,25154979
2013-06-20,53.50454711914063,54.4264030456543,53.32017517089844,54.02078628540039,33688987
2013-06-21,52.69331359863281,53.09893035888672,51.66083526611328,52.95143508911133,47681257
2013-06-24,51.365840911865234,51.99270248413086,50.886474609375,51.95582962036133,30531282
2013-06-25,52.250823974609375,52.65644073486328,49.66962432861328,51.255218505859375,37181559
2013-06-26,53.54142379760742,53.65204620361328,51.55021286010742,52.287696838378906,27959738
2013-06-27,54.90576934814453,55.60638046264648,54.278907775878906,54.94264221191406,27824538
2013-06-28,56.08574676513672,56.4176139831543,55.31138610839844,56.4176139831543,27546398
2013-07-02,55.643253326416016,57.8188362121582,55.60638046264648,57.74508666992188,22120184
2013-07-03,55.09014129638672,56.56510925292969,54.57390213012695,55.68013000488281,25887826
2013-07-04,56.49136352539063,56.67573547363281,55.49575805664063,55.49575805664063,15833620
2013-07-05,56.86010360717773,57.15509796142578,56.4176139831543,56.97072982788086,13158317
2013-07-08,55.75387954711914,56.638858795166016,54.57390213012695,56.56510925292969,21097644
2013-07-09,55.56950759887695,56.74948120117188,55.20076370239258,55.75387954711914,14992665
2013-07-10,56.12261962890625,56.380741119384766,55.49575805664063,56.23324203491211,16467021
2013-07-11,57.30259704589844,57.376346588134766,56.23324203491211,56.78635787963867,17056533
2013-07-12,57.11822509765625,57.634464263916016,56.56510925292969,57.376346588134766,10179562
2013-07-15,59.25693130493164,59.3675537109375,57.11822509765625,57.15509796142578,28484809
2013-07-16,60.8056526184082,61.13751983642578,58.99881362915039,59.25693130493164,32002553
2013-07-17,60.84252548217773,61.58000946044922,59.9575424194336,61.58000946044922,25716948
2013-07-18,60.43690872192383,61.72750854492188,60.21566390991211,61.58000946044922,17450818
2013-07-19,61.54313659667969,61.80125427246094,59.9575424194336,61.02689743041992,27195199
2013-07-22,60.4000358581543,62.13312530517578,59.994415283203125,61.72750854492188,16090167
2013-07-23,61.32189178466797,61.39563751220703,60.17878723144531,60.17878723144531,19015259
2013-07-24,60.990020751953125,61.58000946044922,60.8056526184082,60.84252548217773,13530327
2013-07-25,61.65375900268555,61.985626220703125,60.69502639770508,60.84252548217773,17524154
2013-07-26,64.05058288574219,64.60369873046875,62.28062057495117,62.68623733520508,34006308
2013-07-29,64.4561996459961,65.59930419921875,64.23495483398438,64.67744445800781,26828938
2013-07-30,67.03739929199219,67.11115264892578,64.30870819091797,64.9355697631836,35887263
2013-07-31,64.86181640625,66.81615447998047,64.23495483398438,65.857421875,38605218
2013-08-01,66.48428344726562,66.70552825927734,65.2674331665039,65.2674331665039,24146020
2013-08-02,66.41053771972656,66.9267807006836,65.82054901123047,66.18929290771484,18331661
2013-08-05,68.40174865722656,68.88111114501953,66.59490966796875,66.59490966796875,21739279
2013-08-06,69.2498550415039,69.87671661376953,67.88550567626953,68.21737670898438,21395869
2013-08-07,66.41053771972656,70.06108856201172,66.2630386352539,68.7336196899414,26490393
2013-08-08,65.70993041992188,67.4430160522461,65.30431365966797,66.9267807006836,21835715
2013-08-09,65.89429473876953,66.59490966796875,65.3411865234375,65.89429473876953,12615830
2013-08-12,67.7380142211914,68.14363098144531,65.11994171142578,65.82054901123047,17527490
2013-08-13,68.21737670898438,68.7336196899414,67.40614318847656,67.47988891601562,16590576
2013-08-14,68.21737670898438,68.21737670898438,68.21737670898438,68.21737670898438,0
2013-08-15,67.8486328125,69.83984375,64.78807067871094,67.47988891601562,64267967
2013-08-16,67.59051513671875,69.58172607421875,66.41053771972656,67.2586441040039,26430405
2013-08-19,68.2542495727539,69.06548309326172,67.29551696777344,67.47988891601562,11891813
2013-08-20,67.11115264892578,68.9179916381836,66.7424087524414,68.21737670898438,24309180
2013-08-21,66.37366485595703,67.03739929199219,65.82054901123047,66.41053771972656,19431967
2013-08-22,66.37366485595703,66.4474105834961,64.71432495117188,65.08306121826172,24412672
2013-08-23,65.59930419921875,66.37366485595703,65.11994171142578,66.00492095947266,18140595
2013-08-26,65.78367614746094,66.29991149902344,64.89869689941406,64.9355697631836,11549856
2013-08-27,66.7424087524414,67.8486328125,65.41493225097656,65.4518051147461,15577127
2013-08-28,65.67304992675781,66.66865539550781,65.63617706298828,65.96804809570312,14868225
2013-08-29,66.70552825927734,67.03739929199219,65.7468032836914,65.82054901123047,13455343
2013-08-30,67.03739929199219,67.14802551269531,65.857421875,66.00492095947266,12929735
2013-09-02,69.39735412597656,69.54485321044922,67.66426086425781,68.06987762451172,21781422
2013-09-03,70.02421569824219,70.94607543945312,69.4342269897461,69.65547180175781,20995004
2013-09-04,69.87671661376953,70.98294830322266,69.36048126220703,69.65547180175781,19308038
2013-09-05,71.46231079101562,71.64668273925781,70.54045867919922,70.98294830322266,25028332
2013-09-06,71.35169219970703,71.86792755126953,70.61420440673828,71.72042846679688,19641328
2013-09-09,71.97855377197266,72.34729766845703,71.35169219970703,71.68355560302734,15888666
2013-09-10,73.56414031982422,73.56414031982422,72.82666015625,73.01103210449219,19861855
2013-09-11,74.15412902832031,74.81787109375,73.63789367675781,73.7485122680664,21114203
2013-09-12,76.10846710205078,76.18221282958984,73.49039459228516,73.7485122680664,21833280
2013-09-13,75.7397232055664,76.36658477783203,74.89161682128906,75.03911590576172,18662721
2013-09-16,77.65718841552734,77.87843322753906,76.66158294677734,77.06719970703125,20281378
2013-09-17,77.2146987915039,77.8046875,76.62471008300781,77.7309341430664,26371096
2013-09-18,74.19100952148438,75.99784851074219,73.85913848876953,75.77660369873047,35051693
2013-09-19,75.62910461425781,76.62471008300781,75.2234878540039,75.8134765625,35348318
2013-09-23,75.44473266601562,76.14533996582031,74.78099822998047,75.62910461425781,19706403
2013-09-24,74.2278823852539,75.8134765625,73.9328842163086,75.8134765625,22853422
2013-09-25,75.51847839355469,75.59223175048828,73.7485122680664,73.7485122680664,14601823
2013-09-26,75.4078598022461,76.14533996582031,74.52287292480469,75.07598876953125,14521528
2013-09-27,77.03032684326172,77.10407257080078,75.4078598022461,75.4078598022461,17996966
2013-09-30,75.00224304199219,76.18221282958984,74.67037200927734,74.85474395751953,20014678
2013-10-02,76.51408386230469,77.2146987915039,74.19100952148438,74.19100952148438,19938820
2013-10-03,77.3990707397461,77.43594360351562,76.69845581054688,77.36219024658203,12417692
2013-10-04,77.28844451904297,77.54656219482422,76.10846710205078,76.77220153808594,13409538
2013-10-07,76.9197006225586,78.09967803955078,76.55095672607422,77.36219024658203,11000590
2013-10-08,78.54216766357422,78.80028533935547,76.84595489501953,77.06719970703125,18784524
2013-10-09,76.29283905029297,77.03032684326172,75.96096801757812,76.69845581054688,27936475
2013-10-10,75.55535125732422,76.2190933227539,75.29723358154297,75.9240951538086,20500447
2013-10-11,77.25157165527344,77.62031555175781,76.69845581054688,77.25157165527344,17970433
2013-10-15,77.76780700683594,78.35779571533203,77.43594360351562,77.98905181884766,18419559
2013-10-16,77.69406127929688,78.35779571533203,76.99344635009766,78.35779571533203,9827386
2013-10-17,77.47281646728516,78.28404998779297,77.3990707397461,78.17342376708984,8784811
2013-10-18,79.24278259277344,79.64839935302734,77.62031555175781,77.8046875,17784612
2013-10-21,82.56146240234375,83.8889389038086,82.04521942138672,82.59833526611328,26803744
2013-10-22,80.97586822509766,82.4139633178711,80.9021224975586,81.86085510253906,21432523
2013-10-23,79.3165283203125,82.78270721435547,79.27965545654297,82.78270721435547,16752836
2013-10-24,79.05841064453125,79.13215637207031,77.62031555175781,78.39466857910156,19080958
2013-10-25,78.57904052734375,79.02153778076172,77.98905181884766,77.98905181884766,14771231
2013-10-28,79.83277130126953,81.04962158203125,79.2059097290039,79.24278259277344,15101440
2013-10-29,77.14094543457031,80.01713562011719,75.7397232055664,79.83277130126953,36127718
2013-10-30,79.02153778076172,79.13215637207031,77.8046875,77.8046875,19221208
2013-10-31,78.02593231201172,78.7265396118164,77.43594360351562,77.8046875,16845979
2013-11-01,77.9153060913086,78.50529479980469,77.43594360351562,77.43594360351562,13590950
2013-11-04,76.84595489501953,78.57904052734375,76.4034652709961,78.57904052734375,18865128
2013-11-05,75.9240951538086,76.62471008300781,75.03911590576172,76.51408386230469,25210145
2013-11-06,75.96096801757812,76.51408386230469,75.48160552978516,76.51408386230469,12470537
2013-11-07,75.11286163330078,75.9240951538086,74.70724487304688,75.59223175048828,15913122
2013-11-08,74.00663757324219,74.59662628173828,73.19540405273438,73.7485122680664,25049464
2013-11-11,75.8134765625,75.88722229003906,74.08038330078125,74.19100952148438,21513702
2013-11-12,75.4078598022461,76.80908203125,75.11286163330078,76.69845581054688,22722019
2013-11-13,72.38417053222656,73.56414031982422,71.49918365478516,73.04790496826172,39442605
2013-11-14,75.7397232055664,76.36658477783203,73.67476654052734,74.67037200927734,53313718
2013-11-15,77.36219024658203,77.50968933105469,75.59223175048828,75.59223175048828,25987972
2013-11-18,78.54216766357422,79.2059097290039,78.06280517578125,79.09528350830078,36985010
2013-11-19,77.25157165527344,78.76341247558594,76.07159423828125,78.68966674804688,21497777
2013-11-20,77.25157165527344,78.39466857910156,76.18221282958984,78.39466857910156,22760946
2013-11-21,77.76780700683594,78.28404998779297,76.99344635009766,77.8046875,16674955
2013-11-22,78.28404998779297,78.65279388427734,77.62031555175781,77.62031555175781,14641335
2013-11-25,80.75462341308594,81.23399353027344,78.68966674804688,79.27965545654297,34744129
2013-11-26,80.57025146484375,81.3077392578125,80.20150756835938,80.75462341308594,20126018
2013-11-27,81.38148498535156,81.67648315429688,80.68087768554688,80.79149627685547,28403923
2013-11-28,81.49211120605469,82.85646057128906,81.23399353027344,81.7133560180664,24784314
2013-11-29,82.67208862304688,82.78270721435547,81.52898406982422,81.52898406982422,15984240
2013-12-02,83.74143981933594,83.85205841064453,82.26647186279297,82.96707916259766,15363438
2013-12-03,82.56146240234375,83.74143981933594,82.4139633178711,83.74143981933594,17450932
2013-12-04,81.78710174560547,83.4095687866211,81.52898406982422,82.04521942138672,19037009
2013-12-05,82.93020629882812,83.11457824707031,81.12336730957031,81.67648315429688,19144477
2013-12-06,84.810791015625,85.17953491210938,82.59833526611328,83.33582305908203,29123075
2013-12-09,85.25328063964844,88.49822235107422,85.10578918457031,88.49822235107422,20217708
2013-12-10,85.95389556884766,86.35951232910156,85.51140594482422,85.51140594482422,12966910
2013-12-11,87.50261688232422,87.83448028564453,86.3963851928711,87.76073455810547,29495454
2013-12-12,86.17514038085938,87.797607421875,85.47452545166016,87.50261688232422,17613149
2013-12-13,85.95389556884766,87.02324676513672,85.10578918457031,85.4007797241211,18607013
2013-12-16,87.2076187133789,87.87135314941406,85.36390686035156,86.50701141357422,14951574
2013-12-17,85.88014221191406,87.87135314941406,85.73265075683594,87.87135314941406,17065303
2013-12-18,86.13826751708984,86.65450286865234,84.810791015625,85.4007797241211,16066650
2013-12-19,85.51140594482422,87.87135314941406,85.36390686035156,87.87135314941406,17124499
2013-12-20,85.47452545166016,85.84326934814453,84.62641906738281,84.92141723632812,24216660
2013-12-23,86.13826751708984,86.83887481689453,85.32703399658203,85.806396484375,15930815
2013-12-24,86.50701141357422,87.02324676513672,85.88014221191406,85.88014221191406,12412426
2013-12-27,89.08820343017578,89.3094482421875,86.65450286865234,86.6913833618164,19027235
2013-12-30,91.41128540039062,91.52191162109376,89.56757354736328,89.97319030761719,21043943
2013-12-31,91.1900405883789,92.55438995361328,90.56317901611328,92.00127410888672,16073082
2014-01-02,93.01531219482422,93.10749816894533,91.48503112792967,93.01531219482422,17459404
2014-01-03,91.07941436767578,93.01531219482422,90.85816955566406,92.1856460571289,20180799
2014-01-06,91.3744125366211,92.83094024658205,90.34193420410156,91.07941436767578,22102974
2014-01-07,91.07941436767578,92.4622039794922,90.85816955566406,92.4622039794922,16291842
2014-01-08,92.4622039794922,93.1996841430664,92.14877319335938,93.01531219482422,20474397
2014-01-09,90.8950424194336,92.3700180053711,90.52630615234376,92.1856460571289,24390131
2014-01-10,91.7062759399414,92.1856460571289,90.34193420410156,90.52630615234376,19989072
2014-01-13,91.55878448486328,92.1856460571289,90.7106704711914,92.07501983642578,14454875
2014-01-14,90.8950424194336,91.3744125366211,89.788818359375,89.788818359375,14690161
2014-01-15,93.75279998779295,93.84498596191406,91.81690216064452,92.00127410888672,21592006
2014-01-16,94.49028778076172,98.82301330566406,94.30591583251952,98.3620834350586,28516077
2014-01-17,97.53240966796876,97.71678161621094,94.49028778076172,94.49028778076172,36601663
2014-01-20,95.96525573730467,97.34803771972656,95.8730697631836,97.34803771972656,25638563
2014-01-21,95.8730697631836,97.25585174560548,95.22776794433594,97.25585174560548,21828978
2014-01-22,97.16366577148438,97.34803771972656,95.50432586669922,95.8730697631836,30380717
2014-01-23,96.24181365966795,98.08552551269533,95.8730697631836,98.08552551269533,22417400
2014-01-24,92.3700180053711,94.9512176513672,91.81690216064452,92.1856460571289,44774346
2014-01-27,90.23130798339844,91.55878448486328,88.71946716308594,90.7106704711914,47398241
2014-01-28,92.73875427246094,93.84498596191406,90.34193420410156,90.48942565917967,48887622
2014-01-29,98.08552551269533,98.3620834350586,95.22776794433594,96.24181365966795,63839077
2014-01-30,100.20579528808594,100.48235321044922,95.8730697631836,95.8730697631836,44090834
2014-02-04,94.12154388427734,98.73082733154295,93.84498596191406,97.71678161621094,52833979
2014-02-05,94.12154388427734,96.61055755615234,92.64657592773438,96.24181365966795,36958812
2014-02-06,93.75279998779295,95.04339599609376,92.1856460571289,94.5824737548828,32147266
2014-02-07,96.70274353027344,97.80896759033205,93.75279998779295,93.75279998779295,36982037
2014-02-10,98.3620834350586,98.91519927978516,96.97930145263672,97.80896759033205,35547454
2014-02-11,97.71678161621094,99.00738525390624,96.79492950439452,98.82301330566406,27295258
2014-02-12,99.1917495727539,99.4683074951172,97.0714874267578,97.44022369384766,29866803
2014-02-13,99.56049346923828,101.03546905517578,98.63864135742188,99.56049346923828,28562966
2014-02-14,101.12765502929688,102.14169311523438,100.57453918457033,100.8510971069336,30779157
2014-02-17,106.9353485107422,107.02753448486328,103.06355285644533,103.2479248046875,35018234
2014-02-18,107.7650146484375,107.94938659667967,103.80103302001952,107.94938659667967,32111550
2014-02-19,107.39627838134766,108.96343231201172,106.5666046142578,107.58065032958984,26779733
2014-02-20,104.0775909423828,105.46038055419922,103.70884704589844,105.09163665771484,46371628
2014-02-21,107.02753448486328,107.30409240722656,104.3541488647461,105.36819458007812,32581314
2014-02-24,106.5666046142578,107.67283630371094,105.27600860595705,107.67283630371094,17206919
2014-02-25,106.10567474365234,108.41031646728516,105.92130279541016,107.67283630371094,28183102
2014-02-26,108.04157257080078,108.31813049316406,106.6587905883789,106.9353485107422,27140890
2014-02-27,113.66490173339844,113.94145965576172,109.79310607910156,109.97747039794922,51941763
2014-02-28,114.77112579345705,116.3382797241211,113.38834381103516,116.15391540527344,34341615
2014-03-03,110.99151611328124,113.75708770751952,110.80714416503906,111.91336822509766,36635633
2014-03-04,112.92741394042967,114.49456787109376,112.18992614746094,112.37429809570312,29728164
2014-03-05,114.77112579345705,116.3382797241211,114.31019592285156,114.31019592285156,24293278
2014-03-06,117.07576751708984,117.26013946533205,116.15391540527344,116.79920959472656,23266746
2014-03-07,116.24610137939452,119.10385131835938,115.2320556640625,116.15391540527344,27489703
2014-03-10,113.66490173339844,116.3382797241211,112.46648406982422,114.218017578125,33571007
2014-03-11,113.84927368164062,115.41642761230467,113.66490173339844,114.67893981933594,20456959
2014-03-12,110.99151611328124,112.55867004394533,109.239990234375,112.46648406982422,50432857
2014-03-13,108.41031646728516,110.89933013916016,108.13375854492188,110.62277221679688,37912003
2014-03-14,103.98540496826172,107.39627838134766,101.03546905517578,107.11972045898438,74182764
2014-03-17,100.7589111328125,103.06355285644533,99.1917495727539,103.06355285644533,55927975
2014-03-18,106.5666046142578,106.7509765625,101.40420532226562,101.40420532226562,52110656
2014-03-19,104.63070678710938,107.02753448486328,102.69480895996094,106.7509765625,38584228
2014-03-20,102.87918090820312,106.29004669189452,99.83705139160156,101.49639129638672,49250856
2014-03-21,105.55256652832033,106.10567474365234,102.41825103759766,103.2479248046875,40874606
2014-03-24,108.22594451904295,109.1478042602539,107.21190643310548,108.50250244140624,33082721
2014-03-25,102.97136688232422,107.21190643310548,102.87918090820312,106.7509765625,43536491
2014-03-26,102.14169311523438,103.70884704589844,101.5885772705078,103.3401107788086,34995117
2014-03-27,96.14962768554688,98.3620834350586,94.5824737548828,97.90115356445312,91849962
2014-03-28,98.63864135742188,99.1917495727539,96.79492950439452,96.97930145263672,37925704
2014-03-31,99.4683074951172,99.92923736572266,96.42618560791016,99.92923736572266,31922470
2014-04-01,103.89321899414062,104.1697769165039,99.56049346923828,100.29798126220705,33895467
2014-04-02,103.52448272705078,106.29004669189452,103.1557388305664,105.6447525024414,28186216
2014-04-03,100.7589111328125,104.99945068359376,99.74486541748048,104.1697769165039,30237598
2014-04-04,96.79492950439452,97.99333953857422,94.39810180664062,96.24181365966795,51974089
2014-04-07,92.4622039794922,94.02935791015624,91.63253021240234,92.92312622070312,62025654
2014-04-08,93.93717193603516,95.59651184082033,91.780029296875,92.1856460571289,45674025
2014-04-09,96.51837158203124,97.71678161621094,95.31995391845705,96.42618560791016,40048903
2014-04-10,103.80103302001952,104.261962890625,97.80896759033205,98.63864135742188,69723409
2014-04-11,96.79492950439452,100.39016723632812,96.42618560791016,98.63864135742188,61158036
2014-04-14,96.97930145263672,98.82301330566406,94.5824737548828,96.24181365966795,34383260
2014-04-15,95.13558197021484,98.45426940917967,95.04339599609376,97.71678161621094,22645510
2014-04-16,96.14962768554688,97.71678161621094,95.8730697631836,96.05744171142578,22391143
2014-04-17,96.88711547851562,98.08552551269533,96.14962768554688,97.62459564208984,21811823
2014-04-22,96.70274353027344,97.62459564208984,96.05744171142578,97.34803771972656,18239152
2014-04-23,97.53240966796876,100.29798126220705,97.44022369384766,99.1917495727539,29147786
2014-04-24,98.1777114868164,98.82301330566406,97.34803771972656,98.54645538330078,17096647
2014-04-25,96.51837158203124,98.54645538330078,96.33399963378906,98.54645538330078,17858420
2014-04-28,93.75279998779295,95.13558197021484,93.10749816894533,94.30591583251952,26569223
2014-04-29,93.93717193603516,94.30591583251952,92.03814697265624,92.1856460571289,39597981
2014-04-30,89.08820343017578,95.13558197021484,88.97758483886719,95.13558197021484,58429286
2014-05-02,91.33753967285156,92.3700180053711,90.52630615234376,92.00127410888672,31937461
2014-05-05,90.82129669189452,92.1856460571289,90.34193420410156,92.14877319335938,20850019
2014-05-07,87.35511779785156,89.93631744384766,86.65450286865234,89.93631744384766,44192959
2014-05-08,87.31824493408203,87.50261688232422,85.84326934814453,86.10139465332031,34634898
2014-05-09,88.27696990966797,88.97758483886719,85.73265075683594,87.2076187133789,23015996
2014-05-12,92.92312622070312,93.56842803955078,88.49822235107422,88.68258666992188,46815472
2014-05-13,93.56842803955078,95.6886978149414,93.01531219482422,94.39810180664062,29527824
2014-05-14,94.766845703125,95.22776794433594,91.9644012451172,95.22776794433594,21754851
2014-05-15,100.29798126220705,103.2479248046875,99.4683074951172,94.766845703125,56075795
2014-05-16,100.29798126220705,100.29798126220705,100.29798126220705,100.29798126220705,0
2014-05-19,99.1917495727539,99.83705139160156,97.80896759033205,98.63864135742188,16954948
2014-05-20,103.1557388305664,103.2479248046875,100.29798126220705,100.94328308105467,34616544
2014-05-21,102.97136688232422,104.90726470947266,102.41825103759766,102.51043701171876,25681538
2014-05-22,103.52448272705078,104.72289276123048,102.69480895996094,104.72289276123048,29105823
2014-05-23,102.41825103759766,104.1697769165039,101.8651351928711,103.52448272705078,20581670
2014-05-26,102.69480895996094,103.80103302001952,101.6807632446289,103.2479248046875,13054248
2014-05-27,102.69480895996094,103.06355285644533,102.23387908935548,103.06355285644533,8535795
2014-05-28,104.4463348388672,105.09163665771484,103.06355285644533,104.72289276123048,25870488
2014-05-29,101.21984100341795,105.55256652832033,101.21984100341795,105.09163665771484,17478630
2014-05-30,100.7589111328125,102.87918090820312,100.02142333984376,101.5885772705078,24071665
2014-06-03,103.2479248046875,103.52448272705078,100.57453918457033,102.23387908935548,22707266
2014-06-04,100.6667251586914,103.2479248046875,100.48235321044922,103.2479248046875,13973959
2014-06-05,99.92923736572266,101.8651351928711,99.283935546875,101.40420532226562,16626802
2014-06-06,99.74486541748048,102.32606506347656,99.65267944335938,101.40420532226562,17903351
2014-06-09,101.9573211669922,102.14169311523438,100.29798126220705,100.48235321044922,19098514
2014-06-10,104.63070678710938,105.09163665771484,101.49639129638672,102.78699493408205,26888927
2014-06-11,107.30409240722656,107.39627838134766,104.90726470947266,106.01348876953124,29277946
2014-06-12,106.5666046142578,110.1618423461914,106.01348876953124,108.04157257080078,31027908
2014-06-13,107.02753448486328,107.67283630371094,104.90726470947266,104.90726470947266,12240736
2014-06-16,107.48846435546876,108.68687438964844,107.02753448486328,107.8572006225586,12756422
2014-06-17,106.5666046142578,107.48846435546876,105.6447525024414,106.38223266601562,11833349
2014-06-18,107.11972045898438,108.13375854492188,106.47441864013672,106.9353485107422,20733610
2014-06-19,106.7509765625,108.77906036376952,106.10567474365234,108.04157257080078,15441114
2014-06-20,106.7509765625,107.21190643310548,106.10567474365234,107.11972045898438,15739795
2014-06-23,105.27600860595705,108.59468841552734,105.09163665771484,106.47441864013672,22909397
2014-06-24,105.92130279541016,106.7509765625,105.27600860595705,106.47441864013672,14510005
2014-06-25,106.10567474365234,107.7650146484375,105.55256652832033,107.7650146484375,16944717
2014-06-26,109.1478042602539,109.239990234375,106.10567474365234,106.9353485107422,29529299
2014-06-27,109.1478042602539,109.60873413085938,107.39627838134766,108.77906036376952,16999740
2014-06-30,108.96343231201172,110.1618423461914,107.39627838134766,109.97747039794922,20956259
2014-07-02,113.20397186279295,113.38834381103516,110.1618423461914,110.62277221679688,38558990
2014-07-03,114.95549774169922,115.41642761230467,112.46648406982422,112.92741394042967,24346818
2014-07-04,115.3242416381836,115.96954345703124,113.57271575927734,115.2320556640625,21314352
2014-07-07,115.60079956054688,116.06172943115234,114.1258316040039,115.78517150878906,13257953
2014-07-08,115.50861358642578,115.96954345703124,114.31019592285156,115.60079956054688,16919750
2014-07-09,111.72900390625,113.29615783691406,110.71495819091795,113.20397186279295,38658439
2014-07-10,112.6508560180664,113.57271575927734,112.09774780273438,112.7430419921875,15295637
2014-07-11,112.09774780273438,113.20397186279295,111.26807403564452,111.26807403564452,14408697
2014-07-14,113.20397186279295,113.94145965576172,112.28211212158205,113.20397186279295,11155790
2014-07-15,114.1258316040039,114.218017578125,113.48052978515624,114.1258316040039,13476284
2014-07-16,114.58675384521484,115.1398696899414,113.57271575927734,113.75708770751952,13972322
2014-07-17,113.84927368164062,114.77112579345705,113.20397186279295,114.40238189697266,15873864
2014-07-18,113.29615783691406,113.57271575927734,112.00555419921876,112.8352279663086,11415268
2014-07-21,112.00555419921876,113.20397186279295,111.8211898803711,112.6508560180664,12626517
2014-07-22,114.40238189697266,114.58675384521484,112.28211212158205,112.46648406982422,25305895
2014-07-23,114.58675384521484,115.50861358642578,113.75708770751952,115.04768371582033,14605140
2014-07-24,114.77112579345705,115.69298553466795,114.58675384521484,115.69298553466795,17208174
2014-07-25,115.1398696899414,115.69298553466795,114.40238189697266,115.3242416381836,21638728
2014-07-28,118.8272933959961,119.28822326660156,115.2320556640625,115.87735748291016,31050502
2014-07-29,120.2100830078125,120.67100524902344,118.6429214477539,120.57881927490234,23376114
2014-07-30,118.45854949951172,120.67100524902344,117.8132553100586,120.3022689819336,23999625
2014-07-31,118.36637115478516,120.39445495605467,118.18199920654295,119.65696716308594,21836640
2014-08-01,118.18199920654295,119.38040924072266,116.3382797241211,117.07576751708984,19740870
2014-08-04,119.10385131835938,119.56478118896484,117.6288833618164,117.99762725830078,14411994
2014-08-05,123.06783294677734,123.5287628173828,118.735107421875,119.84133911132812,21378822
2014-08-06,122.51472473144533,122.88346099853516,120.76319122314452,122.6069107055664,21231530
2014-08-07,118.27418518066406,122.14598083496094,118.08981323242188,122.14598083496094,32045898
2014-08-08,119.65696716308594,121.22412109375,118.27418518066406,118.36637115478516,21592417
2014-08-11,121.96160888671876,122.97564697265624,120.57881927490234,121.22412109375,19017740
2014-08-12,122.88346099853516,123.5287628173828,122.42253875732422,123.5287628173828,16179177
2014-08-13,122.7912826538086,123.16001892089844,120.02571105957033,122.6069107055664,24676800
2014-08-14,119.93352508544922,122.42253875732422,119.10385131835938,120.76319122314452,47168072
2014-08-15,120.1178970336914,120.57881927490234,119.01166534423828,120.57881927490234,22183679
2014-08-18,118.735107421875,120.76319122314452,117.44451141357422,120.57881927490234,23910714
2014-08-19,119.65696716308594,120.57881927490234,119.01166534423828,119.84133911132812,18478651
2014-08-20,121.59286499023438,122.05379486083984,120.02571105957033,120.57881927490234,18668880
2014-08-21,120.48663330078124,121.96160888671876,119.38040924072266,121.59286499023438,18783506
2014-08-22,120.48663330078124,121.68505096435548,119.65696716308594,121.68505096435548,13600694
2014-08-25,119.65696716308594,120.48663330078124,118.9194793701172,119.84133911132812,10715563
2014-08-26,119.28822326660156,119.65696716308594,118.27418518066406,119.65696716308594,13398995
2014-08-27,118.36637115478516,119.93352508544922,118.18199920654295,119.38040924072266,15015184
2014-08-28,117.8132553100586,119.84133911132812,116.98358154296876,119.84133911132812,20114906
2014-08-29,116.61483764648438,117.35232543945312,115.78517150878906,116.70702362060548,17722119
2014-09-01,116.70702362060548,118.27418518066406,116.61483764648438,117.07576751708984,10559595
2014-09-02,115.87735748291016,117.44451141357422,115.2320556640625,116.3382797241211,13959150
2014-09-03,119.19603729248048,119.38040924072266,115.96954345703124,116.15391540527344,25822248
2014-09-04,119.28822326660156,119.74915313720705,118.08981323242188,119.74915313720705,13510578
2014-09-05,118.27418518066406,119.74915313720705,117.53669738769533,119.74915313720705,11024112
2014-09-08,116.24610137939452,118.27418518066406,115.2320556640625,117.53669738769533,21862750
2014-09-10,112.46648406982422,114.1258316040039,111.91336822509766,113.57271575927734,32872474
2014-09-11,112.6508560180664,114.31019592285156,110.80714416503906,111.08370208740234,26869494
2014-09-12,113.29615783691406,114.95549774169922,112.28211212158205,112.28211212158205,20165428
2014-09-15,113.75708770751952,114.77112579345705,112.6508560180664,113.38834381103516,15707373
2014-09-16,111.5446319580078,113.66490173339844,111.36026000976562,112.8352279663086,17505371
2014-09-17,114.31019592285156,114.95549774169922,112.6508560180664,112.6508560180664,22041764
2014-09-18,113.29615783691406,114.86331176757812,112.55867004394533,113.66490173339844,18937577
2014-09-19,115.41642761230467,116.89139556884766,113.38834381103516,115.1398696899414,43322836
2014-09-22,111.6368179321289,114.95549774169922,111.5446319580078,114.49456787109376,29445531
2014-09-23,109.60873413085938,111.26807403564452,108.59468841552734,110.62277221679688,28811589
2014-09-24,109.239990234375,109.51654815673828,108.22594451904295,108.22594451904295,19538645
2014-09-25,108.68687438964844,110.89933013916016,108.41031646728516,110.80714416503906,23175529
2014-09-26,107.39627838134766,107.7650146484375,106.5666046142578,107.58065032958984,30484899
2014-09-29,106.5666046142578,107.21190643310548,103.98540496826172,106.47441864013672,35404159
2014-09-30,106.47441864013672,107.67283630371094,104.53852081298828,106.38223266601562,27208792
2014-10-03,106.9353485107422,107.67283630371094,104.1697769165039,105.6447525024414,31286815
2014-10-06,110.3462142944336,110.80714416503906,106.8431625366211,107.39627838134766,23618329
2014-10-07,110.2540283203125,112.37429809570312,109.51654815673828,110.3462142944336,18265459
2014-10-08,109.239990234375,110.1618423461914,108.31813049316406,108.77906036376952,11486507
2014-10-09,108.68687438964844,110.80714416503906,107.94938659667967,110.62277221679688,15816192
2014-10-10,106.6587905883789,108.13375854492188,106.5666046142578,106.9353485107422,14749801
2014-10-13,105.46038055419922,106.6587905883789,104.90726470947266,105.55256652832033,17379779
2014-10-14,104.53852081298828,106.9353485107422,104.3541488647461,104.3541488647461,20110700
2014-10-15,105.46038055419922,106.7509765625,104.90726470947266,105.55256652832033,16184040
2014-10-16,104.1697769165039,105.92130279541016,103.80103302001952,105.09163665771484,20024970
2014-10-17,103.89321899414062,105.82911682128906,103.52448272705078,105.09163665771484,16346197
2014-10-20,105.36819458007812,105.73693084716795,104.3541488647461,105.27600860595705,12535409
2014-10-21,106.38223266601562,107.30409240722656,105.73693084716795,106.6587905883789,13039515
2014-10-22,109.97747039794922,110.1618423461914,107.8572006225586,108.77906036376952,19000589
2014-10-23,110.2540283203125,110.53058624267578,109.3321762084961,109.97747039794922,14146922
2014-10-24,110.1618423461914,112.00555419921876,109.51654815673828,112.00555419921876,11862551
2014-10-27,108.87124633789062,109.70092010498048,107.58065032958984,109.70092010498048,13808862
2014-10-28,110.71495819091795,110.99151611328124,109.0556182861328,109.79310607910156,13279274
2014-10-29,112.18992614746094,112.46648406982422,110.99151611328124,111.72900390625,20637824
2014-10-30,112.37429809570312,113.01959991455078,110.89933013916016,113.01959991455078,16391978
2014-10-31,113.94145965576172,114.31019592285156,112.7430419921875,113.84927368164062,19995317
2014-11-03,114.1258316040039,115.2320556640625,113.48052978515624,115.2320556640625,14616679
2014-11-04,113.11178588867188,114.86331176757812,112.92741394042967,113.94145965576172,14339964
2014-11-05,114.31019592285156,114.67893981933594,112.8352279663086,113.94145965576172,13053784
2014-11-06,113.94145965576172,115.2320556640625,113.66490173339844,115.2320556640625,10921966
2014-11-07,113.48052978515624,114.77112579345705,112.00555419921876,113.38834381103516,16769289
2014-11-10,115.87735748291016,116.89139556884766,115.2320556640625,115.2320556640625,23096583
2014-11-11,117.6288833618164,118.45854949951172,116.24610137939452,116.70702362060548,22344919
2014-11-12,119.10385131835938,119.84133911132812,117.6288833618164,118.6429214477539,23820323
2014-11-13,119.38040924072266,120.3022689819336,114.95549774169922,115.2320556640625,57445626
2014-11-14,121.59286499023438,121.86942291259766,119.01166534423828,119.38040924072266,33610764
2014-11-17,119.01166534423828,124.35843658447266,118.6429214477539,123.5287628173828,36839261
2014-11-18,115.96954345703124,119.93352508544922,115.69298553466795,119.93352508544922,25737464
2014-11-19,114.67893981933594,116.70702362060548,113.84927368164062,115.2320556640625,23900139
2014-11-20,115.87735748291016,116.98358154296876,113.66490173339844,114.31019592285156,16996286
2014-11-21,114.49456787109376,116.52265167236328,114.31019592285156,116.52265167236328,19427065
2014-11-24,115.69298553466795,117.07576751708984,114.95549774169922,116.3382797241211,27520738
2014-11-25,114.95549774169922,116.24610137939452,114.77112579345705,116.24610137939452,25300094
2014-11-26,115.87735748291016,116.15391540527344,114.58675384521484,115.60079956054688,20243168
2014-11-27,115.3242416381836,115.96954345703124,114.86331176757812,115.87735748291016,12335466
2014-11-28,114.31019592285156,115.96954345703124,113.94145965576172,115.78517150878906,14138489
2014-12-01,110.89933013916016,112.92741394042967,109.60873413085938,112.18992614746094,30463687
2014-12-02,110.2540283203125,112.37429809570312,109.239990234375,110.43840026855467,32214639
2014-12-03,108.50250244140624,111.26807403564452,108.31813049316406,110.3462142944336,33457097
2014-12-04,108.96343231201172,110.53058624267578,108.68687438964844,108.77906036376952,29959330
2014-12-05,109.60873413085938,110.89933013916016,108.04157257080078,109.70092010498048,31304782
2014-12-08,109.3321762084961,111.26807403564452,108.41031646728516,111.08370208740234,24623879
2014-12-09,106.7509765625,108.59468841552734,106.5666046142578,108.04157257080078,28361886
2014-12-10,106.47441864013672,106.6587905883789,104.1697769165039,105.55256652832033,29533958
2014-12-11,104.53852081298828,106.01348876953124,104.1697769165039,106.01348876953124,20770154
2014-12-12,104.81507873535156,106.38223266601562,104.4463348388672,105.82911682128906,21158076
2014-12-15,103.1557388305664,104.4463348388672,102.51043701171876,104.1697769165039,18189470
2014-12-16,99.56049346923828,103.1557388305664,99.1917495727539,102.32606506347656,44782436
2014-12-17,97.0714874267578,100.29798126220705,96.33399963378906,99.92923736572266,47964624
2014-12-18,103.1557388305664,103.43229675292967,99.56049346923828,99.65267944335938,52767254
2014-12-19,106.6587905883789,108.31813049316406,106.01348876953124,107.8572006225586,47770038
2014-12-22,104.1697769165039,108.22594451904295,102.60262298583984,108.22594451904295,30153831
2014-12-23,103.98540496826172,105.73693084716795,102.14169311523438,104.1697769165039,22446872
2014-12-24,103.89321899414062,104.53852081298828,102.60262298583984,102.60262298583984,7043478
2014-12-29,104.53852081298828,106.47441864013672,103.43229675292967,106.47441864013672,11937232
2014-12-30,104.4463348388672,105.73693084716795,103.80103302001952,105.73693084716795,13835664
2014-12-31,103.70884704589844,104.90726470947266,103.3401107788086,103.70884704589844,10211446
2015-01-02,103.98540496826172,104.72289276123048,102.60262298583984,104.72289276123048,11783333
2015-01-05,104.63070678710938,106.29004669189452,103.98540496826172,104.63070678710938,23657688
2015-01-06,110.62277221679688,111.08370208740234,104.72289276123048,105.09163665771484,47380755
2015-01-07,114.67893981933594,114.77112579345705,113.01959991455078,113.84927368164062,44327302
2015-01-08,117.35232543945312,117.8132553100586,115.78517150878906,117.53669738769533,38660017
2015-01-09,117.26013946533205,118.9194793701172,116.61483764648438,118.9194793701172,34541307
2015-01-12,117.16795349121094,118.9194793701172,116.3382797241211,118.9194793701172,19396698
2015-01-13,117.8132553100586,118.27418518066406,115.41642761230467,115.50861358642578,18270876
2015-01-14,116.15391540527344,117.7210693359375,115.3242416381836,116.79920959472656,18271542
2015-01-15,116.98358154296876,117.07576751708984,114.40238189697266,115.41642761230467,17358861
2015-01-16,112.37429809570312,115.2320556640625,112.09774780273438,115.2320556640625,27365685
2015-01-19,113.38834381103516,115.41642761230467,112.6508560180664,114.58675384521484,23426131
2015-01-20,114.40238189697266,115.04768371582033,113.66490173339844,113.84927368164062,11058130
2015-01-21,118.6429214477539,118.8272933959961,115.41642761230467,116.3382797241211,36652734
2015-01-22,121.3163070678711,121.68505096435548,119.56478118896484,120.3022689819336,42375151
2015-01-23,122.33035278320312,124.35843658447266,120.85537719726562,124.08187866210938,32505639
2015-01-26,126.2943344116211,126.3865203857422,123.8053207397461,126.0177764892578,37915473
2015-01-27,125.37247467041016,127.2161865234375,122.6069107055664,127.2161865234375,26528814
2015-01-28,126.2021484375,126.2943344116211,124.17406463623048,126.2021484375,17591574
2015-01-29,124.08187866210938,125.74121856689452,123.34439086914062,125.37247467041016,15876766
2015-01-30,121.68505096435548,124.91154479980467,119.38040924072266,124.91154479980467,31865802
2015-02-02,125.18810272216795,126.1099624633789,119.74915313720705,119.74915313720705,19150517
2015-02-03,124.54280853271484,126.57089233398438,122.6069107055664,124.91154479980467,15596398
2015-02-04,123.43657684326172,125.46466064453124,122.88346099853516,124.91154479980467,10304634
2015-02-05,124.63499450683594,126.2943344116211,122.6069107055664,126.2943344116211,19537497
2015-02-06,123.713134765625,126.1099624633789,123.5287628173828,126.1099624633789,11840077
2015-02-09,122.23816680908205,123.16001892089844,121.50067901611328,123.16001892089844,13498109
2015-02-10,122.6069107055664,123.5287628173828,121.68505096435548,122.23816680908205,15187675
2015-02-11,121.3163070678711,123.5287628173828,121.1319351196289,123.5287628173828,13159484
2015-02-12,119.47259521484376,120.67100524902344,117.99762725830078,119.84133911132812,26064826
2015-02-13,120.02571105957033,121.96160888671876,119.01166534423828,119.47259521484376,16781033
2015-02-16,120.3022689819336,121.96160888671876,119.84133911132812,119.93352508544922,11030858
2015-02-17,120.57881927490234,121.68505096435548,119.84133911132812,119.84133911132812,9090265
2015-02-18,119.74915313720705,121.1319351196289,119.38040924072266,120.85537719726562,7904399
2015-02-23,124.26625061035156,124.72718048095705,120.85537719726562,122.33035278320312,26286994
2015-02-24,124.54280853271484,125.74121856689452,123.34439086914062,125.37247467041016,18678175
2015-02-25,125.18810272216795,125.74121856689452,123.16001892089844,123.5287628173828,20547578
2015-02-26,125.00373077392578,125.74121856689452,123.8053207397461,123.8053207397461,23493670
2015-02-27,125.28028869628906,126.0177764892578,124.17406463623048,125.37247467041016,19484080
2015-03-02,126.0177764892578,126.2943344116211,123.5287628173828,126.0177764892578,13760890
2015-03-03,124.72718048095705,127.2161865234375,124.45062255859376,126.47870635986328,19108855
2015-03-04,122.88346099853516,124.17406463623048,122.6069107055664,123.8975067138672,13425097
2015-03-05,121.77723693847656,124.08187866210938,121.50067901611328,121.77723693847656,13359596
2015-03-06,121.4084930419922,122.6990966796875,120.76319122314452,121.86942291259766,15046971
2015-03-09,121.86942291259766,123.25220489501952,120.57881927490234,121.68505096435548,14279651
2015-03-10,120.85537719726562,122.42253875732422,120.48663330078124,122.42253875732422,14125036
2015-03-11,121.4084930419922,122.14598083496094,120.85537719726562,121.22412109375,15370028
2015-03-12,121.50067901611328,121.86942291259766,120.02571105957033,120.67100524902344,18528164
2015-03-13,123.16001892089844,124.26625061035156,121.4084930419922,122.6069107055664,16764337
2015-03-16,125.00373077392578,125.64903259277344,121.4084930419922,122.6069107055664,24639135
2015-03-17,123.34439086914062,126.75526428222656,122.6990966796875,126.57089233398438,20807023
2015-03-18,125.28028869628906,126.57089233398438,123.713134765625,123.98969268798828,24872050
2015-03-19,133.669189453125,133.94573974609375,126.0177764892578,127.2161865234375,69525628
2015-03-20,131.45672607421875,137.1722412109375,130.07394409179688,134.95977783203125,77311538
2015-03-23,133.8535614013672,135.05197143554688,131.54891967773438,132.83950805664062,33376154
2015-03-24,131.82546997070312,135.14414978027344,131.54891967773438,135.05197143554688,18089929
2015-03-25,131.54891967773438,133.76136779785156,130.5348663330078,131.82546997070312,22584700
2015-03-26,129.79739379882812,131.64109802246094,129.61302185058594,130.81143188476562,20180863
2015-03-27,130.81143188476562,131.82546997070312,129.33645629882812,131.82546997070312,17165510
2015-03-30,133.3926239013672,135.32852172851562,132.74732971191406,134.40667724609375,25518722
2015-03-31,135.697265625,139.56906127929688,134.77540588378906,139.56906127929688,26136506
2015-04-01,136.43475341796875,136.9878692626953,135.14414978027344,136.9878692626953,18620498
2015-04-02,138.09410095214844,138.27847290039062,135.78945922851562,137.26441955566406,15923387
2015-04-08,142.42681884765625,142.88775634765625,139.2003173828125,140.12217712402344,39775326
2015-04-09,147.40484619140625,157.08433532714844,146.11424255371094,146.57518005371094,72522121
2015-04-10,149.1563720703125,151.18446350097656,145.74549865722656,148.41888427734375,40239971
2015-04-13,157.637451171875,157.637451171875,149.80166625976562,152.10630798339844,47403378
2015-04-14,148.60325622558594,151.09226989746094,144.1783447265625,148.78762817382812,63988065
2015-04-15,145.28457641601562,147.4970245361328,143.3486785888672,147.4970245361328,50245183
2015-04-16,147.4970245361328,148.87982177734375,142.88775634765625,143.9939727783203,35276924
2015-04-17,146.39080810546875,148.142333984375,145.6533203125,145.6533203125,23617722
2015-04-20,141.13621520996094,147.40484619140625,140.58311462402344,147.40484619140625,30859721
2015-04-21,146.6673583984375,147.31265258789062,141.04403686523438,141.04403686523438,25226881
2015-04-22,149.9860382080078,151.4610137939453,146.20643615722656,146.20643615722656,27419042
2015-04-23,148.3267059326172,152.659423828125,148.142333984375,151.92193603515625,24710704
2015-04-24,148.9720001220703,150.17041015625,147.03610229492188,148.78762817382812,20757806
2015-04-27,149.89385986328125,152.01412963867188,148.9720001220703,148.9720001220703,21649051
2015-04-28,150.8157196044922,151.4610137939453,148.41888427734375,149.4329376220703,21955975
2015-04-29,151.36883544921875,152.4750518798828,149.80166625976562,151.4610137939453,22478456
2015-04-30,148.3267059326172,151.18446350097656,148.142333984375,151.18446350097656,23243390
2015-05-04,145.6533203125,148.51107788085938,145.28457641601562,147.03610229492188,24186374
2015-05-05,145.28457641601562,148.23451232910156,143.53305053710938,146.11424255371094,21200652
2015-05-06,143.80960083007812,146.75955200195312,142.88775634765625,142.88775634765625,21188428
2015-05-07,141.04403686523438,143.71742248535156,139.93780517578125,142.88775634765625,21528958
2015-05-08,141.9658966064453,145.6533203125,141.6893310546875,143.80960083007812,19643557
2015-05-11,146.20643615722656,147.9579620361328,143.164306640625,143.164306640625,22562554
2015-05-12,144.73146057128906,149.1563720703125,144.4549102783203,147.4970245361328,23738022
2015-05-13,144.54708862304688,147.1282958984375,143.71742248535156,144.73146057128906,21169250
2015-05-14,148.69544982910156,151.09226989746094,147.4970245361328,149.80166625976562,28084938
2015-05-15,149.61729431152344,150.8157196044922,148.41888427734375,149.70948791503906,23476343
2015-05-18,148.51107788085938,150.4469757080078,147.8657684326172,149.9860382080078,15199714
2015-05-19,148.78762817382812,149.61729431152344,147.77359008789062,149.61729431152344,13645824
2015-05-20,146.20643615722656,149.1563720703125,145.74549865722656,148.60325622558594,17851368
2015-05-21,144.54708862304688,145.56112670898438,143.80960083007812,143.80960083007812,19546210
2015-05-22,146.39080810546875,147.40484619140625,144.91583251953125,146.4829864501953,15167822
2015-05-26,146.39080810546875,149.52511596679688,146.11424255371094,149.24856567382812,22683332
2015-05-27,145.56112670898438,147.1282958984375,144.8236541748047,147.1282958984375,17767711
2015-05-28,143.07211303710938,146.75955200195312,141.59715270996094,146.75955200195312,26345205
2015-05-29,143.53305053710938,145.92987060546875,142.61119079589844,143.90179443359375,27284120
2015-06-01,143.90179443359375,146.02206420898438,142.05807495117188,143.53305053710938,16117557
2015-06-02,144.91583251953125,145.6533203125,142.88775634765625,143.9939727783203,16009236
2015-06-03,145.74549865722656,146.4829864501953,145.00802612304688,145.6533203125,15135793
2015-06-04,145.4689483642578,147.03610229492188,142.70338439941406,147.03610229492188,23097450
2015-06-05,142.61119079589844,145.6533203125,142.42681884765625,145.4689483642578,16347565
2015-06-08,142.9799346923828,143.71742248535156,140.21437072753906,141.22840881347656,18328192
2015-06-09,142.88775634765625,143.62522888183594,141.32058715820312,142.88775634765625,15470964
2015-06-10,141.22840881347656,144.3627166748047,141.04403686523438,144.3627166748047,14621252
2015-06-11,142.24244689941406,143.44085693359375,141.6893310546875,143.25648498535156,14552822
2015-06-12,144.91583251953125,145.1923828125,142.79556274414062,143.80960083007812,13408538
2015-06-15,143.07211303710938,146.02206420898438,142.51901245117188,145.92987060546875,13450376
2015-06-16,142.05807495117188,143.3486785888672,141.5049591064453,141.9658966064453,10452658
2015-06-17,142.24244689941406,144.4549102783203,141.59715270996094,144.4549102783203,14324629
2015-06-18,142.24244689941406,143.44085693359375,141.04403686523438,142.42681884765625,9609748
2015-06-19,142.1502685546875,143.62522888183594,141.9658966064453,143.44085693359375,14843428
2015-06-22,144.73146057128906,145.56112670898438,142.51901245117188,143.53305053710938,15544567
2015-06-23,145.74549865722656,146.57518005371094,144.27053833007812,146.57518005371094,15105850
2015-06-24,150.90789794921875,151.00009155273438,146.20643615722656,146.75955200195312,23670706
2015-06-25,149.3407440185547,150.8157196044922,148.78762817382812,150.53915405273438,14954705
2015-06-26,147.40484619140625,149.1563720703125,146.75955200195312,149.1563720703125,21029055
2015-06-29,141.13621520996094,147.40484619140625,138.27847290039062,146.75955200195312,30701768
2015-06-30,142.61119079589844,143.80960083007812,139.3846893310547,140.12217712402344,21539802
2015-07-02,144.27053833007812,145.56112670898438,142.88775634765625,142.88775634765625,24560909
2015-07-03,142.9799346923828,144.08616638183594,141.04403686523438,143.3486785888672,14284845
2015-07-06,135.05197143554688,143.80960083007812,129.05990600585938,141.6893310546875,51586652
2015-07-07,133.3926239013672,138.27847290039062,130.44268798828125,138.27847290039062,29309753
2015-07-08,124.26625061035156,130.44268798828125,121.1319351196289,130.44268798828125,79090126
2015-07-09,134.59103393554688,136.7113037109375,126.66307830810548,126.66307830810548,49287877
2015-07-10,137.26441955566406,141.5049591064453,136.7113037109375,138.27847290039062,39125861
2015-07-13,138.73939514160156,139.75343322753906,134.6832275390625,138.27847290039062,20454892
2015-07-14,139.8456268310547,141.32058715820312,138.27847290039062,140.12217712402344,19595245
2015-07-15,138.27847290039062,140.76748657226562,136.52694702148438,140.76748657226562,16888710
2015-07-16,138.27847290039062,138.73939514160156,135.5128936767578,137.54098510742188,14158663
2015-07-17,141.59715270996094,142.24244689941406,138.83157348632812,139.93780517578125,15141233
2015-07-20,143.3486785888672,145.56112670898438,142.9799346923828,143.80960083007812,17483588
2015-07-21,144.3627166748047,145.10020446777344,142.51901245117188,145.10020446777344,11761745
2015-07-22,142.42681884765625,143.80960083007812,141.04403686523438,143.80960083007812,11161193
2015-07-23,142.42681884765625,144.27053833007812,141.41278076171875,144.27053833007812,12352771
2015-07-24,139.6612548828125,141.04403686523438,138.73939514160156,141.04403686523438,12342031
2015-07-27,134.22230529785156,139.0159454345703,133.669189453125,138.55502319335938,23065662
2015-07-28,135.05197143554688,138.0019073486328,130.07394409179688,131.45672607421875,27282004
2015-07-29,133.11607360839844,135.05197143554688,131.3645477294922,134.4988555908203,24613293
2015-07-30,131.64109802246094,135.05197143554688,131.3645477294922,134.22230529785156,16962962
2015-07-31,133.3926239013672,133.76136779785156,131.3645477294922,132.83950805664062,15633695
2015-08-03,132.74732971191406,133.4848175048828,130.9958038330078,132.74732971191406,12513409
2015-08-04,131.82546997070312,132.74732971191406,130.16612243652344,131.08798217773438,17823622
2015-08-05,131.27235412597656,131.54891967773438,129.5208282470703,130.9036102294922,12752100
2015-08-06,129.8895721435547,132.47076416015625,128.32241821289062,132.47076416015625,15395187
2015-08-07,130.9958038330078,131.27235412597656,128.13804626464844,128.13804626464844,11702172
2015-08-10,131.64109802246094,132.0098419189453,127.76930236816406,129.05990600585938,12228806
2015-08-11,129.79739379882812,134.4988555908203,129.61302185058594,131.64109802246094,16666079
2015-08-12,124.35843658447266,129.42864990234375,123.43657684326172,129.05990600585938,42983336
2015-08-13,132.83950805664062,134.13011169433594,126.66307830810548,127.1240005493164,45264092
2015-08-14,132.1942138671875,134.03793334960938,131.54891967773438,133.669189453125,17613311
2015-08-17,130.9036102294922,132.56295776367188,129.33645629882812,132.56295776367188,18665139
2015-08-18,128.5067901611328,133.0238800048828,128.32241821289062,131.3645477294922,13846720
2015-08-19,128.691162109375,130.35049438476562,127.76930236816406,128.691162109375,18117518
2015-08-20,125.55684661865234,127.58493041992188,124.45062255859376,126.84745025634766,28118026
2015-08-21,121.1319351196289,122.97564697265624,119.84133911132812,121.68505096435548,40755475
2015-08-24,115.2320556640625,118.735107421875,115.2320556640625,117.99762725830078,51703081
2015-08-25,120.67100524902344,124.91154479980467,114.31019592285156,115.41642761230467,55227077
2015-08-26,118.5507354736328,122.05379486083984,117.99762725830078,121.59286499023438,34556420
2015-08-27,121.86942291259766,124.35843658447266,117.26013946533205,124.26625061035156,46549046
2015-08-28,120.48663330078124,125.55684661865234,119.84133911132812,124.45062255859376,37139565
2015-08-31,121.50067901611328,123.16001892089844,119.38040924072266,122.14598083496094,21359851
2015-09-01,117.26013946533205,122.05379486083984,117.07576751708984,121.4084930419922,22145965
2015-09-02,117.44451141357422,120.3022689819336,115.41642761230467,115.41642761230467,28331354
2015-09-04,117.44451141357422,120.02571105957033,116.70702362060548,119.74915313720705,19820455
2015-09-07,116.52265167236328,119.19603729248048,115.96954345703124,116.70702362060548,22674303
2015-09-08,119.28822326660156,120.48663330078124,115.3242416381836,116.15391540527344,25659965
2015-09-09,123.16001892089844,124.45062255859376,119.84133911132812,120.57881927490234,29896118
2015-09-10,118.5507354736328,121.22412109375,118.45854949951172,120.76319122314452,20759181
2015-09-11,117.44451141357422,121.0397491455078,117.16795349121094,119.38040924072266,25623201
2015-09-14,117.8132553100586,119.28822326660156,117.35232543945312,117.6288833618164,14235477
2015-09-15,120.94756317138672,121.59286499023438,117.6288833618164,117.99762725830078,21540276
2015-09-16,124.81936645507812,125.28028869628906,122.14598083496094,122.14598083496094,26766094
2015-09-17,123.8053207397461,126.93963623046876,121.3163070678711,126.84745025634766,26156505
2015-09-18,124.72718048095705,125.74121856689452,123.8975067138672,124.35843658447266,26359821
2015-09-21,123.34439086914062,123.8975067138672,121.77723693847656,123.6209487915039,17982769
2015-09-22,121.68505096435548,124.35843658447266,121.68505096435548,124.35843658447266,21105663
2015-09-23,120.67100524902344,121.50067901611328,119.10385131835938,120.57881927490234,19789230
2015-09-24,120.48663330078124,121.50067901611328,119.93352508544922,120.67100524902344,17377598
2015-09-25,120.76319122314452,121.0397491455078,118.735107421875,120.76319122314452,19290691
2015-09-29,117.35232543945312,117.90544128417967,115.50861358642578,115.50861358642578,27174437
2015-09-30,119.19603729248048,120.76319122314452,117.6288833618164,120.76319122314452,25784400
2015-10-02,124.91154479980467,125.18810272216795,120.85537719726562,121.50067901611328,30920182
2015-10-05,128.78334045410156,129.24427795410156,127.86148834228516,128.59896850585938,26840723
2015-10-06,128.691162109375,130.81143188476562,127.2161865234375,130.71923828125,20668534
2015-10-07,130.9036102294922,131.18017578125,127.3083724975586,129.24427795410156,23239818
2015-10-08,130.9958038330078,132.28640747070312,129.61302185058594,132.28640747070312,18435754
2015-10-09,130.81143188476562,132.83950805664062,129.15208435058594,132.74732971191406,17063804
2015-10-12,132.74732971191406,132.74732971191406,130.35049438476562,132.47076416015625,14986353
2015-10-13,131.73329162597656,132.56295776367188,130.5348663330078,132.56295776367188,11255471
2015-10-14,131.45672607421875,132.28640747070312,130.5348663330078,131.82546997070312,12205045
2015-10-15,133.669189453125,134.13011169433594,130.62705993652344,131.27235412597656,16602054
2015-10-16,135.14414978027344,136.3425750732422,133.76136779785156,136.06600952148438,17464582
2015-10-19,135.60508728027344,136.43475341796875,133.8535614013672,136.43475341796875,11355381
2015-10-20,135.42071533203125,135.78945922851562,133.76136779785156,135.60508728027344,9689976
2015-10-22,134.8675994873047,136.43475341796875,134.13011169433594,136.43475341796875,13540020
2015-10-23,137.54098510742188,138.09410095214844,136.61912536621094,138.09410095214844,20694860
2015-10-26,137.3566131591797,140.12217712402344,136.61912536621094,140.12217712402344,15983408
2015-10-27,137.44879150390625,137.81753540039062,135.60508728027344,136.9878692626953,14996036
2015-10-28,138.09410095214844,138.27847290039062,136.52694702148438,138.27847290039062,11419654
2015-10-29,136.43475341796875,138.92376708984375,135.78945922851562,138.92376708984375,11966212
2015-10-30,135.14414978027344,136.158203125,133.76136779785156,133.76136779785156,14315360
2015-11-02,135.9738311767578,137.1722412109375,134.77540588378906,137.1722412109375,11739992
2015-11-03,138.73939514160156,139.56906127929688,137.26441955566406,137.81753540039062,24387895
2015-11-04,141.04403686523438,144.4549102783203,140.02999877929688,141.59715270996094,29992511
2015-11-05,140.39874267578125,141.41278076171875,139.8456268310547,140.39874267578125,17065039
2015-11-06,142.42681884765625,142.88775634765625,139.29251098632812,140.58311462402344,12157962
2015-11-09,140.12217712402344,143.25648498535156,139.6612548828125,141.5049591064453,15174340
2015-11-10,138.64720153808594,139.0159454345703,136.80349731445312,138.3706512451172,15125054
2015-11-11,139.6612548828125,142.42681884765625,139.0159454345703,140.76748657226562,27727486
2015-11-12,142.88775634765625,143.53305053710938,140.58311462402344,141.5049591064453,25045365
2015-11-13,140.30654907226562,141.32058715820312,139.4768829345703,140.12217712402344,14093483
2015-11-16,137.44879150390625,138.55502319335938,136.9878692626953,137.1722412109375,15301504
2015-11-17,139.3846893310547,141.6893310546875,138.73939514160156,139.2003173828125,16867971
2015-11-18,139.56906127929688,141.13621520996094,138.73939514160156,141.04403686523438,10388413
2015-11-19,141.13621520996094,142.61119079589844,140.12217712402344,141.59715270996094,14442708
2015-11-20,142.9799346923828,143.25648498535156,140.12217712402344,141.13621520996094,12095477
2015-11-23,143.3486785888672,145.10020446777344,142.88775634765625,144.27053833007812,14546053
2015-11-24,143.90179443359375,144.3627166748047,142.88775634765625,143.80960083007812,10746125
2015-11-25,144.1783447265625,144.4549102783203,143.25648498535156,144.4549102783203,14186484
2015-11-26,143.53305053710938,145.92987060546875,143.53305053710938,145.6533203125,15234486
2015-11-27,141.22840881347656,143.3486785888672,140.39874267578125,143.07211303710938,17797824
2015-11-30,142.24244689941406,143.62522888183594,139.75343322753906,141.59715270996094,35440695
2015-12-01,142.24244689941406,145.1923828125,141.78152465820312,144.1783447265625,28177429
2015-12-02,141.6893310546875,143.3486785888672,141.04403686523438,142.79556274414062,22467429
2015-12-03,142.3346405029297,143.25648498535156,141.04403686523438,141.78152465820312,30478444
2015-12-04,139.2003173828125,139.75343322753906,137.3566131591797,139.2003173828125,54128339
2015-12-07,139.10813903808594,140.76748657226562,138.83157348632812,140.67529296875,23073955
2015-12-08,138.0019073486328,139.2003173828125,136.80349731445312,139.2003173828125,19298441
2015-12-09,138.92376708984375,140.12217712402344,136.80349731445312,136.80349731445312,20422706
2015-12-10,138.64720153808594,140.02999877929688,138.27847290039062,140.02999877929688,14587823
2015-12-11,136.06600952148438,139.29251098632812,135.42071533203125,139.10813903808594,21345358
2015-12-14,135.05197143554688,135.32852172851562,131.82546997070312,134.13011169433594,18230152
2015-12-15,135.9738311767578,137.63316345214844,135.05197143554688,135.23634338378906,17488277
2015-12-16,139.93780517578125,140.12217712402344,137.81753540039062,139.2003173828125,15645911
2015-12-17,139.75343322753906,141.6893310546875,139.4768829345703,141.13621520996094,17343809
2015-12-18,139.4768829345703,140.39874267578125,139.0159454345703,139.6612548828125,19825228
2015-12-21,138.55502319335938,139.4768829345703,138.186279296875,139.29251098632812,9736110
2015-12-22,139.0159454345703,139.4768829345703,137.63316345214844,139.4768829345703,7530597
2015-12-23,140.30654907226562,140.58311462402344,139.3846893310547,139.56906127929688,8052953
2015-12-24,139.93780517578125,141.04403686523438,139.75343322753906,141.04403686523438,5189943
2015-12-28,139.10813903808594,140.58311462402344,138.83157348632812,140.4909210205078,7279028
2015-12-29,139.0159454345703,140.12217712402344,138.55502319335938,139.8456268310547,7996349
2015-12-30,138.92376708984375,140.4909210205078,138.73939514160156,140.02999877929688,7730687
2015-12-31,140.58311462402344,140.76748657226562,139.29251098632812,139.6612548828125,7435093
2016-01-04,137.44879150390625,140.12217712402344,137.08004760742188,139.56906127929688,17407496
2016-01-05,135.8816375732422,138.73939514160156,135.14414978027344,137.1722412109375,17542827
2016-01-06,134.59103393554688,135.42071533203125,133.76136779785156,134.31448364257812,16938124
2016-01-07,129.24427795410156,134.59103393554688,129.05990600585938,133.30044555664062,25670472
2016-01-08,131.45672607421875,132.47076416015625,129.79739379882812,129.79739379882812,20138495
2016-01-11,127.2161865234375,130.25831604003906,126.93963623046876,127.40055847167967,24257707
2016-01-12,125.46466064453124,128.8755340576172,125.28028869628906,126.2943344116211,23950128
2016-01-13,126.66307830810548,129.05990600585938,126.2943344116211,126.3865203857422,25886062
2016-01-14,126.3865203857422,127.67711639404295,124.45062255859376,124.91154479980467,28761138
2016-01-15,126.2943344116211,128.5067901611328,125.64903259277344,126.47870635986328,26001675
2016-01-18,125.37247467041016,126.84745025634766,123.8053207397461,124.45062255859376,23777170
2016-01-19,128.8755340576172,129.05990600585938,125.37247467041016,125.37247467041016,24521032
2016-01-20,124.81936645507812,126.84745025634766,123.34439086914062,126.2021484375,28683383
2016-01-21,122.6990966796875,127.86148834228516,122.6990966796875,125.55684661865234,33124887
2016-01-22,128.13804626464844,128.78334045410156,125.46466064453124,125.46466064453124,26630029
2016-01-25,133.0238800048828,133.3926239013672,128.5067901611328,129.05990600585938,33795504
2016-01-26,130.71923828125,132.28640747070312,129.61302185058594,130.9958038330078,27487065
2016-01-27,129.5208282470703,133.208251953125,128.13804626464844,132.65513610839844,29721586
2016-01-28,130.5348663330078,132.1942138671875,128.5067901611328,129.5208282470703,26116254
2016-01-29,133.57699584960938,133.669189453125,130.07394409179688,130.07394409179688,30735595
2016-02-01,135.5128936767578,135.60508728027344,133.4848175048828,134.8675994873047,22195440
2016-02-02,134.22230529785156,136.158203125,132.74732971191406,136.158203125,18664606
2016-02-03,130.5348663330078,131.08798217773438,129.05990600585938,131.08798217773438,24226636
2016-02-04,130.81143188476562,131.91766357421875,130.44268798828125,131.82546997070312,17687922
2016-02-05,132.65513610839844,133.208251953125,130.9958038330078,131.54891967773438,13803110
2016-02-11,125.28028869628906,127.86148834228516,123.6209487915039,126.47870635986328,39267710
2016-02-12,122.88346099853516,124.35843658447266,121.77723693847656,122.33035278320312,26991807
2016-02-15,127.40055847167967,127.76930236816406,124.72718048095705,126.0177764892578,23538825
2016-02-16,128.4145965576172,129.42864990234375,127.40055847167967,127.40055847167967,16841689
2016-02-17,127.40055847167967,130.44268798828125,126.57089233398438,129.9817657470703,18718340
2016-02-18,131.18017578125,131.3645477294922,128.32241821289062,130.9036102294922,22174551
2016-02-19,130.16612243652344,131.54891967773438,129.33645629882812,129.9817657470703,13461766
2016-02-22,130.62705993652344,131.08798217773438,129.5208282470703,129.9817657470703,10771604
2016-02-23,130.81143188476562,131.64109802246094,129.61302185058594,131.3645477294922,12494795
2016-02-24,129.42864990234375,130.62705993652344,127.76930236816406,130.62705993652344,16416296
2016-02-25,128.13804626464844,129.9817657470703,127.86148834228516,129.42864990234375,11840033
2016-02-26,131.54891967773438,132.0098419189453,129.79739379882812,129.79739379882812,18834969
2016-02-29,130.81143188476562,131.64109802246094,128.691162109375,131.54891967773438,15490648
2016-03-01,133.208251953125,133.30044555664062,130.44268798828125,130.9036102294922,16809198
2016-03-02,136.7113037109375,136.8956756591797,134.40667724609375,135.60508728027344,26570950
2016-03-03,136.06600952148438,137.3566131591797,134.59103393554688,137.3566131591797,17311807
2016-03-04,135.697265625,137.72535705566406,134.13011169433594,136.8956756591797,21384257
2016-03-07,135.05197143554688,136.9878692626953,134.13011169433594,136.43475341796875,14911361
2016-03-08,134.8675994873047,135.42071533203125,132.83950805664062,133.94573974609375,12413427
2016-03-09,134.31448364257812,134.40667724609375,132.1942138671875,133.669189453125,15259850
2016-03-10,133.669189453125,134.77540588378906,133.4848175048828,133.76136779785156,10954673
2016-03-11,136.52694702148438,136.8956756591797,133.0238800048828,133.4848175048828,18982284
2016-03-14,141.32058715820312,141.5049591064453,136.80349731445312,137.3566131591797,32195517
2016-03-15,139.4768829345703,141.5049591064453,138.83157348632812,139.0159454345703,17581817
2016-03-16,139.10813903808594,139.6612548828125,137.54098510742188,139.0159454345703,15102556
2016-03-17,140.39874267578125,141.5049591064453,139.2003173828125,141.04403686523438,14805005
2016-03-18,145.56112670898438,146.75955200195312,143.62522888183594,146.57518005371094,56418788
2016-03-21,145.74549865722656,146.29861450195312,144.8236541748047,146.20643615722656,20194965
2016-03-22,147.03610229492188,147.40484619140625,145.6533203125,147.40484619140625,21637715
2016-03-23,147.22047424316406,147.40484619140625,146.02206420898438,147.31265258789062,16746586
2016-03-24,146.39080810546875,147.31265258789062,145.3767547607422,146.57518005371094,20004563
2016-03-29,145.00802612304688,146.57518005371094,144.73146057128906,146.57518005371094,18247118
2016-03-30,145.8376922607422,147.03610229492188,145.56112670898438,146.57518005371094,22598126
2016-03-31,146.02206420898438,146.8517303466797,144.8236541748047,146.8517303466797,19000406
2016-04-01,146.11424255371094,147.1282958984375,145.4689483642578,147.1282958984375,17395068
2016-04-05,144.3627166748047,144.73146057128906,142.3346405029297,144.73146057128906,15729586
2016-04-06,146.57518005371094,146.6673583984375,144.73146057128906,145.28457641601562,19265677
2016-04-07,149.1563720703125,149.3407440185547,147.1282958984375,147.40484619140625,23616936
2016-04-08,147.4970245361328,148.41888427734375,146.75955200195312,147.9579620361328,16449003
2016-04-11,147.03610229492188,148.23451232910156,145.8376922607422,145.8376922607422,10198789
2016-04-12,147.4970245361328,147.681396484375,146.75955200195312,147.40484619140625,13356425
2016-04-13,151.6453857421875,151.8297576904297,148.60325622558594,149.3407440185547,35296728
2016-04-14,152.10630798339844,154.1343994140625,148.87982177734375,152.56724548339844,27445992
2016-04-15,152.38287353515625,152.56724548339844,150.63134765625,151.6453857421875,12375627
2016-04-18,152.75161743164062,153.02816772460938,151.27664184570312,152.10630798339844,9889521
2016-04-19,152.75161743164062,153.48910522460938,150.63134765625,152.659423828125,14793078
2016-04-20,149.24856567382812,152.56724548339844,148.87982177734375,152.56724548339844,16790217
2016-04-21,150.72352600097656,151.4610137939453,149.4329376220703,150.26260375976562,14231766
2016-04-22,150.07823181152344,150.26260375976562,147.681396484375,148.41888427734375,9564153
2016-04-25,147.40484619140625,148.41888427734375,147.1282958984375,147.8657684326172,11638578
2016-04-26,149.1563720703125,149.3407440185547,146.39080810546875,148.41888427734375,9379764
2016-04-27,147.03610229492188,147.77359008789062,146.02206420898438,147.681396484375,12528863
2016-04-28,148.41888427734375,149.89385986328125,147.4970245361328,148.142333984375,20240494
2016-04-29,146.4829864501953,147.77359008789062,146.39080810546875,147.4970245361328,11828173
2016-05-03,143.164306640625,146.4829864501953,142.9799346923828,146.4829864501953,16637913
2016-05-04,142.42681884765625,143.53305053710938,141.41278076171875,143.53305053710938,17763120
2016-05-05,141.22840881347656,142.61119079589844,140.58311462402344,141.04403686523438,14810794
2016-05-06,141.8737030029297,143.3486785888672,140.30654907226562,141.32058715820312,17230759
2016-05-09,142.9799346923828,143.62522888183594,142.1502685546875,143.3486785888672,10223280
2016-05-10,144.1783447265625,144.4549102783203,142.24244689941406,142.24244689941406,12851789
2016-05-11,144.27053833007812,146.02206420898438,143.80960083007812,146.02206420898438,12567391
2016-05-12,142.1502685546875,144.3627166748047,141.9658966064453,144.3627166748047,14402019
2016-05-13,142.9799346923828,144.08616638183594,141.6893310546875,143.44085693359375,19625822
2016-05-16,147.40484619140625,147.77359008789062,143.62522888183594,143.90179443359375,23404798
2016-05-17,150.17041015625,151.4610137939453,148.3267059326172,149.61729431152344,24549516
2016-05-18,148.51107788085938,149.70948791503906,147.4970245361328,148.41888427734375,22409505
2016-05-19,144.91583251953125,146.6673583984375,143.164306640625,143.164306640625,38265315
2016-05-20,146.11424255371094,146.75955200195312,143.164306640625,143.164306640625,20811861
2016-05-23,146.6673583984375,148.9720001220703,146.39080810546875,147.1282958984375,13251183
2016-05-24,147.9579620361328,148.41888427734375,147.1282958984375,147.4970245361328,13373091
2016-05-25,151.6453857421875,151.92193603515625,150.07823181152344,150.26260375976562,23409279
2016-05-26,151.00009155273438,152.01412963867188,149.80166625976562,152.01412963867188,15683329
2016-05-27,157.8218231201172,158.37493896484375,151.6453857421875,152.10630798339844,44773664
2016-05-30,156.6234130859375,159.02023315429688,156.1624755859375,157.8218231201172,23596862
2016-05-31,159.75772094726562,160.12646484375,157.637451171875,158.55931091308594,61001414
2016-06-01,157.08433532714844,159.38897705078125,156.53121948242188,158.55931091308594,18820645
2016-06-02,156.89996337890625,157.17652893066406,155.24063110351562,156.71559143066406,23281378
2016-06-03,157.4530792236328,158.8358612060547,156.25466918945312,156.99215698242188,29770035
2016-06-06,160.21864318847656,160.40301513671875,156.8077850341797,156.8077850341797,18571284
2016-06-07,162.7998504638672,162.98422241210938,160.86395263671875,161.3248748779297,18717376
2016-06-08,162.15455627441406,162.7998504638672,160.9561309814453,162.7998504638672,20471607
2016-06-10,161.4170684814453,164.55137634277344,161.1405029296875,164.55137634277344,22125813
2016-06-13,156.25466918945312,158.37493896484375,155.9781036376953,156.8077850341797,22963768
2016-06-14,155.1484375,156.1624755859375,154.50314331054688,155.609375,19234867
2016-06-15,159.48117065429688,160.49520874023438,154.22657775878906,154.59532165527344,20437650
2016-06-16,155.609375,159.48117065429688,155.24063110351562,159.2967987060547,16373368
2016-06-17,155.70155334472656,157.91400146484375,154.41094970703125,157.17652893066406,19396087
2016-06-20,157.36090087890625,157.8218231201172,155.79373168945312,156.71559143066406,10227479
2016-06-21,159.38897705078125,159.75772094726562,157.637451171875,158.55931091308594,10939128
2016-06-22,163.26077270507812,163.99826049804688,159.38897705078125,159.57334899902344,21298592
2016-06-23,162.3389129638672,162.615478515625,159.75772094726562,162.24673461914062,13274020
2016-06-24,160.21864318847656,163.72171020507812,154.9640655517578,161.1405029296875,33187954
2016-06-27,157.54527282714844,158.6514892578125,156.8077850341797,156.8077850341797,16988903
2016-06-28,157.17652893066406,157.4530792236328,153.9500274658203,153.9500274658203,19473594
2016-06-29,158.9280548095703,159.20460510253906,157.08433532714844,157.08433532714844,14701784
2016-06-30,162.3389129638672,162.7998504638672,160.12646484375,161.23269653320312,18351024
2016-07-04,164.9201202392578,165.47323608398438,163.16859436035156,164.18263244628906,17603616
2016-07-05,162.615478515625,165.01229858398438,162.3389129638672,165.01229858398438,10372609
2016-07-06,160.67958068847656,161.7858123779297,159.48117065429688,160.49520874023438,12648442
2016-07-07,162.52328491210938,163.53733825683594,160.9561309814453,161.3248748779297,8695388
2016-07-08,163.16859436035156,164.4591827392578,162.615478515625,163.35296630859375,14996754
2016-07-11,165.9341583251953,166.67164611816406,165.19667053222656,165.84197998046875,13937686
2016-07-12,166.76382446289062,167.50131225585938,164.55137634277344,167.50131225585938,15012680
2016-07-13,167.04039001464844,167.50131225585938,166.3029022216797,166.67164611816406,12159515
2016-07-14,169.16065979003906,169.62158203125,165.84197998046875,166.48727416992188,13745514
2016-07-15,170.35906982421875,171.64967346191406,168.7919158935547,169.8981475830078,16802066
2016-07-18,170.54344177246094,171.2809295654297,169.34503173828125,169.62158203125,10883330
2016-07-19,168.97628784179688,170.54344177246094,168.7919158935547,170.08251953125,12781610
2016-07-20,171.0965576171875,171.46530151367188,169.16065979003906,169.99032592773438,14458815
2016-07-21,170.17469787597656,171.9262237548828,169.8981475830078,171.64967346191406,16049608
2016-07-22,170.72781372070312,171.0965576171875,169.25283813476562,170.54344177246094,8458286
2016-07-25,173.3090057373047,173.3090057373047,170.72781372070312,172.2949676513672,8439436
2016-07-26,171.74185180664062,174.8761749267578,171.64967346191406,171.64967346191406,15964111
2016-07-27,174.23086547851562,174.23086547851562,171.46530151367188,171.46530151367188,13113157
2016-07-28,174.23086547851562,174.599609375,172.01841735839844,172.84808349609375,12633362
2016-07-29,171.9262237548828,174.96835327148438,171.9262237548828,174.32305908203125,14483041
2016-08-01,170.08251953125,173.03245544433594,169.8059539794922,172.3871612548828,22485710
2016-08-02,170.08251953125,170.08251953125,170.08251953125,170.08251953125,0
2016-08-03,167.3169403076172,168.69973754882812,167.3169403076172,167.7778778076172,19972701
2016-08-04,168.33099365234375,169.25283813476562,167.50131225585938,168.4231719970703,10456799
2016-08-05,170.17469787597656,171.55747985839844,168.23880004882812,168.69973754882812,10883081
2016-08-08,174.04649353027344,174.13868713378906,171.64967346191406,171.64967346191406,12916813
2016-08-09,173.49337768554688,174.69180297851562,172.84808349609375,173.7699432373047,8822743
2016-08-10,173.3090057373047,174.23086547851562,172.3871612548828,172.47933959960938,8140708
2016-08-11,173.95431518554688,173.95431518554688,172.20278930664062,172.20278930664062,12354091
2016-08-12,173.1246337890625,176.53550720214844,172.84808349609375,175.6136474609375,19691773
2016-08-15,176.16676330566406,176.71987915039062,173.3090057373047,173.3090057373047,14308764
2016-08-16,180.13075256347656,182.066650390625,178.47140502929688,180.22293090820312,26651961
2016-08-17,177.9182891845703,182.4353942871093,176.71987915039062,180.13075256347656,20039183
2016-08-18,187.1368560791016,188.98057556152344,184.0947265625,188.98057556152344,44816218
2016-08-19,186.03062438964844,188.98057556152344,185.84625244140625,188.98057556152344,13630433
2016-08-22,188.79620361328125,188.79620361328125,185.6618804931641,186.21499633789065,12423713
2016-08-23,187.68997192382807,189.3493194580078,186.583740234375,188.2430877685547,9675377
2016-08-24,185.29315185546875,188.61183166503903,184.7400360107422,187.68997192382807,14776232
2016-08-25,183.9103546142578,186.21499633789065,183.9103546142578,186.21499633789065,11923473
2016-08-26,184.7400360107422,186.7681121826172,183.63380432128903,183.63380432128903,8773332
2016-08-29,185.6618804931641,186.3993682861328,184.3712921142578,185.10877990722656,10675812
2016-08-30,188.79620361328125,188.98057556152344,186.21499633789065,186.9524841308593,12744067
2016-08-31,186.03062438964844,188.98057556152344,185.29315185546875,188.98057556152344,16615992
2016-09-01,186.7681121826172,187.505599975586,185.10877990722656,185.29315185546875,14759342
2016-09-02,186.03062438964844,188.61183166503903,185.4775238037109,186.7681121826172,17820105
2016-09-05,193.77423095703125,194.1429748535156,187.68997192382807,188.61183166503903,20504634
2016-09-06,198.1991424560547,199.8584747314453,192.66799926757807,193.58985900878903,20672647
2016-09-07,196.539794921875,199.4897308349609,194.69607543945312,199.12098693847656,19099614
2016-09-08,198.1991424560547,199.12098693847656,194.8804473876953,195.0648193359375,16807110
2016-09-09,197.0929107666016,199.30535888671875,195.6179351806641,197.8303985595703,21996630
2016-09-12,190.82427978515625,194.1429748535156,190.2711639404297,193.58985900878903,21609933
2016-09-13,191.7461395263672,195.0648193359375,191.00865173339844,192.66799926757807,16128610
2016-09-14,192.2992553710937,193.2211151123047,190.45553588867188,190.45553588867188,8348334
2016-09-15,193.40548706054688,195.6179351806641,191.7461395263672,191.7461395263672,19588828
2016-09-19,193.0367431640625,195.6179351806641,191.3773956298828,195.2491912841797,19949801
2016-09-20,192.66799926757807,193.77423095703125,191.7461395263672,193.58985900878903,13165684
2016-09-21,194.69607543945312,194.8804473876953,191.3773956298828,192.2992553710937,12491005
2016-09-22,197.8303985595703,198.9366149902344,196.539794921875,197.2772827148437,19357149
2016-09-23,201.14907836914065,203.5458984375,195.98667907714844,196.7241668701172,27092906
2016-09-26,196.3554229736328,200.41159057617188,195.6179351806641,200.41159057617188,20158909
2016-09-27,198.9366149902344,200.41159057617188,197.2772827148437,198.1991424560547,15991298
2016-09-28,199.67410278320312,200.2272186279297,197.2772827148437,197.2772827148437,8857345
2016-09-29,200.5959625244141,201.3334503173828,199.12098693847656,200.96470642089844,12064880
2016-09-30,196.3554229736328,199.8584747314453,196.3554229736328,198.38351440429688,16121230
2016-10-03,199.8584747314453,200.5959625244141,198.7522430419922,199.4897308349609,10868429
2016-10-04,200.41159057617188,200.5959625244141,198.56788635253903,200.2272186279297,8387074
2016-10-05,200.41159057617188,200.41159057617188,198.9366149902344,199.67410278320312,7220623
2016-10-06,200.41159057617188,200.96470642089844,199.67410278320312,200.96470642089844,11567729
2016-10-07,199.30535888671875,200.41159057617188,198.56788635253903,199.67410278320312,9649372
2016-10-11,198.9366149902344,201.14907836914065,197.64602661132807,200.41159057617188,13782859
2016-10-12,196.7241668701172,197.461654663086,194.5117034912109,196.9085388183593,18077963
2016-10-13,193.58985900878903,196.539794921875,193.0367431640625,194.5117034912109,18317234
2016-10-14,192.66799926757807,194.5117034912109,192.1148834228516,192.1148834228516,15214223
2016-10-17,192.483627319336,193.58985900878903,191.00865173339844,192.66799926757807,10598083
2016-10-18,195.80230712890625,196.539794921875,192.66799926757807,193.0367431640625,13302412
2016-10-19,196.17105102539065,197.64602661132807,194.8804473876953,194.8804473876953,8225098
2016-10-20,197.461654663086,198.56788635253903,196.7241668701172,197.2772827148437,8929043
2016-10-21,197.461654663086,197.461654663086,197.461654663086,197.461654663086,0
2016-10-24,198.56788635253903,198.56788635253903,195.6179351806641,197.0929107666016,16891604
2016-10-25,198.0147705078125,199.30535888671875,198.0147705078125,199.30535888671875,9084248
2016-10-26,195.6179351806641,198.9366149902344,195.6179351806641,196.3554229736328,9518945
2016-10-27,194.1429748535156,196.7241668701172,193.58985900878903,195.98667907714844,11592317
2016-10-28,191.7461395263672,194.32733154296875,189.1649475097656,194.1429748535156,19398159
2016-10-31,189.7180633544922,192.66799926757807,189.7180633544922,192.66799926757807,13119041
2016-11-01,191.00865173339844,193.2211151123047,191.00865173339844,191.561767578125,16299727
2016-11-02,188.42745971679688,190.2711639404297,187.505599975586,188.98057556152344,15046194
2016-11-03,186.21499633789065,187.505599975586,185.10877990722656,186.583740234375,18943886
2016-11-04,184.3712921142578,186.3993682861328,183.9103546142578,184.1869201660156,18465944
2016-11-07,188.2430877685547,190.6399078369141,183.44943237304688,183.44943237304688,17448960
2016-11-08,189.53369140625,191.00865173339844,188.42745971679688,189.7180633544922,13403896
2016-11-09,186.583740234375,190.6399078369141,183.9103546142578,190.6399078369141,36505960
2016-11-10,191.9305114746093,193.0367431640625,189.9024353027344,190.2711639404297,20586129
2016-11-11,184.3712921142578,187.8743438720703,184.3712921142578,187.1368560791016,49194464
2016-11-14,177.54954528808594,180.68386840820312,177.18080139160156,180.4994964599609,54598070
2016-11-15,178.1026611328125,178.84014892578125,174.8761749267578,175.15272521972656,33291131
2016-11-16,181.51353454589844,183.9103546142578,180.22293090820312,180.68386840820312,29288996
2016-11-17,179.57763671875,182.2510223388672,178.2870330810547,179.7620086669922,29581220
2016-11-18,180.13075256347656,182.066650390625,178.65577697753906,179.85418701171875,18543332
2016-11-21,178.47140502929688,180.31512451171875,176.99644470214844,179.85418701171875,16434738
2016-11-22,180.4994964599609,180.96041870117188,178.93234252929688,180.5916748046875,14110586
2016-11-23,179.11671447753906,180.96041870117188,178.3792266845703,180.8682403564453,16951978
2016-11-24,177.18080139160156,178.93234252929688,176.71987915039062,178.3792266845703,16768475
2016-11-25,177.9182891845703,178.65577697753906,177.088623046875,178.1026611328125,8480037
2016-11-28,180.03855895996094,181.42135620117188,177.9182891845703,177.9182891845703,17956724
2016-11-29,177.9182891845703,182.3432006835937,177.9182891845703,181.605712890625,21417285
2016-11-30,178.5635986328125,179.30108642578125,177.088623046875,177.82611083984375,19411051
2016-12-01,179.30108642578125,180.13075256347656,178.19485473632812,179.7620086669922,16775956
2016-12-02,176.0745849609375,176.53550720214844,174.7839813232422,176.0745849609375,34338203
2016-12-05,175.15272521972656,177.54954528808594,174.4152374267578,175.15272521972656,16142705
2016-12-06,175.06053161621094,177.36517333984375,174.7839813232422,176.9042510986328,11749403
2016-12-07,175.33709716796875,176.44332885742188,174.7839813232422,175.7980194091797,10800382
2016-12-08,175.98239135742188,178.2870330810547,175.24490356445312,177.73391723632812,17118684
2016-12-09,173.49337768554688,175.52146911621094,171.83404541015625,174.23086547851562,24940671
2016-12-12,170.63563537597656,175.06053161621094,169.99032592773438,175.06053161621094,23822970
2016-12-13,171.74185180664062,172.3871612548828,170.35906982421875,172.3871612548828,17779847
2016-12-14,172.20278930664062,174.69180297851562,172.20278930664062,173.3090057373047,20099564
2016-12-15,169.62158203125,171.64967346191406,168.51536560058594,170.9121856689453,25823391
2016-12-16,169.52940368652344,170.17469787597656,168.05442810058594,168.05442810058594,23621862
2016-12-19,167.96224975585938,168.7919158935547,167.96224975585938,167.96224975585938,11859570
2016-12-20,167.50131225585938,169.34503173828125,166.48727416992188,167.7778778076172,13931792
2016-12-21,167.96224975585938,169.16065979003906,167.50131225585938,167.50131225585938,12278741
2016-12-22,167.3169403076172,169.4372100830078,167.04039001464844,168.97628784179688,16305544
2016-12-23,165.65760803222656,166.85601806640625,165.56541442871094,166.85601806640625,17747649
2016-12-28,169.25283813476562,170.82000732421875,166.21072387695312,166.85601806640625,19765965
2016-12-29,172.9402618408203,174.599609375,168.69973754882812,168.69973754882812,23995160
2016-12-30,174.8761749267578,175.8902130126953,174.23086547851562,175.15272521972656,14733805
2017-01-03,174.599609375,176.16676330566406,173.3090057373047,173.3090057373047,10454200
2017-01-04,174.23086547851562,175.6136474609375,173.4011993408203,175.52146911621094,12378814
2017-01-05,178.19485473632812,179.02452087402344,175.7980194091797,176.0745849609375,22284386
2017-01-06,179.85418701171875,181.42135620117188,179.48544311523438,180.8682403564453,21779703
2017-01-09,180.31512451171875,181.51353454589844,179.94638061523438,181.32916259765625,14758563
2017-01-10,182.527572631836,182.527572631836,180.7760467529297,182.066650390625,16953594
2017-01-11,185.10877990722656,185.6618804931641,183.17288208007807,184.3712921142578,22458865
2017-01-12,183.2650604248047,185.29315185546875,181.2369842529297,185.29315185546875,17749483
2017-01-13,184.0947265625,184.5556640625,183.17288208007807,183.44943237304688,11016828
2017-01-16,181.32916259765625,184.0947265625,180.68386840820312,184.0947265625,12583601
2017-01-17,182.2510223388672,184.2790985107422,182.066650390625,184.2790985107422,9595424
2017-01-18,184.0947265625,184.1869201660156,182.527572631836,183.0806884765625,11891661
2017-01-19,183.9103546142578,184.9244079589844,182.8041381835937,184.9244079589844,10483465
2017-01-20,182.2510223388672,183.81817626953125,182.2510223388672,183.44943237304688,8338310
2017-01-23,182.3432006835937,183.7259826660156,181.0526123046875,181.0526123046875,7657806
2017-01-24,182.3432006835937,183.3572540283203,181.51353454589844,183.3572540283203,9573478
2017-01-25,185.10877990722656,185.29315185546875,183.63380432128903,185.29315185546875,18459705
2017-01-26,188.98057556152344,189.3493194580078,186.03062438964844,186.583740234375,22821208
2017-01-27,188.42745971679688,189.53369140625,188.2430877685547,189.53369140625,9456348
2017-02-01,190.45553588867188,190.6399078369141,185.10877990722656,186.21499633789065,21146725
2017-02-02,189.1649475097656,192.1148834228516,188.42745971679688,190.82427978515625,15452583
2017-02-03,188.98057556152344,190.2711639404297,186.583740234375,189.3493194580078,13587294
2017-02-06,191.19302368164065,191.19302368164065,188.42745971679688,190.2711639404297,10028450
2017-02-07,189.3493194580078,191.19302368164065,188.42745971679688,189.9024353027344,12519260
2017-02-08,188.0587158203125,189.1649475097656,186.583740234375,188.42745971679688,17332490
2017-02-09,188.2430877685547,190.82427978515625,188.2430877685547,189.53369140625,14066435
2017-02-10,186.7681121826172,189.9024353027344,186.583740234375,189.3493194580078,14466217
2017-02-13,187.68997192382807,188.98057556152344,187.1368560791016,187.1368560791016,12441965
2017-02-14,186.9524841308593,187.8743438720703,186.9524841308593,187.3212280273437,12736486
2017-02-15,190.45553588867188,191.561767578125,186.3993682861328,186.3993682861328,22745353
2017-02-16,195.43356323242188,196.3554229736328,191.7461395263672,193.58985900878903,33253023
2017-02-17,195.6179351806641,198.1991424560547,195.2491912841797,196.9085388183593,20148019
2017-02-20,197.2772827148437,198.38351440429688,195.98667907714844,196.539794921875,15608270
2017-02-21,194.5117034912109,198.0147705078125,193.58985900878903,196.9085388183593,16247877
2017-02-22,198.1991424560547,198.1991424560547,195.43356323242188,195.43356323242188,15493226
2017-02-23,198.0147705078125,199.4897308349609,197.2772827148437,198.7522430419922,17061291
2017-02-24,194.69607543945312,197.461654663086,194.69607543945312,196.7241668701172,18684532
2017-02-27,193.77423095703125,196.9085388183593,193.2211151123047,194.5117034912109,15340167
2017-02-28,190.82427978515625,195.0648193359375,190.82427978515625,194.32733154296875,17749230
2017-03-01,190.6399078369141,191.19302368164065,188.98057556152344,190.82427978515625,20775341
2017-03-02,190.2711639404297,194.5117034912109,190.2711639404297,194.1429748535156,17148829
2017-03-03,191.00865173339844,192.483627319336,188.2430877685547,189.9024353027344,17609661
2017-03-06,192.8523712158203,193.95860290527344,190.45553588867188,190.45553588867188,12336315
2017-03-07,195.2491912841797,195.98667907714844,192.483627319336,192.483627319336,13067498
2017-03-08,195.6179351806641,195.98667907714844,193.77423095703125,193.77423095703125,11776159
2017-03-09,193.40548706054688,196.3554229736328,192.8523712158203,196.3554229736328,15321112
2017-03-10,195.80230712890625,196.17105102539065,192.8523712158203,193.0367431640625,17222422
2017-03-13,198.56788635253903,198.9366149902344,196.17105102539065,196.3554229736328,21709182
2017-03-14,197.8303985595703,199.12098693847656,197.0929107666016,199.12098693847656,16385056
2017-03-15,197.8303985595703,198.7522430419922,196.3554229736328,196.3554229736328,11648919
2017-03-16,203.5458984375,203.5458984375,199.30535888671875,200.5959625244141,29472454
2017-03-17,204.65213012695312,205.38961791992188,203.5458984375,204.8365020751953,23985074
2017-03-20,210.36764526367188,210.36764526367188,204.4677581787109,204.65213012695312,26574247
2017-03-21,210.92076110839844,211.8426055908203,206.3114776611328,210.1832733154297,30756406
2017-03-22,207.60206604003903,209.26141357421875,205.94273376464844,206.495849609375,26936128
2017-03-23,205.5739898681641,206.12710571289065,201.14907836914065,204.4677581787109,43016288
2017-03-24,207.60206604003903,207.78643798828125,205.0208740234375,205.75836181640625,18015721
2017-03-27,207.2333221435547,210.5520172119141,205.94273376464844,207.60206604003903,22354447
2017-03-28,208.3395538330078,209.26141357421875,207.2333221435547,209.26141357421875,15634696
2017-03-29,210.1832733154297,212.2113494873047,208.8926696777344,212.0269775390625,17493457
2017-03-30,207.60206604003903,211.2895050048828,207.60206604003903,211.2895050048828,18862139
2017-03-31,205.38961791992188,208.7082977294922,205.2052459716797,207.78643798828125,17483197
2017-04-03,207.60206604003903,208.3395538330078,205.0208740234375,208.3395538330078,14147961
2017-04-05,210.92076110839844,210.92076110839844,208.52392578125,210.1832733154297,23403510
2017-04-06,210.1832733154297,210.92076110839844,208.7082977294922,209.9989013671875,12139873
2017-04-07,209.4457855224609,210.36764526367188,206.6802215576172,210.1832733154297,16193589
2017-04-10,208.7082977294922,210.5520172119141,207.78643798828125,210.1832733154297,8113207
2017-04-11,207.41769409179688,210.1832733154297,206.6802215576172,210.1832733154297,10247714
2017-04-12,212.94883728027344,212.94883728027344,207.60206604003903,207.78643798828125,17074748
2017-04-13,212.58009338378903,215.5300445556641,210.92076110839844,211.65823364257807,22411276
2017-04-18,210.1832733154297,213.6863250732422,210.1832733154297,212.94883728027344,16069034
2017-04-19,212.2113494873047,213.3175811767578,210.1832733154297,210.1832733154297,18015803
2017-04-20,218.1112365722656,218.1112365722656,213.501953125,214.4238128662109,23213880
2017-04-21,217.92686462402344,220.8768005371093,215.5300445556641,219.03309631347656,18430378
2017-04-24,219.4018402099609,221.2455444335937,218.1112365722656,221.2455444335937,15781864
2017-04-25,223.8267517089844,223.8267517089844,218.6643524169922,220.13931274414065,20382474
2017-04-26,222.72052001953125,225.486083984375,221.61428833007807,224.74859619140625,22354166
2017-04-27,225.486083984375,225.8548278808593,220.6924285888672,223.2736358642578,18763024
2017-04-28,224.37985229492188,225.6704559326172,223.4580078125,225.6704559326172,14589619
2017-05-02,228.9891357421875,228.9891357421875,225.6704559326172,225.8548278808593,21024042
2017-05-04,224.74859619140625,228.2516632080078,223.8267517089844,228.2516632080078,25669932
2017-05-05,224.74859619140625,224.93296813964844,222.90489196777344,224.19549560546875,16164693
2017-05-08,225.6704559326172,227.88291931152344,224.37985229492188,227.88291931152344,20945524
2017-05-09,231.2015991210937,231.2015991210937,226.407943725586,228.62039184570312,21347685
2017-05-10,230.8328552246093,235.442138671875,229.72662353515625,232.30783081054688,32093525
2017-05-11,234.70465087890625,235.07339477539065,229.91099548339844,230.09536743164065,22014222
2017-05-12,238.02333068847656,238.9451904296875,235.2577667236328,236.1796264648437,28045749
2017-05-15,238.7608184814453,240.2357940673828,237.6545867919922,239.31393432617188,23393487
2017-05-16,238.57644653320312,241.1576538085937,236.1796264648437,241.1576538085937,24895556
2017-05-17,239.4983062744141,240.7889099121093,238.02333068847656,240.420166015625,19532075
2017-05-18,243.3701019287109,250.1918334960937,236.9171142578125,236.9171142578125,58620075
2017-05-19,247.42626953125,250.0074615478516,244.4763336181641,245.2138214111328,31780317
2017-05-22,253.8792724609375,255.1698608398437,249.26998901367188,250.376205444336,29457838
2017-05-23,253.6949005126953,258.67291259765625,250.56057739257807,257.19793701171875,37915344
2017-05-24,252.2199249267578,254.2480010986328,247.97938537597656,254.0636444091797,25105604
2017-05-25,255.53860473632807,255.53860473632807,252.0355529785156,252.0355529785156,19587660
2017-05-26,256.2760925292969,257.19793701171875,253.8792724609375,254.0636444091797,18247355
2017-05-29,253.3261566162109,256.46044921875,252.5886688232422,256.2760925292969,18197484
2017-05-31,246.68878173828125,255.354232788086,246.50440979003903,253.3261566162109,40352679
2017-06-01,250.0074615478516,251.48243713378903,242.2638702392578,246.1356658935547,34581882
2017-06-02,248.9012451171875,254.0636444091797,248.3481292724609,254.0636444091797,19589733
2017-06-05,250.376205444336,252.2199249267578,247.97938537597656,250.56057739257807,13521143
2017-06-06,252.2199249267578,252.404296875,250.376205444336,250.9293212890625,13436828
2017-06-07,251.48243713378903,254.0636444091797,249.63873291015625,253.14178466796875,14193394
2017-06-08,252.0355529785156,252.95741271972656,250.1918334960937,251.48243713378903,16265348
2017-06-09,255.7229766845703,261.2541198730469,254.6167449951172,256.0917358398437,75048140
2017-06-12,249.4543609619141,253.3261566162109,248.3481292724609,250.0074615478516,41243305
2017-06-13,251.1136932373047,252.2199249267578,249.8230895996093,252.2199249267578,24953487
2017-06-14,255.7229766845703,255.7229766845703,251.66680908203125,252.5886688232422,24527007
2017-06-15,251.66680908203125,255.354232788086,251.66680908203125,255.354232788086,19765217
2017-06-16,251.29806518554688,254.8011169433593,251.29806518554688,251.48243713378903,22701303
2017-06-19,257.0135803222656,257.19793701171875,252.7730407714844,253.3261566162109,18401489
2017-06-20,258.11981201171875,261.62286376953125,257.38232421875,260.70098876953125,17473874
2017-06-21,257.38232421875,259.59478759765625,255.354232788086,258.3041687011719,17917266
2017-06-22,259.59478759765625,261.62286376953125,258.4885559082031,260.5166320800781,16894090
2017-06-23,258.3041687011719,260.70098876953125,258.3041687011719,260.5166320800781,13845405
2017-06-26,261.8072204589844,262.7290954589844,258.8572998046875,259.0416564941406,17850325
2017-06-27,265.4946594238281,265.8634033203125,260.70098876953125,262.3603515625,21733077
2017-06-28,260.70098876953125,264.57281494140625,259.9635314941406,261.8072204589844,27530360
2017-06-29,261.8072204589844,264.7571716308594,260.5166320800781,264.57281494140625,17264372
2017-06-30,257.38232421875,258.67291259765625,255.7229766845703,257.19793701171875,22691044
2017-07-03,258.8572998046875,258.8572998046875,256.0917358398437,256.64483642578125,14080981
2017-07-04,248.16375732421875,257.38232421875,245.5825653076172,257.0135803222656,42328853
2017-07-05,249.8230895996093,252.0355529785156,240.05142211914065,245.7669219970703,48238652
2017-07-06,250.56057739257807,253.51052856445312,250.0074615478516,253.14178466796875,18328237
2017-07-07,247.97938537597656,249.4543609619141,246.1356658935547,246.87315368652344,19581469
2017-07-10,250.376205444336,250.7449493408203,248.3481292724609,248.9012451171875,14142307
2017-07-11,256.64483642578125,257.19793701171875,252.404296875,252.404296875,20477200
2017-07-12,259.2260437011719,261.0697326660156,257.19793701171875,257.7510681152344,16704154
2017-07-13,262.17596435546875,264.0196838378906,260.5166320800781,263.2821960449219,20494348
2017-07-14,262.5447082519531,263.09783935546875,260.332275390625,262.7290954589844,12881086
2017-07-17,262.7290954589844,266.2321472167969,261.9916076660156,265.4946594238281,15525344
2017-07-18,264.388427734375,264.9415283203125,262.9134521484375,264.2040710449219,12337832
2017-07-19,274.7132263183594,275.4507141113281,266.2321472167969,267.15399169921875,30782460
2017-07-20,273.7913513183594,276.55694580078125,272.8695068359375,276.37255859375,17355113
2017-07-21,273.7913513183594,277.11004638671875,271.9476623535156,274.7132263183594,12553464
2017-07-24,278.58502197265625,279.1381225585937,273.9757385253906,274.7132263183594,16898345
2017-07-25,278.0318908691406,280.9818420410156,278.0318908691406,278.7693786621094,19891833
2017-07-26,277.4787902832031,279.8756103515625,274.7132263183594,279.322509765625,16750289
2017-07-27,284.300537109375,284.4848937988281,278.0318908691406,279.322509765625,18776476
2017-07-28,280.9818420410156,283.378662109375,279.322509765625,280.7974853515625,24146507
2017-07-31,288.9098205566406,289.8316650390625,281.53497314453125,281.53497314453125,23440874
2017-08-01,289.8316650390625,292.59722900390625,284.8536376953125,284.8536376953125,22560090
2017-08-02,288.1723327636719,292.9659729003906,287.4348449707031,290.3847961425781,20054571
2017-08-03,284.4848937988281,288.1723327636719,283.9317932128906,286.5129699707031,25460876
2017-08-04,287.06610107421875,290.7535095214844,285.59112548828125,286.8817138671875,18677420
2017-08-07,295.54718017578125,296.28466796875,290.3847961425781,290.7535095214844,23101541
2017-08-08,302.9220275878906,302.9220275878906,294.9940490722656,295.36279296875,24701709
2017-08-09,304.3970031738281,306.97821044921875,300.52520751953125,300.52520751953125,28263945
2017-08-10,301.07830810546875,304.58135986328125,297.57525634765625,302.3689270019531,29923947
2017-08-11,286.32861328125,294.256591796875,285.9598693847656,289.4629211425781,62556302
2017-08-14,298.6814880371094,299.4189758300781,289.4629211425781,289.4629211425781,33255457
2017-08-15,293.8878479003906,304.58135986328125,293.8878479003906,302.3689270019531,25954301
2017-08-16,297.9440002441406,299.2345886230469,294.4409484863281,294.4409484863281,25592632
2017-08-17,303.6595153808594,314.3530578613281,303.6595153808594,313.7999267578125,48084270
2017-08-18,300.3408203125,303.6595153808594,298.312744140625,299.2345886230469,26268279
2017-08-21,300.52520751953125,304.58135986328125,300.52520751953125,304.2126159667969,16931061
2017-08-22,298.6814880371094,303.4751281738281,298.6814880371094,302.3689270019531,15958695
2017-08-23,298.6814880371094,298.6814880371094,298.6814880371094,298.6814880371094,0
2017-08-24,301.8157958984375,306.97821044921875,299.7877197265625,306.97821044921875,25415855
2017-08-25,302.7376708984375,303.290771484375,297.3908996582031,303.290771484375,21618899
2017-08-28,297.7596435546875,303.290771484375,296.28466796875,301.4470520019531,24237366
2017-08-29,294.8096923828125,296.8377685546875,290.0160522460937,295.1784362792969,24089503
2017-08-30,301.07830810546875,302.00018310546875,297.7596435546875,300.1564636230469,19126096
2017-08-31,303.290771484375,304.58135986328125,301.07830810546875,301.07830810546875,18785051
2017-09-01,300.7095642089844,306.24072265625,300.7095642089844,305.8719787597656,25442935
2017-09-04,296.8377685546875,300.52520751953125,296.28466796875,299.60333251953125,16837199
2017-09-05,296.6534118652344,300.52520751953125,296.10028076171875,297.9440002441406,15008868
2017-09-06,298.8658752441406,300.1564636230469,294.256591796875,295.7315368652344,18723440
2017-09-07,295.54718017578125,301.2626953125,295.36279296875,301.07830810546875,17591503
2017-09-08,296.6534118652344,298.6814880371094,296.28466796875,297.9440002441406,11756603
2017-09-11,304.9501037597656,304.9501037597656,297.02215576171875,297.57525634765625,25870476
2017-09-12,306.97821044921875,309.0062866210937,304.58135986328125,308.8218994140625,16566521
2017-09-13,307.9000549316406,308.8218994140625,304.7657470703125,308.8218994140625,16057743
2017-09-14,310.6656188964844,312.8780822753906,307.7156677246094,308.8218994140625,20670691
2017-09-15,312.324951171875,313.9843139648437,308.0844116210937,310.6656188964844,26654363
2017-09-18,318.9623413085937,318.9623413085937,314.3530578613281,314.3530578613281,19950732
2017-09-19,317.302978515625,322.281005859375,316.56549072265625,321.1747741699219,23805992
2017-09-20,319.3310852050781,320.2529296875,316.1967468261719,316.1967468261719,14833293
2017-09-21,320.0685729980469,321.1747741699219,317.48736572265625,318.0404663085937,16155790
2017-09-22,319.1466979980469,320.0685729980469,316.3811340332031,317.1186218261719,15571399
2017-09-25,314.9061584472656,318.7779541015625,313.7999267578125,318.224853515625,24220766
2017-09-26,311.21875,312.6936950683594,302.9220275878906,304.2126159667969,37668011
2017-09-27,311.9562072753906,314.9061584472656,310.6656188964844,311.21875,14667760
2017-09-28,306.97821044921875,313.9843139648437,306.97821044921875,311.9562072753906,18758486
2017-09-29,309.9281311035156,311.03436279296875,307.1625671386719,308.4531555175781,13951342
2017-10-03,319.6998291015625,319.6998291015625,314.9061584472656,318.5935974121094,20087465
2017-10-04,322.0966491699219,323.5716247558594,320.8060302734375,321.1747741699219,12701200
2017-10-06,324.49346923828125,325.96844482421875,322.8341369628906,325.7840576171875,14487329
2017-10-09,321.7279052734375,325.4153137207031,321.3591613769531,324.49346923828125,14596485
2017-10-10,323.7559814453125,325.04656982421875,322.46539306640625,323.3872375488281,11740624
2017-10-11,324.1247253417969,325.04656982421875,322.0966491699219,323.7559814453125,19137854
2017-10-12,322.8341369628906,326.1528015136719,322.8341369628906,324.49346923828125,16134876
2017-10-13,321.9122619628906,322.8341369628906,319.3310852050781,320.0685729980469,22702392
2017-10-16,327.8121643066406,327.8121643066406,323.0184936523437,324.49346923828125,19079428
2017-10-17,327.0746765136719,328.5496520996094,325.4153137207031,328.5496520996094,13977610
2017-10-18,326.8902893066406,327.0746765136719,322.281005859375,322.281005859375,12989368
2017-10-19,319.1466979980469,328.5496520996094,318.5935974121094,328.3652648925781,23449818
2017-10-20,322.281005859375,323.202880859375,320.8060302734375,320.8060302734375,15533718
2017-10-23,321.3591613769531,324.1247253417969,320.2529296875,324.1247253417969,10595815
2017-10-24,320.2529296875,322.281005859375,318.4092102050781,320.0685729980469,16724078
2017-10-25,324.49346923828125,325.04656982421875,320.8060302734375,320.99041748046875,14090958
2017-10-26,319.8841857910156,323.202880859375,319.3310852050781,321.54351806640625,17168477
2017-10-27,320.6216735839844,321.3591613769531,319.3310852050781,320.8060302734375,17531746
2017-10-30,322.281005859375,325.4153137207031,321.7279052734375,325.4153137207031,17940781
2017-10-31,322.46539306640625,324.8622131347656,322.0966491699219,324.49346923828125,13783739
2017-11-01,331.8683166503906,332.237060546875,324.1247253417969,324.49346923828125,23893284
2017-11-02,333.52764892578125,336.1088562011719,329.6558532714844,332.6058044433594,19452048
2017-11-03,339.2431640625,339.6119079589844,335.18701171875,336.1088562011719,18034457
2017-11-06,347.5398864746094,349.93670654296875,336.1088562011719,340.7181396484375,27166292
2017-11-07,360.4458618164063,360.4458618164063,350.48980712890625,350.6741943359375,27754538
2017-11-08,355.46783447265625,367.4519653320313,352.5179138183594,356.9428100585937,47712226
2017-11-09,357.4959411621094,361.7364807128906,355.0990905761719,355.0990905761719,25933099
2017-11-10,355.2834777832031,360.2615051269531,353.43975830078125,353.43975830078125,18605940
2017-11-13,357.3115539550781,361.3677368164063,354.91473388671875,354.91473388671875,19163714
2017-11-14,357.6802978515625,363.21142578125,357.127197265625,363.21142578125,22230031
2017-11-15,353.0710144042969,357.6802978515625,353.0710144042969,353.8085021972656,25422987
2017-11-16,361.183349609375,363.0270690917969,353.9928894042969,357.8646850585937,35345748
2017-11-17,371.87689208984375,373.3518676757813,365.9770202636719,365.9770202636719,37470351
2017-11-20,387.1797180175781,387.1797180175781,373.7206115722656,373.7206115722656,38218249
2017-11-21,396.3982849121094,405.24810791015625,387.9172058105469,391.78900146484375,54746452
2017-11-22,393.4483337402344,403.7731323242188,391.2358703613281,402.8512573242188,42958794
2017-11-23,386.81097412109375,398.2419738769531,385.5203552246094,391.78900146484375,34728566
2017-11-24,383.3079223632813,390.86712646484375,382.2016906738281,386.073486328125,35873166
2017-11-27,379.2517395019531,384.4141540527344,377.9611511230469,383.4922790527344,27928747
2017-11-28,386.4422302246094,386.6265869140625,370.7706604003906,376.117431640625,42747219
2017-11-29,379.4361267089844,389.7608947753906,378.6986389160156,389.2077941894531,29368361
2017-11-30,366.89886474609375,373.7206115722656,366.89886474609375,367.6363525390625,60714160
2017-12-01,354.91473388671875,370.5863037109375,354.91473388671875,366.89886474609375,85727824
2017-12-04,358.0490417480469,366.7145080566406,347.7242431640625,353.9928894042969,50045677
2017-12-05,346.6180114746094,355.8365783691406,346.6180114746094,350.3054504394531,48151774
2017-12-06,337.39947509765625,351.5960388183594,336.6619873046875,345.6961669921875,63243335
2017-12-07,348.46173095703125,349.7523498535156,338.50567626953125,344.5899353027344,42558258
2017-12-08,363.21142578125,363.9489135742188,350.48980712890625,351.227294921875,44977163
2017-12-11,373.7206115722656,374.6424560546875,358.7865295410156,358.97088623046875,34730716
2017-12-12,362.4739685058594,378.6986389160156,360.8146057128906,375.1955871582031,35302834
2017-12-13,364.6864013671875,368.189453125,357.127197265625,364.13330078125,24550844
2017-12-14,366.161376953125,371.139404296875,361.92083740234375,369.6644287109375,18092294
2017-12-15,358.6021728515625,363.7645568847656,358.6021728515625,361.7364807128906,25167742
2017-12-18,363.3958129882813,367.4519653320313,358.6021728515625,363.5801696777344,21982724
2017-12-19,369.8488159179688,372.4299926757813,367.6363525390625,372.4299926757813,22898382
2017-12-20,366.34576416015625,369.111328125,365.7926330566406,367.4519653320313,14529489
2017-12-21,368.5581970214844,370.9550476074219,364.3176574707031,365.9770202636719,19993760
2017-12-22,374.08935546875,374.08935546875,369.4800720214844,372.2456359863281,17514744
2017-12-27,369.8488159179688,375.93304443359375,369.6644287109375,375.93304443359375,18094575
2017-12-28,376.3017883300781,376.3017883300781,370.7706604003906,372.4299926757813,12650617
2017-12-29,374.2737121582031,376.117431640625,371.87689208984375,376.117431640625,18008940
2018-01-02,385.151611328125,385.33599853515625,375.7486877441406,376.117431640625,26121751
2018-01-03,389.2077941894531,393.4483337402344,386.2578430175781,390.86712646484375,24711172
2018-01-04,398.0576171875,398.6107177734375,391.051513671875,393.6326904296875,30269938
2018-01-05,399.3482055664063,402.2981567382813,394.7389221191406,402.2981567382813,21650276
2018-01-08,404.32623291015625,404.8793640136719,399.9013366699219,402.11376953125,19520204
2018-01-09,409.1199035644531,411.5167236328125,404.6949768066406,406.5386962890625,26551332
2018-01-10,405.9855651855469,411.3323364257813,405.6168518066406,410.9635925292969,19533792
2018-01-11,395.84515380859375,403.7731323242188,395.84515380859375,401.9294128417969,29978406
2018-01-12,407.6449279785156,407.6449279785156,397.1357727050781,398.0576171875,20826398
2018-01-15,399.3482055664063,413.7291870117188,399.3482055664063,410.5948486328125,25377720
2018-01-16,409.4886474609375,410.041748046875,401.007568359375,401.9294128417969,22337706
2018-01-17,413.9135437011719,413.9135437011719,404.8793640136719,408.3824157714844,26988551
2018-01-18,412.8073120117188,418.5228271484375,410.041748046875,417.2322387695313,23643575
2018-01-19,417.0478515625,417.6009826660156,412.99169921875,416.8634948730469,15999418
2018-01-22,424.053955078125,424.053955078125,415.2041320800781,419.4446716308594,21006422
2018-01-23,437.5130615234375,437.5130615234375,427.3726501464844,429.76947021484375,25895533
2018-01-24,432.3506774902344,437.3287048339844,430.3226013183594,436.9599609375,27042199
2018-01-25,422.2102661132813,431.6131896972656,422.2102661132813,429.76947021484375,30083239
2018-01-26,434.3787536621094,434.3787536621094,427.7413940429688,427.9257507324219,23878481
2018-01-29,434.74749755859375,439.3567810058594,429.953857421875,436.7755737304688,24412234
2018-01-30,425.71331787109375,432.9037780761719,425.1601867675781,427.00390625,24142240
2018-01-31,427.3726501464844,431.7975463867188,419.6290588378906,419.997802734375,29949603
2018-02-01,424.053955078125,430.3226013183594,424.053955078125,429.5851135253906,18570539
2018-02-02,417.0478515625,424.053955078125,415.75726318359375,423.1321105957031,26391074
2018-02-05,406.5386962890625,410.9635925292969,398.9794616699219,399.9013366699219,43815903
2018-02-06,377.9611511230469,392.1577453613281,375.37994384765625,389.9452819824219,94211751
2018-02-07,382.3860473632813,398.9794616699219,380.91107177734375,396.3982849121094,66226938
2018-02-08,387.3640747070313,390.86712646484375,381.6485595703125,386.073486328125,38441912
2018-02-09,375.5643310546875,378.8829956054688,366.89886474609375,371.5081481933594,75019011
2018-02-12,377.5924072265625,386.9953308105469,377.5924072265625,380.5423278808594,36723678
2018-02-13,389.3921508789063,392.3421020507813,385.33599853515625,386.4422302246094,25714553
2018-02-14,399.7169494628906,401.007568359375,393.07958984375,395.107666015625,24174326
2018-02-15,412.06982421875,412.06982421875,407.2761840820313,409.6730041503906,17741142
2018-02-20,410.9635925292969,417.6009826660156,410.041748046875,414.83538818359375,22218239
2018-02-21,422.2102661132813,422.2102661132813,412.2542114257813,413.5447998046875,22134272
2018-02-22,411.5167236328125,419.6290588378906,411.5167236328125,419.4446716308594,24282571
2018-02-23,417.9697265625,419.075927734375,414.28228759765625,418.5228271484375,16262913
2018-02-26,417.6009826660156,421.2883911132813,413.3604431152344,420.3665466308594,23053641
2018-02-27,411.1479797363281,422.2102661132813,407.6449279785156,422.2102661132813,23874550
2018-02-28,398.4263610839844,405.6168518066406,397.3201293945313,404.6949768066406,35320126
2018-03-01,412.06982421875,412.4385681152344,394.5545654296875,396.3982849121094,29411827
2018-03-02,401.9294128417969,406.1699523925781,401.9294128417969,402.8512573242188,28086272
2018-03-05,391.78900146484375,405.24810791015625,391.78900146484375,401.9294128417969,26076395
2018-03-06,404.32623291015625,409.3042602539063,396.3982849121094,401.007568359375,26915822
2018-03-07,400.2700805664063,406.7230529785156,396.3982849121094,401.1919250488281,20888976
2018-03-08,408.3824157714844,409.3042602539063,403.7731323242188,405.6168518066406,18990363
2018-03-09,412.06982421875,413.1760559082031,410.2261047363281,410.2261047363281,14129179
2018-03-12,424.053955078125,424.053955078125,419.2603149414063,419.81341552734375,27675689
2018-03-13,426.6351623535156,426.6351623535156,420.1821594238281,424.053955078125,20069985
2018-03-14,427.3726501464844,427.5570068359375,418.1540832519531,421.6571350097656,24528534
2018-03-15,431.98193359375,433.27252197265625,422.2102661132813,423.31646728515625,26796560
2018-03-16,428.8476257324219,435.8537292480469,428.8476257324219,430.5069580078125,25924828
2018-03-19,425.71331787109375,433.6412658691406,425.71331787109375,428.6632385253906,17667618
2018-03-20,430.1382141113281,431.7975463867188,420.3665466308594,420.73529052734375,23814243
2018-03-21,426.4508056640625,438.4349365234375,424.6070861816406,435.3006286621094,30638140
2018-03-22,405.063720703125,423.1321105957031,404.32623291015625,416.3103637695313,77938719
2018-03-23,387.1797180175781,391.6046142578125,373.3518676757813,373.3518676757813,334582206
2018-03-26,393.2639465332031,397.3201293945313,380.173583984375,386.6265869140625,51309206
2018-03-27,398.4263610839844,404.32623291015625,396.5826416015625,401.1919250488281,46259026
2018-03-28,379.9892272949219,394.0014343261719,379.2517395019531,387.1797180175781,53115318
2018-03-29,377.5924072265625,384.4141540527344,373.5362243652344,381.6485595703125,44600676
2018-04-03,377.4080200195313,380.173583984375,369.2956848144531,372.9831237792969,35674302
2018-04-04,366.5301208496094,379.8048706054688,366.5301208496094,376.3017883300781,38901621
2018-04-06,374.08935546875,377.5924072265625,369.111328125,373.16748046875,28840000
2018-04-09,377.9611511230469,382.2016906738281,372.6143798828125,376.117431640625,23019594
2018-04-10,384.5985107421875,385.88909912109375,377.4080200195313,380.7267150878906,27752696
2018-04-11,386.81097412109375,392.3421020507813,384.5985107421875,388.1015625,25938299
2018-04-12,380.91107177734375,390.4983825683594,376.85491943359375,389.3921508789063,22350874
2018-04-13,376.117431640625,384.2297668457031,375.37994384765625,384.04541015625,21225866
2018-04-16,371.5081481933594,375.93304443359375,368.0050964355469,375.0111999511719,27012047
2018-04-17,366.161376953125,374.8268432617188,364.13330078125,371.6925048828125,30822960
2018-04-18,368.7425842285156,373.3518676757813,362.6583251953125,372.6143798828125,30504862
2018-04-19,374.08935546875,375.37994384765625,369.2956848144531,372.4299926757813,23661354
2018-04-20,368.9269409179688,375.0111999511719,367.2676086425781,374.2737121582031,19643810
2018-04-23,363.21142578125,368.9269409179688,362.84271240234375,366.5301208496094,20954440
2018-04-24,365.6082763671875,368.189453125,363.3958129882813,365.6082763671875,15752695
2018-04-25,356.5740661621094,362.2895812988281,354.7303466796875,360.2615051269531,37775560
2018-04-26,352.3335266113281,360.0771179199219,347.7242431640625,357.6802978515625,37924776
2018-04-27,358.0490417480469,360.2615051269531,353.0710144042969,359.5240173339844,28688551
2018-04-30,360.4458618164063,362.84271240234375,358.7865295410156,361.7364807128906,13973113
2018-05-02,362.6583251953125,365.7926330566406,360.4458618164063,360.4458618164063,20831779
2018-05-03,354.91473388671875,360.0771179199219,354.36163330078125,358.97088623046875,25931462
2018-05-04,352.8866577148437,359.1552734375,352.149169921875,359.1552734375,20964183
2018-05-07,350.3054504394531,358.41778564453125,346.0649108886719,357.6802978515625,37171504
2018-05-08,360.0771179199219,362.84271240234375,352.149169921875,353.9928894042969,36224701
2018-05-09,363.7645568847656,365.7926330566406,360.0771179199219,364.13330078125,22713678
2018-05-10,374.4580993652344,374.8268432617188,366.89886474609375,367.8207092285156,33755045
2018-05-11,376.85491943359375,382.5704345703125,376.117431640625,379.8048706054688,26797340
2018-05-14,379.6204833984375,384.2297668457031,377.0392761230469,382.5704345703125,22599949
2018-05-15,366.89886474609375,380.3579711914063,366.89886474609375,379.6204833984375,35947209
2018-05-16,365.2395324707031,367.6363525390625,360.0771179199219,367.4519653320313,32123827
2018-05-17,378.8829956054688,391.051513671875,377.2236633300781,390.86712646484375,74955163
2018-05-18,378.8829956054688,382.5704345703125,376.117431640625,381.83294677734375,23222404
2018-05-21,376.117431640625,385.33599853515625,376.117431640625,384.04541015625,23257886
2018-05-23,375.1955871582031,382.0173034667969,375.1955871582031,380.5423278808594,26655153
2018-05-24,375.1955871582031,379.2517395019531,371.139404296875,378.8829956054688,18613513
2018-05-25,372.4299926757813,375.7486877441406,370.2175598144531,371.5081481933594,18172409
2018-05-28,373.5362243652344,375.7486877441406,369.8488159179688,375.7486877441406,14526461
2018-05-29,370.5863037109375,374.4580993652344,370.5863037109375,372.2456359863281,13160068
2018-05-30,364.13330078125,368.9269409179688,364.13330078125,368.9269409179688,25215859
2018-05-31,368.0050964355469,370.4019165039063,364.3176574707031,365.7926330566406,39887333
2018-06-01,372.4299926757813,372.4299926757813,367.083251953125,370.2175598144531,25117731
2018-06-04,382.5704345703125,382.5704345703125,376.85491943359375,380.7267150878906,33930802
2018-06-05,387.1797180175781,387.1797180175781,382.9391784667969,386.073486328125,28072883
2018-06-06,391.78900146484375,391.78900146484375,387.9172058105469,388.2859497070313,25186960
2018-06-07,395.6607971191406,397.8732299804688,392.5264892578125,397.3201293945313,26781445
2018-06-08,382.5704345703125,393.2639465332031,380.3579711914063,393.2639465332031,31380395
2018-06-11,386.2578430175781,388.1015625,383.12353515625,387.1797180175781,16793261
2018-06-12,384.7828674316406,389.3921508789063,383.6766662597656,387.5484619140625,13409569
2018-06-13,382.7547912597656,387.1797180175781,382.5704345703125,387.1797180175781,13245414
2018-06-14,379.8048706054688,384.9672546386719,376.6705322265625,384.9672546386719,19191130
2018-06-15,377.9611511230469,384.4141540527344,376.4861755371094,383.4922790527344,25145351
2018-06-19,365.7926330566406,377.9611511230469,364.3176574707031,377.9611511230469,37483293
2018-06-20,368.9269409179688,372.9831237792969,366.34576416015625,368.7425842285156,24910320
2018-06-21,365.7926330566406,373.3518676757813,365.2395324707031,372.7987365722656,21870491
2018-06-22,366.34576416015625,369.111328125,360.6302490234375,364.6864013671875,21877375
2018-06-25,358.41778564453125,366.7145080566406,358.0490417480469,364.13330078125,23526666
2018-06-26,355.8365783691406,359.89276123046875,350.3054504394531,353.9928894042969,32355415
2018-06-27,347.9086303710937,357.3115539550781,347.9086303710937,355.8365783691406,30462302
2018-06-28,349.38360595703125,352.5179138183594,344.22119140625,345.6961669921875,29845947
2018-06-29,363.0270690917969,363.0270690917969,350.3054504394531,350.3054504394531,30707020
2018-07-03,360.2615051269531,364.13330078125,351.7804260253906,364.13330078125,27813680
2018-07-04,353.0710144042969,360.2615051269531,351.9647827148437,358.7865295410156,16352811
2018-07-05,355.46783447265625,357.6802978515625,349.5679626464844,353.0710144042969,15169460
2018-07-06,356.38970947265625,358.7865295410156,350.6741943359375,356.7584533691406,19526861
2018-07-09,365.0551452636719,366.89886474609375,361.5520935058594,363.3958129882813,19930676
2018-07-10,356.5740661621094,366.89886474609375,356.0209655761719,365.0551452636719,29062432
2018-07-11,349.7523498535156,352.3335266113281,345.6961669921875,348.46173095703125,26593165
2018-07-12,350.3054504394531,354.7303466796875,347.3554992675781,348.46173095703125,16809758
2018-07-13,351.227294921875,356.5740661621094,350.3054504394531,356.5740661621094,13274208
2018-07-16,351.5960388183594,356.0209655761719,350.6741943359375,353.6241455078125,11972572
2018-07-17,346.43365478515625,350.8585510253906,345.6961669921875,350.3054504394531,16858980
2018-07-18,348.46173095703125,353.0710144042969,346.6180114746094,350.6741943359375,14319526
2018-07-19,346.249267578125,350.8585510253906,345.88055419921875,348.46173095703125,11377999
2018-07-20,347.171142578125,348.0929870605469,342.5618591308594,346.43365478515625,18527317
2018-07-23,342.0087280273437,348.0929870605469,340.3493957519531,348.0929870605469,21629587
2018-07-24,345.88055419921875,346.249267578125,342.7462158203125,344.7743225097656,22624575
2018-07-25,350.12109375,350.3054504394531,346.9867553710937,348.6461181640625,20286285
2018-07-26,345.5118103027344,352.8866577148437,341.45562744140625,351.9647827148437,24174597
2018-07-27,343.8524475097656,344.7743225097656,340.90252685546875,342.0087280273437,15688916
2018-07-30,338.50567626953125,341.8243713378906,333.3432922363281,341.0868835449219,27567692
2018-07-31,327.44342041015625,333.52764892578125,325.7840576171875,332.7901916503906,40113250
2018-08-01,327.259033203125,332.9745483398437,325.4153137207031,332.6058044433594,27888009
2018-08-02,318.0404663085937,326.7059326171875,313.7999267578125,325.23095703125,44233582
2018-08-03,322.46539306640625,326.8902893066406,319.51544189453125,320.99041748046875,32836725
2018-08-06,325.4153137207031,329.8402404785156,322.6497497558594,329.8402404785156,23264362
2018-08-07,329.1027526855469,330.3933410644531,321.3591613769531,327.259033203125,19668248
2018-08-08,335.5557556152344,337.9525756835937,332.42144775390625,337.9525756835937,27607026
2018-08-09,343.48370361328125,346.0649108886719,336.47760009765625,338.3213195800781,28883571
2018-08-10,341.0868835449219,346.249267578125,336.1088562011719,346.0649108886719,21180638
2018-08-13,332.7901916503906,336.1088562011719,332.0527038574219,334.6338806152344,18388373
2018-08-14,321.3591613769531,330.02459716796875,315.0905456542969,327.259033203125,43572370
2018-08-15,309.7437744140625,317.1186218261719,308.8218994140625,316.1967468261719,40449265
2018-08-16,300.3408203125,306.6094665527344,294.0722045898437,294.9940490722656,75116825
2018-08-17,310.6656188964844,312.324951171875,307.53131103515625,308.8218994140625,46318425
2018-08-20,323.3872375488281,324.8622131347656,315.6436462402344,316.3811340332031,37937774
2018-08-21,323.202880859375,327.259033203125,318.5935974121094,327.259033203125,24719082
2018-08-22,331.3152160644531,332.42144775390625,322.0966491699219,326.3371887207031,31393303
2018-08-23,330.94647216796875,334.8182678222656,326.3371887207031,334.6338806152344,21762519
2018-08-24,326.3371887207031,330.02459716796875,325.04656982421875,325.4153137207031,19032381
2018-08-27,332.7901916503906,332.7901916503906,328.3652648925781,331.3152160644531,15143111
2018-08-28,336.8463439941406,339.98065185546875,333.1589050292969,336.47760009765625,22317297
2018-08-29,332.6058044433594,337.39947509765625,329.8402404785156,336.47760009765625,17066346
2018-08-30,329.47149658203125,334.26513671875,327.6277770996094,332.9745483398437,13159722
2018-08-31,313.4311828613281,316.7498779296875,311.5874938964844,313.0624389648437,55914177
2018-09-03,306.7938232421875,309.0062866210937,302.9220275878906,307.3469543457031,30018660
2018-09-04,312.1405944824219,314.3530578613281,303.290771484375,303.4751281738281,19553594
2018-09-05,299.4189758300781,307.3469543457031,297.9440002441406,306.24072265625,34147860
2018-09-06,290.0160522460937,297.57525634765625,287.61920166015625,291.306640625,48041591
2018-09-07,292.04412841796875,294.6253356933594,285.4067687988281,288.7254333496094,43323499
2018-09-10,289.0941772460937,296.8377685546875,287.4348449707031,293.8878479003906,26953805
2018-09-11,283.9317932128906,289.4629211425781,283.1943054199219,289.0941772460937,32512854
2018-09-12,284.300537109375,287.9879455566406,281.3505859375,287.61920166015625,25480902
2018-09-13,298.49713134765625,298.49713134765625,289.4629211425781,290.2004089355469,33450124
2018-09-14,304.2126159667969,305.8719787597656,302.3689270019531,304.2126159667969,28668756
2018-09-17,294.256591796875,300.52520751953125,293.7034606933594,299.60333251953125,20462553
2018-09-18,293.1503601074219,298.1283874511719,286.6973571777344,290.3847961425781,26558229
2018-09-19,296.4690246582031,301.2626953125,294.256591796875,294.9940490722656,22535337
2018-09-20,298.8658752441406,303.290771484375,296.10028076171875,303.290771484375,21121988
2018-09-21,308.268798828125,308.268798828125,300.52520751953125,302.00018310546875,32676510
2018-09-24,302.1845397949219,306.4250793457031,300.52520751953125,306.24072265625,20109124
2018-09-26,304.2126159667969,306.6094665527344,302.3689270019531,305.50323486328125,25077781
2018-09-27,299.9720764160156,307.1625671386719,296.6534118652344,307.1625671386719,21665840
2018-09-28,297.9440002441406,302.00018310546875,296.10028076171875,302.00018310546875,17812750
2018-10-02,292.2284851074219,299.60333251953125,290.3847961425781,299.60333251953125,23564066
2018-10-03,291.306640625,294.6253356933594,288.54107666015625,288.54107666015625,14258172
2018-10-04,284.300537109375,290.7535095214844,283.0099182128906,290.7535095214844,24352176
2018-10-05,281.1662292480469,283.7474060058594,278.7693786621094,281.1662292480469,23189729
2018-10-08,275.63507080078125,282.8255615234375,275.63507080078125,281.9037170410156,24100553
2018-10-09,270.8414306640625,277.8475341796875,270.8414306640625,276.55694580078125,28311377
2018-10-10,264.0196838378906,273.60699462890625,263.2821960449219,271.0257873535156,36123542
2018-10-11,246.1356658935547,253.14178466796875,244.29196166992188,252.5886688232422,73358536
2018-10-12,265.8634033203125,266.9696350097656,251.66680908203125,255.354232788086,59029000
2018-10-15,260.70098876953125,268.8133544921875,256.2760925292969,268.8133544921875,29927384
2018-10-16,259.410400390625,261.62286376953125,251.85118103027344,261.0697326660156,27240172
2018-10-18,259.0416564941406,263.65093994140625,252.0355529785156,263.65093994140625,23845891
2018-10-19,259.9635314941406,263.8353271484375,252.0355529785156,253.6949005126953,27370265
2018-10-22,268.4446105957031,270.8414306640625,258.67291259765625,259.9635314941406,30639884
2018-10-23,256.0917358398437,270.1039428710937,255.354232788086,270.1039428710937,33585376
2018-10-24,254.2480010986328,262.5447082519531,250.7449493408203,260.5166320800781,28615902
2018-10-25,247.97938537597656,248.9012451171875,244.29196166992188,245.9512939453125,33749187
2018-10-26,239.68267822265625,248.7168731689453,239.1295623779297,247.97938537597656,28619919
2018-10-29,239.68267822265625,243.9232177734375,235.07339477539065,243.9232177734375,26055771
2018-10-30,232.49220275878903,237.8389587402344,231.7547149658203,235.9952545166016,31984176
2018-10-31,246.1356658935547,246.1356658935547,236.54837036132807,237.1014709472656,37270582
2018-11-01,256.0917358398437,261.0697326660156,250.1918334960937,253.51052856445312,44557493
2018-11-02,279.8756103515625,280.0599975585937,266.7852478027344,271.9476623535156,72584446
2018-11-05,269.5508117675781,273.2382507324219,264.388427734375,271.57891845703125,29528140
2018-11-06,269.1820678710937,271.7632751464844,263.65093994140625,271.7632751464844,25313514
2018-11-07,270.4726867675781,278.2162780761719,263.65093994140625,270.4726867675781,27906754
2018-11-08,270.65704345703125,278.0318908691406,269.1820678710937,277.4787902832031,33244164
2018-11-09,257.38232421875,265.1259155273437,256.46044921875,265.1259155273437,31202736
2018-11-12,249.4543609619141,255.1698608398437,248.9012451171875,253.8792724609375,29613399
2018-11-13,252.95741271972656,253.8792724609375,239.68267822265625,241.52638244628903,36303890
2018-11-14,250.9293212890625,254.9854888916016,249.0856170654297,254.432373046875,23143505
2018-11-15,265.4946594238281,266.2321472167969,255.9073486328125,261.8072204589844,49925846
2018-11-16,267.7071228027344,268.62896728515625,263.4665832519531,267.33837890625,28117523
2018-11-19,268.4446105957031,271.7632751464844,266.7852478027344,270.1039428710937,19570083
2018-11-20,259.59478759765625,262.7290954589844,258.8572998046875,261.9916076660156,18507857
2018-11-21,266.9696350097656,268.62896728515625,255.354232788086,255.7229766845703,24253102
2018-11-22,271.9476623535156,274.344482421875,267.8914794921875,272.13201904296875,21651394
2018-11-23,268.4446105957031,271.57891845703125,264.9415283203125,270.1039428710937,13034339
2018-11-26,274.7132263183594,275.2663269042969,268.9977111816406,270.1039428710937,16446064
2018-11-27,280.0599975585937,280.0599975585937,273.2382507324219,276.0038146972656,29682632
2018-11-28,290.2004089355469,290.3847961425781,280.9818420410156,283.0099182128906,37299460
2018-11-29,287.61920166015625,295.7315368652344,285.0380249023437,294.9940490722656,41315963
2018-11-30,287.61920166015625,290.3847961425781,284.300537109375,288.356689453125,25128091
2018-12-03,299.4189758300781,302.55328369140625,294.9940490722656,302.3689270019531,38123060
2018-12-04,302.7376708984375,302.7376708984375,295.1784362792969,300.7095642089844,27362775
2018-12-05,295.9159240722656,298.49713134765625,291.306640625,293.1503601074219,28211224
2018-12-06,280.4287414550781,292.04412841796875,280.0599975585937,287.8035888671875,34131290
2018-12-07,286.32861328125,289.278564453125,280.9818420410156,280.9818420410156,33594850
2018-12-10,283.9317932128906,284.8536376953125,279.8756103515625,280.4287414550781,18952846
2018-12-11,286.8817138671875,289.0941772460937,284.1161499023437,285.59112548828125,18498264
2018-12-12,292.04412841796875,293.8878479003906,290.0160522460937,291.306640625,17418811
2018-12-13,293.7034606933594,295.7315368652344,292.04412841796875,293.1503601074219,15331777
2018-12-14,284.6692810058594,287.9879455566406,283.7474060058594,286.8817138671875,18486131
2018-12-17,284.6692810058594,286.5129699707031,281.53497314453125,286.5129699707031,14960163
2018-12-18,279.1381225585937,281.7193298339844,276.7413024902344,278.7693786621094,20361218
2018-12-19,279.322509765625,280.9818420410156,277.29443359375,277.4787902832031,15909721
2018-12-20,278.0318908691406,281.1662292480469,276.1882019042969,276.7413024902344,17671194
2018-12-21,290.56915283203125,293.7034606933594,273.7913513183594,274.8975830078125,45157148
2018-12-24,286.32861328125,290.56915283203125,284.4848937988281,290.56915283203125,15815743
2018-12-27,285.4067687988281,292.04412841796875,283.0099182128906,287.61920166015625,19141960
2018-12-28,285.7755126953125,288.356689453125,284.300537109375,286.6973571777344,12520377
2018-12-31,289.4629211425781,292.4128723144531,285.7755126953125,285.7755126953125,10730359
2019-01-02,282.64117431640625,290.3847961425781,282.2724304199219,290.3847961425781,17053953
2019-01-03,281.1662292480469,285.2223815917969,279.1381225585937,280.2443542480469,17811920
2019-01-04,286.32861328125,286.6973571777344,276.9256896972656,276.9256896972656,20967532
2019-01-07,292.7816162109375,293.8878479003906,289.0941772460937,293.1503601074219,27000908
2019-01-08,290.9378967285156,293.7034606933594,287.61920166015625,293.1503601074219,17643666
2019-01-09,302.00018310546875,302.00018310546875,294.4409484863281,294.8096923828125,34580860
2019-01-10,303.290771484375,304.0282592773437,297.9440002441406,303.290771484375,27019402
2019-01-11,305.31884765625,308.4531555175781,303.4751281738281,304.9501037597656,21852875
2019-01-14,296.6534118652344,303.8438720703125,295.1784362792969,303.8438720703125,20585897
2019-01-15,304.2126159667969,304.9501037597656,297.9440002441406,299.60333251953125,18390886
2019-01-16,305.1344909667969,305.1344909667969,299.7877197265625,304.2126159667969,17781729
2019-01-17,305.31884765625,311.5874938964844,304.7657470703125,308.8218994140625,25110293
2019-01-18,310.6656188964844,311.4031066894531,307.7156677246094,308.8218994140625,16983991
2019-01-21,313.4311828613281,317.48736572265625,309.9281311035156,311.5874938964844,20678907
2019-01-22,309.55938720703125,315.27490234375,304.9501037597656,315.27490234375,22822617
2019-01-23,307.1625671386719,309.3750305175781,304.7657470703125,304.7657470703125,17802099
2019-01-24,304.3970031738281,306.97821044921875,301.2626953125,306.24072265625,18564119
2019-01-25,316.9342346191406,316.9342346191406,307.3469543457031,308.8218994140625,34208087
2019-01-28,314.9061584472656,321.7279052734375,313.7999267578125,317.48736572265625,24126816
2019-01-29,315.6436462402344,316.01239013671875,310.48126220703125,312.6936950683594,17137986
2019-01-30,317.302978515625,317.302978515625,312.50933837890625,315.27490234375,14197935
2019-01-31,318.9623413085937,323.5716247558594,318.224853515625,322.46539306640625,26238800
2019-02-01,320.8060302734375,324.49346923828125,318.4092102050781,324.49346923828125,15157159
2019-02-04,320.4372863769531,321.7279052734375,317.8561096191406,321.7279052734375,6351813
2019-02-08,318.5935974121094,320.2529296875,311.5874938964844,316.3811340332031,16166809
2019-02-11,324.49346923828125,325.23095703125,316.9342346191406,318.9623413085937,18821575
2019-02-12,323.9403686523437,325.4153137207031,320.99041748046875,323.3872375488281,16277037
2019-02-13,320.6216735839844,323.0184936523437,318.4092102050781,321.9122619628906,24819505
2019-02-14,315.0905456542969,318.7779541015625,313.9843139648437,318.5935974121094,20908615
2019-02-15,307.7156677246094,313.4311828613281,305.31884765625,311.5874938964844,20128324
2019-02-18,313.246826171875,314.7218017578125,308.8218994140625,308.8218994140625,13060793
2019-02-19,310.48126220703125,316.9342346191406,310.48126220703125,315.0905456542969,10098735
2019-02-20,314.3530578613281,317.302978515625,308.6375427246094,313.4311828613281,18552172
2019-02-21,316.3811340332031,316.9342346191406,312.324951171875,312.50933837890625,12803109
2019-02-22,317.1186218261719,317.1186218261719,311.7718505859375,311.9562072753906,14911161
2019-02-25,316.9342346191406,321.54351806640625,314.9061584472656,320.8060302734375,18634296
2019-02-26,316.1967468261719,318.224853515625,313.246826171875,318.0404663085937,15000121
2019-02-27,313.6155700683594,317.8561096191406,312.50933837890625,316.1967468261719,17122656
2019-02-28,309.55938720703125,315.8280334472656,308.4531555175781,315.27490234375,20311185
2019-03-01,309.9281311035156,314.3530578613281,307.3469543457031,311.03436279296875,18448548
2019-03-04,319.6998291015625,321.3591613769531,308.8218994140625,310.6656188964844,31012446
2019-03-05,333.1589050292969,333.7120361328125,316.9342346191406,318.7779541015625,39727887
2019-03-06,333.7120361328125,341.0868835449219,331.1308288574219,336.6619873046875,32406203
2019-03-07,327.44342041015625,333.52764892578125,325.5997009277344,333.52764892578125,18734701
2019-03-08,319.8841857910156,324.1247253417969,316.3811340332031,320.8060302734375,28059348
2019-03-11,327.0746765136719,328.7340087890625,320.2529296875,322.6497497558594,19951686
2019-03-12,332.7901916503906,334.6338806152344,330.3933410644531,334.6338806152344,17771387
2019-03-13,330.3933410644531,332.42144775390625,328.180908203125,330.3933410644531,13147090
2019-03-14,329.6558532714844,332.42144775390625,328.3652648925781,330.3933410644531,13075137
2019-03-15,330.94647216796875,335.18701171875,329.287109375,330.5777282714844,17436386
2019-03-18,339.98065185546875,339.98065185546875,332.6058044433594,332.9745483398437,21134288
2019-03-19,341.0868835449219,341.0868835449219,337.5838317871094,338.6900634765625,16700116
2019-03-20,341.0868835449219,342.193115234375,338.3213195800781,340.5337829589844,17532642
2019-03-21,334.6338806152344,341.6400146484375,333.52764892578125,339.2431640625,22972059
2019-03-22,336.47760009765625,340.7181396484375,329.6558532714844,334.6338806152344,27573954
2019-03-25,326.1528015136719,328.3652648925781,324.3091125488281,325.23095703125,22617971
2019-03-26,323.9403686523437,328.180908203125,319.8841857910156,325.96844482421875,17602840
2019-03-27,326.8902893066406,330.02459716796875,322.6497497558594,322.6497497558594,14740764
2019-03-28,326.3371887207031,326.7059326171875,323.3872375488281,325.4153137207031,11904776
2019-03-29,332.7901916503906,333.52764892578125,326.3371887207031,328.180908203125,19095841
2019-04-01,336.47760009765625,339.2431640625,336.2932434082031,339.0588073730469,16053177
2019-04-02,337.39947509765625,341.0868835449219,336.8463439941406,341.0868835449219,14530522
2019-04-03,348.46173095703125,349.7523498535156,340.1650390625,342.9306030273437,30008550
2019-04-04,346.6180114746094,349.93670654296875,343.8524475097656,346.6180114746094,14865851
2019-04-08,350.48980712890625,351.7804260253906,346.9867553710937,350.3054504394531,17634612
2019-04-09,353.6241455078125,353.8085021972656,346.43365478515625,346.43365478515625,15816009
2019-04-10,358.41778564453125,358.97088623046875,350.12109375,353.0710144042969,16870930
2019-04-11,360.8146057128906,369.111328125,360.4458618164063,365.0551452636719,36449814
2019-04-12,363.0270690917969,363.0270690917969,357.127197265625,359.5240173339844,13875436
2019-04-15,357.8646850585937,367.2676086425781,357.8646850585937,364.6864013671875,15187897
2019-04-16,362.84271240234375,363.21142578125,354.91473388671875,359.5240173339844,14128328
2019-04-17,364.6864013671875,366.7145080566406,361.92083740234375,362.84271240234375,13869622
2019-04-18,360.9989929199219,364.6864013671875,358.2334289550781,362.2895812988281,14256234
2019-04-23,362.2895812988281,364.6864013671875,358.6021728515625,361.183349609375,14437538
2019-04-24,362.2895812988281,366.7145080566406,359.5240173339844,366.7145080566406,16509779
2019-04-25,352.8866577148437,361.183349609375,352.7022705078125,359.5240173339844,16861495
2019-04-26,353.9928894042969,355.6522216796875,350.3054504394531,350.3054504394531,13978806
2019-04-29,360.0771179199219,361.183349609375,353.9928894042969,353.9928894042969,14591256
2019-04-30,357.6802978515625,359.89276123046875,354.36163330078125,355.8365783691406,10475776
2019-05-02,360.8146057128906,360.8146057128906,353.9928894042969,359.5240173339844,9812465
2019-05-03,357.4959411621094,359.1552734375,354.5459899902344,356.9428100585937,10480803
2019-05-06,346.249267578125,347.9086303710937,341.2712707519531,343.8524475097656,24653329
2019-05-07,351.0429382324219,351.41168212890625,344.7743225097656,346.8023986816406,18752430
2019-05-08,354.7303466796875,364.13330078125,346.9867553710937,349.38360595703125,37124214
2019-05-09,346.249267578125,357.3115539550781,346.249267578125,354.7303466796875,21478983
2019-05-10,352.149169921875,357.4959411621094,345.6961669921875,347.9086303710937,28121103
2019-05-14,341.6400146484375,347.5398864746094,340.1650390625,340.1650390625,28738898
2019-05-15,344.7743225097656,348.8304748535156,344.0368347167969,344.5899353027344,17730271
2019-05-16,337.0307312011719,346.6180114746094,337.0307312011719,338.3213195800781,24949505
2019-05-17,327.9965209960937,338.8744201660156,327.259033203125,338.50567626953125,24881304
2019-05-20,315.27490234375,325.04656982421875,315.27490234375,322.281005859375,29149146
2019-05-21,314.53741455078125,320.99041748046875,310.48126220703125,312.324951171875,24652748
2019-05-22,312.50933837890625,315.8280334472656,310.8500061035156,313.0624389648437,20846891
2019-05-23,300.52520751953125,310.296875,297.9440002441406,308.8218994140625,40111319
2019-05-24,299.4189758300781,306.7938232421875,299.2345886230469,302.1845397949219,23218677
2019-05-27,298.49713134765625,302.9220275878906,292.04412841796875,296.28466796875,21475309
2019-05-28,300.1564636230469,306.4250793457031,298.312744140625,298.6814880371094,31415233
2019-05-29,296.8377685546875,302.00018310546875,296.10028076171875,296.10028076171875,21664543
2019-05-30,299.0502319335937,300.52520751953125,296.4690246582031,299.9720764160156,14094108
2019-05-31,300.52520751953125,305.6875915527344,298.49713134765625,298.6814880371094,20589200
2019-06-03,307.53131103515625,307.53131103515625,301.6314392089844,304.0282592773437,22151996
2019-06-04,301.6314392089844,307.53131103515625,300.7095642089844,306.97821044921875,21332074
2019-06-05,305.1344909667969,309.55938720703125,302.1845397949219,309.0062866210937,19816758
2019-06-06,304.58135986328125,306.7938232421875,300.52520751953125,306.05633544921875,13443268
2019-06-10,316.1967468261719,316.9342346191406,308.0844116210937,308.8218994140625,25913387
2019-06-11,317.6717224121094,318.0404663085937,314.53741455078125,316.7498779296875,19379972
2019-06-12,311.03436279296875,315.45928955078125,309.0062866210937,315.0905456542969,19025182
2019-06-13,308.0844116210937,309.7437744140625,301.6314392089844,309.1906433105469,22042584
2019-06-14,304.2126159667969,310.48126220703125,303.4751281738281,308.4531555175781,15258383
2019-06-17,303.290771484375,309.1906433105469,302.9220275878906,305.8719787597656,11490923
2019-06-18,307.9000549316406,310.1125183105469,304.2126159667969,306.97821044921875,12984753
2019-06-19,320.0685729980469,320.6216735839844,315.27490234375,317.1186218261719,25555991
2019-06-20,326.3371887207031,326.3371887207031,320.8060302734375,321.7279052734375,20855905
2019-06-21,326.7059326171875,329.47149658203125,321.7279052734375,329.47149658203125,21815788
2019-06-24,327.9965209960937,329.47149658203125,324.8622131347656,326.8902893066406,11550680
2019-06-25,322.0966491699219,327.0746765136719,320.8060302734375,326.3371887207031,12440721
2019-06-26,321.7279052734375,323.202880859375,316.1967468261719,316.1967468261719,11564088
2019-06-27,325.23095703125,326.8902893066406,323.0184936523437,323.0184936523437,12246527
2019-06-28,325.04656982421875,325.4153137207031,321.3591613769531,325.4153137207031,13856800
2019-07-02,334.0807800292969,339.0588073730469,332.0527038574219,339.0588073730469,24419062
2019-07-03,332.237060546875,332.6058044433594,329.287109375,331.6839599609375,11241036
2019-07-04,331.8683166503906,335.7401123046875,331.1308288574219,332.7901916503906,7391202
2019-07-05,331.6839599609375,332.7901916503906,329.6558532714844,331.8683166503906,5561509
2019-07-08,323.5716247558594,327.9965209960937,323.5716247558594,327.259033203125,10873669
2019-07-09,323.3872375488281,323.9403686523437,319.8841857910156,323.0184936523437,10476906
2019-07-10,328.9183959960937,329.47149658203125,324.49346923828125,324.49346923828125,13956208
2019-07-11,329.287109375,332.6058044433594,328.180908203125,328.7340087890625,9662357
2019-07-12,327.259033203125,331.8683166503906,327.0746765136719,331.8683166503906,8989439
2019-07-15,332.6058044433594,332.6058044433594,322.46539306640625,328.180908203125,12810514
2019-07-16,334.26513671875,336.1088562011719,332.7901916503906,336.1088562011719,11301854
2019-07-17,334.8182678222656,335.92449951171875,330.5777282714844,331.49957275390625,10469926
2019-07-18,328.7340087890625,332.9745483398437,328.7340087890625,331.8683166503906,11378562
2019-07-19,333.52764892578125,334.6338806152344,329.8402404785156,330.02459716796875,8737499
2019-07-22,329.6558532714844,333.1589050292969,327.9965209960937,330.94647216796875,9409509
2019-07-23,330.5777282714844,332.237060546875,328.180908203125,329.47149658203125,9505545
2019-07-24,337.0307312011719,341.0868835449219,332.9745483398437,334.6338806152344,19256489
2019-07-25,343.2993469238281,344.0368347167969,339.98065185546875,342.0087280273437,15119218
2019-07-26,341.2712707519531,346.6180114746094,340.5337829589844,341.6400146484375,12640190
2019-07-29,343.1149597167969,344.0368347167969,339.0588073730469,339.0588073730469,12236190
2019-07-30,344.0368347167969,348.2773742675781,342.193115234375,342.9306030273437,11434496
2019-07-31,339.42755126953125,343.2993469238281,338.3213195800781,340.1650390625,11385201
2019-08-01,341.0868835449219,344.5899353027344,339.2431640625,343.2993469238281,13427530
2019-08-02,327.9965209960937,333.7120361328125,327.44342041015625,332.7901916503906,27420706
2019-08-05,313.9843139648437,323.5716247558594,313.9843139648437,322.6497497558594,33152641
2019-08-06,310.8500061035156,315.27490234375,302.55328369140625,304.2126159667969,33906107
2019-08-07,312.1405944824219,315.27490234375,309.7437744140625,310.8500061035156,16437514
2019-08-08,315.6436462402344,319.1466979980469,313.9843139648437,314.3530578613281,16770089
2019-08-09,311.9562072753906,319.8841857910156,311.9562072753906,319.51544189453125,14909020
2019-08-12,313.4311828613281,317.1186218261719,312.324951171875,312.50933837890625,13389656
2019-08-13,307.9000549316406,312.8780822753906,307.9000549316406,310.1125183105469,14267299
2019-08-14,313.4311828613281,318.0404663085937,311.03436279296875,316.1967468261719,18963618
2019-08-15,304.58135986328125,308.6375427246094,300.3408203125,301.2626953125,32552503
2019-08-16,300.8939514160156,303.6595153808594,300.52520751953125,301.6314392089844,25743149
2019-08-19,310.48126220703125,311.9562072753906,304.9501037597656,304.9501037597656,23648090
2019-08-20,307.3469543457031,313.246826171875,307.3469543457031,310.8500061035156,16832186
2019-08-21,306.6094665527344,309.9281311035156,306.4250793457031,306.97821044921875,11312355
2019-08-22,305.1344909667969,309.3750305175781,305.1344909667969,308.8218994140625,11417172
2019-08-23,308.0844116210937,309.7437744140625,304.2126159667969,305.50323486328125,12801726
2019-08-26,300.52520751953125,300.52520751953125,295.54718017578125,297.7596435546875,24692391
2019-08-27,300.7095642089844,302.1845397949219,298.6814880371094,298.6814880371094,19437687
2019-08-28,294.0722045898437,301.4470520019531,293.1503601074219,299.9720764160156,24553431
2019-08-29,295.1784362792969,295.54718017578125,287.8035888671875,293.1503601074219,27152900
2019-08-30,299.4189758300781,301.6314392089844,295.9159240722656,301.4470520019531,21063572
2019-09-02,305.31884765625,305.6875915527344,299.60333251953125,302.00018310546875,18394571
2019-09-03,303.4751281738281,307.7156677246094,302.7376708984375,306.97821044921875,15146208
2019-09-04,314.53741455078125,315.0905456542969,306.97821044921875,307.1625671386719,24230875
2019-09-05,314.7218017578125,318.9623413085937,309.55938720703125,318.0404663085937,19662031
2019-09-06,316.56549072265625,318.0404663085937,313.0624389648437,317.1186218261719,14586162
2019-09-09,315.6436462402344,318.9623413085937,313.4311828613281,318.7779541015625,9552222
2019-09-10,313.6155700683594,318.0404663085937,312.324951171875,317.1186218261719,11581508
2019-09-11,318.9623413085937,320.6216735839844,312.8780822753906,314.3530578613281,17133798
2019-09-12,322.0966491699219,323.5716247558594,320.0685729980469,322.8341369628906,16599304
2019-09-13,322.281005859375,323.202880859375,319.51544189453125,322.6497497558594,10778695
2019-09-16,319.51544189453125,319.51544189453125,313.246826171875,318.9623413085937,25353473
2019-09-17,316.7498779296875,318.4092102050781,313.9843139648437,316.3811340332031,10007726
2019-09-18,316.1967468261719,318.5935974121094,314.9061584472656,317.1186218261719,7957211
2019-09-19,311.9562072753906,316.3811340332031,311.5874938964844,315.8280334472656,10237950
2019-09-20,311.21875,314.1686706542969,308.0844116210937,314.1686706542969,20916404
2019-09-23,309.55938720703125,311.9562072753906,309.0062866210937,310.1125183105469,9011778
2019-09-24,309.3750305175781,311.7718505859375,308.0844116210937,308.8218994140625,11627629
2019-09-25,302.7376708984375,306.4250793457031,302.3689270019531,305.1344909667969,18911597
2019-09-26,306.4250793457031,309.1906433105469,304.2126159667969,309.1906433105469,13500737
2019-09-27,303.6595153808594,305.50323486328125,302.9220275878906,304.2126159667969,11739396
2019-09-30,304.3970031738281,306.4250793457031,298.1283874511719,298.6814880371094,15934749
2019-10-02,299.60333251953125,301.07830810546875,297.9440002441406,297.9440002441406,18747209
2019-10-03,299.7877197265625,300.52520751953125,296.8377685546875,297.9440002441406,17167043
2019-10-04,297.57525634765625,301.4470520019531,294.9940490722656,301.2626953125,13679071
2019-10-08,298.49713134765625,302.00018310546875,296.8377685546875,296.8377685546875,16578036
2019-10-09,293.334716796875,297.9440002441406,293.334716796875,296.4690246582031,19188773
2019-10-10,293.8878479003906,297.3908996582031,292.59722900390625,294.4409484863281,17884571
2019-10-11,299.4189758300781,302.3689270019531,297.7596435546875,298.6814880371094,21267408
2019-10-14,302.55328369140625,304.7657470703125,298.6814880371094,301.4470520019531,26046993
2019-10-15,303.1064147949219,305.6875915527344,302.00018310546875,303.6595153808594,15406432
2019-10-16,305.1344909667969,306.05633544921875,302.3689270019531,304.2126159667969,15135969
2019-10-17,305.1344909667969,306.7938232421875,302.7376708984375,306.7938232421875,11215542
2019-10-18,305.1344909667969,308.0844116210937,304.3970031738281,306.05633544921875,10744045
2019-10-21,299.4189758300781,304.3970031738281,299.4189758300781,303.8438720703125,15129429
2019-10-22,302.00018310546875,302.1845397949219,299.4189758300781,299.60333251953125,11334114
2019-10-23,294.9940490722656,300.3408203125,294.6253356933594,299.4189758300781,21538339
2019-10-24,294.0722045898437,295.54718017578125,291.8597412109375,294.0722045898437,20038367
2019-10-25,291.8597412109375,295.36279296875,291.8597412109375,295.36279296875,17128351
2019-10-28,296.8377685546875,298.312744140625,291.4909973144531,291.6753845214844,19103143
2019-10-29,292.2284851074219,298.49713134765625,292.2284851074219,297.7596435546875,21616525
2019-10-30,291.4909973144531,294.4409484863281,290.0160522460937,291.306640625,14313332
2019-10-31,295.7315368652344,296.8377685546875,293.51910400390625,295.9159240722656,17472913
2019-11-01,296.4690246582031,297.02215576171875,293.8878479003906,294.6253356933594,11286031
2019-11-04,302.00018310546875,302.1845397949219,296.8377685546875,296.8377685546875,16028553
2019-11-05,306.97821044921875,307.9000549316406,301.8157958984375,304.2126159667969,24676400
2019-11-06,307.9000549316406,308.6375427246094,305.31884765625,307.1625671386719,13482076
2019-11-07,307.53131103515625,307.53131103515625,301.2626953125,306.97821044921875,16850134
2019-11-08,301.6314392089844,309.0062866210937,300.7095642089844,308.8218994140625,18067752
2019-11-11,297.7596435546875,301.6314392089844,296.8377685546875,301.4470520019531,16365872
2019-11-12,304.3970031738281,304.3970031738281,299.7877197265625,300.8939514160156,17256636
2019-11-13,301.8157958984375,305.6875915527344,299.9720764160156,305.6875915527344,17278463
2019-11-14,294.8096923828125,298.49713134765625,293.1503601074219,294.9940490722656,27868435
2019-11-15,294.9940490722656,297.7596435546875,293.8878479003906,297.7596435546875,14739277
2019-11-18,304.2126159667969,304.2126159667969,295.7315368652344,296.8377685546875,27972534
2019-11-19,310.296875,310.296875,304.58135986328125,306.97821044921875,26725435
2019-11-20,309.3750305175781,311.21875,306.6094665527344,309.3750305175781,14909386
2019-11-21,303.6595153808594,306.05633544921875,302.3689270019531,306.05633544921875,14475405
2019-11-22,307.53131103515625,307.7156677246094,304.2126159667969,306.4250793457031,11568961
2019-11-25,312.324951171875,315.0905456542969,311.4031066894531,315.0905456542969,19446738
2019-11-26,309.3750305175781,315.27490234375,307.7156677246094,314.3530578613281,31933477
2019-11-27,308.8218994140625,312.324951171875,307.9000549316406,310.6656188964844,12162395
2019-11-28,311.5874938964844,313.6155700683594,307.53131103515625,308.8218994140625,19734610
2019-11-29,305.8719787597656,309.0062866210937,303.290771484375,308.0844116210937,14979066
2019-12-02,306.97821044921875,308.8218994140625,305.6875915527344,308.8218994140625,11059948
2019-12-03,305.1344909667969,306.6094665527344,301.07830810546875,303.290771484375,13815111
2019-12-04,302.9220275878906,303.6595153808594,299.9720764160156,302.1845397949219,13302131
2019-12-05,304.2126159667969,307.53131103515625,303.290771484375,307.53131103515625,12689342
2019-12-06,309.3750305175781,310.1125183105469,306.24072265625,307.53131103515625,16964134
2019-12-09,309.9281311035156,311.4031066894531,307.7156677246094,308.8218994140625,10673622
2019-12-10,310.48126220703125,312.324951171875,306.7938232421875,307.1625671386719,11359774
2019-12-11,313.4311828613281,313.7999267578125,310.6656188964844,312.50933837890625,13598163
2019-12-12,321.7279052734375,323.9403686523437,316.7498779296875,317.8561096191406,36103941
2019-12-13,332.7901916503906,333.52764892578125,328.7340087890625,331.8683166503906,35566142
2019-12-16,331.6839599609375,335.92449951171875,330.02459716796875,334.44952392578125,20869776
2019-12-17,342.193115234375,343.8524475097656,335.00262451171875,339.42755126953125,35316922
2019-12-18,348.0929870605469,350.3054504394531,344.0368347167969,350.3054504394531,34235752
2019-12-19,346.249267578125,346.249267578125,341.45562744140625,345.3274230957031,20004320
2019-12-20,345.88055419921875,348.46173095703125,343.1149597167969,348.46173095703125,23492441
2019-12-23,348.2773742675781,348.46173095703125,344.5899353027344,348.46173095703125,12661443
2019-12-24,347.3554992675781,350.12109375,347.3554992675781,349.38360595703125,6899647
2019-12-27,353.9928894042969,355.2834777832031,348.6461181640625,349.19921875,20805881
2019-12-30,353.2554016113281,354.5459899902344,351.41168212890625,351.5960388183594,15543213
2019-12-31,346.249267578125,350.48980712890625,345.3274230957031,349.38360595703125,11258288
2020-01-02,352.5179138183594,354.7303466796875,346.249267578125,346.43365478515625,15176989
2020-01-03,353.0710144042969,359.5240173339844,351.41168212890625,357.6802978515625,16611161
2020-01-06,347.9086303710937,350.3054504394531,346.0649108886719,350.3054504394531,13150847
2020-01-07,355.46783447265625,357.4959411621094,350.3054504394531,351.0429382324219,19185574
2020-01-08,352.149169921875,355.6522216796875,349.5679626464844,352.5179138183594,16845521
2020-01-09,359.5240173339844,359.5240173339844,356.7584533691406,359.5240173339844,17298593
2020-01-10,367.4519653320313,368.0050964355469,361.3677368164063,363.9489135742188,27435986
2020-01-13,374.6424560546875,374.6424560546875,366.34576416015625,368.7425842285156,29907325
2020-01-14,369.111328125,380.7267150878906,365.6082763671875,377.9611511230469,29101747
2020-01-15,367.6363525390625,371.5081481933594,365.2395324707031,366.161376953125,17289175
2020-01-16,368.7425842285156,371.5081481933594,365.42388916015625,367.8207092285156,14937928
2020-01-17,367.8207092285156,369.2956848144531,365.0551452636719,368.7425842285156,14829690
2020-01-20,365.0551452636719,373.3518676757813,365.0551452636719,373.3518676757813,14408330
2020-01-21,355.2834777832031,364.13330078125,353.43975830078125,364.13330078125,26222512
2020-01-22,360.4458618164063,362.105224609375,352.7022705078125,357.127197265625,20265958
2020-01-23,355.46783447265625,359.3396301269531,349.38360595703125,359.1552734375,20199731
2020-01-24,355.6522216796875,358.2334289550781,353.43975830078125,356.7584533691406,8733127
2020-01-29,353.2554016113281,359.1552734375,351.227294921875,354.17724609375,34453327
2020-01-30,345.6961669921875,358.6021728515625,341.2712707519531,355.8365783691406,27061451
2020-01-31,343.8524475097656,354.7303466796875,342.3774719238281,350.48980712890625,22019753
2020-02-03,350.3054504394531,353.2554016113281,340.7181396484375,348.46173095703125,31109450
2020-02-04,362.2895812988281,362.84271240234375,354.7303466796875,359.5240173339844,30843842
2020-02-05,361.5520935058594,368.7425842285156,357.127197265625,368.7425842285156,24297251
2020-02-06,368.7425842285156,368.7425842285156,361.5520935058594,366.89886474609375,19300328
2020-02-07,370.9550476074219,370.9550476074219,363.7645568847656,368.0050964355469,16159459
2020-02-10,369.2956848144531,369.6644287109375,364.13330078125,364.6864013671875,17859063
2020-02-11,377.0392761230469,378.8829956054688,372.0612487792969,373.3518676757813,25149444
2020-02-12,378.8829956054688,381.2798156738281,376.3017883300781,377.9611511230469,19203274
2020-02-13,383.8610229492188,384.04541015625,380.91107177734375,383.4922790527344,19377169
2020-02-14,382.5704345703125,387.1797180175781,381.095458984375,382.5704345703125,15064498
2020-02-17,384.04541015625,386.9953308105469,378.1455078125,378.5142517089844,11584816
2020-02-18,376.3017883300781,382.0173034667969,375.5643310546875,380.7267150878906,14137968
2020-02-19,379.2517395019531,382.2016906738281,376.6705322265625,377.9611511230469,13560685
2020-02-20,377.9611511230469,383.4922790527344,373.9049682617188,383.4922790527344,17988323
2020-02-21,369.6644287109375,376.4861755371094,368.7425842285156,374.2737121582031,18924900
2020-02-24,359.89276123046875,364.8707885742188,359.5240173339844,362.4739685058594,25147543
2020-02-25,370.2175598144531,371.3237915039063,359.89276123046875,360.2615051269531,26122308
2020-02-26,368.3738403320313,372.2456359863281,364.6864013671875,366.5301208496094,19879517
2020-02-27,368.0050964355469,370.2175598144531,363.5801696777344,367.8207092285156,20804187
2020-02-28,355.8365783691406,361.183349609375,354.36163330078125,360.8146057128906,34620841
2020-03-02,359.1552734375,363.7645568847656,354.5459899902344,354.5459899902344,25046834
2020-03-03,363.21142578125,367.6363525390625,362.2895812988281,362.2895812988281,23657661
2020-03-04,363.21142578125,365.0551452636719,360.2615051269531,365.0551452636719,21215873
2020-03-05,374.4580993652344,375.0111999511719,363.21142578125,366.89886474609375,29338773
2020-03-06,364.8707885742188,368.9269409179688,364.13330078125,366.89886474609375,32962369
2020-03-09,347.9086303710937,354.91473388671875,344.40557861328125,350.3054504394531,39186001
2020-03-10,353.0710144042969,358.97088623046875,346.6180114746094,352.149169921875,34608378
2020-03-11,348.8304748535156,354.5459899902344,347.5398864746094,353.0710144042969,22181564
2020-03-12,335.18701171875,340.5337829589844,333.52764892578125,339.2431640625,41266522
2020-03-13,336.47760009765625,339.2431640625,309.7437744140625,309.7437744140625,62258137
2020-03-16,315.0905456542969,329.8402404785156,310.6656188964844,328.180908203125,53921271
2020-03-17,322.46539306640625,327.0746765136719,311.5874938964844,315.0905456542969,45722279
2020-03-18,307.9000549316406,327.44342041015625,304.2126159667969,316.1967468261719,48160440
2020-03-19,316.1967468261719,323.202880859375,299.7877197265625,316.1967468261719,64815069
2020-03-20,331.49957275390625,335.92449951171875,321.9122619628906,327.259033203125,56732339
2020-03-23,320.8060302734375,331.3152160644531,313.6155700683594,313.6155700683594,41974224
2020-03-24,336.6619873046875,339.0588073730469,330.02459716796875,332.7901916503906,39717104
2020-03-25,350.3054504394531,351.7804260253906,344.22119140625,345.6961669921875,39297721
2020-03-26,351.9647827148437,355.8365783691406,346.6180114746094,355.8365783691406,31804183
2020-03-27,352.5179138183594,359.5240173339844,351.9647827148437,359.5240173339844,31174808
2020-03-30,347.171142578125,350.3054504394531,342.5618591308594,342.7462158203125,23689947
2020-03-31,350.48980712890625,355.8365783691406,341.8243713378906,355.0990905761719,24083255
2020-04-01,345.14306640625,353.6241455078125,343.2993469238281,353.6241455078125,25623592
2020-04-02,350.12109375,350.12109375,340.7181396484375,341.0868835449219,13153815
2020-04-03,346.9867553710937,346.9867553710937,342.9306030273437,342.9306030273437,15484189
2020-04-06,351.5960388183594,353.9928894042969,347.171142578125,350.3054504394531,15044698
2020-04-07,357.3115539550781,357.3115539550781,352.149169921875,357.3115539550781,20520606
2020-04-08,354.91473388671875,357.4959411621094,352.7022705078125,357.4959411621094,16468233
2020-04-09,360.8146057128906,360.8146057128906,356.38970947265625,359.5240173339844,17026496
2020-04-14,364.13330078125,366.5301208496094,361.7364807128906,365.0551452636719,28419783
2020-04-15,364.13330078125,369.2956848144531,364.13330078125,369.2956848144531,22245735
2020-04-16,375.0111999511719,375.0111999511719,364.13330078125,367.8207092285156,31296624
2020-04-17,377.5924072265625,386.81097412109375,374.4580993652344,384.4141540527344,32138269
2020-04-20,376.6705322265625,378.8829956054688,374.8268432617188,377.5924072265625,16637453
2020-04-21,369.2956848144531,378.3298950195313,365.6082763671875,378.3298950195313,22590476
2020-04-22,377.4080200195313,377.7767639160156,365.0551452636719,365.9770202636719,18608344
2020-04-23,379.4361267089844,382.5704345703125,375.5643310546875,377.9611511230469,19316647
2020-04-24,374.6424560546875,378.3298950195313,372.7987365722656,373.3518676757813,13561226
2020-04-27,380.7267150878906,382.5704345703125,378.1455078125,380.5423278808594,16994244
2020-04-28,384.5985107421875,384.5985107421875,380.173583984375,382.5704345703125,14225735
2020-04-29,384.4141540527344,386.2578430175781,381.2798156738281,385.33599853515625,14399213
2020-05-04,368.7425842285156,376.85491943359375,368.7425842285156,376.85491943359375,26726857
2020-05-05,374.2737121582031,375.7486877441406,369.2956848144531,369.8488159179688,13649718
2020-05-06,377.9611511230469,379.9892272949219,374.08935546875,374.8268432617188,21476066
2020-05-07,375.37994384765625,379.4361267089844,375.37994384765625,379.4361267089844,13340752
2020-05-08,385.5203552246094,385.5203552246094,379.4361267089844,380.3579711914063,23885792
2020-05-11,401.007568359375,401.007568359375,390.4983825683594,391.78900146484375,36293510
2020-05-12,397.3201293945313,400.82318115234375,392.5264892578125,394.7389221191406,23905781
2020-05-13,396.029541015625,403.9574890136719,392.8952331542969,394.7389221191406,26333597
2020-05-14,396.9513854980469,412.06982421875,393.2639465332031,409.3042602539063,35721383
2020-05-15,388.2859497070313,401.5606689453125,387.1797180175781,396.3982849121094,26675459
2020-05-18,389.9452819824219,392.1577453613281,384.2297668457031,386.2578430175781,22330008
2020-05-19,396.3982849121094,399.1638488769531,392.3421020507813,396.5826416015625,21521451
2020-05-20,405.6168518066406,405.6168518066406,398.2419738769531,400.6388244628906,23046369
2020-05-21,399.5325927734375,403.5887451171875,397.6888732910156,402.2981567382813,20371407
2020-05-22,380.173583984375,393.6326904296875,377.9611511230469,393.6326904296875,41079921
2020-05-25,384.04541015625,384.9672546386719,374.2737121582031,377.9611511230469,21641576
2020-05-26,392.1577453613281,394.9233093261719,386.4422302246094,389.3921508789063,17354301
2020-05-27,387.1797180175781,390.129638671875,381.83294677734375,390.129638671875,22598252
2020-05-28,376.3017883300781,388.1015625,372.6143798828125,388.1015625,31393636
2020-05-29,378.3298950195313,381.095458984375,372.4299926757813,374.08935546875,31759786
2020-06-01,395.4764099121094,396.2138977050781,386.4422302246094,386.6265869140625,24941583
2020-06-02,396.76702880859375,401.9294128417969,395.6607971191406,401.9294128417969,19358960
2020-06-03,398.7951049804688,403.2200012207031,392.8952331542969,401.9294128417969,21726934
2020-06-04,401.007568359375,401.007568359375,395.107666015625,401.007568359375,20040135
2020-06-05,400.2700805664063,400.2700805664063,393.2639465332031,400.085693359375,28778334
2020-06-08,396.3982849121094,401.7450256347656,393.6326904296875,401.007568359375,21391198
2020-06-09,399.9013366699219,401.007568359375,394.7389221191406,398.2419738769531,20064734
2020-06-10,411.3323364257813,412.4385681152344,401.7450256347656,402.8512573242188,36818761
2020-06-11,407.8292846679688,419.81341552734375,407.4605407714844,415.5728759765625,29209470
2020-06-12,406.5386962890625,409.6730041503906,399.1638488769531,400.6388244628906,18940636
2020-06-15,399.7169494628906,409.6730041503906,398.4263610839844,401.007568359375,17366744
2020-06-16,413.7291870117188,417.4165954589844,410.5948486328125,414.28228759765625,24353819
2020-06-17,415.3885192871094,418.1540832519531,410.2261047363281,416.4947509765625,15271133
2020-06-18,422.2102661132813,422.2102661132813,410.4104919433594,417.0478515625,20206364
2020-06-19,424.4226989746094,429.2163696289063,420.73529052734375,422.2102661132813,27479164
2020-06-22,437.1443176269531,437.5130615234375,423.31646728515625,424.053955078125,28164190
2020-06-23,458.5314025878906,459.63763427734375,438.0661926269531,442.4910888671875,33983938
2020-06-24,452.4471435546875,465.5375061035156,452.4471435546875,462.7719421386719,25018502
2020-06-26,447.1003723144531,454.4752197265625,445.8097839355469,448.3909912109375,19393757
2020-06-29,448.0222473144531,455.2127075195313,443.4129638671875,443.4129638671875,23950557
2020-06-30,459.63763427734375,460.92822265625,450.0503234863281,450.0503234863281,24021590
2020-07-02,477.9825744628906,478.4435119628906,463.69378662109375,463.69378662109375,34478837
2020-07-03,483.5137023925781,487.66204833984375,471.5295715332031,479.3653564453125,22780939
2020-07-06,479.3653564453125,487.66204833984375,475.6779174804688,483.0527648925781,25231360
2020-07-07,475.6779174804688,489.5057678222656,471.9905090332031,478.4435119628906,27361783
2020-07-08,500.5680541992188,503.7945556640625,475.2170104980469,475.2170104980469,29952588
2020-07-09,519.0051879882812,519.9270629882812,501.4898986816406,502.4117736816406,28275408
2020-07-10,503.7945556640625,518.0833129882812,503.3336181640625,506.0991821289063,25448185
2020-07-13,498.7243347167969,512.5521850585938,497.802490234375,498.2633972167969,21734334
2020-07-14,483.9746398925781,493.6541137695313,477.0606994628906,487.66204833984375,28032305
2020-07-15,500.5680541992188,500.5680541992188,489.04486083984375,496.4197082519531,24048405
2020-07-16,472.912353515625,499.6462097167969,471.0686340332031,496.880615234375,29339802
2020-07-17,480.2872009277344,488.58392333984375,476.5997924804688,478.4435119628906,19053259
2020-07-20,481.66998291015625,486.2792663574219,472.912353515625,480.2872009277344,14087753
2020-07-21,519.9270629882812,519.9270629882812,501.4898986816406,505.6382751464844,31566813
2020-07-22,496.880615234375,519.0051879882812,495.4978332519531,509.78662109375,22705332
2020-07-23,513.4740600585938,513.9349975585938,500.5680541992188,503.3336181640625,20706016
2020-07-24,486.7402038574219,504.2554626464844,483.9746398925781,499.6462097167969,30519968
2020-07-27,479.3653564453125,495.9587707519531,474.7560729980469,488.58392333984375,20271449
2020-07-28,501.0289916992188,501.9508361816406,487.66204833984375,493.1932067871094,23359984
2020-07-29,499.1852722167969,500.1071166992188,491.3494873046875,494.5759887695313,13541414
2020-07-30,493.1932067871094,506.5601196289063,490.4276428222656,504.2554626464844,14864435
2020-07-31,492.2713317871094,507.0210571289063,492.2713317871094,497.802490234375,16957703
2020-08-03,496.880615234375,499.1852722167969,486.7402038574219,494.1150512695313,19608257
2020-08-04,507.0210571289063,513.0131225585938,497.802490234375,503.3336181640625,21891901
2020-08-05,517.1614379882812,517.1614379882812,507.9429016113281,513.9349975585938,17231508
2020-08-06,512.0912475585938,519.9270629882812,501.0289916992188,516.7005615234375,22312251
2020-08-07,486.2792663574219,515.3177490234375,460.3751220703125,515.3177490234375,67382603
2020-08-10,462.7719421386719,477.5216369628906,461.8500671386719,470.1467895507813,52702218
2020-08-11,473.373291015625,484.896484375,470.1467895507813,471.0686340332031,27659963
2020-08-12,479.8262939453125,482.13092041015625,464.61566162109375,471.9905090332031,20550871
2020-08-13,470.1467895507813,489.5057678222656,470.1467895507813,486.7402038574219,29564943
2020-08-14,466.9202880859375,473.834228515625,462.3110046386719,463.2328796386719,19516498
2020-08-17,465.0765686035156,474.7560729980469,462.7719421386719,468.7640075683594,16044652
2020-08-18,471.9905090332031,476.1388549804688,469.2249450683594,474.7560729980469,14522085
2020-08-19,466.4593505859375,479.3653564453125,466.4593505859375,475.6779174804688,12036870
2020-08-20,468.3030700683594,469.2249450683594,462.7719421386719,468.3030700683594,15594179
2020-08-21,477.5216369628906,483.5137023925781,471.9905090332031,476.1388549804688,19791641
2020-08-24,505.1773376464844,505.1773376464844,493.1932067871094,495.4978332519531,29733601
2020-08-25,501.9508361816406,506.0991821289063,495.0369262695313,505.1773376464844,19540299
2020-08-26,508.4038391113281,511.6303405761719,503.3336181640625,510.24755859375,16958631
2020-08-27,514.3958740234375,516.2396240234375,504.2554626464844,510.7084655761719,18475989
2020-08-28,498.2633972167969,514.3958740234375,498.2633972167969,510.7084655761719,24448188
2020-08-31,489.04486083984375,511.1694030761719,489.04486083984375,511.1694030761719,23436872
2020-09-01,496.880615234375,504.2554626464844,489.5057678222656,495.4978332519531,21442977
2020-09-02,502.4117736816406,511.6303405761719,501.0289916992188,511.6303405761719,15799943
2020-09-03,492.2713317871094,505.6382751464844,491.3494873046875,503.3336181640625,18526413
2020-09-04,477.5216369628906,483.5137023925781,472.912353515625,476.5997924804688,35876407
2020-09-07,471.0686340332031,483.5137023925781,470.1467895507813,475.6779174804688,19569013
2020-09-08,468.7640075683594,479.3653564453125,462.7719421386719,476.5997924804688,20087365
2020-09-09,464.61566162109375,468.7640075683594,462.3110046386719,462.7719421386719,19265013
2020-09-10,466.4593505859375,477.9825744628906,466.4593505859375,473.834228515625,14842100
2020-09-11,475.6779174804688,477.9825744628906,466.9202880859375,469.2249450683594,13818776
2020-09-14,488.12298583984375,495.4978332519531,477.9825744628906,480.7481384277344,20916073
2020-09-15,488.12298583984375,496.4197082519531,486.2792663574219,493.6541137695313,12278865
2020-09-16,492.7322692871094,495.9587707519531,489.04486083984375,495.9587707519531,11049682
2020-09-17,485.818359375,494.1150512695313,481.2090759277344,493.1932067871094,12772075
2020-09-18,483.9746398925781,483.9746398925781,470.6077270507813,479.3653564453125,23536646
2020-09-21,476.1388549804688,486.2792663574219,471.9905090332031,481.2090759277344,11402469
2020-09-22,471.5295715332031,477.9825744628906,470.1467895507813,472.912353515625,13609887
2020-09-23,473.834228515625,480.7481384277344,470.1467895507813,471.9905090332031,13578774
2020-09-24,465.5375061035156,471.9905090332031,465.5375061035156,470.1467895507813,15563132
2020-09-25,464.15472412109375,471.5295715332031,462.7719421386719,470.1467895507813,14348363
2020-09-28,466.4593505859375,469.6858520507813,464.15472412109375,465.5375061035156,11867319
2020-09-29,465.9984436035156,475.2170104980469,465.9984436035156,474.7560729980469,12400323
2020-09-30,471.5295715332031,479.3653564453125,469.2249450683594,472.451416015625,11113578
2020-10-05,483.9746398925781,488.58392333984375,480.7481384277344,488.58392333984375,19784578
2020-10-06,486.2792663574219,488.12298583984375,484.4355773925781,486.2792663574219,8516081
2020-10-07,493.1932067871094,494.1150512695313,485.357421875,488.58392333984375,12498379
2020-10-08,493.1932067871094,495.9587707519531,489.9667053222656,495.9587707519531,8817982
2020-10-09,497.341552734375,502.4117736816406,493.1932067871094,495.4978332519531,16480298
2020-10-12,513.4740600585938,513.4740600585938,501.0289916992188,502.4117736816406,20502504
2020-10-14,528.6846923828125,529.1456298828125,516.7005615234375,523.6144409179688,28099743
2020-10-15,508.86474609375,525.4581909179688,505.6382751464844,525.4581909179688,16837386
2020-10-16,513.4740600585938,519.4661254882812,508.86474609375,515.3177490234375,11200152
2020-10-19,517.6223754882812,524.0753784179688,514.8568115234375,518.0833129882812,10600153
2020-10-20,520.387939453125,522.231689453125,514.8568115234375,522.231689453125,10789484
2020-10-21,522.231689453125,524.9972534179688,518.0833129882812,522.692626953125,13248862
2020-10-22,519.4661254882812,523.153564453125,509.78662109375,521.770751953125,13724851
2020-10-23,517.6223754882812,520.387939453125,513.4740600585938,516.7005615234375,8194052
2020-10-27,539.2860107421875,542.5125122070312,516.7005615234375,520.848876953125,30502855
2020-10-28,554.0357055664062,556.80126953125,538.3641357421875,541.5906372070312,27029743
2020-10-29,557.72314453125,566.0198364257812,541.5906372070312,542.9734497070312,25004401
2020-10-30,544.817138671875,562.3324584960938,538.8250732421875,550.3483276367188,26994484
2020-11-02,554.4966430664062,556.3403930664062,540.6688232421875,546.660888671875,16822035
2020-11-03,551.2701416015625,556.3403930664062,548.5045776367188,550.3483276367188,18416480
2020-11-04,542.5125122070312,552.6529541015625,528.6846923828125,529.1456298828125,30877246
2020-11-05,576.1602783203125,576.1602783203125,561.4105834960938,562.3324584960938,28159138
2020-11-06,566.4807739257812,578.0039672851562,558.64501953125,577.5430908203125,23160064
2020-11-09,573.8556518554688,583.53515625,571.551025390625,581.23046875,18813238
2020-11-10,548.5045776367188,563.2542724609375,539.2860107421875,560.4887084960938,39182109
2020-11-11,507.9429016113281,539.2860107421875,507.9429016113281,517.1614379882812,71667336
2020-11-12,531.9111938476562,540.2078857421875,525.4581909179688,525.4581909179688,35048219
2020-11-13,554.9575805664062,554.9575805664062,535.5985717773438,543.8953247070312,30867511
2020-11-16,550.3483276367188,555.8794555664062,539.7469482421875,553.1138916015625,21033460
2020-11-17,536.0595092773438,549.4264526367188,536.0595092773438,549.4264526367188,21014227
2020-11-18,542.9734497070312,544.817138671875,534.6767578125,540.2078857421875,14626060
2020-11-19,528.2237548828125,541.1297607421875,528.2237548828125,540.2078857421875,17038003
2020-11-20,542.0515747070312,545.739013671875,530.5283813476562,532.8330078125,17972456
2020-11-23,540.2078857421875,553.1138916015625,540.2078857421875,552.1920166015625,22671092
2020-11-24,538.3641357421875,543.8953247070312,533.7548828125,541.1297607421875,17250845
2020-11-25,528.2237548828125,547.5827026367188,526.3800048828125,543.4343872070312,22351142
2020-11-26,540.2078857421875,540.2078857421875,530.0674438476562,533.2939453125,12088784
2020-11-27,537.4423217773438,548.0436401367188,537.4423217773438,540.2078857421875,12128872
2020-11-30,519.0051879882812,538.8250732421875,519.0051879882812,536.5204467773438,35594689
2020-12-01,532.8330078125,535.5985717773438,526.8409423828125,528.2237548828125,24105564
2020-12-02,529.1456298828125,538.8250732421875,523.6144409179688,538.8250732421875,14617333
2020-12-03,542.9734497070312,542.9734497070312,534.2158203125,538.8250732421875,16875948
2020-12-04,542.5125122070312,546.660888671875,541.1297607421875,542.9734497070312,15581008
2020-12-07,537.9032592773438,546.199951171875,534.2158203125,546.199951171875,13161833
2020-12-08,537.4423217773438,544.3562622070312,536.9813842773438,542.0515747070312,10589801
2020-12-09,539.2860107421875,544.817138671875,537.4423217773438,544.817138671875,10724443
2020-12-10,532.8330078125,536.9813842773438,532.3720703125,534.6767578125,11095396
2020-12-11,542.0515747070312,543.8953247070312,536.9813842773438,543.8953247070312,13061206
2020-12-14,526.3800048828125,539.7469482421875,525.4581909179688,539.7469482421875,22972317
2020-12-15,516.2396240234375,527.3018798828125,516.2396240234375,526.3800048828125,25302119
2020-12-16,526.8409423828125,526.8409423828125,509.78662109375,519.4661254882812,18783148
2020-12-17,537.4423217773438,537.4423217773438,529.1456298828125,534.6767578125,15010198
2020-12-18,534.6767578125,540.2078857421875,529.6065063476562,540.2078857421875,20833822
2020-12-21,527.3018798828125,535.1376953125,526.3800048828125,535.1376953125,14272363
2020-12-22,527.7628173828125,532.8330078125,523.153564453125,529.6065063476562,11140303
2020-12-23,526.3800048828125,529.6065063476562,522.231689453125,523.6144409179688,12357176
2020-12-24,513.9349975585938,513.9349975585938,513.9349975585938,513.9349975585938,0
2020-12-28,478.4435119628906,499.6462097167969,478.4435119628906,497.341552734375,65693227
2020-12-29,489.04486083984375,496.880615234375,484.896484375,488.58392333984375,39322878
2020-12-30,515.7786865234375,519.0051879882812,496.880615234375,499.6462097167969,31656728
2020-12-31,521.770751953125,521.770751953125,521.770751953125,521.770751953125,0
2021-01-04,527.7628173828125,537.4423217773438,513.9349975585938,514.3958740234375,22545919
2021-01-05,537.9032592773438,540.6688232421875,521.309814453125,527.3018798828125,20250507
2021-01-06,549.8873901367188,552.1920166015625,539.2860107421875,539.2860107421875,27892115
2021-01-07,524.0753784179688,538.8250732421875,524.0753784179688,535.1376953125,43257974
2021-01-08,528.2237548828125,532.8330078125,523.153564453125,524.0753784179688,24801900
2021-01-11,544.817138671875,554.9575805664062,535.5985717773438,535.5985717773438,41658409
2021-01-12,543.8953247070312,549.8873901367188,540.2078857421875,540.6688232421875,21880619
2021-01-13,549.4264526367188,555.4185180664062,542.5125122070312,543.4343872070312,24526128
2021-01-14,580.3086547851562,580.3086547851562,559.5668334960938,560.4887084960938,39717665
2021-01-15,594.597412109375,595.519287109375,569.707275390625,580.3086547851562,33259043
2021-01-18,605.65966796875,615.3391723632812,585.8397827148438,588.6053466796875,36342783
2021-01-19,603.8159790039062,620.8703002929688,597.3629760742188,613.0345458984375,32892334
2021-01-20,626.4014282226562,626.8623657226562,606.58154296875,618.565673828125,39283275
2021-01-21,629.1670532226562,645.2994995117188,621.3312377929688,627.3233032226562,30107343
2021-01-22,637.0028076171875,644.8385620117188,631.0107421875,636.0809326171875,32900498
2021-01-25,706.6029663085938,707.5248413085938,647.6041259765625,651.7525024414062,50943301
2021-01-26,662.3538818359375,690.470458984375,659.5883178710938,686.7830810546875,54204246
2021-01-27,646.6823120117188,672.0333251953125,643.916748046875,660.0491943359375,40555108
2021-01-28,627.7842407226562,663.2756958007812,627.7842407226562,645.2994995117188,40450793
2021-01-29,628.2451782226562,660.9710693359375,628.2451782226562,640.6902465820312,36854446
2021-02-01,656.36181640625,670.6505737304688,643.455810546875,643.455810546875,31071463
2021-02-02,667.885009765625,689.5486450195312,666.963134765625,682.1737670898438,28558742
2021-02-03,678.486328125,681.7128295898438,666.502197265625,676.6426391601562,18419172
2021-02-04,678.025390625,684.4783935546875,654.97900390625,668.345947265625,25643030
2021-02-05,675.7207641601562,697.8453369140625,675.2598266601562,689.5486450195312,20247014
2021-02-08,678.947265625,691.392333984375,677.5645141601562,689.5486450195312,16074400
2021-02-09,682.6347045898438,690.009521484375,679.408203125,687.2439575195312,11554775
2021-02-10,701.5327758789062,709.8294677734375,692.775146484375,699.6890258789062,18359327
2021-02-11,697.8453369140625,697.8453369140625,697.8453369140625,697.8453369140625,0
2021-02-16,686.7830810546875,706.6029663085938,683.0956420898438,702.91552734375,25578781
2021-02-17,698.3062744140625,703.37646484375,673.4161376953125,683.0956420898438,17395892
2021-02-18,689.0877075195312,714.899658203125,686.7830810546875,707.0639038085938,26296878
2021-02-19,683.0956420898438,689.0877075195312,669.2677612304688,688.6267700195312,24504422
2021-02-22,657.7445678710938,690.931396484375,655.43994140625,690.931396484375,29610396
2021-02-23,651.7525024414062,665.5803833007812,642.533935546875,642.533935546875,29217098
2021-02-24,633.3153686523438,659.5883178710938,626.8623657226562,654.05712890625,45110719
2021-02-25,637.4637451171875,660.9710693359375,637.4637451171875,645.2994995117188,26043490
2021-02-26,610.7299194335938,632.8544311523438,610.7299194335938,616.7219848632812,40220039
2021-03-01,642.533935546875,642.533935546875,625.9405517578125,637.9246826171875,29374462
2021-03-02,643.455810546875,665.5803833007812,638.3856201171875,656.36181640625,25036439
2021-03-03,666.502197265625,666.502197265625,636.0809326171875,643.455810546875,19835294
2021-03-04,636.0809326171875,654.05712890625,636.0809326171875,647.1432495117188,26574209
2021-03-05,625.9405517578125,640.6902465820312,614.8782348632812,616.2610473632812,29437409
2021-03-08,592.2927856445312,635.1591186523438,590.9099731445312,630.0888671875,39304600
2021-03-09,593.675537109375,612.5736083984375,565.0980224609375,582.61328125,42094843
2021-03-10,607.04248046875,617.643798828125,601.0504150390625,617.643798828125,25226999
2021-03-11,627.3233032226562,630.0888671875,606.12060546875,607.04248046875,22750548
2021-03-12,599.6676025390625,640.2293090820312,596.9020385742188,639.7683715820312,28188692
2021-03-15,578.9258422851562,601.9722900390625,572.4728393554688,599.2066650390625,37980809
2021-03-16,581.23046875,593.214599609375,576.1602783203125,589.0662841796875,21200125
2021-03-17,575.6993408203125,589.0662841796875,573.3947143554688,575.6993408203125,20718031
2021-03-18,590.4490356445312,600.5894775390625,582.61328125,585.3788452148438,24258336
2021-03-19,578.9258422851562,588.6053466796875,575.2384033203125,578.9258422851562,24450964
2021-03-22,583.9960327148438,593.214599609375,580.3086547851562,581.23046875,15200343
2021-03-23,579.3867797851562,594.136474609375,577.5430908203125,594.136474609375,15845913
2021-03-24,574.7774658203125,587.6834716796875,567.8635864257812,581.69140625,19578933
2021-03-25,558.64501953125,573.3947143554688,542.5125122070312,553.1138916015625,48044038
2021-03-26,571.551025390625,582.61328125,558.18408203125,558.64501953125,26565370
2021-03-29,564.1761474609375,573.3947143554688,553.5747680664062,571.551025390625,31467316
2021-03-30,561.8715209960938,572.4728393554688,559.10595703125,565.5589599609375,22298924
2021-03-31,562.3324584960938,572.9337768554688,561.4105834960938,569.707275390625,17291203
2021-04-01,602.8941040039062,604.7378540039062,572.9337768554688,578.4649047851562,35692168
2021-04-07,580.3086547851562,606.58154296875,574.7774658203125,601.9722900390625,29482285
2021-04-08,571.551025390625,579.8477172851562,566.0198364257812,566.0198364257812,268356622
2021-04-09,572.0119018554688,579.8477172851562,567.4026489257812,579.8477172851562,24367916
2021-04-12,565.5589599609375,571.090087890625,555.8794555664062,567.8635864257812,30351587
2021-04-13,560.4887084960938,573.3947143554688,559.5668334960938,565.5589599609375,20003360
2021-04-14,574.7774658203125,576.1602783203125,567.4026489257812,572.4728393554688,19525541
2021-04-15,571.551025390625,574.7774658203125,562.7933349609375,574.7774658203125,15781867
2021-04-16,582.61328125,583.07421875,567.8635864257812,571.551025390625,22516576
2021-04-19,578.0039672851562,593.675537109375,571.551025390625,580.7695922851562,21957212
2021-04-20,573.8556518554688,577.0821533203125,569.707275390625,571.551025390625,16518819
2021-04-21,561.4105834960938,567.8635864257812,560.4887084960938,566.4807739257812,22412262
2021-04-22,572.4728393554688,575.6993408203125,567.8635864257812,572.9337768554688,16681244
2021-04-23,582.61328125,582.61328125,572.4728393554688,578.4649047851562,17679003
2021-04-26,579.3867797851562,589.9880981445312,576.6212158203125,582.61328125,15403758
2021-04-27,576.1602783203125,576.1602783203125,568.3245239257812,574.7774658203125,15000735
2021-04-28,578.9258422851562,578.9258422851562,569.246337890625,572.4728393554688,12146108
2021-04-29,582.15234375,589.5272216796875,579.3867797851562,589.5272216796875,13523125
2021-04-30,574.3165893554688,578.4649047851562,571.551025390625,578.4649047851562,13011490
2021-05-03,575.6993408203125,575.6993408203125,568.3245239257812,571.090087890625,8617701
2021-05-04,573.3947143554688,576.1602783203125,570.629150390625,575.6993408203125,6862858
2021-05-05,562.7933349609375,568.785400390625,562.7933349609375,567.4026489257812,12612494
2021-05-06,562.7933349609375,570.629150390625,555.4185180664062,566.4807739257812,23222240
2021-05-07,553.1138916015625,565.0980224609375,553.1138916015625,565.0980224609375,18943197
2021-05-10,548.5045776367188,560.4887084960938,543.8953247070312,552.1920166015625,22281136
2021-05-11,538.8250732421875,540.2078857421875,522.231689453125,536.5204467773438,37552039
2021-05-12,551.7310791015625,555.8794555664062,538.8250732421875,538.8250732421875,24845424
2021-05-13,534.6767578125,548.5045776367188,534.6767578125,546.660888671875,19503878
2021-05-14,537.4423217773438,542.0515747070312,529.1456298828125,531.9111938476562,17371562
2021-05-17,553.5747680664062,557.26220703125,542.9734497070312,546.660888671875,20791791
2021-05-18,560.0277709960938,561.8715209960938,552.6529541015625,559.5668334960938,13221629
2021-05-20,561.4105834960938,567.4026489257812,556.3403930664062,563.2542724609375,16956713
2021-05-21,542.5125122070312,553.1138916015625,537.9032592773438,553.1138916015625,43760440
2021-05-24,539.7469482421875,542.0515747070312,531.4502563476562,540.6688232421875,18016223
2021-05-25,562.3324584960938,565.0980224609375,542.5125122070312,543.4343872070312,29337091
2021-05-26,569.707275390625,575.6993408203125,564.1761474609375,575.6993408203125,20313763
2021-05-27,558.18408203125,565.0980224609375,554.9575805664062,562.3324584960938,27927261
2021-05-28,554.4966430664062,564.1761474609375,554.0357055664062,560.4887084960938,16470119
2021-05-31,570.629150390625,571.090087890625,556.3403930664062,564.1761474609375,16833640
2021-06-01,578.9258422851562,582.61328125,568.785400390625,570.629150390625,19570899
2021-06-02,579.3867797851562,589.9880981445312,576.6212158203125,584.4569702148438,17716492
2021-06-03,567.4026489257812,580.3086547851562,564.1761474609375,579.3867797851562,13353978
2021-06-04,563.7152099609375,566.4807739257812,558.64501953125,562.3324584960938,20546029
2021-06-07,553.5747680664062,563.7152099609375,551.7310791015625,563.2542724609375,21443030
2021-06-08,554.0357055664062,558.64501953125,550.3483276367188,558.64501953125,11199399
2021-06-09,555.8794555664062,558.64501953125,550.8092041015625,553.1138916015625,8425280
2021-06-10,553.5747680664062,560.9496459960938,551.2701416015625,557.72314453125,12721726
2021-06-11,549.4264526367188,560.9496459960938,549.4264526367188,560.9496459960938,15725544
2021-06-15,553.1138916015625,557.72314453125,545.739013671875,557.72314453125,12508921
2021-06-16,549.8873901367188,551.7310791015625,548.0436401367188,550.3483276367188,10599375
2021-06-17,552.1920166015625,552.1920166015625,545.278076171875,547.5827026367188,14939241
2021-06-18,555.8794555664062,560.4887084960938,552.6529541015625,554.9575805664062,13344383
2021-06-21,544.3562622070312,553.1138916015625,536.9813842773438,553.1138916015625,25501352
2021-06-22,528.6846923828125,542.9734497070312,526.8409423828125,542.9734497070312,33489921
2021-06-23,536.9813842773438,537.4423217773438,528.2237548828125,534.6767578125,19947191
2021-06-24,537.4423217773438,541.5906372070312,534.6767578125,538.3641357421875,11875278
2021-06-25,551.7310791015625,553.1138916015625,538.3641357421875,542.5125122070312,20884046
2021-06-28,548.9655151367188,558.64501953125,545.739013671875,555.8794555664062,12459596
2021-06-29,544.3562622070312,554.0357055664062,542.0515747070312,553.1138916015625,15961551
2021-06-30,538.3641357421875,550.8092041015625,538.3641357421875,550.8092041015625,14772746
2021-07-02,529.6065063476562,551.7310791015625,527.7628173828125,551.7310791015625,27052611
2021-07-05,510.7084655761719,527.3018798828125,505.6382751464844,525.4581909179688,47011802
2021-07-06,515.3177490234375,519.0051879882812,506.0991821289063,508.86474609375,21123736
2021-07-07,505.6382751464844,510.24755859375,496.4197082519531,508.86474609375,33107895
2021-07-08,486.7402038574219,501.0289916992188,482.59185791015625,497.802490234375,49561439
2021-07-09,496.4197082519531,499.6462097167969,469.6858520507813,483.9746398925781,46560639
2021-07-12,492.7322692871094,507.9429016113281,481.66998291015625,506.5601196289063,33240198
2021-07-13,512.0912475585938,518.5442504882812,491.3494873046875,498.7243347167969,35933948
2021-07-14,513.0131225585938,519.0051879882812,510.7084655761719,516.2396240234375,21595871
2021-07-15,520.848876953125,527.3018798828125,516.7005615234375,517.6223754882812,21890303
2021-07-16,519.9270629882812,524.9972534179688,513.4740600585938,522.692626953125,16011232
2021-07-19,506.5601196289063,516.2396240234375,502.8726806640625,516.2396240234375,18348476
2021-07-20,500.1071166992188,512.5521850585938,496.880615234375,506.0991821289063,21492839
2021-07-21,495.9587707519531,501.9508361816406,488.58392333984375,500.1071166992188,22021840
2021-07-22,501.4898986816406,506.0991821289063,495.0369262695313,502.4117736816406,17022608
2021-07-23,489.5057678222656,503.7945556640625,487.66204833984375,503.3336181640625,18179395
2021-07-26,451.7096557617188,472.451416015625,450.97216796875,470.1467895507813,89266221
2021-07-27,411.1479797363281,443.22857666015625,404.5106201171875,429.031982421875,117184426
2021-07-28,412.2542114257813,424.6070861816406,389.0234069824219,415.75726318359375,122431259
2021-07-29,453.5533752441406,455.5814514160156,431.98193359375,442.4910888671875,79075566
2021-07-30,441.5692443847656,449.4971923828125,428.6632385253906,449.4971923828125,43889700
2021-08-02,437.8818054199219,441.3848571777344,423.31646728515625,438.8036804199219,31941064
2021-08-03,411.1479797363281,432.1662902832031,390.4983825683594,432.1662902832031,127799280
2021-08-04,421.1040344238281,433.0881652832031,400.085693359375,401.007568359375,50011558
2021-08-05,404.6949768066406,428.1101379394531,398.7951049804688,417.2322387695313,63595518
2021-08-06,418.1540832519531,424.4226989746094,405.6168518066406,410.041748046875,46586976
2021-08-09,425.5289306640625,435.4849853515625,408.013671875,412.8073120117188,44428211
2021-08-10,448.2066040039063,454.4752197265625,436.2224731445313,440.6473693847656,44347453
2021-08-11,446.1785278320313,454.1064758300781,442.4910888671875,451.89404296875,21853357
2021-08-12,444.3348083496094,452.8158874511719,438.988037109375,444.8879089355469,17736919
2021-08-13,433.4569091796875,438.988037109375,425.3445739746094,434.3787536621094,28656855
2021-08-16,418.3384704589844,429.953857421875,413.9135437011719,427.3726501464844,31480707
2021-08-17,401.007568359375,411.5167236328125,399.1638488769531,408.1980285644531,46801344
2021-08-18,402.11376953125,408.3824157714844,396.3982849121094,396.3982849121094,28851497
2021-08-19,388.2859497070313,415.5728759765625,386.4422302246094,412.99169921875,55433509
2021-08-20,392.1577453613281,399.3482055664063,379.9892272949219,388.2859497070313,56555339
2021-08-23,399.9013366699219,409.3042602539063,397.8732299804688,405.6168518066406,48400600
2021-08-24,435.1162414550781,435.1162414550781,410.4104919433594,411.8854675292969,53716905
2021-08-25,437.5130615234375,453.18463134765625,431.2444458007813,453.18463134765625,44724609
2021-08-26,434.931884765625,443.22857666015625,431.7975463867188,437.5130615234375,18764172
2021-08-27,429.953857421875,445.8097839355469,426.4508056640625,432.3506774902344,25452380
2021-08-30,429.4007263183594,431.7975463867188,421.8415222167969,427.9257507324219,20041445
2021-08-31,443.5973205566406,443.5973205566406,412.2542114257813,426.6351623535156,56603643
2021-09-01,450.2346801757813,455.9501953125,440.4630126953125,447.1003723144531,38287137
2021-09-02,457.2407836914063,470.1467895507813,454.4752197265625,460.0063781738281,43902749
2021-09-03,449.8659362792969,458.71575927734375,443.966064453125,457.7939147949219,29441113
2021-09-06,465.5375061035156,467.3812255859375,450.0503234863281,451.1565551757813,29043486
2021-09-07,475.2170104980469,479.3653564453125,468.3030700683594,470.1467895507813,27079321
2021-09-08,483.5137023925781,487.66204833984375,472.451416015625,484.896484375,35792918
2021-09-09,442.4910888671875,471.5295715332031,441.5692443847656,469.2249450683594,58676024
2021-09-10,451.7096557617188,456.1345825195313,443.5973205566406,452.8158874511719,38694918
2021-09-13,440.6473693847656,443.5973205566406,434.19439697265625,442.4910888671875,30173503
2021-09-14,435.8537292480469,445.0722961425781,432.1662902832031,439.1724243164063,21592603
2021-09-15,417.9697265625,427.7413940429688,415.9416198730469,422.2102661132813,39231994
2021-09-16,415.75726318359375,419.2603149414063,410.2261047363281,411.8854675292969,26598358
2021-09-17,425.71331787109375,431.0600891113281,410.4104919433594,410.9635925292969,26015577
2021-09-20,418.7071838378906,421.6571350097656,412.99169921875,420.9196472167969,16828242
2021-09-21,414.83538818359375,418.3384704589844,408.5667724609375,411.1479797363281,17960361
2021-09-23,427.00390625,432.9037780761719,420.73529052734375,424.23834228515625,24093629
2021-09-24,424.23834228515625,436.4068298339844,420.5509033203125,425.3445739746094,18068880
2021-09-27,428.2944946289063,436.0380859375,419.6290588378906,423.1321105957031,19490017
2021-09-28,433.0881652832031,438.988037109375,428.2944946289063,430.5069580078125,22722926
2021-09-29,428.6632385253906,428.6632385253906,415.019775390625,425.5289306640625,19797496
2021-09-30,425.3445739746094,428.2944946289063,418.3384704589844,420.3665466308594,18804935
2021-10-04,421.2883911132813,433.27252197265625,418.8915710449219,433.27252197265625,12713753
2021-10-05,414.83538818359375,418.1540832519531,410.5948486328125,411.3323364257813,12888955
2021-10-06,411.5167236328125,418.5228271484375,410.77923583984375,418.5228271484375,11767293
2021-10-07,434.5631408691406,435.8537292480469,418.7071838378906,419.4446716308594,15784083
2021-10-08,444.15045166015625,451.7096557617188,435.1162414550781,451.7096557617188,32333000
2021-10-11,457.2407836914063,459.63763427734375,450.7878112792969,454.1064758300781,28425260
2021-10-12,445.4410400390625,451.7096557617188,442.6754760742188,448.944091796875,17842757
2021-10-15,456.8720703125,460.92822265625,446.5472717285156,453.3689880371094,31595846
2021-10-18,458.1626586914063,460.3751220703125,447.4691162109375,460.3751220703125,22487283
2021-10-19,460.0063781738281,460.92822265625,452.2627868652344,456.6876831054688,16735539
2021-10-20,469.6858520507813,474.7560729980469,465.0765686035156,468.3030700683594,35497959
2021-10-21,465.9984436035156,472.451416015625,460.92822265625,469.6858520507813,18097118
2021-10-22,469.6858520507813,471.9905090332031,463.2328796386719,467.8421325683594,13823480
2021-10-25,465.5375061035156,470.1467895507813,461.8500671386719,465.9984436035156,13296540
2021-10-26,462.7719421386719,468.3030700683594,456.8720703125,467.8421325683594,16606863
2021-10-27,448.944091796875,453.18463134765625,444.5191650390625,452.4471435546875,20302427
2021-10-28,450.0503234863281,455.3970947265625,447.8378601074219,447.8378601074219,14832277
2021-10-29,443.4129638671875,450.2346801757813,443.4129638671875,448.75970458984375,17834144
2021-11-01,432.9037780761719,439.5411682128906,428.6632385253906,439.1724243164063,24569493
2021-11-02,427.7413940429688,444.3348083496094,424.23834228515625,441.2005004882813,35803836
2021-11-03,432.3506774902344,433.27252197265625,422.02587890625,425.8976745605469,21003990
2021-11-04,443.22857666015625,444.15045166015625,436.7755737304688,438.0661926269531,17834322
2021-11-05,430.8757019042969,437.1443176269531,428.8476257324219,435.1162414550781,21716216
2021-11-08,427.5570068359375,427.7413940429688,417.9697265625,424.23834228515625,24234522
2021-11-09,427.7413940429688,434.19439697265625,423.6852111816406,432.3506774902344,14760906
2021-11-10,445.8097839355469,448.75970458984375,429.5851135253906,432.3506774902344,33212806
2021-11-11,440.2786254882813,442.6754760742188,430.5069580078125,440.6473693847656,39089792
2021-11-12,447.2847595214844,453.000244140625,444.15045166015625,449.68157958984375,25849642
2021-11-15,453.3689880371094,456.1345825195313,450.7878112792969,453.5533752441406,21038637
2021-11-16,463.2328796386719,469.2249450683594,455.5814514160156,458.5314025878906,30659014
2021-11-17,469.2249450683594,469.2249450683594,459.63763427734375,464.61566162109375,23262320
2021-11-18,457.978271484375,464.15472412109375,454.2908630371094,462.7719421386719,20959763
2021-11-19,457.2407836914063,457.7939147949219,447.1003723144531,448.5753479003906,16502389
2021-11-22,455.7658386230469,462.3110046386719,452.6315307617188,459.0845031738281,15931741
2021-11-23,443.5973205566406,447.8378601074219,441.5692443847656,446.1785278320313,20313292
2021-11-24,435.3006286621094,443.22857666015625,430.8757019042969,436.2224731445313,28227792
2021-11-25,440.4630126953125,444.70355224609375,434.19439697265625,435.3006286621094,18375654
2021-11-26,427.1882629394531,435.6693420410156,424.053955078125,435.6693420410156,35673130
2021-11-29,426.2664184570313,434.3787536621094,425.3445739746094,425.8976745605469,21163279
2021-11-30,423.5008544921875,424.23834228515625,413.9135437011719,421.8415222167969,38602838
2021-12-01,432.1662902832031,436.5912170410156,425.3445739746094,426.4508056640625,22065387
2021-12-02,436.5912170410156,436.5912170410156,427.3726501464844,430.5069580078125,19221936
2021-12-03,426.4508056640625,432.1662902832031,421.8415222167969,432.1662902832031,24404006
2021-12-06,412.8073120117188,423.6852111816406,412.6229553222656,413.7291870117188,33582406
2021-12-07,427.5570068359375,427.7413940429688,416.3103637695313,422.02587890625,25205220
2021-12-08,430.5069580078125,433.6412658691406,428.6632385253906,431.0600891113281,16459470
2021-12-09,435.6693420410156,437.3287048339844,434.19439697265625,437.3287048339844,14485645
2021-12-10,427.1882629394531,436.9599609375,425.5289306640625,434.19439697265625,16521558
2021-12-13,430.1382141113281,443.4129638671875,430.1382141113281,433.8256530761719,24125047
2021-12-14,423.8695983886719,429.2163696289063,421.6571350097656,424.053955078125,14808796
2021-12-15,420.1821594238281,428.1101379394531,417.7853393554688,423.6852111816406,14505438
2021-12-16,417.2322387695313,419.6290588378906,413.1760559082031,416.6791076660156,22812079
2021-12-17,403.7731323242188,412.2542114257813,403.7731323242188,412.06982421875,30682034
2021-12-20,396.3982849121094,405.24810791015625,395.4764099121094,403.2200012207031,22143443
2021-12-21,406.3543090820313,411.8854675292969,395.84515380859375,396.3982849121094,18686797
2021-12-22,408.3824157714844,415.5728759765625,405.9855651855469,414.83538818359375,15012791
2021-12-23,425.71331787109375,432.1662902832031,414.0979309082031,418.5228271484375,35745558
2021-12-24,424.23834228515625,431.98193359375,423.1321105957031,431.98193359375,10313242
2021-12-28,415.2041320800781,423.31646728515625,410.2261047363281,422.02587890625,20555921
2021-12-29,410.041748046875,410.77923583984375,405.9855651855469,408.9355163574219,10402269
2021-12-30,408.7511596679688,415.5728759765625,407.4605407714844,411.5167236328125,8314363
2021-12-31,421.1040344238281,425.8976745605469,419.6290588378906,425.8976745605469,10712324
2022-01-03,418.3384704589844,426.8195495605469,417.6009826660156,423.8695983886719,6531544
2022-01-04,414.83538818359375,422.2102661132813,410.5948486328125,419.81341552734375,14711705
2022-01-05,396.9513854980469,409.3042602539063,395.4764099121094,407.8292846679688,34633344
2022-01-06,402.8512573242188,403.03564453125,388.1015625,388.1015625,24292770
2022-01-07,408.3824157714844,413.3604431152344,404.1418762207031,410.2261047363281,22577720
2022-01-10,417.7853393554688,421.4727783203125,407.8292846679688,412.99169921875,21218880
2022-01-11,424.053955078125,425.8976745605469,418.7071838378906,422.2102661132813,17795793
2022-01-12,443.22857666015625,443.22857666015625,432.5350341796875,434.931884765625,30671300
2022-01-13,438.0661926269531,448.0222473144531,435.4849853515625,448.0222473144531,19860639
2022-01-14,436.4068298339844,437.1443176269531,425.8976745605469,425.8976745605469,14886027
2022-01-17,429.2163696289063,436.7755737304688,427.7413940429688,435.1162414550781,13757827
2022-01-18,417.4165954589844,434.19439697265625,415.5728759765625,431.2444458007813,25533037
2022-01-19,420.1821594238281,422.2102661132813,414.83538818359375,417.6009826660156,18972619
2022-01-20,447.9155578613281,448.2954711914063,419.8021240234375,419.8021240234375,31098094
2022-01-21,450.9548645019531,454.3740539550781,443.5466003417969,445.2561950683594,28238280
2022-01-24,446.0160217285156,449.8151245117188,442.4068603515625,446.39593505859375,15453269
2022-01-25,443.3566284179688,444.4963684082031,436.3282775878906,436.3282775878906,26320564
2022-01-26,449.8151245117188,452.6644592285156,442.5968017578125,446.39593505859375,22762432
2022-01-27,439.7474670410156,443.5466003417969,434.8086242675781,441.6470336914063,21591501
2022-01-28,436.8981323242188,440.697265625,432.7191162109375,439.7474670410156,15822080
2022-01-31,447.53564453125,447.53564453125,447.53564453125,447.53564453125,0
2022-02-04,454.9439392089844,458.7430419921875,447.345703125,458.7430419921875,16772866
2022-02-07,453.994140625,457.7932739257813,446.58587646484375,457.7932739257813,16195588
2022-02-08,446.39593505859375,452.0946044921875,445.4461364746094,450.764892578125,19745906
2022-02-09,458.5531005859375,459.3128967285156,452.6644592285156,455.8937072753906,24600711
2022-02-10,460.0727233886719,463.491943359375,451.9046325683594,463.491943359375,19803240
2022-02-11,453.04437255859375,459.3128967285156,448.6753845214844,454.75396728515625,16344233
2022-02-14,448.2954711914063,448.8653564453125,442.0269470214844,446.58587646484375,13541324
2022-02-15,446.39593505859375,450.764892578125,442.9767150878906,448.2954711914063,14623872
2022-02-16,452.2845458984375,453.04437255859375,447.53564453125,453.04437255859375,12855204
2022-02-17,454.9439392089844,455.5137939453125,448.2954711914063,452.2845458984375,13607278
2022-02-18,446.39593505859375,458.5531005859375,444.4963684082031,454.9439392089844,25303740
2022-02-21,423.0313720703125,443.3566284179688,418.4724426269531,440.88720703125,48477043
2022-02-22,422.4615173339844,422.8414001464844,410.4942932128906,410.4942932128906,32179004
2022-02-23,422.6514587402344,428.7300415039063,420.1820373535156,420.1820373535156,21311907
2022-02-24,406.3152770996094,417.5226440429688,402.3262023925781,414.29339599609375,35768451
2022-02-25,402.70611572265625,416.9527893066406,399.0969543457031,410.6842346191406,26877414
2022-02-28,400.0467224121094,404.0357971191406,393.5882263183594,398.906982421875,28269030
2022-03-01,409.35455322265625,416.9527893066406,399.2868957519531,400.0467224121094,20329969
2022-03-02,402.13623046875,412.9637145996094,401.5663757324219,405.5554504394531,14752581
2022-03-03,397.7672729492188,404.9855651855469,394.53802490234375,401.5663757324219,20920744
2022-03-04,382.9507141113281,385.800048828125,379.9114379882813,382.7607727050781,43750295
2022-03-07,368.5140686035156,377.2520446777344,361.8656311035156,369.4638671875,41987247
2022-03-08,363.95513916015625,376.4922180175781,361.2957763671875,369.4638671875,33966559
2022-03-09,365.4747924804688,371.1734619140625,351.4180603027344,363.95513916015625,34965768
2022-03-10,365.6647338867188,378.7716979980469,362.0555725097656,375.5424499511719,25335066
2022-03-11,349.3285522460937,356.546875,341.9202880859375,350.4682922363281,50996737
2022-03-14,315.13653564453125,341.5403747558594,313.4269104003906,335.2718200683594,70448173
2022-03-15,283.03399658203125,316.4662170410156,282.084228515625,289.8724060058594,124658821
2022-03-16,348.5687255859375,352.1778869628906,294.8112487792969,299.3702087402344,113433662
2022-03-17,370.4136352539063,380.8612060546875,354.8372802734375,380.8612060546875,73377749
2022-03-18,361.8656311035156,373.0730285644531,352.36785888671875,360.9158630371094,39708790
2022-03-21,353.6975402832031,372.693115234375,351.7979736328125,372.5031433105469,32326528
2022-03-22,368.5140686035156,369.4638671875,343.81982421875,351.4180603027344,32645563
2022-03-23,369.4638671875,383.3306274414063,365.8547058105469,378.9616394042969,44491277
2022-03-24,347.61895751953125,362.43548583984375,346.6691589355469,354.26739501953125,49413053
2022-03-25,338.5010681152344,349.8984069824219,333.3722839355469,340.590576171875,40322104
2022-03-28,347.9988708496094,353.8874816894531,336.2216186523437,340.0207214355469,28357473
2022-03-29,358.2564697265625,361.2957763671875,351.4180603027344,352.36785888671875,22007226
2022-03-30,361.4857177734375,369.0839538574219,361.1058044433594,363.7651977539063,28377006
2022-03-31,355.4071350097656,363.1953125,353.8874816894531,363.1953125,15361005
2022-04-01,359.776123046875,359.776123046875,344.0097961425781,348.5687255859375,15263214
2022-04-04,370.4136352539063,371.3634033203125,364.5250244140625,369.2738952636719,16493903
2022-04-06,361.8656311035156,365.6647338867188,360.9158630371094,363.7651977539063,18033596
2022-04-07,355.5971069335937,364.3350524902344,355.0272216796875,356.73681640625,16713428
2022-04-08,351.03814697265625,353.507568359375,347.61895751953125,351.4180603027344,20637305
2022-04-11,335.8417053222656,347.80889892578125,335.2718200683594,347.61895751953125,23993899
2022-04-12,347.9988708496094,353.8874816894531,340.590576171875,345.5294494628906,27806289
2022-04-13,354.8372802734375,359.966064453125,343.6298828125,347.61895751953125,22786489
2022-04-14,355.5971069335937,359.966064453125,353.8874816894531,359.776123046875,15962008
2022-04-19,345.7193908691406,349.1386108398437,342.8700561523437,347.4289855957031,18679202
2022-04-20,343.81982421875,350.2783203125,343.4399108886719,346.2892761230469,11427510
2022-04-21,330.52294921875,338.3111267089844,325.7740478515625,334.3220520019531,27099539
2022-04-22,323.4945678710937,325.7740478515625,317.4159851074219,317.9858703613281,29513509
2022-04-25,310.9574890136719,321.59503173828125,308.86798095703125,315.5164489746094,27152036
2022-04-26,318.9356384277344,324.4443664550781,313.9967956542969,315.5164489746094,28731252
2022-04-27,317.9858703613281,321.59503173828125,311.7173156738281,315.32647705078125,24646404
2022-04-28,322.7347412109375,323.4945678710937,314.566650390625,323.4945678710937,22355935
2022-04-29,358.4464416503906,368.5140686035156,320.4552917480469,321.9749450683594,49977014
2022-05-03,360.9158630371094,365.4747924804688,347.049072265625,359.966064453125,26923424
2022-05-04,349.8984069824219,356.9267883300781,347.80889892578125,355.5971069335937,14847493
2022-05-05,347.9988708496094,359.01629638671875,347.9988708496094,356.9267883300781,22525168
2022-05-06,331.66265869140625,337.5513000488281,329.5731506347656,334.89190673828125,24135375
2022-05-10,324.064453125,328.05352783203125,313.4269104003906,315.32647705078125,29900375
2022-05-11,332.8023986816406,343.81982421875,322.5447998046875,322.5447998046875,25636282
2022-05-12,326.9137878417969,334.5119934082031,324.6343078613281,325.5840759277344,21081648
2022-05-13,336.6015319824219,339.2608947753906,332.4224853515625,332.4224853515625,20518021
2022-05-16,332.4224853515625,344.1997375488281,329.7631225585937,341.9202880859375,16380684
2022-05-17,349.8984069824219,350.84820556640625,336.6015319824219,336.6015319824219,31709550
2022-05-18,347.2390441894531,356.3569030761719,340.0207214355469,356.3569030761719,29842282
2022-05-19,324.6343078613281,326.3439025878906,317.2260437011719,324.82427978515625,63330058
2022-05-20,334.5119934082031,336.9814453125,328.6233825683594,330.52294921875,29823434
2022-05-23,329.3832092285156,332.99237060546875,324.82427978515625,332.0425720214844,17935414
2022-05-24,321.025146484375,330.1430358886719,319.5054931640625,325.5840759277344,20741634
2022-05-25,317.2260437011719,322.7347412109375,317.2260437011719,317.9858703613281,22692875
2022-05-26,317.4159851074219,318.9356384277344,313.4269104003906,318.1758117675781,19474403
2022-05-27,324.6343078613281,330.3329772949219,321.2151184082031,328.24346923828125,21858579
2022-05-30,332.4224853515625,333.5622253417969,327.1037292480469,328.43341064453125,23477448
2022-05-31,344.1997375488281,344.7696228027344,329.0032958984375,331.47271728515625,68180756
2022-06-01,342.3002014160156,347.80889892578125,339.8307800292969,343.81982421875,28343735
2022-06-02,340.9704895019531,342.4901428222656,336.0316467285156,337.17138671875,14932415
2022-06-06,349.1386108398437,350.84820556640625,338.12115478515625,343.81982421875,25163887
2022-06-07,349.1386108398437,355.9769897460937,344.7696228027344,353.317626953125,28519264
2022-06-08,371.7433166503906,371.7433166503906,354.4573669433594,356.1669616699219,49987345
2022-06-09,374.9725646972656,386.3699035644531,369.4638671875,383.7105407714844,41217081
2022-06-10,376.4922180175781,378.2018127441406,363.7651977539063,365.0948791503906,31329160
2022-06-13,358.0665283203125,367.3743591308594,354.8372802734375,364.3350524902344,26256659
2022-06-14,357.1167297363281,359.3962097167969,348.9486389160156,348.9486389160156,17169964
2022-06-15,360.7258911132813,363.00537109375,356.3569030761719,357.1167297363281,22365927
2022-06-16,349.1386108398437,363.1953125,345.7193908691406,360.9158630371094,23314598
2022-06-17,350.84820556640625,355.7870483398437,343.6298828125,343.6298828125,20513213
2022-06-20,352.1778869628906,355.2171936035156,346.2892761230469,351.4180603027344,12255165
2022-06-21,361.8656311035156,361.8656311035156,351.6080322265625,353.1276550292969,15807132
2022-06-22,351.4180603027344,361.6756896972656,351.4180603027344,361.6756896972656,14439299
2022-06-23,356.1669616699219,360.3459777832031,350.4682922363281,353.1276550292969,13288125
2022-06-24,364.9049072265625,366.6145324707031,355.4071350097656,360.3459777832031,19160085
2022-06-27,359.20623779296875,380.1013793945313,355.7870483398437,367.5643005371094,60436173
2022-06-28,347.4289855957031,354.6473083496094,338.5010681152344,354.07745361328125,61682872
2022-06-29,346.6691589355469,351.7979736328125,338.3111267089844,341.9202880859375,36825199
2022-06-30,336.6015319824219,345.3394775390625,336.2216186523437,341.9202880859375,35150506
2022-07-04,329.5731506347656,338.5010681152344,327.1037292480469,336.6015319824219,40489011
2022-07-05,331.28277587890625,335.6517333984375,329.9530639648437,330.52294921875,20516943
2022-07-06,330.1430358886719,335.2718200683594,323.6845397949219,331.47271728515625,26134846
2022-07-07,333.942138671875,333.942138671875,325.5840759277344,325.9639892578125,19989588
2022-07-08,334.89190673828125,339.2608947753906,331.0928039550781,339.2608947753906,19746025
2022-07-11,325.2041931152344,328.8133239746094,323.1146545410156,327.1037292480469,21687300
2022-07-12,320.835205078125,323.6845397949219,319.3155517578125,321.59503173828125,18222209
2022-07-13,318.55572509765625,324.064453125,318.1758117675781,321.59503173828125,18040252
2022-07-14,318.1758117675781,320.4552917480469,315.32647705078125,317.7958984375,17662006
2022-07-15,308.67803955078125,315.7063903808594,306.96844482421875,313.4269104003906,27720676
2022-07-18,315.8963623046875,317.0360717773437,304.87890625,310.0077209472656,21449470
2022-07-19,316.4662170410156,321.4050598144531,313.4269104003906,314.7566223144531,13324752
2022-07-20,321.59503173828125,325.5840759277344,321.025146484375,324.82427978515625,16827893
2022-07-21,317.2260437011719,319.6954650878906,312.6671142578125,318.1758117675781,20117623
2022-07-22,315.32647705078125,322.5447998046875,313.4269104003906,320.6452331542969,15878686
2022-07-25,310.0077209472656,313.4269104003906,305.44879150390625,313.0470275878906,17738614
2022-07-26,312.8570556640625,313.80682373046875,306.96844482421875,308.2981262207031,14596411
2022-07-27,304.1190795898437,311.33740234375,303.9291381835937,308.67803955078125,20864179
2022-07-28,304.68896484375,309.4378662109375,303.9291381835937,308.2981262207031,16161029
2022-07-29,291.3920593261719,307.15838623046875,289.6824645996094,304.68896484375,39161077
2022-08-01,284.5536499023437,289.49249267578125,284.5536499023437,286.8331298828125,42108373
2022-08-02,280.1846618652344,280.9444885253906,273.5362243652344,280.3746337890625,44948736
2022-08-03,287.4029846191406,291.0121459960937,283.03399658203125,283.9837951660156,28852709
2022-08-04,296.3309020996094,296.3309020996094,289.8724060058594,292.3418273925781,20838564
2022-08-05,292.1518859863281,298.23046875,288.9226379394531,297.6606140136719,17311910
2022-08-08,284.3637084960937,290.4422912597656,283.2239685058594,287.2130432128906,15842588
2022-08-09,283.03399658203125,289.1125793457031,281.5143737792969,284.9335632324219,14943954
2022-08-10,280.7545471191406,284.7436218261719,277.5252990722656,284.5536499023437,16170724
2022-08-11,288.352783203125,289.30255126953125,283.2239685058594,284.1737365722656,15647854
2022-08-12,288.9226379394531,289.30255126953125,285.12353515625,289.30255126953125,11562363
2022-08-15,285.3134765625,290.4422912597656,283.9837951660156,286.6431579589844,12236681
2022-08-16,287.78289794921875,290.6322326660156,277.9052124023437,286.8331298828125,24774160
2022-08-17,287.9728698730469,290.4422912597656,282.084228515625,287.78289794921875,18547810
2022-08-18,296.9007873535156,300.1300354003906,293.8614807128906,300.1300354003906,33909244
2022-08-19,299.18023681640625,303.9291381835937,296.5208740234375,296.9007873535156,24497052
2022-08-22,295.001220703125,299.7501220703125,292.72174072265625,296.5208740234375,15556594
2022-08-23,297.0907287597656,298.23046875,293.4815673828125,296.3309020996094,14245624
2022-08-24,294.4313659667969,299.5601501464844,291.9619140625,298.0404968261719,13740901
2022-08-25,308.67803955078125,309.0579528808594,296.9007873535156,296.9007873535156,20468991
2022-08-26,307.918212890625,314.1867370605469,305.2588195800781,313.61688232421875,19558483
2022-08-29,306.7784729003906,308.4880676269531,300.8898620605469,302.9793701171875,13050392
2022-08-30,307.34832763671875,307.5382995605469,298.0404968261719,306.7784729003906,14785492
2022-08-31,310.7675476074219,317.7958984375,298.99029541015625,299.18023681640625,27592247
2022-09-01,308.2981262207031,316.8461303710937,307.7282409667969,310.5775756835937,25197807
2022-09-02,312.09722900390625,313.9967956542969,306.0186462402344,307.5382995605469,26838727
2022-09-05,302.9793701171875,308.4880676269531,300.1300354003906,307.7282409667969,21447744
2022-09-06,298.42041015625,305.44879150390625,295.95098876953125,302.9793701171875,17091537
2022-09-07,295.95098876953125,296.7108154296875,290.8222045898437,293.6715393066406,15981089
2022-09-08,286.6431579589844,295.001220703125,285.12353515625,291.3920593261719,24821368
2022-09-09,291.58203125,293.8614807128906,283.9837951660156,283.9837951660156,18070133
2022-09-13,289.49249267578125,293.2916259765625,289.1125793457031,293.1016540527344,18081809
2022-09-14,284.5536499023437,288.9226379394531,283.9837951660156,285.3134765625,18940182
2022-09-15,284.9335632324219,287.2130432128906,284.1737365722656,284.1737365722656,14026323
2022-09-16,278.4750671386719,284.3637084960937,278.4750671386719,282.4641418457031,26263163
2022-09-19,274.4859924316406,278.0951538085937,273.7261657714844,277.5252990722656,24136397
2022-09-20,278.6650390625,281.7043151855469,277.7152404785156,277.7152404785156,15936615
2022-09-21,271.6366577148437,276.7654724121094,271.6366577148437,275.8157043457031,16944133
2022-09-22,268.7873229980469,271.0668029785156,265.1781616210937,267.8375549316406,18464820
2022-09-23,261.1891174316406,267.2677001953125,261.1891174316406,264.6083068847656,20715044
2022-09-26,268.977294921875,273.15631103515625,259.4794921875,259.4794921875,25949956
2022-09-27,266.69781494140625,268.977294921875,261.3790588378906,268.21746826171875,23931088
2022-09-28,260.23931884765625,265.748046875,259.6694641113281,265.748046875,23331323
2022-09-29,257.01007080078125,269.5471496582031,254.7306060791016,264.2283935546875,21225113
2022-09-30,253.02101135253903,262.518798828125,250.36163330078125,253.4009246826172,23645919
2022-10-03,250.5515899658203,253.4009246826172,246.37255859375,250.7415313720703,14726895
2022-10-05,264.9882202148437,265.93798828125,257.5799560546875,260.9991455078125,19100720
2022-10-06,263.8484802246094,268.40740966796875,261.1891174316406,264.9882202148437,10922599
2022-10-07,257.01007080078125,260.6192321777344,256.4402160644531,260.04937744140625,10508799
2022-10-10,250.5515899658203,254.92056274414065,249.601806640625,252.6410980224609,16508799
2022-10-11,241.8136138916016,249.22189331054688,241.4337158203125,248.46206665039065,22451585
2022-10-12,240.8638458251953,250.7415313720703,235.54507446289065,238.39442443847656,33718496
2022-10-13,233.83547973632807,242.1935272216797,233.83547973632807,241.6236724853516,23330747
2022-10-14,236.684814453125,245.8026885986328,235.92498779296875,237.44464111328125,33120474
2022-10-17,234.78526306152344,238.2044677734375,228.7066802978516,232.8856964111328,27710742
2022-10-18,241.6236724853516,243.7131805419922,236.8747711181641,239.3441925048828,23299725
2022-10-19,231.7459716796875,239.9140625,231.3660583496093,238.9642791748047,22065529
2022-10-20,220.72853088378903,227.18702697753903,219.3988494873047,225.09751892089844,52023627
2022-10-21,221.1084442138672,224.52764892578125,218.63902282714844,220.3486175537109,27949605
2022-10-24,195.84434509277344,214.6499481201172,194.89456176757807,212.7503967285156,89566069
2022-10-25,196.03428649902344,204.7722625732422,188.6260223388672,191.8552703857422,76877860
2022-10-26,200.97314453125,207.431640625,192.04522705078125,194.5146484375,53011549
2022-10-27,202.49278259277344,210.8508453369141,201.16310119628903,210.0910186767578,44975839
2022-10-28,190.7155303955078,200.7831878662109,189.9557037353516,199.4534912109375,42991223
2022-10-31,195.27447509765625,205.72203063964844,189.0059356689453,191.66531372070312,52130612
2022-11-01,215.97964477539065,220.1586761474609,197.36398315429688,197.36398315429688,81958346
2022-11-02,219.01893615722656,220.3486175537109,208.95127868652344,214.27003479003903,37003471
2022-11-03,210.28097534179688,218.63902282714844,209.1412353515625,214.6499481201172,32254804
2022-11-04,226.61715698242188,234.9752197265625,213.1303100585937,213.1303100585937,70707463
2022-11-07,233.07565307617188,237.06472778320312,219.96871948242188,222.0582275390625,46305791
2022-11-08,233.45556640625,239.3441925048828,230.60623168945312,231.1761016845703,24786140
2022-11-09,224.9075622558593,235.92498779296875,222.0582275390625,231.7459716796875,33332722
2022-11-10,219.7787628173828,222.6280975341797,217.4992828369141,217.4992828369141,24487596
2022-11-11,245.4227752685547,247.70225524902344,233.07565307617188,240.29397583007807,55816383
2022-11-14,247.5122985839844,262.708740234375,244.2830505371093,255.68038940429688,50955670
2022-11-15,273.5362243652344,273.7261657714844,245.2328186035156,248.84197998046875,66439198
2022-11-16,279.61480712890625,281.894287109375,265.93798828125,271.2567443847656,65052154
2022-11-17,277.3353271484375,284.3637084960937,267.0777282714844,283.6038818359375,73512490
2022-11-18,273.3462829589844,287.59295654296875,272.0165710449219,284.9335632324219,47125979
2022-11-21,268.977294921875,272.20654296875,260.8092041015625,268.0274963378906,32964378
2022-11-22,263.46856689453125,272.0165710449219,260.8092041015625,266.1279602050781,29966391
2022-11-23,267.8375549316406,270.4969482421875,263.46856689453125,263.8484802246094,24616758
2022-11-24,266.3179016113281,274.86590576171875,264.9882202148437,272.0165710449219,18082659
2022-11-25,259.28955078125,263.8484802246094,254.92056274414065,263.0886535644531,32973614
2022-11-28,256.4402160644531,257.7698974609375,245.99264526367188,245.99264526367188,35269983
2022-11-29,271.4467163085937,271.6366577148437,260.04937744140625,262.518798828125,34893161
2022-11-30,272.7763977050781,277.9052124023437,265.93798828125,269.3572082519531,49099574
2022-12-01,279.61480712890625,288.542724609375,277.9052124023437,283.03399658203125,47958641
2022-12-02,281.13446044921875,284.5536499023437,276.9554138183594,281.13446044921875,26413721
2022-12-05,298.23046875,301.0798034667969,287.2130432128906,294.4313659667969,62990620
2022-12-06,296.1409606933594,298.0404968261719,291.77197265625,292.3418273925781,30595611
2022-12-07,285.12353515625,302.5994567871094,283.9837951660156,294.24139404296875,43281194
2022-12-08,301.459716796875,302.0295715332031,288.9226379394531,288.9226379394531,35895137
2022-12-09,309.2478942871094,310.1976623535156,298.6103820800781,302.7893981933594,42536416
2022-12-12,301.649658203125,308.4880676269531,299.5601501464844,302.40948486328125,21594497
2022-12-13,302.40948486328125,308.67803955078125,299.7501220703125,300.1300354003906,21387357
2022-12-14,308.67803955078125,311.33740234375,302.40948486328125,306.0186462402344,25520152
2022-12-15,301.649658203125,310.1976623535156,300.1300354003906,308.67803955078125,19964708
2022-12-16,300.8898620605469,305.2588195800781,295.95098876953125,298.23046875,26457328
2022-12-19,304.3090515136719,312.2872009277344,300.8898620605469,304.3090515136719,26213666
2022-12-20,293.8614807128906,302.7893981933594,291.0121459960937,302.7893981933594,30592837
2022-12-21,295.3811340332031,297.4706420898437,292.53179931640625,295.3811340332031,16134154
2022-12-22,307.5382995605469,309.4378662109375,300.50994873046875,302.9793701171875,25534109
2022-12-23,304.1190795898437,309.6278076171875,301.2697448730469,302.0295715332031,16322433
2022-12-28,309.8177795410156,313.0470275878906,305.63873291015625,308.67803955078125,25467403
2022-12-29,318.36578369140625,319.1255798339844,306.7784729003906,306.7784729003906,31678390
2022-12-30,317.2260437011719,326.53387451171875,314.7566223144531,321.9749450683594,28650190
2023-01-03,327.8635559082031,328.43341064453125,312.2872009277344,317.2260437011719,31541576
2023-01-04,342.8700561523437,342.8700561523437,331.47271728515625,332.4224853515625,39409103
2023-01-05,347.79998779296875,362.2000122070313,343.6000061035156,358.0,40803927
2023-01-06,349.3999938964844,359.3999938964844,346.79998779296875,353.6000061035156,27092487
2023-01-09,362.0,362.3999938964844,351.6000061035156,355.0,28323733
2023-01-10,362.3999938964844,365.7999877929688,357.0,365.0,19854116
2023-01-11,373.7999877929688,378.7999877929688,366.6000061035156,369.7999877929688,35722217
2023-01-12,364.0,379.6000061035156,356.3999938964844,379.0,40547528
2023-01-13,371.3999938964844,372.3999938964844,356.20001220703125,364.6000061035156,20970696
2023-01-16,370.2000122070313,376.3999938964844,364.0,372.2000122070313,19986153
2023-01-17,373.7999877929688,375.6000061035156,366.0,370.6000061035156,16103837
2023-01-18,380.0,381.0,371.0,380.0,27122730
2023-01-19,382.7999877929688,385.0,374.6000061035156,377.0,17351698
2023-01-20,391.7999877929688,392.2000122070313,385.0,390.0,16863710
2023-01-26,406.7999877929688,406.7999877929688,398.3999938964844,400.0,23729091
2023-01-27,415.0,416.6000061035156,409.0,410.2000122070313,18625209
2023-01-30,387.2000122070313,411.0,384.0,407.6000061035156,53626689
2023-01-31,382.2000122070313,397.0,373.7999877929688,390.0,55756238
2023-02-01,385.0,387.0,373.6000061035156,385.6000061035156,31418879
2023-02-02,383.0,392.0,381.2000122070313,389.0,23755405
2023-02-03,385.0,386.6000061035156,375.3999938964844,381.6000061035156,25941959
2023-02-06,376.7999877929688,380.0,368.6000061035156,375.2000122070313,25591052
2023-02-07,380.0,386.0,377.3999938964844,381.0,19801656
2023-02-08,382.2000122070313,386.7999877929688,377.7999877929688,383.7999877929688,17269537
2023-02-09,395.6000061035156,397.0,380.0,381.2000122070313,26660695
2023-02-10,383.3999938964844,397.2000122070313,382.6000061035156,395.0,24606130
2023-02-13,386.6000061035156,388.6000061035156,376.6000061035156,379.2000122070313,20355691
2023-02-14,378.6000061035156,387.6000061035156,378.0,387.0,17932457
2023-02-15,377.0,382.2000122070313,372.3999938964844,382.2000122070313,16498472
2023-02-16,382.6000061035156,392.7999877929688,379.0,380.7999877929688,21914350
2023-02-17,373.7999877929688,387.3999938964844,373.0,385.2000122070313,17721575
2023-02-20,377.0,378.7999877929688,369.2000122070313,371.6000061035156,12312675
2023-02-21,361.7999877929688,375.3999938964844,358.20001220703125,375.2000122070313,29313236
2023-02-22,356.0,363.0,347.6000061035156,355.6000061035156,33151555
2023-02-23,356.0,363.3999938964844,348.3999938964844,350.79998779296875,19433112
2023-02-24,349.3999938964844,355.20001220703125,347.3999938964844,351.0,24415893
2023-02-27,349.3999938964844,354.3999938964844,342.79998779296875,345.0,20480043
2023-02-28,343.6000061035156,357.6000061035156,343.6000061035156,352.20001220703125,26006206
2023-03-01,368.7999877929688,370.7999877929688,346.0,347.3999938964844,35607254
2023-03-02,362.7999877929688,369.0,362.3999938964844,368.2000122070313,14796574
2023-03-03,367.6000061035156,374.7999877929688,364.3999938964844,372.2000122070313,17784504
2023-03-06,363.0,368.6000061035156,360.6000061035156,364.0,12628083
2023-03-07,357.0,368.7999877929688,355.0,362.7999877929688,17037998
2023-03-08,349.6000061035156,351.6000061035156,345.0,350.0,21208344
2023-03-09,340.20001220703125,349.20001220703125,340.20001220703125,348.0,17274863
2023-03-10,331.6000061035156,338.20001220703125,330.6000061035156,333.0,37596411
2023-03-13,344.79998779296875,351.6000061035156,337.3999938964844,340.3999938964844,27127633
2023-03-14,341.6000061035156,352.6000061035156,339.0,341.3999938964844,21324692
2023-03-15,344.6000061035156,353.79998779296875,344.20001220703125,350.3999938964844,16570551
2023-03-16,336.0,345.0,333.79998779296875,340.3999938964844,23728825
2023-03-17,339.3999938964844,346.6000061035156,339.3999938964844,340.79998779296875,29033159
2023-03-20,334.79998779296875,339.3999938964844,331.0,337.0,20437066
2023-03-21,343.6000061035156,347.0,330.3999938964844,334.79998779296875,21276362
2023-03-22,347.20001220703125,353.6000061035156,346.20001220703125,347.0,19654793
2023-03-23,375.6000061035156,375.7999877929688,352.3999938964844,353.6000061035156,46850205
2023-03-24,376.7999877929688,387.3999938964844,374.7999877929688,380.0,33215505
2023-03-27,362.7999877929688,378.0,362.6000061035156,374.6000061035156,25798653
2023-03-28,378.2000122070313,381.0,366.7999877929688,366.7999877929688,31337657
2023-03-29,384.7999877929688,397.6000061035156,382.0,397.0,36095299
2023-03-30,385.0,389.7999877929688,380.2000122070313,389.7999877929688,25243232
2023-03-31,385.7999877929688,394.0,384.0,390.0,25957481
2023-04-03,388.2000122070313,391.0,385.0,389.0,18773494
2023-04-04,385.0,388.6000061035156,382.2000122070313,383.2000122070313,14254252
2023-04-06,385.3999938964844,387.6000061035156,380.6000061035156,384.0,14945689
2023-04-11,376.6000061035156,390.0,371.3999938964844,389.0,21931068
2023-04-12,357.20001220703125,371.6000061035156,354.20001220703125,371.0,40470596
2023-04-13,363.2000122070313,364.0,347.3999938964844,350.0,24956481
2023-04-14,365.3999938964844,368.2000122070313,359.0,366.3999938964844,12744724
2023-04-17,371.0,372.0,360.3999938964844,364.6000061035156,15710199
2023-04-18,365.3999938964844,371.0,361.0,371.0,13686354
2023-04-19,357.20001220703125,363.0,355.0,363.0,16279391
2023-04-20,357.0,361.6000061035156,355.6000061035156,357.20001220703125,10530854
2023-04-21,349.20001220703125,355.6000061035156,346.0,353.20001220703125,16523648
2023-04-24,345.0,350.79998779296875,338.0,347.20001220703125,20470625
2023-04-25,338.3999938964844,341.6000061035156,333.0,341.6000061035156,20949955
2023-04-26,348.20001220703125,352.20001220703125,335.3999938964844,335.79998779296875,25018346
2023-04-27,345.0,348.0,340.20001220703125,347.0,14757831
2023-04-28,344.3999938964844,354.79998779296875,343.79998779296875,348.0,15394102
2023-05-02,345.79998779296875,354.3999938964844,342.20001220703125,352.0,8648798
2023-05-03,339.3999938964844,343.0,336.20001220703125,339.6000061035156,10551544
2023-05-04,337.79998779296875,343.6000061035156,333.0,340.6000061035156,17579228
2023-05-05,342.79998779296875,347.0,338.20001220703125,343.3999938964844,14814925
2023-05-08,340.79998779296875,347.6000061035156,337.6000061035156,344.0,10715881
2023-05-09,328.3999938964844,339.20001220703125,328.20001220703125,338.20001220703125,23541440
2023-05-10,329.6000061035156,331.3999938964844,325.3999938964844,327.0,15572919
2023-05-11,326.3999938964844,333.6000061035156,323.20001220703125,332.6000061035156,17571687
2023-05-12,328.20001220703125,334.3999938964844,327.0,331.79998779296875,17991214
2023-05-15,341.0,344.3999938964844,325.0,325.0,23740493
2023-05-16,344.79998779296875,348.0,342.79998779296875,348.0,14121222
2023-05-17,342.79998779296875,349.79998779296875,341.20001220703125,346.0,19562717
2023-05-18,339.79998779296875,343.0,329.3999938964844,341.20001220703125,34412000
2023-05-19,333.20001220703125,335.79998779296875,329.0,333.0,22685856
2023-05-22,340.20001220703125,344.3999938964844,328.20001220703125,331.79998779296875,20042131
2023-05-23,335.6000061035156,345.6000061035156,334.0,345.20001220703125,15019611
2023-05-24,332.3999938964844,336.79998779296875,330.6000061035156,331.20001220703125,13547979
2023-05-25,322.3999938964844,330.6000061035156,318.3999938964844,329.79998779296875,26028377
2023-05-29,313.20001220703125,327.20001220703125,311.20001220703125,327.20001220703125,28838839
2023-05-30,316.20001220703125,318.20001220703125,307.6000061035156,311.79998779296875,21736553
2023-05-31,310.6000061035156,314.6000061035156,306.0,314.6000061035156,32131907
2023-06-01,315.3999938964844,323.3999938964844,311.20001220703125,312.6000061035156,22951704
2023-06-02,334.20001220703125,334.20001220703125,323.3999938964844,327.6000061035156,32055423
2023-06-05,338.20001220703125,338.79998779296875,330.0,336.0,19890895
2023-06-06,331.20001220703125,339.20001220703125,329.0,338.0,16700158
2023-06-07,335.6000061035156,340.0,334.6000061035156,340.0,18254900
2023-06-08,334.79998779296875,335.20001220703125,328.20001220703125,332.79998779296875,13133723
2023-06-09,336.0,340.0,333.79998779296875,336.3999938964844,16184167
2023-06-12,338.3999938964844,340.0,334.20001220703125,340.0,13488760
2023-06-13,344.79998779296875,348.3999938964844,338.0,339.6000061035156,23119808
2023-06-14,345.6000061035156,353.3999938964844,344.0,346.6000061035156,22081967
2023-06-15,355.0,355.0,348.0,353.0,25008358
2023-06-16,363.0,364.3999938964844,355.79998779296875,359.0,35853943
2023-06-19,357.20001220703125,360.0,350.3999938964844,359.6000061035156,20273905
2023-06-20,350.0,359.20001220703125,347.20001220703125,354.0,16283873
2023-06-21,340.3999938964844,346.0,337.0,341.6000061035156,19304438
2023-06-23,337.0,340.79998779296875,333.0,340.0,13898721
2023-06-26,332.79998779296875,339.3999938964844,330.20001220703125,335.6000061035156,18157220
2023-06-27,341.3999938964844,344.3999938964844,332.79998779296875,332.79998779296875,17490624
2023-06-28,336.20001220703125,341.0,333.79998779296875,340.0,15887756
2023-06-29,333.6000061035156,339.0,331.20001220703125,339.0,13517437
2023-06-30,331.6000061035156,333.79998779296875,329.3999938964844,331.0,16197039
2023-07-03,338.0,340.0,331.79998779296875,331.79998779296875,14198462
2023-07-04,339.20001220703125,341.20001220703125,336.20001220703125,336.3999938964844,9439642
2023-07-05,335.3999938964844,341.0,333.20001220703125,339.79998779296875,9861945
2023-07-06,326.79998779296875,337.0,325.3999938964844,332.20001220703125,19781825
2023-07-07,326.6000061035156,331.6000061035156,320.0,323.20001220703125,21595356
2023-07-10,328.79998779296875,335.79998779296875,327.3999938964844,333.79998779296875,17287899
2023-07-11,333.79998779296875,335.6000061035156,330.20001220703125,332.6000061035156,12361269
2023-07-12,340.0,341.0,335.79998779296875,338.6000061035156,16847310
2023-07-13,349.79998779296875,350.6000061035156,347.0,350.0,27315463
2023-07-14,352.6000061035156,354.79998779296875,348.79998779296875,354.79998779296875,21213481
2023-07-18,336.3999938964844,351.79998779296875,335.0,351.79998779296875,29147987
2023-07-19,333.0,333.79998779296875,327.0,330.6000061035156,21913296
2023-07-20,332.79998779296875,341.79998779296875,330.6000061035156,336.0,16564481
2023-07-21,333.0,337.3999938964844,331.0,332.79998779296875,11843920
2023-07-24,325.0,331.0,323.79998779296875,328.6000061035156,17451591
2023-07-25,345.0,345.6000061035156,335.0,337.0,29203653
2023-07-26,341.0,344.79998779296875,338.20001220703125,344.79998779296875,14941840
2023-07-27,343.79998779296875,346.3999938964844,340.3999938964844,346.0,13651548
2023-07-28,350.3999938964844,352.0,338.6000061035156,343.79998779296875,22244305
2023-07-31,354.3999938964844,363.0,350.79998779296875,360.0,36796567
2023-08-01,354.0,361.0,347.20001220703125,356.0,23436211
2023-08-02,343.3999938964844,352.3999938964844,340.20001220703125,351.6000061035156,21038298
2023-08-03,342.20001220703125,347.79998779296875,339.0,342.0,16661383
2023-08-04,343.3999938964844,350.6000061035156,339.20001220703125,348.6000061035156,19099499
2023-08-07,341.20001220703125,341.79998779296875,338.0,340.20001220703125,9480118
2023-08-08,334.79998779296875,337.20001220703125,333.3999938964844,334.3999938964844,15381749
2023-08-09,337.20001220703125,338.20001220703125,332.0,333.0,11917732
2023-08-10,339.79998779296875,341.6000061035156,335.6000061035156,337.20001220703125,11185881
2023-08-11,335.79998779296875,341.6000061035156,334.6000061035156,338.79998779296875,12303930
2023-08-14,333.20001220703125,334.3999938964844,327.79998779296875,328.0,15754526
2023-08-15,332.6000061035156,335.0,330.6000061035156,331.20001220703125,10787439
2023-08-16,328.79998779296875,331.0,327.6000061035156,329.79998779296875,16484843
2023-08-17,332.79998779296875,335.79998779296875,320.6000061035156,320.6000061035156,28817958
2023-08-18,325.0,332.79998779296875,325.0,329.3999938964844,18108794
2023-08-21,318.0,325.79998779296875,318.0,321.0,25696855
2023-08-22,319.0,324.6000061035156,314.3999938964844,318.20001220703125,24679965
2023-08-23,318.0,321.3999938964844,317.0,320.0,17244848
2023-08-24,325.20001220703125,328.0,321.0,321.0,22340826
2023-08-25,320.0,323.79998779296875,320.0,322.6000061035156,12542511
2023-08-28,325.20001220703125,333.6000061035156,324.79998779296875,330.6000061035156,19402834
2023-08-29,329.3999938964844,332.0,325.3999938964844,325.3999938964844,15382479
2023-08-30,325.79998779296875,334.0,325.0,333.79998779296875,15190035
2023-08-31,325.0,331.79998779296875,322.0,331.0,49737237
2023-09-04,333.3999938964844,334.6000061035156,328.3999938964844,330.0,30748869
2023-09-05,329.0,335.0,327.3999938964844,332.0,13250752
2023-09-06,327.6000061035156,329.0,323.20001220703125,329.0,16488562
2023-09-07,321.6000061035156,327.20001220703125,320.20001220703125,326.6000061035156,16724228
2023-09-11,324.0,325.3999938964844,315.3999938964844,315.3999938964844,18808064
2023-09-12,322.0,328.0,319.79998779296875,328.0,10399333
2023-09-13,320.20001220703125,326.0,319.0,326.0,10662703
2023-09-14,319.79998779296875,322.6000061035156,318.3999938964844,322.3999938964844,10153112
2023-09-15,317.20001220703125,321.79998779296875,317.0,320.0,19218155
2023-09-18,312.20001220703125,319.0,312.20001220703125,317.20001220703125,14736625
2023-09-19,312.3999938964844,314.79998779296875,308.79998779296875,312.79998779296875,15579978
2023-09-20,309.20001220703125,312.6000061035156,308.0,312.6000061035156,13663748
2023-09-21,303.0,308.3999938964844,302.0,306.79998779296875,19116385
2023-09-22,313.6000061035156,314.0,300.20001220703125,302.0,21236877
2023-09-25,304.3999938964844,307.0,303.20001220703125,306.6000061035156,18307015
2023-09-26,300.0,303.6000061035156,298.20001220703125,301.0,15924558
2023-09-27,302.0,304.20001220703125,298.0,298.0,14203461
2023-09-28,297.3999938964844,302.6000061035156,296.3999938964844,301.79998779296875,15604031
2023-09-29,306.20001220703125,308.3999938964844,297.20001220703125,297.6000061035156,11252646
2023-10-03,300.6000061035156,302.0,296.3999938964844,302.0,15122710
2023-10-04,297.6000061035156,300.0,295.3999938964844,299.79998779296875,10942209
2023-10-05,299.79998779296875,303.6000061035156,298.6000061035156,299.79998779296875,10801914
2023-10-06,305.20001220703125,307.3999938964844,301.79998779296875,303.79998779296875,11076858
2023-10-09,307.0,308.79998779296875,302.0,305.3999938964844,11396304
2023-10-10,308.20001220703125,314.79998779296875,306.0,308.0,16445252
2023-10-11,311.0,314.6000061035156,310.3999938964844,314.0,16424531
2023-10-12,316.6000061035156,317.20001220703125,314.79998779296875,316.6000061035156,13451541
2023-10-13,306.79998779296875,313.0,305.3999938964844,312.79998779296875,13367440
2023-10-16,301.20001220703125,308.79998779296875,300.20001220703125,308.79998779296875,12452816
2023-10-17,302.20001220703125,304.6000061035156,300.0,304.6000061035156,9202480
2023-10-18,300.0,301.6000061035156,297.3999938964844,300.20001220703125,12001017
2023-10-19,291.20001220703125,297.6000061035156,291.20001220703125,295.3999938964844,17216427
2023-10-20,289.0,290.20001220703125,286.20001220703125,287.3999938964844,19212180
2023-10-24,283.0,289.79998779296875,282.6000061035156,287.0,21619960
2023-10-25,287.79998779296875,296.3999938964844,285.20001220703125,292.3999938964844,17506229
2023-10-26,287.6000061035156,290.20001220703125,283.0,286.79998779296875,11446711
2023-10-27,292.79998779296875,294.6000061035156,287.0,287.6000061035156,16455031
2023-10-30,295.3999938964844,297.79998779296875,290.79998779296875,291.6000061035156,14357754
2023-10-31,289.20001220703125,295.3999938964844,288.0,295.3999938964844,13727382
2023-11-01,287.0,290.0,284.3999938964844,288.79998779296875,11006036
2023-11-02,288.6000061035156,294.20001220703125,286.79998779296875,290.0,10477412
2023-11-03,302.6000061035156,304.20001220703125,291.3999938964844,292.20001220703125,21575201
2023-11-06,312.6000061035156,314.20001220703125,307.20001220703125,309.79998779296875,26863379
2023-11-07,308.6000061035156,314.0,306.20001220703125,312.6000061035156,13397743
2023-11-08,308.3999938964844,314.6000061035156,307.3999938964844,309.3999938964844,12879809
2023-11-09,306.79998779296875,308.79998779296875,305.0,305.0,10272208
2023-11-10,302.79998779296875,304.6000061035156,301.20001220703125,304.6000061035156,9871831
2023-11-13,309.79998779296875,311.79998779296875,300.20001220703125,302.20001220703125,13586029
2023-11-14,307.79998779296875,312.0,305.6000061035156,311.79998779296875,12477388
2023-11-15,322.6000061035156,323.6000061035156,314.0,316.6000061035156,32454690
2023-11-16,324.79998779296875,330.0,316.20001220703125,330.0,35296026
2023-11-17,315.20001220703125,323.6000061035156,313.20001220703125,323.6000061035156,21970164
2023-11-20,326.6000061035156,328.79998779296875,316.20001220703125,316.20001220703125,27782719
2023-11-21,324.79998779296875,332.6000061035156,323.6000061035156,330.3999938964844,24188659
2023-11-22,324.3999938964844,330.0,322.0,328.0,14169841
2023-11-23,329.20001220703125,329.6000061035156,323.6000061035156,326.6000061035156,14531153
2023-11-24,321.20001220703125,329.6000061035156,320.0,329.6000061035156,15236522
2023-11-27,322.79998779296875,325.0,318.0,325.0,12232068
2023-11-28,319.6000061035156,324.3999938964844,317.0,324.3999938964844,15153725
2023-11-29,317.0,324.0,313.6000061035156,323.0,16856744
2023-11-30,327.0,327.0,317.0,317.3999938964844,30308092
2023-12-01,319.0,325.79998779296875,319.0,324.79998779296875,15149684
2023-12-04,316.79998779296875,324.20001220703125,315.20001220703125,323.0,14907238
2023-12-05,308.79998779296875,321.0,305.0,321.0,23730039
2023-12-06,311.6000061035156,314.79998779296875,302.3999938964844,306.6000061035156,15896242
2023-12-07,307.79998779296875,311.20001220703125,304.0,309.0,13703651
2023-12-08,305.6000061035156,309.20001220703125,301.0,307.3999938964844,16600566
2023-12-11,307.20001220703125,308.6000061035156,298.3999938964844,300.79998779296875,18402157
2023-12-12,311.3999938964844,311.79998779296875,306.20001220703125,307.0,12995914
2023-12-13,307.0,310.79998779296875,304.3999938964844,309.6000061035156,14145125
2023-12-14,306.3999938964844,314.0,304.6000061035156,310.0,17198776
2023-12-15,314.3999938964844,319.3999938964844,309.0,311.0,30917917
2023-12-18,311.6000061035156,312.6000061035156,309.6000061035156,309.6000061035156,12094993
2023-12-19,311.79998779296875,314.3999938964844,306.6000061035156,311.0,12530326
2023-12-20,314.20001220703125,318.20001220703125,312.20001220703125,316.20001220703125,14187408
2023-12-21,312.6000061035156,313.6000061035156,309.0,309.20001220703125,10167030
2023-12-22,274.0,317.0,263.6000061035156,317.0,147014902
2023-12-27,285.0,291.0,282.20001220703125,282.20001220703125,64471032
2023-12-28,293.0,295.6000061035156,284.79998779296875,285.0,37840686
2023-12-29,293.6000061035156,295.79998779296875,289.6000061035156,295.0,19624685
2024-01-02,296.6000061035156,305.0,294.3999938964844,300.0,23354069
2024-01-03,300.6000061035156,301.6000061035156,292.3999938964844,294.0,20391718
2024-01-04,298.79998779296875,304.3999938964844,298.0,304.3999938964844,20217430
2024-01-05,292.20001220703125,296.6000061035156,289.6000061035156,295.3999938964844,23745017
2024-01-08,288.0,294.6000061035156,285.20001220703125,294.3999938964844,16718452
2024-01-09,283.6000061035156,289.20001220703125,283.3999938964844,286.0,16927478
2024-01-10,280.20001220703125,285.20001220703125,276.79998779296875,282.0,19146068
2024-01-11,287.3999938964844,292.3999938964844,280.0,280.6000061035156,20604580
2024-01-12,288.3999938964844,293.0,284.79998779296875,285.6000061035156,15770055
2024-01-15,289.3999938964844,293.79998779296875,287.6000061035156,290.0,16334371
2024-01-16,282.3999938964844,288.79998779296875,280.0,283.79998779296875,22236094
2024-01-17,274.6000061035156,278.79998779296875,272.20001220703125,277.0,36114167
2024-01-18,277.6000061035156,279.20001220703125,271.20001220703125,274.6000061035156,24604079
2024-01-19,271.20001220703125,282.6000061035156,268.20001220703125,275.0,26897479
2024-01-22,262.20001220703125,271.6000061035156,260.20001220703125,270.6000061035156,33654810
2024-01-23,272.0,278.20001220703125,263.20001220703125,266.79998779296875,35610787
2024-01-24,281.79998779296875,284.3999938964844,272.20001220703125,279.6000061035156,33863638
2024-01-25,290.79998779296875,292.0,280.79998779296875,285.0,34160783
2024-01-26,282.79998779296875,290.20001220703125,281.20001220703125,288.20001220703125,24815795
2024-01-29,282.0,288.3999938964844,279.3999938964844,286.0,20159014
2024-01-30,273.79998779296875,280.0,273.0,277.20001220703125,21505998
2024-01-31,270.6000061035156,278.0,268.3999938964844,273.79998779296875,20052974
2024-02-01,271.6000061035156,277.79998779296875,268.0,270.0,17329472
2024-02-02,279.3999938964844,287.6000061035156,275.0,284.6000061035156,31053753
2024-02-05,279.6000061035156,283.3999938964844,273.79998779296875,278.3999938964844,20456590
2024-02-06,290.79998779296875,292.6000061035156,279.6000061035156,279.79998779296875,28856902
2024-02-07,292.20001220703125,297.0,288.79998779296875,295.0,26343654
2024-02-08,287.20001220703125,293.20001220703125,286.3999938964844,290.0,17910672
2024-02-09,287.20001220703125,287.3999938964844,281.3999938964844,284.6000061035156,6732059
2024-02-14,290.0,291.20001220703125,282.0,287.0,11567444
2024-02-15,285.3999938964844,290.0,285.0,288.6000061035156,12568028
2024-02-16,291.79998779296875,291.79998779296875,280.3999938964844,285.6000061035156,17215356
2024-02-19,284.79998779296875,291.3999938964844,283.79998779296875,291.3999938964844,15415304
2024-02-20,284.20001220703125,287.79998779296875,280.3999938964844,287.0,15773028
2024-02-21,288.79998779296875,294.6000061035156,280.79998779296875,280.79998779296875,23947218
2024-02-22,291.3999938964844,291.3999938964844,286.79998779296875,288.20001220703125,12441270
2024-02-23,290.79998779296875,296.3999938964844,287.0,290.0,13229798
2024-02-26,287.20001220703125,290.20001220703125,285.3999938964844,287.3999938964844,12412426
2024-02-27,284.6000061035156,286.20001220703125,278.20001220703125,286.20001220703125,23612599
2024-02-28,277.0,285.79998779296875,276.3999938964844,285.0,25903478
2024-02-29,277.20001220703125,279.0,274.6000061035156,275.20001220703125,29721885
2024-03-01,277.3999938964844,279.0,271.79998779296875,273.0,27952651
2024-03-04,276.20001220703125,280.0,274.79998779296875,277.3999938964844,13832089
2024-03-05,268.20001220703125,273.20001220703125,266.20001220703125,270.20001220703125,26055083
2024-03-06,274.6000061035156,277.0,265.79998779296875,266.0,23289346
2024-03-07,271.0,275.6000061035156,269.20001220703125,274.79998779296875,17159729
2024-03-08,270.0,275.6000061035156,270.0,272.0,12416156
2024-03-11,278.6000061035156,278.6000061035156,271.20001220703125,271.20001220703125,17866889
2024-03-12,290.79998779296875,292.6000061035156,280.20001220703125,282.0,36531141
2024-03-13,290.6000061035156,294.0,288.6000061035156,291.3999938964844,20074418
2024-03-14,289.20001220703125,294.0,286.79998779296875,289.3999938964844,14227432
2024-03-15,283.79998779296875,286.20001220703125,279.6000061035156,283.0,29183023
2024-03-18,289.79998779296875,291.3999938964844,282.20001220703125,282.20001220703125,19633305
2024-03-19,285.0,291.20001220703125,285.0,289.0,15635351
2024-03-20,288.79998779296875,290.20001220703125,283.0,285.3999938964844,15622235
2024-03-21,291.20001220703125,298.20001220703125,289.6000061035156,295.20001220703125,36868686
2024-03-22,288.79998779296875,290.3999938964844,282.3999938964844,287.3999938964844,26432205
2024-03-25,288.6000061035156,290.6000061035156,285.0,288.79998779296875,21127168
2024-03-26,299.3999938964844,300.6000061035156,286.0,286.0,33998571
2024-03-27,302.0,307.6000061035156,295.79998779296875,296.0,38753084
2024-03-28,303.79998779296875,309.6000061035156,301.3999938964844,302.0,30000843
2024-04-02,309.20001220703125,312.3999938964844,307.79998779296875,309.0,26561604
2024-04-03,308.3999938964844,312.0,306.3999938964844,312.0,19696947
2024-04-05,310.0,311.6000061035156,304.3999938964844,309.6000061035156,13582369
2024-04-08,305.3999938964844,311.0,304.3999938964844,305.20001220703125,21656541
2024-04-09,305.0,308.79998779296875,303.0,307.3999938964844,17879375
2024-04-10,314.20001220703125,315.20001220703125,306.3999938964844,306.3999938964844,24730145
2024-04-11,315.0,316.6000061035156,309.0,309.79998779296875,18834968
2024-04-12,309.6000061035156,318.0,309.3999938964844,314.0,23031342
2024-04-15,304.3999938964844,308.79998779296875,303.79998779296875,304.6000061035156,18295291
2024-04-16,301.79998779296875,308.3999938964844,300.0,301.20001220703125,19691636
2024-04-17,300.79998779296875,304.0,297.79998779296875,301.79998779296875,14410544
2024-04-18,304.3999938964844,308.79998779296875,298.6000061035156,302.20001220703125,19058907
2024-04-19,303.79998779296875,305.3999938964844,299.6000061035156,303.3999938964844,19472600
2024-04-22,320.3999938964844,322.6000061035156,306.79998779296875,308.0,41133325
2024-04-23,332.3999938964844,333.6000061035156,325.20001220703125,326.0,43821652
2024-04-24,344.20001220703125,345.0,335.3999938964844,337.79998779296875,41472682
2024-04-25,339.3999938964844,346.3999938964844,336.3999938964844,340.20001220703125,27727556
2024-04-26,348.3999938964844,351.79998779296875,340.0,340.0,29599531
2024-04-29,347.6000061035156,354.79998779296875,345.20001220703125,348.3999938964844,25416523
2024-04-30,347.20001220703125,350.79998779296875,344.0,349.6000061035156,15957023
2024-05-02,360.3999938964844,361.2000122070313,345.3999938964844,349.0,22479610
2024-05-03,364.3999938964844,372.6000061035156,360.6000061035156,371.0,23592345
2024-05-06,370.2000122070313,373.0,363.0,364.6000061035156,26208326
2024-05-07,365.7999877929688,371.2000122070313,363.3999938964844,367.3999938964844,19408056
2024-05-08,361.3999938964844,371.7999877929688,359.79998779296875,366.3999938964844,20058148
2024-05-09,369.7999877929688,370.0,360.3999938964844,361.0,16026030
2024-05-10,371.0,374.2000122070313,365.0,373.7999877929688,15693045
2024-05-13,378.2000122070313,380.0,368.0,368.6000061035156,20558084
2024-05-14,381.7999877929688,384.7999877929688,378.6000061035156,381.0,21603101
2024-05-16,397.0,401.0,394.6000061035156,400.0,58430778
2024-05-17,395.0,400.2000122070313,394.2000122070313,397.0,27916392
2024-05-20,395.0,399.7999877929688,392.7999877929688,397.0,22331961
2024-05-21,383.6000061035156,393.3999938964844,379.6000061035156,393.3999938964844,30679849
2024-05-22,384.3999938964844,386.7999877929688,376.6000061035156,379.2000122070313,22374764
2024-05-23,381.7999877929688,384.0,376.3999938964844,380.6000061035156,18323988
2024-05-24,377.0,382.6000061035156,374.7999877929688,378.2000122070313,19143321
2024-05-27,377.3999938964844,377.6000061035156,362.3999938964844,372.0,32132068
2024-05-28,380.2000122070313,386.0,373.3999938964844,377.2000122070313,16614787
2024-05-29,371.0,379.7999877929688,369.6000061035156,377.3999938964844,27378220
2024-05-30,368.0,374.2000122070313,365.7999877929688,370.0,22006500
2024-05-31,359.79998779296875,379.0,359.79998779296875,371.2000122070313,40035868
2024-06-03,375.0,379.0,366.6000061035156,366.7999877929688,28125374
2024-06-04,377.3999938964844,379.6000061035156,373.7999877929688,375.0,18043066
2024-06-05,380.7999877929688,387.7999877929688,377.6000061035156,377.6000061035156,20205424
2024-06-06,381.6000061035156,391.0,379.0,387.3999938964844,18888938
2024-06-07,374.7999877929688,384.6000061035156,372.7999877929688,383.0,25247259
2024-06-11,373.7999877929688,377.7999877929688,367.3999938964844,367.3999938964844,26496779
2024-06-12,370.7999877929688,377.7999877929688,369.6000061035156,373.7999877929688,14960058
2024-06-13,379.7999877929688,380.6000061035156,373.6000061035156,376.3999938964844,15337042
2024-06-14,379.7999877929688,383.6000061035156,378.6000061035156,383.6000061035156,20859332
2024-06-17,381.2000122070313,385.7999877929688,374.7999877929688,376.2000122070313,15281150
2024-06-18,377.0,383.7999877929688,377.0,381.3999938964844,14278934
2024-06-19,389.0,391.0,378.3999938964844,380.3999938964844,22313477
2024-06-20,387.6000061035156,392.0,385.6000061035156,392.0,14049005
2024-06-21,381.3999938964844,385.2000122070313,378.0,383.7999877929688,25855005
2024-06-24,380.3999938964844,381.0,374.0,377.6000061035156,12919565
2024-06-25,382.0,385.0,378.6000061035156,381.7999877929688,12789522
2024-06-26,382.0,383.0,377.0,379.2000122070313,11886907
2024-06-27,374.3999938964844,380.0,372.2000122070313,379.6000061035156,17513758
2024-06-28,372.3999938964844,376.0,370.7999877929688,371.6000061035156,15561097
2024-07-02,369.2000122070313,376.2000122070313,365.2000122070313,367.0,27266647
2024-07-03,379.3999938964844,380.7999877929688,366.7999877929688,366.7999877929688,22256951
2024-07-04,382.3999938964844,386.7999877929688,378.6000061035156,386.7999877929688,15437093
2024-07-05,379.7999877929688,385.6000061035156,378.7999877929688,384.7999877929688,10522095
2024-07-08,378.6000061035156,383.2000122070313,375.6000061035156,381.7999877929688,11623215
2024-07-09,381.0,382.2000122070313,376.0,377.0,13024401
2024-07-10,377.6000061035156,385.7999877929688,376.7999877929688,385.2000122070313,15586645
2024-07-11,384.7999877929688,386.0,378.2000122070313,379.3999938964844,16590064
2024-07-12,397.0,397.2000122070313,389.2000122070313,390.7999877929688,27521352
2024-07-15,390.2000122070313,397.0,388.6000061035156,393.2000122070313,13680185
2024-07-16,378.0,387.3999938964844,377.7999877929688,386.0,19061149
2024-07-17,371.7999877929688,377.3999938964844,368.3999938964844,375.0,25857823
2024-07-18,369.2000122070313,371.6000061035156,367.0,368.0,18944747
2024-07-19,364.0,368.3999938964844,363.0,366.6000061035156,23088518
2024-07-22,373.2000122070313,375.7999877929688,365.3999938964844,367.2000122070313,16960926
2024-07-23,366.2000122070313,376.3999938964844,366.0,375.0,12104461
2024-07-24,363.2000122070313,369.6000061035156,360.6000061035156,365.7999877929688,11800216
2024-07-25,351.20001220703125,361.6000061035156,351.0,360.20001220703125,25787277
2024-07-26,354.3999938964844,358.3999938964844,352.3999938964844,352.79998779296875,13267324
2024-07-29,358.20001220703125,362.0,353.79998779296875,359.79998779296875,12872249
2024-07-30,353.6000061035156,357.6000061035156,352.3999938964844,355.3999938964844,9749595
2024-07-31,362.2000122070313,366.7999877929688,351.0,352.20001220703125,20304313
2024-08-01,365.6000061035156,368.6000061035156,363.6000061035156,363.7999877929688,12412285
2024-08-02,358.20001220703125,365.3999938964844,356.20001220703125,360.7999877929688,17707597
2024-08-05,356.6000061035156,364.2000122070313,349.0,352.0,22963458
2024-08-06,354.3999938964844,363.3999938964844,349.3999938964844,360.6000061035156,17674374
2024-08-07,363.3999938964844,365.3999938964844,355.20001220703125,355.20001220703125,15840290
2024-08-08,368.2000122070313,374.3999938964844,359.3999938964844,361.2000122070313,18811540
2024-08-09,370.0,376.0,368.3999938964844,371.3999938964844,16353916
2024-08-12,375.0,376.6000061035156,370.0,372.0,10215275
2024-08-13,378.6000061035156,380.6000061035156,375.6000061035156,376.0,13590391
2024-08-14,373.7999877929688,379.3999938964844,369.3999938964844,378.6000061035156,18692686
2024-08-15,368.3999938964844,374.7999877929688,364.2000122070313,366.2000122070313,21443850
2024-08-16,372.6000061035156,375.2000122070313,368.7999877929688,372.0,16414338
2024-08-19,372.6000061035156,377.6000061035156,371.2000122070313,377.6000061035156,15210162
2024-08-20,370.3999938964844,373.7999877929688,369.0,372.7999877929688,11852608
2024-08-21,371.6000061035156,373.7999877929688,365.2000122070313,367.3999938964844,11647083
2024-08-22,377.7999877929688,377.7999877929688,371.2000122070313,374.7999877929688,16786859
2024-08-23,375.6000061035156,378.6000061035156,373.6000061035156,377.0,13055635
2024-08-26,382.0,384.7999877929688,377.6000061035156,378.0,16251125
2024-08-27,381.7999877929688,382.6000061035156,377.2000122070313,378.0,13675535
2024-08-28,374.2000122070313,383.0,372.3999938964844,383.0,14602521
2024-08-29,377.6000061035156,378.0,369.0,370.0,12890430
2024-08-30,382.0,385.6000061035156,376.7999877929688,377.6000061035156,30873303
2024-09-02,377.7999877929688,383.2000122070313,376.3999938964844,380.0,13878671
2024-09-03,378.2000122070313,381.3999938964844,374.7999877929688,378.0,9814885
2024-09-04,372.7999877929688,376.6000061035156,371.2000122070313,374.2000122070313,13278870
2024-09-05,373.3999938964844,376.6000061035156,370.3999938964844,370.3999938964844,9576319
2024-09-09,371.2000122070313,371.2000122070313,365.2000122070313,370.0,20078164
2024-09-10,368.6000061035156,370.6000061035156,366.0,369.2000122070313,12303441
2024-09-11,370.2000122070313,370.6000061035156,365.0,366.6000061035156,12043623
2024-09-12,372.6000061035156,377.0,369.6000061035156,371.0,13800366
2024-09-13,374.7999877929688,376.7999877929688,372.7999877929688,372.7999877929688,11013765
2024-09-16,377.7999877929688,377.7999877929688,370.3999938964844,372.6000061035156,7689238
2024-09-17,380.0,381.3999938964844,372.0,372.0,10147851
2024-09-19,388.7999877929688,389.7999877929688,376.6000061035156,379.6000061035156,25801963
2024-09-20,388.6000061035156,393.3999938964844,383.7999877929688,390.0,28407069
2024-09-23,387.6000061035156,392.0,385.2000122070313,388.0,15223032
2024-09-24,402.2000122070313,402.2000122070313,389.3999938964844,393.0,42919010
2024-09-25,405.3999938964844,418.0,401.3999938964844,418.0,40112126
2024-09-26,430.0,430.0,406.7999877929688,408.0,50254878
2024-09-27,437.7999877929688,444.7999877929688,432.6000061035156,443.2000122070313,57154793
2024-09-30,444.6000061035156,457.3999938964844,434.2000122070313,449.6000061035156,75459468
2024-10-02,470.0,479.6000061035156,449.2000122070313,450.0,48766943
2024-10-03,466.2000122070313,476.6000061035156,453.2000122070313,471.0,31600782
2024-10-04,477.6000061035156,479.0,462.2000122070313,470.0,24663665
2024-10-07,478.3999938964844,482.3999938964844,469.6000061035156,479.7999877929688,25334387
2024-10-08,438.6000061035156,476.7999877929688,438.6000061035156,472.0,70468024
2024-10-09,434.2000122070313,453.0,424.0,449.0,46372903
2024-10-10,438.7999877929688,448.6000061035156,436.3999938964844,438.0,33111230
2024-10-14,436.0,440.7999877929688,424.0,440.7999877929688,30316807
2024-10-15,417.0,433.7999877929688,412.6000061035156,433.7999877929688,33478410
2024-10-16,415.7999877929688,425.7999877929688,412.6000061035156,415.0,22490256
2024-10-17,412.6000061035156,426.7999877929688,410.0,418.0,16476899
2024-10-18,430.7999877929688,435.6000061035156,411.3999938964844,412.6000061035156,25963857
2024-10-21,421.0,431.3999938964844,419.2000122070313,430.6000061035156,16334100
2024-10-22,421.6000061035156,423.6000061035156,418.0,423.2000122070313,11027704
2024-10-23,428.2000122070313,432.2000122070313,416.6000061035156,423.0,14656951
2024-10-24,422.0,425.6000061035156,419.6000061035156,425.0,11202752
2024-10-25,421.0,427.6000061035156,418.6000061035156,427.6000061035156,11951879
2024-10-28,417.2000122070313,422.2000122070313,413.6000061035156,421.0,15551935
2024-10-29,418.3999938964844,423.3999938964844,415.2000122070313,419.3999938964844,13797786
2024-10-30,411.0,418.0,410.6000061035156,413.6000061035156,17895482
2024-10-31,404.6000061035156,418.7999877929688,404.6000061035156,410.3999938964844,22753709
2024-11-01,419.2000122070313,422.3999938964844,406.0,406.0,21086569
2024-11-04,419.0,423.7999877929688,416.0,423.0,11706119
2024-11-05,427.7999877929688,427.7999877929688,415.2000122070313,415.2000122070313,15270863
2024-11-06,419.7999877929688,426.2000122070313,413.2000122070313,425.0,20755203
2024-11-07,428.3999938964844,429.6000061035156,414.3999938964844,417.0,19924018
2024-11-08,420.7999877929688,436.0,419.3999938964844,435.0,19389836
2024-11-11,413.2000122070313,415.6000061035156,409.3999938964844,412.0,22857586
2024-11-12,403.7999877929688,413.7999877929688,403.0,409.3999938964844,27303282
2024-11-13,403.7999877929688,407.2000122070313,396.0,397.2000122070313,28307185
2024-11-14,403.3999938964844,415.0,397.7999877929688,401.6000061035156,34898922
2024-11-15,401.0,407.0,399.0,404.0,29061324
2024-11-18,404.2000122070313,413.3999938964844,401.6000061035156,405.2000122070313,20493537
2024-11-19,406.2000122070313,409.0,403.3999938964844,406.6000061035156,13879296
2024-11-20,410.7999877929688,413.7999877929688,406.2000122070313,408.2000122070313,15005135
2024-11-21,407.6000061035156,411.3999938964844,407.0,409.3999938964844,12501718
2024-11-22,400.6000061035156,412.3999938964844,399.6000061035156,408.7999877929688,16949546
2024-11-25,395.2000122070313,402.3999938964844,393.7999877929688,400.0,27888308
2024-11-26,393.7999877929688,399.2000122070313,392.2000122070313,392.2000122070313,16940574
2024-11-27,402.7999877929688,406.2000122070313,392.0,394.6000061035156,16685594
2024-11-28,400.0,404.2000122070313,397.3999938964844,401.3999938964844,13067643
2024-11-29,398.0,402.7999877929688,395.0,395.0,15626995
2024-12-02,399.7999877929688,401.6000061035156,395.6000061035156,398.0,13334410
2024-12-03,404.3999938964844,404.3999938964844,394.3999938964844,403.2000122070313,18362569
2024-12-04,403.2000122070313,405.6000061035156,399.7999877929688,402.2000122070313,14053234
2024-12-05,405.2000122070313,406.6000061035156,400.7999877929688,403.3999938964844,13314801
2024-12-06,412.6000061035156,414.6000061035156,405.0,406.7999877929688,27711445
2024-12-09,418.7999877929688,421.2000122070313,406.2000122070313,406.2000122070313,22461949
2024-12-10,411.2000122070313,431.0,410.3999938964844,430.0,30282843
2024-12-11,409.7999877929688,415.0,407.2000122070313,414.7999877929688,13098201
2024-12-12,415.6000061035156,422.7999877929688,409.2000122070313,414.0,23414258
2024-12-13,409.7999877929688,415.0,408.6000061035156,413.0,16296064
2024-12-16,405.6000061035156,411.3999938964844,403.7999877929688,410.0,14059845
2024-12-17,402.6000061035156,408.0,401.7999877929688,402.0,16779048
2024-12-18,406.0,408.7999877929688,404.0,408.0,14906072
2024-12-19,415.2000122070313,422.0,401.3999938964844,402.2000122070313,34671236
2024-12-20,426.3999938964844,429.7999877929688,414.2000122070313,414.2000122070313,44834041
2024-12-23,420.2000122070313,431.0,416.2000122070313,430.6000061035156,20856154
2024-12-24,420.0,420.0,420.0,420.0,0
2024-12-27,417.3999938964844,421.0,415.6000061035156,417.6000061035156,13545082
2024-12-30,419.0,421.7999877929688,415.7999877929688,418.0,13515622
2024-12-31,419.7999877929688,419.7999877929688,419.7999877929688,419.7999877929688,0
2025-01-02,416.0,425.0,413.6000061035156,417.0,20733037
2025-01-03,414.2000122070313,419.0,410.3999938964844,418.0,16843241
2025-01-06,409.3999938964844,415.0,407.2000122070313,415.0,16869318
2025-01-07,379.6000061035156,392.7999877929688,376.6000061035156,380.6000061035156,142920468
2025-01-08,369.2000122070313,379.7999877929688,365.6000061035156,371.2000122070313,95456188
2025-01-09,373.3999938964844,379.3999938964844,365.0,365.0,60578450
2025-01-10,369.6000061035156,379.3999938964844,369.6000061035156,373.6000061035156,37053933
2025-01-13,366.0,371.6000061035156,364.7999877929688,364.7999877929688,34785015
2025-01-14,375.0,379.6000061035156,365.6000061035156,365.6000061035156,40623785
2025-01-15,380.0,385.3999938964844,373.0,373.3999938964844,29158255
2025-01-16,382.3999938964844,386.6000061035156,376.6000061035156,384.0,26141103
2025-01-17,379.7999877929688,382.2000122070313,378.3999938964844,381.0,17138321
2025-01-20,389.7999877929688,392.7999877929688,380.2000122070313,380.2000122070313,31141403
2025-01-21,387.3999938964844,392.2000122070313,386.3999938964844,392.0,25249668
2025-01-22,383.3999938964844,388.6000061035156,381.0,385.0,17859069
2025-01-23,381.2000122070313,386.0,379.6000061035156,383.0,21256810
2025-01-24,390.6000061035156,392.3999938964844,382.2000122070313,383.2000122070313,24079119
2025-01-27,395.6000061035156,398.0,388.0,388.0,23605938
2025-01-28,402.0,402.0,402.0,402.0,0
2025-02-03,404.2000122070313,404.7999877929688,394.2000122070313,400.0,27917841
2025-02-04,420.7999877929688,421.2000122070313,407.0,409.2000122070313,31276268
2025-02-05,417.7999877929688,421.6000061035156,410.0,421.6000061035156,32129392
2025-02-06,420.3999938964844,420.3999938964844,413.3999938964844,416.2000122070313,19585105
2025-02-07,428.2000122070313,432.3999938964844,417.7999877929688,420.3999938964844,34567530
2025-02-10,437.0,439.7999877929688,428.7999877929688,429.6000061035156,31411302
2025-02-11,427.3999938964844,441.2000122070313,425.6000061035156,440.0,30893563
2025-02-12,444.2000122070313,444.6000061035156,426.0,429.0,38264929
2025-02-13,442.0,464.6000061035156,437.0,449.0,60985718
2025-02-14,474.7999877929688,474.7999877929688,446.6000061035156,449.7999877929688,74519223
2025-02-17,493.6000061035156,512.0,485.0,506.0,126223580
2025-02-18,503.5,513.0,493.7999877929688,494.2000122070313,62529454
2025-02-19,497.7999877929688,500.5,493.2000122070313,500.0,34127174
2025-02-20,486.7999877929688,493.0,482.6000061035156,491.2000122070313,34549151
2025-02-21,517.0,517.0,499.3999938964844,505.0,73545153
2025-02-24,497.2000122070313,522.0,497.2000122070313,522.0,67542767
2025-02-25,484.7999877929688,491.0,476.3999938964844,477.7999877929688,56509529
2025-02-26,501.5,508.0,487.7999877929688,488.0,40489654
2025-02-27,495.3999938964844,512.0,491.6000061035156,503.5,38902820
2025-02-28,478.6000061035156,497.7999877929688,476.0,492.7999877929688,52160819
2025-03-03,483.2000122070313,497.0,479.7999877929688,483.6000061035156,32752021
2025-03-04,491.0,493.0,473.2000122070313,479.0,31124964
2025-03-05,505.5,509.0,498.0,502.0,35165757
2025-03-06,544.0,544.0,521.0,521.0,79683892
2025-03-07,533.5,547.0,529.0,539.0,46494425
2025-03-10,516.5,537.5,512.0,528.0,34415026
2025-03-11,517.5,520.0,500.5,501.5,33852768
2025-03-12,512.0,525.0,505.0,523.0,28031056
2025-03-13,507.5,516.0,499.2000122070313,513.0,27326941
2025-03-14,521.5,531.0,507.5,513.0,30711707
2025-03-17,524.5,534.5,522.0,532.0,22096160
2025-03-18,541.0,543.5,533.5,538.5,33639833
2025-03-19,540.0,545.0,534.0,542.5,31604153
2025-03-20,519.5,541.0,518.0,540.5,49845030
2025-03-21,511.5,526.0,505.5,518.0,42260479
2025-03-24,513.0,517.5,504.5,514.0,24598555
2025-03-25,502.0,515.5,501.0,513.0,27744935
2025-03-26,506.5,510.5,502.0,502.0,17310634
2025-03-27,509.0,516.0,502.0,509.0,17595617
2025-03-28,509.5,516.5,503.5,511.5,18594342
2025-03-31,497.0,507.5,494.6000061035156,505.0,28036973
2025-04-01,504.0,511.5,500.0,501.0,19518013
2025-04-02,504.0,509.0,499.2000122070313,505.0,14247546
2025-04-03,497.7999877929688,500.5,491.2000122070313,493.0,29219618
2025-04-07,435.3999938964844,462.3999938964844,431.0,441.7999877929688,123364114
2025-04-08,440.3999938964844,451.2000122070313,430.0,440.7999877929688,65120104
2025-04-09,441.2000122070313,447.0,419.0,426.0,66484213
2025-04-10,444.7999877929688,461.6000061035156,443.0,460.0,57799983
2025-04-11,443.3999938964844,452.6000061035156,432.0,440.0,46594597
2025-04-14,454.0,459.2000122070313,448.7999877929688,453.0,30346489
2025-04-15,456.0,464.6000061035156,451.6000061035156,464.6000061035156,20245398
2025-04-16,448.0,451.6000061035156,440.2000122070313,450.6000061035156,27322773
2025-04-17,458.0,462.0,449.7999877929688,450.3999938964844,24479822
2025-04-22,460.3999938964844,462.7999877929688,453.2000122070313,460.0,24043746
2025-04-23,474.2000122070313,479.3999938964844,471.3999938964844,476.0,27001392
2025-04-24,471.0,477.7999877929688,465.0,477.0,18912016
2025-04-25,478.2000122070313,485.7999877929688,475.0,480.0,28746958
2025-04-28,478.2000122070313,482.3999938964844,474.7999877929688,482.3999938964844,13805160
2025-04-29,473.0,478.3999938964844,469.0,477.7999877929688,16367401
2025-04-30,477.2000122070313,477.2000122070313,469.3999938964844,475.0,15312733
2025-05-02,487.7999877929688,489.7999877929688,477.3999938964844,478.2000122070313,13240838
2025-05-06,495.3999938964844,496.7999877929688,485.2000122070313,491.6000061035156,19813305
2025-05-07,489.7999877929688,509.5,489.6000061035156,509.0,25616342
2025-05-08,498.0,502.0,486.6000061035156,487.0,19815740
2025-05-09,494.6000061035156,503.5,492.0,500.0,13777285
2025-05-12,517.5,521.5,499.0,504.0,35846811
2025-05-13,506.0,520.0,505.5,520.0,23119901
2025-05-14,521.0,521.0,510.5,512.0,24294663
2025-05-15,520.0,532.0,515.0,531.5,32799956
2025-05-16,508.0,517.0,506.5,509.5,21334027
2025-05-19,514.0,517.0,502.5,508.0,22457714
2025-05-20,517.0,517.5,511.5,512.5,15792185
2025-05-21,520.5,524.5,515.5,519.0,18924042
2025-05-22,516.5,520.0,513.0,520.0,14281176
2025-05-23,518.0,520.5,512.5,518.0,16262610
2025-05-26,510.0,517.0,508.0,515.0,17286567
2025-05-27,512.0,514.5,507.0,508.5,14986877
2025-05-28,506.0,515.0,502.5,513.0,16813826
2025-05-29,510.5,512.0,503.5,508.0,19368449
2025-05-30,498.2000122070313,506.5,496.0,506.0,28284004
2025-06-02,498.3999938964844,499.2000122070313,489.6000061035156,493.0,13086586
2025-06-03,505.0,505.5,501.0,504.0,14609189
2025-06-04,512.0,513.0,507.0,510.0,18378499
2025-06-05,515.0,517.5,509.0,517.5,19329282
2025-06-06,515.0,516.5,511.0,515.5,13137101
2025-06-09,518.0,521.0,512.5,520.0,18481403
2025-06-10,513.5,520.0,508.5,519.5,17039003
2025-06-11,518.0,518.0,514.5,517.0,14784979
2025-06-12,510.0,518.0,508.0,518.0,13368048
2025-06-13,510.0,515.5,506.0,510.5,19085310
2025-06-16,509.5,512.0,504.5,507.0,13784320
2025-06-17,513.5,514.0,506.5,514.0,11524031
2025-06-18,508.0,511.0,503.5,510.0,15187515
2025-06-19,498.0,506.0,496.0,503.0,19387767
2025-06-20,505.5,505.5,496.0,504.5,20622275
2025-06-23,504.0,504.0,494.6000061035156,498.2000122070313,14252887
2025-06-24,509.5,511.0,504.0,508.0,17768858
2025-06-25,512.5,515.0,508.0,512.0,17592461
2025-06-26,513.0,513.0,507.5,512.0,15000643
2025-06-27,513.0,514.5,510.0,512.0,15181667
2025-06-30,503.0,511.5,503.0,509.0,18464531
2025-07-02,501.5,508.5,500.0,508.0,18203168
2025-07-03,501.0,503.5,493.7999877929688,500.0,18956331
2025-07-04,496.7999877929688,501.5,493.0,493.0,14658173
2025-07-07,502.0,502.0,494.0,495.2000122070313,11631687
2025-07-08,504.5,505.0,500.0,505.0,13172857
2025-07-09,497.6000061035156,504.0,495.0,504.0,17820435
2025-07-10,496.6000061035156,499.6000061035156,494.2000122070313,497.6000061035156,14032556
2025-07-11,496.6000061035156,505.0,496.6000061035156,497.0,19225560
2025-07-14,500.0,501.5,496.0,497.0,11704663
2025-07-15,517.5,518.0,500.0,502.5,27446891
2025-07-16,516.5,526.0,516.0,520.0,23250693
2025-07-17,517.0,519.5,511.0,519.5,13735794
2025-07-18,519.0,525.0,516.5,525.0,13781113
2025-07-21,521.5,522.5,514.5,522.5,13273287
2025-07-22,526.0,526.0,519.0,521.5,17600260
2025-07-23,552.0,552.0,527.0,530.0,46744850
2025-07-24,557.0,560.0,548.0,553.5,24180342
2025-07-25,550.5,555.0,546.0,552.0,19886923
2025-07-28,555.5,558.0,546.5,550.5,14661199
2025-07-29,555.0,556.5,546.0,551.5,16847424
2025-07-30,549.0,556.0,542.5,550.0,19362555
2025-07-31,550.0,559.0,545.0,547.0,20453269
2025-08-01,535.0,554.5,533.5,551.5,21203861
2025-08-04,550.0,551.5,533.0,536.0,17340007
2025-08-05,559.0,559.0,549.0,554.5,17347823
2025-08-06,568.5,570.0,558.0,560.0,20737133
2025-08-07,567.0,572.0,560.5,571.0,16940382
2025-08-08,561.0,568.5,557.5,567.0,13305719
2025-08-11,561.0,562.5,553.5,561.0,11790350
2025-08-12,559.5,564.5,556.0,557.5,13827897
2025-08-13,586.0,586.0,566.0,568.0,37596415
2025-08-14,590.0,600.0,589.0,600.0,36339315
2025-08-15,592.0,596.5,584.5,587.0,22176876
2025-08-18,587.0,596.0,587.0,594.0,17590658
2025-08-19,592.5,597.0,583.0,588.0,16359474
2025-08-20,590.5,594.5,585.5,589.0,15952765
2025-08-21,593.0,597.0,589.5,590.5,14290178
2025-08-22,600.0,606.5,595.5,599.0,19378950
2025-08-25,614.5,621.0,608.0,608.5,25694519
2025-08-26,609.5,618.0,609.5,612.0,20656474
2025-08-27,599.0,614.5,595.0,613.0,21263402
2025-08-28,594.0,599.0,590.0,595.0,21712370
2025-08-29,596.5,605.0,594.0,595.5,18234935
2025-09-01,605.0,610.0,601.5,605.0,15958837
2025-09-02,600.5,608.5,599.0,605.5,14808157
2025-09-03,598.5,613.0,596.0,606.5,15523985
2025-09-04,592.5,605.0,591.0,605.0,18003934
2025-09-05,605.5,609.0,595.5,599.5,19047729
2025-09-08,617.5,619.0,605.0,605.5,21815489
2025-09-09,627.0,628.0,617.5,620.0,19871460
2025-09-10,633.5,639.0,628.0,630.0,19193376
2025-09-11,629.5,633.0,624.0,633.0,18191860
2025-09-12,643.5,649.0,642.0,645.0,20780375
2025-09-15,643.5,648.5,637.5,646.0,16371242
2025-09-16,645.0,649.5,640.5,647.0,13339685
2025-09-17,661.5,663.5,645.0,646.5,22349048
2025-09-18,642.0,664.5,635.5,662.0,29989898
2025-09-19,642.5,647.0,638.0,647.0,20805608
2025-09-22,641.0,643.5,634.0,642.0,12899662
2025-09-23,635.5,643.5,627.0,641.5,15293080
2025-09-24,648.5,651.0,628.0,633.5,18440788
2025-09-25,650.0,659.0,643.5,651.0,17384258
2025-09-26,644.0,653.0,640.0,645.0,19504951
2025-09-29,660.0,664.5,647.5,649.5,20489556
2025-09-30,663.0,666.5,657.5,658.0,20610633
2025-10-02,676.5,683.0,665.5,667.5,17137745
2025-10-03,673.5,680.0,670.0,677.0,7125093
2025-10-06,677.5,682.5,670.0,675.0,7828323
2025-10-08,675.0,680.0,669.5,680.0,10540730
2025-10-09,675.5,681.0,665.5,675.0,14454705
2025-10-10,651.5,669.0,647.5,669.0,19904705
2025-10-13,639.0,648.5,622.5,630.0,38012175
2025-10-14,621.0,644.0,617.0,642.5,26797863
2025-10-15,627.0,633.0,620.5,624.5,18381023
2025-10-16,620.0,629.0,615.5,626.0,14285465
2025-10-17,608.0,620.5,602.5,618.5,18654519
2025-10-20,627.5,632.5,621.5,624.0,14963360
2025-10-21,630.5,644.0,630.0,643.0,14171988
2025-10-22,623.5,629.0,616.5,626.0,9979448
2025-10-23,633.0,636.0,618.0,620.0,12419348
2025-10-24,637.5,641.5,633.5,639.0,11997034
2025-10-27,656.0,656.0,646.0,649.0,16043970
2025-10-28,645.0,656.0,641.0,656.0,16295470
2025-10-30,651.0,664.0,645.0,657.0,21772780
2025-10-31,629.0,655.0,629.0,651.5,20578283
2025-11-03,628.0,634.0,622.5,630.5,11591004
2025-11-04,629.0,640.0,625.5,631.0,14972125
2025-11-05,629.0,632.0,613.0,621.0,13309811
2025-11-06,644.0,645.5,629.5,629.5,13081287
2025-11-07,634.0,643.0,628.5,638.0,13314360
2025-11-10,649.5,651.0,641.0,641.0,14513815
2025-11-11,650.0,662.0,641.0,662.0,13087772
2025-11-12,657.0,658.5,652.0,655.0,13658568
2025-11-13,656.0,660.0,645.0,649.5,17299913
2025-11-14,641.0,659.0,640.0,645.0,19956444
2025-11-17,636.5,642.5,633.0,640.0,13794477
2025-11-18,623.5,641.0,620.5,628.0,18818609
2025-11-19,622.5,631.5,619.5,627.5,13959708
2025-11-20,621.0,630.5,615.5,626.5,14015988
2025-11-21,610.0,615.0,606.0,610.0,23732050
2025-11-24,624.5,627.5,613.5,615.0,22376801
2025-11-25,625.0,635.0,620.5,633.0,14877620
2025-11-26,619.5,630.0,618.0,628.5,14429595
2025-11-27,611.5,620.5,609.0,618.0,15493209
2025-11-28,611.5,617.0,608.5,611.5,13216245
2025-12-01,619.5,623.0,613.0,613.5,12643338
2025-12-02,617.0,626.0,615.0,625.5,11460186
2025-12-03,611.0,616.0,608.5,616.0,11002158
2025-12-04,612.0,613.0,605.0,610.0,15329748
2025-12-05,610.0,611.0,604.0,605.0,14638391
2025-12-08,605.0,609.5,604.0,607.5,13421327
2025-12-09,602.5,610.0,596.0,609.5,17431321
2025-12-10,603.0,603.0,595.0,602.0,14750743
2025-12-11,601.5,612.0,599.0,609.0,12480887
2025-12-12,616.0,616.0,601.5,608.0,17825495
2025-12-15,603.0,608.5,602.0,606.0,15165502
2025-12-16,596.5,603.0,592.0,602.5,15987678
2025-12-17,605.0,606.0,594.5,597.0,14824785
2025-12-18,605.0,606.0,599.0,601.0,10153604
2025-12-19,614.0,617.5,607.0,610.0,17765762
2025-12-22,614.5,621.5,610.0,620.0,13868060
2025-12-23,602.0,614.5,601.5,613.5,15623392
2025-12-24,602.5,602.5,602.5,602.5,0
2025-12-29,596.5,611.0,596.0,606.0,18502650
2025-12-30,600.0,601.0,594.0,598.5,13582535
2025-12-31,599.0,599.0,599.0,599.0,0
2026-01-02,623.0,624.5,600.5,600.5,16200058
2026-01-05,624.5,628.0,615.5,624.0,19947025
2026-01-06,632.5,638.5,626.0,627.0,24168431
2026-01-07,624.5,629.5,615.0,627.5,21378622
2026-01-08,616.0,621.0,610.0,618.5,18742539
2026-01-09,611.0,617.0,610.0,616.0,17813669
2026-01-12,623.0,627.5,613.5,616.0,27530129
2026-01-13,627.5,639.0,622.5,637.0,24212695
2026-01-14,633.0,638.5,626.0,634.0,28677291
2026-01-15,622.0,632.5,618.5,631.0,26194252
2026-01-16,617.5,630.0,613.5,627.0,20616793
2026-01-19,610.0,614.5,608.5,613.5,13233330
2026-01-20,601.0,607.0,598.0,601.0,24332228
2026-01-21,602.5,606.0,598.0,598.0,16003431
2026-01-22,597.5,605.5,596.0,604.5,27168713
2026-01-23,595.0,602.0,595.0,597.5,19177660
2026-01-26,599.5,605.0,594.0,595.0,17439619
2026-01-27,607.0,610.5,598.5,600.0,23887447
2026-01-28,621.0,623.0,610.5,613.0,25577066
2026-01-29,622.0,625.0,612.5,614.5,22951530
2026-01-30,606.0,619.5,605.5,615.0,21479886
2026-02-02,598.5,604.5,590.5,598.0,27926332
2026-02-03,581.0,601.5,561.0,598.5,65128647
2026-02-04,558.0,574.5,558.0,572.0,60374834
2026-02-05,558.5,561.5,541.0,550.0,79306977
2026-02-06,547.5,557.5,543.0,546.0,35402860
2026-02-09,560.0,562.5,550.0,550.0,26375723
2026-02-10,551.0,566.0,547.0,563.0,29211865
2026-02-11,548.0,550.5,543.0,543.0,23759058
2026-02-12,535.5,541.0,530.5,537.0,39790780
2026-02-13,532.0,534.5,525.0,525.5,26900740
2026-02-16,534.5,534.5,534.5,534.5,0
2026-02-20,522.0,533.0,518.0,531.5,21351884
2026-02-23,538.0,543.0,528.0,529.0,22136687
2026-02-24,520.0,534.5,516.0,534.5,36134943
2026-02-25,522.5,529.0,522.0,522.5,22838866
2026-02-26,512.0,529.5,512.0,529.0,25547825
2026-02-27,518.0,530.5,510.5,510.5,32229030
2026-03-02,514.0,520.0,507.0,511.5,30816358
2026-03-03,510.5,525.5,510.5,518.0,27370602
2026-03-04,506.0,515.0,498.7999877929688,506.0,32965198
2026-03-05,502.0,515.5,501.5,509.5,23955443
2026-03-06,519.0,522.0,502.0,504.0,30359878
2026-03-09,516.0,517.5,502.5,502.5,31383491
2026-03-10,553.5,556.0,525.0,525.0,57862244
2026-03-11,552.0,578.0,548.0,578.0,47623240
2026-03-12,546.5,557.0,541.5,550.5,19663840
2026-03-13,547.5,558.5,543.0,546.5,17183958
2026-03-16,558.5,565.5,543.5,551.0,24217363
2026-03-17,550.0,566.0,549.0,563.0,22872974
2026-03-18,550.5,552.0,542.5,546.5,21350876
2026-03-19,513.0,529.5,512.0,528.0,59432770
2026-03-20,508.0,519.0,505.0,505.0,24924662
2026-03-23,498.3999938964844,506.0,495.2000122070313,497.7999877929688,35123702
2026-03-24,514.0,520.0,500.0,508.0,29358876
2026-03-25,505.5,521.5,502.0,519.0,37353909
2026-03-26,495.6000061035156,507.5,495.0,501.0,22623215
2026-03-27,493.3999938964844,498.2000122070313,487.6000061035156,491.2000122070313,20345920
2026-03-30,481.6000061035156,485.7999877929688,476.0,485.0,28410968
2026-03-31,484.0,492.0,480.0,484.3999938964844,25801397
2026-04-01,496.6000061035156,504.0,493.0,504.0,21275055
2026-04-02,489.2000122070313,496.0,485.0,496.0,17030828
2026-04-08,508.0,510.0,501.0,504.5,32856156
2026-04-09,508.5,514.5,503.0,506.5,20722763
2026-04-10,504.5,514.0,501.0,508.0,20671874
2026-04-13,490.0,503.0,487.7999877929688,498.3999938964844,21140848
2026-04-14,493.2000122070313,497.3999938964844,486.2000122070313,497.3999938964844,17833779
2026-04-15,499.0,510.0,497.3999938964844,500.0,20288791
2026-04-16,517.0,517.0,504.0,506.5,22559081
2026-04-17,510.5,517.0,506.0,512.0,13747249
2026-04-20,522.5,526.5,504.5,509.5,23428202
2026-04-21,519.0,525.5,515.5,523.0,13113816
2026-04-22,504.0,514.5,502.0,513.5,23170931
2026-04-23,495.2000122070313,502.0,495.2000122070313,500.0,23497267
2026-04-24,493.3999938964844,495.0,487.0,487.0,18566187
2026-04-27,478.6000061035156,491.0,478.0,490.0,45048027
2026-04-28,473.7999877929688,481.6000061035156,472.0,476.0,25793090
2026-04-29,479.2000122070313,480.6000061035156,474.6000061035156,474.6000061035156,19321018
2026-04-30,467.7999877929688,474.7999877929688,463.2000122070313,474.0,38406905
2026-05-04,473.0,478.7999877929688,469.7999877929688,469.7999877929688,23758824
2026-05-05,472.2000122070313,472.3999938964844,465.6000061035156,469.0,13004679
2026-05-06,463.0,473.3999938964844,460.2000122070313,470.6000061035156,44367227
2026-05-07,477.3999938964844,481.0,472.2000122070313,472.2000122070313,40989511
2026-05-08,471.3999938964844,475.6000061035156,468.3999938964844,475.0,25207039
2026-05-11,464.3999938964844,471.2000122070313,463.6000061035156,465.0,27814648
2026-05-12,457.2000122070313,469.0,457.2000122070313,462.0,32469707
2026-05-13,462.6000061035156,465.7999877929688,454.0,456.0,26616535
2026-05-14,460.2000122070313,479.6000061035156,458.6000061035156,474.2000122070313,39339032
2026-05-15,456.3999938964844,462.6000061035156,454.2000122070313,459.0,26449868
2026-05-18,449.2000122070313,457.7999877929688,445.7999877929688,455.0,29497076
2026-05-19,460.0,468.7999877929688,448.6000061035156,449.2000122070313,33736701
2026-05-20,455.2000122070313,463.3999938964844,453.6000061035156,460.0,18927606
2026-05-21,439.0,460.0,438.3999938964844,460.0,39653795
2026-05-22,441.3999938964844,445.0,438.7999877929688,442.2000122070313,23998219
2026-05-26,439.0,441.0,432.0,438.0,32795639
2026-05-27,434.3999938964844,442.6000061035156,433.6000061035156,435.7999877929688,24863984
2026-05-28,425.0,432.7999877929688,420.3999938964844,431.0,42196103
2026-05-29,427.2000122070313,438.3999938964844,423.6000061035156,428.2000122070313,48005475
2026-06-01,436.0,442.0,430.0,432.3999938964844,35164391
2026-06-02,481.6000061035156,484.7999877929688,437.3999938964844,438.0,101874275
2026-06-03,466.3999938964844,484.0,461.6000061035156,484.0,49104320
2026-06-04,459.0,468.6000061035156,454.7999877929688,462.6000061035156,29053909
2026-06-05,453.2000122070313,466.2000122070313,452.2000122070313,461.6000061035156,31649780
2026-06-08,446.3999938964844,458.2000122070313,443.2000122070313,447.7999877929688,29019096
2026-06-09,453.2000122070313,468.3999938964844,443.2000122070313,443.7999877929688,37387399
2026-06-10,465.6000061035156,471.0,451.6000061035156,454.7999877929688,35788237
2026-06-11,457.2000122070313,475.6000061035156,455.0,469.7999877929688,28580619
2026-06-12,463.6000061035156,467.0,459.3999938964844,466.0,22334646
2026-06-15,459.6000061035156,476.7999877929688,457.7999877929688,475.0,19748938
2026-06-16,447.3999938964844,462.6000061035156,445.3999938964844,462.6000061035156,24323142
2026-06-17,445.3999938964844,454.0,445.3999938964844,445.6000061035156,16962334
2026-06-18,440.2000122070313,446.2000122070313,435.6000061035156,440.0,30133517
2026-06-22,433.0,439.0,428.3999938964844,439.0,31563111
2026-06-23,414.7999877929688,432.3999938964844,413.6000061035156,430.0,43435789
2026-06-24,428.7999877929688,439.7999877929688,412.6000061035156,414.0,39958288
2026-06-25,421.3999938964844,428.6000061035156,418.0,428.6000061035156,29472428
2026-06-26,411.79998779296875,421.20001220703125,411.0,418.0,31872909
