Date,Close,High,Low,Open,Volume
1988-12-02,4.2604169845581055,4.333333015441895,4.1875,4.2916669845581055,21681600
1988-12-05,4.3229169845581055,4.4166669845581055,4.270833015441895,4.270833015441895,14688000
1988-12-06,4.15625,4.2916669845581055,4.114583015441895,4.2916669845581055,16000800
1988-12-07,4.0,4.177083015441895,3.96875,4.15625,8148000
1988-12-08,3.989583015441896,4.0729169845581055,3.96875,4.0,5132400
1988-12-09,3.989583015441896,4.083333015441895,3.958333015441896,3.989583015441896,5040000
1988-12-12,4.0416669845581055,4.1041669845581055,3.9791669845581055,3.989583015441896,10880400
1988-12-13,4.03125,4.083333015441895,4.0,4.0416669845581055,8721600
1988-12-14,3.9166669845581055,4.0416669845581055,3.875,4.03125,5666400
1988-12-15,3.8541669845581055,3.9375,3.833333015441896,3.9166669845581055,9679200
1988-12-16,3.8541669845581055,3.895833015441896,3.7916669845581055,3.8541669845581055,15160800
1988-12-19,4.0104169845581055,4.0104169845581055,3.8541669845581055,3.8541669845581055,24231600
1988-12-20,4.0,4.114583015441895,3.9791669845581055,4.0104169845581055,2647200
1988-12-21,3.989583015441896,4.0416669845581055,3.9479169845581055,4.0,5278800
1988-12-22,4.03125,4.03125,3.84375,3.989583015441896,10459200
1988-12-23,3.927083015441896,3.958333015441896,3.90625,3.958333015441896,3325200
1988-12-27,3.875,3.9166669845581055,3.864583015441896,3.9166669845581055,8068800
1988-12-28,4.0416669845581055,4.0416669845581055,3.875,3.875,10800000
1988-12-29,4.114583015441895,4.1666669845581055,4.052083015441895,4.052083015441895,11636400
1988-12-30,4.208333015441895,4.208333015441895,4.1041669845581055,4.114583015441895,7096800
1989-01-03,4.114583015441895,4.21875,4.09375,4.208333015441895,2980800
1989-01-04,4.0625,4.114583015441895,4.0625,4.114583015441895,3402000
1989-01-05,4.0729169845581055,4.1666669845581055,4.0625,4.0625,5431200
1989-01-06,4.114583015441895,4.1354169845581055,4.0729169845581055,4.0729169845581055,7494000
1989-01-09,4.114583015441895,4.125,4.0625,4.114583015441895,2974800
1989-01-10,4.09375,4.114583015441895,4.0729169845581055,4.114583015441895,4420800
1989-01-11,4.09375,4.114583015441895,4.083333015441895,4.09375,1658400
1989-01-12,4.1041669845581055,4.114583015441895,4.0729169845581055,4.09375,8287200
1989-01-13,4.114583015441895,4.1354169845581055,4.09375,4.1041669845581055,4621200
1989-01-16,4.125,4.1354169845581055,4.09375,4.114583015441895,2329200
1989-01-17,4.125,4.1354169845581055,4.1041669845581055,4.125,2550000
1989-01-18,4.1666669845581055,4.25,4.114583015441895,4.125,17588400
1989-01-19,4.177083015441895,4.1979169845581055,4.1666669845581055,4.1666669845581055,7167600
1989-01-20,4.1666669845581055,4.1979169845581055,4.15625,4.177083015441895,2835600
1989-01-23,4.1354169845581055,4.208333015441895,4.114583015441895,4.1666669845581055,2590800
1989-01-24,4.1354169845581055,4.1354169845581055,4.1041669845581055,4.1354169845581055,4069200
1989-01-25,4.1666669845581055,4.25,4.145833015441895,4.145833015441895,12597600
1989-01-26,4.25,4.3229169845581055,4.1666669845581055,4.1666669845581055,16783200
1989-01-27,4.395833015441895,4.458333015441895,4.2604169845581055,4.2604169845581055,23971200
1989-01-30,4.364583015441895,4.40625,4.333333015441895,4.395833015441895,8258400
1989-01-31,4.302083015441895,4.364583015441895,4.28125,4.364583015441895,3957600
1989-02-01,4.333333015441895,4.34375,4.28125,4.302083015441895,7740000
1989-02-02,4.4166669845581055,4.458333015441895,4.302083015441895,4.333333015441895,14161200
1989-02-03,4.395833015441895,4.4166669845581055,4.375,4.4166669845581055,8157600
1989-02-06,4.3229169845581055,4.395833015441895,4.3229169845581055,4.395833015441895,5664000
1989-02-07,4.395833015441895,4.395833015441895,4.3125,4.3229169845581055,9901200
1989-02-08,4.40625,4.4479169845581055,4.395833015441895,4.395833015441895,6061200
1989-02-09,4.3125,4.3854169845581055,4.2916669845581055,4.3854169845581055,4642800
1989-02-10,4.25,4.34375,4.239583015441895,4.3125,3331200
1989-02-13,4.21875,4.25,4.15625,4.25,3027600
1989-02-14,4.208333015441895,4.2604169845581055,4.208333015441895,4.21875,5970000
1989-02-15,4.4479169845581055,4.458333015441895,4.1875,4.208333015441895,11241600
1989-02-16,4.364583015441895,4.427083015441895,4.333333015441895,4.427083015441895,6240000
1989-02-17,4.364583015441895,4.4479169845581055,4.34375,4.364583015441895,10225200
1989-02-21,4.3854169845581055,4.40625,4.3541669845581055,4.364583015441895,5415600
1989-02-22,4.2916669845581055,4.364583015441895,4.270833015441895,4.364583015441895,2742000
1989-02-23,4.3229169845581055,4.4166669845581055,4.302083015441895,4.302083015441895,8905200
1989-02-24,4.2916669845581055,4.3229169845581055,4.25,4.3229169845581055,5810400
1989-02-27,4.25,4.270833015441895,4.1979169845581055,4.270833015441895,5745600
1989-02-28,4.2291669845581055,4.28125,4.2291669845581055,4.25,4095600
1989-03-01,4.270833015441895,4.3229169845581055,4.25,4.25,3158400
1989-03-02,4.34375,4.3541669845581055,4.25,4.270833015441895,18352800
1989-03-03,4.4479169845581055,4.4791669845581055,4.3541669845581055,4.3541669845581055,12774000
1989-03-06,4.625,4.65625,4.46875,4.46875,18841200
1989-03-07,4.5729169845581055,4.625,4.5625,4.625,7164000
1989-03-08,4.71875,4.833333015441895,4.5625,4.5729169845581055,12178800
1989-03-09,4.739583015441895,4.802083015441895,4.6875,4.71875,5395200
1989-03-10,4.770833015441895,4.7916669845581055,4.65625,4.739583015441895,5550000
1989-03-13,4.84375,4.864583015441895,4.7604169845581055,4.770833015441895,5119200
1989-03-14,4.84375,4.9166669845581055,4.833333015441895,4.84375,7879200
1989-03-15,4.9479169845581055,4.989583015441895,4.9375,4.9375,12853200
1989-03-16,5.0,5.052083015441895,4.958333015441895,4.958333015441895,11365200
1989-03-17,4.895833015441895,4.927083015441895,4.7916669845581055,4.927083015441895,9112800
1989-03-20,4.8541669845581055,4.927083015441895,4.84375,4.895833015441895,5470800
1989-03-21,4.8854169845581055,4.9375,4.875,4.875,6067200
1989-03-22,4.864583015441895,4.9166669845581055,4.8541669845581055,4.8854169845581055,3376800
1989-03-23,4.8229169845581055,4.90625,4.7916669845581055,4.864583015441895,5762400
1989-03-27,4.78125,4.8125,4.7291669845581055,4.8125,18181200
1989-03-28,4.8229169845581055,4.8541669845581055,4.802083015441895,4.802083015441895,3571200
1989-03-29,4.895833015441895,4.927083015441895,4.8229169845581055,4.8229169845581055,7998000
1989-03-30,4.989583015441895,5.0,4.90625,4.90625,5936400
1989-03-31,5.0104169845581055,5.052083015441895,4.9791669845581055,4.989583015441895,5478000
1989-04-03,5.1041669845581055,5.1666669845581055,5.0104169845581055,5.0104169845581055,6882000
1989-04-04,5.083333015441895,5.09375,5.0625,5.09375,3129600
1989-04-05,5.09375,5.125,5.0625,5.083333015441895,4959600
1989-04-06,5.0,5.114583015441895,5.0,5.09375,2881200
1989-04-07,5.052083015441895,5.0729169845581055,4.9791669845581055,5.0,3315600
1989-04-10,5.052083015441895,5.125,5.0416669845581055,5.052083015441895,3566400
1989-04-11,5.0416669845581055,5.0729169845581055,5.0104169845581055,5.052083015441895,5114400
1989-04-12,5.1875,5.208333015441895,5.0416669845581055,5.0416669845581055,10300800
1989-04-13,5.1666669845581055,5.1979169845581055,5.1354169845581055,5.1875,3098400
1989-04-14,5.3229169845581055,5.333333015441895,5.177083015441895,5.177083015441895,7476000
1989-04-17,5.375,5.395833015441895,5.3125,5.3229169845581055,3495600
1989-04-18,5.4375,5.489583015441895,5.395833015441895,5.395833015441895,6578400
1989-04-19,5.40625,5.4479169845581055,5.3854169845581055,5.4375,5420400
1989-04-20,5.333333015441895,5.4479169845581055,5.2916669845581055,5.40625,2215200
1989-04-21,5.3541669845581055,5.3541669845581055,5.2916669845581055,5.333333015441895,2288400
1989-04-24,5.270833015441895,5.333333015441895,5.25,5.333333015441895,1933200
1989-04-25,5.2916669845581055,5.34375,5.28125,5.28125,2911200
1989-04-26,5.3229169845581055,5.375,5.273437976837158,5.2916669845581055,2887200
1989-04-27,5.364583015441895,5.395833015441895,5.34375,5.34375,2580000
1989-04-28,5.3541669845581055,5.375,5.333333015441895,5.364583015441895,1896000
1989-05-01,5.375,5.4375,5.2916669845581055,5.3541669845581055,3240000
1989-05-02,5.489583015441895,5.523437976837158,5.4375,5.4375,6476400
1989-05-03,5.4791669845581055,5.5416669845581055,5.46875,5.489583015441895,1824000
1989-05-04,5.5,5.5416669845581055,5.46875,5.4791669845581055,2065200
1989-05-05,5.5416669845581055,5.583333015441895,5.523437976837158,5.523437976837158,4782000
1989-05-08,5.395833015441895,5.520833015441895,5.3541669845581055,5.520833015441895,7374000
1989-05-09,5.4166669845581055,5.489583015441895,5.40625,5.40625,1600800
1989-05-10,5.5,5.606770992279053,5.46875,5.46875,7185600
1989-05-11,5.5729169845581055,5.5729169845581055,5.523437976837158,5.523437976837158,3200400
1989-05-12,5.7291669845581055,5.75,5.645833015441895,5.645833015441895,13602000
1989-05-15,5.802083015441895,5.8229169845581055,5.7291669845581055,5.7291669845581055,6061200
1989-05-16,5.708333015441895,5.7916669845581055,5.708333015441895,5.7916669845581055,4759200
1989-05-17,5.770833015441895,5.802083015441895,5.708333015441895,5.708333015441895,8198400
1989-05-18,5.802083015441895,5.875,5.6875,5.770833015441895,14218800
1989-05-19,5.9479169845581055,6.0,5.90625,5.90625,11196000
1989-05-22,5.958333015441895,6.0625,5.958333015441895,5.958333015441895,8920800
1989-05-23,6.020833015441895,6.083333015441895,5.9375,5.958333015441895,7053600
1989-05-24,6.020833015441895,6.0416669845581055,6.0,6.020833015441895,2076000
1989-05-25,5.958333015441895,5.989583015441895,5.9375,5.989583015441895,3940800
1989-05-26,6.020833015441895,6.03125,5.9166669845581055,5.958333015441895,6194400
1989-05-30,6.03125,6.114583015441895,6.020833015441895,6.020833015441895,4929600
1989-05-31,6.239583015441895,6.25,6.0729169845581055,6.0729169845581055,7497600
1989-06-01,6.4479169845581055,6.5729169845581055,6.25,6.25,18021600
1989-06-02,6.520833015441895,6.5625,6.40625,6.4479169845581055,11197200
1989-06-05,6.3854169845581055,6.520833015441895,6.375,6.520833015441895,5203200
1989-06-06,6.2291669845581055,6.395833015441895,6.177083015441895,6.3854169845581055,9375600
1989-06-07,6.15625,6.3125,6.1354169845581055,6.2291669845581055,6898800
1989-06-08,6.114583015441895,6.208333015441895,6.114583015441895,6.15625,6774000
1989-06-09,6.083333015441895,6.2291669845581055,6.020833015441895,6.114583015441895,8040000
1989-06-12,6.125,6.1354169845581055,6.0625,6.083333015441895,4537200
1989-06-13,5.958333015441895,6.114583015441895,5.958333015441895,6.114583015441895,5149200
1989-06-14,6.125,6.125,6.0,6.0,4922400
1989-06-15,5.9791669845581055,6.15625,5.958333015441895,6.125,4420800
1989-06-16,5.96875,6.0104169845581055,5.9166669845581055,5.9791669845581055,3027600
1989-06-19,6.1041669845581055,6.145833015441895,5.958333015441895,5.96875,6673200
1989-06-20,6.2291669845581055,6.2291669845581055,6.145833015441895,6.145833015441895,8326800
1989-06-21,6.052083015441895,6.15625,6.052083015441895,6.15625,3462000
1989-06-22,5.989583015441895,6.125,5.989583015441895,6.052083015441895,6350400
1989-06-23,6.1354169845581055,6.1875,6.0729169845581055,6.0729169845581055,6409200
1989-06-26,6.21875,6.2916669845581055,6.145833015441895,6.145833015441895,5289600
1989-06-27,6.2291669845581055,6.28125,6.21875,6.21875,2106000
1989-06-28,6.177083015441895,6.21875,6.114583015441895,6.21875,4263600
1989-06-29,5.958333015441895,6.177083015441895,5.958333015441895,6.177083015441895,4120800
1989-06-30,5.875,6.0,5.583333015441895,5.958333015441895,12650400
1989-07-03,5.9791669845581055,6.0,5.864583015441895,5.875,969600
1989-07-05,6.177083015441895,6.2604169845581055,5.958333015441895,5.9791669845581055,8365200
1989-07-06,6.239583015441895,6.270833015441895,6.1666669845581055,6.177083015441895,4638000
1989-07-07,6.1979169845581055,6.28125,6.145833015441895,6.239583015441895,6525600
1989-07-10,6.2291669845581055,6.2916669845581055,6.1979169845581055,6.1979169845581055,3447600
1989-07-11,6.4375,6.4375,6.34375,6.34375,8654400
1989-07-12,6.458333015441895,6.6041669845581055,6.4375,6.4375,7760400
1989-07-13,6.375,6.489583015441895,6.375,6.458333015441895,2384400
1989-07-14,6.28125,6.40625,6.2291669845581055,6.375,2445600
1989-07-17,6.3125,6.3229169845581055,6.2291669845581055,6.28125,1678800
1989-07-18,6.25,6.2916669845581055,6.21875,6.2916669845581055,1510800
1989-07-19,6.28125,6.333333015441895,6.239583015441895,6.25,3100800
1989-07-20,6.3125,6.333333015441895,6.270833015441895,6.28125,2702400
1989-07-21,6.2291669845581055,6.3125,6.21875,6.3125,1212000
1989-07-24,6.25,6.2604169845581055,6.208333015441895,6.2291669845581055,1402800
1989-07-25,6.21875,6.3125,6.177083015441895,6.25,3063600
1989-07-26,6.4166669845581055,6.4166669845581055,6.208333015441895,6.21875,2812800
1989-07-27,6.4791669845581055,6.583333015441895,6.4375,6.4375,6355200
1989-07-28,6.458333015441895,6.5104169845581055,6.427083015441895,6.4791669845581055,3321600
1989-07-31,6.5729169845581055,6.583333015441895,6.4479169845581055,6.458333015441895,4584000
1989-08-01,6.6354169845581055,6.708333015441895,6.6041669845581055,6.6041669845581055,8586000
1989-08-02,6.75,6.770833015441895,6.583333015441895,6.6354169845581055,5190000
1989-08-03,6.8125,6.833333015441895,6.7291669845581055,6.75,4747200
1989-08-04,6.7291669845581055,6.75,6.6666669845581055,6.75,1926000
1989-08-07,6.833333015441895,6.84375,6.739583015441895,6.739583015441895,3658800
1989-08-08,6.7291669845581055,6.864583015441895,6.625,6.833333015441895,5840400
1989-08-09,6.625,6.6666669845581055,6.6041669845581055,6.6666669845581055,6950400
1989-08-10,6.6666669845581055,6.71875,6.59375,6.625,6216000
1989-08-11,6.625,6.78125,6.625,6.6666669845581055,3988800
1989-08-14,6.6354169845581055,6.6875,6.5625,6.625,5305200
1989-08-15,6.6354169845581055,6.6875,6.5625,6.6354169845581055,4072800
1989-08-16,6.7604169845581055,6.7604169845581055,6.6041669845581055,6.6354169845581055,4366800
1989-08-17,6.6875,6.78125,6.6666669845581055,6.7604169845581055,2361600
1989-08-18,6.708333015441895,6.7291669845581055,6.677083015441895,6.6875,1693200
1989-08-21,6.739583015441895,6.8229169845581055,6.708333015441895,6.708333015441895,4334400
1989-08-22,6.6979169845581055,6.7916669845581055,6.6666669845581055,6.739583015441895,12380400
1989-08-23,6.7916669845581055,6.7916669845581055,6.708333015441895,6.708333015441895,3837600
1989-08-24,6.9479169845581055,6.9791669845581055,6.7604169845581055,6.7916669845581055,5214000
1989-08-25,6.989583015441895,7.052083015441895,6.927083015441895,6.9479169845581055,3253200
1989-08-28,6.9791669845581055,6.9791669845581055,6.864583015441895,6.9791669845581055,2263200
1989-08-29,6.9375,6.9791669845581055,6.895833015441895,6.9791669845581055,1551600
1989-08-30,6.9479169845581055,6.96875,6.9166669845581055,6.9375,1581600
1989-08-31,6.9479169845581055,6.958333015441895,6.927083015441895,6.9479169845581055,818400
1989-09-01,6.989583015441895,7.020833015441895,6.927083015441895,6.9479169845581055,2067600
1989-09-05,7.09375,7.1875,6.9375,6.989583015441895,3362400
1989-09-06,7.1979169845581055,7.2083330154418945,6.96875,7.09375,4258800
1989-09-07,7.4270830154418945,7.4479169845581055,7.2604169845581055,7.2604169845581055,9072000
1989-09-08,7.5208330154418945,7.5625,7.375,7.4270830154418945,5131200
1989-09-11,7.6458330154418945,7.6875,7.4166669845581055,7.5208330154418945,4544400
1989-09-12,7.8541669845581055,7.9791669845581055,7.6041669845581055,7.6458330154418945,6880800
1989-09-13,7.7395830154418945,8.0,7.7291669845581055,7.8541669845581055,4789200
1989-09-14,7.6458330154418945,7.7395830154418945,7.5625,7.7395830154418945,3417600
1989-09-15,7.75,7.7916669845581055,7.6145830154418945,7.6458330154418945,3189600
1989-09-18,7.8854169845581055,7.9166669845581055,7.7395830154418945,7.75,6474000
1989-09-19,7.7604169845581055,7.8854169845581055,7.7291669845581055,7.8854169845581055,5583600
1989-09-20,7.6041669845581055,7.7916669845581055,7.6041669845581055,7.7604169845581055,3312000
1989-09-21,7.59375,7.6875,7.5520830154418945,7.6041669845581055,6002400
1989-09-22,7.6666669845581055,7.7083330154418945,7.5416669845581055,7.59375,6756000
1989-09-25,7.7395830154418945,7.7708330154418945,7.625,7.6666669845581055,8104800
1989-09-26,7.6979169845581055,7.8125,7.6875,7.7395830154418945,4410000
1989-09-27,7.7604169845581055,7.7916669845581055,7.5833330154418945,7.6979169845581055,5355600
1989-09-28,7.8020830154418945,7.8541669845581055,7.7291669845581055,7.7604169845581055,9028800
1989-09-29,7.8333330154418945,7.8854169845581055,7.7916669845581055,7.8020830154418945,5121600
1989-10-02,7.90625,7.9375,7.7916669845581055,7.8333330154418945,5982000
1989-10-03,7.9166669845581055,8.072916984558105,7.9166669845581055,7.9166669845581055,16832400
1989-10-04,8.197916984558105,8.25,7.9166669845581055,7.9166669845581055,11953200
1989-10-05,8.333333015441895,8.4375,8.166666984558105,8.197916984558105,14019600
1989-10-06,8.5625,8.729166984558105,8.416666984558105,8.416666984558105,8874000
1989-10-09,8.604166984558105,8.604166984558105,8.46875,8.5625,1098000
1989-10-10,8.5,8.6875,8.333333015441895,8.604166984558105,7153200
1989-10-11,8.28125,8.46875,8.270833015441895,8.46875,4188000
1989-10-12,8.145833015441895,8.354166984558105,8.104166984558105,8.28125,6000000
1989-10-13,7.2916669845581055,8.1875,7.25,8.145833015441895,8659200
1989-10-16,7.7083330154418945,7.8333330154418945,7.3125,7.3125,14776800
1989-10-17,7.5833330154418945,7.7708330154418945,7.5,7.7083330154418945,9732000
1989-10-18,7.625,7.7395830154418945,7.5,7.5833330154418945,3969600
1989-10-19,7.8958330154418945,7.9166669845581055,7.625,7.625,4207200
1989-10-20,7.78125,7.90625,7.78125,7.8958330154418945,1963200
1989-10-23,7.7291669845581055,7.7708330154418945,7.7083330154418945,7.7708330154418945,1623600
1989-10-24,7.6145830154418945,7.7291669845581055,7.4479169845581055,7.7291669845581055,6744000
1989-10-25,7.4791669845581055,7.6041669845581055,7.46875,7.6041669845581055,2728800
1989-10-26,7.25,7.46875,7.145833015441895,7.46875,5964000
1989-10-27,6.9791669845581055,7.2604169845581055,6.8854169845581055,7.25,9552000
1989-10-30,6.958333015441895,7.145833015441895,6.8125,6.9791669845581055,10155600
1989-10-31,7.145833015441895,7.1875,6.958333015441895,6.958333015441895,3631200
1989-11-01,7.145833015441895,7.25,7.125,7.145833015441895,2809200
1989-11-02,6.9375,7.1354169845581055,6.895833015441895,7.1354169845581055,3444000
1989-11-03,6.7916669845581055,6.9791669845581055,6.6041669845581055,6.9375,7518000
1989-11-06,6.614583015441895,6.7916669845581055,6.59375,6.7916669845581055,5328000
1989-11-07,6.65625,6.7291669845581055,6.5625,6.614583015441895,5200800
1989-11-08,6.8854169845581055,7.0416669845581055,6.75,6.75,5180400
1989-11-09,6.875,7.0,6.875,6.8854169845581055,3945600
1989-11-10,6.90625,7.020833015441895,6.875,6.875,1738800
1989-11-13,7.020833015441895,7.03125,6.895833015441895,6.90625,2985600
1989-11-14,6.927083015441895,7.1041669845581055,6.875,7.020833015441895,2461200
1989-11-15,6.9791669845581055,7.020833015441895,6.864583015441895,6.927083015441895,1876800
1989-11-16,6.989583015441895,7.0625,6.875,6.9791669845581055,2517600
1989-11-17,6.9166669845581055,6.9791669845581055,6.9166669845581055,6.9791669845581055,3199200
1989-11-20,6.927083015441895,6.9375,6.84375,6.9166669845581055,930000
1989-11-21,6.833333015441895,7.0,6.833333015441895,6.927083015441895,2994000
1989-11-22,6.833333015441895,6.875,6.770833015441895,6.833333015441895,1758000
1989-11-24,6.9791669845581055,7.0,6.84375,6.84375,1856400
1989-11-27,7.03125,7.083333015441895,7.020833015441895,7.020833015441895,5030400
1989-11-28,7.0,7.0625,6.9166669845581055,7.03125,2395200
1989-11-29,6.7916669845581055,7.0,6.770833015441895,7.0,2899200
1989-11-30,6.9375,6.958333015441895,6.7916669845581055,6.7916669845581055,4120800
1989-12-01,6.9166669845581055,6.989583015441895,6.8541669845581055,6.9375,3799200
1989-12-04,6.8125,6.895833015441895,6.75,6.895833015441895,4132800
1989-12-05,6.5416669845581055,6.802083015441895,6.458333015441895,6.802083015441895,10628400
1989-12-06,6.520833015441895,6.614583015441895,6.4166669845581055,6.5416669845581055,8030400
1989-12-07,6.34375,6.5,6.0625,6.5,15411600
1989-12-08,6.052083015441895,6.4375,5.9166669845581055,6.375,15853200
1989-12-11,5.8541669845581055,6.03125,5.645833015441895,6.0104169845581055,26217600
1989-12-12,5.7604169845581055,5.895833015441895,5.739583015441895,5.8854169845581055,8772000
1989-12-13,5.8229169845581055,5.8854169845581055,5.7604169845581055,5.7604169845581055,5660400
1989-12-14,5.71875,5.8125,5.645833015441895,5.770833015441895,4003200
1989-12-15,5.645833015441895,5.7604169845581055,5.520833015441895,5.739583015441895,9032400
1989-12-18,5.15625,5.6875,5.0416669845581055,5.6666669845581055,14193600
1989-12-19,5.25,5.28125,5.0625,5.1979169845581055,11498400
1989-12-20,5.53125,5.5416669845581055,5.302083015441895,5.375,7698000
1989-12-21,5.5729169845581055,5.645833015441895,5.520833015441895,5.5729169845581055,3900000
1989-12-22,5.6666669845581055,5.708333015441895,5.552083015441895,5.5625,4177200
1989-12-26,5.625,5.6666669845581055,5.614583015441895,5.645833015441895,3825600
1989-12-27,5.6041669845581055,5.6875,5.59375,5.645833015441895,4586400
1989-12-28,5.625,5.6875,5.583333015441895,5.625,3633600
1989-12-29,5.59375,5.625,5.4791669845581055,5.6041669845581055,3277200
1990-01-02,5.7291669845581055,5.7291669845581055,5.520833015441895,5.583333015441895,3582000
1990-01-03,5.9166669845581055,5.9375,5.770833015441895,5.78125,8731200
1990-01-04,5.9479169845581055,6.125,5.895833015441895,5.9375,6489600
1990-01-05,5.90625,6.0,5.864583015441895,5.989583015441895,4899600
1990-01-08,5.833333015441895,5.8541669845581055,5.770833015441895,5.8229169845581055,3409200
1990-01-09,5.708333015441895,5.833333015441895,5.6666669845581055,5.833333015441895,6637200
1990-01-10,5.65625,5.708333015441895,5.5625,5.708333015441895,4248000
1990-01-11,5.739583015441895,5.770833015441895,5.645833015441895,5.645833015441895,4047600
1990-01-12,5.5416669845581055,5.645833015441895,5.5416669845581055,5.6354169845581055,3432000
1990-01-15,5.4479169845581055,5.5,5.4375,5.5,3213600
1990-01-16,5.583333015441895,5.6041669845581055,5.3229169845581055,5.395833015441895,5071200
1990-01-17,5.614583015441895,5.677083015441895,5.552083015441895,5.5729169845581055,2949600
1990-01-18,5.5729169845581055,5.6041669845581055,5.5416669845581055,5.583333015441895,2160000
1990-01-19,5.5625,5.645833015441895,5.5416669845581055,5.5729169845581055,2803200
1990-01-22,5.4166669845581055,5.5625,5.4166669845581055,5.53125,1729200
1990-01-23,5.3541669845581055,5.4791669845581055,5.208333015441895,5.4375,3404400
1990-01-24,5.25,5.28125,5.0729169845581055,5.28125,4885200
1990-01-25,5.2291669845581055,5.3125,5.15625,5.2916669845581055,2565600
1990-01-26,5.1875,5.25,5.125,5.21875,4866000
1990-01-29,4.8854169845581055,5.1979169845581055,4.833333015441895,5.1979169845581055,5502000
1990-01-30,4.864583015441895,5.0,4.802083015441895,4.9166669845581055,11720400
1990-01-31,5.083333015441895,5.1041669845581055,4.8854169845581055,4.9166669845581055,3591600
1990-02-01,5.145833015441895,5.208333015441895,5.0625,5.1041669845581055,2179200
1990-02-02,5.21875,5.239583015441895,5.1354169845581055,5.15625,2502000
1990-02-05,5.375,5.375,5.2291669845581055,5.2291669845581055,3182400
1990-02-06,5.614583015441895,5.625,5.375,5.395833015441895,4524000
1990-02-07,5.65625,5.7291669845581055,5.520833015441895,5.583333015441895,7669200
1990-02-08,5.645833015441895,5.770833015441895,5.625,5.6354169845581055,4639200
1990-02-09,5.5625,5.677083015441895,5.53125,5.6666669845581055,3163200
1990-02-12,5.583333015441895,5.645833015441895,5.5,5.5416669845581055,2569200
1990-02-13,5.614583015441895,5.614583015441895,5.5104169845581055,5.59375,2428800
1990-02-14,5.5625,5.645833015441895,5.5416669845581055,5.614583015441895,1664400
1990-02-15,5.5729169845581055,5.59375,5.552083015441895,5.5625,3247200
1990-02-16,5.552083015441895,5.625,5.5416669845581055,5.583333015441895,3324000
1990-02-20,5.46875,5.5104169845581055,5.3541669845581055,5.5104169845581055,3709200
1990-02-21,5.40625,5.458333015441895,5.3541669845581055,5.3541669845581055,3217200
1990-02-22,5.5729169845581055,5.6666669845581055,5.4166669845581055,5.4166669845581055,5184000
1990-02-23,5.6041669845581055,5.625,5.53125,5.5729169845581055,2118000
1990-02-26,5.6979169845581055,5.708333015441895,5.583333015441895,5.6041669845581055,2600400
1990-02-27,5.71875,5.75,5.6666669845581055,5.7291669845581055,3423600
1990-02-28,5.75,5.802083015441895,5.71875,5.7291669845581055,3450000
1990-03-01,5.84375,5.895833015441895,5.71875,5.7604169845581055,2942400
1990-03-02,5.9375,6.020833015441895,5.833333015441895,5.833333015441895,3963600
1990-03-05,5.9375,6.0,5.9166669845581055,5.9166669845581055,1234800
1990-03-06,6.0729169845581055,6.083333015441895,5.9375,5.9791669845581055,1653600
1990-03-07,6.083333015441895,6.145833015441895,6.0729169845581055,6.125,3076800
1990-03-08,5.989583015441895,6.09375,5.9375,6.083333015441895,2121600
1990-03-09,5.9166669845581055,5.989583015441895,5.833333015441895,5.9791669845581055,1868400
1990-03-12,5.895833015441895,5.895833015441895,5.833333015441895,5.875,2307600
1990-03-13,5.9375,5.96875,5.864583015441895,5.864583015441895,1924800
1990-03-14,6.0104169845581055,6.0625,5.9166669845581055,5.9166669845581055,2280000
1990-03-15,6.083333015441895,6.09375,5.9791669845581055,6.052083015441895,854400
1990-03-16,6.0104169845581055,6.145833015441895,5.9791669845581055,6.1041669845581055,2899200
1990-03-19,5.989583015441895,6.0,5.90625,5.9166669845581055,2262000
1990-03-20,5.958333015441895,6.0416669845581055,5.9375,6.0,4593600
1990-03-21,5.8125,5.989583015441895,5.7916669845581055,5.9375,3637200
1990-03-22,5.645833015441895,5.7916669845581055,5.6354169845581055,5.7916669845581055,3571200
1990-03-23,5.4791669845581055,5.708333015441895,5.458333015441895,5.6666669845581055,2704800
1990-03-26,5.6041669845581055,5.625,5.5104169845581055,5.520833015441895,2418000
1990-03-27,5.6666669845581055,5.677083015441895,5.59375,5.59375,1215600
1990-03-28,5.6875,5.7291669845581055,5.677083015441895,5.6875,2750400
1990-03-29,5.8229169845581055,5.8229169845581055,5.6875,5.6875,2114400
1990-03-30,5.770833015441895,5.8125,5.6666669845581055,5.8125,2608800
1990-04-02,5.7291669845581055,5.75,5.6666669845581055,5.6666669845581055,859200
1990-04-03,5.8541669845581055,5.8541669845581055,5.75,5.75,2481600
1990-04-04,5.78125,5.8541669845581055,5.75,5.8541669845581055,1762800
1990-04-05,5.7291669845581055,5.802083015441895,5.6979169845581055,5.7916669845581055,1215600
1990-04-06,5.4375,5.75,5.4166669845581055,5.75,4332000
1990-04-09,5.552083015441895,5.5625,5.458333015441895,5.458333015441895,2203200
1990-04-10,5.6041669845581055,5.6666669845581055,5.5416669845581055,5.5416669845581055,3081600
1990-04-11,5.770833015441895,5.78125,5.6354169845581055,5.6354169845581055,3150000
1990-04-12,5.833333015441895,5.875,5.78125,5.7916669845581055,1824000
1990-04-16,5.833333015441895,5.9791669845581055,5.8229169845581055,5.875,4368000
1990-04-17,5.8125,5.8229169845581055,5.78125,5.8229169845581055,1402800
1990-04-18,5.645833015441895,5.833333015441895,5.645833015441895,5.833333015441895,2898000
1990-04-19,5.645833015441895,5.677083015441895,5.583333015441895,5.583333015441895,3114000
1990-04-20,5.6041669845581055,5.6875,5.583333015441895,5.65625,1764000
1990-04-23,5.5,5.583333015441895,5.4166669845581055,5.583333015441895,2804400
1990-04-24,5.5416669845581055,5.625,5.53125,5.5625,2028000
1990-04-25,5.5625,5.614583015441895,5.5416669845581055,5.5625,2028000
1990-04-26,5.552083015441895,5.6041669845581055,5.458333015441895,5.583333015441895,4754400
1990-04-27,5.458333015441895,5.552083015441895,5.458333015441895,5.552083015441895,1576800
1990-04-30,5.3854169845581055,5.4479169845581055,5.3125,5.4479169845581055,3459600
1990-05-01,5.4166669845581055,5.520833015441895,5.375,5.458333015441895,1351200
1990-05-02,5.3125,5.395833015441895,5.2916669845581055,5.395833015441895,2850000
1990-05-03,5.375,5.4166669845581055,5.333333015441895,5.3541669845581055,2746800
1990-05-04,5.552083015441895,5.5625,5.40625,5.4479169845581055,1368000
1990-05-07,5.614583015441895,5.6666669845581055,5.53125,5.5625,1815600
1990-05-08,5.5625,5.5625,5.5,5.5625,2058000
1990-05-09,5.5,5.552083015441895,5.4791669845581055,5.5416669845581055,2161200
1990-05-10,5.5729169845581055,5.583333015441895,5.46875,5.4791669845581055,3418800
1990-05-11,5.84375,5.875,5.645833015441895,5.65625,5266800
1990-05-14,5.7604169845581055,6.083333015441895,5.6666669845581055,5.9166669845581055,8356800
1990-05-15,5.84375,5.875,5.71875,5.71875,4124400
1990-05-16,5.8125,5.8541669845581055,5.78125,5.8541669845581055,2950800
1990-05-17,5.8125,5.90625,5.8125,5.8125,3276000
1990-05-18,5.7916669845581055,5.84375,5.7916669845581055,5.8229169845581055,2289600
1990-05-21,5.9791669845581055,6.020833015441895,5.8125,5.833333015441895,5299200
1990-05-22,5.9375,6.1041669845581055,5.9166669845581055,6.0625,4238400
1990-05-23,5.96875,6.052083015441895,5.96875,6.020833015441895,3370800
1990-05-24,6.0625,6.1041669845581055,5.96875,5.989583015441895,4477200
1990-05-25,5.989583015441895,6.0416669845581055,5.96875,6.0416669845581055,938400
1990-05-29,6.1041669845581055,6.1041669845581055,5.989583015441895,5.989583015441895,1237200
1990-05-30,6.1041669845581055,6.15625,6.052083015441895,6.1354169845581055,3829200
1990-05-31,6.03125,6.1041669845581055,6.0,6.083333015441895,1908000
1990-06-01,6.375,6.375,6.1354169845581055,6.1666669845581055,6984000
1990-06-04,6.65625,6.71875,6.395833015441895,6.395833015441895,7003200
1990-06-05,6.739583015441895,6.8229169845581055,6.6666669845581055,6.708333015441895,8686800
1990-06-06,6.6875,6.7916669845581055,6.677083015441895,6.677083015441895,3812400
1990-06-07,6.6354169845581055,6.708333015441895,6.552083015441895,6.6979169845581055,2444400
1990-06-08,6.5416669845581055,6.6875,6.4791669845581055,6.59375,2367600
1990-06-11,6.625,6.6666669845581055,6.4791669845581055,6.4791669845581055,2005200
1990-06-12,6.6979169845581055,6.739583015441895,6.625,6.645833015441895,6801600
1990-06-13,6.583333015441895,6.7916669845581055,6.5729169845581055,6.708333015441895,5013600
1990-06-14,6.53125,6.583333015441895,6.458333015441895,6.5729169845581055,2698800
1990-06-15,6.427083015441895,6.53125,6.4166669845581055,6.489583015441895,1442400
1990-06-18,6.2916669845581055,6.395833015441895,6.2916669845581055,6.395833015441895,1978800
1990-06-19,6.375,6.3854169845581055,6.2916669845581055,6.2916669845581055,2036400
1990-06-20,6.2916669845581055,6.375,6.2291669845581055,6.375,2679600
1990-06-21,6.364583015441895,6.3854169845581055,6.270833015441895,6.3125,2340000
1990-06-22,6.34375,6.4166669845581055,6.333333015441895,6.364583015441895,1926000
1990-06-25,6.270833015441895,6.364583015441895,6.145833015441895,6.364583015441895,2326800
1990-06-26,6.25,6.333333015441895,6.25,6.333333015441895,1126800
1990-06-27,6.239583015441895,6.270833015441895,6.21875,6.25,1784400
1990-06-28,6.3125,6.3229169845581055,6.1979169845581055,6.25,3064800
1990-06-29,6.2916669845581055,6.395833015441895,6.28125,6.3229169845581055,2516400
1990-07-02,6.4791669845581055,6.5104169845581055,6.302083015441895,6.302083015441895,2313600
1990-07-03,6.520833015441895,6.583333015441895,6.5,6.5,1784400
1990-07-05,6.46875,6.53125,6.458333015441895,6.53125,958800
1990-07-06,6.5416669845581055,6.5625,6.4479169845581055,6.458333015441895,1538400
1990-07-09,6.645833015441895,6.645833015441895,6.5416669845581055,6.5416669845581055,933600
1990-07-10,6.6041669845581055,6.7291669845581055,6.583333015441895,6.645833015441895,2612400
1990-07-11,6.645833015441895,6.6875,6.6041669845581055,6.625,1509600
1990-07-12,6.6979169845581055,6.8125,6.625,6.6666669845581055,3150000
1990-07-13,6.7604169845581055,6.802083015441895,6.6979169845581055,6.71875,5024400
1990-07-16,6.7916669845581055,6.84375,6.770833015441895,6.770833015441895,4353600
1990-07-17,6.6979169845581055,6.802083015441895,6.59375,6.802083015441895,3123600
1990-07-18,6.65625,6.677083015441895,6.583333015441895,6.677083015441895,2139600
1990-07-19,6.6875,6.6979169845581055,6.6041669845581055,6.625,1496400
1990-07-20,6.65625,6.71875,6.65625,6.677083015441895,1342800
1990-07-23,6.364583015441895,6.583333015441895,6.1875,6.583333015441895,6349200
1990-07-24,6.3229169845581055,6.333333015441895,6.177083015441895,6.3125,4630800
1990-07-25,6.239583015441895,6.4791669845581055,6.21875,6.40625,1684800
1990-07-26,6.333333015441895,6.375,6.208333015441895,6.2291669845581055,1795200
1990-07-27,6.1666669845581055,6.333333015441895,6.1666669845581055,6.3229169845581055,2808000
1990-07-30,6.145833015441895,6.1666669845581055,6.083333015441895,6.1666669845581055,2682000
1990-07-31,6.020833015441895,6.2291669845581055,5.9791669845581055,6.1666669845581055,2773200
1990-08-01,6.0625,6.125,6.0,6.020833015441895,3732000
1990-08-02,5.9375,5.9791669845581055,5.864583015441895,5.895833015441895,2738400
1990-08-03,5.6041669845581055,5.8125,5.375,5.8125,7046400
1990-08-06,5.2916669845581055,5.5,5.25,5.25,4401600
1990-08-07,5.302083015441895,5.395833015441895,5.28125,5.3541669845581055,3967200
1990-08-08,5.46875,5.5104169845581055,5.3125,5.3125,1389600
1990-08-09,5.6875,5.7291669845581055,5.4791669845581055,5.4791669845581055,2444400
1990-08-10,5.6666669845581055,5.6666669845581055,5.5416669845581055,5.6666669845581055,1478400
1990-08-13,5.5416669845581055,5.614583015441895,5.5104169845581055,5.5625,1893600
1990-08-14,5.5416669845581055,5.5729169845581055,5.46875,5.552083015441895,1987200
1990-08-15,5.4166669845581055,5.6041669845581055,5.395833015441895,5.583333015441895,2574000
1990-08-16,5.3229169845581055,5.375,5.3229169845581055,5.375,3226800
1990-08-17,5.1979169845581055,5.208333015441895,5.083333015441895,5.1666669845581055,4628400
1990-08-20,4.9375,5.208333015441895,4.9375,5.208333015441895,2068800
1990-08-21,4.833333015441895,4.9479169845581055,4.708333015441895,4.75,4326000
1990-08-22,4.8125,4.9375,4.770833015441895,4.8541669845581055,1945200
1990-08-23,4.6875,4.71875,4.5416669845581055,4.6666669845581055,4410000
1990-08-24,4.875,4.8854169845581055,4.770833015441895,4.7916669845581055,2991600
1990-08-27,5.1354169845581055,5.2291669845581055,5.0625,5.125,2932800
1990-08-28,5.0,5.1666669845581055,4.9375,5.125,2058000
1990-08-29,5.0625,5.145833015441895,4.9791669845581055,4.989583015441895,1041600
1990-08-30,4.989583015441895,5.083333015441895,4.96875,5.083333015441895,1428000
1990-08-31,5.020833015441895,5.020833015441895,4.9791669845581055,4.9791669845581055,968400
1990-09-04,5.0104169845581055,5.083333015441895,4.989583015441895,5.0,746400
1990-09-05,5.0729169845581055,5.125,5.03125,5.03125,1705200
1990-09-06,5.0,5.0729169845581055,4.958333015441895,5.0729169845581055,1510800
1990-09-07,5.0625,5.1041669845581055,4.989583015441895,4.989583015441895,1348800
1990-09-10,5.0729169845581055,5.1041669845581055,5.0416669845581055,5.083333015441895,1900800
1990-09-11,4.989583015441895,5.0729169845581055,4.958333015441895,5.0729169845581055,577200
1990-09-12,4.96875,4.9791669845581055,4.8541669845581055,4.958333015441895,1778400
1990-09-13,4.989583015441895,5.0625,4.958333015441895,5.0,807600
1990-09-14,4.90625,4.9791669845581055,4.895833015441895,4.9791669845581055,1804800
1990-09-17,4.8125,4.833333015441895,4.78125,4.833333015441895,2442000
1990-09-18,4.6979169845581055,4.7291669845581055,4.6041669845581055,4.6666669845581055,4022400
1990-09-19,4.5104169845581055,4.770833015441895,4.458333015441895,4.6979169845581055,3087600
1990-09-20,4.3229169845581055,4.489583015441895,4.1666669845581055,4.4791669845581055,3739200
1990-09-21,4.3125,4.4375,4.2916669845581055,4.4375,3342000
1990-09-24,4.3541669845581055,4.375,4.239583015441895,4.2916669845581055,3801600
1990-09-25,4.5625,4.5625,4.3125,4.395833015441895,3096000
1990-09-26,4.5104169845581055,4.583333015441895,4.4375,4.5625,1722000
1990-09-27,4.34375,4.5729169845581055,4.333333015441895,4.5416669845581055,3214800
1990-09-28,4.520833015441895,4.5625,4.2916669845581055,4.333333015441895,3996000
1990-10-01,4.6666669845581055,4.677083015441895,4.583333015441895,4.614583015441895,4358400
1990-10-02,4.458333015441895,4.75,4.458333015441895,4.6875,4468800
1990-10-03,4.3229169845581055,4.4375,4.2916669845581055,4.395833015441895,3063600
1990-10-04,4.3854169845581055,4.4479169845581055,4.3125,4.3229169845581055,3266400
1990-10-05,4.3125,4.4375,4.2291669845581055,4.2916669845581055,3618000
1990-10-08,4.3125,4.395833015441895,4.3125,4.375,2641200
1990-10-09,4.1041669845581055,4.2916669845581055,4.1041669845581055,4.2916669845581055,3542400
1990-10-10,3.895833015441896,4.020833015441895,3.8854169845581055,4.0,4075200
1990-10-11,3.6666669845581055,4.0,3.59375,3.9375,3506400
1990-10-12,3.6041669845581055,3.7291669845581055,3.541666984558105,3.708333015441896,7617600
1990-10-15,3.5,3.6354169845581055,3.416666984558105,3.625,6751200
1990-10-16,3.229166984558105,3.510416984558105,3.21875,3.510416984558105,5596800
1990-10-17,3.3125,3.4375,3.166666984558105,3.2395830154418945,4686000
1990-10-18,3.15625,3.479166984558105,3.1458330154418945,3.416666984558105,10748400
1990-10-19,2.7395830154418945,2.9375,2.5208330154418945,2.916666984558105,43252800
1990-10-22,2.8125,2.8958330154418945,2.5833330154418945,2.71875,26119200
1990-10-23,2.9375,3.0,2.8125,2.8125,10423200
1990-10-24,2.84375,2.9375,2.8333330154418945,2.9270830154418945,3974400
1990-10-25,2.84375,2.885416984558105,2.791666984558105,2.8645830154418945,2775600
1990-10-26,2.8333330154418945,2.8645830154418945,2.8020830154418945,2.854166984558105,1765200
1990-10-29,2.7083330154418945,2.8125,2.6770830154418945,2.8125,4249200
1990-10-30,2.65625,2.6875,2.541666984558105,2.666666984558105,8970000
1990-10-31,2.8333330154418945,2.854166984558105,2.604166984558105,2.635416984558105,6441600
1990-11-01,2.885416984558105,2.947916984558105,2.8645830154418945,2.875,9645600
1990-11-02,3.0208330154418945,3.041666984558105,2.885416984558105,2.885416984558105,5774400
1990-11-05,3.1458330154418945,3.1875,3.0625,3.0833330154418945,5728800
1990-11-06,3.197916984558105,3.25,3.1145830154418945,3.135416984558105,6750000
1990-11-07,3.1145830154418945,3.229166984558105,3.104166984558105,3.2083330154418945,15663600
1990-11-08,3.1458330154418945,3.1770830154418945,3.072916984558105,3.104166984558105,2084400
1990-11-09,3.1875,3.2395830154418945,3.15625,3.166666984558105,2348400
1990-11-12,3.322916984558105,3.322916984558105,3.229166984558105,3.25,4405200
1990-11-13,3.260416984558105,3.354166984558105,3.229166984558105,3.322916984558105,4461600
1990-11-14,3.3020830154418945,3.322916984558105,3.21875,3.25,3631200
1990-11-15,3.25,3.322916984558105,3.25,3.2708330154418945,2623200
1990-11-16,3.3333330154418945,3.3333330154418945,3.25,3.25,3462000
1990-11-19,3.3125,3.3645830154418945,3.260416984558105,3.3333330154418945,4976400
1990-11-20,3.1458330154418945,3.25,3.1458330154418945,3.25,7339200
1990-11-21,3.1145830154418945,3.166666984558105,3.010416984558105,3.166666984558105,5286000
1990-11-23,3.15625,3.1875,3.1145830154418945,3.1145830154418945,1551600
1990-11-26,3.15625,3.15625,3.0520830154418945,3.15625,3291600
1990-11-27,3.21875,3.2395830154418945,3.166666984558105,3.166666984558105,5151600
1990-11-28,3.229166984558105,3.354166984558105,3.21875,3.2395830154418945,9044400
1990-11-29,3.28125,3.3125,3.197916984558105,3.25,3998400
1990-11-30,3.375,3.40625,3.2395830154418945,3.260416984558105,6285600
1990-12-03,3.4375,3.4895830154418945,3.3333330154418945,3.416666984558105,2572800
1990-12-04,3.614583015441896,3.625,3.3958330154418945,3.4375,4304400
1990-12-05,3.989583015441896,3.989583015441896,3.6875,3.75,9014400
1990-12-06,3.8541669845581055,4.083333015441895,3.8125,4.083333015441895,6276000
1990-12-07,3.8229169845581055,3.958333015441896,3.75,3.8541669845581055,7533600
1990-12-10,3.96875,4.0,3.770833015441896,3.802083015441896,5524800
1990-12-11,4.03125,4.0625,3.927083015441896,3.96875,4610400
1990-12-12,4.1354169845581055,4.145833015441895,4.03125,4.03125,7665600
1990-12-13,4.114583015441895,4.1354169845581055,4.1041669845581055,4.1354169845581055,2643600
1990-12-14,4.0625,4.1041669845581055,4.020833015441895,4.1041669845581055,2290800
1990-12-17,4.0,4.020833015441895,3.958333015441896,4.020833015441895,3249600
1990-12-18,4.052083015441895,4.125,3.958333015441896,3.989583015441896,4050000
1990-12-19,4.270833015441895,4.3125,4.083333015441895,4.1041669845581055,6007200
1990-12-20,4.21875,4.3229169845581055,4.1666669845581055,4.1875,4848000
1990-12-21,4.15625,4.2291669845581055,4.1354169845581055,4.1979169845581055,4540800
1990-12-24,4.09375,4.125,4.09375,4.114583015441895,1730400
1990-12-26,4.1041669845581055,4.145833015441895,4.083333015441895,4.09375,3171600
1990-12-27,4.0729169845581055,4.1354169845581055,4.020833015441895,4.020833015441895,8232000
1990-12-28,4.0625,4.0729169845581055,4.020833015441895,4.0729169845581055,1882800
1990-12-31,4.0625,4.1041669845581055,4.0416669845581055,4.052083015441895,1651200
1991-01-02,4.083333015441895,4.145833015441895,4.0416669845581055,4.0416669845581055,4027200
1991-01-03,4.083333015441895,4.125,4.0729169845581055,4.114583015441895,1845600
1991-01-04,4.083333015441895,4.114583015441895,4.0416669845581055,4.0729169845581055,1854000
1991-01-07,3.927083015441896,4.0625,3.9166669845581055,4.0625,1794000
1991-01-08,3.8854169845581055,4.0104169845581055,3.864583015441896,3.9166669845581055,1735200
1991-01-09,3.833333015441896,4.0,3.7916669845581055,3.96875,2868000
1991-01-10,3.84375,3.8541669845581055,3.802083015441896,3.833333015441896,3691200
1991-01-11,3.833333015441896,3.8541669845581055,3.75,3.8541669845581055,2134800
1991-01-14,3.75,3.802083015441896,3.6875,3.802083015441896,2167200
1991-01-15,3.7291669845581055,3.75,3.6875,3.7291669845581055,2224800
1991-01-16,3.9375,3.9375,3.739583015441896,3.739583015441896,1384800
1991-01-17,4.3229169845581055,4.375,4.125,4.125,7753200
1991-01-18,4.25,4.2916669845581055,4.1979169845581055,4.239583015441895,1874400
1991-01-21,4.395833015441895,4.40625,4.1875,4.208333015441895,682800
1991-01-22,4.458333015441895,4.520833015441895,4.3229169845581055,4.3541669845581055,3151200
1991-01-23,4.552083015441895,4.583333015441895,4.4791669845581055,4.4791669845581055,2776800
1991-01-24,4.6041669845581055,4.6875,4.552083015441895,4.552083015441895,5017200
1991-01-25,4.7291669845581055,4.739583015441895,4.583333015441895,4.583333015441895,1627200
1991-01-28,4.7604169845581055,4.770833015441895,4.708333015441895,4.7291669845581055,1905600
1991-01-29,4.677083015441895,4.770833015441895,4.6666669845581055,4.7604169845581055,1821600
1991-01-30,4.78125,4.802083015441895,4.6041669845581055,4.677083015441895,2469600
1991-01-31,5.114583015441895,5.1354169845581055,4.9166669845581055,4.9166669845581055,12536400
1991-02-01,5.25,5.40625,5.0625,5.15625,9867600
1991-02-04,5.5625,5.6666669845581055,5.1875,5.2291669845581055,6508800
1991-02-05,5.802083015441895,5.802083015441895,5.4791669845581055,5.552083015441895,5415600
1991-02-06,5.6666669845581055,5.8125,5.625,5.71875,4953600
1991-02-07,5.5625,5.75,5.5416669845581055,5.65625,3637200
1991-02-08,5.583333015441895,5.6354169845581055,5.5416669845581055,5.583333015441895,2258400
1991-02-11,5.7604169845581055,5.833333015441895,5.583333015441895,5.583333015441895,5628000
1991-02-12,5.802083015441895,5.875,5.770833015441895,5.7916669845581055,4460400
1991-02-13,5.7604169845581055,5.864583015441895,5.6875,5.8229169845581055,2185200
1991-02-14,5.625,5.802083015441895,5.6041669845581055,5.802083015441895,1894800
1991-02-15,5.71875,5.8229169845581055,5.6354169845581055,5.6354169845581055,4080000
1991-02-19,5.833333015441895,5.875,5.75,5.7604169845581055,3026400
1991-02-20,5.8229169845581055,5.989583015441895,5.770833015441895,5.833333015441895,4905600
1991-02-21,5.833333015441895,5.875,5.7291669845581055,5.833333015441895,3298800
1991-02-22,5.9166669845581055,6.0,5.8229169845581055,5.8229169845581055,3486000
1991-02-25,5.8125,5.96875,5.75,5.96875,2527200
1991-02-26,5.739583015441895,5.7916669845581055,5.71875,5.7916669845581055,2384400
1991-02-27,5.8541669845581055,5.864583015441895,5.75,5.75,4437600
1991-02-28,5.864583015441895,5.9166669845581055,5.8229169845581055,5.84375,1659600
1991-03-01,6.0416669845581055,6.0416669845581055,5.8229169845581055,5.84375,2619600
1991-03-04,6.0729169845581055,6.09375,6.0104169845581055,6.0625,1880400
1991-03-05,6.177083015441895,6.21875,6.0625,6.083333015441895,2892000
1991-03-06,6.1041669845581055,6.239583015441895,6.083333015441895,6.21875,3121200
1991-03-07,6.1666669845581055,6.1875,6.1041669845581055,6.145833015441895,2437200
1991-03-08,6.3541669845581055,6.3541669845581055,6.1041669845581055,6.1666669845581055,8646000
1991-03-11,6.2291669845581055,6.333333015441895,6.145833015441895,6.333333015441895,4725600
1991-03-12,6.208333015441895,6.2916669845581055,6.1666669845581055,6.25,3968400
1991-03-13,6.239583015441895,6.239583015441895,6.114583015441895,6.208333015441895,3922800
1991-03-14,6.333333015441895,6.395833015441895,6.2291669845581055,6.2291669845581055,6128400
1991-03-15,6.3854169845581055,6.395833015441895,6.2916669845581055,6.3125,1903200
1991-03-18,6.520833015441895,6.583333015441895,6.375,6.395833015441895,5370000
1991-03-19,6.395833015441895,6.520833015441895,6.3229169845581055,6.520833015441895,1728000
1991-03-20,6.302083015441895,6.395833015441895,6.1041669845581055,6.395833015441895,3199200
1991-03-21,6.208333015441895,6.3541669845581055,6.1666669845581055,6.333333015441895,2534400
1991-03-22,6.1666669845581055,6.1875,6.0,6.1666669845581055,3318000
1991-03-25,6.3229169845581055,6.333333015441895,6.1354169845581055,6.145833015441895,1076400
1991-03-26,6.458333015441895,6.4791669845581055,6.2916669845581055,6.3229169845581055,1959600
1991-03-27,6.5,6.5729169845581055,6.489583015441895,6.5,2221200
1991-03-28,6.6041669845581055,6.614583015441895,6.5104169845581055,6.520833015441895,2458800
1991-04-01,6.645833015441895,6.645833015441895,6.6041669845581055,6.6041669845581055,1068000
1991-04-02,6.7916669845581055,6.802083015441895,6.6354169845581055,6.65625,5917200
1991-04-03,6.65625,6.7916669845581055,6.645833015441895,6.7916669845581055,1929600
1991-04-04,6.6875,6.71875,6.6041669845581055,6.625,4642800
1991-04-05,6.6666669845581055,6.833333015441895,6.6041669845581055,6.7291669845581055,4887600
1991-04-08,6.71875,6.739583015441895,6.625,6.6666669845581055,1153200
1991-04-09,6.7604169845581055,6.895833015441895,6.677083015441895,6.6979169845581055,2338800
1991-04-10,6.677083015441895,6.7604169845581055,6.625,6.7604169845581055,3000000
1991-04-11,6.802083015441895,6.8229169845581055,6.6979169845581055,6.6979169845581055,1231200
1991-04-12,6.875,6.895833015441895,6.8125,6.875,1429200
1991-04-15,6.958333015441895,7.0,6.895833015441895,6.895833015441895,1239600
1991-04-16,7.03125,7.0416669845581055,6.8541669845581055,6.96875,2910000
1991-04-17,6.9375,7.083333015441895,6.9166669845581055,7.083333015441895,3523200
1991-04-18,6.7916669845581055,6.895833015441895,6.7916669845581055,6.8541669845581055,1798800
1991-04-19,6.6979169845581055,6.770833015441895,6.6875,6.770833015441895,1544400
1991-04-22,6.6875,6.71875,6.6041669845581055,6.6979169845581055,3656400
1991-04-23,6.6875,6.833333015441895,6.625,6.75,1624800
1991-04-24,6.75,6.7916669845581055,6.71875,6.75,1616400
1991-04-25,6.59375,6.6979169845581055,6.583333015441895,6.6666669845581055,3880800
1991-04-26,6.6041669845581055,6.6666669845581055,6.5416669845581055,6.5625,3376800
1991-04-29,6.2604169845581055,6.5625,6.2291669845581055,6.5625,4989600
1991-04-30,6.333333015441895,6.4375,6.1041669845581055,6.2604169845581055,9244800
1991-05-01,6.645833015441895,6.6666669845581055,6.364583015441895,6.4375,3830400
1991-05-02,6.6875,6.7291669845581055,6.65625,6.65625,1687200
1991-05-03,6.5729169845581055,6.65625,6.552083015441895,6.645833015441895,1012800
1991-05-06,6.5104169845581055,6.5729169845581055,6.458333015441895,6.5625,1033200
1991-05-07,6.458333015441895,6.53125,6.4375,6.5104169845581055,464400
1991-05-08,6.489583015441895,6.5,6.3854169845581055,6.46875,790800
1991-05-09,6.59375,6.625,6.5,6.5,1238400
1991-05-10,6.5,6.5729169845581055,6.4166669845581055,6.5729169845581055,2527200
1991-05-13,6.5416669845581055,6.5416669845581055,6.458333015441895,6.489583015441895,1294800
1991-05-14,6.489583015441895,6.6041669845581055,6.458333015441895,6.520833015441895,1540800
1991-05-15,6.520833015441895,6.5416669845581055,6.46875,6.489583015441895,1711200
1991-05-16,6.6041669845581055,6.6875,6.520833015441895,6.6041669845581055,2647200
1991-05-17,6.614583015441895,6.65625,6.53125,6.5625,1749600
1991-05-20,6.6354169845581055,6.65625,6.5625,6.59375,681600
1991-05-21,6.71875,6.75,6.65625,6.6666669845581055,2013600
1991-05-22,6.739583015441895,6.78125,6.7291669845581055,6.739583015441895,633600
1991-05-23,6.739583015441895,6.770833015441895,6.708333015441895,6.75,964800
1991-05-24,6.927083015441895,6.9375,6.75,6.75,912000
1991-05-28,7.020833015441895,7.0416669845581055,6.90625,6.90625,3343200
1991-05-29,7.2395830154418945,7.2395830154418945,7.020833015441895,7.0416669845581055,3604800
1991-05-30,7.3645830154418945,7.4375,7.21875,7.2395830154418945,4383600
1991-05-31,7.3645830154418945,7.3958330154418945,7.21875,7.34375,2084400
1991-06-03,7.3645830154418945,7.40625,7.3125,7.3645830154418945,1453200
1991-06-04,7.2708330154418945,7.3020830154418945,7.2291669845581055,7.2708330154418945,1563600
1991-06-05,7.2083330154418945,7.2708330154418945,7.177083015441895,7.2604169845581055,1341600
1991-06-06,7.0,7.21875,6.989583015441895,7.21875,1524000
1991-06-07,6.9375,7.0,6.9166669845581055,6.9791669845581055,1212000
1991-06-10,6.833333015441895,6.958333015441895,6.7916669845581055,6.9375,2017200
1991-06-11,6.895833015441895,7.0,6.8125,6.833333015441895,1426800
1991-06-12,6.833333015441895,6.833333015441895,6.7291669845581055,6.8125,1113600
1991-06-13,6.7604169845581055,6.895833015441895,6.708333015441895,6.8541669845581055,2078400
1991-06-14,6.71875,6.802083015441895,6.645833015441895,6.78125,2210400
1991-06-17,6.90625,6.90625,6.7291669845581055,6.75,1384800
1991-06-18,6.8541669845581055,6.9791669845581055,6.84375,6.8854169845581055,1479600
1991-06-19,6.7291669845581055,6.833333015441895,6.6875,6.833333015441895,1238400
1991-06-20,6.7604169845581055,6.8229169845581055,6.6875,6.75,1340400
1991-06-21,6.6666669845581055,6.802083015441895,6.6354169845581055,6.739583015441895,903600
1991-06-24,6.520833015441895,6.6666669845581055,6.4791669845581055,6.6666669845581055,1795200
1991-06-25,6.5625,6.583333015441895,6.5,6.552083015441895,1358400
1991-06-26,6.53125,6.6041669845581055,6.4791669845581055,6.5625,1742400
1991-06-27,6.645833015441895,6.6666669845581055,6.5,6.5104169845581055,2778000
1991-06-28,6.708333015441895,6.770833015441895,6.625,6.645833015441895,2197200
1991-07-01,6.84375,6.875,6.7916669845581055,6.8125,2030400
1991-07-02,6.9166669845581055,6.989583015441895,6.7916669845581055,6.833333015441895,2090400
1991-07-03,6.8125,6.895833015441895,6.8125,6.895833015441895,1384800
1991-07-05,6.8125,6.8229169845581055,6.7916669845581055,6.8229169845581055,350400
1991-07-08,6.989583015441895,7.0,6.739583015441895,6.7916669845581055,2486400
1991-07-09,7.0104169845581055,7.114583015441895,7.0,7.0,3470400
1991-07-10,7.1666669845581055,7.2291669845581055,7.0729169845581055,7.083333015441895,3009600
1991-07-11,7.145833015441895,7.2708330154418945,7.125,7.1875,2340000
1991-07-12,7.2291669845581055,7.2708330154418945,7.09375,7.177083015441895,3063600
1991-07-15,7.3125,7.3645830154418945,7.2604169845581055,7.2708330154418945,3260400
1991-07-16,7.1875,7.3333330154418945,7.1875,7.3333330154418945,1342800
1991-07-17,7.15625,7.1666669845581055,7.083333015441895,7.15625,2160000
1991-07-18,7.1875,7.25,7.125,7.15625,1396800
1991-07-19,7.1979169845581055,7.2291669845581055,7.1666669845581055,7.2291669845581055,902400
1991-07-22,7.1666669845581055,7.2083330154418945,7.114583015441895,7.1875,1300800
1991-07-23,7.03125,7.25,7.020833015441895,7.1875,768000
1991-07-24,7.0,7.0625,7.0,7.052083015441895,1525200
1991-07-25,7.0625,7.0625,6.9166669845581055,7.020833015441895,1828800
1991-07-26,7.020833015441895,7.0416669845581055,6.9479169845581055,7.0416669845581055,1292400
1991-07-29,7.0625,7.114583015441895,7.0416669845581055,7.0416669845581055,1203600
1991-07-30,7.1875,7.2083330154418945,7.03125,7.03125,1626000
1991-07-31,7.4270830154418945,7.53125,7.2083330154418945,7.2291669845581055,4609200
1991-08-01,7.4166669845581055,7.5208330154418945,7.4166669845581055,7.4583330154418945,2013600
1991-08-02,7.4791669845581055,7.625,7.4583330154418945,7.625,2319600
1991-08-05,7.3854169845581055,7.4583330154418945,7.375,7.4375,672000
1991-08-06,7.5104169845581055,7.5208330154418945,7.34375,7.3645830154418945,3643200
1991-08-07,7.5208330154418945,7.59375,7.5,7.5,2498400
1991-08-08,7.5,7.53125,7.40625,7.5104169845581055,1617600
1991-08-09,7.5208330154418945,7.59375,7.4791669845581055,7.5104169845581055,2977200
1991-08-12,7.5520830154418945,7.6041669845581055,7.4791669845581055,7.5,1621200
1991-08-13,7.5416669845581055,7.6041669845581055,7.4791669845581055,7.5520830154418945,1990800
1991-08-14,7.6041669845581055,7.6979169845581055,7.5520830154418945,7.5520830154418945,2497200
1991-08-15,7.5729169845581055,7.7291669845581055,7.5625,7.6458330154418945,1312800
1991-08-16,7.4791669845581055,7.5625,7.4166669845581055,7.5520830154418945,2673600
1991-08-19,7.25,7.3333330154418945,7.125,7.2916669845581055,3718800
1991-08-20,7.2916669845581055,7.3541669845581055,7.21875,7.3125,1665600
1991-08-21,7.5625,7.5833330154418945,7.3958330154418945,7.3958330154418945,1878000
1991-08-22,7.5729169845581055,7.6041669845581055,7.5208330154418945,7.5520830154418945,1020000
1991-08-23,7.4895830154418945,7.6041669845581055,7.4791669845581055,7.5625,1742400
1991-08-26,7.4583330154418945,7.4895830154418945,7.4166669845581055,7.4895830154418945,1084800
1991-08-27,7.4895830154418945,7.4895830154418945,7.3645830154418945,7.4270830154418945,772800
1991-08-28,7.65625,7.6770830154418945,7.46875,7.4895830154418945,1717200
1991-08-29,7.8125,7.8125,7.7083330154418945,7.7291669845581055,3079200
1991-08-30,7.8645830154418945,7.8645830154418945,7.7604169845581055,7.78125,1664400
1991-09-03,7.75,7.875,7.7083330154418945,7.8541669845581055,2020800
1991-09-04,7.5416669845581055,7.7395830154418945,7.5208330154418945,7.7395830154418945,1945200
1991-09-05,7.5,7.5625,7.46875,7.5416669845581055,1108800
1991-09-06,7.5,7.5416669845581055,7.4479169845581055,7.53125,1436400
1991-09-09,7.5208330154418945,7.5208330154418945,7.4895830154418945,7.5104169845581055,966000
1991-09-10,7.5,7.6041669845581055,7.4583330154418945,7.5416669845581055,2782800
1991-09-11,7.6145830154418945,7.6145830154418945,7.4791669845581055,7.5416669845581055,1784400
1991-09-12,7.9791669845581055,8.0,7.75,7.75,4322400
1991-09-13,7.8333330154418945,7.9583330154418945,7.8229169845581055,7.9583330154418945,2815200
1991-09-16,7.9166669845581055,7.9166669845581055,7.8125,7.8125,1412400
1991-09-17,8.145833015441895,8.15625,7.9375,7.9583330154418945,3812400
1991-09-18,8.302083015441895,8.333333015441895,8.15625,8.15625,7161600
1991-09-19,8.322916984558105,8.40625,8.270833015441895,8.3125,3186000
1991-09-20,8.40625,8.479166984558105,8.333333015441895,8.364583015441895,1506000
1991-09-23,8.28125,8.46875,8.28125,8.416666984558105,2116800
1991-09-24,8.5,8.5,8.3125,8.322916984558105,5060400
1991-09-25,8.489583015441895,8.541666984558105,8.4375,8.5,1075200
1991-09-26,8.5625,8.572916984558105,8.4375,8.479166984558105,2307600
1991-09-27,8.708333015441895,8.708333015441895,8.583333015441895,8.583333015441895,1610400
1991-09-30,8.71875,8.78125,8.6875,8.6875,1684800
1991-10-01,8.895833015441895,8.895833015441895,8.729166984558105,8.770833015441895,2361600
1991-10-02,8.739583015441895,8.895833015441895,8.708333015441895,8.895833015441895,2754000
1991-10-03,8.645833015441895,8.708333015441895,8.5,8.6875,3438000
1991-10-04,8.572916984558105,8.65625,8.5625,8.645833015441895,1099200
1991-10-07,8.34375,8.5,8.3125,8.5,1957200
1991-10-08,8.333333015441895,8.354166984558105,8.197916984558105,8.354166984558105,2989200
1991-10-09,8.114583015441895,8.322916984558105,8.114583015441895,8.3125,2076000
1991-10-10,8.270833015441895,8.270833015441895,8.03125,8.104166984558105,3172800
1991-10-11,8.177083015441895,8.3125,8.166666984558105,8.291666984558105,1780800
1991-10-14,8.166666984558105,8.229166984558105,8.083333015441895,8.1875,1320000
1991-10-15,8.416666984558105,8.416666984558105,8.177083015441895,8.1875,3999600
1991-10-16,9.208333015441896,9.229166984558104,8.708333015441895,8.75,11558400
1991-10-17,9.166666984558104,9.229166984558104,8.979166984558105,9.145833015441896,4932000
1991-10-18,9.0625,9.270833015441896,9.0625,9.208333015441896,2608800
1991-10-21,8.989583015441895,9.0625,8.895833015441895,9.041666984558104,2548800
1991-10-22,8.895833015441895,9.0625,8.875,8.96875,2574000
1991-10-23,8.75,9.0,8.666666984558105,8.90625,2722800
1991-10-24,8.75,8.833333015441895,8.708333015441895,8.791666984558105,2605200
1991-10-25,8.666666984558105,8.75,8.604166984558105,8.75,1854000
1991-10-28,8.78125,8.78125,8.458333015441895,8.625,2616000
1991-10-29,8.84375,8.916666984558105,8.770833015441895,8.78125,1303200
1991-10-30,9.104166984558104,9.125,8.916666984558105,8.916666984558105,3014400
1991-10-31,9.15625,9.15625,9.020833015441896,9.135416984558104,1363200
1991-11-01,8.875,9.15625,8.854166984558105,9.15625,1974000
1991-11-04,8.697916984558105,8.833333015441895,8.6875,8.833333015441895,1878000
1991-11-05,8.71875,8.791666984558105,8.697916984558105,8.71875,1306800
1991-11-06,8.770833015441895,8.770833015441895,8.708333015441895,8.739583015441895,1616400
1991-11-07,9.010416984558104,9.041666984558104,8.78125,8.833333015441895,3105600
1991-11-08,8.802083015441895,9.145833015441896,8.770833015441895,9.041666984558104,1902000
1991-11-11,8.854166984558105,8.885416984558105,8.791666984558105,8.791666984558105,429600
1991-11-12,8.895833015441895,8.916666984558105,8.8125,8.895833015441895,1126800
1991-11-13,8.90625,8.979166984558105,8.854166984558105,8.875,1420800
1991-11-14,8.916666984558105,8.958333015441895,8.84375,8.947916984558105,1777200
1991-11-15,8.53125,8.854166984558105,8.520833015441895,8.854166984558105,3626400
1991-11-18,8.46875,8.59375,8.458333015441895,8.572916984558105,2212800
1991-11-19,8.25,8.395833015441895,8.104166984558105,8.385416984558105,4063200
1991-11-20,8.28125,8.40625,8.239583015441895,8.25,2869200
1991-11-21,8.4375,8.510416984558105,8.25,8.28125,2054400
1991-11-22,8.229166984558105,8.458333015441895,8.177083015441895,8.395833015441895,1666800
1991-11-25,8.083333015441895,8.208333015441895,8.0625,8.208333015441895,2325600
1991-11-26,8.1875,8.197916984558105,7.9583330154418945,8.104166984558105,1976400
1991-11-27,7.8958330154418945,8.125,7.8958330154418945,8.083333015441895,1292400
1991-11-29,7.8333330154418945,7.8645830154418945,7.7916669845581055,7.8333330154418945,1046400
1991-12-02,8.208333015441895,8.25,7.7083330154418945,7.8333330154418945,1990800
1991-12-03,8.395833015441895,8.5,8.1875,8.25,3346800
1991-12-04,8.4375,8.541666984558105,8.354166984558105,8.479166984558105,1418400
1991-12-05,8.385416984558105,8.458333015441895,8.354166984558105,8.40625,1100400
1991-12-06,8.572916984558105,8.604166984558105,8.354166984558105,8.375,1543200
1991-12-09,8.71875,8.833333015441895,8.604166984558105,8.625,915600
1991-12-10,8.666666984558105,8.760416984558105,8.625,8.645833015441895,1537200
1991-12-11,8.520833015441895,8.583333015441895,8.427083015441895,8.583333015441895,1575600
1991-12-12,8.395833015441895,8.59375,8.395833015441895,8.5625,1695600
1991-12-13,8.479166984558105,8.520833015441895,8.4375,8.4375,1590000
1991-12-16,8.458333015441895,8.46875,8.395833015441895,8.447916984558105,1046400
1991-12-17,8.5625,8.697916984558105,8.520833015441895,8.520833015441895,3129600
1991-12-18,8.635416984558105,8.6875,8.583333015441895,8.583333015441895,1612800
1991-12-19,8.6875,8.791666984558105,8.645833015441895,8.645833015441895,2451600
1991-12-20,9.03125,9.083333015441896,8.802083015441895,8.822916984558105,4699200
1991-12-23,9.458333015441896,9.520833015441896,8.927083015441895,9.020833015441896,2491200
1991-12-24,9.864583015441896,9.916666984558104,9.5,9.5,2018400
1991-12-26,10.479166984558104,10.583333015441896,9.833333015441896,9.864583015441896,5647200
1991-12-27,10.770833015441896,10.833333015441896,10.458333015441896,10.458333015441896,5514000
1991-12-30,10.875,10.958333015441896,10.65625,10.6875,5960400
1991-12-31,11.458333015441896,11.583333015441896,10.78125,10.833333015441896,18782400
1992-01-02,10.958333015441896,11.145833015441896,10.854166984558104,11.083333015441896,12212400
1992-01-03,10.854166984558104,10.875,10.6875,10.875,6045600
1992-01-06,10.989583015441896,11.145833015441896,10.864583015441896,10.864583015441896,3762000
1992-01-07,11.229166984558104,11.25,10.8125,10.989583015441896,3844800
1992-01-08,11.25,11.354166984558104,11.083333015441896,11.166666984558104,3710400
1992-01-09,11.020833015441896,11.229166984558104,10.989583015441896,11.229166984558104,2779200
1992-01-10,11.104166984558104,11.125,10.833333015441896,10.833333015441896,2316000
1992-01-13,11.125,11.177083015441896,11.020833015441896,11.083333015441896,1287600
1992-01-14,11.083333015441896,11.145833015441896,10.979166984558104,11.125,2660400
1992-01-15,10.833333015441896,11.114583015441896,10.75,11.09375,3538800
1992-01-16,10.208333015441896,10.71875,10.041666984558104,10.708333015441896,8336400
1992-01-17,10.1875,10.3125,9.8125,10.208333015441896,4611600
1992-01-20,10.083333015441896,10.083333015441896,9.854166984558104,10.0625,2506800
1992-01-21,9.9375,10.145833015441896,9.916666984558104,10.083333015441896,2959200
1992-01-22,10.25,10.270833015441896,9.9375,9.9375,2383200
1992-01-23,10.625,10.645833015441896,10.479166984558104,10.5,3086400
1992-01-24,10.645833015441896,10.708333015441896,10.416666984558104,10.625,2666400
1992-01-27,10.65625,10.75,10.645833015441896,10.708333015441896,3001200
1992-01-28,10.625,10.666666984558104,10.5,10.65625,1478400
1992-01-29,10.552083015441896,10.645833015441896,10.541666984558104,10.604166984558104,2070000
1992-01-30,10.541666984558104,10.5625,10.458333015441896,10.552083015441896,2064000
1992-01-31,10.333333015441896,10.5625,10.208333015441896,10.520833015441896,1381200
1992-02-03,10.166666984558104,10.458333015441896,10.0,10.333333015441896,2869200
1992-02-04,10.25,10.354166984558104,10.1875,10.1875,1918800
1992-02-05,10.3125,10.364583015441896,10.229166984558104,10.270833015441896,1136400
1992-02-06,10.291666984558104,10.395833015441896,10.291666984558104,10.333333015441896,1814400
1992-02-07,10.177083015441896,10.479166984558104,10.09375,10.395833015441896,1744800
1992-02-10,10.135416984558104,10.270833015441896,10.083333015441896,10.197916984558104,704400
1992-02-11,10.197916984558104,10.25,10.041666984558104,10.114583015441896,1201200
1992-02-12,10.197916984558104,10.333333015441896,10.197916984558104,10.25,1045200
1992-02-13,9.885416984558104,10.21875,9.854166984558104,10.21875,2272800
1992-02-14,9.677083015441896,9.958333015441896,9.666666984558104,9.9375,2706000
1992-02-18,9.333333015441896,9.677083015441896,9.3125,9.677083015441896,4582800
1992-02-19,9.40625,9.53125,9.322916984558104,9.354166984558104,3124800
1992-02-20,9.489583015441896,9.614583015441896,9.489583015441896,9.489583015441896,2691600
1992-02-21,9.489583015441896,9.625,9.489583015441896,9.5,2636400
1992-02-24,9.479166984558104,9.541666984558104,9.458333015441896,9.5,1148400
1992-02-25,9.583333015441896,9.625,9.479166984558104,9.489583015441896,2406000
1992-02-26,9.729166984558104,9.916666984558104,9.59375,9.625,2236800
1992-02-27,9.875,9.979166984558104,9.833333015441896,9.979166984558104,2527200
1992-02-28,9.854166984558104,10.041666984558104,9.802083015441896,9.916666984558104,1269600
1992-03-02,9.864583015441896,9.9375,9.71875,9.833333015441896,1802400
1992-03-03,9.75,9.916666984558104,9.75,9.875,943200
1992-03-04,9.708333015441896,9.875,9.708333015441896,9.770833015441896,1608000
1992-03-05,9.395833015441896,9.666666984558104,9.25,9.666666984558104,1992000
1992-03-06,10.0,10.0,9.302083015441896,9.40625,3140400
1992-03-09,10.239583015441896,10.458333015441896,10.208333015441896,10.375,7399200
1992-03-10,10.354166984558104,10.395833015441896,10.25,10.291666984558104,4530000
1992-03-11,10.291666984558104,10.354166984558104,10.15625,10.354166984558104,1941600
1992-03-12,10.145833015441896,10.302083015441896,10.020833015441896,10.25,2775600
1992-03-13,10.1875,10.25,10.0625,10.145833015441896,3673200
1992-03-16,10.364583015441896,10.395833015441896,10.125,10.166666984558104,1710000
1992-03-17,10.447916984558104,10.458333015441896,10.302083015441896,10.40625,1579200
1992-03-18,10.666666984558104,10.666666984558104,10.416666984558104,10.427083015441896,2877600
1992-03-19,10.739583015441896,10.8125,10.583333015441896,10.75,2004000
1992-03-20,10.729166984558104,10.802083015441896,10.604166984558104,10.739583015441896,1494000
1992-03-23,10.802083015441896,10.802083015441896,10.729166984558104,10.729166984558104,1546800
1992-03-24,10.791666984558104,10.9375,10.708333015441896,10.822916984558104,1731600
1992-03-25,10.583333015441896,10.875,10.583333015441896,10.770833015441896,1962000
1992-03-26,10.666666984558104,10.75,10.625,10.708333015441896,2917200
1992-03-27,10.5625,10.666666984558104,10.520833015441896,10.635416984558104,708000
1992-03-30,10.739583015441896,10.802083015441896,10.416666984558104,10.520833015441896,2146800
1992-03-31,10.645833015441896,10.71875,10.645833015441896,10.71875,5180400
1992-04-01,10.6875,10.708333015441896,10.510416984558104,10.5625,1149600
1992-04-02,10.5,10.708333015441896,10.458333015441896,10.666666984558104,2724000
1992-04-03,10.510416984558104,10.5625,10.458333015441896,10.520833015441896,1008000
1992-04-06,10.770833015441896,10.8125,10.541666984558104,10.572916984558104,1096800
1992-04-07,10.291666984558104,10.770833015441896,10.25,10.770833015441896,3525600
1992-04-08,10.197916984558104,10.291666984558104,10.125,10.25,1590000
1992-04-09,10.5625,10.625,10.28125,10.375,3297600
1992-04-10,10.75,10.875,10.65625,10.8125,1778000
1992-04-13,11.0,11.09375,10.875,10.875,2396400
1992-04-14,10.71875,11.0,10.6875,11.0,2908800
1992-04-15,10.65625,10.9375,10.4375,10.8125,2542400
1992-04-16,10.0,10.625,9.9375,10.625,5552800
1992-04-20,9.6875,9.96875,9.625,9.96875,4315200
1992-04-21,9.65625,9.75,9.5625,9.75,3704000
1992-04-22,9.625,9.71875,9.40625,9.6875,4075600
1992-04-23,9.84375,9.84375,9.46875,9.625,1855200
1992-04-24,9.625,9.9375,9.625,9.90625,640000
1992-04-27,9.40625,9.75,9.375,9.6875,912800
1992-04-28,9.5,9.5625,9.375,9.46875,1304400
1992-04-29,9.84375,9.9375,9.5625,9.59375,1244800
1992-04-30,10.03125,10.125,9.9375,9.9375,1024000
1992-05-01,10.125,10.21875,9.96875,10.125,986000
1992-05-04,10.15625,10.1875,10.0,10.0625,1238800
1992-05-05,10.15625,10.28125,10.0625,10.15625,2152000
1992-05-06,10.375,10.4375,10.1875,10.1875,1840800
1992-05-07,10.3125,10.34375,9.96875,10.3125,3415200
1992-05-08,10.15625,10.3125,10.0625,10.25,1622000
1992-05-11,10.40625,10.5,10.09375,10.1875,2326000
1992-05-12,10.65625,10.71875,10.375,10.5625,2852800
1992-05-13,10.46875,10.8125,10.4375,10.6875,1704400
1992-05-14,10.34375,10.53125,10.1875,10.53125,2658800
1992-05-15,10.25,10.3125,10.1875,10.1875,904800
1992-05-18,10.3125,10.4375,10.28125,10.28125,714800
1992-05-19,10.625,10.71875,10.21875,10.28125,1255600
1992-05-20,10.625,10.90625,10.625,10.78125,3248800
1992-05-21,10.3125,10.53125,10.21875,10.46875,1639600
1992-05-22,10.25,10.40625,10.1875,10.375,1979200
1992-05-26,9.875,10.21875,9.84375,10.21875,1667200
1992-05-27,10.03125,10.0625,9.875,9.875,1155600
1992-05-28,10.0,10.09375,9.875,10.09375,1462800
1992-05-29,10.09375,10.28125,10.03125,10.03125,1578800
1992-06-01,10.28125,10.28125,10.0,10.1875,1482400
1992-06-02,9.96875,10.125,9.9375,10.125,1426800
1992-06-03,10.03125,10.125,9.9375,10.03125,1342000
1992-06-04,9.875,10.0,9.78125,10.0,2560000
1992-06-05,9.78125,9.90625,9.625,9.90625,1891600
1992-06-08,9.84375,9.875,9.75,9.8125,728000
1992-06-09,9.5,9.8125,9.46875,9.78125,1317600
1992-06-10,9.15625,9.375,9.0625,9.375,2389600
1992-06-11,9.5625,9.59375,8.875,9.15625,5428000
1992-06-12,9.78125,9.8125,9.59375,9.75,1842800
1992-06-15,9.5625,9.75,9.5625,9.71875,1144400
1992-06-16,9.46875,9.625,9.4375,9.625,3626000
1992-06-17,9.0,9.40625,8.96875,9.34375,2455200
1992-06-18,8.46875,9.09375,8.4375,9.03125,18631600
1992-06-19,8.75,8.9375,8.625,8.625,7394400
1992-06-22,8.65625,8.875,8.5625,8.75,1661200
1992-06-23,9.0,9.03125,8.6875,8.71875,11893600
1992-06-24,8.90625,9.03125,8.78125,9.03125,2476800
1992-06-25,9.34375,9.375,9.09375,9.125,1541200
1992-06-26,9.46875,9.59375,9.28125,9.3125,1355600
1992-06-29,9.625,9.625,9.46875,9.53125,834000
1992-06-30,9.9375,9.9375,9.65625,9.71875,1380000
1992-07-01,10.15625,10.1875,9.8125,9.875,2286400
1992-07-02,10.3125,10.46875,10.28125,10.3125,2748000
1992-07-06,10.25,10.25,10.09375,10.25,865600
1992-07-07,10.125,10.28125,10.125,10.25,1799200
1992-07-08,10.15625,10.1875,9.96875,10.0625,829200
1992-07-09,10.21875,10.3125,10.03125,10.1875,1425200
1992-07-10,10.53125,10.59375,10.1875,10.25,1810400
1992-07-13,10.4375,10.625,10.40625,10.5,1926400
1992-07-14,10.28125,10.5625,10.25,10.40625,1070000
1992-07-15,10.5,10.5,10.3125,10.3125,956000
1992-07-16,10.34375,10.46875,10.25,10.40625,1193600
1992-07-17,10.28125,10.34375,10.15625,10.34375,1373600
1992-07-20,10.4375,10.5,10.1875,10.1875,1750400
1992-07-21,10.40625,10.5,10.28125,10.46875,739200
1992-07-22,10.34375,10.40625,10.25,10.40625,696400
1992-07-23,10.4375,10.46875,10.3125,10.34375,1273200
1992-07-24,10.4375,10.4375,10.28125,10.28125,585600
1992-07-27,10.4375,10.46875,10.34375,10.375,617600
1992-07-28,10.84375,10.9375,10.46875,10.46875,2029600
1992-07-29,10.875,11.09375,10.78125,10.8125,1800400
1992-07-30,10.8125,10.84375,10.71875,10.84375,1124800
1992-07-31,11.03125,11.0625,10.75,10.8125,1385600
1992-08-03,11.125,11.15625,10.96875,11.03125,740400
1992-08-04,10.96875,11.1875,10.875,11.15625,1062800
1992-08-05,10.875,10.96875,10.78125,10.96875,888800
1992-08-06,10.8125,10.875,10.6875,10.875,938000
1992-08-07,10.9375,11.03125,10.78125,10.78125,2288000
1992-08-10,10.78125,10.96875,10.6875,10.875,831600
1992-08-11,10.8125,10.875,10.65625,10.84375,1062000
1992-08-12,11.1875,11.1875,10.78125,10.84375,1610800
1992-08-13,10.90625,11.125,10.90625,11.09375,1527200
1992-08-14,11.0,11.09375,10.9375,10.9375,685200
1992-08-17,10.9375,10.96875,10.875,10.9375,520800
1992-08-18,10.90625,10.96875,10.75,10.96875,574800
1992-08-19,10.75,10.90625,10.75,10.875,532400
1992-08-20,10.625,10.75,10.625,10.75,593200
1992-08-21,10.4375,10.75,10.34375,10.6875,1094400
1992-08-24,10.3125,10.40625,10.28125,10.375,2538400
1992-08-25,10.53125,10.59375,10.25,10.3125,1809200
1992-08-26,10.53125,10.5625,10.40625,10.53125,853600
1992-08-27,10.65625,10.71875,10.59375,10.65625,1123600
1992-08-28,10.625,10.71875,10.625,10.6875,652000
1992-08-31,10.5,10.625,10.46875,10.5625,1326000
1992-09-01,10.59375,10.59375,10.40625,10.5,1242800
1992-09-02,10.59375,10.65625,10.53125,10.5625,2174800
1992-09-03,10.6875,10.71875,10.59375,10.625,994800
1992-09-04,10.71875,10.78125,10.65625,10.75,2348400
1992-09-08,10.3125,10.5,10.28125,10.5,2592800
1992-09-09,10.3125,10.375,10.21875,10.3125,1482800
1992-09-10,10.25,10.375,10.1875,10.3125,1110800
1992-09-11,10.15625,10.3125,10.15625,10.25,2420400
1992-09-14,10.21875,10.4375,10.15625,10.375,3164800
1992-09-15,10.1875,10.25,10.0625,10.15625,2066800
1992-09-16,10.4375,10.46875,10.125,10.125,1870400
1992-09-17,10.53125,10.5625,10.4375,10.5,1150400
1992-09-18,10.875,10.875,10.625,10.6875,2878400
1992-09-21,10.78125,10.84375,10.71875,10.8125,962800
1992-09-22,10.46875,10.75,10.46875,10.75,1002000
1992-09-23,10.5,10.59375,10.40625,10.4375,1342800
1992-09-24,10.65625,10.71875,10.53125,10.53125,519600
1992-09-25,10.625,10.65625,10.5625,10.625,1136000
1992-09-28,10.59375,10.59375,10.5,10.5,1105600
1992-09-29,10.65625,10.71875,10.53125,10.5625,748000
1992-09-30,10.625,10.6875,10.5,10.625,1470400
1992-10-01,10.75,10.75,10.625,10.65625,2119200
1992-10-02,10.28125,10.71875,10.25,10.71875,2178800
1992-10-05,10.0625,10.1875,9.78125,10.1875,2638800
1992-10-06,10.03125,10.09375,9.96875,10.0,1064400
1992-10-07,9.875,10.0625,9.8125,10.03125,936000
1992-10-08,10.0625,10.3125,10.03125,10.09375,1656000
1992-10-09,9.9375,10.0625,9.875,10.0625,1123600
1992-10-12,9.9375,9.96875,9.75,9.9375,4197600
1992-10-13,9.96875,10.0625,9.875,9.96875,2165200
1992-10-14,9.8125,9.9375,9.78125,9.9375,2328400
1992-10-15,9.9375,10.0625,9.75,9.75,1198000
1992-10-16,10.1875,10.21875,10.03125,10.03125,2651200
1992-10-19,10.5625,10.5625,10.09375,10.125,1824400
1992-10-20,10.40625,10.6875,10.375,10.59375,970400
1992-10-21,10.40625,10.5,10.40625,10.40625,438800
1992-10-22,10.34375,10.46875,10.28125,10.40625,410000
1992-10-23,10.1875,10.375,10.15625,10.375,399200
1992-10-26,10.375,10.375,10.125,10.1875,1096000
1992-10-27,10.5,10.59375,10.4375,10.4375,1002400
1992-10-28,10.4375,10.5625,10.40625,10.5625,1407600
1992-10-29,10.59375,10.71875,10.46875,10.53125,1629600
1992-10-30,10.46875,10.59375,10.40625,10.59375,852400
1992-11-02,10.78125,10.8125,10.375,10.375,1230000
1992-11-03,10.75,10.875,10.71875,10.75,2156000
1992-11-04,10.96875,11.03125,10.6875,10.75,1521200
1992-11-05,11.25,11.34375,11.0625,11.0625,1293200
1992-11-06,11.4375,11.46875,11.3125,11.3125,1902400
1992-11-09,11.59375,11.6875,11.34375,11.4375,3872000
1992-11-10,11.75,11.84375,11.5625,11.625,3162000
1992-11-11,11.8125,11.875,11.59375,11.78125,1882400
1992-11-12,11.875,11.90625,11.6875,11.78125,1586000
1992-11-13,11.875,11.9375,11.84375,11.90625,1637200
1992-11-16,11.78125,11.96875,11.78125,11.875,1858400
1992-11-17,11.6875,11.875,11.625,11.8125,122800
1992-11-18,11.625,11.6875,11.5625,11.65625,699600
1992-11-19,11.53125,11.625,11.53125,11.625,503600
1992-11-20,11.5,11.53125,11.40625,11.5,1294400
1992-11-23,11.28125,11.46875,11.28125,11.4375,943600
1992-11-24,11.65625,11.71875,11.25,11.28125,1072800
1992-11-25,11.78125,11.78125,11.625,11.625,1531600
1992-11-27,11.71875,11.9375,11.65625,11.71875,525600
1992-11-30,11.8125,11.8125,11.3125,11.5,2054800
1992-12-01,11.625,11.75,11.59375,11.6875,1847200
1992-12-02,11.40625,11.53125,11.375,11.5,1500400
1992-12-03,11.40625,11.46875,11.25,11.375,901200
1992-12-04,11.4375,11.5625,11.34375,11.375,838400
1992-12-07,11.6875,11.71875,11.4375,11.46875,1074000
1992-12-08,11.5625,11.75,11.375,11.75,1142800
1992-12-09,11.4375,11.46875,11.25,11.40625,3460400
1992-12-10,11.46875,11.625,11.34375,11.5,1961600
1992-12-11,11.40625,11.5625,11.3125,11.53125,1264400
1992-12-14,11.4375,11.53125,11.34375,11.375,595600
1992-12-15,11.5,11.59375,11.375,11.375,1142800
1992-12-16,11.40625,11.5625,11.40625,11.5,524000
1992-12-17,11.625,11.65625,11.4375,11.5,4341600
1992-12-18,11.6875,11.6875,11.5625,11.625,2596800
1992-12-21,11.75,11.78125,11.5625,11.65625,1966000
1992-12-22,11.78125,11.8125,11.65625,11.75,1444000
1992-12-23,11.8125,11.84375,11.6875,11.75,1056800
1992-12-24,11.84375,11.9375,11.75,11.78125,1361600
1992-12-28,11.9375,11.9375,11.875,11.90625,588800
1992-12-29,12.0625,12.15625,11.90625,11.90625,2764400
1992-12-30,12.3125,12.3125,12.09375,12.125,2722000
1992-12-31,12.09375,12.3125,12.0625,12.25,1039200
1993-01-04,12.09375,12.1875,11.96875,12.0625,1478000
1993-01-05,12.15625,12.21875,12.03125,12.0625,747200
1993-01-06,11.96875,12.15625,11.75,12.125,3428000
1993-01-07,11.875,12.15625,11.78125,12.0,2617600
1993-01-08,11.8125,11.90625,11.71875,11.875,944800
1993-01-11,11.96875,12.0,11.75,11.75,694400
1993-01-12,11.8125,11.84375,11.65625,11.8125,2805200
1993-01-13,11.75,11.78125,11.6875,11.75,1590000
1993-01-14,11.9375,12.09375,11.8125,11.8125,1330000
1993-01-15,12.25,12.375,11.9375,11.9375,4614400
1993-01-18,12.25,12.34375,12.15625,12.21875,684000
1993-01-19,12.03125,12.40625,12.0,12.40625,2652400
1993-01-20,12.4375,12.625,12.125,12.1875,4202400
1993-01-21,12.40625,12.59375,12.375,12.5625,3648000
1993-01-22,12.40625,12.53125,12.375,12.4375,1690800
1993-01-25,12.71875,12.75,12.46875,12.46875,3127200
1993-01-26,12.6875,12.84375,12.625,12.75,2678400
1993-01-27,12.5625,12.78125,12.5,12.75,936800
1993-01-28,12.46875,12.6875,12.4375,12.625,480400
1993-01-29,12.4375,12.5,12.40625,12.4375,682000
1993-02-01,12.5,12.5625,12.40625,12.5,1524800
1993-02-02,12.65625,12.6875,12.3125,12.4375,2705200
1993-02-03,12.75,12.875,12.625,12.65625,2401600
1993-02-04,12.9375,13.03125,12.9375,12.9375,2149200
1993-02-05,12.96875,13.03125,12.875,12.9375,1279600
1993-02-08,12.84375,12.875,12.8125,12.84375,778400
1993-02-09,12.625,12.84375,12.4375,12.8125,3386800
1993-02-10,12.65625,12.65625,12.5,12.5625,1184400
1993-02-11,12.8125,12.875,12.65625,12.65625,715600
1993-02-12,12.46875,12.8125,12.46875,12.75,1810400
1993-02-16,12.28125,12.5625,12.25,12.46875,2162800
1993-02-17,11.84375,12.28125,11.78125,12.28125,5958000
1993-02-18,11.875,12.25,11.5625,12.25,5752800
1993-02-19,11.9375,12.09375,11.75,11.9375,3021200
1993-02-22,11.65625,12.03125,11.625,11.9375,4402800
1993-02-23,11.5625,11.78125,11.3125,11.6875,5640000
1993-02-24,11.75,11.875,11.4375,11.59375,3197600
1993-02-25,11.4375,11.6875,11.375,11.4375,2413200
1993-02-26,11.46875,11.5625,11.4375,11.46875,1546400
1993-03-01,11.5625,11.59375,11.46875,11.5,1356800
1993-03-02,12.0,12.0,11.5,11.59375,3212400
1993-03-03,12.0625,12.375,11.9375,12.0625,3519200
1993-03-04,12.40625,12.4375,12.0625,12.09375,3874800
1993-03-05,12.15625,12.375,12.15625,12.28125,1694400
1993-03-08,12.4375,12.4375,12.125,12.1875,1444800
1993-03-09,12.28125,12.46875,12.28125,12.375,1178000
1993-03-10,12.375,12.375,12.09375,12.34375,1395600
1993-03-11,12.3125,12.53125,12.28125,12.53125,2035200
1993-03-12,11.9375,12.1875,11.84375,12.1875,1755200
1993-03-15,12.03125,12.03125,11.75,11.84375,1468800
1993-03-16,11.875,12.15625,11.875,12.125,695200
1993-03-17,11.84375,11.9375,11.78125,11.875,817600
1993-03-18,12.09375,12.1875,11.90625,11.90625,805200
1993-03-19,11.9375,12.1875,11.9375,12.1875,1353200
1993-03-22,11.90625,12.0,11.84375,12.0,875200
1993-03-23,12.1875,12.21875,11.875,12.0,1703200
1993-03-24,12.34375,12.34375,12.125,12.21875,1772400
1993-03-25,12.34375,12.40625,12.28125,12.28125,1174400
1993-03-26,12.1875,12.4375,12.1875,12.40625,1417200
1993-03-29,12.375,12.4375,12.3125,12.3125,1263200
1993-03-30,12.34375,12.4375,12.34375,12.375,2069600
1993-03-31,12.53125,12.65625,12.40625,12.40625,2135600
1993-04-01,12.6875,12.71875,12.625,12.6875,1990400
1993-04-02,12.4375,12.625,12.4375,12.59375,1245200
1993-04-05,12.53125,12.53125,12.375,12.46875,1741200
1993-04-06,12.59375,12.65625,12.5,12.5,1140800
1993-04-07,12.75,12.8125,12.5625,12.5625,1419600
1993-04-08,12.65625,12.84375,12.5625,12.8125,1310000
1993-04-12,12.8125,12.84375,12.78125,12.8125,738400
1993-04-13,12.78125,12.875,12.71875,12.78125,1043200
1993-04-14,12.71875,12.875,12.71875,12.78125,1496000
1993-04-15,12.65625,12.9375,12.625,12.625,1645200
1993-04-16,12.84375,12.875,12.6875,12.75,2016800
1993-04-19,12.875,13.0,12.78125,12.875,1326000
1993-04-20,12.5625,12.875,12.4375,12.875,1286800
1993-04-21,12.6875,12.71875,12.375,12.5,1392400
1993-04-22,12.59375,12.75,12.53125,12.6875,1222800
1993-04-23,12.40625,12.625,12.34375,12.625,1240800
1993-04-26,12.21875,12.5,12.0625,12.40625,2451200
1993-04-27,12.3125,12.375,12.0625,12.125,4296000
1993-04-28,12.25,12.375,12.15625,12.3125,1433600
1993-04-29,12.1875,12.21875,12.03125,12.21875,1554800
1993-04-30,12.375,12.40625,12.1875,12.21875,1960400
1993-05-03,12.53125,12.5625,12.3125,12.375,2863200
1993-05-04,13.0,13.0625,12.65625,12.6875,3280000
1993-05-05,12.8125,12.96875,12.71875,12.96875,2716800
1993-05-06,12.71875,12.96875,12.65625,12.8125,1867600
1993-05-07,12.5625,12.71875,12.5625,12.71875,908400
1993-05-10,12.71875,12.75,12.5625,12.5625,809600
1993-05-11,12.6875,12.71875,12.625,12.625,770400
1993-05-12,12.65625,12.65625,12.5625,12.59375,643200
1993-05-13,12.3125,12.625,12.28125,12.625,1232000
1993-05-14,12.15625,12.40625,12.125,12.34375,1204800
1993-05-17,12.1875,12.21875,12.09375,12.1875,749200
1993-05-18,12.0625,12.34375,11.96875,12.15625,1777200
1993-05-19,12.59375,12.59375,11.875,12.0625,2724400
1993-05-20,12.6875,12.8125,12.59375,12.65625,1595600
1993-05-21,12.375,12.6875,12.34375,12.625,934400
1993-05-24,12.28125,12.34375,12.25,12.3125,964000
1993-05-25,12.28125,12.375,12.21875,12.28125,1670800
1993-05-26,12.75,12.75,12.25,12.25,1982800
1993-05-27,12.6875,12.8125,12.625,12.75,1885200
1993-05-28,12.5,12.6875,12.46875,12.6875,852400
1993-06-01,12.625,12.71875,12.5,12.5,838800
1993-06-02,12.71875,12.71875,12.59375,12.625,862400
1993-06-03,12.625,12.6875,12.5625,12.6875,442400
1993-06-04,12.53125,12.5625,12.375,12.5625,474000
1993-06-07,12.40625,12.65625,12.375,12.625,1151600
1993-06-08,12.21875,12.375,12.1875,12.34375,1066400
1993-06-09,12.40625,12.5625,12.25,12.28125,958000
1993-06-10,12.40625,12.4375,12.3125,12.34375,502400
1993-06-11,12.5625,12.6875,12.4375,12.5,1301600
1993-06-14,12.59375,12.75,12.5625,12.625,1018400
1993-06-15,12.5,12.65625,12.4375,12.625,602400
1993-06-16,12.75,12.75,12.46875,12.5625,535200
1993-06-17,12.90625,12.96875,12.75,12.8125,1174000
1993-06-18,12.75,12.90625,12.6875,12.90625,1288800
1993-06-21,13.0,13.0,12.625,12.75,1229600
1993-06-22,13.15625,13.21875,13.0625,13.0625,2817600
1993-06-23,13.34375,13.4375,13.0625,13.0625,2886400
1993-06-24,13.53125,13.5625,13.28125,13.375,2403600
1993-06-25,13.65625,13.65625,13.46875,13.53125,1721600
1993-06-28,14.0,14.0,13.6875,13.6875,3305200
1993-06-29,13.9375,14.0,13.90625,14.0,2348000
1993-06-30,13.96875,13.96875,13.875,13.90625,1820400
1993-07-01,13.90625,14.0,13.84375,14.0,1950000
1993-07-02,13.75,13.875,13.6875,13.84375,686000
1993-07-06,13.65625,13.8125,13.65625,13.71875,1394000
1993-07-07,13.5,13.71875,13.46875,13.65625,1620800
1993-07-08,13.75,13.8125,13.4375,13.59375,1180400
1993-07-09,13.6875,13.875,13.6875,13.6875,1943600
1993-07-12,13.28125,13.875,13.28125,13.71875,3962000
1993-07-13,13.59375,13.71875,13.46875,13.5,2272000
1993-07-14,13.4375,13.5625,13.375,13.53125,1104000
1993-07-15,13.5625,13.59375,13.28125,13.4375,1178400
1993-07-16,13.40625,13.6875,13.375,13.65625,1055600
1993-07-19,13.59375,13.65625,13.46875,13.5,900800
1993-07-20,13.71875,13.71875,13.59375,13.625,888000
1993-07-21,13.625,13.6875,13.53125,13.65625,1430800
1993-07-22,13.5,13.65625,13.46875,13.625,1240400
1993-07-23,13.5625,13.71875,13.46875,13.46875,1635600
1993-07-26,13.875,13.90625,13.625,13.625,1620400
1993-07-27,13.90625,13.90625,13.75,13.875,797200
1993-07-28,13.875,13.90625,13.78125,13.84375,952400
1993-07-29,14.03125,14.125,13.78125,13.9375,2159200
1993-07-30,13.8125,14.03125,13.75,14.03125,795200
1993-08-02,13.96875,14.03125,13.8125,13.8125,1305200
1993-08-03,13.6875,14.0625,13.5625,13.90625,1965600
1993-08-04,13.84375,13.90625,13.59375,13.625,1172400
1993-08-05,13.78125,13.8125,13.6875,13.8125,1921200
1993-08-06,13.78125,13.8125,13.71875,13.75,1449200
1993-08-09,13.8125,13.875,13.75,13.78125,1111600
1993-08-10,13.9375,14.0,13.8125,13.8125,1014000
1993-08-11,14.0625,14.0625,13.875,13.875,1020000
1993-08-12,14.0,14.1875,13.9375,14.0625,1325600
1993-08-13,13.71875,14.0,13.6875,13.9375,2408000
1993-08-16,13.59375,13.71875,13.5625,13.625,2089600
1993-08-17,13.3125,13.625,13.3125,13.625,4860400
1993-08-18,13.28125,13.40625,13.25,13.34375,1739200
1993-08-19,13.25,13.34375,13.1875,13.3125,939600
1993-08-20,13.25,13.28125,13.15625,13.25,777200
1993-08-23,13.03125,13.34375,13.0,13.25,1077600
1993-08-24,13.3125,13.3125,13.03125,13.03125,664000
1993-08-25,13.25,13.4375,13.25,13.3125,1899200
1993-08-26,13.25,13.34375,13.15625,13.25,1267200
1993-08-27,13.25,13.28125,13.1875,13.1875,733600
1993-08-30,13.28125,13.28125,13.1875,13.1875,765600
1993-08-31,13.21875,13.34375,13.21875,13.25,1120400
1993-09-01,13.09375,13.28125,13.09375,13.21875,926800
1993-09-02,12.90625,13.125,12.875,13.125,1677200
1993-09-03,12.84375,12.90625,12.8125,12.8125,1982800
1993-09-07,12.78125,13.0625,12.78125,12.9375,1450000
1993-09-08,12.6875,12.84375,12.65625,12.75,5611200
1993-09-09,12.8125,12.84375,12.65625,12.65625,3540000
1993-09-10,12.84375,12.96875,12.8125,12.875,3060800
1993-09-13,12.9375,12.96875,12.84375,12.875,2507600
1993-09-14,12.84375,12.90625,12.78125,12.84375,1929200
1993-09-15,12.84375,12.9375,12.78125,12.84375,1434000
1993-09-16,12.84375,12.9375,12.78125,12.9375,1002000
1993-09-17,12.8125,12.84375,12.75,12.78125,2350000
1993-09-20,12.71875,12.875,12.71875,12.84375,1766800
1993-09-21,12.75,12.8125,12.65625,12.71875,848000
1993-09-22,12.8125,12.90625,12.6875,12.75,3597200
1993-09-23,12.96875,13.0625,12.75,12.8125,3725600
1993-09-24,13.03125,13.03125,12.90625,12.96875,3096000
1993-09-27,13.0,13.125,12.96875,13.03125,2062400
1993-09-28,13.0,13.0625,12.90625,12.9375,1341600
1993-09-29,13.0,13.09375,12.90625,13.0,878000
1993-09-30,12.65625,13.0,12.65625,12.9375,3568800
1993-10-01,12.78125,12.90625,12.65625,12.65625,1046000
1993-10-04,12.78125,12.875,12.6875,12.71875,899200
1993-10-05,12.9375,12.96875,12.78125,12.90625,1316000
1993-10-06,12.9375,13.03125,12.875,12.9375,1518400
1993-10-07,12.78125,12.96875,12.78125,12.9375,654800
1993-10-08,12.875,12.90625,12.75,12.90625,653600
1993-10-11,12.96875,12.96875,12.9375,12.9375,868800
1993-10-12,12.875,13.0,12.8125,12.96875,1239200
1993-10-13,12.875,13.0,12.875,12.90625,804800
1993-10-14,12.90625,13.15625,12.84375,13.0,1834000
1993-10-15,12.90625,13.03125,12.90625,12.9375,1204400
1993-10-18,12.9375,13.125,12.78125,13.0,1279600
1993-10-19,12.75,12.90625,12.71875,12.90625,2249600
1993-10-20,12.78125,12.875,12.59375,12.78125,1704400
1993-10-21,12.625,12.8125,12.625,12.75,1982000
1993-10-22,12.59375,12.84375,12.5,12.75,1116800
1993-10-25,12.75,12.875,12.625,12.625,1411600
1993-10-26,12.71875,12.78125,12.65625,12.75,1652800
1993-10-27,12.71875,12.75,12.6875,12.6875,420800
1993-10-28,12.875,13.09375,12.71875,12.71875,1631600
1993-10-29,12.8125,12.9375,12.75,12.90625,814000
1993-11-01,12.8125,12.84375,12.71875,12.8125,1296400
1993-11-02,12.71875,12.8125,12.65625,12.78125,1948800
1993-11-03,12.5625,12.6875,12.5,12.6875,2591200
1993-11-04,12.375,12.53125,12.375,12.53125,2660800
1993-11-05,12.84375,12.875,12.3125,12.34375,2071600
1993-11-08,12.625,12.84375,12.59375,12.84375,2842400
1993-11-09,12.78125,12.8125,12.625,12.78125,2941600
1993-11-10,12.875,12.96875,12.8125,12.8125,2159600
1993-11-11,12.6875,12.9375,12.6875,12.90625,1978400
1993-11-12,12.53125,12.6875,12.5,12.6875,2444400
1993-11-15,12.40625,12.53125,12.34375,12.53125,2327600
1993-11-16,12.625,12.6875,12.34375,12.46875,3638000
1993-11-17,12.4375,12.65625,12.4375,12.65625,658400
1993-11-18,12.3125,12.46875,12.1875,12.40625,1511200
1993-11-19,11.90625,12.28125,11.875,12.28125,2772400
1993-11-22,11.78125,11.90625,11.625,11.90625,2859600
1993-11-23,12.0625,12.125,11.84375,11.84375,2323600
1993-11-24,12.0,12.15625,11.875,12.125,1518000
1993-11-26,12.0625,12.0625,12.0,12.0625,359200
1993-11-29,12.0,12.21875,11.9375,12.0625,842800
1993-11-30,12.0,12.25,11.9375,12.0,1212400
1993-12-01,12.0,12.125,11.65625,12.09375,3458800
1993-12-02,12.1875,12.25,11.96875,12.09375,2359200
1993-12-03,12.28125,12.28125,12.0625,12.1875,858400
1993-12-06,12.5,12.59375,12.40625,12.40625,986800
1993-12-07,12.625,12.625,12.4375,12.5,1380400
1993-12-08,12.5,12.59375,12.4375,12.59375,852800
1993-12-09,12.4375,12.5625,12.34375,12.53125,793600
1993-12-10,12.59375,12.59375,12.34375,12.5,1556000
1993-12-13,12.46875,12.53125,12.34375,12.53125,1026000
1993-12-14,12.375,12.5,12.3125,12.5,1018800
1993-12-15,12.3125,12.53125,12.3125,12.34375,1091600
1993-12-16,12.28125,12.4375,12.125,12.375,1733600
1993-12-17,12.59375,12.59375,12.28125,12.28125,2293200
1993-12-20,12.5625,12.6875,12.4375,12.59375,1050800
1993-12-21,12.53125,12.625,12.4375,12.625,815200
1993-12-22,12.46875,12.65625,12.40625,12.5625,938800
1993-12-23,12.375,12.59375,12.375,12.4375,834800
1993-12-27,12.5625,12.5625,12.34375,12.34375,455200
1993-12-28,12.46875,12.65625,12.4375,12.5625,435200
1993-12-29,12.5,12.53125,12.375,12.46875,688400
1993-12-30,12.46875,12.5625,12.40625,12.5625,1026400
1993-12-31,12.46875,12.625,12.40625,12.40625,635200
1994-01-03,12.40625,12.46875,12.25,12.46875,1989200
1994-01-04,12.375,12.4375,12.25,12.375,4599200
1994-01-05,12.40625,12.5,12.3125,12.34375,1052000
1994-01-06,12.5,12.625,12.5,12.5,1201200
1994-01-07,13.0625,13.09375,12.5625,12.59375,2056800
1994-01-10,13.3125,13.3125,12.96875,13.0,1973600
1994-01-11,13.25,13.40625,13.1875,13.375,1032400
1994-01-12,13.375,13.375,13.21875,13.34375,1140400
1994-01-13,13.34375,13.34375,13.25,13.3125,948400
1994-01-14,13.5,13.5625,13.3125,13.34375,2312000
1994-01-17,13.34375,13.5625,13.3125,13.5,495200
1994-01-18,13.6875,13.78125,13.40625,13.4375,1303600
1994-01-19,13.71875,13.75,13.5,13.71875,1480800
1994-01-20,13.71875,13.75,13.65625,13.75,605200
1994-01-21,13.78125,13.8125,13.71875,13.78125,1678000
1994-01-24,13.59375,13.875,13.59375,13.78125,2458800
1994-01-25,13.65625,13.71875,13.46875,13.5625,1526800
1994-01-26,13.8125,13.875,13.59375,13.625,2023200
1994-01-27,14.28125,14.34375,13.71875,13.8125,2862000
1994-01-28,14.4375,14.5625,14.25,14.34375,1900400
1994-01-31,14.5625,14.78125,14.40625,14.4375,2091600
1994-02-01,14.65625,14.75,14.53125,14.59375,1123600
1994-02-02,14.75,14.78125,14.53125,14.65625,937200
1994-02-03,14.40625,14.71875,14.3125,14.71875,1013200
1994-02-04,13.75,14.40625,13.75,14.40625,2604000
1994-02-07,14.0625,14.0625,13.65625,13.65625,2207600
1994-02-08,13.875,14.0625,13.84375,14.0625,968400
1994-02-09,13.96875,14.0625,13.84375,13.9375,1369200
1994-02-10,13.65625,14.125,13.65625,14.09375,1518000
1994-02-11,13.84375,13.9375,13.65625,13.71875,896400
1994-02-14,14.0625,14.09375,13.6875,13.875,1682800
1994-02-15,14.25,14.3125,14.09375,14.125,2011200
1994-02-16,14.375,14.375,14.1875,14.28125,1347200
1994-02-17,13.9375,14.53125,13.90625,14.4375,1189600
1994-02-18,13.75,14.03125,13.71875,14.0,1078800
1994-02-22,14.0,14.0625,13.65625,13.6875,1950000
1994-02-23,13.96875,14.3125,13.90625,14.0,1387200
1994-02-24,13.625,13.96875,13.53125,13.96875,1919600
1994-02-25,13.84375,13.9375,13.71875,13.75,1328000
1994-02-28,13.9375,14.0,13.78125,13.8125,894800
1994-03-01,13.6875,14.0,13.65625,13.96875,927200
1994-03-02,13.78125,14.0,13.4375,13.4375,2232400
1994-03-03,13.3125,13.875,13.3125,13.84375,1468800
1994-03-04,13.1875,13.59375,13.125,13.4375,2465600
1994-03-07,13.40625,13.5625,13.3125,13.3125,2402400
1994-03-08,13.71875,13.8125,13.4375,13.5,2305200
1994-03-09,13.96875,14.03125,13.65625,13.6875,2144000
1994-03-10,13.90625,14.09375,13.90625,13.96875,1516400
1994-03-11,14.09375,14.21875,13.84375,13.96875,996000
1994-03-14,14.4375,14.46875,14.15625,14.25,2068400
1994-03-15,14.40625,14.4375,14.25,14.4375,976400
1994-03-16,14.4375,14.5,14.3125,14.4375,1652800
1994-03-17,14.4375,14.59375,14.34375,14.375,1001600
1994-03-18,14.4375,14.53125,14.34375,14.40625,2071600
1994-03-21,14.09375,14.40625,14.0625,14.40625,1298000
1994-03-22,14.21875,14.3125,14.0625,14.0625,1992800
1994-03-23,14.03125,14.375,14.03125,14.21875,1949200
1994-03-24,13.84375,14.0,13.75,13.96875,2089600
1994-03-25,13.84375,13.9375,13.75,13.84375,1043200
1994-03-28,13.65625,13.8125,13.59375,13.8125,1553200
1994-03-29,13.34375,13.6875,13.34375,13.6875,2210800
1994-03-30,12.875,13.28125,12.84375,13.28125,3367200
1994-03-31,12.6875,12.875,12.1875,12.8125,3058000
1994-04-04,12.65625,12.65625,12.34375,12.375,2645200
1994-04-05,12.84375,12.9375,12.75,12.78125,2364800
1994-04-06,12.8125,13.0,12.59375,12.875,2764400
1994-04-07,12.84375,12.96875,12.65625,12.96875,1848000
1994-04-08,12.6875,12.8125,12.5625,12.75,1003200
1994-04-11,13.34375,13.34375,12.6875,12.78125,2629600
1994-04-12,13.25,13.375,13.15625,13.3125,958800
1994-04-13,13.28125,13.375,13.125,13.3125,1520000
1994-04-14,13.53125,13.59375,13.0625,13.1875,1786800
1994-04-15,13.75,13.8125,13.53125,13.53125,2815600
1994-04-18,13.84375,14.03125,13.71875,13.78125,2331200
1994-04-19,14.3125,14.3125,13.90625,14.0625,4807600
1994-04-20,14.03125,14.5,14.0,14.375,2508800
1994-04-21,14.15625,14.28125,13.9375,14.0625,1517600
1994-04-22,13.625,14.3125,13.625,14.15625,1372800
1994-04-25,14.125,14.15625,13.625,13.625,1439200
1994-04-26,14.03125,14.375,14.03125,14.25,2201200
1994-04-28,14.03125,14.0625,13.875,14.03125,1106800
1994-04-29,14.125,14.25,14.03125,14.03125,831600
1994-05-02,14.375,14.5,13.96875,14.0625,2553200
1994-05-03,14.4375,14.59375,14.34375,14.5625,1752800
1994-05-04,14.28125,14.5625,14.1875,14.5,1442800
1994-05-05,14.21875,14.25,14.09375,14.21875,1200000
1994-05-06,14.0,14.09375,13.84375,14.0625,1649600
1994-05-09,13.6875,14.0,13.65625,13.96875,1083200
1994-05-10,14.1875,14.3125,13.78125,13.9375,2138800
1994-05-11,14.03125,14.1875,13.96875,14.1875,939600
1994-05-12,14.0625,14.25,14.0,14.21875,1618800
1994-05-13,14.09375,14.1875,13.90625,14.125,1534000
1994-05-16,14.375,14.4375,14.125,14.15625,1810800
1994-05-17,14.625,14.625,14.34375,14.375,2892000
1994-05-18,14.6875,14.84375,14.53125,14.625,3793200
1994-05-19,14.78125,14.8125,14.625,14.71875,1238800
1994-05-20,14.5625,14.84375,14.5625,14.8125,1516400
1994-05-23,14.59375,14.65625,14.40625,14.5625,1322800
1994-05-24,14.59375,14.75,14.5625,14.5625,920800
1994-05-25,14.75,14.8125,14.46875,14.625,770800
1994-05-26,14.5,14.6875,14.5,14.5,1318400
1994-05-27,14.5,14.5625,14.375,14.5,584800
1994-05-31,14.5,14.5625,14.375,14.5,767200
1994-06-01,14.59375,14.625,14.53125,14.5625,1190800
1994-06-02,14.96875,14.96875,14.6875,14.71875,2814000
1994-06-03,15.15625,15.25,14.9375,14.96875,2580400
1994-06-06,15.15625,15.25,15.0625,15.1875,1202800
1994-06-07,15.0625,15.15625,14.9375,15.0,733200
1994-06-08,15.0,15.1875,14.96875,15.125,704400
1994-06-09,15.21875,15.28125,14.96875,15.0,1078000
1994-06-10,15.375,15.4375,15.25,15.40625,1236000
1994-06-13,15.5625,15.59375,15.34375,15.40625,1392400
1994-06-14,15.4375,15.59375,15.40625,15.5,1594400
1994-06-15,15.1875,15.46875,15.09375,15.46875,926400
1994-06-16,15.375,15.46875,15.21875,15.21875,888000
1994-06-17,15.125,15.34375,15.0,15.34375,1798800
1994-06-20,15.03125,15.125,14.9375,15.0625,1843600
1994-06-21,14.6875,14.96875,14.59375,14.9375,1394800
1994-06-22,14.78125,14.8125,14.59375,14.78125,948800
1994-06-23,14.625,15.09375,14.59375,14.8125,1238800
1994-06-24,14.65625,14.75,14.53125,14.5625,1453200
1994-06-27,15.03125,15.03125,14.59375,14.6875,2368800
1994-06-28,14.9375,15.0625,14.78125,15.0625,1506000
1994-06-29,15.21875,15.25,14.96875,15.0,1834400
1994-06-30,15.125,15.1875,15.03125,15.1875,1975200
1994-07-01,15.25,15.34375,15.15625,15.15625,1699600
1994-07-05,15.46875,15.46875,15.15625,15.28125,1567600
1994-07-06,15.4375,15.59375,15.4375,15.5625,2418400
1994-07-07,15.375,15.46875,15.296875,15.4375,628800
1994-07-08,15.25,15.34375,15.125,15.1875,1255200
1994-07-11,15.28125,15.34375,15.09375,15.34375,1042400
1994-07-12,15.28125,15.375,15.09375,15.3125,715600
1994-07-13,15.25,15.5,15.25,15.25,912800
1994-07-14,15.21875,15.34375,15.21875,15.21875,1477600
1994-07-15,15.25,15.3125,15.125,15.21875,823200
1994-07-18,14.90625,15.4375,14.8125,15.375,3948000
1994-07-19,14.6875,14.71875,14.40625,14.6875,3552400
1994-07-20,14.625,14.71875,14.5,14.6875,641600
1994-07-21,14.8125,14.84375,14.5625,14.625,1119600
1994-07-22,14.75,14.84375,14.71875,14.8125,1143200
1994-07-25,14.8125,14.8125,14.6875,14.71875,718400
1994-07-26,14.6875,14.8125,14.625,14.75,476800
1994-07-27,14.71875,14.71875,14.46875,14.6875,930800
1994-07-28,14.6875,14.8125,14.65625,14.75,1129200
1994-07-29,14.875,15.0625,14.75,14.75,1534800
1994-08-01,14.875,14.875,14.6875,14.78125,419200
1994-08-02,14.78125,15.0625,14.71875,14.84375,963600
1994-08-03,14.875,14.875,14.59375,14.75,953200
1994-08-04,14.9375,14.9375,14.71875,14.875,1243200
1994-08-05,14.8125,14.875,14.75,14.875,1043200
1994-08-08,14.84375,14.921875,14.84375,14.84375,1157600
1994-08-09,14.8125,14.84375,14.6875,14.8125,815200
1994-08-10,14.9375,14.9375,14.75,14.8125,1508800
1994-08-11,14.90625,15.09375,14.78125,14.9375,1076800
1994-08-12,15.0625,15.15625,14.90625,14.90625,938400
1994-08-15,15.34375,15.375,15.03125,15.15625,1285200
1994-08-16,15.59375,15.625,15.21875,15.375,1878400
1994-08-17,15.34375,15.71875,15.28125,15.5625,2785200
1994-08-18,15.15625,15.34375,15.125,15.34375,596400
1994-08-19,15.28125,15.34375,15.125,15.21875,784400
1994-08-22,15.15625,15.28125,15.125,15.21875,792000
1994-08-23,15.4375,15.4375,15.21875,15.25,1386000
1994-08-24,15.4375,15.46875,15.34375,15.4375,979600
1994-08-25,15.0625,15.3125,15.03125,15.3125,904800
1994-08-26,15.25,15.28125,15.125,15.25,1003600
1994-08-29,15.375,15.4375,15.3125,15.4375,748400
1994-08-30,15.40625,15.46875,15.3125,15.375,1270000
1994-08-31,15.53125,15.625,15.34375,15.34375,1241600
1994-09-01,15.375,15.46875,15.25,15.4375,1278000
1994-09-02,15.15625,15.46875,15.15625,15.4375,664400
1994-09-06,15.3125,15.34375,15.0625,15.1875,623600
1994-09-07,15.125,15.25,15.0625,15.25,556400
1994-09-08,15.125,15.1875,15.0625,15.09375,790400
1994-09-09,14.875,14.96875,14.65625,14.96875,966000
1994-09-12,14.625,14.9375,14.625,14.84375,804800
1994-09-13,14.4375,14.6875,14.4375,14.625,1024800
1994-09-14,14.6875,14.6875,14.40625,14.4375,689200
1994-09-15,15.0,15.0,14.625,14.625,1738000
1994-09-16,14.875,14.96875,14.875,14.9375,3797600
1994-09-19,14.71875,14.9375,14.71875,14.9375,1574800
1994-09-20,14.1875,14.5,14.1875,14.5,2212400
1994-09-21,13.875,14.21875,13.6875,14.1875,4536800
1994-09-22,14.125,14.15625,13.96875,14.0,2590000
1994-09-23,14.0,14.1875,13.8125,14.125,2287200
1994-09-26,13.8125,14.03125,13.78125,14.0,1144800
1994-09-27,13.53125,13.9375,13.40625,13.8125,2553600
1994-09-28,13.5,13.78125,13.4375,13.5,1653200
1994-09-29,13.3125,13.46875,13.15625,13.4375,2539600
1994-09-30,13.34375,13.40625,13.125,13.34375,2953200
1994-10-03,13.21875,13.40625,13.15625,13.40625,1628400
1994-10-04,12.90625,13.3125,12.875,13.21875,1417200
1994-10-05,12.9375,13.0,12.6875,12.9375,2522400
1994-10-06,13.09375,13.125,12.8125,12.96875,1567200
1994-10-07,13.0,13.3125,12.96875,13.21875,1562400
1994-10-10,13.25,13.46875,13.03125,13.03125,1632800
1994-10-11,13.375,13.5625,13.3125,13.34375,1173600
1994-10-12,13.40625,13.59375,13.375,13.5,710400
1994-10-13,13.5625,13.8125,13.4375,13.59375,1950000
1994-10-14,13.34375,13.5625,13.34375,13.5625,940000
1994-10-17,13.4375,13.625,13.09375,13.3125,1984400
1994-10-18,13.25,13.5,13.1875,13.5,1440800
1994-10-19,13.1875,13.3125,13.0625,13.1875,2590400
1994-10-20,13.1875,13.25,13.0625,13.15625,1818400
1994-10-21,13.5,13.5,13.09375,13.15625,2199200
1994-10-24,13.0,13.46875,12.9375,13.46875,2450800
1994-10-25,13.09375,13.1875,12.96875,13.0,1307600
1994-10-26,13.0,13.125,12.9375,13.125,1445200
1994-10-27,13.125,13.15625,13.0,13.0,1823600
1994-10-28,13.90625,13.90625,13.0625,13.0625,3321200
1994-10-31,13.625,13.84375,13.59375,13.8125,1520000
1994-11-01,13.40625,13.65625,13.3125,13.59375,1291200
1994-11-02,13.34375,13.625,13.3125,13.375,2424800
1994-11-03,13.125,13.375,13.03125,13.375,3114000
1994-11-04,12.96875,13.21875,12.96875,13.1875,1435200
1994-11-07,13.25,13.25,12.9375,12.96875,2595200
1994-11-08,13.3125,13.5,13.21875,13.28125,1112800
1994-11-09,13.15625,13.5,13.125,13.375,2109200
1994-11-10,13.15625,13.46875,13.125,13.25,1113600
1994-11-11,13.125,13.15625,13.0625,13.15625,645200
1994-11-14,13.46875,13.46875,13.15625,13.1875,1171200
1994-11-15,13.25,13.625,13.21875,13.46875,1896400
1994-11-16,13.1875,13.3125,13.09375,13.28125,553600
1994-11-17,13.0,13.25,12.9375,13.21875,1150000
1994-11-18,12.875,13.0,12.8125,13.0,1522400
1994-11-21,12.4375,12.84375,12.375,12.84375,4361600
1994-11-22,11.9375,12.59375,11.9375,12.40625,3445600
1994-11-23,12.5,12.59375,11.90625,12.03125,4562400
1994-11-25,12.8125,12.84375,12.53125,12.59375,869600
1994-11-28,12.5,12.6875,12.5,12.6875,1961600
1994-11-29,12.65625,12.75,12.4375,12.46875,2330400
1994-11-30,12.46875,12.84375,12.4375,12.71875,1260400
1994-12-01,12.59375,12.625,12.4375,12.4375,1218800
1994-12-02,12.8125,12.90625,12.5625,12.5625,1143200
1994-12-05,12.6875,12.84375,12.65625,12.8125,2186000
1994-12-06,12.59375,12.6875,12.375,12.53125,1387600
1994-12-07,12.25,12.46875,12.25,12.40625,1095600
1994-12-08,12.0625,12.3125,12.03125,12.21875,1885200
1994-12-09,11.9375,12.125,11.75,12.125,2373600
1994-12-12,12.0,12.15625,11.96875,11.96875,1525200
1994-12-13,12.28125,12.28125,11.96875,11.96875,2402400
1994-12-14,12.6875,12.78125,12.40625,12.4375,3547200
1994-12-15,12.8125,12.8125,12.65625,12.8125,2438400
1994-12-16,12.875,12.96875,12.875,12.9375,2321600
1994-12-19,12.9375,12.9375,12.78125,12.8125,779600
1994-12-20,12.65625,13.03125,12.53125,13.0,1290800
1994-12-21,12.875,13.0625,12.75,12.75,1676400
1994-12-22,12.9375,12.96875,12.875,12.90625,710000
1994-12-23,12.75,12.9375,12.6875,12.875,558800
1994-12-27,12.75,12.78125,12.6875,12.78125,1144800
1994-12-28,12.59375,12.78125,12.34375,12.78125,1291600
1994-12-29,12.5,12.71875,12.5,12.5625,1551600
1994-12-30,12.625,12.625,12.40625,12.5625,1783200
1995-01-03,12.59375,12.65625,12.46875,12.65625,1172800
1995-01-04,13.28125,13.28125,12.625,12.6875,3296400
1995-01-05,13.25,13.375,13.125,13.21875,2092400
1995-01-06,13.15625,13.3125,13.125,13.21875,1755200
1995-01-09,13.375,13.40625,13.21875,13.21875,1488000
1995-01-10,13.34375,13.5625,13.34375,13.375,1527200
1995-01-11,13.4375,13.46875,13.21875,13.4375,1692000
1995-01-12,12.84375,13.46875,12.78125,13.46875,3982400
1995-01-13,13.09375,13.1875,12.6875,13.0625,4725200
1995-01-16,13.21875,13.375,13.125,13.125,3239600
1995-01-17,13.21875,13.3125,13.0625,13.28125,2534000
1995-01-18,13.34375,13.40625,13.21875,13.21875,2583200
1995-01-19,13.15625,13.3125,13.03125,13.3125,1042000
1995-01-20,13.03125,13.125,12.96875,13.125,1025200
1995-01-23,13.21875,13.21875,12.9375,12.96875,1290800
1995-01-24,13.34375,13.375,13.21875,13.3125,1203200
1995-01-25,13.375,13.625,13.25,13.34375,2118000
1995-01-26,13.53125,13.59375,13.3125,13.40625,942400
1995-01-27,13.84375,13.90625,13.53125,13.625,1920000
1995-01-30,14.0625,14.0625,13.75,13.8125,1199600
1995-01-31,14.0,14.09375,13.96875,14.03125,1414800
1995-02-01,13.6875,14.0625,13.625,14.0,2249200
1995-02-02,13.53125,13.71875,13.375,13.5625,2321200
1995-02-03,14.40625,14.46875,13.8125,13.8125,4521200
1995-02-06,14.78125,14.78125,14.21875,14.375,2948400
1995-02-07,14.25,14.78125,14.21875,14.78125,1666000
1995-02-08,14.40625,14.5,14.1875,14.1875,1544000
1995-02-09,14.5,14.6875,14.40625,14.40625,1733200
1995-02-10,14.28125,14.5,14.28125,14.5,865600
1995-02-13,14.25,14.34375,14.03125,14.28125,1357600
1995-02-14,14.375,14.5,14.21875,14.3125,1907200
1995-02-15,14.375,14.5,14.34375,14.46875,1775600
1995-02-16,14.28125,14.40625,14.25,14.375,498400
1995-02-17,14.34375,14.375,14.21875,14.3125,1268000
1995-02-21,14.4375,14.53125,14.34375,14.375,644800
1995-02-22,14.59375,14.625,14.25,14.40625,1941600
1995-02-23,14.78125,14.9375,14.5625,14.625,3552400
1995-02-24,15.03125,15.03125,14.71875,14.8125,1414800
1995-02-27,14.65625,14.9375,14.5,14.8125,1218400
1995-02-28,14.5,14.75,14.46875,14.65625,2620800
1995-03-01,14.65625,14.8125,14.5625,14.5625,1996800
1995-03-02,14.59375,14.65625,14.5,14.625,1284000
1995-03-03,14.71875,14.8125,14.53125,14.625,1715600
1995-03-06,14.5,14.625,14.3125,14.625,3523600
1995-03-07,14.09375,14.375,14.03125,14.375,3097200
1995-03-08,13.9375,14.21875,13.9375,14.125,3540800
1995-03-09,13.90625,13.96875,13.84375,13.9375,1312800
1995-03-10,14.09375,14.125,13.8125,13.9375,1414000
1995-03-13,13.9375,14.3125,13.875,14.125,1899200
1995-03-14,14.125,14.3125,14.0,14.0,1715600
1995-03-15,14.21875,14.21875,14.03125,14.15625,744400
1995-03-16,14.34375,14.4375,14.21875,14.21875,1660800
1995-03-17,14.28125,14.34375,14.21875,14.34375,1692400
1995-03-20,14.03125,14.3125,14.0,14.3125,1344800
1995-03-21,13.90625,14.28125,13.84375,14.03125,1786400
1995-03-22,14.21875,14.21875,13.90625,13.90625,1260400
1995-03-23,14.34375,14.46875,14.28125,14.34375,2656000
1995-03-24,14.71875,14.8125,14.40625,14.40625,2341200
1995-03-27,15.28125,15.3125,14.75,14.8125,3400000
1995-03-28,15.21875,15.34375,15.0625,15.25,1592000
1995-03-29,15.09375,15.34375,14.875,15.21875,2099200
1995-03-30,15.03125,15.3125,14.875,15.3125,1673600
1995-03-31,15.125,15.125,14.5625,14.8125,3129200
1995-04-03,15.09375,15.125,14.90625,15.0625,1164400
1995-04-04,15.34375,15.34375,15.09375,15.15625,1006800
1995-04-05,15.46875,15.53125,15.28125,15.3125,1026400
1995-04-06,15.5625,15.75,15.46875,15.53125,2458800
1995-04-07,15.625,15.84375,15.59375,15.6875,2810400
1995-04-10,16.0,16.0,15.59375,15.625,1592000
1995-04-11,15.3125,16.09375,15.1875,16.09375,1892800
1995-04-12,15.65625,15.65625,15.375,15.40625,1696000
1995-04-13,15.84375,15.9375,15.65625,15.65625,1649600
1995-04-17,15.78125,16.21875,15.65625,15.8125,2319200
1995-04-18,15.75,15.875,15.59375,15.875,1291200
1995-04-19,15.875,15.96875,15.75,15.78125,1177600
1995-04-20,15.9375,15.96875,15.75,15.8125,814400
1995-04-21,16.03125,16.0625,15.96875,16.03125,1384400
1995-04-24,15.9375,15.96875,15.84375,15.9375,822800
1995-04-25,16.21875,16.25,15.75,15.9375,1079200
1995-04-26,16.28125,16.34375,15.90625,16.15625,1227600
1995-04-27,16.375,16.40625,16.0625,16.25,693600
1995-04-28,16.3125,16.375,16.1875,16.34375,1116000
1995-05-01,16.15625,16.3125,16.09375,16.25,1617600
1995-05-02,16.1875,16.25,16.09375,16.125,944000
1995-05-03,16.25,16.3125,16.125,16.15625,1359200
1995-05-04,16.5,16.625,16.3125,16.34375,2990800
1995-05-05,16.46875,16.59375,16.40625,16.59375,2503200
1995-05-08,16.65625,16.75,16.34375,16.375,2235200
1995-05-09,16.6875,16.84375,16.5625,16.8125,2684800
1995-05-10,17.09375,17.09375,16.75,16.84375,3933200
1995-05-11,17.125,17.3125,16.90625,17.0,1930800
1995-05-12,16.9375,17.125,16.90625,17.125,1511600
1995-05-15,16.96875,17.0625,16.90625,16.9375,819600
1995-05-16,17.1875,17.25,17.0,17.0,897600
1995-05-17,17.0,17.125,16.875,17.09375,1037200
1995-05-18,16.53125,16.96875,16.4375,16.875,1442400
1995-05-19,16.75,16.875,16.375,16.53125,1919600
1995-05-22,16.75,16.8125,16.65625,16.75,1156000
1995-05-23,16.875,16.875,16.6875,16.6875,1094000
1995-05-24,16.8125,17.09375,16.6875,16.9375,2291600
1995-05-25,16.78125,16.84375,16.625,16.8125,1103600
1995-05-26,16.53125,16.75,16.5,16.75,1031200
1995-05-30,16.65625,16.65625,16.25,16.4375,1387600
1995-05-31,17.03125,17.03125,16.53125,16.65625,2174800
1995-06-01,17.3125,17.34375,16.875,17.03125,1616000
1995-06-02,18.03125,18.03125,17.3125,17.3125,4142800
1995-06-05,18.09375,18.28125,17.96875,18.1875,2612800
1995-06-06,18.1875,18.21875,17.6875,18.0,2824800
1995-06-07,17.75,18.09375,17.71875,18.09375,1306800
1995-06-08,17.25,17.6875,17.15625,17.65625,2166800
1995-06-09,17.09375,17.28125,16.78125,17.28125,2670800
1995-06-12,17.375,17.4375,17.0625,17.15625,1642400
1995-06-13,17.46875,17.53125,17.34375,17.40625,2505200
1995-06-14,17.28125,17.5625,17.25,17.5,1247600
1995-06-15,17.3125,17.40625,17.21875,17.25,972800
1995-06-16,17.21875,17.34375,17.0,17.34375,3003600
1995-06-19,17.78125,17.8125,17.21875,17.21875,1624400
1995-06-20,17.75,17.8125,17.65625,17.75,1514400
1995-06-21,17.75,17.90625,17.5625,17.8125,1203200
1995-06-22,17.78125,17.9375,17.71875,17.8125,1739200
1995-06-23,17.71875,18.0,17.65625,17.65625,1893600
1995-06-26,17.53125,17.6875,17.46875,17.6875,1192800
1995-06-27,17.28125,17.75,17.25,17.5625,1172400
1995-06-28,17.375,17.46875,17.3125,17.34375,945600
1995-06-29,17.15625,17.40625,17.03125,17.40625,1378800
1995-06-30,17.1875,17.28125,17.0625,17.15625,1531200
1995-07-03,17.203125,17.21875,17.03125,17.1875,802800
1995-07-05,17.03125,17.28125,17.03125,17.25,3238000
1995-07-06,17.1875,17.40625,16.78125,17.09375,4546800
1995-07-07,17.59375,17.6875,17.0625,17.125,1941200
1995-07-10,17.75,17.8125,17.625,17.6875,982000
1995-07-11,17.9375,17.9375,17.5625,17.75,1277200
1995-07-12,17.84375,17.90625,17.59375,17.90625,1282000
1995-07-13,17.71875,17.78125,17.53125,17.78125,1306800
1995-07-14,17.40625,17.65625,17.28125,17.53125,796800
1995-07-17,17.3125,17.3125,17.0,17.3125,2570400
1995-07-18,17.03125,17.375,16.9375,17.34375,1310400
1995-07-19,16.5,16.96875,16.3125,16.875,2243200
1995-07-20,16.53125,16.65625,16.375,16.4375,1344000
1995-07-21,16.09375,16.28125,15.9375,16.125,4384800
1995-07-24,16.125,16.3125,16.0625,16.1875,2562000
1995-07-25,16.4375,16.5625,16.03125,16.125,2771200
1995-07-26,16.15625,16.5,16.09375,16.4375,2395200
1995-07-27,16.4375,16.53125,16.28125,16.3125,2446000
1995-07-28,16.3125,16.4375,16.15625,16.4375,937200
1995-07-31,16.375,16.375,16.125,16.3125,1632000
1995-08-01,16.0,16.40625,15.9375,16.375,1654800
1995-08-02,15.9375,16.46875,15.875,16.375,2458800
1995-08-03,15.875,15.90625,15.71875,15.90625,1922400
1995-08-04,15.875,16.03125,15.84375,15.84375,1570000
1995-08-07,15.65625,15.8125,15.625,15.75,3106000
1995-08-08,15.71875,15.9375,15.6875,15.8125,2967200
1995-08-09,15.71875,15.75,15.5625,15.6875,917600
1995-08-10,15.78125,16.03125,15.59375,15.8125,2942000
1995-08-11,15.6875,15.90625,15.5,15.90625,1745200
1995-08-14,15.8125,15.875,15.6875,15.84375,2726000
1995-08-15,16.03125,16.03125,15.78125,15.875,1282400
1995-08-16,16.09375,16.21875,15.921875,16.09375,2918800
1995-08-17,16.0,16.125,15.875,16.125,1372000
1995-08-18,16.0,16.03125,15.90625,15.96875,959200
1995-08-21,15.90625,16.25,15.90625,16.0,2022000
1995-08-22,15.9375,15.9375,15.625,15.875,3429200
1995-08-23,15.8125,15.96875,15.71875,15.96875,2126800
1995-08-24,15.84375,16.25,15.75,15.875,2672000
1995-08-25,16.0,16.03125,15.9375,15.9375,4102000
1995-08-28,16.15625,16.15625,15.9375,16.09375,3445200
1995-08-29,16.09375,16.1875,16.0625,16.15625,2119600
1995-08-30,16.0625,16.21875,15.96875,16.1875,2028000
1995-08-31,16.0625,16.0625,15.96875,16.0,1798000
1995-09-01,16.09375,16.15625,15.96875,16.0,2596000
1995-09-05,16.4375,16.46875,16.0625,16.1875,2272800
1995-09-06,16.34375,16.5,16.1875,16.5,1604400
1995-09-07,16.3125,16.4375,16.21875,16.40625,1813600
1995-09-08,16.4375,16.4375,16.25,16.40625,1395600
1995-09-11,16.53125,16.59375,16.34375,16.46875,1424400
1995-09-12,16.8125,16.875,16.5625,16.59375,2269600
1995-09-13,16.96875,17.125,16.875,17.0,3732800
1995-09-14,17.03125,17.25,16.96875,17.09375,2749200
1995-09-15,17.21875,17.53125,17.03125,17.09375,3482800
1995-09-18,17.09375,17.1875,16.9375,17.1875,3202000
1995-09-19,17.09375,17.28125,17.0,17.125,1761200
1995-09-20,17.40625,17.4375,17.0625,17.15625,2037600
1995-09-21,17.03125,17.40625,16.9375,17.40625,2610400
1995-09-22,17.0625,17.0625,16.9375,17.0,1486000
1995-09-25,16.875,17.03125,16.8125,17.03125,1231600
1995-09-26,16.90625,17.09375,16.8125,16.96875,1859200
1995-09-27,16.8125,16.8125,16.59375,16.78125,1494400
1995-09-28,17.0625,17.0625,16.78125,16.8125,1217200
1995-09-29,17.28125,17.28125,16.9375,17.03125,2048000
1995-10-02,17.0,17.34375,17.0,17.3125,1823600
1995-10-03,17.28125,17.28125,16.90625,17.0625,1307200
1995-10-04,17.625,17.625,17.21875,17.375,1846800
1995-10-05,17.75,17.84375,17.59375,17.65625,2189200
1995-10-06,17.78125,17.875,17.625,17.71875,1223200
1995-10-09,17.65625,17.8125,17.59375,17.8125,493200
1995-10-10,17.8125,17.9375,17.5,17.59375,1586800
1995-10-11,18.0625,18.1875,17.75,18.0,1356400
1995-10-12,18.15625,18.15625,17.859375,18.09375,1631200
1995-10-13,18.5,18.53125,18.3125,18.375,2751200
1995-10-16,18.0,18.4375,17.96875,18.4375,1594000
1995-10-17,18.09375,18.15625,17.96875,18.0,2065200
1995-10-18,17.65625,18.15625,17.5,18.09375,2524400
1995-10-19,17.71875,17.84375,17.65625,17.6875,2801200
1995-10-20,17.15625,17.84375,16.84375,17.78125,3704400
1995-10-23,17.375,17.4375,16.875,17.125,2257600
1995-10-24,17.5,17.5625,17.28125,17.46875,2318000
1995-10-25,17.28125,17.6875,17.28125,17.59375,1998000
1995-10-26,17.1875,17.46875,16.875,17.34375,1816000
1995-10-27,17.5,17.5,17.09375,17.125,2635200
1995-10-30,17.34375,17.5625,17.25,17.5,1503600
1995-10-31,17.3125,17.46875,17.25,17.40625,1160400
1995-11-01,17.78125,17.78125,17.25,17.25,1697600
1995-11-02,18.1875,18.21875,17.625,17.875,1801600
1995-11-03,18.0625,18.25,18.03125,18.0625,909600
1995-11-06,17.6875,18.03125,17.6875,18.03125,818000
1995-11-07,17.65625,17.75,17.375,17.75,1179200
1995-11-08,17.875,17.9375,17.75,17.78125,898400
1995-11-09,18.046875,18.15625,17.65625,17.84375,1025200
1995-11-10,18.3125,18.4375,17.75,18.03125,1805200
1995-11-13,18.34375,18.5625,18.25,18.3125,1496400
1995-11-14,18.3125,18.40625,18.125,18.3125,1348000
1995-11-15,18.5,18.5,18.125,18.25,1524400
1995-11-16,18.6875,18.84375,18.625,18.625,2714400
1995-11-17,18.78125,18.78125,18.625,18.75,1817200
1995-11-20,19.0625,19.09375,18.71875,18.78125,1198000
1995-11-21,18.9375,19.1875,18.90625,19.0625,1574000
1995-11-22,18.84375,18.9375,18.75,18.875,653200
1995-11-24,18.96875,19.03125,18.90625,18.90625,201600
1995-11-27,19.21875,19.375,19.15625,19.21875,1584400
1995-11-28,19.3125,19.375,19.0,19.25,802400
1995-11-29,19.03125,19.28125,18.96875,19.25,586800
1995-11-30,19.25,19.3125,18.9375,19.125,1134000
1995-12-01,19.375,19.6875,19.1875,19.25,2044400
1995-12-04,19.8125,19.90625,19.375,19.4375,1687200
1995-12-05,20.0,20.09375,19.84375,19.875,2168800
1995-12-06,20.28125,20.34375,20.125,20.125,1087600
1995-12-07,20.0,20.375,19.9375,20.3125,1434000
1995-12-08,19.96875,20.125,19.84375,20.125,847200
1995-12-11,20.1875,20.21875,19.90625,19.96875,872000
1995-12-12,20.125,20.1875,20.03125,20.1875,744800
1995-12-13,19.75,20.15625,19.6875,20.09375,989600
1995-12-14,19.4375,19.78125,19.40625,19.71875,1274000
1995-12-15,19.71875,19.78125,19.3125,19.3125,2818400
1995-12-18,19.15625,19.46875,19.125,19.46875,1303600
1995-12-19,19.6875,19.75,19.03125,19.03125,2288400
1995-12-20,19.875,20.125,19.71875,19.9375,2202400
1995-12-21,19.75,19.875,19.625,19.875,2324000
1995-12-22,20.1875,20.25,19.96875,20.0,1567600
1995-12-26,20.40625,20.5,20.1875,20.28125,829200
1995-12-27,20.84375,20.875,20.46875,20.46875,2763600
1995-12-28,20.75,20.90625,20.59375,20.78125,1988000
1995-12-29,20.875,20.875,20.71875,20.78125,1124000
1996-01-02,20.75,20.75,20.3125,20.5,2534400
1996-01-03,20.6875,20.875,20.59375,20.84375,1712800
1996-01-04,20.1875,20.6875,19.8125,20.65625,1551600
1996-01-05,20.125,20.125,19.625,20.03125,1762000
1996-01-08,20.0625,20.09375,20.0,20.0,363200
1996-01-09,19.875,20.15625,19.75,20.09375,1648400
1996-01-10,19.4375,19.59375,19.28125,19.375,2767600
1996-01-11,19.84375,20.0625,19.59375,19.625,2355200
1996-01-12,19.65625,20.015625,19.53125,20.0,1679200
1996-01-15,19.5625,19.96875,19.5625,19.6875,1495200
1996-01-16,19.71875,19.875,19.0625,19.5625,3110400
1996-01-17,20.25,20.40625,19.65625,19.71875,1772000
1996-01-18,20.375,20.5,20.1875,20.21875,1896000
1996-01-19,20.4375,20.46875,20.1875,20.4375,2684800
1996-01-22,20.59375,20.65625,20.3125,20.40625,2024800
1996-01-23,20.375,20.5625,20.3125,20.53125,2293600
1996-01-24,20.40625,20.53125,20.21875,20.375,1806800
1996-01-25,20.40625,20.5,20.3125,20.375,2356800
1996-01-26,20.625,20.6875,20.40625,20.40625,2671200
1996-01-29,21.03125,21.0625,20.65625,20.65625,2193600
1996-01-30,21.09375,21.5,21.0,21.0,2449200
1996-01-31,21.40625,21.625,20.90625,21.125,2679600
1996-02-01,21.3125,21.46875,21.0625,21.375,2251600
1996-02-02,21.1875,21.5625,21.1875,21.3125,3865600
1996-02-05,21.5,21.59375,21.09375,21.15625,3372800
1996-02-06,21.6875,21.78125,21.25,21.5,3004800
1996-02-07,22.1875,22.1875,21.75,21.75,2225600
1996-02-08,22.375,22.625,22.03125,22.125,2908000
1996-02-09,22.5,22.5625,22.0625,22.375,2014400
1996-02-12,22.53125,22.65625,22.46875,22.5625,1558400
1996-02-13,22.40625,22.625,22.28125,22.53125,1306800
1996-02-14,22.21875,22.46875,21.96875,22.40625,1446000
1996-02-15,21.96875,22.1875,21.625,22.125,1748000
1996-02-16,21.65625,21.84375,21.59375,21.84375,1604400
1996-02-20,21.0,21.5,20.6875,21.375,2741200
1996-02-21,21.28125,21.65625,20.84375,20.875,4803200
1996-02-22,21.53125,21.8125,21.4375,21.4375,2031600
1996-02-23,21.75,22.03125,21.46875,21.46875,3671600
1996-02-26,21.21875,21.71875,21.21875,21.6875,1796400
1996-02-27,20.78125,21.21875,20.75,21.21875,2794800
1996-02-28,21.0,21.34375,20.875,21.0625,2495200
1996-02-29,20.625,21.09375,20.625,20.75,1928400
1996-03-01,21.65625,21.6875,20.6875,20.875,3427200
1996-03-04,22.09375,22.15625,21.625,21.625,1454400
1996-03-05,22.78125,22.875,21.96875,22.0,1789200
1996-03-06,21.875,22.75,21.75,22.75,2002000
1996-03-07,21.625,22.0,21.375,21.65625,1343600
1996-03-08,20.5625,21.1875,20.1875,21.1875,4290400
1996-03-11,20.5,20.9375,20.40625,20.5,3351200
1996-03-12,20.0,20.65625,19.875,20.40625,3035600
1996-03-13,20.15625,20.53125,20.125,20.25,2687200
1996-03-14,20.25,20.46875,20.0625,20.21875,2647200
1996-03-15,20.375,20.375,20.03125,20.1875,2042000
1996-03-18,21.1875,21.1875,20.59375,20.625,1197600
1996-03-19,20.8125,21.6875,20.6875,21.6875,1897600
1996-03-20,21.5,21.53125,20.9375,21.0625,2156400
1996-03-21,21.09375,21.59375,20.9375,21.5,1073200
1996-03-22,21.34375,21.46875,21.03125,21.3125,1132400
1996-03-25,21.25,21.65625,21.125,21.5625,1662000
1996-03-26,21.28125,21.53125,21.125,21.125,961600
1996-03-27,20.84375,21.21875,20.75,21.21875,1457200
1996-03-28,21.25,21.3125,20.6875,20.75,1066000
1996-03-29,21.3125,21.84375,21.28125,21.375,2333200
1996-04-01,22.21875,22.28125,21.40625,21.40625,2548800
1996-04-02,22.46875,22.5625,22.34375,22.5,3712800
1996-04-03,22.4375,22.46875,22.15625,22.40625,1529200
1996-04-04,22.28125,22.375,22.09375,22.25,2596000
1996-04-08,21.78125,21.8125,21.25,21.75,3521600
1996-04-09,21.125,21.71875,20.78125,21.71875,3548000
1996-04-10,20.59375,21.09375,20.5625,21.0625,2786400
1996-04-11,20.4375,20.8125,20.28125,20.59375,3208800
1996-04-12,20.90625,21.0,20.5625,20.5625,1864000
1996-04-15,21.40625,21.46875,20.96875,21.125,1789200
1996-04-16,21.03125,21.34375,20.78125,21.34375,1883600
1996-04-17,21.03125,21.03125,20.59375,21.03125,2235200
1996-04-18,20.96875,21.125,20.75,20.96875,2554400
1996-04-19,21.0,21.125,21.0,21.0625,929200
1996-04-22,20.75,21.1875,20.53125,21.125,1289600
1996-04-23,20.8125,20.875,20.625,20.71875,1241200
1996-04-24,20.8125,20.9375,20.71875,20.875,1605200
1996-04-25,20.84375,20.9375,20.5,20.78125,1010800
1996-04-26,20.78125,21.0,20.625,21.0,807600
1996-04-29,20.9375,21.0,20.5625,20.6875,884800
1996-04-30,20.84375,20.9375,20.65625,20.875,1288000
1996-05-01,20.75,21.09375,20.75,20.84375,1478000
1996-05-02,19.78125,20.5625,19.65625,20.5,5214400
1996-05-03,19.53125,20.09375,19.5,19.90625,2992800
1996-05-06,19.5,19.75,19.15625,19.6875,5444400
1996-05-07,19.59375,19.78125,19.25,19.4375,2930800
1996-05-08,20.28125,20.34375,19.5,19.5625,2962400
1996-05-09,20.65625,20.65625,20.25,20.3125,2817600
1996-05-10,20.875,21.0,20.75,20.875,2215200
1996-05-13,20.8125,20.96875,20.65625,20.96875,1756000
1996-05-14,21.03125,21.09375,20.9375,20.96875,1476800
1996-05-15,21.09375,21.1875,20.96875,21.03125,1684800
1996-05-16,21.25,21.28125,21.03125,21.03125,1236800
1996-05-17,21.375,21.5625,21.3125,21.375,1422000
1996-05-20,21.6875,21.84375,21.5,21.5,866000
1996-05-21,21.6875,21.8125,21.625,21.75,1117200
1996-05-22,21.9375,21.96875,21.5625,21.6875,1142000
1996-05-23,21.71875,22.125,21.5,21.96875,2227200
1996-05-24,21.75,21.90625,21.65625,21.78125,677600
1996-05-28,21.3125,21.75,21.21875,21.71875,913600
1996-05-29,21.0625,21.59375,20.90625,21.3125,2102400
1996-05-30,20.96875,21.15625,20.75,21.0625,2723600
1996-05-31,20.65625,20.96875,20.65625,20.875,1440400
1996-06-03,20.4375,20.75,20.4375,20.71875,2380800
1996-06-04,20.9375,20.9375,20.5625,20.5625,1436000
1996-06-05,21.09375,21.125,20.6875,20.90625,1141200
1996-06-06,21.3125,21.4375,21.21875,21.28125,1362000
1996-06-07,20.9375,21.03125,20.6875,21.0,2926400
1996-06-10,20.40625,20.84375,20.40625,20.6875,1863600
1996-06-11,20.5625,20.625,20.375,20.40625,2309600
1996-06-12,20.75,20.78125,20.53125,20.53125,1232800
1996-06-13,20.59375,20.6875,20.21875,20.5625,2271600
1996-06-14,20.65625,20.8125,20.5625,20.6875,1131200
1996-06-17,20.6875,20.875,20.53125,20.71875,1116400
1996-06-18,20.84375,21.0,20.65625,20.6875,1379200
1996-06-19,21.1875,21.21875,20.8125,20.84375,1566800
1996-06-20,20.625,21.21875,20.59375,21.15625,2169200
1996-06-21,20.875,20.875,20.65625,20.65625,1662000
1996-06-24,20.8125,21.0625,20.75,20.9375,934800
1996-06-25,20.90625,21.125,20.84375,20.9375,1239200
1996-06-26,20.96875,21.25,20.8125,20.8125,2924000
1996-06-27,21.3125,21.4375,20.90625,20.9375,3253600
1996-06-28,21.375,21.53125,21.25,21.40625,2982400
1996-07-01,21.75,21.78125,21.375,21.5,1794400
1996-07-02,21.65625,21.75,21.34375,21.71875,1385600
1996-07-03,21.53125,21.625,21.34375,21.625,906000
1996-07-05,20.8125,21.125,20.78125,21.0625,1040400
1996-07-08,20.59375,20.90625,20.4375,20.875,1679600
1996-07-09,20.96875,21.0625,20.625,20.625,1832800
1996-07-10,21.375,21.4375,21.03125,21.125,1024000
1996-07-11,21.09375,21.40625,20.96875,21.40625,1584000
1996-07-12,21.15625,21.34375,21.0625,21.0625,723200
1996-07-15,20.75,21.25,20.71875,21.1875,1244400
1996-07-16,20.75,20.9375,20.125,20.6875,2404800
1996-07-17,20.625,20.96875,20.625,20.96875,1102800
1996-07-18,21.40625,21.4375,20.46875,20.71875,1868800
1996-07-19,21.0625,21.3125,20.9375,21.3125,1359200
1996-07-22,21.0625,21.1875,20.78125,20.9375,936400
1996-07-23,20.9375,21.15625,20.84375,21.0,1346800
1996-07-24,20.875,21.03125,20.625,20.6875,1579600
1996-07-25,21.28125,21.375,21.03125,21.0625,1160400
1996-07-26,21.125,21.28125,21.0625,21.28125,1074400
1996-07-29,20.6875,21.0625,20.65625,21.0625,911200
1996-07-30,21.03125,21.0625,20.84375,20.90625,1836800
1996-07-31,21.0625,21.1875,21.0,21.09375,1482000
1996-08-01,22.0,22.0625,21.1875,21.1875,3108000
1996-08-02,23.21875,23.21875,22.34375,22.375,4180000
1996-08-05,22.6875,23.125,22.5625,23.125,1923600
1996-08-06,22.6875,22.84375,22.34375,22.625,2459600
1996-08-07,22.5625,22.75,22.4375,22.75,1539600
1996-08-08,22.71875,22.84375,22.46875,22.5,1103200
1996-08-09,22.65625,22.96875,22.46875,22.71875,1135600
1996-08-12,22.875,22.90625,22.53125,22.625,658800
1996-08-13,22.46875,22.8125,22.40625,22.8125,1022400
1996-08-14,22.90625,23.09375,22.5625,22.5625,1748400
1996-08-15,22.71875,22.90625,22.6875,22.8125,734800
1996-08-16,22.90625,23.03125,22.6875,22.6875,1144800
1996-08-19,23.0,23.0625,22.8125,22.84375,338400
1996-08-20,22.6875,23.03125,22.6875,23.03125,1088000
1996-08-21,22.59375,22.65625,22.40625,22.53125,1329200
1996-08-22,23.0,23.0625,22.65625,22.65625,840400
1996-08-23,22.53125,22.875,22.40625,22.875,1440800
1996-08-26,22.28125,22.5,22.15625,22.5,1084000
1996-08-27,22.4375,22.5625,22.34375,22.375,1276400
1996-08-28,22.40625,22.625,22.40625,22.5625,774400
1996-08-29,22.375,22.375,22.15625,22.34375,1482000
1996-08-30,22.09375,22.34375,22.09375,22.34375,1742800
1996-09-03,22.75,22.90625,21.71875,22.0,3097600
1996-09-04,22.65625,22.8125,22.46875,22.75,1413200
1996-09-05,22.46875,22.84375,22.4375,22.65625,1787200
1996-09-06,23.28125,23.375,22.5625,22.65625,1970800
1996-09-09,23.5625,23.78125,23.375,23.5,1761200
1996-09-10,23.3125,23.5625,23.15625,23.5,1715200
1996-09-11,23.8125,23.8125,23.3125,23.3125,1040400
1996-09-12,24.0,24.15625,23.90625,23.90625,1529200
1996-09-13,24.6875,24.71875,24.25,24.25,1995200
1996-09-16,24.4375,24.6875,24.40625,24.6875,1812800
1996-09-17,23.75,24.4375,23.71875,24.40625,1349600
1996-09-18,23.71875,23.90625,23.4375,23.65625,1107200
1996-09-19,23.8125,23.8125,23.5625,23.78125,750000
1996-09-20,24.46875,24.5,23.90625,23.9375,2053600
1996-09-23,24.21875,24.5,24.15625,24.46875,1457600
1996-09-24,24.40625,24.5625,24.15625,24.21875,1776000
1996-09-25,24.125,24.5,24.125,24.46875,938400
1996-09-26,24.5,24.53125,24.0625,24.125,1530800
1996-09-27,24.875,24.90625,24.4375,24.4375,1601200
1996-09-30,24.40625,25.125,24.40625,24.8125,1214800
1996-10-01,24.8125,25.03125,24.375,24.46875,1606400
1996-10-02,24.875,25.03125,24.71875,24.875,1166000
1996-10-03,24.78125,25.0625,24.6875,24.90625,1138800
1996-10-04,25.5625,25.78125,25.0,25.0,1449600
1996-10-07,25.4375,25.4375,25.125,25.375,898400
1996-10-08,25.40625,25.59375,25.21875,25.375,796400
1996-10-09,25.28125,25.5,25.0625,25.46875,652400
1996-10-10,24.53125,25.28125,24.4375,25.28125,1589200
1996-10-11,25.0,25.0625,24.84375,24.875,986000
1996-10-14,25.125,25.21875,24.96875,24.96875,417200
1996-10-15,24.1875,25.125,23.875,25.125,2882000
1996-10-16,23.84375,24.0625,23.65625,24.0625,3678000
1996-10-17,24.0,24.25,23.8125,24.25,2200800
1996-10-18,24.15625,24.3125,24.0625,24.1875,1553600
1996-10-21,24.40625,24.4375,24.25,24.3125,1306800
1996-10-22,23.9375,24.4375,23.9375,24.4375,1037200
1996-10-23,24.0,24.0625,23.875,23.90625,1008400
1996-10-24,24.21875,24.46875,23.9375,23.96875,872800
1996-10-25,24.34375,24.4375,24.0625,24.125,1218000
1996-10-28,24.3125,24.96875,24.3125,24.4375,1938800
1996-10-29,24.84375,25.09375,24.375,24.375,2409200
1996-10-30,25.09375,25.21875,24.84375,24.9375,2543600
1996-10-31,25.25,25.5,25.15625,25.15625,1693600
1996-11-01,24.90625,25.53125,24.8125,25.375,2289200
1996-11-04,25.4375,25.4375,24.96875,24.96875,1565600
1996-11-05,25.9375,26.0625,25.46875,25.5625,3422400
1996-11-06,26.25,26.25,25.8125,25.875,2043600
1996-11-07,26.1875,26.21875,25.875,26.0,1738800
1996-11-08,26.21875,26.40625,26.0,26.34375,1272000
1996-11-11,26.25,26.28125,26.125,26.1875,425200
1996-11-12,26.125,26.3125,25.96875,26.28125,1108800
1996-11-13,25.9375,26.0625,25.71875,26.0625,1320800
1996-11-14,26.625,26.78125,25.9375,25.9375,1383200
1996-11-15,27.3125,27.59375,26.8125,27.0,3049600
1996-11-18,27.1875,27.3125,27.03125,27.3125,1420800
1996-11-19,27.40625,27.5,27.21875,27.21875,1993600
1996-11-20,27.9375,28.15625,27.1875,27.40625,1405600
1996-11-21,27.75,27.9375,27.53125,27.9375,1758400
1996-11-22,27.75,27.84375,27.6875,27.78125,1552000
1996-11-25,28.375,28.375,27.59375,27.6875,1390400
1996-11-26,28.5,29.0,28.375,28.375,1964800
1996-11-27,28.5,28.59375,28.28125,28.40625,854400
1996-11-29,28.5625,28.6875,28.4375,28.5,290800
1996-12-02,28.65625,28.6875,28.25,28.4375,718800
1996-12-03,27.9375,28.90625,27.875,28.5625,1087600
1996-12-04,27.03125,27.5625,26.6875,27.5,3304800
1996-12-05,27.59375,27.71875,26.8125,26.8125,2246800
1996-12-06,28.0625,28.25,26.96875,27.25,2946400
1996-12-09,28.28125,28.96875,28.21875,28.375,1783600
1996-12-10,28.25,28.5,28.0625,28.25,1078800
1996-12-11,28.0,28.0625,27.53125,27.9375,1958400
1996-12-12,27.125,28.125,27.125,28.125,1452000
1996-12-13,27.40625,27.5,26.5,26.875,1813200
1996-12-16,26.78125,27.65625,26.75,27.4375,1465200
1996-12-17,27.46875,27.90625,26.375,26.375,2438400
1996-12-18,27.53125,27.6875,27.03125,27.40625,1495200
1996-12-19,28.4375,28.4375,27.46875,27.625,1518000
1996-12-20,28.1875,28.9375,28.1875,28.9375,2400400
1996-12-23,28.03125,28.375,27.9375,28.25,1122800
1996-12-24,28.34375,28.34375,28.0,28.0,267200
1996-12-26,28.53125,28.59375,28.3125,28.375,735200
1996-12-27,28.625,28.8125,28.5625,28.75,747600
1996-12-30,28.46875,28.8125,28.4375,28.75,486000
1996-12-31,27.59375,28.5625,27.53125,28.53125,1125600
1997-01-02,27.03125,27.75,26.6875,27.65625,1955600
1997-01-03,28.09375,28.09375,27.0625,27.1875,2064400
1997-01-06,27.3125,28.40625,27.25,28.3125,1566400
1997-01-07,27.9375,28.0625,27.1875,27.25,1739600
1997-01-08,28.0,28.34375,27.75,27.9375,2252400
1997-01-09,28.3125,29.3125,28.28125,28.4375,4002800
1997-01-10,29.0625,29.125,27.5625,27.875,3559200
1997-01-13,28.125,29.25,27.875,29.25,1220300
1997-01-14,28.125,29.25,28.125,28.5,2305300
1997-01-15,28.625,29.0,27.875,28.125,1405600
1997-01-16,28.75,29.375,28.625,29.0,1376300
1997-01-17,29.25,29.375,28.75,28.75,1166900
1997-01-20,29.625,30.0,29.25,29.5,909000
1997-01-21,29.5,29.875,29.125,29.375,1031800
1997-01-22,29.75,30.25,29.5,29.625,1198600
1997-01-23,28.875,29.875,28.875,29.75,2110600
1997-01-24,28.75,29.5,28.375,28.875,1729900
1997-01-27,28.75,29.125,28.5,28.5,1050300
1997-01-28,28.875,29.625,28.75,29.25,2108800
1997-01-29,29.625,29.75,29.0,29.0,1486600
1997-01-30,29.625,29.875,28.875,29.625,1334100
1997-01-31,30.25,30.625,29.75,29.875,2356000
1997-02-03,30.375,30.875,30.0,30.375,1233000
1997-02-04,30.5,30.5,30.125,30.375,585500
1997-02-05,30.125,30.75,30.0,30.625,946300
1997-02-06,30.625,31.0,30.375,30.5,1261100
1997-02-07,31.125,31.25,30.25,31.125,1408600
1997-02-10,31.25,31.625,30.875,31.125,1486000
1997-02-11,31.125,31.375,30.625,31.25,945200
1997-02-12,32.5,32.5,31.25,31.25,1553500
1997-02-13,32.25,32.5,32.125,32.5,1976400
1997-02-14,32.375,32.375,31.375,32.25,1157800
1997-02-18,33.5,33.5,32.625,32.75,1330100
1997-02-19,33.375,33.625,33.125,33.5,1270900
1997-02-20,32.0,33.5,31.875,33.125,1715100
1997-02-21,32.0,32.5,31.625,32.0,1102600
1997-02-24,31.375,31.75,30.625,30.75,2006700
1997-02-25,31.25,31.75,31.125,31.375,1545500
1997-02-26,31.0,31.5,30.0,31.375,1443800
1997-02-27,31.25,31.625,30.75,30.875,605500
1997-02-28,29.75,30.875,29.75,30.5,851500
1997-03-03,31.25,31.5,28.875,29.5,1762500
1997-03-04,30.0,31.375,29.75,31.375,1365600
1997-03-05,31.125,31.125,30.0,30.0,1511800
1997-03-06,31.375,31.875,31.0,31.875,1002700
1997-03-07,32.375,33.125,31.5,31.5,1330700
1997-03-10,33.625,33.875,32.625,32.625,2203100
1997-03-11,32.875,33.75,32.75,33.625,1514500
1997-03-12,31.875,32.625,31.75,32.5,1353900
1997-03-13,30.25,31.5,30.125,31.25,925200
1997-03-14,29.75,31.375,29.125,30.75,2424300
1997-03-17,29.625,29.875,28.375,29.0,2091100
1997-03-18,29.125,30.0,28.75,29.75,968200
1997-03-19,28.75,29.25,28.125,28.875,1524900
1997-03-20,29.0,29.75,28.5,29.125,986600
1997-03-21,29.25,29.375,28.625,29.375,1841600
1997-03-24,30.625,30.75,29.875,30.0,1368900
1997-03-25,30.625,31.75,30.375,31.25,1128400
1997-03-26,29.75,30.375,29.625,30.375,1026700
1997-03-27,28.625,29.5,28.125,29.375,1693200
1997-03-31,27.25,28.375,26.75,28.125,2810500
1997-04-01,28.0,28.125,26.875,26.875,1632800
1997-04-02,27.125,27.75,26.875,27.75,1091700
1997-04-03,27.75,27.875,26.875,26.875,865800
1997-04-04,28.0,28.125,26.875,26.875,1692200
1997-04-07,28.375,28.75,28.125,28.125,602400
1997-04-08,29.25,29.375,28.0,28.25,711100
1997-04-09,28.375,29.625,28.25,29.5,672900
1997-04-10,28.0,28.75,28.0,28.25,482100
1997-04-11,27.125,28.375,27.0,27.625,872700
1997-04-14,27.75,27.75,27.0,27.125,520300
1997-04-15,28.0,28.75,27.5,28.375,1297600
1997-04-16,28.0,28.125,27.625,27.75,1347500
1997-04-17,28.125,28.875,27.875,27.875,1288900
1997-04-18,28.125,28.5,27.875,28.375,820000
1997-04-21,27.375,28.375,27.0,28.25,557000
1997-04-22,28.875,28.875,27.25,27.5,1536800
1997-04-23,28.75,28.875,27.875,28.75,1100100
1997-04-24,28.125,29.0,27.875,28.75,937300
1997-04-25,28.75,28.75,27.875,28.375,451000
1997-04-28,30.125,30.125,28.5,28.625,1583300
1997-04-29,31.125,31.625,30.5,31.0,1275700
1997-04-30,31.875,32.25,31.125,31.375,1283000
1997-05-01,31.375,31.875,31.125,31.75,765100
1997-05-02,32.5,32.625,30.875,31.0,693300
1997-05-05,33.125,33.125,31.875,32.625,1010100
1997-05-06,32.625,33.125,32.25,33.0,1029400
1997-05-07,31.75,32.875,31.5,32.625,691200
1997-05-08,32.0,32.75,31.25,31.625,793600
1997-05-09,32.25,32.75,31.5,32.5,708400
1997-05-12,33.125,33.25,31.875,32.125,904700
1997-05-13,32.75,33.375,32.25,33.375,791200
1997-05-14,32.625,33.375,32.5,33.25,866200
1997-05-15,33.125,33.25,32.125,32.25,761300
1997-05-16,32.5,33.25,32.375,33.25,958700
1997-05-19,32.0,32.5,31.875,32.375,657000
1997-05-20,33.0,33.125,31.25,31.5,1183300
1997-05-21,31.75,33.375,31.75,33.25,783500
1997-05-22,31.875,32.25,31.5,32.125,582400
1997-05-23,33.0,33.0,32.0,32.0,449500
1997-05-27,32.375,32.5,32.0,32.375,623400
1997-05-28,32.125,32.625,32.125,32.125,947300
1997-05-29,32.25,32.625,32.125,32.375,544100
1997-05-30,33.0,33.25,31.75,31.75,1222600
1997-06-02,33.125,33.375,33.0,33.25,793100
1997-06-03,33.625,34.25,32.875,33.0,1089400
1997-06-04,33.375,33.625,32.875,33.5,695500
1997-06-05,34.0,34.25,33.5,33.5,894600
1997-06-06,35.125,35.375,34.0,34.0,1209700
1997-06-09,35.25,35.625,34.875,35.375,1160600
1997-06-10,35.125,35.875,35.0,35.5,1064700
1997-06-11,35.0,35.375,35.0,35.25,1082700
1997-06-12,35.25,35.375,34.625,34.875,1867600
1997-06-13,35.875,35.875,35.0,35.0,1610300
1997-06-16,35.875,35.875,35.375,35.75,729000
1997-06-17,35.875,36.125,35.0,35.375,769400
1997-06-18,36.25,36.25,35.5,35.625,571300
1997-06-19,36.875,36.875,36.0,36.5,977600
1997-06-20,36.625,37.125,36.5,37.0,1590500
1997-06-23,35.75,36.75,35.5,36.375,1736700
1997-06-24,37.1875,37.1875,35.25,36.0,1480300
1997-06-25,36.3125,36.9375,36.3125,36.75,1340300
1997-06-26,35.8125,36.5,35.625,36.1875,861400
1997-06-27,35.5,36.6875,35.5,36.375,916300
1997-06-30,35.0,35.875,34.375,35.6875,1483400
1997-07-01,35.625,36.125,34.6875,34.75,826900
1997-07-02,36.625,36.75,35.5,35.625,926200
1997-07-03,37.4375,37.75,37.0,37.0,537900
1997-07-07,36.5625,37.75,36.125,37.75,1030600
1997-07-08,35.5,36.3125,35.375,36.0,1037000
1997-07-09,34.5,36.1875,33.6875,36.125,1658700
1997-07-10,33.6875,34.8125,33.125,34.5,2116000
1997-07-11,32.3125,32.8125,31.75,32.625,3554200
1997-07-14,31.75,32.5,31.5,32.3125,1991800
1997-07-15,31.625,33.0,31.5625,32.125,2587100
1997-07-16,31.75,32.5,31.4375,32.0,4063800
1997-07-17,32.875,32.875,31.875,32.0,2783400
1997-07-18,32.125,32.875,32.0,32.875,2911000
1997-07-21,31.875,32.5625,31.875,31.9375,1185600
1997-07-22,33.4375,33.875,32.125,32.125,2552900
1997-07-23,33.5625,34.125,33.0625,33.6875,1871900
1997-07-24,34.5,34.625,33.125,33.5,2221600
1997-07-25,34.625,35.0,34.0625,34.875,1373100
1997-07-28,34.1875,35.0,34.0,34.9375,780400
1997-07-29,35.0,35.0,33.8125,34.0625,944400
1997-07-30,35.625,36.0625,34.875,35.0,2732600
1997-07-31,36.0625,36.5625,35.4375,36.375,963500
1997-08-01,35.0625,36.0625,34.625,35.875,927100
1997-08-04,34.625,35.4375,34.5625,35.0625,593700
1997-08-05,34.9375,35.25,34.5,34.625,738000
1997-08-06,35.375,35.625,34.6875,34.6875,777400
1997-08-07,34.0,35.4375,33.625,35.1875,832900
1997-08-08,33.3125,33.75,32.6875,33.0,1244500
1997-08-11,33.75,33.9375,33.125,33.5625,623300
1997-08-12,32.75,33.9375,32.6875,33.875,1125600
1997-08-13,32.875,33.6875,32.5,33.375,1257200
1997-08-14,33.3125,33.5625,32.75,33.125,860400
1997-08-15,32.375,33.0625,32.1875,32.75,1191000
1997-08-18,33.1875,33.4375,32.0,32.3125,1392100
1997-08-19,33.375,33.5,33.0625,33.4375,973500
1997-08-20,33.75,34.0,33.3125,33.3125,888300
1997-08-21,33.1875,34.125,33.0,33.875,872700
1997-08-22,33.25,33.25,32.25,32.625,808400
1997-08-25,33.0,33.4375,32.6875,33.4375,646300
1997-08-26,33.3125,33.5625,32.75,33.0,737400
1997-08-27,33.4375,33.8125,32.625,33.0625,1066200
1997-08-28,32.8125,33.375,32.0625,33.125,978600
1997-08-29,32.625,32.9375,32.3125,32.6875,480100
1997-09-02,33.5,33.75,32.8125,32.8125,903400
1997-09-03,34.125,34.3125,33.5625,33.625,942000
1997-09-04,34.3125,34.75,33.875,34.125,765700
1997-09-05,34.0,34.5,33.625,34.1875,1010500
1997-09-08,34.4375,34.5625,34.0,34.0,926900
1997-09-09,34.625,35.1875,34.0,34.4375,837400
1997-09-10,33.25,34.5,32.875,34.5,856600
1997-09-11,32.6875,33.0625,32.25,33.0625,1134500
1997-09-12,34.1875,34.1875,32.75,33.25,1397000
1997-09-15,34.25,34.5,33.875,34.1875,802000
1997-09-16,35.625,35.6875,34.25,34.25,2751400
1997-09-17,35.6875,36.3125,35.0625,36.25,2287800
1997-09-18,36.25,36.6875,35.9375,35.9375,1173700
1997-09-19,36.5625,37.0,36.25,36.25,1087700
1997-09-22,36.9375,37.4375,36.5,36.5,816700
1997-09-23,35.75,37.0,35.0,36.9375,1312800
1997-09-24,35.625,36.9375,35.625,35.8125,1076400
1997-09-25,35.0625,35.875,34.6875,35.625,1174200
1997-09-26,35.125,35.5625,34.9375,35.1875,811100
1997-09-29,35.375,35.5625,34.5,35.0,552900
1997-09-30,35.25,35.9375,35.1875,35.375,486900
1997-10-01,35.75,36.0,35.1875,35.5,611500
1997-10-02,35.8125,36.0625,35.1875,35.5625,719500
1997-10-03,35.9375,36.9375,35.4375,36.375,1108800
1997-10-06,36.25,36.375,35.875,36.0,1180500
1997-10-07,36.9375,36.9375,36.1875,36.25,1074200
1997-10-08,35.9375,36.75,35.5625,36.6875,720600
1997-10-09,35.5625,35.875,35.125,35.3125,920400
1997-10-10,35.4375,35.4375,35.0625,35.3125,371900
1997-10-13,35.625,35.8125,35.25,35.8125,268000
1997-10-14,36.75,36.9375,35.9375,36.0,706100
1997-10-15,37.375,37.625,36.0,36.5,1646300
1997-10-16,36.9375,37.75,36.875,37.4375,933100
1997-10-17,36.25,37.0,35.625,36.25,1334500
1997-10-20,36.375,36.875,36.125,36.1875,704500
1997-10-21,37.1875,37.8125,36.25,36.25,1302000
1997-10-22,37.125,37.3125,36.875,37.1875,1440600
1997-10-23,36.875,37.4375,36.3125,36.875,881900
1997-10-24,36.25,37.375,36.0625,37.25,1114100
1997-10-27,35.125,36.6875,34.125,35.9375,1001400
1997-10-28,36.8125,36.8125,33.5,34.0,3874000
1997-10-29,37.0625,38.75,36.0625,37.0,2639200
1997-10-30,36.75,37.4375,36.125,36.5,1557600
1997-10-31,37.875,38.0,37.375,37.75,1400600
1997-11-03,38.8125,38.875,37.5,37.9375,1616400
1997-11-04,39.5,39.8125,38.125,38.8125,1539700
1997-11-05,40.0,40.1875,39.0625,39.25,1555200
1997-11-06,39.8125,39.875,39.3125,39.875,1249000
1997-11-07,39.3125,39.4375,38.75,39.0,1078300
1997-11-10,38.0625,39.3125,38.0,39.3125,954600
1997-11-11,38.375,38.5,38.0,38.125,608900
1997-11-12,37.875,38.3125,37.5,37.5,1970900
1997-11-13,38.8125,38.8125,38.125,38.125,2647800
1997-11-14,40.4375,40.75,38.75,38.75,3030600
1997-11-17,42.375,42.375,40.875,41.0,2648800
1997-11-18,41.0625,42.125,41.0,42.125,1171300
1997-11-19,41.375,41.4375,40.9375,41.0,1027600
1997-11-20,41.3125,41.5,41.15625,41.375,917000
1997-11-21,40.875,41.5,40.75,41.3125,1420400
1997-11-24,40.625,41.0625,40.25,40.625,873100
1997-11-25,40.6875,41.125,40.375,41.0,781300
1997-11-26,41.5625,41.5625,41.0,41.0625,1072100
1997-11-28,41.25,41.9375,41.25,41.5625,654600
1997-12-01,42.25,42.8125,41.4375,41.5,1518600
1997-12-02,42.5625,42.6875,42.125,42.375,823000
1997-12-03,43.375,43.5,42.25,42.5625,721900
1997-12-04,42.5,44.5625,42.25,43.8125,750100
1997-12-05,42.8125,42.9375,41.8125,42.0,740900
1997-12-08,41.75,42.5,41.5625,42.5,742900
1997-12-09,40.5625,41.5,40.3125,41.4375,1725600
1997-12-10,40.625,41.0,39.9375,40.75,1201300
1997-12-11,40.875,41.0625,40.0,40.625,831900
1997-12-12,41.125,41.3125,39.9375,40.875,586400
1997-12-15,41.6875,41.875,41.0,41.125,776300
1997-12-16,41.3125,42.1875,41.0,41.9375,935700
1997-12-17,41.25,41.6875,41.0,41.4375,676500
1997-12-18,41.6875,42.25,40.1875,41.375,876800
1997-12-19,41.3125,41.625,40.4375,41.375,1550200
1997-12-22,41.4375,42.125,41.1875,41.1875,764800
1997-12-23,41.5,41.75,40.75,41.0625,745400
1997-12-24,41.0625,42.0,41.0625,41.75,596000
1997-12-26,40.625,41.8125,40.5625,41.3125,340800
1997-12-29,42.5,42.5625,41.4375,41.625,1495300
1997-12-30,42.0,42.5,41.9375,42.5,641400
1997-12-31,41.9375,42.125,41.8125,42.0,565600
1998-01-02,42.8125,42.875,41.625,41.625,767500
1998-01-05,43.5625,44.0,42.875,43.5,1489300
1998-01-06,43.0,44.1875,42.625,43.125,1149300
1998-01-07,43.25,44.3125,42.875,43.0,2618300
1998-01-08,43.25,43.4375,43.0,43.125,1850300
1998-01-09,42.5,43.625,42.375,42.9375,1485400
1998-01-12,43.4375,43.6875,42.0,42.0,1658700
1998-01-13,43.0,43.625,42.875,43.5,1018000
1998-01-14,44.125,44.25,42.9375,43.0,1836800
1998-01-15,44.75,45.0625,43.875,44.0,1831700
1998-01-16,45.9375,46.1875,44.875,44.875,2308600
1998-01-20,45.75,46.9375,45.625,45.9375,1595400
1998-01-21,44.6875,45.375,44.5,45.25,1054400
1998-01-22,44.3125,44.8125,43.8125,44.25,856400
1998-01-23,44.0625,44.25,43.25,44.0625,1193800
1998-01-26,43.0625,44.375,43.0625,44.375,583100
1998-01-27,44.0,44.0,42.9375,43.0,1214300
1998-01-28,44.4375,44.9375,43.75,43.9375,1376700
1998-01-29,44.375,44.6875,44.1875,44.4375,1439600
1998-01-30,44.5,44.875,44.25,44.75,1515000
1998-02-02,46.5,46.6875,45.375,45.375,1602400
1998-02-03,46.5625,47.0,46.125,46.375,1152800
1998-02-04,46.0,46.125,45.125,46.125,1005900
1998-02-05,44.6875,46.125,44.25,46.125,1586700
1998-02-06,46.3125,46.625,44.6875,44.75,1691300
1998-02-09,46.3125,46.3125,45.625,46.25,894500
1998-02-10,45.1875,46.3125,44.4375,46.125,1355900
1998-02-11,45.1875,45.4375,45.0,45.1875,1061000
1998-02-12,44.625,45.1875,44.625,45.0625,824400
1998-02-13,45.8125,46.0625,44.5625,44.6875,1026000
1998-02-17,46.4375,46.4375,46.0,46.125,845600
1998-02-18,48.4375,48.4375,46.875,47.625,2167900
1998-02-19,47.8125,48.375,47.375,48.375,1398800
1998-02-20,48.875,48.875,47.75,48.25,1132600
1998-02-23,49.0625,49.75,48.5,49.0,1342900
1998-02-24,47.0625,49.0,46.9375,49.0,1847000
1998-02-25,47.875,48.375,47.25,47.25,1064300
1998-02-26,47.75,48.0,47.375,47.75,511400
1998-02-27,47.25,47.875,46.9375,47.625,549100
1998-03-02,46.625,47.125,46.375,46.875,721900
1998-03-03,46.0,46.375,45.6875,46.125,1769000
1998-03-04,46.1875,46.4375,45.6875,46.0,1032900
1998-03-05,46.0,46.0,45.4375,45.625,1435600
1998-03-06,48.0,48.25,46.25,46.25,1402900
1998-03-09,49.1875,49.4375,47.625,47.75,1764700
1998-03-10,49.9375,49.9375,49.1875,49.625,1923900
1998-03-11,49.5,50.0,49.0625,49.75,1435600
1998-03-12,49.8125,50.25,49.25,49.5,933100
1998-03-13,49.1875,50.0625,48.9375,49.8125,1095600
1998-03-16,49.0,49.25,48.75,49.1875,1444200
1998-03-17,49.0,49.6875,48.8125,49.25,1252400
1998-03-18,49.25,49.25,48.375,48.75,1386300
1998-03-19,49.125,49.625,49.0,49.25,697000
1998-03-20,49.9375,50.25,49.0,49.4375,1700400
1998-03-23,49.8125,50.0625,49.25,49.9375,1309500
1998-03-24,49.75,50.25,49.625,50.0,1194300
1998-03-25,47.8125,49.8125,47.5625,49.8125,1734800
1998-03-26,47.125,47.9375,46.875,47.6875,1131100
1998-03-27,47.75,47.8125,46.875,47.25,2830000
1998-03-30,47.1875,47.8125,47.0,47.625,1553200
1998-03-31,47.4375,47.9375,47.375,47.375,1684300
1998-04-01,47.6875,47.6875,46.6875,47.5,2280000
1998-04-02,47.6875,47.9375,47.25,47.5,1673100
1998-04-03,48.9375,49.375,48.3125,48.625,2002900
1998-04-06,47.9375,49.375,47.75,48.9375,1737200
1998-04-07,47.1875,48.125,47.125,48.0,1565300
1998-04-08,46.9375,47.625,46.625,47.5,1300100
1998-04-09,47.625,47.75,47.125,47.25,1009600
1998-04-13,45.9375,47.125,45.125,47.125,2211500
1998-04-14,46.0625,46.5625,45.625,45.9375,2645700
1998-04-15,45.5,46.0625,45.4375,46.0625,2931500
1998-04-16,45.5625,46.4375,45.5625,46.0,1864000
1998-04-17,46.0625,46.25,45.0,45.8125,2377800
1998-04-20,46.4375,46.875,45.6875,46.625,1602200
1998-04-21,46.1875,46.625,45.625,46.0625,1671300
1998-04-22,45.9375,46.25,45.8125,46.1875,983500
1998-04-23,45.0,46.0,44.75,45.875,1536800
1998-04-24,44.125,44.9375,43.5625,44.625,2308200
1998-04-27,42.375,43.25,42.125,43.0,2466600
1998-04-28,43.125,43.625,42.75,43.0,2043600
1998-04-29,44.25,44.5,42.9375,43.25,1381800
1998-04-30,46.3125,46.75,45.6875,46.125,2811200
1998-05-01,47.0,47.9375,47.0,47.875,2108500
1998-05-04,46.625,47.25,46.5625,47.0625,921400
1998-05-05,46.0,46.875,45.6875,46.25,1775000
1998-05-06,45.5625,46.5,45.0625,46.25,1950500
1998-05-07,44.5625,45.25,44.4375,45.125,2424700
1998-05-08,45.0,45.4375,44.625,44.625,819900
1998-05-11,44.0,45.125,43.5,45.0,1310400
1998-05-12,44.75,44.8125,43.4375,44.0,2198000
1998-05-13,44.25,45.125,43.875,44.625,2834100
1998-05-14,43.875,44.625,43.8125,44.0625,1231800
1998-05-15,44.6875,45.125,44.5,44.875,1208200
1998-05-18,44.5,45.0,44.125,44.75,959900
1998-05-19,45.375,45.4375,44.625,44.875,1118400
1998-05-20,46.5625,46.5625,45.5625,45.875,1291300
1998-05-21,46.25,47.0,45.375,47.0,1105600
1998-05-22,45.5,46.125,45.25,46.0,391300
1998-05-26,44.6875,45.875,44.625,45.8125,1016700
1998-05-27,45.0625,45.3125,43.5,43.5,1377500
1998-05-28,44.1875,45.25,44.1875,45.0,728200
1998-05-29,45.5,46.0,44.125,44.125,2079600
1998-06-01,46.5,46.75,45.3125,45.6875,1668700
1998-06-02,47.1875,47.9375,46.4375,46.5625,1699000
1998-06-03,46.25,47.5,45.875,47.1875,1316700
1998-06-04,45.75,46.125,45.1875,46.0,652700
1998-06-05,47.0,47.25,46.0625,46.0625,1144800
1998-06-08,47.546875,47.9375,46.875,46.9375,680800
1998-06-09,48.0,48.375,47.125,47.5,733600
1998-06-10,47.5,48.3125,47.0,48.3125,1017600
1998-06-11,46.25,47.125,46.0,47.0,944900
1998-06-12,45.9375,46.1875,45.0,46.0,1263800
1998-06-15,44.125,45.75,44.125,44.875,1268900
1998-06-16,44.9375,45.25,44.25,44.625,1136100
1998-06-17,47.1875,47.3125,44.75,44.75,1205400
1998-06-18,47.0625,47.625,46.5625,46.9375,837900
1998-06-19,45.625,46.3125,45.5,46.0,1978000
1998-06-22,45.75,45.9375,45.0,45.0,1463700
1998-06-23,47.25,47.4375,45.375,45.875,2130100
1998-06-24,46.875,47.25,46.0625,47.25,1052300
1998-06-25,46.5625,47.625,46.5625,47.1875,1268000
1998-06-26,46.6875,47.125,46.4375,46.5,610100
1998-06-29,47.875,48.75,46.9375,46.9375,1597300
1998-06-30,47.0625,48.75,47.0,48.0,2128100
1998-07-01,48.6875,48.75,47.5,47.5625,1236900
1998-07-02,49.5,49.8125,48.0625,48.625,1082700
1998-07-06,50.0625,50.0625,49.0625,49.5625,739600
1998-07-07,49.9375,50.625,48.875,49.875,1021500
1998-07-08,51.375,51.375,49.75,49.75,1321300
1998-07-09,50.5625,50.9375,50.375,50.875,874300
1998-07-10,50.9375,51.0,49.25,50.0,1069300
1998-07-13,49.875,50.3125,49.625,50.3125,560100
1998-07-14,50.9375,51.0625,50.0625,50.25,892200
1998-07-15,50.25,50.9375,50.125,50.75,536800
1998-07-16,50.4375,51.25,50.0,51.0,699000
1998-07-17,50.8125,50.9375,50.125,50.4375,892700
1998-07-20,50.375,50.75,49.875,50.75,977900
1998-07-21,49.375,50.75,49.375,50.5,675200
1998-07-22,49.5625,49.8125,49.25,49.375,515400
1998-07-23,48.625,49.75,48.5,49.25,409200
1998-07-24,47.5,48.5625,47.375,48.5625,980900
1998-07-27,49.0625,49.0625,46.9375,47.5,1067200
1998-07-28,48.25,49.25,47.5,49.0625,1004500
1998-07-29,47.8125,48.375,47.375,48.0,1147600
1998-07-30,48.8125,48.9375,47.875,47.9375,552200
1998-07-31,47.25,49.0,46.6875,49.0,752400
1998-08-03,46.8125,47.5625,46.625,47.125,605700
1998-08-04,45.125,47.375,45.125,46.75,1179900
1998-08-05,44.125,45.1875,43.125,45.125,1978600
1998-08-06,45.4375,45.625,44.0,44.125,1012300
1998-08-07,44.75,45.3125,43.9375,45.3125,2768200
1998-08-10,43.875,44.1875,43.5,43.75,1018900
1998-08-11,43.125,43.1875,41.125,42.0,2248900
1998-08-12,43.3125,43.875,42.875,43.625,1257100
1998-08-13,42.625,44.0,42.5,43.75,1073600
1998-08-14,43.0625,44.125,42.5625,42.625,1212000
1998-08-17,44.25,44.4375,42.6875,42.8125,857800
1998-08-18,45.9375,45.9375,44.375,44.5,1146700
1998-08-19,45.8125,46.125,45.0,46.0,1050000
1998-08-20,44.75,45.625,44.625,45.625,893100
1998-08-21,44.625,44.875,43.0625,43.75,3022200
1998-08-24,44.625,45.5625,44.4375,45.0,1157500
1998-08-25,45.5625,46.375,44.875,44.9375,2174300
1998-08-26,45.875,46.0,45.0625,45.125,1830500
1998-08-27,43.3125,46.0,43.125,45.125,2382500
1998-08-28,43.75,44.5,43.5,43.75,1987200
1998-08-31,39.5,44.125,39.0,44.0,1680000
1998-09-01,39.625,41.0,38.6875,41.0,5316100
1998-09-02,42.5,43.0,40.5625,41.0,2332800
1998-09-03,42.1875,42.5,40.5625,41.625,1648400
1998-09-04,41.5625,43.5,40.0625,43.5,1637500
1998-09-08,44.5,44.625,43.375,43.75,2187600
1998-09-09,44.375,45.125,43.5,44.5,1415600
1998-09-10,42.3125,43.75,41.1875,43.5,2188900
1998-09-11,44.5,44.625,41.4375,41.75,1601500
1998-09-14,46.75,47.375,45.6875,45.75,2185500
1998-09-15,47.625,47.875,46.75,46.9375,1566200
1998-09-16,48.625,49.5,46.9375,49.5,2621200
1998-09-17,47.625,48.625,47.125,48.25,1814400
1998-09-18,47.125,48.625,46.8125,48.5,1909300
1998-09-21,46.8125,47.0,45.25,47.0,1767800
1998-09-22,46.9375,47.5625,46.5625,47.0,1380600
1998-09-23,49.25,49.3125,47.0625,47.375,1961900
1998-09-24,49.625,51.1875,49.0,49.375,2703400
1998-09-25,48.625,49.625,48.5,49.25,1209000
1998-09-28,51.375,51.625,49.5,49.5,2176900
1998-09-29,51.0625,52.0,50.375,51.625,1642500
1998-09-30,49.625,51.5,49.25,50.625,2812700
1998-10-01,48.375,49.125,47.4375,48.625,2225000
1998-10-02,50.25,50.25,47.875,48.5,1667900
1998-10-05,49.875,51.0,47.8125,50.5,1754600
1998-10-06,48.125,51.3125,47.375,50.875,2242000
1998-10-07,45.3125,47.875,43.75,47.5,3822500
1998-10-08,46.9375,47.125,39.5,43.0,5052600
1998-10-09,46.6875,47.5,45.75,46.875,2810400
1998-10-12,48.875,50.125,48.8125,49.0,2204300
1998-10-13,48.125,50.0625,47.75,49.0,1514400
1998-10-14,50.0,50.625,48.125,48.125,1285100
1998-10-15,51.6875,52.625,49.75,50.0625,2733800
1998-10-16,53.25,53.375,51.9375,51.9375,3632700
1998-10-19,51.25,53.25,51.0625,53.25,1861200
1998-10-20,52.0,53.5625,51.3125,52.875,2211000
1998-10-21,53.3125,54.375,51.875,52.0,1809700
1998-10-22,53.5625,54.125,53.0,53.375,1438900
1998-10-23,53.25,53.625,52.125,53.0,1425500
1998-10-26,52.125,53.375,52.0,53.1875,1469200
1998-10-27,52.9375,53.5,52.125,53.25,1171300
1998-10-28,54.125,54.5,52.5,52.625,1483200
1998-10-29,55.0,55.90625,54.25,54.25,1916100
1998-10-30,57.5,57.75,55.0,55.0,2435400
1998-11-02,57.0,57.25,56.625,57.25,1609700
1998-11-03,55.8125,56.625,54.875,56.625,1382900
1998-11-04,55.875,57.0,55.1875,56.0625,1997800
1998-11-05,55.8125,55.875,54.25,55.0,1593200
1998-11-06,57.9375,58.125,55.3125,55.625,2064400
1998-11-09,55.5625,57.6875,55.25,57.6875,2534500
1998-11-10,56.875,57.1875,55.375,55.625,1416900
1998-11-11,57.875,58.375,57.0625,57.625,1579200
1998-11-12,57.75,58.1875,57.375,57.375,1021000
1998-11-13,58.0,58.75,57.75,58.0,1627400
1998-11-16,58.625,58.625,57.5625,58.0,1369400
1998-11-17,58.375,59.0,58.0,58.625,4587900
1998-11-18,58.1875,58.5625,57.75,58.5,1325400
1998-11-19,57.3125,58.1875,56.75,58.125,2684400
1998-11-20,59.375,59.625,57.75,58.0,1692600
1998-11-23,61.5,61.9375,59.875,60.375,2322200
1998-11-24,61.1875,61.625,60.5,61.375,1446100
1998-11-25,61.25,61.5625,60.5,60.5,1478200
1998-11-27,60.75,61.0,60.375,61.0,645300
1998-11-30,60.5,61.25,60.125,60.125,1428900
1998-12-01,60.875,61.0,59.6875,60.0,1121200
1998-12-02,60.875,60.9375,60.0,60.0,878700
1998-12-03,59.5,60.6875,59.5,60.6875,789600
1998-12-04,60.3125,61.125,59.875,59.875,952900
1998-12-07,60.6875,60.9375,59.75,59.875,1173300
1998-12-08,59.5,60.4375,59.5,59.625,1232300
1998-12-09,60.875,60.875,59.25,59.4375,899900
1998-12-10,59.6875,60.8125,59.1875,60.8125,1084200
1998-12-11,58.5625,59.75,58.25,59.5625,1327600
1998-12-14,57.5,58.5,57.4375,58.25,1068300
1998-12-15,60.0625,60.1875,57.625,57.875,1593100
1998-12-16,61.3125,61.875,59.625,60.0625,1341900
1998-12-17,63.6875,63.875,61.3125,61.3125,1396200
1998-12-18,64.0,64.25,62.625,63.0,1489400
1998-12-21,63.75,65.0,63.6875,63.875,1115500
1998-12-22,63.875,64.5,62.0625,63.0,1390000
1998-12-23,64.375,64.625,63.0,64.0,1020000
1998-12-24,65.125,65.375,64.0,64.125,343200
1998-12-28,63.4375,64.875,63.1875,64.625,732600
1998-12-29,65.125,65.125,63.0625,63.4375,692500
1998-12-30,64.9375,66.375,64.5625,65.0,937000
1998-12-31,64.4375,65.0,63.3125,64.75,978600
1999-01-04,61.5,64.0,61.0,63.6875,2599400
1999-01-05,62.1875,63.0625,61.125,61.375,2041800
1999-01-06,63.9375,64.9375,62.875,63.25,1778100
1999-01-07,64.1875,64.1875,62.4375,63.0,2017800
1999-01-08,60.75,64.5,60.5,64.5,1843100
1999-01-11,57.875,59.375,57.375,59.0,3933100
1999-01-12,57.625,59.75,57.25,59.75,3163300
1999-01-13,58.0625,58.75,56.125,56.875,2135500
1999-01-14,57.75,58.8125,56.75,58.25,2566600
1999-01-15,59.4375,59.75,57.9375,57.9375,2417700
1999-01-19,59.125,60.0625,58.125,60.0,1383600
1999-01-20,60.4375,60.5625,58.75,60.0,2951700
1999-01-21,58.75,60.5,58.125,60.5,2820500
1999-01-22,58.8125,59.0,58.0,58.0,1542500
1999-01-25,59.5,59.6875,58.1875,58.625,1316000
1999-01-26,59.6875,60.0625,58.0625,59.25,1376000
1999-01-27,59.0,60.25,58.3125,59.75,1343900
1999-01-28,60.75,60.8125,58.5,58.5,1585600
1999-01-29,62.0,62.0,60.1875,60.5,1686200
1999-02-01,60.5,61.375,60.125,61.25,1941600
1999-02-02,60.5,60.625,59.125,59.75,1702800
1999-02-03,60.0,60.5625,58.9375,60.5,1224900
1999-02-04,58.0,59.75,57.875,59.75,1690400
1999-02-05,56.75,57.8125,56.375,57.5,1648900
1999-02-08,55.5,56.9375,55.25,56.75,1962700
1999-02-09,55.6875,56.375,55.25,55.375,2620400
1999-02-10,57.75,57.875,55.4375,55.5625,1675800
1999-02-11,58.0625,58.125,56.625,57.0,1516300
1999-02-12,57.375,59.0,57.0625,58.0625,1466600
1999-02-16,59.25,59.4375,58.0,58.125,1095500
1999-02-17,59.6875,60.3125,58.75,59.0625,1880700
1999-02-18,60.6875,61.3125,58.0,59.0,2445200
1999-02-19,60.3125,61.625,60.25,60.6875,1973300
1999-02-22,61.25,61.5625,60.0,60.1875,1269000
1999-02-23,60.8125,61.3125,60.1875,61.0,1186400
1999-02-24,58.5625,61.625,58.5625,61.25,1405200
1999-02-25,57.875,58.6875,57.3125,58.625,1502200
1999-02-26,58.875,59.75,57.25,58.125,1437700
1999-03-01,58.6875,59.0,57.625,58.875,1320700
1999-03-02,58.3125,59.4375,58.0625,58.875,1156500
1999-03-03,59.375,59.75,58.5,58.5,1514100
1999-03-04,58.9375,60.3125,58.3125,59.5,1741300
1999-03-05,61.5,61.5,60.0,60.75,2161000
1999-03-08,61.375,61.875,60.75,61.5,1113200
1999-03-09,61.9375,63.0,61.625,62.25,1777100
1999-03-10,63.0,63.125,61.625,62.25,1546500
1999-03-11,62.5,63.0,62.125,62.9375,2184700
1999-03-12,60.5,62.5625,60.375,62.5,1440500
1999-03-15,60.0625,60.5625,59.625,60.5,1607100
1999-03-16,59.0,59.8125,58.0,59.8125,1946000
1999-03-17,59.875,60.0,58.625,59.375,1682200
1999-03-18,59.8125,60.125,59.0,59.125,1089900
1999-03-19,57.0,59.5625,56.75,59.0,2459400
1999-03-22,56.75,57.0625,56.1875,57.0,1010900
1999-03-23,55.125,56.5,54.75,56.5,1728300
1999-03-24,55.0,55.875,54.4375,55.75,1706400
1999-03-25,56.375,56.5625,55.375,55.375,1102700
1999-03-26,59.375,59.5,56.0,56.25,2039000
1999-03-29,59.0625,61.375,58.8125,60.5,2787100
1999-03-30,57.625,58.875,57.375,58.5,1451200
1999-03-31,57.3125,58.125,56.0,58.0,1322300
1999-04-01,57.5625,58.25,57.0,57.125,1785200
1999-04-05,58.0625,58.1875,56.875,58.0625,2251700
1999-04-06,56.875,57.8125,55.6875,57.5,1925900
1999-04-07,57.5625,57.8125,56.625,56.875,1367700
1999-04-08,58.0625,58.125,57.5,57.875,2264100
1999-04-09,57.375,58.0,57.0625,57.6875,1142400
1999-04-12,57.5625,57.8125,56.1875,56.5,1334700
1999-04-13,55.0,58.0,54.9375,57.5,2418700
1999-04-14,55.0,55.0,54.1875,55.0,3452000
1999-04-15,55.375,56.0,54.125,55.0,3941700
1999-04-16,55.8125,56.125,55.25,55.5,3450200
1999-04-19,57.25,58.375,56.0,56.25,2953600
1999-04-20,58.875,59.9375,58.25,58.5,2614700
1999-04-21,60.75,60.8125,58.4375,58.625,1920800
1999-04-22,61.125,61.3125,59.1875,60.75,2424400
1999-04-23,61.6875,62.3125,60.6875,61.125,1118100
1999-04-26,61.5,61.875,60.5625,61.5625,1090200
1999-04-27,61.3125,62.25,60.5625,61.8125,1351700
1999-04-28,61.4375,62.5,61.125,61.625,1346500
1999-04-29,63.5,64.375,62.25,62.25,1479200
1999-04-30,62.625,65.0,62.5,63.375,1857000
1999-05-03,62.0,62.6875,61.1875,62.0,1321300
1999-05-04,59.0,62.125,58.875,62.125,1758900
1999-05-05,60.375,60.375,59.1875,59.1875,1746600
1999-05-06,60.9375,61.625,59.5,59.625,1464100
1999-05-07,64.3125,64.625,60.875,60.875,1988300
1999-05-10,63.875,64.75,63.4375,64.1875,1362800
1999-05-11,64.625,65.25,64.0625,64.125,1671300
1999-05-12,64.5,64.9375,63.25,64.5,1583300
1999-05-13,63.75,64.375,63.625,64.25,1056800
1999-05-14,61.4375,62.5,60.5,62.25,2024100
1999-05-17,60.125,61.9375,60.0,61.5,1300200
1999-05-18,59.125,60.9375,59.125,60.0625,1397800
1999-05-19,59.5,59.9375,58.6875,58.75,1561800
1999-05-20,59.3125,60.5,59.25,59.875,1576900
1999-05-21,57.75,59.375,57.25,59.125,1373300
1999-05-24,57.6875,58.0,56.6875,57.8125,1670700
1999-05-25,57.9375,59.9375,57.5625,57.6875,1442900
1999-05-26,58.5625,58.75,57.4375,57.9375,1118300
1999-05-27,58.0,58.375,57.1875,57.75,1069300
1999-05-28,58.3125,59.125,57.75,57.75,763900
1999-06-01,57.6875,58.5625,56.3125,58.5625,820000
1999-06-02,58.1875,58.1875,56.125,57.4375,940300
1999-06-03,58.8125,58.8125,57.625,58.0625,890200
1999-06-04,59.625,59.8125,59.125,59.3125,1055500
1999-06-07,59.0625,59.75,58.75,59.5625,667700
1999-06-08,58.25,59.375,57.875,59.0,958900
1999-06-09,56.6875,58.5,56.5,58.25,1193100
1999-06-10,56.3125,56.6875,55.5625,56.5,1542200
1999-06-11,56.375,57.625,56.3125,56.3125,1446200
1999-06-14,56.0,57.125,56.0,56.5,915900
1999-06-15,56.3125,56.5,55.625,56.0,1649900
1999-06-16,56.0,57.8125,55.8125,56.5,2094400
1999-06-17,54.9375,56.0,54.875,56.0,2616400
1999-06-18,55.0625,55.5625,54.8125,55.0,2726300
1999-06-21,54.875,55.0,54.0,55.0,1347600
1999-06-22,55.375,55.6875,54.3125,54.3125,1803000
1999-06-23,54.1875,55.1875,54.125,55.125,1820300
1999-06-24,53.5625,54.5,53.0,54.25,2127000
1999-06-25,53.75,54.0625,53.375,53.375,1551700
1999-06-28,54.1875,55.0,54.0625,54.375,1292400
1999-06-29,57.1875,57.1875,53.75,54.125,2032800
1999-06-30,58.0,58.25,55.625,57.5,3804900
1999-07-01,57.4375,57.875,56.5,57.875,1838900
1999-07-02,57.375,58.1875,56.8125,57.9375,1249300
1999-07-06,56.9375,58.3125,56.75,57.75,1119800
1999-07-07,56.875,58.0625,56.5625,57.1875,1332700
1999-07-08,56.0,57.25,55.9375,56.6875,1195300
1999-07-09,58.0,58.1875,56.4375,56.5,1062300
1999-07-12,57.4375,58.5,56.6875,58.125,847900
1999-07-13,57.5625,58.75,57.3125,57.5,604800
1999-07-14,57.375,57.875,56.5625,57.6875,893000
1999-07-15,59.25,59.6875,58.1875,58.5,1480900
1999-07-16,61.0625,61.25,58.9375,59.1875,1701300
1999-07-19,60.4375,61.1875,60.3125,60.9375,914700
1999-07-20,60.4375,60.875,60.0,60.125,1169600
1999-07-21,60.25,60.875,59.6875,60.1875,825300
1999-07-22,60.0,60.875,58.5,59.875,2008000
1999-07-23,58.75,59.5,58.25,59.125,1020300
1999-07-26,58.6875,59.125,57.5,57.5,883200
1999-07-27,59.6875,60.0,58.75,58.875,960900
1999-07-28,59.3125,59.9375,58.75,59.4375,938900
1999-07-29,59.75,59.9375,57.8125,57.875,1514900
1999-07-30,57.375,59.8125,57.0,59.75,1278500
1999-08-02,57.375,57.9375,56.875,57.5,892500
1999-08-03,56.625,57.625,56.0,57.625,920900
1999-08-04,53.625,56.6875,53.0,56.5,2606900
1999-08-05,54.0625,54.4375,52.8125,54.375,2138100
1999-08-06,53.25,54.0,52.625,53.75,1406800
1999-08-09,52.75,53.9375,52.625,53.8125,1009200
1999-08-10,51.625,52.625,50.8125,52.625,1556800
1999-08-11,52.125,52.25,51.125,51.75,1644800
1999-08-12,50.5625,51.875,50.1875,51.75,1541000
1999-08-13,52.5,53.1875,51.5,51.625,1480900
1999-08-16,52.375,53.375,52.0,52.75,1067000
1999-08-17,53.9375,54.0,52.875,53.0,1424700
1999-08-18,54.375,54.625,52.875,53.8125,1656600
1999-08-19,52.1875,53.75,52.1875,53.75,1649600
1999-08-20,51.875,53.0,51.875,53.0,1348400
1999-08-23,54.0,54.0,51.9375,51.9375,1760700
1999-08-24,54.0,55.0,53.75,53.875,1683800
1999-08-25,56.75,57.375,53.875,53.875,3283600
1999-08-26,55.0,56.875,54.9375,56.5,1419900
1999-08-27,53.75,55.3125,53.5,54.75,864400
1999-08-30,51.4375,53.625,51.25,53.3125,1925800
1999-08-31,51.5,52.4375,50.8125,51.875,1889000
1999-09-01,53.25,53.25,50.6875,51.75,2332800
1999-09-02,52.0625,52.6875,51.625,52.625,1160100
1999-09-03,55.4375,55.8125,54.5,54.75,1853000
1999-09-07,53.625,55.5,53.5,55.4375,1080700
1999-09-08,53.0,53.5,51.9375,53.5,1228700
1999-09-09,52.4375,53.1875,51.0,53.0625,2036800
1999-09-10,52.5,53.375,52.25,53.1875,1307000
1999-09-13,53.6875,53.9375,52.125,52.5,731700
1999-09-14,53.5625,53.90625,52.5625,53.5625,999100
1999-09-15,52.5,54.875,52.375,54.4375,1152800
1999-09-16,50.125,52.1875,50.125,52.125,1462900
1999-09-17,50.9375,52.25,50.3125,50.375,1841200
1999-09-20,50.75,51.625,50.25,50.75,1286100
1999-09-21,50.0625,50.75,50.0,50.0,2276300
1999-09-22,50.6875,51.1875,48.9375,50.3125,2232000
1999-09-23,50.625,52.4375,50.375,52.0,1859100
1999-09-24,51.25,51.8125,50.125,51.5,2170800
1999-09-27,49.75,52.125,49.3125,52.0,1356400
1999-09-28,50.5,50.875,49.0,49.25,1372500
1999-09-29,51.3125,52.125,50.375,50.5,1584300
1999-09-30,52.0,52.375,50.875,51.9375,1652700
1999-10-01,50.625,50.875,49.625,49.75,2435900
1999-10-04,52.25,52.375,50.875,50.9375,1942000
1999-10-05,52.875,53.875,51.875,52.5,2203000
1999-10-06,53.875,53.9375,52.625,53.125,1825400
1999-10-07,52.0625,53.9375,51.875,53.875,1149400
1999-10-08,53.125,53.5,51.875,52.1875,1204600
1999-10-11,52.875,53.3125,52.375,52.875,829300
1999-10-12,52.25,53.0,51.625,51.875,876000
1999-10-13,51.75,52.25,51.375,51.75,972200
1999-10-14,50.0,51.125,49.25,51.125,1367200
1999-10-15,48.75,49.3125,48.25,48.5,1479200
1999-10-18,50.375,51.125,49.3125,50.0,1576000
1999-10-19,48.8125,51.75,48.8125,51.125,1483300
1999-10-20,47.9375,49.1875,45.4375,48.875,4422900
1999-10-21,46.0,48.375,46.0,47.9375,2844800
1999-10-22,48.0625,48.5,46.6875,47.0,3103800
1999-10-25,48.0625,48.625,47.0625,47.375,1560100
1999-10-26,47.25,48.5625,46.875,47.8125,1568300
1999-10-27,49.375,49.875,47.5,47.5,1820300
1999-10-28,54.3125,54.625,51.75,51.875,5714200
1999-10-29,54.0,55.625,53.8125,54.5625,2179100
1999-11-01,51.5,54.5625,50.8125,53.875,2391700
1999-11-02,51.125,52.25,50.875,51.125,2486800
1999-11-03,50.8125,51.25,50.125,51.0,2119000
1999-11-04,50.5,51.3125,50.3125,50.8125,2208600
1999-11-05,52.3125,53.375,52.3125,53.375,2161800
1999-11-08,51.5,53.25,51.0625,52.25,1950200
1999-11-09,51.0,52.375,50.3125,52.0,2155100
1999-11-10,51.875,52.0,50.875,51.0,2264300
1999-11-11,53.25,53.4375,52.25,52.25,2143600
1999-11-12,53.8125,54.5625,52.8125,54.25,1390900
1999-11-15,52.5625,53.75,51.75,53.1875,1799500
1999-11-16,55.75,55.75,53.1875,53.5625,2615600
1999-11-17,53.9375,55.6875,53.6875,55.125,2613100
1999-11-18,53.6875,54.0,52.6875,53.9375,1426900
1999-11-19,52.3125,54.4375,52.125,53.75,1457200
1999-11-22,51.375,52.3125,51.0,52.3125,984300
1999-11-23,50.6875,51.8125,50.1875,51.625,2142500
1999-11-24,50.9375,51.5,50.375,50.375,1189600
1999-11-26,50.5,51.3125,50.5,51.125,344600
1999-11-29,49.625,50.75,49.3125,50.75,1815300
1999-11-30,49.375,50.5,49.375,49.875,1871000
1999-12-01,47.9375,49.25,47.3125,49.25,2775700
1999-12-02,48.0,48.6875,47.4375,48.0,2122500
1999-12-03,48.875,49.875,48.5625,49.5,3513200
1999-12-06,49.25,49.375,48.25,48.75,1404300
1999-12-07,48.203125,49.125,47.875,48.875,1792000
1999-12-08,47.9375,48.4375,47.4375,47.875,1982900
1999-12-09,48.875,48.9375,47.75,48.25,1852700
1999-12-10,49.25,49.75,48.0625,49.75,2407200
1999-12-13,48.25,49.5,48.25,49.5,1904700
1999-12-14,48.0,49.0,47.5,48.125,2203100
1999-12-15,46.875,48.4375,46.6875,48.0,2013100
1999-12-16,45.9375,46.9375,45.375,46.9375,2092100
1999-12-17,46.875,47.0625,45.625,46.0,2834800
1999-12-20,47.0625,47.8125,46.8125,47.0625,1769800
1999-12-21,46.6875,47.5,45.6875,46.6875,2469900
1999-12-22,46.6875,47.5,46.625,46.75,1449600
1999-12-23,46.9375,47.3125,46.6875,46.875,1410400
1999-12-27,46.625,47.6875,46.625,46.9375,1765100
1999-12-28,46.25,47.0,46.0625,46.875,1336600
1999-12-29,45.75,46.5625,45.6875,46.375,789100
1999-12-30,46.875,47.1875,45.5,45.5625,1234300
1999-12-31,47.0625,47.5625,46.5625,46.75,569300
2000-01-03,44.5,46.375,44.3125,46.375,2413500
2000-01-04,43.75,44.25,42.9375,43.5,3468400
2000-01-05,43.75,44.4375,42.4375,43.0,3289900
2000-01-06,45.875,46.5625,43.375,43.5625,3126700
2000-01-07,47.5,47.6875,46.3125,47.5,2410400
2000-01-10,46.3125,48.0,46.1875,48.0,1714500
2000-01-11,45.9375,46.9375,45.4375,45.5,1884600
2000-01-12,46.75,46.875,45.25,45.8125,1982600
2000-01-13,49.375,49.75,46.5,47.25,3082900
2000-01-14,50.4375,51.0,49.0625,49.75,3610700
2000-01-18,48.5,50.5,48.125,50.5,2034300
2000-01-19,47.0,48.375,47.0,48.125,2444500
2000-01-20,45.78125,47.0,45.1875,46.75,2334600
2000-01-21,45.25,46.0625,44.8125,45.0,3396300
2000-01-24,44.75,45.6875,44.5,45.6875,1607900
2000-01-25,44.375,45.25,44.125,44.625,1561100
2000-01-26,46.1875,47.375,44.75,45.375,3036000
2000-01-27,49.6875,49.75,47.25,47.625,2456900
2000-01-28,50.0,50.1875,48.0,48.75,3478200
2000-01-31,50.1875,50.25,48.75,49.0,2244400
2000-02-01,49.25,50.25,48.25,50.125,1894300
2000-02-02,48.75,50.25,47.9375,49.0,1708600
2000-02-03,50.125,50.25,49.0625,49.125,2024600
2000-02-04,49.125,51.0,48.375,51.0,1568100
2000-02-07,47.0625,49.0,46.75,49.0,2141900
2000-02-08,47.5,48.125,47.1875,47.1875,1838300
2000-02-09,45.5,46.5,45.375,45.75,1774200
2000-02-10,43.5625,45.8125,43.0625,45.75,2125300
2000-02-11,43.6875,44.9375,43.25,43.625,1830700
2000-02-14,42.875,44.5,42.5,44.5,1772000
2000-02-15,44.0,44.625,43.125,44.0,2982000
2000-02-16,43.1875,44.1875,42.75,43.5,2209300
2000-02-17,42.8125,44.0,42.25,43.375,2181500
2000-02-18,40.875,42.8125,40.25,42.5,2708500
2000-02-22,43.125,43.4375,40.9375,41.125,2738000
2000-02-23,42.1875,43.1875,41.625,42.625,1624100
2000-02-24,40.625,41.75,39.9375,41.75,2446900
2000-02-25,40.25,42.0,39.5,40.625,2733900
2000-02-28,41.875,42.0,40.5,40.5,2490700
2000-02-29,41.75,41.9375,41.1875,41.5,2755500
2000-03-01,41.4375,42.375,40.6875,41.0,3016000
2000-03-02,40.0625,40.4375,39.75,39.875,2268900
2000-03-03,41.3125,41.875,40.875,41.5,1817100
2000-03-06,40.0,41.0,39.8125,40.75,2334700
2000-03-07,37.6875,39.8125,37.3125,39.75,3282500
2000-03-08,39.125,39.75,37.5,37.75,3960400
2000-03-09,38.0,38.6875,37.0,38.625,2370700
2000-03-10,37.6875,38.125,37.5625,37.875,2819800
2000-03-13,38.875,39.0,36.875,36.875,2269500
2000-03-14,38.1875,40.0,38.0,39.125,2395700
2000-03-15,42.6875,43.0,38.4375,38.625,3967100
2000-03-16,47.5,48.25,43.875,44.0,7488100
2000-03-17,48.5,50.0,46.5,47.75,4165800
2000-03-20,45.625,47.6875,44.875,47.625,2662200
2000-03-21,47.25,48.125,45.0,45.375,3000200
2000-03-22,46.4375,47.375,45.625,47.3125,2875100
2000-03-23,47.0,47.125,42.75,44.0,6730100
2000-03-24,47.125,48.75,46.5,46.5,4434500
2000-03-27,46.1875,47.0,45.5625,47.0,3381500
2000-03-28,45.5,46.875,45.25,46.0,2016000
2000-03-29,45.25,46.1875,45.1875,45.625,3219700
2000-03-30,43.4375,45.25,42.6875,45.0,3983800
2000-03-31,44.1875,44.625,43.125,43.4375,2695400
2000-04-03,46.5,46.5,44.1875,44.1875,3654700
2000-04-04,45.5625,47.5,45.0,46.75,4254200
2000-04-05,46.0,47.25,45.1875,45.25,2369000
2000-04-06,48.0,48.0,46.25,46.25,2608700
2000-04-07,47.0,47.5625,46.625,47.125,3172300
2000-04-10,46.4375,48.0,46.125,46.625,1954000
2000-04-11,47.0,47.9375,46.1875,46.25,1876100
2000-04-12,51.0,51.625,48.5,48.5,5377900
2000-04-13,50.25,51.0,49.1875,51.0,2514600
2000-04-14,47.1875,49.0625,46.5,49.0,2921300
2000-04-17,47.0625,49.375,46.375,47.375,3013600
2000-04-18,48.0,49.1875,47.0,47.25,1919800
2000-04-19,47.25,48.0,46.25,48.0,2625800
2000-04-20,47.5625,47.9375,47.1875,47.4375,2001800
2000-04-24,49.9375,49.9375,47.0,47.0,3281000
2000-04-25,50.9375,51.0625,50.4375,50.5,3063500
2000-04-26,50.0,50.6875,49.125,50.625,2031900
2000-04-27,48.3125,49.125,46.0,49.125,2542500
2000-04-28,45.9375,47.5,44.875,47.5,2307300
2000-05-01,45.125,46.5,45.0,46.5,2612800
2000-05-02,44.3125,45.1875,44.0625,45.1875,3387800
2000-05-03,43.75,44.625,43.625,44.125,2087000
2000-05-04,42.5,43.3125,41.8125,43.25,3855100
2000-05-05,42.5,43.1875,42.125,42.25,2053800
2000-05-08,43.125,44.5,42.125,42.125,2284800
2000-05-09,43.5,44.8125,43.0625,43.5,1875800
2000-05-10,43.6875,44.4375,43.375,43.75,1842400
2000-05-11,45.25,45.875,44.4375,44.4375,1627200
2000-05-12,44.71875,46.0625,44.125,44.125,2200400
2000-05-15,46.8125,46.8125,44.875,44.875,2635300
2000-05-16,46.75,47.25,45.75,46.9375,3097100
2000-05-17,46.625,46.875,46.0625,46.25,1637100
2000-05-18,47.1875,47.8125,46.375,46.375,1655300
2000-05-19,46.0625,46.5625,45.5,46.5,1964100
2000-05-22,45.75,46.5,45.1875,46.0625,2459500
2000-05-23,42.9375,44.25,41.625,43.75,5592000
2000-05-24,45.3125,45.75,43.75,43.75,4554500
2000-05-25,45.125,46.25,44.8125,45.375,4673500
2000-05-26,44.5,45.125,44.0,44.75,2319300
2000-05-30,44.9375,45.3125,44.625,44.625,2035200
2000-05-31,44.5,44.8125,44.0,44.5,1612000
2000-06-01,45.0,45.75,44.0625,44.5,2526000
2000-06-02,48.1875,48.1875,46.3125,46.375,2941100
2000-06-05,46.625,48.0,46.5,48.0,1770200
2000-06-06,45.25,45.8125,44.75,45.25,2068000
2000-06-07,45.6875,46.0625,44.625,44.625,1631400
2000-06-08,44.875,45.3125,44.5,45.25,1513900
2000-06-09,44.125,45.9375,43.8125,44.875,1264600
2000-06-12,43.9375,44.4375,43.25,43.25,1506700
2000-06-13,43.3125,43.625,42.875,43.25,3069100
2000-06-14,44.125,44.625,43.3125,43.3125,3138600
2000-06-15,43.125,44.3125,42.4375,44.1875,3660300
2000-06-16,41.3125,42.9375,41.0,42.625,2600800
2000-06-19,40.75,41.5625,40.125,40.125,3427000
2000-06-20,40.125,41.25,40.0,40.8125,3300200
2000-06-21,41.3125,41.625,40.6875,40.8125,3621700
2000-06-22,41.4375,41.5,40.0,41.125,3099100
2000-06-23,41.8125,42.25,41.0,41.0,3142200
2000-06-26,41.6875,42.0,41.1875,41.8125,1490700
2000-06-27,42.125,42.5625,41.6875,41.6875,2766000
2000-06-28,41.40625,42.9375,41.1875,42.0625,2186800
2000-06-29,40.9375,41.4375,40.4375,41.4375,2916800
2000-06-30,40.5,41.3125,39.75,40.5625,3396100
2000-07-03,41.0625,41.25,40.3125,40.4375,884300
2000-07-05,41.0625,42.25,40.6875,41.25,1548400
2000-07-06,42.6875,42.875,41.4375,41.5,1960900
2000-07-07,43.4375,44.25,42.9375,43.0,2517200
2000-07-10,42.9375,43.375,42.3125,43.25,1437000
2000-07-11,43.3125,43.6875,42.4375,42.4375,1627700
2000-07-12,41.8125,43.875,41.5625,43.6875,2163500
2000-07-13,41.75,41.9375,40.0,41.9375,5391800
2000-07-14,41.8125,42.3125,41.0625,41.625,2664600
2000-07-17,41.0,41.8125,40.75,41.8125,3124000
2000-07-18,40.375,41.0,40.125,41.0,2254100
2000-07-19,39.5,40.25,39.375,40.125,3506500
2000-07-20,41.3125,41.5,39.8125,39.8125,4000900
2000-07-21,40.8125,41.6875,40.625,41.6875,2772200
2000-07-24,42.1875,42.375,40.875,41.375,3151200
2000-07-25,42.375,42.625,42.125,42.25,2748700
2000-07-26,40.125,42.1875,39.8125,42.125,3870300
2000-07-27,40.5625,41.5,40.25,40.5,2042800
2000-07-28,39.9375,41.625,39.875,40.5,1740200
2000-07-31,39.4375,40.25,39.4375,40.0625,2181800
2000-08-01,39.75,39.75,38.375,39.0625,3454300
2000-08-02,38.9375,39.875,38.8125,39.5,2356700
2000-08-03,40.875,41.0,39.0,39.0,3077100
2000-08-04,42.4375,42.6875,40.625,40.625,3573700
2000-08-07,44.0,44.1875,43.1875,43.5,5119100
2000-08-08,44.3125,44.8125,43.9375,44.8125,2985700
2000-08-09,44.375,44.8125,43.5625,44.375,3187000
2000-08-10,43.625,44.375,43.4375,44.375,3171500
2000-08-11,44.75,44.9375,43.5,43.5625,2497700
2000-08-14,44.75,44.8125,43.8125,44.25,2059000
2000-08-15,44.3125,44.8125,43.875,44.8125,2017800
2000-08-16,44.0625,44.875,43.8125,44.75,2912000
2000-08-17,44.0625,44.4375,43.9375,44.1875,4716900
2000-08-18,44.5625,44.9375,44.5,44.875,4301900
2000-08-21,44.4375,44.8125,44.375,44.625,2057500
2000-08-22,44.375,44.625,44.0,44.5,2355200
2000-08-23,43.8125,44.3125,43.0,44.25,3813800
2000-08-24,41.875,43.625,41.625,43.3125,3372200
2000-08-25,41.5,42.1875,41.5,42.0,2555700
2000-08-28,42.4375,43.0,42.0,42.5,2223800
2000-08-29,41.5,42.5,40.75,42.5,2818200
2000-08-30,41.5625,42.25,41.1875,41.1875,2408700
2000-08-31,42.140625,42.25,41.6875,41.9375,2069700
2000-09-01,41.5625,42.3125,41.25,42.125,2814700
2000-09-05,41.0,41.9375,40.625,41.5625,2848600
2000-09-06,42.5,43.4375,41.875,41.875,4618600
2000-09-07,43.875,44.125,42.5625,42.625,4657400
2000-09-08,45.3125,45.75,43.8125,43.9375,6236300
2000-09-11,46.375,46.8125,45.4375,45.5,7027000
2000-09-12,48.75,49.125,46.375,47.0,7377100
2000-09-13,51.625,52.1875,51.0,51.75,8452000
2000-09-14,50.5625,51.1875,50.1875,51.1875,5341600
2000-09-15,49.5,51.0625,49.375,50.25,3507900
2000-09-18,48.1875,49.125,48.0625,49.0,3622100
2000-09-19,47.9375,49.25,47.4375,48.0,3797400
2000-09-20,48.1875,48.1875,46.875,47.5,2666400
2000-09-21,49.25,49.3125,46.25,47.875,5850600
2000-09-22,50.0,50.75,49.5,49.5,10083400
2000-09-25,50.75,51.125,50.125,50.25,2972300
2000-09-26,51.0,51.5625,50.1875,50.75,3509100
2000-09-27,51.6875,51.8125,50.25,50.8125,4054000
2000-09-28,54.125,54.4375,51.6875,51.75,4394000
2000-09-29,54.0625,55.125,53.8125,54.0,3990100
2000-10-02,55.0625,55.25,53.25,54.0,2732300
2000-10-03,53.8125,55.4375,53.625,55.0625,3625900
2000-10-04,52.25,54.5625,52.25,53.625,3296900
2000-10-05,53.6875,54.3125,52.375,52.375,2553800
2000-10-06,51.9375,53.6875,50.9375,53.4375,2610800
2000-10-09,52.4375,53.3125,50.6875,50.6875,2373700
2000-10-10,50.75,52.625,49.875,52.625,3128900
2000-10-11,52.25,52.25,50.8125,50.875,4149100
2000-10-12,51.875,52.375,49.5625,52.0,5500300
2000-10-13,52.5625,52.75,51.3125,51.5,2693100
2000-10-16,52.625,52.875,52.1875,52.5625,2075700
2000-10-17,51.5625,53.375,51.125,52.9375,2924400
2000-10-18,51.5,51.9375,50.125,50.375,4004400
2000-10-19,56.4375,56.5,54.5,54.875,8464300
2000-10-20,55.375,57.4375,55.0,56.3125,5097800
2000-10-23,54.0625,56.6875,53.4375,56.0,3996900
2000-10-24,55.9375,56.875,54.5625,54.625,3042300
2000-10-25,56.5625,58.125,55.4375,55.6875,3834700
2000-10-26,56.0625,58.0625,56.0,57.375,2853100
2000-10-27,59.4375,60.3125,57.0625,57.25,6513300
2000-10-30,60.5,60.875,59.75,59.75,4880700
2000-10-31,60.0,61.0,59.0625,60.5625,5121000
2000-11-01,60.5625,61.875,60.1875,60.875,3940300
2000-11-02,57.375,60.5,56.625,60.5,6496800
2000-11-03,56.5,58.5625,55.8125,57.75,3507900
2000-11-06,57.625,58.0625,56.0,56.5625,3307700
2000-11-07,56.125,58.625,55.625,58.0,3022100
2000-11-08,56.25,56.625,55.0,55.8125,2385600
2000-11-09,58.375,59.0625,57.0,57.3125,3619900
2000-11-10,58.1875,59.4375,57.625,58.625,2148900
2000-11-13,57.875,59.75,56.6875,58.0,3286300
2000-11-14,58.6875,58.875,58.0625,58.6875,3794100
2000-11-15,59.375,59.75,58.5625,58.75,2346000
2000-11-16,59.4375,59.9375,57.875,58.375,1898100
2000-11-17,59.0,60.375,59.0,59.9375,3449800
2000-11-20,58.875,60.0,58.75,59.0625,2700600
2000-11-21,58.125,58.75,57.0,58.75,2401500
2000-11-22,59.0,60.125,58.4375,58.625,3666300
2000-11-24,57.875,58.875,57.125,58.875,975600
2000-11-27,59.0,59.0,57.875,58.375,2057800
2000-11-28,59.9375,60.25,58.5625,58.875,3366300
2000-11-29,59.5,61.0,59.125,59.6875,4928200
2000-11-30,60.4375,60.6875,59.6875,59.75,3708900
2000-12-01,59.75,60.625,59.3125,60.625,2897800
2000-12-04,60.3125,60.75,59.0,59.8125,1862500
2000-12-05,63.6875,63.9375,59.8125,59.8125,4910900
2000-12-06,62.0625,64.3125,61.5,63.8125,5564200
2000-12-07,62.4375,63.9375,62.25,62.375,2871600
2000-12-08,63.6875,64.0,62.375,62.875,3034600
2000-12-11,64.1875,65.5625,63.75,63.75,2219900
2000-12-12,64.25,64.6875,62.75,64.1875,2340400
2000-12-13,65.0,65.375,64.3125,64.625,3629000
2000-12-14,65.0625,65.4375,63.5,64.875,3131100
2000-12-15,66.375,66.75,64.125,64.125,4667900
2000-12-18,68.1875,70.125,66.875,66.875,5023500
2000-12-19,65.125,67.75,64.375,67.5,4918300
2000-12-20,65.375,66.625,64.75,66.0,5123400
2000-12-21,66.4375,66.6875,65.6875,65.875,3097000
2000-12-22,64.4375,66.375,62.625,66.375,4571900
2000-12-26,66.6875,67.375,64.4375,64.4375,3459400
2000-12-27,67.0,67.25,66.625,66.8125,3133300
2000-12-28,69.0,69.3125,67.0625,67.25,2929900
2000-12-29,68.875,70.125,68.8125,69.5,1749000
2001-01-02,66.3125,69.5,65.75,68.875,4308000
2001-01-03,62.75,68.125,62.1875,65.75,8304800
2001-01-04,60.0,63.6875,58.75,62.625,11836600
2001-01-05,62.0625,64.25,61.5625,61.625,7296100
2001-01-08,64.0,64.75,62.75,62.875,4731600
2001-01-09,62.0625,64.8125,61.875,64.5,3989300
2001-01-10,63.4375,64.125,62.5625,62.5625,4652900
2001-01-11,62.25,64.625,61.625,63.875,6782700
2001-01-12,62.4375,63.75,62.125,62.875,3586900
2001-01-16,63.4375,63.875,62.25,62.25,2522700
2001-01-17,63.875,65.0,63.6875,64.75,4539100
2001-01-18,62.25,64.6875,62.25,63.875,4200600
2001-01-19,62.8125,63.1875,60.8125,62.3125,6840600
2001-01-22,62.75,63.375,62.25,62.75,4386800
2001-01-23,62.5625,63.4375,61.3125,62.0625,3980200
2001-01-24,60.625,62.625,59.6875,62.375,8559000
2001-01-25,62.6875,62.8125,61.0625,61.5,4536700
2001-01-26,62.0,62.875,61.5,61.5,2515500
2001-01-29,60.04999923706055,61.36000061035156,59.630001068115234,61.0,5682800
2001-01-30,60.52000045776367,60.75,59.5,59.75,6289900
2001-01-31,61.0,62.79999923706055,59.400001525878906,60.52000045776367,6060200
2001-02-01,62.59999847412109,63.400001525878906,61.84999847412109,62.0,3484200
2001-02-02,62.34999847412109,63.18999862670898,62.150001525878906,62.84999847412109,3672900
2001-02-05,61.79999923706055,62.45000076293945,61.34999847412109,62.25,3136100
2001-02-06,62.119998931884766,62.20000076293945,61.52000045776367,61.900001525878906,4007800
2001-02-07,62.20000076293945,63.880001068115234,61.20000076293945,61.20000076293945,4067000
2001-02-08,64.68000030517578,65.30000305175781,64.05000305175781,65.30000305175781,4730200
2001-02-09,64.36000061035156,65.0999984741211,63.95000076293945,64.75,2943700
2001-02-12,65.68000030517578,66.62000274658203,64.4000015258789,64.4000015258789,3252400
2001-02-13,64.81999969482422,65.25,64.44000244140625,64.69999694824219,3030400
2001-02-14,66.52999877929688,66.69999694824219,65.0,65.0,4211000
2001-02-15,65.0999984741211,66.5,64.75,65.75,4108500
2001-02-16,67.62000274658203,67.69000244140625,65.5199966430664,65.55000305175781,4183500
2001-02-20,67.25,67.5199966430664,66.80999755859375,67.0,2454500
2001-02-21,67.30000305175781,67.73999786376953,66.44999694824219,67.0,2891700
2001-02-22,66.61000061035156,66.97000122070312,65.9000015258789,66.8499984741211,4236400
2001-02-23,65.87999725341797,67.0999984741211,64.87000274658203,66.25,3240400
2001-02-26,65.0,65.1500015258789,63.34000015258789,64.94999694824219,4505000
2001-02-27,65.0,65.19000244140625,63.79999923706055,63.79999923706055,4765900
2001-02-28,65.8499984741211,66.0,63.900001525878906,65.4000015258789,3756600
2001-03-01,67.68000030517578,67.75,65.86000061035156,65.86000061035156,4146700
2001-03-02,66.80000305175781,69.0999984741211,66.5999984741211,67.3499984741211,3470700
2001-03-05,67.06999969482422,67.30000305175781,65.30999755859375,66.1500015258789,3129700
2001-03-06,65.9000015258789,67.33999633789062,65.2300033569336,67.19999694824219,2804700
2001-03-07,67.19999694824219,67.19999694824219,65.4000015258789,66.3499984741211,2366200
2001-03-08,67.1500015258789,67.43000030517578,66.5,67.05000305175781,2662100
2001-03-09,66.44999694824219,66.69999694824219,65.3499984741211,66.3499984741211,2471900
2001-03-12,63.20000076293945,65.3499984741211,63.040000915527344,64.0,3596500
2001-03-13,62.59999847412109,64.1500015258789,60.0,63.59999847412109,4146300
2001-03-14,61.33000183105469,63.29999923706055,60.75,61.0,5217400
2001-03-15,61.08000183105469,61.34000015258789,60.0,61.33000183105469,3709200
2001-03-16,62.04999923706055,62.880001068115234,60.790000915527344,60.79999923706055,4573700
2001-03-19,62.369998931884766,62.75,61.31999969482422,62.400001525878906,2179800
2001-03-20,62.45000076293945,64.0999984741211,61.650001525878906,62.70000076293945,2916200
2001-03-21,61.560001373291016,62.95000076293945,61.52000045776367,62.45000076293945,3269500
2001-03-22,61.5,62.84999847412109,60.880001068115234,61.5,5869200
2001-03-23,61.5,61.900001525878906,60.18999862670898,60.29999923706055,3670500
2001-03-26,60.0,61.5,59.400001525878906,61.20000076293945,3372500
2001-03-27,61.150001525878906,61.70000076293945,60.150001525878906,60.75,4434100
2001-03-28,63.09999847412109,63.7599983215332,61.59999847412109,61.79999923706055,4621300
2001-03-29,64.05999755859375,64.43000030517578,62.75,63.09999847412109,3061500
2001-03-30,64.83000183105469,64.83000183105469,63.900001525878906,64.05999755859375,2991800
2001-04-02,66.29000091552734,66.44999694824219,64.01000213623047,64.5,3552600
2001-04-03,65.18000030517578,66.76000213623047,64.83999633789062,66.25,3451500
2001-04-04,62.75,63.29999923706055,61.36000061035156,63.25,5432900
2001-04-05,62.209999084472656,62.619998931884766,60.34999847412109,62.25,5806400
2001-04-06,62.22999954223633,63.34999847412109,61.95000076293945,62.34999847412109,3295400
2001-04-09,63.15999984741211,63.650001525878906,62.34999847412109,62.45000076293945,2222700
2001-04-10,61.47999954223633,62.630001068115234,61.25,62.5,4287900
2001-04-11,60.380001068115234,60.7599983215332,59.52999877929688,60.75,4150700
2001-04-12,60.150001525878906,61.25,59.560001373291016,60.470001220703125,2717600
2001-04-16,60.84999847412109,61.95000076293945,60.0,61.0,2606400
2001-04-17,63.33000183105469,63.33000183105469,61.400001525878906,61.45000076293945,3354800
2001-04-18,64.0,64.0,62.04999923706055,62.5,4909600
2001-04-19,64.33000183105469,64.93000030517578,64.0,64.0999984741211,2318500
2001-04-20,63.52999877929688,64.69999694824219,63.0,64.52999877929688,3315000
2001-04-23,62.79999923706055,63.70000076293945,61.400001525878906,63.5,3159700
2001-04-24,63.150001525878906,64.41999816894531,63.0,63.900001525878906,2444500
2001-04-25,64.38999938964844,64.75,63.650001525878906,63.900001525878906,2107400
2001-04-26,64.75,66.0,64.58999633789062,64.75,1912000
2001-04-27,65.19000244140625,65.26000213623047,63.5,64.30000305175781,2457600
2001-04-30,65.80000305175781,66.5,65.1500015258789,65.5,3542900
2001-05-01,65.5999984741211,66.25,64.94000244140625,65.94999694824219,2580900
2001-05-02,65.0,65.5,64.41000366210938,65.5,2529400
2001-05-03,64.25,65.0,63.5,65.0,2342200
2001-05-04,65.0,65.36000061035156,64.44999694824219,64.55000305175781,2599300
2001-05-07,64.9000015258789,65.5999984741211,64.3499984741211,65.25,2231300
2001-05-08,65.52999877929688,65.9000015258789,64.4000015258789,65.30000305175781,2275100
2001-05-09,64.62999725341797,65.68000030517578,64.19999694824219,65.27999877929688,2213000
2001-05-10,64.1500015258789,64.93000030517578,63.400001525878906,64.75,2286400
2001-05-11,62.0,64.8499984741211,61.90999984741211,64.5999984741211,3821300
2001-05-14,63.380001068115234,63.38999938964844,62.09999847412109,62.09999847412109,2524800
2001-05-15,63.34999847412109,63.77999877929688,62.68000030517578,63.29999923706055,2638700
2001-05-16,63.7599983215332,63.95000076293945,62.70000076293945,63.36000061035156,2750400
2001-05-17,62.58000183105469,63.130001068115234,61.27999877929688,63.09999847412109,4672300
2001-05-18,61.150001525878906,63.0099983215332,60.54999923706055,63.0,4611700
2001-05-21,61.5,62.29999923706055,61.29999923706055,62.18000030517578,4395900
2001-05-22,62.43000030517578,62.43000030517578,61.45000076293945,61.45000076293945,3700300
2001-05-23,65.18000030517578,65.55000305175781,62.79999923706055,62.79999923706055,5242100
2001-05-24,64.69999694824219,66.6500015258789,64.5999984741211,66.0,4213500
2001-05-25,64.16000366210938,65.05000305175781,64.16000366210938,65.0,2017100
2001-05-29,65.08000183105469,65.7300033569336,64.5,64.5,1485600
2001-05-30,65.5999984741211,66.4000015258789,65.29000091552734,65.4000015258789,2527400
2001-05-31,66.19999694824219,66.37000274658203,65.19000244140625,66.0999984741211,2466700
2001-06-01,66.7699966430664,66.77999877929688,65.26000213623047,66.1500015258789,2672600
2001-06-04,67.05000305175781,67.05000305175781,65.94999694824219,66.5999984741211,1542300
2001-06-05,67.22000122070312,67.26000213623047,66.38999938964844,66.75,1550400
2001-06-06,67.37999725341797,67.70999908447266,66.87999725341797,67.0999984741211,2448700
2001-06-07,67.8499984741211,68.30000305175781,67.5,67.75,2479400
2001-06-08,67.94999694824219,68.25,67.55000305175781,67.93000030517578,1309400
2001-06-11,68.05999755859375,68.88999938964844,67.95999908447266,68.75,1668100
2001-06-12,68.4800033569336,68.69999694824219,67.4000015258789,67.8499984741211,1603900
2001-06-13,66.94999694824219,68.55000305175781,66.75,68.37999725341797,2187900
2001-06-14,66.47000122070312,67.16000366210938,65.4000015258789,66.0,3037100
2001-06-15,64.94999694824219,65.9000015258789,64.80000305175781,65.5,3873800
2001-06-18,65.37000274658203,65.9000015258789,64.9000015258789,65.4000015258789,1862500
2001-06-19,65.83000183105469,66.5999984741211,65.0999984741211,65.5,2213900
2001-06-20,66.94999694824219,67.80000305175781,65.5999984741211,65.94999694824219,2616500
2001-06-21,69.69999694824219,69.69999694824219,67.25,67.44999694824219,3006400
2001-06-22,69.88999938964844,70.18000030517578,69.06999969482422,69.73999786376953,3243700
2001-06-25,68.69999694824219,70.3499984741211,68.69999694824219,70.05000305175781,3435700
2001-06-26,68.58999633789062,69.1500015258789,68.25,68.5,3283100
2001-06-27,67.9000015258789,69.19999694824219,67.9000015258789,68.80000305175781,2273500
2001-06-28,68.72000122070312,69.25,67.94999694824219,68.30000305175781,2218200
2001-06-29,68.05000305175781,70.0,67.0,68.19999694824219,5298400
2001-07-02,67.5999984741211,68.9000015258789,67.5,68.9000015258789,3444200
2001-07-03,67.94999694824219,68.02999877929688,67.69999694824219,67.9000015258789,1592300
2001-07-05,68.30000305175781,68.9000015258789,68.0999984741211,68.0999984741211,1959900
2001-07-06,67.5,68.9000015258789,67.4000015258789,68.5999984741211,1876900
2001-07-09,67.5,67.98999786376953,66.97000122070312,67.6500015258789,3137400
2001-07-10,66.55000305175781,67.63999938964844,66.0999984741211,67.25,2900300
2001-07-11,66.76000213623047,66.88999938964844,65.95999908447266,66.0199966430664,2913900
2001-07-12,68.5,68.55000305175781,66.6500015258789,66.81999969482422,2893900
2001-07-13,68.0,69.19000244140625,67.5,67.8499984741211,2189300
2001-07-16,68.04000091552734,68.83000183105469,67.80999755859375,68.19999694824219,1935600
2001-07-17,67.44999694824219,68.5199966430664,67.25,68.0999984741211,2715500
2001-07-18,67.19999694824219,67.5,66.69999694824219,66.69999694824219,2961000
2001-07-19,67.30000305175781,67.79000091552734,66.3499984741211,67.25,3426800
2001-07-20,67.55999755859375,67.80000305175781,66.9000015258789,67.5,2846600
2001-07-23,67.52999877929688,68.0,67.19999694824219,67.55999755859375,2252800
2001-07-24,66.94000244140625,68.08999633789062,66.5999984741211,67.8499984741211,2554000
2001-07-25,67.05999755859375,67.22000122070312,66.05000305175781,67.1500015258789,2097600
2001-07-26,67.12999725341797,67.25,66.69999694824219,67.1500015258789,1894900
2001-07-27,67.83999633789062,67.8499984741211,66.55000305175781,67.12999725341797,2833800
2001-07-30,68.23999786376953,68.55000305175781,67.80000305175781,67.80000305175781,1505800
2001-07-31,68.44000244140625,68.9800033569336,68.0,68.5,2594900
2001-08-01,68.7300033569336,69.75,68.55000305175781,68.69999694824219,2312400
2001-08-02,68.44999694824219,68.68000030517578,67.6500015258789,68.5999984741211,2013500
2001-08-03,68.16000366210938,68.8499984741211,67.5,68.80000305175781,1700200
2001-08-06,67.5999984741211,68.6500015258789,67.30999755859375,68.3499984741211,1568100
2001-08-07,67.9800033569336,68.25,67.43000030517578,67.44999694824219,1183600
2001-08-08,68.20999908447266,68.33000183105469,67.5199966430664,67.9800033569336,1851600
2001-08-09,68.80000305175781,68.80000305175781,67.25,68.30000305175781,1782500
2001-08-10,68.75,68.87999725341797,68.08999633789062,68.44999694824219,1216700
2001-08-13,68.5199966430664,69.0199966430664,67.86000061035156,68.69999694824219,1676100
2001-08-14,69.56999969482422,70.4000015258789,69.19999694824219,69.30000305175781,2950900
2001-08-15,69.4800033569336,69.69999694824219,69.2300033569336,69.5,2759200
2001-08-16,69.19999694824219,69.9000015258789,69.01000213623047,69.5,1600700
2001-08-17,69.0,69.25,68.38999938964844,69.0,1774500
2001-08-20,68.75,69.08000183105469,68.58000183105469,68.8499984741211,2032100
2001-08-21,67.1500015258789,68.75,67.05000305175781,68.6500015258789,3174600
2001-08-22,66.5199966430664,67.44999694824219,65.73999786376953,67.33000183105469,3554900
2001-08-23,66.4000015258789,66.87000274658203,65.76000213623047,66.75,2511100
2001-08-24,64.88999938964844,66.4000015258789,63.91999816894531,66.4000015258789,4500400
2001-08-27,64.4000015258789,65.31999969482422,64.0999984741211,65.25,2667900
2001-08-28,62.79999923706055,64.61000061035156,62.68999862670898,64.30000305175781,4402600
2001-08-29,63.369998931884766,63.70000076293945,63.20000076293945,63.20000076293945,3593500
2001-08-30,63.33000183105469,64.2699966430664,63.25,64.05000305175781,3687600
2001-08-31,62.880001068115234,63.0,62.0099983215332,62.95000076293945,3498900
2001-09-04,63.59999847412109,64.30000305175781,61.900001525878906,62.79999923706055,3939100
2001-09-05,63.040000915527344,63.77999877929688,62.380001068115234,63.04999923706055,2459100
2001-09-06,61.97999954223633,63.7400016784668,61.79999923706055,63.09999847412109,2584000
2001-09-07,60.79999923706055,61.97999954223633,59.619998931884766,61.97999954223633,4453200
2001-09-10,61.06999969482422,61.970001220703125,60.09999847412109,60.150001525878906,3069300
2001-09-17,62.310001373291016,62.79999923706055,61.70000076293945,62.5,9199200
2001-09-18,64.69999694824219,65.6500015258789,62.79999923706055,63.5,8039100
2001-09-19,63.77000045776367,65.75,62.59999847412109,64.80000305175781,6235900
2001-09-20,61.5099983215332,62.79999923706055,61.400001525878906,62.5,4515800
2001-09-21,61.220001220703125,61.5099983215332,58.79999923706055,60.0,5329800
2001-09-24,61.47999954223633,62.900001525878906,61.25,61.59999847412109,3856000
2001-09-25,62.16999816894531,62.58000183105469,61.119998931884766,62.400001525878906,4040100
2001-09-26,63.13999938964844,63.59999847412109,62.20000076293945,63.16999816894531,3356700
2001-09-27,64.55999755859375,64.6500015258789,62.75,62.900001525878906,2432800
2001-09-28,65.0,65.44000244140625,63.58000183105469,65.30000305175781,4011100
2001-10-01,65.8499984741211,66.0999984741211,64.75,65.30000305175781,2705700
2001-10-02,67.6500015258789,67.77999877929688,65.4000015258789,65.80000305175781,4698300
2001-10-03,67.76000213623047,68.69999694824219,66.69999694824219,67.48999786376953,4306900
2001-10-04,67.7699966430664,68.41000366210938,67.44999694824219,67.75,3977400
2001-10-05,68.30000305175781,68.61000061035156,67.55000305175781,67.77999877929688,3200500
2001-10-08,68.36000061035156,68.5999984741211,67.77999877929688,68.30000305175781,2028200
2001-10-09,68.79000091552734,68.9000015258789,67.8499984741211,68.30000305175781,3178500
2001-10-10,66.75,68.26000213623047,66.75,68.25,3739500
2001-10-11,64.68000030517578,66.29000091552734,63.75,66.0999984741211,8980200
2001-10-12,64.0999984741211,64.5999984741211,63.20000076293945,64.19999694824219,3932500
2001-10-15,65.33999633789062,65.55000305175781,63.34999847412109,64.5,4799100
2001-10-16,67.08999633789062,67.41000366210938,65.4800033569336,65.8499984741211,3667100
2001-10-17,66.6500015258789,67.22000122070312,66.3499984741211,67.08999633789062,4164400
2001-10-18,66.87000274658203,67.27999877929688,66.41999816894531,66.6500015258789,2092300
2001-10-19,66.7699966430664,66.94999694824219,65.5,66.8499984741211,2104500
2001-10-22,66.4000015258789,67.0999984741211,66.19999694824219,66.5,3046500
2001-10-23,66.44999694824219,66.80999755859375,65.69999694824219,66.4000015258789,2397400
2001-10-24,66.01000213623047,66.44999694824219,65.69999694824219,66.44000244140625,3649200
2001-10-25,66.75,66.75,65.44999694824219,66.01000213623047,3179300
2001-10-26,67.41999816894531,67.75,66.19999694824219,66.5,2564000
2001-10-29,66.97000122070312,67.16999816894531,66.19999694824219,67.16999816894531,3644000
2001-10-30,66.4800033569336,66.9000015258789,65.72000122070312,66.9000015258789,2377900
2001-10-31,67.81999969482422,68.1500015258789,66.0199966430664,66.4800033569336,3156200
2001-11-01,69.70999908447266,70.0999984741211,67.87999725341797,67.87999725341797,4562100
2001-11-02,69.5199966430664,69.83000183105469,69.02999877929688,69.25,2181000
2001-11-05,70.08999633789062,70.51000213623047,69.80000305175781,69.80000305175781,3089800
2001-11-06,69.30000305175781,70.08999633789062,68.30000305175781,70.0,3732800
2001-11-07,70.79000091552734,71.25,69.47000122070312,69.5,3816100
2001-11-08,69.44999694824219,70.83000183105469,69.08999633789062,70.83000183105469,3195400
2001-11-09,68.41000366210938,70.58999633789062,68.0,69.5999984741211,2969700
2001-11-12,69.0,69.27999877929688,67.0,68.3499984741211,1638700
2001-11-13,70.04000091552734,70.13999938964844,69.48999786376953,69.75,3027800
2001-11-14,69.48999786376953,70.4800033569336,69.05000305175781,70.25,2501000
2001-11-15,68.51000213623047,70.13999938964844,68.08000183105469,69.7300033569336,3216000
2001-11-16,67.27999877929688,68.51000213623047,66.72000122070312,68.51000213623047,3222600
2001-11-19,67.47000122070312,67.47000122070312,66.44999694824219,67.27999877929688,3101800
2001-11-20,67.4800033569336,67.8499984741211,67.02999877929688,67.75,1898800
2001-11-21,66.8499984741211,67.58000183105469,66.31999969482422,67.44999694824219,1647000
2001-11-23,67.11000061035156,67.4000015258789,66.4000015258789,66.75,697300
2001-11-26,68.44999694824219,68.44999694824219,67.44999694824219,67.5,2103500
2001-11-27,67.87999725341797,68.55000305175781,67.16000366210938,68.25,2265400
2001-11-28,66.58000183105469,67.88999938964844,66.0,67.87999725341797,2359300
2001-11-29,66.33000183105469,67.36000061035156,66.0999984741211,66.5999984741211,2361000
2001-11-30,66.16999816894531,66.5,65.30000305175781,65.9000015258789,4720900
2001-12-03,65.77999877929688,65.93000030517578,65.12000274658203,65.9000015258789,2945200
2001-12-04,65.69999694824219,66.13999938964844,64.80000305175781,65.77999877929688,3302800
2001-12-05,65.44999694824219,65.87999725341797,64.91999816894531,65.19999694824219,4040700
2001-12-06,63.310001373291016,64.94999694824219,62.4900016784668,64.5,8049700
2001-12-07,64.25,64.93000030517578,63.20000076293945,63.5,4508100
2001-12-10,65.0,65.6500015258789,64.8499984741211,65.0999984741211,3566300
2001-12-11,65.19999694824219,66.33000183105469,65.1500015258789,66.19999694824219,3203600
2001-12-12,65.69999694824219,66.1500015258789,65.0,65.8499984741211,2925800
2001-12-13,64.37999725341797,65.86000061035156,64.0,65.44999694824219,3333900
2001-12-14,64.05000305175781,64.5,63.0,64.5,2757600
2001-12-17,63.900001525878906,65.13999938964844,63.77000045776367,64.30000305175781,3382600
2001-12-18,63.880001068115234,64.5999984741211,63.400001525878906,64.5999984741211,4211300
2001-12-19,64.8499984741211,64.9000015258789,63.95000076293945,64.19999694824219,3045900
2001-12-20,65.55999755859375,66.19999694824219,64.5999984741211,65.25,3081500
2001-12-21,65.6500015258789,66.0,64.9000015258789,65.8499984741211,3382000
2001-12-24,65.44999694824219,65.9000015258789,65.30000305175781,65.8499984741211,719300
2001-12-26,65.02999877929688,65.62999725341797,64.94000244140625,65.55000305175781,1669100
2001-12-27,65.58000183105469,65.62000274658203,64.72000122070312,64.80000305175781,1565800
2001-12-28,65.91999816894531,65.97000122070312,65.25,65.58000183105469,1839500
2001-12-31,65.4000015258789,65.91999816894531,65.1500015258789,65.75,1827200
2002-01-02,65.52999877929688,66.0,64.5,66.0,2621800
2002-01-03,65.76000213623047,65.80000305175781,65.08999633789062,65.52999877929688,2294500
2002-01-04,64.68000030517578,65.93000030517578,64.6500015258789,65.55000305175781,3455000
2002-01-07,63.0,65.3499984741211,62.59999847412109,64.69999694824219,6076100
2002-01-08,62.959999084472656,63.900001525878906,62.79999923706055,63.5,3884900
2002-01-09,64.30000305175781,64.36000061035156,63.22999954223633,63.45000076293945,3820800
2002-01-10,64.69000244140625,65.0999984741211,64.16999816894531,64.30000305175781,2900100
2002-01-11,64.69000244140625,65.30000305175781,64.44999694824219,65.30000305175781,2401300
2002-01-14,66.0,66.5,65.19999694824219,65.25,4796200
2002-01-15,68.5999984741211,68.75,66.3499984741211,66.3499984741211,4438500
2002-01-16,67.95999908447266,69.5,67.80999755859375,68.5999984741211,4076300
2002-01-17,67.36000061035156,68.2300033569336,67.3499984741211,68.0,2619400
2002-01-18,68.05999755859375,68.19999694824219,66.9800033569336,67.0,2492100
2002-01-22,68.58000183105469,69.19999694824219,67.9000015258789,69.1500015258789,2446700
2002-01-23,68.5199966430664,69.08000183105469,68.5199966430664,68.58999633789062,2654700
2002-01-24,67.5,68.79000091552734,67.3499984741211,68.75,3651200
2002-01-25,67.0999984741211,67.94999694824219,66.6500015258789,67.94999694824219,3476200
2002-01-28,67.20999908447266,67.44999694824219,66.30000305175781,67.25,3893200
2002-01-29,65.6500015258789,67.41999816894531,65.2699966430664,67.19999694824219,4024100
2002-01-30,67.75,68.05000305175781,65.1500015258789,65.9000015258789,4739600
2002-01-31,67.12000274658203,67.55000305175781,65.6500015258789,67.55000305175781,3735000
2002-02-01,67.16999816894531,67.5199966430664,66.31999969482422,67.05000305175781,2953500
2002-02-04,65.68000030517578,67.55000305175781,65.4000015258789,67.3499984741211,3029200
2002-02-05,65.19999694824219,65.30000305175781,63.0,63.0,5640400
2002-02-06,63.9900016784668,64.80000305175781,63.0,64.55000305175781,5379900
2002-02-07,63.59999847412109,64.44000244140625,62.75,63.70000076293945,6361000
2002-02-08,65.30999755859375,65.55999755859375,63.58000183105469,63.59999847412109,4512500
2002-02-11,66.0,66.19999694824219,64.87000274658203,65.30999755859375,2869000
2002-02-12,65.5,66.45999908447266,65.33999633789062,66.04000091552734,3169200
2002-02-13,65.19000244140625,65.69999694824219,64.18000030517578,65.69999694824219,4053200
2002-02-14,63.650001525878906,64.80000305175781,63.400001525878906,64.5999984741211,5543600
2002-02-15,63.61000061035156,64.36000061035156,63.45000076293945,64.18000030517578,4374700
2002-02-19,63.91999816894531,64.56999969482422,63.29999923706055,63.59999847412109,3347800
2002-02-20,63.150001525878906,63.47999954223633,61.29999923706055,62.790000915527344,8062700
2002-02-21,61.0,63.59999847412109,61.0,63.0,6089900
2002-02-22,62.04999923706055,62.34999847412109,60.709999084472656,61.04999923706055,4859800
2002-02-25,63.720001220703125,64.08000183105469,62.54999923706055,62.650001525878906,3862500
2002-02-26,62.70000076293945,64.5999984741211,62.59000015258789,63.869998931884766,3683000
2002-02-27,63.970001220703125,64.4000015258789,62.95000076293945,63.0,3410800
2002-02-28,63.7400016784668,64.30000305175781,63.25,63.29999923706055,3696300
2002-03-01,64.68000030517578,64.80000305175781,63.88999938964844,63.95000076293945,3346100
2002-03-04,64.4000015258789,65.80000305175781,64.2300033569336,65.0,4967700
2002-03-05,64.19000244140625,64.75,64.13999938964844,64.30000305175781,4332900
2002-03-06,65.0,65.97000122070312,64.25,64.30000305175781,3673500
2002-03-07,64.4000015258789,65.8499984741211,64.29000091552734,65.6500015258789,4259800
2002-03-08,63.65999984741211,64.69999694824219,63.470001220703125,64.55000305175781,4149100
2002-03-11,64.37000274658203,64.44999694824219,63.619998931884766,63.75,3981800
2002-03-12,64.83000183105469,65.44000244140625,64.33000183105469,64.4000015258789,3212500
2002-03-13,64.6500015258789,64.94000244140625,64.16999816894531,64.30000305175781,3369300
2002-03-14,64.55000305175781,64.87000274658203,64.1500015258789,64.6500015258789,2632900
2002-03-15,65.36000061035156,65.66999816894531,64.68000030517578,64.75,4277400
2002-03-18,64.94999694824219,65.87999725341797,64.75,65.69999694824219,2767700
2002-03-19,64.5999984741211,65.33000183105469,64.4800033569336,65.1500015258789,3075300
2002-03-20,63.400001525878906,64.22000122070312,63.400001525878906,63.79999923706055,4077500
2002-03-21,64.33000183105469,64.44999694824219,63.150001525878906,63.5,4222200
2002-03-22,63.75,64.08999633789062,63.560001373291016,63.900001525878906,2832900
2002-03-25,62.95000076293945,63.79999923706055,62.95000076293945,63.75,3120000
2002-03-26,63.31999969482422,63.68999862670898,62.79999923706055,62.95000076293945,2257400
2002-03-27,63.4900016784668,63.77000045776367,63.25,63.54999923706055,2659500
2002-03-28,63.369998931884766,63.650001525878906,63.04999923706055,63.650001525878906,3323500
2002-04-01,63.70000076293945,63.84999847412109,63.400001525878906,63.41999816894531,3183800
2002-04-02,64.80999755859375,65.1500015258789,64.1500015258789,64.1500015258789,3584400
2002-04-03,65.12999725341797,65.36000061035156,64.5999984741211,65.0999984741211,3686400
2002-04-04,66.5,66.80000305175781,65.6500015258789,65.75,4025500
2002-04-05,66.9000015258789,67.44999694824219,66.72000122070312,67.0,2540400
2002-04-08,67.51000213623047,68.5,67.05000305175781,67.0999984741211,4826300
2002-04-09,67.30000305175781,68.05999755859375,67.26000213623047,67.5199966430664,2564500
2002-04-10,67.66000366210938,67.80000305175781,66.81999969482422,67.30999755859375,3003900
2002-04-11,66.0999984741211,67.55000305175781,66.0999984741211,67.41000366210938,2402700
2002-04-12,66.87999725341797,67.43000030517578,66.30000305175781,66.30000305175781,2653700
2002-04-15,66.44000244140625,66.88999938964844,65.8499984741211,66.87999725341797,2271600
2002-04-16,67.30999755859375,67.38999938964844,66.25,66.5999984741211,2348800
2002-04-17,66.33000183105469,67.43000030517578,66.19999694824219,67.30999755859375,2307400
2002-04-18,66.0199966430664,66.8499984741211,65.47000122070312,66.5,1981800
2002-04-19,65.3499984741211,66.0999984741211,65.1500015258789,66.0199966430664,2771200
2002-04-22,65.8499984741211,66.19999694824219,65.4000015258789,65.5999984741211,2491200
2002-04-23,65.7699966430664,66.23999786376953,63.97999954223633,63.97999954223633,4020300
2002-04-24,66.02999877929688,66.6500015258789,65.43000030517578,66.0,2570100
2002-04-25,65.58000183105469,66.12000274658203,65.5199966430664,65.80000305175781,2977600
2002-04-26,65.19999694824219,65.58999633789062,64.69999694824219,65.58999633789062,2806100
2002-04-29,64.9800033569336,65.27999877929688,64.66000366210938,64.8499984741211,3152200
2002-04-30,65.3499984741211,65.37999725341797,64.80000305175781,64.9800033569336,2518500
2002-05-01,65.44999694824219,65.7699966430664,64.95999908447266,65.7300033569336,1940600
2002-05-02,65.75,65.75,65.19999694824219,65.44999694824219,2605800
2002-05-03,67.06999969482422,67.19999694824219,65.9000015258789,65.94999694824219,3355600
2002-05-06,67.0999984741211,67.80000305175781,66.95999908447266,67.25,3169500
2002-05-07,67.61000061035156,68.0,66.9000015258789,67.11000061035156,2943000
2002-05-08,66.5,67.69999694824219,66.4000015258789,67.5999984741211,2876500
2002-05-09,66.25,66.91000366210938,66.05000305175781,66.12999725341797,1928200
2002-05-10,65.33999633789062,66.25,65.30000305175781,66.25,2238800
2002-05-13,66.81999969482422,66.98999786376953,65.26000213623047,65.5,1961600
2002-05-14,67.55000305175781,67.69999694824219,66.36000061035156,66.83000183105469,2680400
2002-05-15,67.18000030517578,67.73999786376953,67.0,67.0,2361900
2002-05-16,67.44999694824219,67.97000122070312,67.18000030517578,67.3499984741211,1597900
2002-05-17,67.44999694824219,67.69999694824219,66.81999969482422,67.1500015258789,1726700
2002-05-20,66.41999816894531,67.30000305175781,66.4000015258789,67.30000305175781,1365900
2002-05-21,64.9800033569336,66.04000091552734,64.94999694824219,65.80000305175781,3467500
2002-05-22,65.91999816894531,65.94999694824219,64.75,64.75,3032300
2002-05-23,64.44999694824219,65.8499984741211,64.1500015258789,65.75,3849000
2002-05-24,64.88999938964844,65.30000305175781,64.55999755859375,64.69999694824219,1713500
2002-05-28,64.4800033569336,65.2300033569336,63.959999084472656,65.13999938964844,2697600
2002-05-29,65.0,65.5,64.80000305175781,64.9000015258789,1997400
2002-05-30,65.1500015258789,65.20999908447266,64.0999984741211,64.4000015258789,2268200
2002-05-31,65.55000305175781,65.94000244140625,65.12000274658203,65.30000305175781,3026800
2002-06-03,64.55000305175781,65.63999938964844,64.55000305175781,65.55000305175781,2243900
2002-06-04,63.79999923706055,64.3499984741211,63.220001220703125,63.84999847412109,3397600
2002-06-05,64.5,64.55000305175781,64.0,64.05000305175781,2284300
2002-06-06,63.83000183105469,64.5,63.63999938964844,64.5,2130600
2002-06-07,63.880001068115234,64.95999908447266,63.59999847412109,63.83000183105469,3406400
2002-06-10,64.7699966430664,65.3499984741211,64.0999984741211,64.0999984741211,2115300
2002-06-11,63.45000076293945,65.0,63.380001068115234,65.0,2586900
2002-06-12,64.12999725341797,64.13999938964844,62.97999954223633,63.20000076293945,3920700
2002-06-13,62.38999938964844,63.81999969482422,62.34000015258789,63.79999923706055,3003000
2002-06-14,62.68000030517578,63.150001525878906,62.29999923706055,62.38999938964844,4164400
2002-06-17,64.68000030517578,64.8499984741211,62.93000030517578,63.25,2162600
2002-06-18,65.97000122070312,66.5,64.41999816894531,64.80000305175781,2846100
2002-06-19,65.20999908447266,65.5999984741211,65.1500015258789,65.55000305175781,2888700
2002-06-20,63.41999816894531,64.94999694824219,63.150001525878906,64.94999694824219,2479100
2002-06-21,61.91999816894531,63.36000061035156,61.66999816894531,62.84999847412109,4408300
2002-06-24,62.08000183105469,62.790000915527344,60.75,61.91999816894531,4915000
2002-06-25,61.400001525878906,63.52999877929688,61.34999847412109,62.25,2978200
2002-06-26,60.41999816894531,61.400001525878906,59.79999923706055,61.400001525878906,4841600
2002-06-27,62.5,62.630001068115234,61.290000915527344,61.400001525878906,3963600
2002-06-28,61.20000076293945,62.72999954223633,61.20000076293945,62.5,4443600
2002-07-01,60.81999969482422,62.09999847412109,60.77999877929688,61.45000076293945,4853400
2002-07-02,60.20000076293945,61.400001525878906,60.20000076293945,61.06999969482422,4024800
2002-07-03,59.29999923706055,60.31999969482422,58.130001068115234,60.20000076293945,4677500
2002-07-05,60.900001525878906,60.93999862670898,59.88999938964844,60.09999847412109,1284800
2002-07-08,60.09999847412109,61.79999923706055,59.54999923706055,61.0,3596800
2002-07-09,57.470001220703125,60.400001525878906,57.31999969482422,60.27999877929688,4941100
2002-07-10,56.84999847412109,58.88999938964844,56.79999923706055,58.150001525878906,5668900
2002-07-11,58.20000076293945,58.45000076293945,55.61000061035156,56.75,5276700
2002-07-12,57.400001525878906,58.70000076293945,57.09999847412109,58.400001525878906,4344400
2002-07-15,58.84999847412109,59.02000045776367,57.20000076293945,57.5,5212400
2002-07-16,59.150001525878906,60.400001525878906,58.25,58.25,5210100
2002-07-17,59.20000076293945,60.0,58.5,60.0,4326400
2002-07-18,57.81999969482422,59.5,57.5,58.95000076293945,4665700
2002-07-19,56.119998931884766,57.70000076293945,55.9900016784668,56.900001525878906,3750300
2002-07-22,54.66999816894531,57.16999816894531,54.45000076293945,56.29999923706055,4889900
2002-07-23,55.40999984741211,56.04999923706055,54.0,55.16999816894531,6383900
2002-07-24,58.59000015258789,58.630001068115234,52.59999847412109,54.04999923706055,6769100
2002-07-25,57.68999862670898,59.400001525878906,55.380001068115234,58.59000015258789,5143300
2002-07-26,58.959999084472656,59.0,57.5,57.68999862670898,4096700
2002-07-29,60.27999877929688,60.650001525878906,59.150001525878906,59.900001525878906,3750500
2002-07-30,61.36000061035156,61.900001525878906,59.84000015258789,59.900001525878906,3297300
2002-07-31,61.95000076293945,61.95000076293945,59.79999923706055,61.0,4002300
2002-08-01,62.09999847412109,62.45000076293945,60.54999923706055,61.75,3410800
2002-08-02,60.5,61.79999923706055,59.540000915527344,61.75,4577100
2002-08-05,61.0099983215332,61.869998931884766,59.400001525878906,60.34999847412109,4938500
2002-08-06,59.70000076293945,60.84999847412109,58.29999923706055,59.27000045776367,5828700
2002-08-07,59.63999938964844,60.38999938964844,57.84999847412109,60.09999847412109,3944600
2002-08-08,61.20000076293945,61.54999923706055,58.59999847412109,59.34999847412109,3362300
2002-08-09,62.11000061035156,62.59999847412109,59.900001525878906,61.04999923706055,3057400
2002-08-12,61.5,62.060001373291016,61.0,61.650001525878906,2086600
2002-08-13,61.16999816894531,62.41999816894531,61.02000045776367,61.20000076293945,2978600
2002-08-14,63.880001068115234,63.88999938964844,60.900001525878906,61.16999816894531,4402300
2002-08-15,63.709999084472656,64.80000305175781,63.09999847412109,64.12999725341797,3383000
2002-08-16,64.0999984741211,65.12999725341797,63.15999984741211,63.41999816894531,2924100
2002-08-19,64.8499984741211,65.58999633789062,63.77999877929688,63.84999847412109,2713000
2002-08-20,63.880001068115234,64.80999755859375,63.5,64.80000305175781,2457500
2002-08-21,64.1500015258789,64.68000030517578,63.15999984741211,64.3499984741211,2643400
2002-08-22,63.209999084472656,64.27999877929688,62.720001220703125,64.1500015258789,3195000
2002-08-23,64.33999633789062,65.05000305175781,63.29999923706055,63.34999847412109,2710800
2002-08-26,64.1500015258789,64.5199966430664,63.59999847412109,64.5,2393200
2002-08-27,63.20000076293945,64.19999694824219,63.0,64.0,3364200
2002-08-28,63.84999847412109,64.08999633789062,63.04999923706055,63.04999923706055,2523100
2002-08-29,64.05999755859375,64.69999694824219,63.459999084472656,63.5,2712600
2002-08-30,64.0999984741211,64.81999969482422,63.970001220703125,64.0,2333500
2002-09-03,61.869998931884766,63.86000061035156,61.66999816894531,63.84999847412109,3734000
2002-09-04,63.20000076293945,63.400001525878906,61.5,62.119998931884766,2672400
2002-09-05,63.0,63.400001525878906,61.619998931884766,62.34999847412109,2574600
2002-09-06,63.33000183105469,63.97999954223633,62.91999816894531,63.45000076293945,1789700
2002-09-09,64.69999694824219,65.0,63.04999923706055,63.33000183105469,1997300
2002-09-10,62.81999969482422,64.11000061035156,62.650001525878906,64.0999984741211,2946400
2002-09-11,63.72999954223633,64.1500015258789,63.650001525878906,64.0,2540700
2002-09-12,62.130001068115234,63.459999084472656,61.900001525878906,63.45000076293945,3580500
2002-09-13,62.52999877929688,62.95000076293945,62.0,62.130001068115234,3188900
2002-09-16,61.27999877929688,62.08000183105469,59.720001220703125,62.0,4386800
2002-09-17,58.0,61.650001525878906,57.619998931884766,61.47999954223633,5514600
2002-09-18,60.810001373291016,61.25,57.59000015258789,58.25,9688400
2002-09-19,59.84999847412109,61.25,59.84999847412109,60.619998931884766,4486400
2002-09-20,58.54999923706055,60.54999923706055,58.400001525878906,60.150001525878906,5378000
2002-09-23,60.59999847412109,60.970001220703125,57.220001220703125,58.5,5451900
2002-09-24,58.04999923706055,61.09999847412109,57.459999084472656,60.0,4891800
2002-09-25,57.220001220703125,59.04999923706055,55.77000045776367,58.5,6687200
2002-09-26,58.400001525878906,58.400001525878906,56.650001525878906,57.5,4580800
2002-09-27,55.810001373291016,58.20000076293945,55.79999923706055,57.95000076293945,3898100
2002-09-30,55.900001525878906,56.5,54.25,55.81999969482422,6061200
2002-10-01,59.150001525878906,59.34999847412109,57.38999938964844,57.84999847412109,5304300
2002-10-02,59.0,60.4900016784668,58.45000076293945,59.150001525878906,4013000
2002-10-03,56.900001525878906,59.63999938964844,56.619998931884766,58.150001525878906,6069800
2002-10-04,55.5,57.75,54.95000076293945,56.86000061035156,3885600
2002-10-07,54.150001525878906,56.650001525878906,54.02000045776367,55.900001525878906,3788900
2002-10-08,55.959999084472656,57.119998931884766,54.290000915527344,54.290000915527344,4065500
2002-10-09,53.97999954223633,55.59999847412109,53.86000061035156,55.09999847412109,3512100
2002-10-10,56.47999954223633,56.47999954223633,53.84999847412109,54.5,4267900
2002-10-11,58.290000915527344,58.84000015258789,57.0,57.0,2383800
2002-10-14,59.0,59.66999816894531,57.900001525878906,58.290000915527344,2236900
2002-10-15,62.5,62.5099983215332,60.75,60.95000076293945,4030200
2002-10-16,62.11000061035156,62.34999847412109,61.34000015258789,62.20000076293945,3708300
2002-10-17,61.0,64.05000305175781,61.0,64.0,4356700
2002-10-18,63.40999984741211,63.45000076293945,60.09999847412109,60.150001525878906,3329100
2002-10-21,61.720001220703125,63.16999816894531,61.20000076293945,63.15999984741211,4213500
2002-10-22,62.709999084472656,63.060001373291016,61.54999923706055,61.720001220703125,4573500
2002-10-23,63.5,63.75,60.34999847412109,62.09999847412109,5214700
2002-10-24,61.27000045776367,64.44999694824219,61.04999923706055,63.95000076293945,4351000
2002-10-25,61.54999923706055,62.63999938964844,59.75,61.27000045776367,3443300
2002-10-28,61.43000030517578,62.79999923706055,61.18999862670898,62.70000076293945,2133400
2002-10-29,60.560001373291016,61.84999847412109,59.75,61.84999847412109,2594000
2002-10-30,62.0,62.34000015258789,61.0099983215332,61.59999847412109,3387100
2002-10-31,61.58000183105469,62.2400016784668,61.29999923706055,62.0,2869800
2002-11-01,62.02000045776367,62.25,60.900001525878906,62.25,2458000
2002-11-04,62.970001220703125,63.970001220703125,62.02999877929688,62.650001525878906,2960500
2002-11-05,63.400001525878906,63.70000076293945,62.65999984741211,63.54999923706055,2659000
2002-11-06,63.0,63.40999984741211,61.0,63.40999984741211,4829200
2002-11-07,60.09999847412109,62.650001525878906,59.7400016784668,62.29999923706055,4701300
2002-11-08,58.61000061035156,60.86000061035156,58.400001525878906,60.400001525878906,4367800
2002-11-11,58.5,58.75,57.66999816894531,58.75,2433000
2002-11-12,58.34999847412109,58.90999984741211,58.0,58.63999938964844,4570900
2002-11-13,57.95000076293945,59.2400016784668,57.59999847412109,58.59999847412109,3876400
2002-11-14,59.04999923706055,59.18000030517578,58.11000061035156,58.900001525878906,3073200
2002-11-15,58.18999862670898,58.84999847412109,57.25,58.25,4418300
2002-11-18,56.70000076293945,58.40999984741211,56.68999862670898,58.150001525878906,3821400
2002-11-19,57.18000030517578,57.7599983215332,56.52000045776367,56.650001525878906,3193500
2002-11-20,58.18000030517578,58.70000076293945,57.0,57.18000030517578,4247100
2002-11-21,59.68999862670898,59.880001068115234,58.380001068115234,58.45000076293945,3466600
2002-11-22,59.47999954223633,60.0,58.43999862670898,59.0,3738700
2002-11-25,58.27000045776367,59.619998931884766,58.20000076293945,59.29999923706055,2963100
2002-11-26,57.0,58.5,56.63999938964844,58.27000045776367,3988100
2002-11-27,58.5,58.810001373291016,57.0,57.25,2900400
2002-11-29,57.63999938964844,59.09999847412109,57.54999923706055,59.09999847412109,1472100
2002-12-02,58.31999969482422,59.060001373291016,58.290000915527344,58.54999923706055,2612500
2002-12-03,59.34999847412109,59.5,58.25,58.33000183105469,2691800
2002-12-04,57.95000076293945,59.27000045776367,57.91999816894531,58.95000076293945,4086800
2002-12-05,58.0,58.27000045776367,57.66999816894531,57.900001525878906,2323900
2002-12-06,58.38999938964844,58.97999954223633,57.369998931884766,57.59999847412109,3187800
2002-12-09,58.150001525878906,58.81999969482422,58.119998931884766,58.38999938964844,2219900
2002-12-10,58.91999816894531,58.95000076293945,57.63999938964844,58.400001525878906,2120100
2002-12-11,59.09999847412109,59.34000015258789,58.5,58.75,2198200
2002-12-12,58.75,59.400001525878906,58.5,59.20000076293945,1591100
2002-12-13,59.470001220703125,59.83000183105469,58.79999923706055,58.79999923706055,2323600
2002-12-16,60.369998931884766,60.54999923706055,59.47999954223633,59.47999954223633,3073000
2002-12-17,60.75,61.220001220703125,60.150001525878906,60.20000076293945,2473600
2002-12-18,60.25,61.150001525878906,60.09000015258789,60.84999847412109,2787500
2002-12-19,59.75,60.84999847412109,59.43999862670898,60.5,3653600
2002-12-20,59.84999847412109,60.70000076293945,59.41999816894531,60.45000076293945,3258700
2002-12-23,59.84999847412109,60.45000076293945,59.380001068115234,60.150001525878906,2208800
2002-12-24,60.02999877929688,60.18000030517578,59.68999862670898,59.84999847412109,918200
2002-12-26,59.84999847412109,60.70000076293945,59.58000183105469,60.060001373291016,1143700
2002-12-27,58.81999969482422,59.97999954223633,58.52000045776367,59.75,1353000
2002-12-30,59.0099983215332,59.25,58.470001220703125,59.06999969482422,2338300
2002-12-31,59.04999923706055,59.380001068115234,58.22999954223633,59.09999847412109,2164000
2003-01-02,61.150001525878906,61.25,59.38999938964844,59.79999923706055,2850600
2003-01-03,61.47999954223633,61.84999847412109,61.16999816894531,61.18999862670898,2095100
2003-01-06,62.70000076293945,63.11000061035156,61.40999984741211,61.47999954223633,2407200
2003-01-07,61.900001525878906,62.75,61.900001525878906,62.70000076293945,2393600
2003-01-08,62.900001525878906,63.5,61.75,61.90999984741211,3445900
2003-01-09,63.09999847412109,63.75,62.91999816894531,63.5,4099000
2003-01-10,63.20000076293945,63.70000076293945,62.5,63.09999847412109,3595500
2003-01-13,63.52000045776367,64.12000274658203,63.27000045776367,63.45000076293945,2963600
2003-01-14,64.7300033569336,64.75,63.060001373291016,63.52000045776367,4602600
2003-01-15,63.93000030517578,64.62000274658203,63.630001068115234,64.4800033569336,3195300
2003-01-16,63.81999969482422,64.4800033569336,63.619998931884766,63.75,3097100
2003-01-17,64.72000122070312,64.75,63.75,63.81999969482422,2100200
2003-01-21,63.900001525878906,64.77999877929688,63.869998931884766,64.72000122070312,2549400
2003-01-22,61.65999984741211,64.0,61.20000076293945,63.09999847412109,7992900
2003-01-23,60.880001068115234,62.119998931884766,60.84999847412109,61.79999923706055,5421300
2003-01-24,59.11000061035156,60.900001525878906,58.5,60.88999938964844,4391100
2003-01-27,56.59999847412109,58.720001220703125,56.29999923706055,57.25,5927900
2003-01-28,56.68000030517578,56.95000076293945,55.900001525878906,56.34999847412109,8056500
2003-01-29,57.470001220703125,57.58000183105469,56.04999923706055,56.04999923706055,4015200
2003-01-30,55.77000045776367,57.52999877929688,55.63999938964844,57.52999877929688,3260600
2003-01-31,55.97999954223633,56.45000076293945,55.290000915527344,55.70000076293945,5225200
2003-02-03,56.20000076293945,56.380001068115234,55.810001373291016,55.880001068115234,3681200
2003-02-04,56.04999923706055,56.20000076293945,54.93000030517578,56.20000076293945,3351900
2003-02-05,55.95000076293945,56.880001068115234,55.59000015258789,56.0,3793400
2003-02-06,54.650001525878906,56.25,54.650001525878906,55.959999084472656,2417700
2003-02-07,54.70000076293945,55.45000076293945,54.560001373291016,55.25,2430900
2003-02-10,55.13999938964844,55.150001525878906,54.59000015258789,54.95000076293945,4362000
2003-02-11,54.470001220703125,55.54999923706055,54.150001525878906,55.5,2663200
2003-02-12,54.400001525878906,54.869998931884766,54.25,54.47999954223633,2216600
2003-02-13,54.0,54.52000045776367,53.400001525878906,54.400001525878906,3582700
2003-02-14,55.18000030517578,55.18000030517578,53.900001525878906,54.04999923706055,3523000
2003-02-18,55.41999816894531,55.70000076293945,55.150001525878906,55.150001525878906,2438200
2003-02-19,55.45000076293945,55.54999923706055,55.08000183105469,55.41999816894531,1753000
2003-02-20,54.869998931884766,55.810001373291016,54.630001068115234,55.70000076293945,2091800
2003-02-21,54.63999938964844,55.25,54.0099983215332,54.75,3796700
2003-02-24,53.900001525878906,54.650001525878906,53.59999847412109,54.650001525878906,2691700
2003-02-25,54.33000183105469,54.52000045776367,53.43000030517578,53.70000076293945,2865900
2003-02-26,54.290000915527344,54.59999847412109,54.16999816894531,54.34999847412109,2618000
2003-02-27,54.59999847412109,55.33000183105469,54.27999877929688,54.29999923706055,2362700
2003-02-28,54.650001525878906,55.369998931884766,54.45000076293945,54.650001525878906,2678600
2003-03-03,55.02999877929688,55.68999862670898,54.86000061035156,55.09999847412109,2113100
2003-03-04,54.20000076293945,54.86000061035156,54.18999862670898,54.84999847412109,2770100
2003-03-05,54.04999923706055,54.25,53.88999938964844,54.25,5381300
2003-03-06,53.75,54.20000076293945,53.56999969482422,53.95000076293945,2790100
2003-03-07,54.0,54.34999847412109,53.209999084472656,53.25,2992000
2003-03-10,50.79999923706055,53.04999923706055,50.25,53.0,9806200
2003-03-11,51.27000045776367,52.04999923706055,49.52999877929688,51.0,5249500
2003-03-12,52.130001068115234,52.130001068115234,51.02000045776367,51.27000045776367,4404600
2003-03-13,53.400001525878906,53.43999862670898,51.84999847412109,52.5,3759100
2003-03-14,52.880001068115234,53.619998931884766,52.709999084472656,53.47999954223633,3314900
2003-03-17,53.31999969482422,53.45000076293945,52.27999877929688,52.400001525878906,6388400
2003-03-18,54.65999984741211,54.65999984741211,53.33000183105469,53.33000183105469,3494100
2003-03-19,55.41999816894531,55.5,54.470001220703125,54.650001525878906,2819700
2003-03-20,54.02000045776367,54.90999984741211,53.5,54.900001525878906,5384900
2003-03-21,55.61000061035156,55.630001068115234,54.34999847412109,54.5,2919900
2003-03-24,54.34999847412109,55.61000061035156,53.91999816894531,55.61000061035156,3136800
2003-03-25,53.380001068115234,54.04999923706055,53.060001373291016,53.84999847412109,6712900
2003-03-26,53.970001220703125,54.31999969482422,53.470001220703125,53.52999877929688,4832400
2003-03-27,54.54999923706055,54.54999923706055,53.79999923706055,53.900001525878906,3824100
2003-03-28,54.619998931884766,54.75,53.83000183105469,54.09999847412109,2542500
2003-03-31,53.09999847412109,54.400001525878906,53.09999847412109,54.150001525878906,4013400
2003-04-01,54.79999923706055,54.959999084472656,53.29999923706055,53.34999847412109,3141000
2003-04-02,54.77999877929688,55.56999969482422,54.630001068115234,55.5,2705900
2003-04-03,55.70000076293945,55.970001220703125,54.41999816894531,55.400001525878906,4135800
2003-04-04,55.400001525878906,56.54999923706055,55.209999084472656,56.25,2973900
2003-04-07,55.34000015258789,56.81999969482422,55.29999923706055,56.20000076293945,2505200
2003-04-08,55.619998931884766,56.36000061035156,55.40999984741211,55.5,1965700
2003-04-09,55.34000015258789,56.45000076293945,55.130001068115234,56.04999923706055,2200000
2003-04-10,55.09999847412109,55.59999847412109,54.66999816894531,55.54999923706055,3426800
2003-04-11,55.45000076293945,56.20000076293945,55.09999847412109,55.59999847412109,2774300
2003-04-14,56.2599983215332,56.45000076293945,55.18999862670898,56.04999923706055,4850400
2003-04-15,57.400001525878906,57.400001525878906,56.220001220703125,56.400001525878906,6941600
2003-04-16,56.54999923706055,58.0,56.29999923706055,58.0,2806700
2003-04-17,57.45000076293945,57.45000076293945,56.400001525878906,56.79999923706055,2495800
2003-04-21,56.83000183105469,57.59999847412109,56.70000076293945,57.5,2398400
2003-04-22,58.400001525878906,58.459999084472656,56.59000015258789,56.83000183105469,2828300
2003-04-23,59.70000076293945,60.59999847412109,58.56999969482422,58.75,4729100
2003-04-24,59.150001525878906,60.13999938964844,58.5,59.70000076293945,3604900
2003-04-25,58.09999847412109,59.150001525878906,57.95000076293945,59.150001525878906,2336900
2003-04-28,58.18000030517578,58.95000076293945,58.02000045776367,58.54999923706055,2880700
2003-04-29,57.75,58.79999923706055,57.40999984741211,58.79999923706055,3385200
2003-04-30,57.900001525878906,58.16999816894531,57.59000015258789,58.0,3892500
2003-05-01,57.470001220703125,57.7400016784668,56.34999847412109,57.70000076293945,2882900
2003-05-02,58.060001373291016,58.22999954223633,57.060001373291016,57.220001220703125,3043400
2003-05-05,58.66999816894531,58.7599983215332,58.22999954223633,58.54999923706055,1997600
2003-05-06,59.0,59.52000045776367,58.61000061035156,58.97999954223633,3089200
2003-05-07,58.959999084472656,59.209999084472656,58.0,59.0099983215332,3630100
2003-05-08,57.88999938964844,58.84999847412109,57.70000076293945,58.84999847412109,3265600
2003-05-09,58.900001525878906,58.900001525878906,58.0099983215332,58.59999847412109,2312600
2003-05-12,59.900001525878906,59.900001525878906,58.70000076293945,58.900001525878906,1930700
2003-05-13,60.20000076293945,60.52999877929688,59.880001068115234,59.900001525878906,2610600
2003-05-14,59.79999923706055,60.5099983215332,59.59000015258789,60.25,2588100
2003-05-15,59.97999954223633,60.20000076293945,59.45000076293945,59.70000076293945,2686600
2003-05-16,61.31999969482422,61.400001525878906,59.75,59.77999877929688,3283600
2003-05-19,60.86000061035156,61.33000183105469,60.400001525878906,61.33000183105469,3630300
2003-05-20,60.709999084472656,60.93000030517578,60.18000030517578,60.79999923706055,3449700
2003-05-21,60.04999923706055,60.5,59.79999923706055,60.5,4889600
2003-05-22,59.34999847412109,60.04999923706055,58.52000045776367,60.04999923706055,6888900
2003-05-23,57.900001525878906,58.95000076293945,57.7400016784668,58.93999862670898,5558200
2003-05-27,58.29999923706055,58.59999847412109,56.95000076293945,57.0,4882000
2003-05-28,59.22999954223633,60.13999938964844,58.18999862670898,58.29999923706055,3927400
2003-05-29,59.040000915527344,59.84999847412109,58.91999816894531,59.45000076293945,4065400
2003-05-30,59.810001373291016,59.959999084472656,59.11000061035156,59.150001525878906,4874400
2003-06-02,60.150001525878906,60.72999954223633,59.810001373291016,59.900001525878906,2363300
2003-06-03,60.84999847412109,60.97999954223633,59.77999877929688,59.810001373291016,3413600
2003-06-04,60.72999954223633,61.20000076293945,60.5,60.77999877929688,3340900
2003-06-05,60.34999847412109,60.83000183105469,60.220001220703125,60.54999923706055,2585200
2003-06-06,59.869998931884766,61.060001373291016,59.720001220703125,61.0,4522600
2003-06-09,50.2599983215332,55.34999847412109,48.20000076293945,50.29999923706055,61386800
2003-06-10,51.5,52.25,49.900001525878906,51.34999847412109,35341900
2003-06-11,50.29999923706055,51.20000076293945,49.900001525878906,50.75,31202500
2003-06-12,47.34999847412109,50.4900016784668,46.47999954223633,50.11000061035156,34473600
2003-06-13,50.470001220703125,51.25,47.77999877929688,47.79999923706055,21862500
2003-06-16,52.0,52.209999084472656,51.45000076293945,51.5,12933000
2003-06-17,51.77000045776367,52.84999847412109,51.04999923706055,52.5,10850300
2003-06-18,52.0,52.45000076293945,51.4900016784668,51.77000045776367,7865200
2003-06-19,51.34999847412109,52.43000030517578,51.2400016784668,52.04999923706055,5387000
2003-06-20,50.41999816894531,52.34999847412109,50.25,52.34999847412109,7008900
2003-06-23,49.77999877929688,50.52000045776367,49.150001525878906,50.41999816894531,8125600
2003-06-24,50.02999877929688,50.18999862670898,48.470001220703125,48.470001220703125,6259800
2003-06-25,50.83000183105469,52.43999862670898,50.75,51.400001525878906,12691500
2003-06-26,50.34000015258789,51.34999847412109,49.5,51.25,7215200
2003-06-27,50.0,50.34000015258789,49.79999923706055,50.09999847412109,5460500
2003-06-30,50.77000045776367,51.220001220703125,50.29999923706055,50.400001525878906,8872300
2003-07-01,51.9900016784668,52.0,51.04999923706055,51.45000076293945,8187200
2003-07-02,54.0,54.02000045776367,52.20000076293945,52.59999847412109,9921700
2003-07-03,53.5,54.0,53.16999816894531,54.0,2713000
2003-07-07,54.5,55.04999923706055,54.20000076293945,54.25,5509400
2003-07-08,55.060001373291016,55.09999847412109,53.86000061035156,54.5,4578800
2003-07-09,54.56999969482422,55.45000076293945,54.04999923706055,55.0,3553800
2003-07-10,53.68000030517578,54.56999969482422,53.34999847412109,54.56999969482422,3475900
2003-07-11,53.54999923706055,53.810001373291016,53.16999816894531,53.68000030517578,5318500
2003-07-14,54.0,54.27000045776367,53.900001525878906,53.97999954223633,4347300
2003-07-15,53.58000183105469,53.66999816894531,53.119998931884766,53.25,6757900
2003-07-16,53.29999923706055,53.66999816894531,52.63999938964844,53.61000061035156,4883500
2003-07-17,52.16999816894531,52.7599983215332,51.7599983215332,52.75,6046500
2003-07-18,51.93999862670898,52.470001220703125,51.59000015258789,52.470001220703125,6042600
2003-07-21,51.45000076293945,51.95000076293945,51.2400016784668,51.93999862670898,3483400
2003-07-22,51.09000015258789,51.5,50.25,51.310001373291016,5177900
2003-07-23,51.68999862670898,52.40999984741211,50.75,50.75,4225400
2003-07-24,50.33000183105469,51.900001525878906,50.18000030517578,51.79999923706055,5296000
2003-07-25,50.75,50.900001525878906,49.5,49.95000076293945,3639200
2003-07-28,50.61000061035156,51.02999877929688,49.0,50.75,4846700
2003-07-29,49.380001068115234,50.15999984741211,49.29999923706055,50.09999847412109,4411900
2003-07-30,49.150001525878906,49.54999923706055,48.63999938964844,49.5,6334000
2003-07-31,48.84999847412109,50.09999847412109,48.65999984741211,49.95000076293945,4980900
2003-08-01,48.09999847412109,49.09000015258789,47.34999847412109,48.29999923706055,6719500
2003-08-04,48.29999923706055,48.369998931884766,47.84999847412109,48.13999938964844,5506500
2003-08-05,48.75,49.20000076293945,48.31999969482422,48.34999847412109,4225700
2003-08-06,49.43999862670898,50.11000061035156,49.20000076293945,49.2599983215332,4087300
2003-08-07,49.400001525878906,49.59999847412109,48.70000076293945,49.15999984741211,3234200
2003-08-08,49.34999847412109,50.20000076293945,49.20000076293945,49.70000076293945,3123500
2003-08-11,49.83000183105469,49.869998931884766,49.150001525878906,49.34999847412109,2669900
2003-08-12,50.43000030517578,50.540000915527344,49.90999984741211,49.95000076293945,2756200
2003-08-13,50.20000076293945,50.59999847412109,49.95000076293945,50.5,2992100
2003-08-14,50.75,50.810001373291016,50.02000045776367,50.16999816894531,3028200
2003-08-15,50.66999816894531,50.95000076293945,50.54999923706055,50.75,1647200
2003-08-18,51.0,51.20000076293945,50.70000076293945,50.900001525878906,3375600
2003-08-19,50.709999084472656,51.45000076293945,50.29999923706055,51.45000076293945,3688800
2003-08-20,50.400001525878906,50.68999862670898,50.16999816894531,50.5,2342500
2003-08-21,50.77000045776367,51.220001220703125,50.470001220703125,50.5,3258000
2003-08-22,49.470001220703125,49.970001220703125,49.25,49.25,6688600
2003-08-25,51.65999984741211,52.400001525878906,48.900001525878906,49.09999847412109,8383100
2003-08-26,51.369998931884766,51.5099983215332,50.810001373291016,51.150001525878906,3834900
2003-08-27,51.869998931884766,51.900001525878906,50.70000076293945,50.900001525878906,3587900
2003-08-28,52.47999954223633,52.47999954223633,51.59999847412109,51.70000076293945,2516900
2003-08-29,53.150001525878906,53.150001525878906,52.209999084472656,52.400001525878906,2229000
2003-09-02,53.880001068115234,54.5,53.40999984741211,54.20000076293945,6640200
2003-09-03,55.709999084472656,55.810001373291016,53.79999923706055,54.20000076293945,5996800
2003-09-04,55.33000183105469,55.709999084472656,54.90999984741211,55.209999084472656,3622300
2003-09-05,54.63999938964844,55.33000183105469,54.52000045776367,55.33000183105469,2598100
2003-09-08,55.68000030517578,56.040000915527344,54.630001068115234,54.650001525878906,2851000
2003-09-09,55.43999862670898,55.900001525878906,55.04999923706055,55.68999862670898,3455200
2003-09-10,53.400001525878906,54.95000076293945,53.25,54.75,5205400
2003-09-11,54.119998931884766,54.650001525878906,53.2400016784668,53.2400016784668,3314100
2003-09-12,54.2400016784668,54.52000045776367,53.84999847412109,54.150001525878906,2255000
2003-09-15,54.29999923706055,54.93999862670898,54.09999847412109,54.25,2352100
2003-09-16,55.08000183105469,55.11000061035156,54.310001373291016,54.45000076293945,2475900
2003-09-17,54.52000045776367,54.84999847412109,54.470001220703125,54.70000076293945,1970700
2003-09-18,55.29999923706055,55.41999816894531,54.20000076293945,54.52000045776367,2954500
2003-09-19,54.959999084472656,55.33000183105469,54.84000015258789,55.20000076293945,2950900
2003-09-22,53.900001525878906,54.959999084472656,53.59999847412109,54.959999084472656,3288100
2003-09-23,54.54999923706055,54.75,53.77000045776367,53.79999923706055,3050900
2003-09-24,53.27999877929688,54.54999923706055,53.09999847412109,54.54999923706055,3560000
2003-09-25,53.220001220703125,53.79999923706055,52.08000183105469,53.0,5183300
2003-09-26,52.84000015258789,53.43000030517578,52.61000061035156,53.33000183105469,2835200
2003-09-29,52.650001525878906,53.09999847412109,52.040000915527344,53.0,2727400
2003-09-30,52.34999847412109,52.97999954223633,51.0,52.54999923706055,8996600
2003-10-01,53.709999084472656,53.84999847412109,52.650001525878906,53.400001525878906,3833100
2003-10-02,53.5,54.5,53.20000076293945,53.34999847412109,4598900
2003-10-03,54.150001525878906,54.45000076293945,53.869998931884766,54.0,2950000
2003-10-06,53.93999862670898,54.36000061035156,53.630001068115234,54.09999847412109,2925100
2003-10-07,55.25,55.34000015258789,53.84999847412109,54.18999862670898,4207400
2003-10-08,56.54999923706055,56.9900016784668,55.25,55.25,4484300
2003-10-09,57.0,57.470001220703125,55.900001525878906,56.54999923706055,4654000
2003-10-10,56.9900016784668,57.18999862670898,56.619998931884766,57.0,1863400
2003-10-13,58.119998931884766,58.18000030517578,57.09999847412109,57.09999847412109,2466300
2003-10-14,59.0,59.08000183105469,57.5,58.0,3629700
2003-10-15,59.06999969482422,59.15999984741211,58.15999984741211,59.0,3846000
2003-10-16,58.36000061035156,59.75,58.02000045776367,58.95000076293945,3202400
2003-10-17,58.58000183105469,58.900001525878906,58.31999969482422,58.400001525878906,2602800
2003-10-20,58.630001068115234,59.150001525878906,58.40999984741211,58.58000183105469,3032800
2003-10-21,58.52999877929688,58.90999984741211,58.29999923706055,58.59999847412109,2091200
2003-10-22,57.02999877929688,58.43999862670898,55.880001068115234,58.0,6899200
2003-10-23,57.5,57.68000030517578,56.79999923706055,57.02999877929688,2707400
2003-10-24,57.52999877929688,57.72999954223633,56.459999084472656,57.5,2173900
2003-10-27,57.20000076293945,57.59999847412109,56.970001220703125,57.52999877929688,1467500
2003-10-28,58.59000015258789,58.59000015258789,56.95000076293945,57.09999847412109,2333900
2003-10-29,57.29999923706055,58.59000015258789,56.209999084472656,58.59000015258789,5542400
2003-10-30,56.25,57.54999923706055,56.25,57.310001373291016,2459800
2003-10-31,56.130001068115234,57.0,56.130001068115234,56.5,2413200
2003-11-03,57.27000045776367,57.400001525878906,56.209999084472656,56.68000030517578,2178600
2003-11-04,56.25,57.34000015258789,56.18000030517578,57.27999877929688,2113700
2003-11-05,56.0,56.52999877929688,55.0,55.75,2144900
2003-11-06,55.09999847412109,55.58000183105469,54.59999847412109,55.20000076293945,3432100
2003-11-07,54.81999969482422,55.52999877929688,54.34999847412109,55.34999847412109,2668200
2003-11-10,55.29999923706055,55.470001220703125,54.45000076293945,54.459999084472656,27045800
2003-11-11,54.95000076293945,55.34999847412109,54.84999847412109,54.95000076293945,1732500
2003-11-12,55.369998931884766,55.650001525878906,54.36000061035156,55.09999847412109,2711100
2003-11-13,55.36000061035156,55.52999877929688,54.84999847412109,55.380001068115234,1794200
2003-11-14,54.70000076293945,55.41999816894531,54.66999816894531,55.36000061035156,1403200
2003-11-17,54.400001525878906,54.84999847412109,54.150001525878906,54.45000076293945,1739900
2003-11-18,53.27999877929688,54.59999847412109,53.25,54.400001525878906,2607000
2003-11-19,54.720001220703125,54.959999084472656,53.31999969482422,53.95000076293945,3045300
2003-11-20,55.63999938964844,56.16999816894531,54.09999847412109,54.09999847412109,5833200
2003-11-21,55.66999816894531,57.95000076293945,55.5,57.0,5917300
2003-11-24,54.65999984741211,56.0,54.47999954223633,55.86000061035156,4094400
2003-11-25,54.45000076293945,54.95000076293945,54.02000045776367,54.95000076293945,3505400
2003-11-26,54.34999847412109,54.72999954223633,53.86000061035156,54.34999847412109,2628700
2003-11-28,54.41999816894531,54.790000915527344,54.2400016784668,54.34000015258789,1282200
2003-12-01,54.65999984741211,54.95000076293945,54.54999923706055,54.70000076293945,2032400
2003-12-02,55.310001373291016,55.34999847412109,54.65999984741211,54.65999984741211,2637500
2003-12-03,55.27999877929688,55.459999084472656,54.90999984741211,55.0,2105500
2003-12-04,55.25,55.43999862670898,55.0,55.369998931884766,1963400
2003-12-05,55.34999847412109,55.43000030517578,54.97999954223633,55.209999084472656,1996500
2003-12-08,55.150001525878906,56.09999847412109,54.93999862670898,56.0,3149400
2003-12-09,54.0,55.15999984741211,53.84999847412109,55.15999984741211,3640800
2003-12-10,54.25,54.720001220703125,53.72999954223633,54.09999847412109,3008500
2003-12-11,54.790000915527344,55.02000045776367,53.900001525878906,54.2400016784668,2349000
2003-12-12,55.2400016784668,55.369998931884766,54.5,54.95000076293945,3127500
2003-12-15,55.060001373291016,55.720001220703125,54.86000061035156,55.34000015258789,2409900
2003-12-16,55.84000015258789,55.90999984741211,54.93000030517578,55.0,3264700
2003-12-17,55.2599983215332,56.0099983215332,55.16999816894531,55.880001068115234,2598600
2003-12-18,55.06999969482422,55.61000061035156,54.93000030517578,55.27999877929688,2836700
2003-12-19,55.540000915527344,55.66999816894531,55.0,55.150001525878906,3907400
2003-12-22,56.9900016784668,57.04999923706055,55.34999847412109,55.45000076293945,3929000
2003-12-23,56.7400016784668,57.220001220703125,56.43000030517578,56.79999923706055,3073300
2003-12-24,56.380001068115234,56.79999923706055,56.209999084472656,56.59999847412109,994300
2003-12-26,56.560001373291016,56.630001068115234,56.34000015258789,56.560001373291016,479300
2003-12-29,57.84000015258789,57.88999938964844,56.650001525878906,56.650001525878906,2779600
2003-12-30,58.06999969482422,58.09000015258789,57.47999954223633,57.84000015258789,1899300
2003-12-31,58.31999969482422,58.68000030517578,57.83000183105469,58.09000015258789,1998700
2004-01-02,58.47999954223633,59.7599983215332,58.33000183105469,58.56999969482422,4828000
2004-01-05,59.27000045776367,59.470001220703125,58.77000045776367,59.34999847412109,3067800
2004-01-06,59.66999816894531,59.86000061035156,59.09999847412109,59.27999877929688,3466900
2004-01-07,59.369998931884766,59.58000183105469,58.77000045776367,59.54999923706055,3177100
2004-01-08,59.470001220703125,59.52000045776367,58.63999938964844,59.5,2292100
2004-01-09,58.97999954223633,59.7400016784668,58.84999847412109,59.470001220703125,2798500
2004-01-12,58.880001068115234,59.18000030517578,57.7400016784668,58.959999084472656,2206400
2004-01-13,58.880001068115234,59.130001068115234,58.5099983215332,58.81999969482422,2416900
2004-01-14,59.470001220703125,59.52000045776367,58.7400016784668,58.84000015258789,1659200
2004-01-15,60.47999954223633,60.59999847412109,59.45000076293945,59.470001220703125,3622100
2004-01-16,61.09000015258789,61.290000915527344,60.29999923706055,60.400001525878906,3910100
2004-01-20,61.2400016784668,61.470001220703125,60.869998931884766,61.470001220703125,2121200
2004-01-21,63.209999084472656,63.29999923706055,61.18999862670898,61.34999847412109,3623600
2004-01-22,64.16000366210938,65.1500015258789,63.09999847412109,63.09999847412109,5803300
2004-01-23,63.79999923706055,64.51000213623047,63.34999847412109,64.37999725341797,3167000
2004-01-26,65.0,65.0,63.45000076293945,63.47999954223633,2363500
2004-01-27,64.58000183105469,65.02999877929688,64.3499984741211,64.80000305175781,2841000
2004-01-28,62.20000076293945,64.94000244140625,62.02000045776367,64.43000030517578,3074400
2004-01-29,61.81999969482422,62.47999954223633,61.0,61.900001525878906,4562800
2004-01-30,62.41999816894531,62.47999954223633,61.5,61.91999816894531,2206900
2004-02-02,63.0,63.5,62.2400016784668,62.66999816894531,2427200
2004-02-03,62.65999984741211,63.150001525878906,62.41999816894531,62.77999877929688,2213000
2004-02-04,62.16999816894531,62.619998931884766,62.04999923706055,62.369998931884766,1928100
2004-02-05,62.79999923706055,62.869998931884766,61.880001068115234,62.25,1658900
2004-02-06,63.08000183105469,63.470001220703125,62.400001525878906,62.59999847412109,1340100
2004-02-09,63.04999923706055,63.75,62.72999954223633,62.959999084472656,1468300
2004-02-10,62.59000015258789,62.90999984741211,62.34999847412109,62.79999923706055,1918400
2004-02-11,63.56999969482422,63.77000045776367,62.36000061035156,62.56999969482422,2768200
2004-02-12,63.709999084472656,63.84000015258789,63.06999969482422,63.619998931884766,2116200
2004-02-13,64.37000274658203,64.5199966430664,63.20000076293945,63.70000076293945,2235000
2004-02-17,64.69999694824219,65.08000183105469,64.1500015258789,64.43000030517578,1875400
2004-02-18,64.30999755859375,64.69999694824219,64.25,64.61000061035156,1648000
2004-02-19,64.16999816894531,64.55000305175781,64.0,64.4000015258789,1850600
2004-02-20,64.0999984741211,64.43000030517578,63.93999862670898,64.2699966430664,1513300
2004-02-23,63.93000030517578,64.5999984741211,63.59999847412109,64.3499984741211,2325600
2004-02-24,62.119998931884766,63.97999954223633,61.52999877929688,63.70000076293945,5576200
2004-02-25,62.68999862670898,62.900001525878906,61.34999847412109,62.130001068115234,4476600
2004-02-26,62.34000015258789,62.869998931884766,62.0,62.0,3600700
2004-02-27,61.91999816894531,62.720001220703125,61.650001525878906,61.709999084472656,2874600
2004-03-01,62.5,62.77999877929688,62.34999847412109,62.54999923706055,3561000
2004-03-02,61.70000076293945,62.52999877929688,61.54999923706055,62.4900016784668,2223500
2004-03-03,61.619998931884766,61.7599983215332,61.34000015258789,61.70000076293945,2721200
2004-03-04,61.72999954223633,61.880001068115234,61.45000076293945,61.65999984741211,1669600
2004-03-05,63.540000915527344,63.95000076293945,61.58000183105469,61.72999954223633,4920600
2004-03-08,63.58000183105469,64.19000244140625,63.02000045776367,63.02000045776367,2475000
2004-03-09,62.77000045776367,63.45000076293945,62.560001373291016,63.43000030517578,3146100
2004-03-10,62.0,63.060001373291016,61.91999816894531,62.45000076293945,2500300
2004-03-11,60.59999847412109,61.97999954223633,60.459999084472656,61.97999954223633,3876100
2004-03-12,60.970001220703125,61.47999954223633,60.52999877929688,60.84999847412109,2808800
2004-03-15,60.27999877929688,60.900001525878906,59.810001373291016,60.83000183105469,3318200
2004-03-16,60.400001525878906,60.84000015258789,59.90999984741211,60.56999969482422,2573500
2004-03-17,60.45000076293945,60.83000183105469,60.16999816894531,60.5,2978900
2004-03-18,59.84999847412109,60.40999984741211,59.20000076293945,60.29999923706055,3880100
2004-03-19,59.15999984741211,59.84999847412109,59.02000045776367,59.75,3639800
2004-03-22,59.97999954223633,60.18000030517578,59.11000061035156,59.33000183105469,2599100
2004-03-23,60.27000045776367,60.54999923706055,59.9900016784668,60.150001525878906,2392700
2004-03-24,59.20000076293945,60.27999877929688,58.7400016784668,60.27000045776367,2969500
2004-03-25,58.56999969482422,59.43000030517578,58.38999938964844,59.40999984741211,3673500
2004-03-26,58.220001220703125,59.02999877929688,57.900001525878906,58.709999084472656,3013600
2004-03-29,59.16999816894531,59.209999084472656,57.59999847412109,58.22999954223633,4103900
2004-03-30,59.630001068115234,59.88999938964844,59.119998931884766,59.220001220703125,1808900
2004-03-31,59.060001373291016,59.720001220703125,58.650001525878906,59.70000076293945,2705500
2004-04-01,59.84000015258789,60.25,58.77000045776367,59.29999923706055,3509500
2004-04-02,59.90999984741211,60.09999847412109,58.97999954223633,59.900001525878906,3185300
2004-04-05,60.15999984741211,60.18999862670898,59.369998931884766,59.90999984741211,3117300
2004-04-06,59.900001525878906,60.22999954223633,59.27000045776367,59.77999877929688,2624900
2004-04-07,59.5099983215332,60.130001068115234,59.209999084472656,60.130001068115234,2309000
2004-04-08,59.5,60.0,59.34000015258789,60.0,1663300
2004-04-12,59.18999862670898,60.0,58.84000015258789,59.720001220703125,3961000
2004-04-13,58.58000183105469,59.47999954223633,58.27999877929688,59.27000045776367,3242000
2004-04-14,59.060001373291016,59.08000183105469,58.02000045776367,58.43999862670898,3402400
2004-04-15,58.70000076293945,59.04999923706055,57.75,59.04999923706055,2795800
2004-04-16,59.22999954223633,59.7599983215332,58.619998931884766,58.79999923706055,3267400
2004-04-19,58.970001220703125,59.29999923706055,58.459999084472656,59.18999862670898,2502400
2004-04-20,57.79999923706055,59.15999984741211,57.79999923706055,59.09999847412109,2235300
2004-04-21,57.540000915527344,58.0,57.11000061035156,57.84999847412109,3177700
2004-04-22,58.68999862670898,59.34000015258789,57.400001525878906,57.560001373291016,2565500
2004-04-23,57.95000076293945,58.650001525878906,57.58000183105469,58.650001525878906,2702000
2004-04-26,57.45000076293945,58.18000030517578,57.34999847412109,57.95000076293945,2178600
2004-04-27,58.540000915527344,59.22999954223633,57.83000183105469,57.88999938964844,3522400
2004-04-28,57.77000045776367,58.54999923706055,57.52000045776367,58.54999923706055,3062400
2004-04-29,58.59999847412109,58.72999954223633,57.54999923706055,57.70000076293945,3536300
2004-04-30,58.400001525878906,59.02999877929688,58.29999923706055,58.77999877929688,2911200
2004-05-03,59.22999954223633,59.2400016784668,58.54999923706055,58.79999923706055,2630600
2004-05-04,59.09000015258789,59.70000076293945,58.7599983215332,59.209999084472656,2153700
2004-05-05,58.900001525878906,59.43000030517578,58.59000015258789,59.34999847412109,1899200
2004-05-06,58.369998931884766,58.81999969482422,58.119998931884766,58.650001525878906,2357300
2004-05-07,56.95000076293945,58.380001068115234,56.77000045776367,58.380001068115234,3509200
2004-05-10,56.93000030517578,57.380001068115234,56.45000076293945,56.470001220703125,3122400
2004-05-11,57.77000045776367,58.25,57.34999847412109,57.34999847412109,3186700
2004-05-12,57.88999938964844,58.5099983215332,56.70000076293945,58.02999877929688,2616800
2004-05-13,57.95000076293945,59.31999969482422,57.47999954223633,57.65999984741211,2721700
2004-05-14,58.41999816894531,58.77000045776367,57.72999954223633,57.959999084472656,2027600
2004-05-17,57.13999938964844,58.04999923706055,57.040000915527344,57.95000076293945,2400400
2004-05-18,57.93999862670898,58.31999969482422,57.290000915527344,57.45000076293945,2261500
2004-05-19,57.2599983215332,59.06999969482422,57.22999954223633,58.18999862670898,2373800
2004-05-20,57.31999969482422,57.70000076293945,57.15999984741211,57.15999984741211,1769400
2004-05-21,57.400001525878906,57.68000030517578,57.0,57.45000076293945,1751600
2004-05-24,57.08000183105469,57.77999877929688,56.790000915527344,57.70000076293945,1939600
2004-05-25,57.970001220703125,58.119998931884766,56.470001220703125,57.0,2398700
2004-05-26,58.27999877929688,58.75,57.869998931884766,57.97999954223633,1822100
2004-05-27,58.79999923706055,59.20000076293945,58.61000061035156,58.75,2151900
2004-05-28,58.38999938964844,58.880001068115234,58.130001068115234,58.70000076293945,2719300
2004-06-01,58.060001373291016,58.47999954223633,57.880001068115234,58.38999938964844,2364600
2004-06-02,58.45000076293945,58.66999816894531,57.9900016784668,58.06999969482422,1963900
2004-06-03,58.459999084472656,58.59999847412109,58.18000030517578,58.20000076293945,1735000
2004-06-04,59.0099983215332,59.34000015258789,58.5,58.5,2221400
2004-06-07,60.619998931884766,60.619998931884766,59.06999969482422,59.06999969482422,2407300
2004-06-08,60.33000183105469,60.54999923706055,59.95000076293945,60.52000045776367,1738800
2004-06-09,60.06999969482422,60.38999938964844,59.880001068115234,60.25,2947400
2004-06-10,60.68999862670898,60.720001220703125,60.0,60.150001525878906,2379200
2004-06-14,60.02999877929688,60.52999877929688,59.70000076293945,60.52000045776367,2014500
2004-06-15,60.93999862670898,61.29999923706055,60.34000015258789,60.5,2465500
2004-06-16,61.41999816894531,61.470001220703125,60.95000076293945,61.09000015258789,1734500
2004-06-17,61.77999877929688,61.77999877929688,61.02000045776367,61.27000045776367,1253600
2004-06-18,62.119998931884766,62.119998931884766,61.0099983215332,61.58000183105469,2001600
2004-06-21,61.4900016784668,62.209999084472656,61.43000030517578,62.119998931884766,1314100
2004-06-22,61.4900016784668,61.9900016784668,61.29999923706055,61.59999847412109,2035200
2004-06-23,61.5099983215332,61.66999816894531,61.09999847412109,61.38999938964844,2456200
2004-06-24,61.900001525878906,62.0,61.540000915527344,61.70000076293945,3675600
2004-06-25,62.0099983215332,62.27999877929688,61.869998931884766,61.90999984741211,3349600
2004-06-28,62.75,63.25,62.40999984741211,62.45000076293945,2389800
2004-06-29,63.18999862670898,63.31999969482422,61.79999923706055,62.619998931884766,3339900
2004-06-30,63.29999923706055,64.62000274658203,62.5099983215332,64.0,3455800
2004-07-01,62.59999847412109,63.060001373291016,61.72999954223633,63.04999923706055,3226600
2004-07-02,63.56999969482422,63.720001220703125,62.790000915527344,62.79999923706055,1888000
2004-07-06,64.0,64.04000091552734,63.13999938964844,63.56999969482422,3296600
2004-07-07,64.62999725341797,65.25,63.97999954223633,64.0,4246100
2004-07-08,64.75,65.0,64.5199966430664,64.63999938964844,2196400
2004-07-09,64.05999755859375,64.80999755859375,63.61000061035156,64.70999908447266,3519800
2004-07-12,63.959999084472656,64.2300033569336,63.41999816894531,63.619998931884766,1613000
2004-07-13,65.2300033569336,65.33999633789062,63.88999938964844,64.4000015258789,3348500
2004-07-14,65.80000305175781,66.08000183105469,64.83999633789062,65.23999786376953,4793500
2004-07-15,65.91000366210938,66.11000061035156,65.62000274658203,65.80000305175781,2938800
2004-07-16,67.23999786376953,67.38999938964844,65.38999938964844,65.91000366210938,5129600
2004-07-19,67.4000015258789,67.75,66.48999786376953,67.0,3505000
2004-07-20,66.66999816894531,67.36000061035156,66.51000213623047,67.33000183105469,2807500
2004-07-21,65.13999938964844,66.87000274658203,65.0999984741211,66.66999816894531,3977200
2004-07-22,64.63999938964844,65.37000274658203,64.2300033569336,65.1500015258789,3560400
2004-07-23,63.43000030517578,64.5,63.22999954223633,64.5,3048000
2004-07-26,63.93000030517578,63.95000076293945,63.11000061035156,63.45000076293945,2034900
2004-07-27,64.18000030517578,64.69000244140625,63.77000045776367,63.93000030517578,2201200
2004-07-28,64.58000183105469,64.88999938964844,63.79999923706055,64.08000183105469,2592800
2004-07-29,63.90999984741211,64.75,63.75,64.75,1791100
2004-07-30,64.30999755859375,64.54000091552734,63.34999847412109,63.90999984741211,2025900
2004-08-02,65.22000122070312,65.44999694824219,63.79999923706055,64.30999755859375,2099500
2004-08-03,64.26000213623047,65.19000244140625,64.26000213623047,64.97000122070312,1377600
2004-08-04,64.62000274658203,65.01000213623047,63.29999923706055,64.0,1558100
2004-08-05,64.43000030517578,65.30000305175781,64.19000244140625,64.69999694824219,2129600
2004-08-06,65.04000091552734,65.38999938964844,63.900001525878906,63.900001525878906,2296900
2004-08-09,63.81999969482422,64.9000015258789,63.81999969482422,64.75,2310000
2004-08-10,64.77999877929688,64.77999877929688,63.2400016784668,63.709999084472656,2405300
2004-08-11,65.93000030517578,66.0,64.5199966430664,64.62999725341797,2300100
2004-08-12,65.72000122070312,65.97000122070312,65.47000122070312,65.93000030517578,2617000
2004-08-13,66.1500015258789,66.1500015258789,65.5999984741211,65.7300033569336,2086600
2004-08-16,66.19000244140625,66.19999694824219,65.6500015258789,65.8499984741211,2171900
2004-08-17,66.55999755859375,66.93000030517578,66.19999694824219,66.30000305175781,2310900
2004-08-18,67.55000305175781,67.55000305175781,66.43000030517578,66.55999755859375,2055900
2004-08-19,66.62999725341797,67.08999633789062,65.62000274658203,66.9000015258789,3203400
2004-08-20,66.62999725341797,66.8499984741211,66.13999938964844,66.66000366210938,1837500
2004-08-23,66.20999908447266,66.9000015258789,66.19999694824219,66.5999984741211,2217500
2004-08-24,66.48999786376953,66.51000213623047,66.18000030517578,66.45999908447266,2867500
2004-08-25,66.26000213623047,66.56999969482422,65.9000015258789,66.48999786376953,2080000
2004-08-26,66.22000122070312,66.47000122070312,66.11000061035156,66.26000213623047,1321200
2004-08-27,66.37000274658203,66.5,66.0199966430664,66.3499984741211,1935100
2004-08-30,66.18000030517578,66.88999938964844,66.16000366210938,66.41999816894531,1095700
2004-08-31,67.12000274658203,67.18000030517578,65.75,66.0,1473100
2004-09-01,67.5,67.9800033569336,67.0999984741211,67.19000244140625,2811900
2004-09-02,68.66999816894531,68.69999694824219,67.30000305175781,67.45999908447266,1310200
2004-09-03,68.73999786376953,69.08000183105469,68.51000213623047,68.68000030517578,1449300
2004-09-07,69.0,69.5,68.9000015258789,68.94999694824219,1918700
2004-09-08,68.30999755859375,69.20999908447266,68.19999694824219,68.94999694824219,2106000
2004-09-09,68.5999984741211,68.93000030517578,68.27999877929688,68.37999725341797,2332200
2004-09-10,68.7699966430664,69.0999984741211,68.41999816894531,68.5199966430664,2386500
2004-09-13,68.19000244140625,68.88999938964844,68.19000244140625,68.77999877929688,1748700
2004-09-14,68.27999877929688,68.5199966430664,67.9800033569336,68.19999694824219,2090000
2004-09-15,67.83999633789062,68.62000274658203,67.7300033569336,68.62000274658203,1762600
2004-09-16,67.88999938964844,68.16000366210938,67.63999938964844,67.63999938964844,1450000
2004-09-17,68.19999694824219,68.47000122070312,68.0199966430664,68.0999984741211,1637100
2004-09-20,68.20999908447266,68.69999694824219,67.69999694824219,67.94999694824219,1899000
2004-09-21,69.0,69.02999877929688,67.86000061035156,68.2699966430664,2326000
2004-09-22,66.4000015258789,68.22000122070312,65.87000274658203,68.05000305175781,9838800
2004-09-23,64.37999725341797,66.0,63.0,66.0,12262000
2004-09-24,64.58999633789062,65.08999633789062,63.54999923706055,64.6500015258789,7318000
2004-09-27,66.81999969482422,66.9800033569336,65.05000305175781,65.31999969482422,5888000
2004-09-28,67.1500015258789,67.75,66.79000091552734,67.18000030517578,4148400
2004-09-29,66.97000122070312,67.08999633789062,66.51000213623047,66.94999694824219,3729700
2004-09-30,65.23999786376953,66.9000015258789,64.79000091552734,66.9000015258789,6512700
2004-10-01,67.22000122070312,67.30000305175781,64.9000015258789,65.0999984741211,4099500
2004-10-04,67.30000305175781,67.62000274658203,66.87999725341797,67.22000122070312,2279700
2004-10-05,67.04000091552734,67.69999694824219,66.56999969482422,67.30000305175781,2465000
2004-10-06,67.05000305175781,67.37999725341797,66.62000274658203,67.18000030517578,3204800
2004-10-07,67.02999877929688,67.55000305175781,66.79000091552734,67.11000061035156,4067700
2004-10-08,66.3499984741211,67.19000244140625,66.2300033569336,67.19000244140625,1832400
2004-10-11,65.62999725341797,66.56999969482422,65.58999633789062,66.25,1801100
2004-10-12,65.9800033569336,66.08000183105469,65.12999725341797,65.12999725341797,2465100
2004-10-13,65.86000061035156,66.66000366210938,65.5999984741211,66.47000122070312,1652400
2004-10-14,65.12000274658203,65.86000061035156,65.01000213623047,65.86000061035156,2952900
2004-10-15,65.75,66.44999694824219,65.22000122070312,65.25,3017400
2004-10-18,65.5,66.08000183105469,65.48999786376953,65.86000061035156,1795600
2004-10-19,65.19999694824219,65.70999908447266,64.69999694824219,65.4000015258789,1913000
2004-10-20,65.04000091552734,65.19999694824219,64.44999694824219,65.19999694824219,2042700
2004-10-21,64.70999908447266,65.29000091552734,64.25,64.75,2198700
2004-10-22,64.87000274658203,65.47000122070312,64.55000305175781,64.55000305175781,1585900
2004-10-25,64.5999984741211,64.77999877929688,64.1500015258789,64.55000305175781,1762900
2004-10-26,66.13999938964844,66.19999694824219,64.5999984741211,64.5999984741211,3305900
2004-10-27,66.4800033569336,66.94999694824219,65.56999969482422,66.0,3653700
2004-10-28,66.47000122070312,66.97000122070312,65.70999908447266,66.25,2043700
2004-10-29,66.5999984741211,66.8499984741211,66.08000183105469,66.37000274658203,1335100
2004-11-01,66.6500015258789,67.22000122070312,66.5,66.5999984741211,1941600
2004-11-02,67.23999786376953,67.58000183105469,66.0,66.0199966430664,2682900
2004-11-03,65.98999786376953,67.23999786376953,65.45999908447266,67.23999786376953,3546400
2004-11-04,66.47000122070312,66.54000091552734,65.6500015258789,65.91999816894531,2689700
2004-11-05,67.18000030517578,67.41999816894531,66.44999694824219,66.8499984741211,1532300
2004-11-08,67.4800033569336,68.0,67.2699966430664,67.33000183105469,1326400
2004-11-09,67.20999908447266,67.88999938964844,67.11000061035156,67.7300033569336,1438100
2004-11-10,67.30000305175781,67.6500015258789,66.86000061035156,67.5999984741211,2011800
2004-11-11,68.6500015258789,68.8499984741211,67.4800033569336,67.5999984741211,1670000
2004-11-12,69.30000305175781,69.5,68.33000183105469,68.66000366210938,1913500
2004-11-15,68.9000015258789,69.4000015258789,68.3499984741211,69.30000305175781,1523800
2004-11-16,68.0999984741211,68.45999908447266,65.51000213623047,68.11000061035156,2835300
2004-11-17,68.7699966430664,69.4800033569336,68.5,68.5999984741211,1394000
2004-11-18,68.68000030517578,69.12999725341797,68.51000213623047,68.7699966430664,1287100
2004-11-19,67.86000061035156,68.80000305175781,67.54000091552734,68.69000244140625,1231200
2004-11-22,68.33999633789062,68.5,67.68000030517578,67.93000030517578,1770600
2004-11-23,67.30000305175781,68.11000061035156,66.75,68.0999984741211,1562200
2004-11-24,67.62999725341797,67.97000122070312,67.23999786376953,67.69000244140625,1249300
2004-11-26,67.55000305175781,67.87999725341797,67.5,67.5,453500
2004-11-29,66.98999786376953,67.68000030517578,66.9000015258789,67.62000274658203,1364800
2004-11-30,68.26000213623047,68.30000305175781,66.61000061035156,67.0,1646400
2004-12-01,68.95999908447266,69.98999786376953,68.29000091552734,68.29000091552734,3286400
2004-12-02,69.2699966430664,69.54000091552734,68.55000305175781,69.05000305175781,1356500
2004-12-03,69.73999786376953,69.91999816894531,69.12000274658203,69.19999694824219,1252200
2004-12-06,69.16999816894531,69.87000274658203,69.16000366210938,69.5,1335200
2004-12-07,68.38999938964844,69.41999816894531,68.36000061035156,69.41999816894531,1633700
2004-12-08,68.62999725341797,68.8499984741211,68.0999984741211,68.38999938964844,1285100
2004-12-09,68.66999816894531,68.66999816894531,67.4000015258789,68.55000305175781,1687500
2004-12-10,68.25,70.29000091552734,67.16000366210938,69.0,1728700
2004-12-13,68.55999755859375,68.73999786376953,68.12000274658203,68.69999694824219,1922500
2004-12-14,68.76000213623047,68.83000183105469,68.29000091552734,68.75,2585600
2004-12-15,69.76000213623047,69.76000213623047,67.91000366210938,68.69999694824219,2607200
2004-12-16,70.75,70.98999786376953,69.25,69.76000213623047,4301400
2004-12-17,70.26000213623047,70.77999877929688,69.91000366210938,70.55000305175781,3413800
2004-12-20,70.48999786376953,70.5999984741211,69.79000091552734,70.3499984741211,12348000
2004-12-21,71.80000305175781,72.13999938964844,70.4800033569336,70.48999786376953,10094500
2004-12-22,72.44000244140625,73.18000030517578,72.05999755859375,72.25,4425800
2004-12-23,71.7699966430664,72.41000366210938,71.2699966430664,72.4000015258789,2560400
2004-12-27,71.79000091552734,72.52999877929688,71.33000183105469,71.66999816894531,1396400
2004-12-28,72.48999786376953,72.48999786376953,71.8499984741211,72.0999984741211,1759200
2004-12-29,72.69000244140625,72.69000244140625,71.94000244140625,72.48999786376953,1797200
2004-12-30,73.38999938964844,73.58999633789062,72.62000274658203,72.69000244140625,2049900
2004-12-31,73.69999694824219,74.19999694824219,73.25,73.4000015258789,1631800
2005-01-03,72.98999786376953,73.91000366210938,72.9800033569336,73.5999984741211,2100600
2005-01-04,71.8499984741211,73.25,71.8499984741211,73.19999694824219,2496300
2005-01-05,71.27999877929688,72.16999816894531,71.0999984741211,72.1500015258789,2783200
2005-01-06,71.75,71.95999908447266,71.4800033569336,71.5,2273200
2005-01-07,71.70999908447266,72.13999938964844,71.25,71.8499984741211,1717300
2005-01-10,71.5,71.98999786376953,71.3499984741211,71.72000122070312,2049400
2005-01-11,70.98999786376953,71.58000183105469,70.94999694824219,71.5,2705900
2005-01-12,70.62000274658203,71.18000030517578,70.44999694824219,71.18000030517578,2183700
2005-01-13,70.11000061035156,70.87999725341797,70.0999984741211,70.72000122070312,2028500
2005-01-14,69.98999786376953,70.11000061035156,69.44999694824219,70.02999877929688,2301100
2005-01-18,70.12999725341797,70.19999694824219,69.4000015258789,69.98999786376953,2895900
2005-01-19,69.41000366210938,70.0,69.3499984741211,70.0,2469300
2005-01-20,67.97000122070312,69.05000305175781,67.87999725341797,69.05000305175781,3841500
2005-01-21,66.69999694824219,67.95999908447266,66.69999694824219,67.9000015258789,3262400
2005-01-24,66.55999755859375,67.30000305175781,66.5,67.1500015258789,3998800
2005-01-25,65.87000274658203,66.9000015258789,65.86000061035156,66.5199966430664,3630400
2005-01-26,65.6500015258789,66.01000213623047,65.19999694824219,65.97000122070312,3738500
2005-01-27,65.80000305175781,66.2300033569336,65.58999633789062,65.9000015258789,2949700
2005-01-28,65.47000122070312,66.19999694824219,65.0,65.75,2925900
2005-01-31,65.29000091552734,66.20999908447266,65.2699966430664,66.0999984741211,3440000
2005-02-01,67.0,67.05000305175781,65.62000274658203,65.75,3211800
2005-02-02,66.05000305175781,66.91000366210938,65.9000015258789,66.9000015258789,3063000
2005-02-03,66.3499984741211,66.55999755859375,65.63999938964844,66.0,4217700
2005-02-04,67.01000213623047,67.26000213623047,66.43000030517578,66.5,2614100
2005-02-07,66.95999908447266,67.3499984741211,66.55000305175781,67.0199966430664,1956500
2005-02-08,66.2300033569336,67.62000274658203,66.0199966430664,67.19999694824219,3448300
2005-02-09,66.70999908447266,67.12999725341797,66.0199966430664,66.22000122070312,2373800
2005-02-10,63.38999938964844,66.5199966430664,63.34000015258789,66.5199966430664,9375700
2005-02-11,64.36000061035156,64.54000091552734,63.38999938964844,63.400001525878906,5486100
2005-02-14,66.91000366210938,67.51000213623047,63.83000183105469,64.36000061035156,5999000
2005-02-15,66.44000244140625,67.05000305175781,66.41000366210938,66.8499984741211,3171100
2005-02-16,65.88999938964844,66.48999786376953,65.87000274658203,66.25,2445900
2005-02-17,63.900001525878906,65.80000305175781,63.88999938964844,65.4000015258789,6144100
2005-02-18,61.72999954223633,63.5099983215332,61.40999984741211,63.5,8936300
2005-02-22,60.369998931884766,61.95000076293945,60.33000183105469,61.70000076293945,5374500
2005-02-23,60.11000061035156,61.25,60.08000183105469,60.75,6243300
2005-02-24,60.5,60.68999862670898,59.7400016784668,60.34999847412109,4730400
2005-02-25,61.63999938964844,61.77999877929688,60.5,60.5,4697700
2005-02-28,62.0,62.0,61.31999969482422,61.63999938964844,4306500
2005-03-01,63.7599983215332,64.20999908447266,62.09000015258789,62.20000076293945,5184300
2005-03-02,63.75,64.73999786376953,63.619998931884766,63.95000076293945,3250100
2005-03-03,63.20000076293945,63.9900016784668,63.02000045776367,63.84999847412109,4828000
2005-03-04,64.2300033569336,64.87000274658203,63.650001525878906,64.0,3899100
2005-03-07,65.25,65.44999694824219,64.44999694824219,64.75,5295900
2005-03-08,64.7699966430664,65.54000091552734,64.19999694824219,65.1500015258789,3415500
2005-03-09,65.44999694824219,65.75,64.5,64.7699966430664,4963000
2005-03-10,65.61000061035156,65.66999816894531,64.69999694824219,65.19999694824219,3072000
2005-03-11,64.69999694824219,65.6500015258789,64.33999633789062,65.5,2860000
2005-03-14,65.83999633789062,65.9000015258789,64.70999908447266,64.70999908447266,2333900
2005-03-15,66.33000183105469,66.79000091552734,65.48999786376953,65.93000030517578,4375900
2005-03-16,64.44999694824219,66.11000061035156,64.31999969482422,66.0999984741211,3461600
2005-03-17,64.0199966430664,64.5,63.31999969482422,64.5,4532800
2005-03-18,64.5,65.4000015258789,64.11000061035156,64.1500015258789,4817100
2005-03-21,64.51000213623047,64.88999938964844,63.93000030517578,64.47000122070312,2613400
2005-03-22,63.68999862670898,64.79000091552734,63.459999084472656,64.3499984741211,2538400
2005-03-23,63.68000030517578,64.0199966430664,63.209999084472656,63.70000076293945,2892500
2005-03-24,62.84000015258789,63.88999938964844,62.709999084472656,63.70000076293945,2095600
2005-03-28,63.0,63.470001220703125,62.65999984741211,62.84999847412109,1958600
2005-03-29,62.70000076293945,63.220001220703125,62.45000076293945,62.79999923706055,1955100
2005-03-30,63.900001525878906,64.26000213623047,62.54999923706055,62.70000076293945,2920500
2005-03-31,63.20000076293945,65.80000305175781,63.040000915527344,65.75,4911800
2005-04-01,60.84999847412109,63.79999923706055,60.06999969482422,63.54999923706055,6885000
2005-04-04,61.56999969482422,62.119998931884766,58.5099983215332,60.84999847412109,6741700
2005-04-05,61.7599983215332,62.810001373291016,61.02999877929688,61.47999954223633,4048300
2005-04-06,63.79999923706055,64.48999786376953,61.45000076293945,61.75,5178200
2005-04-07,63.77000045776367,64.4800033569336,63.41999816894531,63.7599983215332,3322200
2005-04-08,62.93000030517578,64.5,62.7599983215332,63.77999877929688,2254700
2005-04-11,63.2400016784668,63.400001525878906,62.18000030517578,63.060001373291016,2292600
2005-04-12,64.0,64.30000305175781,62.29999923706055,63.2400016784668,3148400
2005-04-13,63.40999984741211,64.48999786376953,63.040000915527344,64.05000305175781,2051200
2005-04-14,62.66999816894531,63.060001373291016,61.959999084472656,63.0,3630700
2005-04-15,60.70000076293945,62.650001525878906,60.29999923706055,62.5,3024400
2005-04-18,61.310001373291016,61.52999877929688,60.56999969482422,61.0,2235200
2005-04-19,61.0,61.91999816894531,60.90999984741211,61.650001525878906,2065800
2005-04-20,60.900001525878906,61.86000061035156,60.75,61.08000183105469,2640200
2005-04-21,61.40999984741211,61.79999923706055,60.61000061035156,61.59999847412109,2423600
2005-04-22,60.16999816894531,61.47999954223633,59.68999862670898,61.29999923706055,2629700
2005-04-25,60.95000076293945,61.09999847412109,60.5,60.650001525878906,2044800
2005-04-26,60.81999969482422,61.150001525878906,60.5,60.9900016784668,2174500
2005-04-27,61.7400016784668,62.29999923706055,60.5,60.790000915527344,1785300
2005-04-28,60.04999923706055,61.70000076293945,60.0,61.59999847412109,2561300
2005-04-29,61.52000045776367,61.709999084472656,59.560001373291016,60.33000183105469,2783000
2005-05-02,61.970001220703125,62.2400016784668,61.220001220703125,61.650001525878906,1653100
2005-05-03,61.61000061035156,62.09999847412109,61.060001373291016,61.75,2780700
2005-05-04,63.56999969482422,63.65999984741211,61.11000061035156,61.36000061035156,3120100
2005-05-05,63.150001525878906,64.22000122070312,62.84000015258789,63.56999969482422,2297700
2005-05-06,62.09000015258789,63.380001068115234,62.0,63.27000045776367,1671300
2005-05-09,63.08000183105469,63.2400016784668,62.20000076293945,62.22999954223633,1847400
2005-05-10,62.36000061035156,63.08000183105469,62.13999938964844,62.5,2607500
2005-05-11,62.7400016784668,63.02000045776367,62.18999862670898,62.75,2318400
2005-05-12,61.77000045776367,62.9900016784668,61.68000030517578,62.88999938964844,2582100
2005-05-13,61.33000183105469,62.2400016784668,60.81999969482422,61.900001525878906,2072100
2005-05-16,62.70000076293945,62.959999084472656,61.33000183105469,61.47999954223633,2361300
2005-05-17,63.290000915527344,63.45000076293945,62.20000076293945,62.75,3386600
2005-05-18,64.33000183105469,64.94999694824219,63.77000045776367,63.84999847412109,3236700
2005-05-19,64.8499984741211,64.98999786376953,63.63999938964844,63.900001525878906,2434800
2005-05-20,64.27999877929688,65.0,64.12999725341797,64.9000015258789,1996200
2005-05-23,64.5199966430664,64.88999938964844,64.20999908447266,64.44999694824219,1648800
2005-05-24,64.29000091552734,64.7300033569336,63.72999954223633,64.38999938964844,1757700
2005-05-25,63.52000045776367,64.37999725341797,63.11000061035156,63.79999923706055,1559200
2005-05-26,64.98999786376953,65.55000305175781,63.54999923706055,63.54999923706055,3799800
2005-05-27,65.80000305175781,66.06999969482422,64.8499984741211,65.19000244140625,1755200
2005-05-31,65.04000091552734,65.9800033569336,64.72000122070312,65.80000305175781,3022800
2005-06-01,66.63999938964844,66.91000366210938,64.9800033569336,65.3499984741211,3703400
2005-06-02,66.08000183105469,66.70999908447266,65.80000305175781,66.1500015258789,2449700
2005-06-03,66.0,66.55000305175781,65.26000213623047,66.2300033569336,2598800
2005-06-06,66.0,66.12999725341797,65.5,66.0199966430664,1244300
2005-06-07,65.62999725341797,66.75,65.62999725341797,66.19999694824219,1563600
2005-06-08,65.41000366210938,66.33000183105469,65.37000274658203,65.8499984741211,2138900
2005-06-09,64.8499984741211,65.33000183105469,64.54000091552734,64.98999786376953,2016600
2005-06-10,64.70999908447266,65.0,64.5,64.9000015258789,1515300
2005-06-13,64.79000091552734,65.05999755859375,64.5999984741211,64.6500015258789,1809800
2005-06-14,64.86000061035156,65.12000274658203,64.55999755859375,64.83000183105469,1686200
2005-06-15,64.5999984741211,65.27999877929688,64.5,65.19999694824219,2136300
2005-06-16,64.91000366210938,64.95999908447266,64.5,64.80000305175781,1120100
2005-06-17,65.94000244140625,66.13999938964844,65.0,65.44999694824219,3269600
2005-06-20,66.36000061035156,66.41999816894531,65.4000015258789,65.69000244140625,1693600
2005-06-21,67.2300033569336,67.87000274658203,65.6500015258789,66.36000061035156,3495100
2005-06-22,66.51000213623047,67.8499984741211,66.41000366210938,67.4000015258789,2211000
2005-06-23,65.91999816894531,66.69000244140625,65.91999816894531,66.4000015258789,2437600
2005-06-24,64.5,66.25,64.5,65.93000030517578,3831300
2005-06-27,64.44999694824219,65.4000015258789,64.0,64.5,2531100
2005-06-28,65.43000030517578,65.43000030517578,64.51000213623047,64.94999694824219,1799300
2005-06-29,65.19999694824219,65.98999786376953,64.8499984741211,65.94999694824219,1779100
2005-06-30,65.2300033569336,65.69999694824219,64.91000366210938,65.1500015258789,2792100
2005-07-01,65.83999633789062,66.16999816894531,65.4000015258789,65.5,2289000
2005-07-05,65.33999633789062,65.91000366210938,65.26000213623047,65.83999633789062,1846300
2005-07-06,65.0,65.83999633789062,65.0,65.80000305175781,2184200
2005-07-07,65.6500015258789,65.70999908447266,64.01000213623047,64.55000305175781,1810800
2005-07-08,66.0999984741211,66.1500015258789,65.25,65.6500015258789,1523300
2005-07-11,66.12999725341797,66.25,65.5999984741211,66.0,1733400
2005-07-12,66.55000305175781,66.55000305175781,65.80000305175781,65.94999694824219,1700600
2005-07-13,66.3499984741211,66.73999786376953,66.23999786376953,66.55000305175781,2236200
2005-07-14,66.6500015258789,66.91000366210938,66.25,66.3499984741211,1727000
2005-07-15,66.55000305175781,66.75,66.0999984741211,66.66000366210938,1202200
2005-07-18,66.44999694824219,66.79000091552734,66.44999694824219,66.55000305175781,1142900
2005-07-19,66.52999877929688,66.80000305175781,65.9000015258789,66.6500015258789,1719700
2005-07-20,66.7300033569336,66.80000305175781,66.0,66.19999694824219,1590200
2005-07-21,65.52999877929688,66.80000305175781,65.52999877929688,66.5999984741211,2028900
2005-07-22,65.6500015258789,65.9000015258789,65.30000305175781,65.5999984741211,1783100
2005-07-25,64.69999694824219,65.6500015258789,64.44999694824219,65.5999984741211,1697900
2005-07-26,65.08999633789062,65.30999755859375,64.54000091552734,64.69999694824219,1611600
2005-07-27,64.27999877929688,65.30999755859375,63.90999984741211,65.08999633789062,2639500
2005-07-28,64.76000213623047,64.7699966430664,64.05999755859375,64.52999877929688,1635000
2005-07-29,63.27999877929688,64.76000213623047,63.16999816894531,64.76000213623047,2004300
2005-08-01,63.52000045776367,64.12000274658203,63.290000915527344,63.900001525878906,2732500
2005-08-02,63.459999084472656,63.900001525878906,63.400001525878906,63.70000076293945,1650500
2005-08-03,63.43000030517578,63.54999923706055,62.86000061035156,63.45000076293945,2401100
2005-08-04,62.91999816894531,63.2599983215332,62.810001373291016,63.25,1536100
2005-08-05,61.91999816894531,62.70000076293945,61.34999847412109,62.70000076293945,2639300
2005-08-08,61.83000183105469,62.45000076293945,61.720001220703125,61.93999862670898,1170900
2005-08-09,62.150001525878906,62.66999816894531,61.900001525878906,62.04999923706055,1222600
2005-08-10,61.81999969482422,62.66999816894531,61.560001373291016,62.54999923706055,2674000
2005-08-11,62.43000030517578,62.459999084472656,61.4900016784668,61.81999969482422,2021500
2005-08-12,61.91999816894531,62.40999984741211,61.84000015258789,62.22999954223633,1722700
2005-08-15,61.369998931884766,61.84999847412109,60.869998931884766,61.79999923706055,2965300
2005-08-16,61.0,61.59000015258789,60.869998931884766,61.25,2821600
2005-08-17,61.18000030517578,61.470001220703125,60.5,61.04999923706055,2206300
2005-08-18,60.97999954223633,61.34999847412109,60.790000915527344,61.0,1711100
2005-08-19,60.880001068115234,61.2400016784668,60.709999084472656,61.20000076293945,1504000
2005-08-22,61.59999847412109,61.84000015258789,61.0,61.20000076293945,2106800
2005-08-23,61.5099983215332,61.84000015258789,61.18999862670898,61.75,1401200
2005-08-24,60.43000030517578,61.619998931884766,60.369998931884766,61.310001373291016,2328800
2005-08-25,60.34000015258789,60.79999923706055,60.22999954223633,60.650001525878906,2122600
2005-08-26,59.61000061035156,60.29999923706055,59.61000061035156,60.25,2254200
2005-08-29,60.18000030517578,60.310001373291016,59.20000076293945,59.5,1768300
2005-08-30,60.0,60.18000030517578,59.40999984741211,60.09999847412109,2409100
2005-08-31,60.380001068115234,60.59999847412109,59.34000015258789,60.0,3127500
2005-09-01,57.970001220703125,59.709999084472656,57.77000045776367,59.70000076293945,7011600
2005-09-02,57.7599983215332,58.75,57.16999816894531,58.34999847412109,3977400
2005-09-06,58.09999847412109,58.72999954223633,57.58000183105469,57.93000030517578,3933900
2005-09-07,57.900001525878906,58.04999923706055,57.27999877929688,58.0,3304500
2005-09-08,57.959999084472656,58.20000076293945,57.630001068115234,58.0,2992900
2005-09-09,58.04999923706055,58.15999984741211,57.86000061035156,57.90999984741211,3037800
2005-09-12,59.040000915527344,59.63999938964844,57.9900016784668,58.18999862670898,4065900
2005-09-13,58.22999954223633,58.90999984741211,57.88999938964844,58.900001525878906,3320100
2005-09-14,59.650001525878906,59.70000076293945,58.22999954223633,58.22999954223633,5159500
2005-09-15,58.86000061035156,59.43999862670898,58.369998931884766,59.29999923706055,3169700
2005-09-16,59.68999862670898,59.77000045776367,59.06999969482422,59.15999984741211,4550100
2005-09-19,59.09000015258789,59.81999969482422,58.77000045776367,59.79999923706055,1867600
2005-09-20,57.5,59.29999923706055,57.34000015258789,59.18000030517578,3286400
2005-09-21,56.560001373291016,57.5099983215332,56.29999923706055,57.400001525878906,3384500
2005-09-22,56.5,56.720001220703125,55.91999816894531,56.560001373291016,2996800
2005-09-23,56.0,56.27999877929688,55.220001220703125,56.150001525878906,3435600
2005-09-26,55.41999816894531,56.59000015258789,55.150001525878906,56.43999862670898,2267200
2005-09-27,55.70000076293945,56.130001068115234,54.900001525878906,55.75,2885000
2005-09-28,54.59999847412109,56.47999954223633,54.5,56.18999862670898,7468200
2005-09-29,56.970001220703125,57.060001373291016,54.75,54.75,6410600
2005-09-30,56.459999084472656,56.72999954223633,55.619998931884766,56.720001220703125,2728200
2005-10-03,55.959999084472656,56.59999847412109,55.70000076293945,56.31999969482422,3229000
2005-10-04,55.560001373291016,56.56999969482422,55.47999954223633,56.20000076293945,3198400
2005-10-05,57.02000045776367,58.540000915527344,54.84999847412109,54.900001525878906,6515500
2005-10-06,58.79999923706055,59.4900016784668,57.75,57.75,7655500
2005-10-07,58.08000183105469,58.63999938964844,57.86000061035156,58.59999847412109,3705100
2005-10-10,58.27000045776367,58.75,57.75,58.20000076293945,3425600
2005-10-11,58.0,58.400001525878906,57.70000076293945,57.84999847412109,3215100
2005-10-12,57.84000015258789,58.68000030517578,57.36000061035156,57.810001373291016,3978800
2005-10-13,58.29999923706055,58.650001525878906,57.45000076293945,57.84999847412109,2914600
2005-10-14,59.470001220703125,60.06999969482422,58.54999923706055,58.58000183105469,4492500
2005-10-17,59.47999954223633,60.11000061035156,58.79999923706055,59.470001220703125,2761500
2005-10-18,59.16999816894531,59.72999954223633,59.0099983215332,59.47999954223633,2530100
2005-10-19,60.0,60.0,58.79999923706055,58.84999847412109,3844200
2005-10-20,58.970001220703125,60.54999923706055,58.560001373291016,60.09999847412109,2482100
2005-10-21,59.79999923706055,60.11000061035156,58.97999954223633,59.25,4200000
2005-10-24,60.7400016784668,61.06999969482422,59.84999847412109,60.04999923706055,2788900
2005-10-25,59.93000030517578,61.400001525878906,59.63999938964844,60.54999923706055,2930300
2005-10-26,60.75,61.2400016784668,59.77000045776367,59.95000076293945,3555600
2005-10-27,61.459999084472656,62.470001220703125,60.400001525878906,60.900001525878906,3339300
2005-10-28,61.75,62.02999877929688,61.31999969482422,62.0,2224100
2005-10-31,61.34999847412109,62.09000015258789,61.04999923706055,62.060001373291016,2591000
2005-11-01,61.09000015258789,61.70000076293945,61.0099983215332,61.34999847412109,2350500
2005-11-02,60.72999954223633,60.880001068115234,60.08000183105469,60.54999923706055,3562500
2005-11-03,60.41999816894531,61.0,60.02000045776367,60.77000045776367,2330800
2005-11-04,61.38999938964844,61.43999862670898,60.20000076293945,60.45000076293945,2655600
2005-11-07,61.2400016784668,62.0,61.13999938964844,61.31999969482422,2093900
2005-11-08,60.68000030517578,60.79999923706055,59.650001525878906,60.75,2791500
2005-11-09,61.0,61.459999084472656,60.459999084472656,60.93000030517578,4452600
2005-11-10,61.810001373291016,61.880001068115234,60.5,61.0099983215332,2629600
2005-11-11,63.02999877929688,63.29999923706055,61.7400016784668,62.0,2044900
2005-11-14,62.869998931884766,63.08000183105469,62.34000015258789,62.84999847412109,2069900
2005-11-15,62.43999862670898,63.25,62.130001068115234,63.0,2311000
2005-11-16,61.08000183105469,62.84999847412109,60.65999984741211,62.84999847412109,3117800
2005-11-17,61.900001525878906,61.9900016784668,60.86000061035156,61.400001525878906,3351500
2005-11-18,62.119998931884766,62.68000030517578,61.33000183105469,62.66999816894531,2316200
2005-11-21,62.45000076293945,62.77999877929688,62.04999923706055,62.119998931884766,2366800
2005-11-22,64.08000183105469,64.3499984741211,62.02999877929688,62.59999847412109,3444800
2005-11-23,64.4000015258789,65.30000305175781,64.1500015258789,64.19000244140625,2722500
2005-11-25,64.69999694824219,64.94000244140625,64.20999908447266,64.94000244140625,932000
2005-11-28,64.0,64.73999786376953,63.86000061035156,64.69999694824219,1383000
2005-11-29,63.56999969482422,64.36000061035156,63.310001373291016,64.0999984741211,2362300
2005-11-30,62.45000076293945,63.9900016784668,62.400001525878906,63.54999923706055,3020600
2005-12-01,63.54999923706055,64.47000122070312,62.54999923706055,62.54999923706055,4641500
2005-12-02,62.900001525878906,64.08000183105469,62.31999969482422,64.0,3299200
2005-12-05,63.380001068115234,63.43999862670898,62.75,63.09999847412109,2162100
2005-12-06,63.86000061035156,64.2300033569336,63.43999862670898,63.5,2110800
2005-12-07,63.369998931884766,64.08999633789062,63.130001068115234,63.86000061035156,2149500
2005-12-08,62.0099983215332,63.02000045776367,61.7400016784668,62.9900016784668,2356400
2005-12-09,63.400001525878906,63.9900016784668,62.150001525878906,62.43000030517578,2629700
2005-12-12,64.05999755859375,64.4000015258789,63.810001373291016,64.0999984741211,2800700
2005-12-13,65.30999755859375,65.55000305175781,63.68999862670898,64.4000015258789,3246600
2005-12-14,65.16000366210938,65.43000030517578,64.41999816894531,65.23999786376953,3057000
2005-12-15,65.51000213623047,65.58000183105469,64.55000305175781,64.95999908447266,3064600
2005-12-16,66.0199966430664,66.33000183105469,65.69999694824219,65.87999725341797,4639700
2005-12-19,65.91000366210938,66.22000122070312,65.51000213623047,66.0,2177800
2005-12-20,65.27999877929688,65.81999969482422,65.08000183105469,65.80999755859375,2112800
2005-12-21,65.5,66.48999786376953,65.2300033569336,65.80000305175781,1906600
2005-12-22,66.94000244140625,67.31999969482422,65.9000015258789,65.91000366210938,2693600
2005-12-23,66.91999816894531,67.12999725341797,66.6500015258789,67.0,1542800
2005-12-27,65.86000061035156,67.48999786376953,65.79000091552734,67.4000015258789,2106500
2005-12-28,65.66999816894531,66.1500015258789,65.20999908447266,65.54000091552734,2026200
2005-12-29,65.19999694824219,66.1500015258789,65.12000274658203,65.9800033569336,1824500
2005-12-30,65.3499984741211,65.69000244140625,64.63999938964844,64.63999938964844,1892300
2006-01-03,65.30000305175781,66.19000244140625,64.5999984741211,66.19000244140625,2950300
2006-01-04,65.25,65.3499984741211,64.87000274658203,65.30999755859375,2720400
2006-01-05,66.25,66.33999633789062,65.69999694824219,65.94999694824219,5735000
2006-01-06,66.52999877929688,66.87999725341797,66.16999816894531,66.4000015258789,2986300
2006-01-09,66.7699966430664,66.93000030517578,66.0199966430664,66.80000305175781,2441200
2006-01-10,66.0199966430664,66.7699966430664,65.5999984741211,66.7699966430664,8446100
2006-01-11,67.44999694824219,67.44999694824219,66.29000091552734,66.55000305175781,4337800
2006-01-12,67.6500015258789,67.86000061035156,67.22000122070312,67.55000305175781,2703900
2006-01-13,67.80000305175781,67.98999786376953,67.26000213623047,67.9000015258789,2913600
2006-01-17,67.41999816894531,67.55000305175781,66.75,67.25,2172800
2006-01-18,67.2300033569336,67.98999786376953,67.08999633789062,67.5,2244700
2006-01-19,67.55999755859375,67.8499984741211,67.1500015258789,67.5999984741211,1850500
2006-01-20,65.91000366210938,67.44000244140625,65.80999755859375,67.44000244140625,2800600
2006-01-23,65.52999877929688,66.22000122070312,65.33000183105469,66.05000305175781,2042100
2006-01-24,66.11000061035156,66.69000244140625,65.5999984741211,65.5999984741211,3055800
2006-01-25,66.0199966430664,66.41000366210938,65.56999969482422,66.3499984741211,2183900
2006-01-26,66.9800033569336,67.47000122070312,66.33000183105469,66.52999877929688,5034900
2006-01-27,67.91999816894531,68.19999694824219,66.48999786376953,67.05000305175781,3194700
2006-01-30,67.66999816894531,68.3499984741211,67.05000305175781,68.3499984741211,2052800
2006-01-31,67.86000061035156,68.0999984741211,67.20999908447266,67.4000015258789,1995900
2006-02-01,67.18000030517578,67.5999984741211,66.62000274658203,67.5,2575900
2006-02-02,66.43000030517578,67.5,66.05999755859375,67.22000122070312,2347000
2006-02-03,65.76000213623047,66.5,65.0,65.43000030517578,3198900
2006-02-06,65.80999755859375,66.1500015258789,65.55000305175781,65.87000274658203,1485000
2006-02-07,64.93000030517578,66.58999633789062,64.69999694824219,65.54000091552734,2468700
2006-02-08,65.20999908447266,65.62999725341797,64.72000122070312,65.30000305175781,1808800
2006-02-09,66.01000213623047,66.25,65.16000366210938,65.52999877929688,3052600
2006-02-10,66.80999755859375,66.94999694824219,65.9000015258789,66.05000305175781,2406300
2006-02-13,66.30000305175781,66.91999816894531,65.94999694824219,66.55999755859375,3008000
2006-02-14,66.38999938964844,67.05999755859375,66.0,66.30999755859375,2505000
2006-02-15,65.5999984741211,66.5,65.36000061035156,66.31999969482422,2335400
2006-02-16,66.27999877929688,66.41000366210938,65.4000015258789,65.5,2028400
2006-02-17,66.30000305175781,66.75,66.01000213623047,66.56999969482422,1837000
2006-02-21,66.05999755859375,66.68000030517578,65.86000061035156,66.4800033569336,1515200
2006-02-22,67.19000244140625,67.44000244140625,66.63999938964844,66.6500015258789,3095300
2006-02-23,67.86000061035156,68.33999633789062,67.31999969482422,67.33999633789062,3203400
2006-02-24,67.94999694824219,68.38999938964844,67.5999984741211,67.7300033569336,2139700
2006-02-27,68.5199966430664,68.75,67.94999694824219,68.4000015258789,1838400
2006-02-28,67.38999938964844,68.55999755859375,67.19000244140625,68.4800033569336,3198200
2006-03-01,67.77999877929688,67.87000274658203,66.94999694824219,67.5,2090100
2006-03-02,66.91999816894531,67.5,66.61000061035156,67.33000183105469,2971200
2006-03-03,66.51000213623047,67.05000305175781,66.36000061035156,67.01000213623047,4265600
2006-03-06,65.69000244140625,66.77999877929688,65.5,66.36000061035156,2043300
2006-03-07,65.68000030517578,66.02999877929688,65.25,65.83999633789062,2284700
2006-03-08,64.80000305175781,65.5,64.5,65.5,2638200
2006-03-09,64.01000213623047,65.2300033569336,63.97999954223633,64.97000122070312,1812900
2006-03-10,63.88999938964844,64.81999969482422,62.7400016784668,64.81999969482422,3536600
2006-03-13,63.060001373291016,64.4000015258789,62.869998931884766,64.05000305175781,2784300
2006-03-14,63.81999969482422,63.88999938964844,62.52000045776367,62.84999847412109,2707100
2006-03-15,64.25,64.37999725341797,63.650001525878906,63.81999969482422,3228200
2006-03-16,64.16000366210938,64.7300033569336,63.7599983215332,64.25,2640400
2006-03-17,64.25,64.80000305175781,64.12000274658203,64.37999725341797,2447200
2006-03-20,64.8499984741211,65.16999816894531,64.23999786376953,64.25,3123100
2006-03-21,64.44999694824219,65.1500015258789,64.31999969482422,64.75,2586700
2006-03-22,64.16999816894531,64.22000122070312,63.540000915527344,64.1500015258789,3595000
2006-03-23,64.20999908447266,64.80000305175781,63.70000076293945,64.16999816894531,2092000
2006-03-24,63.43999862670898,64.05000305175781,63.34999847412109,64.01000213623047,1846600
2006-03-27,64.01000213623047,64.3499984741211,62.810001373291016,63.65999984741211,2830600
2006-03-28,63.459999084472656,64.36000061035156,63.27999877929688,64.19000244140625,2202700
2006-03-29,63.18999862670898,63.59000015258789,62.70000076293945,63.29999923706055,1725800
2006-03-30,62.45000076293945,63.40999984741211,62.310001373291016,62.93999862670898,2475600
2006-03-31,61.0,63.20000076293945,60.63999938964844,62.93999862670898,5298000
2006-04-03,60.0,60.959999084472656,59.7599983215332,60.93999862670898,4209100
2006-04-04,60.86000061035156,61.119998931884766,59.900001525878906,60.0,4584400
2006-04-05,60.43999862670898,61.34999847412109,60.31999969482422,60.86000061035156,3445500
2006-04-06,60.5,60.650001525878906,59.41999816894531,59.95000076293945,5601400
2006-04-07,59.34999847412109,60.95000076293945,59.13999938964844,60.43999862670898,2485400
2006-04-10,59.47999954223633,60.09000015258789,59.18000030517578,59.59999847412109,1908100
2006-04-11,59.34000015258789,59.84999847412109,59.02000045776367,59.650001525878906,2142400
2006-04-12,59.59000015258789,59.79999923706055,59.27999877929688,59.29999923706055,2432100
2006-04-13,60.0,60.34999847412109,59.0,59.59999847412109,3023400
2006-04-17,60.310001373291016,60.58000183105469,59.790000915527344,60.130001068115234,2932100
2006-04-18,61.88999938964844,62.0,60.02000045776367,60.400001525878906,2911400
2006-04-19,61.130001068115234,61.95000076293945,60.86000061035156,61.5,2283100
2006-04-20,60.52000045776367,61.52000045776367,60.470001220703125,60.79999923706055,2259500
2006-04-21,60.36000061035156,61.0099983215332,59.959999084472656,61.0099983215332,2171200
2006-04-24,60.20000076293945,60.650001525878906,59.84999847412109,60.15999984741211,1869800
2006-04-25,59.90999984741211,60.47999954223633,59.59999847412109,60.25,2205300
2006-04-26,60.70000076293945,60.959999084472656,60.0099983215332,60.18999862670898,1865600
2006-04-27,61.209999084472656,61.93999862670898,59.79999923706055,59.79999923706055,2239100
2006-04-28,61.060001373291016,61.38999938964844,60.70000076293945,60.959999084472656,1891700
2006-05-01,60.290000915527344,61.58000183105469,60.20000076293945,61.310001373291016,2330900
2006-05-02,61.7400016784668,62.0,60.29999923706055,60.400001525878906,2547600
2006-05-03,61.650001525878906,62.459999084472656,61.33000183105469,61.970001220703125,2458000
2006-05-04,61.20000076293945,62.060001373291016,61.08000183105469,61.88999938964844,1005800
2006-05-05,61.95000076293945,62.4900016784668,61.470001220703125,61.75,1994900
2006-05-08,62.25,62.810001373291016,62.119998931884766,62.22999954223633,1498800
2006-05-09,62.970001220703125,63.9900016784668,62.84999847412109,63.70000076293945,2348800
2006-05-10,63.150001525878906,63.25,62.38999938964844,62.900001525878906,1563400
2006-05-11,62.709999084472656,63.29999923706055,62.150001525878906,63.25,1722000
2006-05-12,62.0,62.93999862670898,61.880001068115234,62.84000015258789,2191800
2006-05-15,62.95000076293945,63.0,61.09000015258789,61.70000076293945,2713600
2006-05-16,62.61000061035156,63.29999923706055,62.22999954223633,63.0,1619500
2006-05-17,61.40999984741211,62.61000061035156,61.34000015258789,62.61000061035156,2090200
2006-05-18,60.5,61.709999084472656,60.400001525878906,60.61000061035156,2419300
2006-05-19,60.560001373291016,61.209999084472656,60.150001525878906,60.970001220703125,2419800
2006-05-22,61.5099983215332,62.0099983215332,60.59999847412109,60.619998931884766,2436800
2006-05-23,61.18000030517578,61.970001220703125,60.43999862670898,61.09999847412109,2908900
2006-05-24,60.88999938964844,61.65999984741211,60.380001068115234,61.18000030517578,2788600
2006-05-25,61.2599983215332,61.65999984741211,60.720001220703125,61.18999862670898,2707500
2006-05-26,62.060001373291016,62.13999938964844,61.150001525878906,61.5,1933000
2006-05-30,61.58000183105469,62.40999984741211,61.52999877929688,61.95000076293945,2561600
2006-05-31,60.040000915527344,61.150001525878906,59.5,61.0,4854000
2006-06-01,60.65999984741211,60.77999877929688,60.0,60.22999954223633,2544500
2006-06-02,60.66999816894531,61.2400016784668,60.119998931884766,60.40999984741211,3130300
2006-06-05,60.09999847412109,60.93999862670898,59.959999084472656,60.720001220703125,3574300
2006-06-06,58.11000061035156,59.11000061035156,57.70000076293945,59.09999847412109,7457800
2006-06-07,58.45000076293945,58.70000076293945,57.880001068115234,57.900001525878906,7109100
2006-06-08,58.060001373291016,58.25,57.0,57.97999954223633,5750500
2006-06-09,57.560001373291016,58.16999816894531,57.52000045776367,57.84999847412109,3464900
2006-06-12,56.79999923706055,57.619998931884766,56.77999877929688,57.560001373291016,6310000
2006-06-13,57.220001220703125,57.880001068115234,56.95000076293945,56.95000076293945,6014700
2006-06-14,57.58000183105469,57.650001525878906,56.77000045776367,56.900001525878906,3265400
2006-06-15,57.7599983215332,57.88999938964844,56.7400016784668,57.47999954223633,4364900
2006-06-16,57.5,58.459999084472656,57.2400016784668,57.40999984741211,8299700
2006-06-19,57.56999969482422,58.290000915527344,57.5,57.5099983215332,4831800
2006-06-20,57.84000015258789,58.34000015258789,57.0,57.29999923706055,3605400
2006-06-21,57.52999877929688,58.02999877929688,57.2599983215332,57.59999847412109,2264200
2006-06-22,57.22999954223633,57.560001373291016,56.72999954223633,57.25,2705200
2006-06-23,56.79999923706055,57.33000183105469,56.70000076293945,56.900001525878906,2403400
2006-06-26,57.290000915527344,57.400001525878906,56.9900016784668,57.29999923706055,1885100
2006-06-27,56.70000076293945,57.4900016784668,56.59999847412109,57.4900016784668,2361600
2006-06-28,56.79999923706055,57.20000076293945,56.5,56.79999923706055,4963300
2006-06-29,57.09999847412109,57.470001220703125,56.52999877929688,57.29999923706055,3557900
2006-06-30,57.0099983215332,57.27999877929688,56.709999084472656,57.20000076293945,4434000
2006-07-03,57.5,57.59999847412109,56.709999084472656,57.0099983215332,826500
2006-07-05,57.93000030517578,58.34999847412109,57.400001525878906,57.540000915527344,3663200
2006-07-06,57.66999816894531,58.130001068115234,57.38999938964844,57.54999923706055,2073000
2006-07-07,57.59999847412109,57.93000030517578,56.93999862670898,57.209999084472656,2140700
2006-07-10,58.13999938964844,58.290000915527344,57.45000076293945,57.45000076293945,1712200
2006-07-11,57.77999877929688,58.31999969482422,57.150001525878906,58.31999969482422,2211800
2006-07-12,57.11000061035156,57.86000061035156,56.9900016784668,57.68000030517578,1962900
2006-07-13,56.540000915527344,57.34000015258789,56.400001525878906,57.20000076293945,1916800
2006-07-14,55.79999923706055,56.470001220703125,55.63999938964844,56.470001220703125,1551300
2006-07-17,56.25,56.5099983215332,55.810001373291016,55.86000061035156,2379100
2006-07-18,56.810001373291016,57.150001525878906,56.29999923706055,56.29999923706055,3285100
2006-07-19,57.38999938964844,57.970001220703125,57.060001373291016,57.060001373291016,3052000
2006-07-20,57.09000015258789,57.59000015258789,57.09000015258789,57.380001068115234,1899800
2006-07-21,57.290000915527344,57.52999877929688,56.22999954223633,56.22999954223633,2898300
2006-07-24,57.630001068115234,58.16999816894531,57.27999877929688,57.27999877929688,2115900
2006-07-25,58.040000915527344,58.52999877929688,57.40999984741211,58.09999847412109,2172100
2006-07-26,57.45000076293945,57.88999938964844,57.400001525878906,57.650001525878906,2438500
2006-07-27,57.150001525878906,58.15999984741211,57.0099983215332,57.81999969482422,2193300
2006-07-28,58.369998931884766,58.59000015258789,57.40999984741211,57.7400016784668,2748200
2006-07-31,57.86000061035156,58.5,57.470001220703125,58.04999923706055,2291100
2006-08-01,57.52999877929688,57.81999969482422,57.02999877929688,57.34999847412109,3096100
2006-08-02,57.38999938964844,57.77000045776367,57.220001220703125,57.77000045776367,2435400
2006-08-03,57.540000915527344,57.869998931884766,57.06999969482422,57.41999816894531,2338100
2006-08-04,57.59999847412109,57.9900016784668,57.36000061035156,57.79999923706055,3203900
2006-08-07,57.93000030517578,58.08000183105469,57.40999984741211,57.59999847412109,2056300
2006-08-08,57.619998931884766,58.2599983215332,57.40999984741211,58.08000183105469,2610500
2006-08-09,57.52999877929688,58.04999923706055,57.400001525878906,57.79999923706055,2614000
2006-08-10,58.68999862670898,58.83000183105469,57.459999084472656,57.63999938964844,3218700
2006-08-11,58.5,59.02000045776367,58.310001373291016,58.540000915527344,2095700
2006-08-14,58.900001525878906,59.540000915527344,58.86000061035156,59.0,2448600
2006-08-15,59.95000076293945,60.08000183105469,59.34999847412109,59.41999816894531,2460900
2006-08-16,60.40999984741211,60.56999969482422,59.900001525878906,60.5,2987900
2006-08-17,60.83000183105469,61.08000183105469,60.13999938964844,60.27999877929688,3041800
2006-08-18,61.16999816894531,61.290000915527344,60.470001220703125,60.88999938964844,2827000
2006-08-21,61.150001525878906,61.369998931884766,61.0,61.0,2458200
2006-08-22,61.5,61.7400016784668,61.040000915527344,61.209999084472656,3571800
2006-08-23,61.79999923706055,61.95000076293945,61.47999954223633,61.619998931884766,2785700
2006-08-24,63.400001525878906,63.5,62.0,62.0,4927600
2006-08-25,63.40999984741211,63.619998931884766,62.959999084472656,63.25,3102900
2006-08-28,63.84999847412109,64.19999694824219,63.209999084472656,63.40999984741211,2458000
2006-08-29,64.44999694824219,64.55999755859375,63.2599983215332,63.720001220703125,2647400
2006-08-30,63.869998931884766,64.8499984741211,63.5099983215332,64.6500015258789,2322100
2006-08-31,63.59999847412109,63.900001525878906,63.43999862670898,63.869998931884766,2018800
2006-09-01,63.66999816894531,63.810001373291016,63.400001525878906,63.79999923706055,1318500
2006-09-05,63.5099983215332,63.79999923706055,63.20000076293945,63.66999816894531,2454300
2006-09-06,63.619998931884766,63.79999923706055,63.209999084472656,63.45000076293945,2485900
2006-09-07,63.130001068115234,63.77000045776367,62.90999984741211,63.77000045776367,2319600
2006-09-08,63.45000076293945,63.5,62.720001220703125,63.34999847412109,2499600
2006-09-11,63.52000045776367,63.86000061035156,63.27999877929688,63.5,1360600
2006-09-12,63.900001525878906,64.20999908447266,63.130001068115234,63.77000045776367,2262100
2006-09-13,64.0999984741211,64.30999755859375,63.470001220703125,63.869998931884766,1758200
2006-09-14,63.20000076293945,63.68999862670898,62.7400016784668,63.63999938964844,2925800
2006-09-15,64.37000274658203,64.62000274658203,63.5,63.560001373291016,3214400
2006-09-18,64.04000091552734,64.36000061035156,63.75,64.19999694824219,1402800
2006-09-19,64.2699966430664,64.30999755859375,63.560001373291016,64.27999877929688,1132800
2006-09-20,64.76000213623047,64.86000061035156,64.4000015258789,64.5199966430664,1905700
2006-09-21,64.25,64.79000091552734,63.970001220703125,64.69999694824219,1279300
2006-09-22,64.16999816894531,64.44999694824219,63.81999969482422,64.4000015258789,999800
2006-09-25,65.08000183105469,65.2300033569336,64.41999816894531,64.6500015258789,3363500
2006-09-26,65.58000183105469,65.73999786376953,64.86000061035156,65.25,2066900
2006-09-27,65.47000122070312,65.80000305175781,65.0999984741211,65.3499984741211,2302500
2006-09-28,65.76000213623047,65.93000030517578,65.20999908447266,65.3499984741211,1321200
2006-09-29,66.33000183105469,66.47000122070312,65.94999694824219,65.94999694824219,2392300
2006-10-02,65.16000366210938,66.37000274658203,64.80000305175781,66.33000183105469,1906300
2006-10-03,66.04000091552734,66.30000305175781,65.16000366210938,65.3499984741211,2733200
2006-10-04,66.33000183105469,66.47000122070312,65.6500015258789,66.19999694824219,2278900
2006-10-05,66.98999786376953,67.12999725341797,66.05000305175781,66.33000183105469,2169100
2006-10-06,67.30000305175781,67.30999755859375,66.62000274658203,66.9000015258789,2372800
2006-10-09,67.69000244140625,67.94000244140625,67.13999938964844,67.41999816894531,2413800
2006-10-10,67.66000366210938,68.0,67.5,67.75,2146000
2006-10-11,68.1500015258789,68.16999816894531,67.16999816894531,67.66000366210938,2964500
2006-10-12,68.75,68.9000015258789,68.2300033569336,68.55000305175781,3584100
2006-10-13,68.37999725341797,68.7699966430664,67.88999938964844,68.6500015258789,2501900
2006-10-16,69.0,69.01000213623047,68.05999755859375,68.5,2596800
2006-10-17,68.94999694824219,69.06999969482422,68.51000213623047,68.6500015258789,2356000
2006-10-18,70.25,70.37000274658203,69.02999877929688,69.02999877929688,5464600
2006-10-19,68.9000015258789,69.77999877929688,68.62999725341797,69.75,3157100
2006-10-20,68.41999816894531,68.52999877929688,67.77999877929688,68.25,3823600
2006-10-23,68.38999938964844,68.8499984741211,68.05999755859375,68.41999816894531,3219700
2006-10-24,68.19999694824219,68.33000183105469,67.72000122070312,67.9000015258789,3279000
2006-10-25,69.16999816894531,69.4000015258789,68.13999938964844,68.3499984741211,2582000
2006-10-26,69.1500015258789,69.3499984741211,68.27999877929688,69.0,2177100
2006-10-27,69.0999984741211,69.37999725341797,68.55999755859375,68.8499984741211,2063600
2006-10-30,69.04000091552734,69.55000305175781,68.66000366210938,69.11000061035156,2042900
2006-10-31,68.98999786376953,69.55999755859375,68.83999633789062,69.29000091552734,3521900
2006-11-01,67.86000061035156,69.01000213623047,67.66999816894531,68.9000015258789,3944300
2006-11-02,67.91000366210938,68.37000274658203,67.7699966430664,67.86000061035156,2561200
2006-11-03,67.97000122070312,68.58000183105469,67.91000366210938,68.29000091552734,1792800
2006-11-06,69.16000366210938,69.3499984741211,68.11000061035156,68.22000122070312,2823500
2006-11-07,69.86000061035156,70.0,68.97000122070312,69.41000366210938,3037600
2006-11-08,71.2300033569336,71.91999816894531,70.0,70.0,5792800
2006-11-09,70.01000213623047,71.5,69.45999908447266,71.5,5219500
2006-11-10,69.4800033569336,70.31999969482422,69.16999816894531,70.0999984741211,3295500
2006-11-13,69.04000091552734,69.6500015258789,69.0199966430664,69.19999694824219,2343900
2006-11-14,68.79000091552734,69.3499984741211,68.43000030517578,69.19999694824219,3301600
2006-11-15,68.54000091552734,68.97000122070312,68.12999725341797,68.87000274658203,3355300
2006-11-16,68.58999633789062,69.58000183105469,68.3499984741211,69.25,3665300
2006-11-17,68.0,68.3499984741211,67.66999816894531,67.9000015258789,4217000
2006-11-20,67.62000274658203,68.0999984741211,67.33000183105469,68.0,2398300
2006-11-21,67.51000213623047,68.05999755859375,67.33000183105469,67.94999694824219,1075500
2006-11-22,68.16999816894531,68.52999877929688,67.26000213623047,67.26000213623047,1599000
2006-11-24,67.27999877929688,67.79000091552734,67.11000061035156,67.56999969482422,781500
2006-11-27,66.52999877929688,67.68000030517578,66.30999755859375,67.05000305175781,2251600
2006-11-28,66.41000366210938,67.58000183105469,66.2699966430664,67.30999755859375,1552100
2006-11-29,67.05000305175781,67.4000015258789,66.45999908447266,66.5,1336100
2006-11-30,67.16000366210938,67.38999938964844,66.52999877929688,67.0,1586400
2006-12-01,66.93000030517578,67.1500015258789,66.30000305175781,67.1500015258789,2593700
2006-12-04,68.0,68.19999694824219,67.1500015258789,67.4000015258789,1918300
2006-12-05,68.23999786376953,68.5199966430664,67.77999877929688,67.94999694824219,2510000
2006-12-06,68.45999908447266,68.87000274658203,68.2699966430664,68.30000305175781,2410900
2006-12-07,68.5,69.8499984741211,68.37000274658203,69.0,2447400
2006-12-08,68.56999969482422,69.0,68.06999969482422,68.5999984741211,1280200
2006-12-11,68.75,69.06999969482422,68.33000183105469,68.58000183105469,1393400
2006-12-12,69.02999877929688,69.20999908447266,68.37000274658203,68.52999877929688,1725300
2006-12-13,69.11000061035156,69.75,68.47000122070312,69.75,2177800
2006-12-14,68.94999694824219,69.0999984741211,68.11000061035156,68.62000274658203,1908600
2006-12-15,68.98999786376953,69.04000091552734,68.58000183105469,69.0,2596800
2006-12-18,68.5,69.25,68.48999786376953,69.11000061035156,1441600
2006-12-19,68.4000015258789,68.75,68.31999969482422,68.4000015258789,1627600
2006-12-20,68.5,68.66000366210938,68.2699966430664,68.55000305175781,1440300
2006-12-21,68.37999725341797,68.63999938964844,68.18000030517578,68.5,2363300
2006-12-22,67.98999786376953,68.48999786376953,67.55000305175781,68.45999908447266,1877800
2006-12-26,68.41000366210938,68.54000091552734,67.94999694824219,68.19000244140625,806100
2006-12-27,68.58999633789062,69.25,68.33000183105469,69.25,1423800
2006-12-28,68.37000274658203,68.66999816894531,68.01000213623047,68.58999633789062,1201600
2006-12-29,67.9000015258789,68.5199966430664,67.7699966430664,68.19999694824219,1129000
2007-01-03,67.88999938964844,68.55000305175781,67.58999633789062,67.83999633789062,3042400
2007-01-04,67.93000030517578,68.41999816894531,67.88999938964844,68.12000274658203,1818300
2007-01-05,66.91000366210938,67.69999694824219,66.62000274658203,67.69999694824219,3097900
2007-01-08,65.93000030517578,66.8499984741211,65.5,66.8499984741211,3780800
2007-01-09,65.44999694824219,66.19000244140625,65.11000061035156,65.9800033569336,2815800
2007-01-10,65.20999908447266,65.26000213623047,64.5999984741211,64.94999694824219,3626200
2007-01-11,65.44000244140625,65.80000305175781,64.70999908447266,65.3499984741211,2947700
2007-01-12,65.2699966430664,65.4800033569336,64.66999816894531,65.19999694824219,3263400
2007-01-16,65.05000305175781,65.30000305175781,64.5999984741211,65.30000305175781,4150600
2007-01-17,64.94999694824219,65.12999725341797,64.31999969482422,65.08999633789062,3408200
2007-01-18,64.97000122070312,65.26000213623047,64.3499984741211,64.94999694824219,2959400
2007-01-19,65.0,65.30000305175781,64.68000030517578,65.12000274658203,4988500
2007-01-22,64.62999725341797,65.19999694824219,64.47000122070312,64.8499984741211,1912000
2007-01-23,65.0,65.23999786376953,64.55000305175781,64.80999755859375,1871700
2007-01-24,64.93000030517578,64.9800033569336,64.68000030517578,64.94999694824219,1928600
2007-01-25,64.5,65.18000030517578,64.3499984741211,64.93000030517578,1828900
2007-01-26,64.43000030517578,64.75,63.880001068115234,64.5,1563600
2007-01-29,64.06999969482422,64.70999908447266,63.83000183105469,64.5,1711500
2007-01-30,63.970001220703125,64.51000213623047,63.709999084472656,64.1500015258789,1487200
2007-01-31,64.93000030517578,65.04000091552734,63.720001220703125,63.720001220703125,1857700
2007-02-01,65.61000061035156,65.62999725341797,64.7699966430664,64.93000030517578,2348000
2007-02-02,65.94999694824219,66.01000213623047,65.72000122070312,65.8499984741211,2166400
2007-02-05,65.22000122070312,65.83999633789062,65.12000274658203,65.75,1332000
2007-02-06,65.02999877929688,65.33000183105469,64.48999786376953,65.13999938964844,2679400
2007-02-07,65.55000305175781,65.95999908447266,65.16000366210938,65.2300033569336,1836000
2007-02-08,64.5,65.55999755859375,64.29000091552734,65.51000213623047,1768900
2007-02-09,64.5,65.41000366210938,64.19999694824219,64.69999694824219,1363200
2007-02-12,64.37999725341797,65.22000122070312,64.2300033569336,64.75,1118400
2007-02-13,65.45999908447266,65.54000091552734,64.4000015258789,64.4000015258789,1509700
2007-02-14,66.62999725341797,66.97000122070312,65.58000183105469,65.66000366210938,2003500
2007-02-15,66.19000244140625,66.55000305175781,65.75,66.44000244140625,2274500
2007-02-16,66.06999969482422,66.51000213623047,65.7699966430664,65.8499984741211,1714900
2007-02-20,66.29000091552734,66.52999877929688,65.83999633789062,66.2300033569336,3819800
2007-02-21,66.08999633789062,66.4800033569336,65.83000183105469,66.20999908447266,1688300
2007-02-22,65.69000244140625,66.48999786376953,65.5999984741211,66.31999969482422,2723700
2007-02-23,65.0,65.88999938964844,64.08000183105469,65.80000305175781,1980000
2007-02-26,64.93000030517578,65.5,64.62000274658203,65.01000213623047,1816800
2007-02-27,63.70000076293945,65.79000091552734,63.59999847412109,64.94000244140625,3729900
2007-02-28,64.12999725341797,64.36000061035156,62.81999969482422,63.709999084472656,4069600
2007-03-01,63.4900016784668,64.01000213623047,62.18000030517578,62.900001525878906,3147400
2007-03-02,62.18999862670898,63.84999847412109,62.0099983215332,63.310001373291016,3647300
2007-03-05,61.36000061035156,62.54999923706055,61.16999816894531,61.650001525878906,4606300
2007-03-06,62.11000061035156,62.970001220703125,61.630001068115234,62.959999084472656,3968800
2007-03-07,62.06999969482422,62.459999084472656,61.65999984741211,62.0,3091500
2007-03-08,62.29999923706055,62.77000045776367,61.81999969482422,61.81999969482422,2332100
2007-03-09,61.970001220703125,62.93999862670898,61.45000076293945,62.77999877929688,2351500
2007-03-12,61.310001373291016,61.88999938964844,61.02000045776367,61.88999938964844,2271400
2007-03-13,60.15999984741211,61.20000076293945,60.119998931884766,61.02000045776367,3256900
2007-03-14,60.68999862670898,60.900001525878906,59.25,60.20000076293945,2938800
2007-03-15,60.810001373291016,61.65999984741211,60.54999923706055,60.900001525878906,4568600
2007-03-16,59.52000045776367,60.970001220703125,59.34999847412109,60.790000915527344,5650100
2007-03-19,60.060001373291016,60.41999816894531,59.68999862670898,59.95000076293945,2770900
2007-03-20,60.54999923706055,61.09000015258789,59.5,60.06999969482422,2573000
2007-03-21,62.709999084472656,63.02999877929688,60.63999938964844,60.65999984741211,4651900
2007-03-22,62.2400016784668,63.02999877929688,61.97999954223633,62.709999084472656,2013600
2007-03-23,62.369998931884766,63.13999938964844,61.52999877929688,62.2400016784668,2867800
2007-03-26,62.060001373291016,62.29999923706055,61.63999938964844,62.25,3191600
2007-03-27,60.959999084472656,61.68999862670898,60.54999923706055,61.619998931884766,4009100
2007-03-28,59.27999877929688,60.5099983215332,59.27999877929688,60.41999816894531,4117200
2007-03-29,59.81999969482422,60.43000030517578,59.400001525878906,60.0,6962900
2007-03-30,59.4900016784668,60.130001068115234,58.880001068115234,59.83000183105469,3409800
2007-04-02,59.130001068115234,59.52999877929688,58.619998931884766,59.5,3740700
2007-04-03,59.400001525878906,59.959999084472656,59.290000915527344,59.380001068115234,2795300
2007-04-04,59.18999862670898,59.52000045776367,58.84000015258789,59.52000045776367,2256700
2007-04-05,59.880001068115234,59.97999954223633,58.93000030517578,59.20000076293945,3054100
2007-04-09,59.630001068115234,59.900001525878906,59.380001068115234,59.77999877929688,3062200
2007-04-10,60.040000915527344,60.11000061035156,59.54999923706055,59.84999847412109,2402600
2007-04-11,60.2599983215332,60.70000076293945,59.95000076293945,60.040000915527344,2931200
2007-04-12,60.02000045776367,60.18000030517578,59.61000061035156,60.15999984741211,2457000
2007-04-13,60.0099983215332,60.869998931884766,59.75,60.869998931884766,1866800
2007-04-16,62.060001373291016,62.13999938964844,60.220001220703125,60.58000183105469,4041200
2007-04-17,62.56999969482422,62.79999923706055,61.619998931884766,61.900001525878906,2698300
2007-04-18,64.36000061035156,64.97000122070312,62.56999969482422,62.56999969482422,5102200
2007-04-19,64.81999969482422,65.08000183105469,63.7599983215332,65.0,3101500
2007-04-20,65.20999908447266,66.27999877929688,64.81999969482422,64.81999969482422,3496000
2007-04-23,65.01000213623047,65.5999984741211,64.97000122070312,65.41000366210938,2236600
2007-04-24,64.87000274658203,65.08000183105469,64.12999725341797,64.86000061035156,2462700
2007-04-25,65.4000015258789,65.61000061035156,64.69999694824219,64.87000274658203,13552100
2007-04-26,65.5,65.66000366210938,64.75,65.18000030517578,3567100
2007-04-27,65.5,65.69000244140625,64.9800033569336,65.5,2227400
2007-04-30,64.77999877929688,65.5,64.73999786376953,65.5,2364900
2007-05-01,65.9000015258789,66.02999877929688,64.8499984741211,65.58000183105469,2458000
2007-05-02,66.27999877929688,66.43000030517578,65.81999969482422,65.88999938964844,2514300
2007-05-03,66.69000244140625,66.75,66.12000274658203,66.5,9660400
2007-05-04,66.30999755859375,66.9800033569336,66.16000366210938,66.88999938964844,2581800
2007-05-07,67.20999908447266,67.30000305175781,66.61000061035156,66.87999725341797,2543600
2007-05-08,67.56999969482422,67.66000366210938,66.94000244140625,67.13999938964844,2483800
2007-05-09,67.44000244140625,67.5,66.43000030517578,67.05000305175781,2804600
2007-05-10,66.37999725341797,67.54000091552734,66.36000061035156,67.19999694824219,1886800
2007-05-11,66.72000122070312,67.0199966430664,66.3499984741211,66.38999938964844,2646500
2007-05-14,66.05999755859375,66.86000061035156,65.87000274658203,66.36000061035156,3034600
2007-05-15,66.56999969482422,67.31999969482422,66.08000183105469,66.38999938964844,2918500
2007-05-16,67.33000183105469,67.41999816894531,66.37999725341797,66.66999816894531,3938600
2007-05-17,67.18000030517578,67.41999816894531,67.05999755859375,67.30000305175781,1788700
2007-05-18,67.58999633789062,67.75,67.0999984741211,67.30999755859375,2058000
2007-05-21,67.5,67.87000274658203,67.37000274658203,67.70999908447266,2111400
2007-05-22,67.68000030517578,67.87999725341797,67.12999725341797,67.61000061035156,2067100
2007-05-23,67.88999938964844,68.11000061035156,67.58999633789062,67.7300033569336,2966500
2007-05-24,66.37999725341797,68.12000274658203,66.31999969482422,68.01000213623047,3541700
2007-05-25,66.6500015258789,66.76000213623047,66.18000030517578,66.5999984741211,1448300
2007-05-29,66.4800033569336,67.54000091552734,66.12000274658203,67.5,1570000
2007-05-30,67.08999633789062,67.11000061035156,66.0,66.3499984741211,2763400
2007-05-31,66.79000091552734,67.56999969482422,66.72000122070312,67.44999694824219,1904600
2007-06-01,67.08999633789062,67.5,66.48999786376953,66.79000091552734,2037700
2007-06-04,67.19999694824219,67.68000030517578,66.91999816894531,66.91999816894531,1805300
2007-06-05,66.94000244140625,67.37000274658203,66.19999694824219,66.75,1880800
2007-06-06,66.66999816894531,66.95999908447266,66.18000030517578,66.94000244140625,2241500
2007-06-07,65.41000366210938,67.30000305175781,65.37999725341797,66.31999969482422,3287600
2007-06-08,64.62999725341797,65.29000091552734,63.900001525878906,65.0,3228900
2007-06-11,65.58000183105469,65.79000091552734,64.0,64.4000015258789,3018200
2007-06-12,65.02999877929688,66.0199966430664,65.02999877929688,65.4800033569336,3223300
2007-06-13,66.36000061035156,66.36000061035156,64.47000122070312,65.12000274658203,3053000
2007-06-14,65.23999786376953,66.45999908447266,64.80999755859375,65.8499984741211,3991500
2007-06-15,65.0,66.11000061035156,64.97000122070312,65.72000122070312,6059500
2007-06-18,64.3499984741211,65.16000366210938,64.31999969482422,64.95999908447266,2981500
2007-06-19,64.26000213623047,64.4000015258789,63.38999938964844,64.12000274658203,4529000
2007-06-20,62.459999084472656,64.4000015258789,62.43999862670898,63.43000030517578,2711700
2007-06-21,62.720001220703125,63.09999847412109,62.08000183105469,62.56999969482422,3472300
2007-06-22,62.27000045776367,62.880001068115234,62.09000015258789,62.61000061035156,4568400
2007-06-25,61.59000015258789,62.84999847412109,61.0,62.09999847412109,20730700
2007-06-26,61.84000015258789,63.77000045776367,61.54999923706055,62.130001068115234,3636700
2007-06-27,61.5099983215332,61.630001068115234,60.40999984741211,61.0,4426000
2007-06-28,60.790000915527344,61.58000183105469,60.77999877929688,61.27000045776367,2526600
2007-06-29,60.70000076293945,62.119998931884766,60.18000030517578,61.5,3012400
2007-07-02,61.59000015258789,61.59000015258789,60.68000030517578,61.0,2381900
2007-07-03,61.75,62.060001373291016,61.400001525878906,61.68000030517578,880100
2007-07-05,60.900001525878906,61.79999923706055,60.5099983215332,61.79999923706055,1941300
2007-07-06,60.84999847412109,61.02000045776367,60.25,60.75,1591700
2007-07-09,60.56999969482422,61.290000915527344,60.54999923706055,61.04999923706055,2011900
2007-07-10,59.68000030517578,60.58000183105469,59.59999847412109,60.18000030517578,3256200
2007-07-11,59.900001525878906,60.38999938964844,58.83000183105469,58.83000183105469,2530100
2007-07-12,61.2400016784668,61.29999923706055,59.79999923706055,60.0,2323800
2007-07-13,61.36000061035156,61.61000061035156,61.04999923706055,61.09999847412109,3374000
2007-07-16,61.29999923706055,61.79999923706055,61.09000015258789,61.09999847412109,1919300
2007-07-17,61.470001220703125,62.02999877929688,61.09000015258789,61.43000030517578,3431400
2007-07-18,61.25,61.65999984741211,60.34999847412109,61.22999954223633,4931900
2007-07-19,61.4900016784668,61.540000915527344,60.7400016784668,61.33000183105469,2762600
2007-07-20,60.0,61.630001068115234,59.83000183105469,61.47999954223633,5333600
2007-07-23,60.810001373291016,61.02999877929688,60.08000183105469,60.22999954223633,3767000
2007-07-24,58.70000076293945,60.45000076293945,58.54999923706055,60.040000915527344,4507800
2007-07-25,60.220001220703125,60.47999954223633,59.27000045776367,59.34999847412109,5021300
2007-07-26,59.38999938964844,59.91999816894531,58.130001068115234,59.5,5556800
2007-07-27,57.68000030517578,60.540000915527344,57.66999816894531,59.25,6620500
2007-07-30,59.150001525878906,59.31999969482422,57.11000061035156,57.310001373291016,4768500
2007-07-31,57.27000045776367,61.040000915527344,57.27000045776367,60.540000915527344,5139500
2007-08-01,56.900001525878906,57.619998931884766,55.18000030517578,57.16999816894531,5829600
2007-08-02,56.61000061035156,57.400001525878906,55.59999847412109,57.400001525878906,4654500
2007-08-03,55.70000076293945,57.25,55.59999847412109,56.5,9098100
2007-08-06,60.0,60.619998931884766,54.970001220703125,56.5099983215332,9840900
2007-08-07,61.63999938964844,63.88999938964844,59.5099983215332,59.84999847412109,13405300
2007-08-08,62.63999938964844,64.83000183105469,59.77999877929688,62.15999984741211,10984400
2007-08-09,61.66999816894531,63.31999969482422,58.25,61.4900016784668,8675000
2007-08-10,61.95000076293945,64.7300033569336,60.470001220703125,61.58000183105469,9686500
2007-08-13,61.52000045776367,62.93999862670898,59.220001220703125,60.75,6108400
2007-08-14,59.40999984741211,61.9900016784668,58.900001525878906,61.84999847412109,5020300
2007-08-15,60.27999877929688,61.959999084472656,59.119998931884766,59.41999816894531,4588300
2007-08-16,61.34000015258789,62.0,59.0,59.11000061035156,10156300
2007-08-17,63.70000076293945,67.19999694824219,60.59999847412109,63.88999938964844,10729000
2007-08-20,63.52999877929688,64.19999694824219,62.09999847412109,63.68000030517578,8767600
2007-08-21,64.16000366210938,64.37999725341797,63.02000045776367,63.02000045776367,6500500
2007-08-22,64.88999938964844,65.33999633789062,63.90999984741211,64.37999725341797,3407800
2007-08-23,64.04000091552734,65.80000305175781,63.630001068115234,64.88999938964844,2994700
2007-08-24,63.59999847412109,64.66000366210938,63.2599983215332,64.55000305175781,1981700
2007-08-27,62.58000183105469,63.709999084472656,62.2599983215332,63.08000183105469,20405400
2007-08-28,61.20000076293945,62.209999084472656,61.06999969482422,61.7599983215332,4789700
2007-08-29,63.25,63.25,60.20000076293945,61.43999862670898,4410700
2007-08-30,60.06999969482422,62.04999923706055,59.79999923706055,61.09999847412109,7944000
2007-08-31,61.61000061035156,63.209999084472656,59.84999847412109,61.02999877929688,11316900
2007-09-04,62.25,62.66999816894531,60.18999862670898,61.77000045776367,3887600
2007-09-05,60.150001525878906,62.31999969482422,59.84000015258789,61.11000061035156,6764500
2007-09-06,59.38999938964844,60.5,59.09999847412109,59.45000076293945,3248100
2007-09-07,59.310001373291016,60.31999969482422,57.38999938964844,58.470001220703125,4691600
2007-09-10,58.75,60.04999923706055,58.58000183105469,59.79999923706055,4373400
2007-09-11,59.25,60.41999816894531,58.869998931884766,59.11000061035156,2963400
2007-09-12,58.77000045776367,59.63999938964844,58.5,58.970001220703125,2673400
2007-09-13,58.0,58.97999954223633,57.380001068115234,58.11000061035156,3849800
2007-09-14,57.369998931884766,57.95000076293945,56.95000076293945,57.52999877929688,3497700
2007-09-17,56.54999923706055,57.150001525878906,56.0099983215332,57.02999877929688,3445600
2007-09-18,59.52000045776367,59.560001373291016,56.310001373291016,56.720001220703125,5592400
2007-09-19,61.15999984741211,62.84999847412109,60.0,60.16999816894531,8120500
2007-09-20,59.88999938964844,61.84999847412109,59.34000015258789,60.470001220703125,4427200
2007-09-21,60.34999847412109,60.810001373291016,59.869998931884766,60.59000015258789,5120100
2007-09-24,59.5,61.0,59.20000076293945,60.2400016784668,2756800
2007-09-25,59.52999877929688,60.38999938964844,58.75,58.97999954223633,2875100
2007-09-26,59.54999923706055,60.18999862670898,59.15999984741211,59.91999816894531,2801200
2007-09-27,59.9900016784668,60.119998931884766,59.18999862670898,59.9900016784668,1739900
2007-09-28,59.0099983215332,60.209999084472656,58.900001525878906,60.060001373291016,3555400
2007-10-01,60.29999923706055,60.29999923706055,58.880001068115234,59.0099983215332,2846100
2007-10-02,62.040000915527344,62.2400016784668,60.459999084472656,60.59000015258789,3213700
2007-10-03,62.470001220703125,63.2599983215332,61.810001373291016,62.02999877929688,2846900
2007-10-04,63.18999862670898,65.87999725341797,62.59999847412109,62.900001525878906,3536100
2007-10-05,63.43000030517578,64.0,62.79999923706055,63.79999923706055,2680300
2007-10-08,62.79999923706055,63.43000030517578,62.540000915527344,63.20000076293945,1320100
2007-10-09,62.77999877929688,63.34000015258789,62.2400016784668,63.0,2154500
2007-10-10,62.04999923706055,62.77999877929688,61.70000076293945,62.77000045776367,2659900
2007-10-11,60.77999877929688,62.29999923706055,60.59999847412109,62.119998931884766,4967600
2007-10-12,60.630001068115234,61.33000183105469,60.27999877929688,60.5099983215332,2024000
2007-10-15,59.0,61.119998931884766,58.720001220703125,59.79999923706055,3281800
2007-10-16,57.619998931884766,59.150001525878906,57.619998931884766,58.77999877929688,3294400
2007-10-17,56.220001220703125,58.79999923706055,55.77999877929688,58.40999984741211,8249000
2007-10-18,54.70000076293945,56.09000015258789,54.34999847412109,56.060001373291016,5298500
2007-10-19,53.04999923706055,54.70000076293945,52.68999862670898,54.70000076293945,5495200
2007-10-22,52.81999969482422,53.810001373291016,51.84999847412109,51.97999954223633,6649300
2007-10-23,53.2400016784668,53.560001373291016,52.43000030517578,53.06999969482422,2981600
2007-10-24,51.04999923706055,53.2400016784668,49.470001220703125,53.130001068115234,9003200
2007-10-25,50.59000015258789,52.34999847412109,49.77000045776367,51.40999984741211,6023600
2007-10-26,52.68999862670898,53.29999923706055,50.38999938964844,51.5,9534200
2007-10-29,51.75,53.25,51.060001373291016,52.97999954223633,3870200
2007-10-30,51.95000076293945,52.459999084472656,51.459999084472656,51.630001068115234,3266500
2007-10-31,52.22999954223633,52.900001525878906,51.54999923706055,52.59000015258789,4586900
2007-11-01,49.43000030517578,51.2400016784668,49.25,50.52000045776367,7292500
2007-11-02,48.33000183105469,50.220001220703125,46.869998931884766,50.220001220703125,6821100
2007-11-05,47.34000015258789,48.459999084472656,46.86000061035156,47.09999847412109,5843400
2007-11-06,49.38999938964844,49.38999938964844,47.380001068115234,47.380001068115234,5170500
2007-11-07,45.130001068115234,49.08000183105469,44.75,49.08000183105469,15007200
2007-11-08,43.81999969482422,46.209999084472656,43.0099983215332,44.59000015258789,10848600
2007-11-09,41.70000076293945,43.560001373291016,39.45000076293945,43.15999984741211,15933100
2007-11-12,40.0,41.540000915527344,38.68000030517578,41.540000915527344,12496300
2007-11-13,44.560001373291016,44.810001373291016,40.2599983215332,40.2599983215332,13153000
2007-11-14,44.18999862670898,45.84999847412109,43.959999084472656,44.75,7940900
2007-11-15,41.86000061035156,44.02999877929688,41.34999847412109,43.93000030517578,7589900
2007-11-16,40.720001220703125,42.95000076293945,38.40999984741211,42.060001373291016,19822400
2007-11-19,37.5,40.5099983215332,36.65999984741211,39.880001068115234,22398300
2007-11-20,26.739999771118164,29.5,24.309999465942383,25.26000022888184,84598100
2007-11-21,26.0,26.940000534057617,24.200000762939453,24.5,38787500
2007-11-23,26.46999931335449,26.739999771118164,25.299999237060547,26.459999084472656,12075200
2007-11-26,24.5,25.88999938964844,22.89999961853028,25.809999465942383,31435300
2007-11-27,25.729999542236328,26.290000915527344,24.5,24.68000030517578,29393000
2007-11-28,29.420000076293945,30.5,26.07999992370605,26.200000762939453,52051700
2007-11-29,29.51000022888184,31.36000061035156,29.25,30.3799991607666,23169000
2007-11-30,35.06999969482422,35.61000061035156,32.31999969482422,32.47999954223633,27103700
2007-12-03,33.529998779296875,35.20000076293945,32.720001220703125,35.18000030517578,14455500
2007-12-04,32.310001373291016,32.779998779296875,30.770000457763672,32.61000061035156,15115100
2007-12-05,34.66999816894531,35.380001068115234,32.0,32.7599983215332,16651900
2007-12-06,37.09999847412109,37.150001525878906,34.52000045776367,35.0,11547900
2007-12-07,35.540000915527344,37.18000030517578,35.400001525878906,36.65999984741211,12460400
2007-12-10,35.040000915527344,36.130001068115234,34.849998474121094,35.599998474121094,9760300
2007-12-11,31.309999465942383,35.2400016784668,31.190000534057617,35.2400016784668,19906600
2007-12-12,30.420000076293945,33.599998474121094,29.450000762939453,32.72999954223633,20124200
2007-12-13,32.459999084472656,32.7400016784668,29.26000022888184,29.71999931335449,20144700
2007-12-14,31.850000381469727,33.41999816894531,31.1200008392334,32.0,13426800
2007-12-17,31.200000762939453,32.43000030517578,30.57999992370605,31.46999931335449,7690400
2007-12-18,33.220001220703125,33.349998474121094,31.209999084472656,31.350000381469727,9327200
2007-12-19,32.619998931884766,34.849998474121094,32.13999938964844,33.0,10624900
2007-12-20,31.479999542236328,33.540000915527344,29.64999961853028,33.08000183105469,12342900
2007-12-21,30.959999084472656,32.11000061035156,29.940000534057617,32.040000915527344,16242200
2007-12-24,32.939998626708984,32.959999084472656,30.770000457763672,31.39999961853028,4125900
2007-12-26,32.41999816894531,33.15999984741211,31.8700008392334,33.15999984741211,6046400
2007-12-27,33.70000076293945,34.689998626708984,31.82999992370605,31.82999992370605,8868600
2007-12-28,32.7599983215332,34.439998626708984,32.2599983215332,33.09000015258789,6584000
2007-12-31,34.06999969482422,34.68000030517578,32.619998931884766,32.79999923706055,6595300
2008-01-02,32.7400016784668,34.630001068115234,32.58000183105469,34.41999816894531,7763400
2008-01-03,32.20000076293945,33.93000030517578,31.979999542236328,33.93000030517578,6415400
2008-01-04,29.34000015258789,31.86000061035156,29.229999542236328,31.64999961853028,9916500
2008-01-07,29.15999984741211,30.350000381469727,28.459999084472656,30.21999931335449,9813800
2008-01-08,26.76000022888184,30.21999931335449,26.46999931335449,29.26000022888184,12732800
2008-01-09,27.13999938964844,27.299999237060547,25.11000061035156,26.36000061035156,12700400
2008-01-10,27.8799991607666,28.959999084472656,25.309999465942383,26.559999465942383,16397600
2008-01-11,29.459999084472656,29.770000457763672,27.049999237060547,27.89999961853028,15434200
2008-01-14,31.01000022888184,31.1200008392334,29.15999984741211,29.68000030517578,8933600
2008-01-15,30.729999542236328,32.150001525878906,29.809999465942383,30.549999237060547,13575100
2008-01-16,31.350000381469727,34.540000915527344,30.280000686645508,30.75,22373500
2008-01-17,29.07999992370605,31.950000762939453,28.71999931335449,31.940000534057617,15972500
2008-01-18,27.65999984741211,29.739999771118164,27.5,28.96999931335449,20441600
2008-01-22,28.68000030517578,31.979999542236328,26.5,26.86000061035156,20141700
2008-01-23,32.52000045776367,33.02000045776367,27.100000381469727,28.07999992370605,22354000
2008-01-24,32.0,33.68000030517578,30.799999237060547,32.97999954223633,21340600
2008-01-25,29.57999992370605,33.400001525878906,29.5,32.709999084472656,21431200
2008-01-28,29.89999961853028,30.1299991607666,28.93000030517578,30.01000022888184,10361700
2008-01-29,29.14999961853028,30.450000762939453,28.770000457763672,30.290000915527344,9624000
2008-01-30,27.89999961853028,29.559999465942383,27.799999237060547,29.040000915527344,13115800
2008-01-31,30.38999938964844,31.06999969482422,27.01000022888184,27.790000915527344,16855700
2008-02-01,32.45000076293945,32.83000183105469,30.15999984741211,30.75,14747300
2008-02-04,32.41999816894531,33.7599983215332,31.729999542236328,31.729999542236328,8657900
2008-02-05,30.280000686645508,31.71999931335449,30.1299991607666,31.39999961853028,10023800
2008-02-06,29.1299991607666,31.39999961853028,28.850000381469727,30.8799991607666,9880900
2008-02-07,31.049999237060547,31.350000381469727,28.600000381469727,28.600000381469727,12590000
2008-02-08,29.700000762939453,31.670000076293945,29.200000762939453,30.040000915527344,7379700
2008-02-11,28.979999542236328,29.729999542236328,28.530000686645508,29.540000915527344,9975300
2008-02-12,29.14999961853028,30.200000762939453,27.18000030517578,29.950000762939453,8530900
2008-02-13,29.14999961853028,29.700000762939453,28.350000381469727,29.040000915527344,11728500
2008-02-14,28.290000915527344,29.670000076293945,28.06999969482422,29.670000076293945,9428300
2008-02-15,28.39999961853028,29.21999931335449,27.88999938964844,28.200000762939453,10908200
2008-02-19,27.6299991607666,29.0,27.299999237060547,28.850000381469727,8935000
2008-02-20,28.75,28.950000762939453,26.8700008392334,27.36000061035156,8878300
2008-02-21,27.75,29.440000534057617,27.59000015258789,28.89999961853028,8834900
2008-02-22,26.61000061035156,26.84000015258789,25.1299991607666,26.350000381469727,23288300
2008-02-25,26.18000030517578,26.71999931335449,25.309999465942383,25.530000686645508,18506800
2008-02-26,25.209999084472656,25.89999961853028,24.6299991607666,25.790000915527344,24117600
2008-02-27,25.09000015258789,29.420000076293945,23.89999961853028,24.040000915527344,63784200
2008-02-28,24.489999771118164,27.299999237060547,23.82999992370605,24.0,79602600
2008-02-29,25.18000030517578,25.959999084472656,24.01000022888184,24.26000022888184,23113700
2008-03-03,23.71999931335449,25.229999542236328,23.5,25.229999542236328,17830900
2008-03-04,22.56999969482422,23.39999961853028,21.3700008392334,23.200000762939453,21587700
2008-03-05,21.63999938964844,22.89999961853028,21.0,22.64999961853028,27408500
2008-03-06,20.13999938964844,21.3799991607666,19.64999961853028,21.26000022888184,23953200
2008-03-07,19.64999961853028,21.32999992370605,18.920000076293945,19.700000762939453,31368500
2008-03-10,17.389999389648438,19.489999771118164,16.59000015258789,19.40999984741211,31904900
2008-03-11,20.15999984741211,20.239999771118164,17.520000457763672,19.39999961853028,34406800
2008-03-12,20.040000915527344,21.600000381469727,19.25,20.190000534057617,31089600
2008-03-13,21.299999237060547,21.6200008392334,18.420000076293945,19.25,29017600
2008-03-14,21.18000030517578,21.989999771118164,20.31999969482422,21.739999771118164,24669100
2008-03-17,20.6200008392334,21.350000381469727,18.520000457763672,19.170000076293945,29643900
2008-03-18,26.020000457763672,26.350000381469727,21.989999771118164,21.989999771118164,33983900
2008-03-19,29.89999961853028,32.7599983215332,26.850000381469727,27.940000534057617,48315500
2008-03-20,32.58000183105469,34.220001220703125,30.559999465942383,31.15999984741211,37780700
2008-03-24,30.61000061035156,33.189998626708984,30.14999961853028,32.4900016784668,21747200
2008-03-25,29.709999084472656,31.11000061035156,28.76000022888184,30.520000457763672,18652600
2008-03-26,27.700000762939453,29.489999771118164,27.700000762939453,29.34000015258789,18683100
2008-03-27,27.07999992370605,28.450000762939453,26.520000457763672,28.299999237060547,16006700
2008-03-28,25.450000762939453,27.75,25.239999771118164,27.270000457763672,15690500
2008-03-31,25.31999969482422,26.07999992370605,25.100000381469727,25.14999961853028,10528500
2008-04-01,29.21999931335449,29.290000915527344,26.690000534057617,26.690000534057617,19524200
2008-04-02,27.82999992370605,29.739999771118164,27.56999969482422,28.709999084472656,15427400
2008-04-03,28.350000381469727,28.75,27.01000022888184,27.489999771118164,10517400
2008-04-04,27.600000381469727,28.979999542236328,27.229999542236328,28.540000915527344,9049700
2008-04-07,26.600000381469727,28.64999961853028,26.51000022888184,28.479999542236328,9765000
2008-04-08,25.459999084472656,27.450000762939453,25.25,26.96999931335449,13935800
2008-04-09,24.82999992370605,26.1299991607666,24.82999992370605,25.600000381469727,10097500
2008-04-10,23.90999984741211,25.780000686645508,23.51000022888184,24.64999961853028,15672200
2008-04-11,23.489999771118164,24.420000076293945,23.31999969482422,23.440000534057617,9885000
2008-04-14,23.100000381469727,23.61000061035156,22.3799991607666,23.38999938964844,11260700
2008-04-15,23.950000762939453,23.989999771118164,23.14999961853028,23.5,20905500
2008-04-16,25.799999237060547,25.989999771118164,24.26000022888184,24.65999984741211,11529900
2008-04-17,26.809999465942383,27.020000457763672,24.82999992370605,25.39999961853028,10812400
2008-04-18,27.059999465942383,28.350000381469727,26.700000762939453,27.559999465942383,11403400
2008-04-21,26.13999938964844,27.239999771118164,26.09000015258789,26.89999961853028,5906400
2008-04-22,25.59000015258789,26.239999771118164,25.01000022888184,25.96999931335449,6827700
2008-04-23,24.51000022888184,25.709999084472656,24.5,25.520000457763672,7598600
2008-04-24,26.020000457763672,26.3799991607666,24.280000686645508,24.280000686645508,9515900
2008-04-25,27.940000534057617,28.030000686645508,26.14999961853028,26.549999237060547,10188100
2008-04-28,27.13999938964844,28.07999992370605,26.530000686645508,27.979999542236328,8186100
2008-04-29,25.559999465942383,27.489999771118164,25.420000076293945,27.030000686645508,8179000
2008-04-30,24.90999984741211,26.170000076293945,24.76000022888184,25.780000686645508,10795600
2008-05-01,26.770000457763672,27.489999771118164,24.75,24.809999465942383,10100800
2008-05-02,27.09000015258789,28.25,26.32999992370605,27.57999992370605,9468700
2008-05-05,25.520000457763672,26.709999084472656,24.799999237060547,26.63999938964844,12550000
2008-05-06,27.32999992370605,27.57999992370605,23.75,24.270000457763672,23971500
2008-05-07,26.01000022888184,27.170000076293945,25.979999542236328,27.0,8800300
2008-05-08,25.43000030517578,26.3700008392334,24.020000457763672,26.239999771118164,13207500
2008-05-09,25.14999961853028,26.01000022888184,24.82999992370605,25.09000015258789,8110000
2008-05-12,25.89999961853028,25.950000762939453,25.020000457763672,25.020000457763672,5347500
2008-05-13,24.959999084472656,26.13999938964844,24.84000015258789,25.89999961853028,9354000
2008-05-14,27.25,27.559999465942383,24.959999084472656,26.280000686645508,21820900
2008-05-15,27.270000457763672,27.350000381469727,25.90999984741211,26.8700008392334,12620100
2008-05-16,26.96999931335449,27.489999771118164,26.239999771118164,27.479999542236328,8418300
2008-05-19,27.01000022888184,27.950000762939453,26.61000061035156,26.950000762939453,8611700
2008-05-20,26.309999465942383,26.729999542236328,26.13999938964844,26.57999992370605,8518900
2008-05-21,26.15999984741211,26.799999237060547,25.82999992370605,26.59000015258789,7575700
2008-05-22,26.290000915527344,26.739999771118164,25.81999969482422,26.3799991607666,4593800
2008-05-23,25.729999542236328,26.270000457763672,25.57999992370605,26.020000457763672,7228600
2008-05-27,24.729999542236328,25.979999542236328,24.61000061035156,25.690000534057617,10645200
2008-05-28,25.15999984741211,25.479999542236328,24.5,24.850000381469727,8285400
2008-05-29,25.729999542236328,25.979999542236328,24.75,24.82999992370605,5100700
2008-05-30,25.420000076293945,26.290000915527344,25.350000381469727,25.920000076293945,4645000
2008-06-02,24.809999465942383,25.56999969482422,24.309999465942383,25.290000915527344,5815100
2008-06-03,24.57999992370605,25.3700008392334,24.15999984741211,25.209999084472656,6345600
2008-06-04,23.8700008392334,24.90999984741211,23.809999465942383,24.36000061035156,6760700
2008-06-05,25.290000915527344,25.290000915527344,23.63999938964844,24.1299991607666,9118800
2008-06-06,23.959999084472656,24.940000534057617,23.850000381469727,24.82999992370605,7981100
2008-06-09,22.549999237060547,24.270000457763672,22.100000381469727,24.09000015258789,14212200
2008-06-10,22.489999771118164,22.76000022888184,20.57999992370605,22.100000381469727,23968200
2008-06-11,21.6200008392334,22.3799991607666,21.290000915527344,22.309999465942383,14301100
2008-06-12,22.489999771118164,22.940000534057617,21.6299991607666,21.700000762939453,9830300
2008-06-13,23.01000022888184,23.059999465942383,21.850000381469727,22.75,8495800
2008-06-16,23.959999084472656,24.06999969482422,22.31999969482422,22.75,6900900
2008-06-17,23.440000534057617,24.229999542236328,23.26000022888184,24.0,8185000
2008-06-18,23.440000534057617,23.780000686645508,22.600000381469727,22.8799991607666,8574300
2008-06-19,23.64999961853028,23.709999084472656,22.450000762939453,23.34000015258789,10132700
2008-06-20,21.81999969482422,23.600000381469727,21.770000457763672,23.0,12180000
2008-06-23,19.989999771118164,22.25,19.8700008392334,21.89999961853028,13109500
2008-06-24,20.06999969482422,20.520000457763672,19.11000061035156,20.01000022888184,14615300
2008-06-25,20.01000022888184,21.770000457763672,19.75,20.18000030517578,14927400
2008-06-26,18.530000686645508,19.68000030517578,18.51000022888184,19.549999237060547,15132200
2008-06-27,17.850000381469727,18.850000381469727,17.290000915527344,18.420000076293945,14265500
2008-06-30,16.399999618530273,17.889999389648438,16.200000762939453,17.829999923706055,18824200
2008-07-01,16.209999084472656,16.56999969482422,15.359999656677246,16.1299991607666,24565300
2008-07-02,15.920000076293944,16.59000015258789,15.829999923706056,16.34000015258789,14681900
2008-07-03,14.5,16.440000534057617,14.350000381469728,16.1299991607666,15200500
2008-07-07,11.90999984741211,15.25,10.279999732971191,14.529999732971191,75000900
2008-07-08,13.460000038146973,14.0,11.0,12.6899995803833,56951400
2008-07-09,10.260000228881836,13.329999923706056,9.880000114440918,13.329999923706056,66900300
2008-07-10,8.0,8.989999771118164,6.75,8.449999809265137,200117000
2008-07-11,7.75,8.630000114440918,3.890000104904175,4.260000228881836,397295500
2008-07-14,7.110000133514404,9.800000190734863,6.090000152587891,8.9399995803833,263127300
2008-07-15,5.260000228881836,6.340000152587891,4.679999828338623,5.96999979019165,222490800
2008-07-16,6.829999923706055,7.289999961853027,5.670000076293945,5.929999828338623,136998300
2008-07-17,8.329999923706055,9.6899995803833,7.139999866485596,7.760000228881836,163691100
2008-07-18,9.18000030517578,9.93000030517578,8.319999694824219,9.359999656677246,169296900
2008-07-21,8.75,10.489999771118164,8.510000228881836,10.18000030517578,95250400
2008-07-22,9.699999809265137,9.949999809265137,7.0,8.180000305175781,89953000
2008-07-23,10.800000190734863,11.4399995803833,10.0,10.960000038146973,104022400
2008-07-24,8.8100004196167,11.600000381469728,8.800000190734863,11.4399995803833,73248500
2008-07-25,8.270000457763672,9.399999618530272,7.5,9.09000015258789,77896600
2008-07-28,7.71999979019165,9.140000343322754,7.5,8.710000038146973,58583600
2008-07-29,8.420000076293945,8.449999809265137,7.340000152587891,7.920000076293945,46889300
2008-07-30,8.729999542236328,9.5,8.239999771118164,9.300000190734863,57129000
2008-07-31,8.170000076293945,8.829999923706055,8.0,8.359999656677246,36258300
2008-08-01,7.980000019073486,8.449999809265137,7.869999885559082,8.350000381469727,37860300
2008-08-04,7.519999980926514,8.0,7.400000095367432,7.96999979019165,36125200
2008-08-05,8.039999961853027,8.119999885559082,7.730000019073486,8.0,54249700
2008-08-06,6.489999771118164,7.230000019073486,6.489999771118164,6.840000152587891,106134000
2008-08-07,5.889999866485596,6.449999809265137,5.699999809265137,6.429999828338623,66112800
2008-08-08,5.900000095367432,6.190000057220459,5.429999828338623,5.489999771118164,54608700
2008-08-11,5.599999904632568,6.050000190734863,5.53000020980835,6.010000228881836,41390100
2008-08-12,5.369999885559082,5.809999942779541,5.349999904632568,5.550000190734863,33407300
2008-08-13,5.550000190734863,5.590000152587891,5.099999904632568,5.349999904632568,39118200
2008-08-14,5.940000057220459,6.079999923706055,5.510000228881836,5.53000020980835,42754500
2008-08-15,5.849999904632568,6.269999980926514,5.820000171661377,6.179999828338623,34512300
2008-08-18,4.389999866485596,5.429999828338623,4.360000133514404,5.400000095367432,92968500
2008-08-19,4.170000076293945,4.739999771118164,3.940000057220459,4.550000190734863,113290100
2008-08-20,3.25,4.139999866485596,2.950000047683716,4.130000114440918,205821400
2008-08-21,3.1600000858306885,3.5,2.259999990463257,2.9600000381469727,146561900
2008-08-22,2.809999942779541,3.509999990463257,2.5,3.4800000190734863,202746200
2008-08-25,3.289999961853028,3.5299999713897705,2.539999961853028,2.619999885559082,176430800
2008-08-26,3.9700000286102295,4.28000020980835,3.369999885559082,3.470000028610229,178413600
2008-08-27,4.75,4.800000190734863,4.239999771118164,4.550000190734863,155904800
2008-08-28,5.28000020980835,5.389999866485596,4.96999979019165,5.320000171661377,129179200
2008-08-29,4.510000228881836,5.050000190734863,4.349999904632568,5.050000190734863,112130000
2008-09-02,5.179999828338623,5.230000019073486,4.389999866485596,5.199999809265137,120913400
2008-09-03,5.380000114440918,5.519999980926514,4.800000190734863,5.010000228881836,138474100
2008-09-04,4.949999809265137,5.489999771118164,4.949999809265137,5.329999923706055,80404100
2008-09-05,5.099999904632568,5.139999866485596,4.650000095367432,4.800000190734863,85500000
2008-09-08,0.8799999952316284,2.5,0.6499999761581421,2.5,370053100
2008-09-09,0.8799999952316284,1.1699999570846558,0.7900000214576721,0.9399999976158142,180998500
2008-09-10,0.6600000262260437,0.9900000095367432,0.6600000262260437,0.949999988079071,215325900
2008-09-11,0.5899999737739563,0.7200000286102295,0.550000011920929,0.6399999856948853,111954000
2008-09-12,0.4600000083446502,0.6100000143051147,0.449999988079071,0.6000000238418579,98850600
2008-09-15,0.3899999856948852,1.0099999904632568,0.3499999940395355,0.4099999964237213,51290300
2008-09-16,0.2599999904632568,0.4199999868869781,0.25,0.3799999952316284,43897300
2008-09-17,0.270000010728836,0.3199999928474426,0.25,0.3100000023841858,91787400
2008-09-18,0.3300000131130218,0.4000000059604645,0.3000000119209289,0.3300000131130218,67150600
2008-09-19,0.550000011920929,0.6899999976158142,0.4600000083446502,0.6499999761581421,94023700
2008-09-22,0.8500000238418579,0.8899999856948853,0.6000000238418579,0.7400000095367432,85942800
2008-09-23,1.3200000524520874,1.5,0.9300000071525574,0.9700000286102296,167420600
2008-09-24,1.8899999856948853,1.9800000190734863,1.399999976158142,1.919999957084656,171422000
2008-09-25,1.8600000143051147,2.950000047683716,1.2999999523162842,2.1600000858306885,337842000
2008-09-26,2.0,2.0999999046325684,1.3700000047683716,1.5800000429153442,162597100
2008-09-29,1.7999999523162842,2.450000047683716,1.5,2.3499999046325684,138316700
2008-09-30,1.7100000381469729,2.0199999809265137,1.7100000381469729,1.9800000190734863,60130500
2008-10-01,1.8899999856948853,1.940000057220459,1.7599999904632568,1.909999966621399,46400200
2008-10-02,1.7999999523162842,2.0299999713897705,1.649999976158142,2.0199999809265137,55843500
2008-10-03,1.4900000095367432,1.909999966621399,1.4900000095367432,1.870000004768372,71392600
2008-10-06,1.4199999570846558,1.4500000476837158,1.100000023841858,1.2599999904632568,58317400
2008-10-07,1.2899999618530271,1.600000023841858,1.2899999618530271,1.590000033378601,39924700
2008-10-08,1.1699999570846558,1.2999999523162842,1.149999976158142,1.2300000190734863,35894100
2008-10-09,1.0299999713897705,1.2599999904632568,1.0099999904632568,1.25,34764400
2008-10-10,1.159999966621399,1.190000057220459,0.8199999928474426,0.8500000238418579,50996000
2008-10-13,1.3300000429153442,1.5399999618530271,1.25,1.4900000095367432,38891800
2008-10-14,1.25,1.4700000286102295,1.2000000476837158,1.399999976158142,32768300
2008-10-15,1.1399999856948853,1.2400000095367432,1.100000023841858,1.190000057220459,20927800
2008-10-16,1.159999966621399,1.1799999475479126,1.0499999523162842,1.1699999570846558,21659400
2008-10-17,1.149999976158142,1.159999966621399,1.090000033378601,1.1299999952316284,21705000
2008-10-20,1.0700000524520874,1.149999976158142,1.0,1.1299999952316284,19661600
2008-10-21,0.9200000166893004,1.0299999713897705,0.9200000166893004,1.0199999809265137,26378700
2008-10-22,0.8299999833106995,0.9300000071525574,0.800000011920929,0.8899999856948853,22337000
2008-10-23,0.800000011920929,0.8799999952316284,0.75,0.800000011920929,18772200
2008-10-24,0.7400000095367432,0.7599999904632568,0.6800000071525574,0.699999988079071,17941900
2008-10-27,0.6499999761581421,0.7300000190734863,0.6100000143051147,0.699999988079071,20069800
2008-10-28,0.8799999952316284,0.9800000190734864,0.6800000071525574,0.75,29581100
2008-10-29,1.0399999618530271,1.190000057220459,0.9100000262260436,1.0099999904632568,56906700
2008-10-30,1.1200000047683716,1.2100000381469729,1.0499999523162842,1.190000057220459,25803100
2008-10-31,1.0299999713897705,1.0800000429153442,1.0,1.059999942779541,19430100
2008-11-03,1.0099999904632568,1.090000033378601,1.0,1.0700000524520874,15839100
2008-11-04,1.0499999523162842,1.090000033378601,1.0199999809265137,1.0700000524520874,21017900
2008-11-05,0.9100000262260436,1.100000023841858,0.8999999761581421,1.0499999523162842,16596100
2008-11-06,0.8500000238418579,0.9100000262260436,0.800000011920929,0.8999999761581421,16282200
2008-11-07,0.8600000143051147,0.8999999761581421,0.8399999737739563,0.8700000047683716,9044100
2008-11-10,0.8799999952316284,0.9300000071525574,0.8399999737739563,0.9200000166893004,8472100
2008-11-11,0.8199999928474426,0.8700000047683716,0.7799999713897705,0.8399999737739563,10093700
2008-11-12,0.75,0.8299999833106995,0.75,0.8299999833106995,7203700
2008-11-13,0.7300000190734863,0.7799999713897705,0.6800000071525574,0.7699999809265137,13865300
2008-11-14,0.6700000166893005,0.6899999976158142,0.5899999737739563,0.6800000071525574,17040400
2008-11-17,0.5299999713897705,0.6800000071525574,0.5299999713897705,0.6100000143051147,13318600
2008-11-18,0.6200000047683716,0.7200000286102295,0.550000011920929,0.550000011920929,14059300
2008-11-19,0.5600000023841858,0.6399999856948853,0.550000011920929,0.6399999856948853,9618100
2008-11-20,0.4900000095367431,0.5799999833106995,0.4799999892711639,0.5299999713897705,18839200
2008-11-21,0.4099999964237213,0.5699999928474426,0.4099999964237213,0.5699999928474426,17221500
2008-11-24,0.449999988079071,0.4799999892711639,0.4000000059604645,0.4399999976158142,14234300
2008-11-25,0.5299999713897705,0.6600000262260437,0.5299999713897705,0.6499999761581421,41789200
2008-11-26,0.7900000214576721,0.8399999737739563,0.6000000238418579,0.6499999761581421,50091900
2008-11-28,1.1799999475479126,1.2000000476837158,0.9200000166893004,0.9800000190734864,47208000
2008-12-01,0.9100000262260436,1.2000000476837158,0.8299999833106995,1.1399999856948853,86763700
2008-12-02,0.7699999809265137,0.9700000286102296,0.6899999976158142,0.9399999976158142,54422800
2008-12-03,0.8199999928474426,0.8600000143051147,0.699999988079071,0.7400000095367432,24950200
2008-12-04,0.8799999952316284,0.9300000071525574,0.800000011920929,0.8999999761581421,21955000
2008-12-05,0.8600000143051147,0.8700000047683716,0.800000011920929,0.800000011920929,17336000
2008-12-08,0.8399999737739563,0.9300000071525574,0.8199999928474426,0.9300000071525574,18475400
2008-12-09,0.7900000214576721,0.8299999833106995,0.7599999904632568,0.8199999928474426,14318700
2008-12-10,0.75,0.800000011920929,0.7099999785423279,0.800000011920929,13785400
2008-12-11,0.6800000071525574,0.7200000286102295,0.6700000166893005,0.7099999785423279,14011500
2008-12-12,0.7400000095367432,0.7400000095367432,0.6200000047683716,0.6200000047683716,10482000
2008-12-15,0.7200000286102295,0.75,0.699999988079071,0.75,8467600
2008-12-16,0.7300000190734863,0.75,0.7200000286102295,0.75,12774900
2008-12-17,0.7099999785423279,0.7300000190734863,0.6899999976158142,0.7300000190734863,8752800
2008-12-18,0.6899999976158142,0.7400000095367432,0.6700000166893005,0.699999988079071,10436100
2008-12-19,0.6399999856948853,0.699999988079071,0.6399999856948853,0.699999988079071,10225600
2008-12-22,0.6100000143051147,0.6800000071525574,0.6000000238418579,0.6800000071525574,9677400
2008-12-23,0.5899999737739563,0.6399999856948853,0.5899999737739563,0.6100000143051147,10743700
2008-12-24,0.5799999833106995,0.6000000238418579,0.5600000023841858,0.6000000238418579,5068200
2008-12-26,0.7400000095367432,0.7599999904632568,0.6000000238418579,0.6100000143051147,19419200
2008-12-29,0.7099999785423279,0.8100000023841858,0.6800000071525574,0.800000011920929,25852800
2008-12-30,0.6899999976158142,0.7099999785423279,0.6499999761581421,0.699999988079071,10860400
2008-12-31,0.7300000190734863,0.7400000095367432,0.699999988079071,0.7400000095367432,14744600
2009-01-02,0.7300000190734863,0.7300000190734863,0.6700000166893005,0.699999988079071,12866900
2009-01-05,0.8199999928474426,0.8799999952316284,0.7300000190734863,0.7300000190734863,25662900
2009-01-06,0.8600000143051147,0.8600000143051147,0.7900000214576721,0.8600000143051147,18440600
2009-01-07,0.75,0.8299999833106995,0.75,0.8100000023841858,14117600
2009-01-08,0.7799999713897705,0.8100000023841858,0.699999988079071,0.75,15024700
2009-01-09,0.7599999904632568,0.800000011920929,0.75,0.7599999904632568,4297000
2009-01-12,0.7099999785423279,0.7900000214576721,0.7099999785423279,0.7900000214576721,10225800
2009-01-13,0.7400000095367432,0.75,0.7099999785423279,0.7300000190734863,6290100
2009-01-14,0.699999988079071,0.7300000190734863,0.699999988079071,0.7300000190734863,6586700
2009-01-15,0.6899999976158142,0.7099999785423279,0.6499999761581421,0.699999988079071,10000100
2009-01-16,0.699999988079071,0.7300000190734863,0.6700000166893005,0.7200000286102295,7700400
2009-01-20,0.6499999761581421,0.699999988079071,0.6499999761581421,0.6899999976158142,7576400
2009-01-21,0.7200000286102295,0.7200000286102295,0.6499999761581421,0.6899999976158142,7251100
2009-01-22,0.6600000262260437,0.6899999976158142,0.6499999761581421,0.6800000071525574,4768600
2009-01-23,0.6800000071525574,0.6800000071525574,0.6499999761581421,0.6499999761581421,5955800
2009-01-26,0.6399999856948853,0.6700000166893005,0.6299999952316284,0.6700000166893005,7982400
2009-01-27,0.6100000143051147,0.6499999761581421,0.5899999737739563,0.6499999761581421,7235500
2009-01-28,0.6600000262260437,0.6600000262260437,0.6299999952316284,0.6499999761581421,7127300
2009-01-29,0.6100000143051147,0.6499999761581421,0.5899999737739563,0.6499999761581421,5378700
2009-01-30,0.5899999737739563,0.6299999952316284,0.5899999737739563,0.6100000143051147,5626600
2009-02-02,0.5799999833106995,0.6100000143051147,0.5600000023841858,0.6000000238418579,6194900
2009-02-03,0.5600000023841858,0.5899999737739563,0.550000011920929,0.5799999833106995,5897600
2009-02-04,0.5199999809265137,0.5699999928474426,0.5099999904632568,0.5699999928474426,8694900
2009-02-05,0.5199999809265137,0.5199999809265137,0.449999988079071,0.5199999809265137,12392800
2009-02-06,0.6399999856948853,0.6399999856948853,0.5199999809265137,0.5400000214576721,12952800
2009-02-09,0.6499999761581421,0.6700000166893005,0.5799999833106995,0.6700000166893005,9340200
2009-02-10,0.550000011920929,0.6700000166893005,0.550000011920929,0.6600000262260437,11173500
2009-02-11,0.6100000143051147,0.6100000143051147,0.550000011920929,0.5699999928474426,6493500
2009-02-12,0.550000011920929,0.6000000238418579,0.550000011920929,0.5899999737739563,4919800
2009-02-13,0.6100000143051147,0.6399999856948853,0.5699999928474426,0.6000000238418579,10131500
2009-02-17,0.550000011920929,0.6000000238418579,0.550000011920929,0.5799999833106995,6272700
2009-02-18,0.5799999833106995,0.6499999761581421,0.550000011920929,0.6200000047683716,20502000
2009-02-19,0.5600000023841858,0.6299999952316284,0.550000011920929,0.6299999952316284,8519400
2009-02-20,0.5199999809265137,0.5600000023841858,0.5,0.550000011920929,11585700
2009-02-23,0.5,0.5600000023841858,0.5,0.5400000214576721,4845200
2009-02-24,0.5400000214576721,0.5400000214576721,0.4699999988079071,0.5,8448600
2009-02-25,0.5,0.5400000214576721,0.4799999892711639,0.5400000214576721,7273400
2009-02-26,0.4900000095367431,0.5199999809265137,0.4699999988079071,0.5099999904632568,4995700
2009-02-27,0.4199999868869781,0.4799999892711639,0.4199999868869781,0.4699999988079071,9100300
2009-03-02,0.3799999952316284,0.4099999964237213,0.3799999952316284,0.4000000059604645,9544100
2009-03-03,0.3899999856948852,0.4099999964237213,0.3799999952316284,0.4099999964237213,6308800
2009-03-04,0.4099999964237213,0.4099999964237213,0.3899999856948852,0.4099999964237213,5430100
2009-03-05,0.3700000047683716,0.4199999868869781,0.3700000047683716,0.4199999868869781,5028400
2009-03-06,0.3600000143051147,0.4000000059604645,0.3600000143051147,0.3799999952316284,4977500
2009-03-09,0.3700000047683716,0.3899999856948852,0.3499999940395355,0.3499999940395355,5394700
2009-03-10,0.4199999868869781,0.4199999868869781,0.3899999856948852,0.3899999856948852,6385000
2009-03-11,0.4199999868869781,0.4399999976158142,0.4000000059604645,0.4199999868869781,5506300
2009-03-12,0.4199999868869781,0.4199999868869781,0.3899999856948852,0.4199999868869781,6618300
2009-03-13,0.4199999868869781,0.4199999868869781,0.3899999856948852,0.4000000059604645,7910700
2009-03-16,0.5099999904632568,0.6000000238418579,0.4199999868869781,0.4199999868869781,31984200
2009-03-17,0.5699999928474426,0.5699999928474426,0.5299999713897705,0.5699999928474426,14276200
2009-03-18,0.8199999928474426,0.8199999928474426,0.5299999713897705,0.5899999737739563,65503500
2009-03-19,1.0099999904632568,1.5,0.9200000166893004,1.2200000286102295,145716400
2009-03-20,0.7300000190734863,0.949999988079071,0.699999988079071,0.949999988079071,51590600
2009-03-23,0.9300000071525574,1.0399999618530271,0.8299999833106995,1.0199999809265137,43497300
2009-03-24,0.8600000143051147,0.9300000071525574,0.8199999928474426,0.8999999761581421,22096400
2009-03-25,0.8700000047683716,0.9300000071525574,0.7699999809265137,0.9100000262260436,26091800
2009-03-26,0.8399999737739563,0.8899999856948853,0.800000011920929,0.8799999952316284,14426600
2009-03-27,0.800000011920929,0.8299999833106995,0.75,0.7799999713897705,12210900
2009-03-30,0.7099999785423279,0.7799999713897705,0.7099999785423279,0.7799999713897705,10783100
2009-03-31,0.7599999904632568,0.7599999904632568,0.7200000286102295,0.75,10100400
2009-04-01,0.7400000095367432,0.75,0.7200000286102295,0.75,9734900
2009-04-02,0.75,0.8100000023841858,0.7400000095367432,0.800000011920929,14540200
2009-04-03,0.7300000190734863,0.75,0.7200000286102295,0.75,9419800
2009-04-06,0.7200000286102295,0.7400000095367432,0.7099999785423279,0.7400000095367432,7082800
2009-04-07,0.699999988079071,0.7300000190734863,0.699999988079071,0.7200000286102295,7424900
2009-04-08,0.699999988079071,0.7300000190734863,0.699999988079071,0.699999988079071,5875400
2009-04-09,0.7699999809265137,0.7699999809265137,0.7300000190734863,0.7599999904632568,14552500
2009-04-13,0.8899999856948853,0.8899999856948853,0.75,0.7599999904632568,26007600
2009-04-14,0.8999999761581421,1.0499999523162842,0.8999999761581421,0.9800000190734864,49481400
2009-04-15,0.949999988079071,0.959999978542328,0.8700000047683716,0.9200000166893004,14088900
2009-04-16,0.9100000262260436,0.9800000190734864,0.8999999761581421,0.9700000286102296,12072100
2009-04-17,0.8799999952316284,0.9200000166893004,0.8299999833106995,0.9100000262260436,15569600
2009-04-20,0.7599999904632568,0.8500000238418579,0.7599999904632568,0.8500000238418579,16579200
2009-04-21,0.8600000143051147,0.8700000047683716,0.7400000095367432,0.7400000095367432,15362100
2009-04-22,0.7900000214576721,0.8500000238418579,0.7900000214576721,0.8100000023841858,12010100
2009-04-23,0.8199999928474426,0.8199999928474426,0.7900000214576721,0.8199999928474426,6634200
2009-04-24,0.800000011920929,0.8299999833106995,0.7900000214576721,0.8199999928474426,9038800
2009-04-27,0.7799999713897705,0.800000011920929,0.7799999713897705,0.7900000214576721,6492800
2009-04-28,0.7699999809265137,0.7799999713897705,0.75,0.7699999809265137,6890000
2009-04-29,0.7799999713897705,0.800000011920929,0.75,0.7799999713897705,8132700
2009-04-30,0.7900000214576721,0.800000011920929,0.7699999809265137,0.800000011920929,7035100
2009-05-01,0.7599999904632568,0.7900000214576721,0.7599999904632568,0.7799999713897705,5912200
2009-05-04,0.8399999737739563,0.8399999737739563,0.7699999809265137,0.7799999713897705,12372200
2009-05-05,0.8600000143051147,0.8799999952316284,0.8299999833106995,0.8399999737739563,17619400
2009-05-06,0.9399999976158142,0.9399999976158142,0.8700000047683716,0.9200000166893004,23419700
2009-05-07,0.9100000262260436,1.0399999618530271,0.9100000262260436,1.0299999713897705,27276300
2009-05-08,0.8999999761581421,0.9399999976158142,0.8399999737739563,0.9300000071525574,21896100
2009-05-11,0.8500000238418579,0.8799999952316284,0.8299999833106995,0.8299999833106995,9545600
2009-05-12,0.8600000143051147,0.8999999761581421,0.8399999737739563,0.8899999856948853,8663000
2009-05-13,0.800000011920929,0.8500000238418579,0.800000011920929,0.8199999928474426,11509300
2009-05-14,0.8299999833106995,0.8399999737739563,0.7799999713897705,0.7900000214576721,7869800
2009-05-15,0.8100000023841858,0.8600000143051147,0.8100000023841858,0.8399999737739563,5146200
2009-05-18,0.8399999737739563,0.8500000238418579,0.8199999928474426,0.8500000238418579,4673600
2009-05-19,0.8100000023841858,0.8500000238418579,0.800000011920929,0.8299999833106995,5934100
2009-05-20,0.800000011920929,0.8299999833106995,0.800000011920929,0.8299999833106995,5561900
2009-05-21,0.7900000214576721,0.8100000023841858,0.7699999809265137,0.800000011920929,8082200
2009-05-22,0.7900000214576721,0.8100000023841858,0.7699999809265137,0.800000011920929,5506400
2009-05-26,0.7799999713897705,0.7900000214576721,0.7699999809265137,0.7699999809265137,5731300
2009-05-27,0.8199999928474426,0.8199999928474426,0.7699999809265137,0.7799999713897705,6032700
2009-05-28,0.7799999713897705,0.8199999928474426,0.7699999809265137,0.8199999928474426,4540500
2009-05-29,0.800000011920929,0.800000011920929,0.7699999809265137,0.7900000214576721,4952700
2009-06-01,0.800000011920929,0.8100000023841858,0.7799999713897705,0.8100000023841858,6507900
2009-06-02,0.7799999713897705,0.7900000214576721,0.7599999904632568,0.7699999809265137,4840100
2009-06-03,0.7300000190734863,0.7699999809265137,0.7300000190734863,0.7699999809265137,6675900
2009-06-04,0.7599999904632568,0.7599999904632568,0.7300000190734863,0.7300000190734863,5052700
2009-06-05,0.7599999904632568,0.7799999713897705,0.7300000190734863,0.7699999809265137,4698600
2009-06-08,0.7300000190734863,0.75,0.7099999785423279,0.75,5885200
2009-06-09,0.7099999785423279,0.7300000190734863,0.7099999785423279,0.7200000286102295,5520100
2009-06-10,0.7099999785423279,0.7200000286102295,0.7099999785423279,0.7200000286102295,5165700
2009-06-11,0.7099999785423279,0.7300000190734863,0.699999988079071,0.7300000190734863,4842600
2009-06-12,0.699999988079071,0.7099999785423279,0.6899999976158142,0.699999988079071,4773000
2009-06-15,0.6600000262260437,0.699999988079071,0.6600000262260437,0.6800000071525574,5984600
2009-06-16,0.7200000286102295,0.7799999713897705,0.6700000166893005,0.6800000071525574,11592500
2009-06-17,0.6800000071525574,0.75,0.6800000071525574,0.75,5192300
2009-06-18,0.7200000286102295,0.7200000286102295,0.699999988079071,0.699999988079071,3105600
2009-06-19,0.699999988079071,0.75,0.699999988079071,0.7400000095367432,3229500
2009-06-22,0.6499999761581421,0.7099999785423279,0.6499999761581421,0.699999988079071,7569100
2009-06-23,0.7099999785423279,0.7099999785423279,0.6499999761581421,0.6499999761581421,3902100
2009-06-24,0.6800000071525574,0.7200000286102295,0.6700000166893005,0.7200000286102295,3778800
2009-06-25,0.6800000071525574,0.6899999976158142,0.6600000262260437,0.6899999976158142,3600200
2009-06-26,0.5299999713897705,0.6899999976158142,0.5299999713897705,0.6800000071525574,48224500
2009-06-29,0.6100000143051147,0.6399999856948853,0.5799999833106995,0.5899999737739563,17162200
2009-06-30,0.6200000047683716,0.6399999856948853,0.6000000238418579,0.6399999856948853,6575100
2009-07-01,0.6399999856948853,0.6499999761581421,0.6200000047683716,0.6399999856948853,5668700
2009-07-02,0.6499999761581421,0.6600000262260437,0.6000000238418579,0.6100000143051147,4636300
2009-07-06,0.5899999737739563,0.6399999856948853,0.5899999737739563,0.6399999856948853,7532000
2009-07-07,0.5799999833106995,0.6100000143051147,0.5699999928474426,0.6000000238418579,5238600
2009-07-08,0.550000011920929,0.5899999737739563,0.5400000214576721,0.5799999833106995,6735600
2009-07-09,0.5699999928474426,0.5899999737739563,0.550000011920929,0.5899999737739563,4351000
2009-07-10,0.550000011920929,0.5699999928474426,0.550000011920929,0.5699999928474426,3988700
2009-07-13,0.6100000143051147,0.6200000047683716,0.550000011920929,0.5600000023841858,5141700
2009-07-14,0.6299999952316284,0.6499999761581421,0.6000000238418579,0.6299999952316284,6882800
2009-07-15,0.6499999761581421,0.6700000166893005,0.6399999856948853,0.6399999856948853,4544700
2009-07-16,0.6000000238418579,0.6399999856948853,0.6000000238418579,0.6399999856948853,4599300
2009-07-17,0.6100000143051147,0.6299999952316284,0.6000000238418579,0.6200000047683716,2693800
2009-07-20,0.6200000047683716,0.6399999856948853,0.6100000143051147,0.6299999952316284,2813800
2009-07-21,0.6000000238418579,0.6200000047683716,0.6000000238418579,0.6200000047683716,4057600
2009-07-22,0.6000000238418579,0.6200000047683716,0.5799999833106995,0.5899999737739563,2930900
2009-07-23,0.6000000238418579,0.6200000047683716,0.6000000238418579,0.6200000047683716,3851000
2009-07-24,0.5899999737739563,0.6200000047683716,0.5899999737739563,0.6000000238418579,2444600
2009-07-27,0.6100000143051147,0.6100000143051147,0.5899999737739563,0.6000000238418579,3659100
2009-07-28,0.6100000143051147,0.6200000047683716,0.6000000238418579,0.6100000143051147,3977700
2009-07-29,0.6200000047683716,0.6200000047683716,0.6100000143051147,0.6100000143051147,2198000
2009-07-30,0.6000000238418579,0.6200000047683716,0.6000000238418579,0.6200000047683716,4749600
2009-07-31,0.6200000047683716,0.6200000047683716,0.6000000238418579,0.6000000238418579,4542100
2009-08-03,0.6100000143051147,0.6200000047683716,0.5899999737739563,0.6200000047683716,5199200
2009-08-04,0.6100000143051147,0.6100000143051147,0.5899999737739563,0.6100000143051147,4103300
2009-08-05,0.800000011920929,0.8600000143051147,0.5899999737739563,0.6100000143051147,52982500
2009-08-06,0.8399999737739563,0.9800000190734864,0.7599999904632568,0.949999988079071,70592600
2009-08-07,0.7400000095367432,0.800000011920929,0.7099999785423279,0.800000011920929,33158600
2009-08-10,1.690000057220459,1.7000000476837158,1.149999976158142,1.2300000190734863,393415300
2009-08-11,1.559999942779541,1.8899999856948853,1.4600000381469729,1.809999942779541,322114300
2009-08-12,1.3700000047683716,1.690000057220459,1.3700000047683716,1.5399999618530271,136208600
2009-08-13,1.4500000476837158,1.4900000095367432,1.3300000429153442,1.4800000190734863,78008900
2009-08-14,1.409999966621399,1.4500000476837158,1.340000033378601,1.440000057220459,40400100
2009-08-17,1.2799999713897705,1.340000033378601,1.2200000286102295,1.2799999713897705,57991500
2009-08-18,1.340000033378601,1.3799999952316284,1.2999999523162842,1.3300000429153442,44289500
2009-08-19,1.3200000524520874,1.409999966621399,1.2799999713897705,1.3200000524520874,54466900
2009-08-20,1.600000023841858,1.649999976158142,1.350000023841858,1.350000023841858,171595200
2009-08-21,1.7300000190734863,1.850000023841858,1.6299999952316284,1.7000000476837158,164606400
2009-08-24,2.049999952316284,2.3499999046325684,1.840000033378601,1.8799999952316284,386512300
2009-08-25,2.059999942779541,2.3399999141693115,2.0199999809265137,2.2799999713897705,236853500
2009-08-26,2.0299999713897705,2.1600000858306885,1.899999976158142,2.1600000858306885,169293700
2009-08-27,2.240000009536743,2.2699999809265137,1.940000057220459,2.039999961853028,193165900
2009-08-28,2.400000095367432,2.5,2.25,2.369999885559082,232117600
2009-08-31,2.289999961853028,2.3399999141693115,2.059999942779541,2.240000009536743,123705800
2009-09-01,1.899999976158142,2.240000009536743,1.899999976158142,2.1600000858306885,169971800
2009-09-02,1.6399999856948853,1.7899999618530271,1.5099999904632568,1.6799999475479126,193818000
2009-09-03,1.870000004768372,1.870000004768372,1.75,1.820000052452088,100352800
2009-09-04,1.9700000286102293,2.039999961853028,1.9299999475479128,2.0199999809265137,96223600
2009-09-08,1.8600000143051147,2.069999933242798,1.7999999523162842,2.069999933242798,101189300
2009-09-09,1.919999957084656,1.9700000286102293,1.7899999618530271,1.8899999856948853,57263700
2009-09-10,1.919999957084656,1.9600000381469729,1.8799999952316284,1.950000047683716,34183700
2009-09-11,1.8799999952316284,1.9600000381469729,1.840000033378601,1.9299999475479128,40523700
2009-09-14,1.899999976158142,1.899999976158142,1.7799999713897705,1.809999942779541,44418500
2009-09-15,1.820000052452088,1.9600000381469729,1.820000052452088,1.919999957084656,29970700
2009-09-16,1.899999976158142,1.909999966621399,1.8600000143051147,1.909999966621399,30990500
2009-09-17,1.870000004768372,1.909999966621399,1.850000023841858,1.8799999952316284,28111300
2009-09-18,1.870000004768372,1.8799999952316284,1.820000052452088,1.870000004768372,31311700
2009-09-21,2.039999961853028,2.069999933242798,1.809999942779541,1.840000033378601,78220000
2009-09-22,1.9800000190734863,2.150000095367432,1.9600000381469729,2.130000114440918,76210400
2009-09-23,2.0199999809265137,2.130000114440918,2.0,2.039999961853028,58951500
2009-09-24,1.9299999475479128,2.0799999237060547,1.899999976158142,2.049999952316284,42427100
2009-09-25,1.870000004768372,1.950000047683716,1.870000004768372,1.899999976158142,26411500
2009-09-28,1.909999966621399,1.940000057220459,1.8799999952316284,1.9299999475479128,16151100
2009-09-29,1.850000023841858,1.919999957084656,1.809999942779541,1.919999957084656,33155700
2009-09-30,1.7999999523162842,1.8799999952316284,1.7699999809265137,1.8600000143051147,30768500
2009-10-01,1.7300000190734863,1.7899999618530271,1.690000057220459,1.7799999713897705,28817600
2009-10-02,1.659999966621399,1.690000057220459,1.5099999904632568,1.6699999570846558,46786400
2009-10-05,1.7400000095367432,1.7799999713897705,1.6799999475479126,1.690000057220459,17332400
2009-10-06,1.809999942779541,1.8600000143051147,1.7699999809265137,1.7899999618530271,24568600
2009-10-07,1.7899999618530271,1.840000033378601,1.7699999809265137,1.820000052452088,11256000
2009-10-08,1.7799999713897705,1.840000033378601,1.7599999904632568,1.830000042915344,15279400
2009-10-09,1.7100000381469729,1.7699999809265137,1.7100000381469729,1.7599999904632568,12033500
2009-10-12,1.690000057220459,1.75,1.690000057220459,1.7300000190734863,9965000
2009-10-13,1.690000057220459,1.7100000381469729,1.6699999570846558,1.7000000476837158,10535700
2009-10-14,1.7699999809265137,1.7699999809265137,1.690000057220459,1.7300000190734863,22834400
2009-10-15,1.7999999523162842,1.8600000143051147,1.75,1.7899999618530271,35127200
2009-10-16,1.7200000286102295,1.7899999618530271,1.7000000476837158,1.7799999713897705,16261700
2009-10-19,1.350000023841858,1.6299999952316284,1.2799999713897705,1.6200000047683716,116608800
2009-10-20,1.2400000095367432,1.2999999523162842,1.059999942779541,1.2200000286102295,116618100
2009-10-21,1.3899999856948853,1.4299999475479126,1.2000000476837158,1.2100000381469729,66082400
2009-10-22,1.3700000047683716,1.4299999475479126,1.2899999618530271,1.4199999570846558,26508000
2009-10-23,1.3600000143051147,1.399999976158142,1.309999942779541,1.399999976158142,21535200
2009-10-26,1.2599999904632568,1.350000023841858,1.2400000095367432,1.3300000429153442,21717100
2009-10-27,1.2300000190734863,1.25,1.1799999475479126,1.25,15679600
2009-10-28,1.159999966621399,1.2100000381469729,1.1399999856948853,1.2100000381469729,18460200
2009-10-29,1.2899999618530271,1.350000023841858,1.1799999475479126,1.2200000286102295,27980400
2009-10-30,1.2300000190734863,1.309999942779541,1.1799999475479126,1.2899999618530271,18902600
2009-11-02,1.149999976158142,1.2000000476837158,1.100000023841858,1.1799999475479126,21318000
2009-11-03,1.2400000095367432,1.25,1.090000033378601,1.1100000143051147,20685400
2009-11-04,1.2200000286102295,1.2999999523162842,1.1799999475479126,1.2599999904632568,22811200
2009-11-05,1.25,1.25,1.190000057220459,1.25,14353600
2009-11-06,1.2300000190734863,1.2300000190734863,1.1200000047683716,1.1200000047683716,16357200
2009-11-09,1.2200000286102295,1.2699999809265137,1.1799999475479126,1.2599999904632568,15440400
2009-11-10,1.2000000476837158,1.25,1.1799999475479126,1.2300000190734863,10894300
2009-11-11,1.1799999475479126,1.2200000286102295,1.149999976158142,1.2200000286102295,9943900
2009-11-12,1.159999966621399,1.1799999475479126,1.1399999856948853,1.1699999570846558,13931200
2009-11-13,1.1299999952316284,1.149999976158142,1.1100000143051147,1.149999976158142,14110500
2009-11-16,1.100000023841858,1.159999966621399,1.100000023841858,1.1299999952316284,12273600
2009-11-17,1.100000023841858,1.1200000047683716,1.100000023841858,1.1100000143051147,7480400
2009-11-18,1.1799999475479126,1.2200000286102295,1.090000033378601,1.090000033378601,24925300
2009-11-19,1.159999966621399,1.1799999475479126,1.1100000143051147,1.1799999475479126,12216700
2009-11-20,1.1399999856948853,1.149999976158142,1.1200000047683716,1.1399999856948853,6207700
2009-11-23,1.159999966621399,1.1699999570846558,1.1299999952316284,1.159999966621399,7799300
2009-11-24,1.1299999952316284,1.1699999570846558,1.1200000047683716,1.1299999952316284,7346600
2009-11-25,1.1200000047683716,1.149999976158142,1.1200000047683716,1.1299999952316284,10259200
2009-11-27,1.100000023841858,1.1100000143051147,1.059999942779541,1.090000033378601,9867300
2009-11-30,1.0299999713897705,1.1100000143051147,1.0199999809265137,1.090000033378601,17738500
2009-12-01,1.090000033378601,1.090000033378601,1.0399999618530271,1.0499999523162842,13991800
2009-12-02,1.090000033378601,1.1100000143051147,1.0700000524520874,1.0800000429153442,8647500
2009-12-03,1.090000033378601,1.1200000047683716,1.0800000429153442,1.100000023841858,10841700
2009-12-04,1.090000033378601,1.100000023841858,1.0700000524520874,1.090000033378601,5731800
2009-12-07,1.0800000429153442,1.090000033378601,1.0499999523162842,1.0700000524520874,7424000
2009-12-08,1.1100000143051147,1.1200000047683716,1.0700000524520874,1.0800000429153442,11146800
2009-12-09,1.1100000143051147,1.1200000047683716,1.100000023841858,1.100000023841858,7756100
2009-12-10,1.1200000047683716,1.1200000047683716,1.090000033378601,1.100000023841858,7616700
2009-12-11,1.2599999904632568,1.2899999618530271,1.1100000143051147,1.1200000047683716,33774400
2009-12-14,1.440000057220459,1.4600000381469729,1.2799999713897705,1.2799999713897705,45759500
2009-12-15,1.4800000190734863,1.6200000047683716,1.4500000476837158,1.4500000476837158,66845200
2009-12-16,1.3600000143051147,1.4500000476837158,1.2599999904632568,1.4299999475479126,57097500
2009-12-17,1.3799999952316284,1.3899999856948853,1.2400000095367432,1.2599999904632568,24053800
2009-12-18,1.2999999523162842,1.4600000381469729,1.2999999523162842,1.4299999475479126,27908900
2009-12-21,1.3300000429153442,1.409999966621399,1.309999942779541,1.3300000429153442,14352100
2009-12-22,1.350000023841858,1.3799999952316284,1.3200000524520874,1.350000023841858,13512600
2009-12-23,1.309999942779541,1.3700000047683716,1.2999999523162842,1.3600000143051147,8732400
2009-12-24,1.2599999904632568,1.309999942779541,1.2599999904632568,1.309999942779541,8176400
2009-12-28,1.600000023841858,1.6399999856948853,1.4600000381469729,1.5299999713897705,89839500
2009-12-29,1.5,1.7100000381469729,1.5,1.7000000476837158,64768700
2009-12-30,1.4199999570846558,1.440000057220459,1.3600000143051147,1.4299999475479126,27735000
2009-12-31,1.4700000286102295,1.4900000095367432,1.3700000047683716,1.3899999856948853,16606600
2010-01-04,1.4600000381469729,1.5199999809265137,1.409999966621399,1.5099999904632568,20780800
2010-01-05,1.4299999475479126,1.4600000381469729,1.399999976158142,1.4299999475479126,12374400
2010-01-06,1.3799999952316284,1.4299999475479126,1.3700000047683716,1.4199999570846558,14320200
2010-01-07,1.5,1.5,1.340000033378601,1.3700000047683716,33298400
2010-01-08,1.4500000476837158,1.5199999809265137,1.4299999475479126,1.4700000286102295,18803600
2010-01-11,1.4600000381469729,1.4900000095367432,1.440000057220459,1.4800000190734863,9919900
2010-01-12,1.3799999952316284,1.4600000381469729,1.350000023841858,1.440000057220459,14270700
2010-01-13,1.409999966621399,1.409999966621399,1.3600000143051147,1.3899999856948853,8563400
2010-01-14,1.3799999952316284,1.409999966621399,1.3700000047683716,1.3899999856948853,8354000
2010-01-15,1.3799999952316284,1.399999976158142,1.3600000143051147,1.3899999856948853,7666100
2010-01-19,1.350000023841858,1.3799999952316284,1.3300000429153442,1.3799999952316284,11784000
2010-01-20,1.309999942779541,1.340000033378601,1.2999999523162842,1.3300000429153442,11463100
2010-01-21,1.309999942779541,1.3200000524520874,1.2799999713897705,1.2999999523162842,13456600
2010-01-22,1.1699999570846558,1.2799999713897705,1.1699999570846558,1.2699999809265137,32434100
2010-01-25,1.149999976158142,1.1699999570846558,1.1200000047683716,1.159999966621399,20608100
2010-01-26,1.2200000286102295,1.2699999809265137,1.1299999952316284,1.149999976158142,19219000
2010-01-27,1.2100000381469729,1.2599999904632568,1.159999966621399,1.2400000095367432,11941000
2010-01-28,1.1799999475479126,1.2300000190734863,1.159999966621399,1.2200000286102295,6678300
2010-01-29,1.1799999475479126,1.2100000381469729,1.149999976158142,1.190000057220459,6135700
2010-02-01,1.2300000190734863,1.2400000095367432,1.159999966621399,1.1799999475479126,7298400
2010-02-02,1.2100000381469729,1.2300000190734863,1.1799999475479126,1.2300000190734863,5787100
2010-02-03,1.190000057220459,1.2200000286102295,1.190000057220459,1.2000000476837158,3171300
2010-02-04,1.159999966621399,1.190000057220459,1.159999966621399,1.1799999475479126,6026700
2010-02-05,1.159999966621399,1.1799999475479126,1.149999976158142,1.159999966621399,5848800
2010-02-08,1.159999966621399,1.1699999570846558,1.149999976158142,1.159999966621399,6328000
2010-02-09,1.2000000476837158,1.2000000476837158,1.149999976158142,1.159999966621399,6103400
2010-02-10,1.2400000095367432,1.25,1.1699999570846558,1.190000057220459,10959500
2010-02-11,1.2100000381469729,1.2799999713897705,1.190000057220459,1.2400000095367432,10163000
2010-02-12,1.2200000286102295,1.2300000190734863,1.1799999475479126,1.2000000476837158,4350800
2010-02-16,1.2300000190734863,1.2400000095367432,1.2100000381469729,1.2300000190734863,4980100
2010-02-17,1.25,1.2899999618530271,1.2300000190734863,1.2400000095367432,10572300
2010-02-18,1.2200000286102295,1.2599999904632568,1.2100000381469729,1.2599999904632568,4408500
2010-02-19,1.2300000190734863,1.2400000095367432,1.2000000476837158,1.2100000381469729,4172500
2010-02-22,1.25,1.25,1.2100000381469729,1.2300000190734863,4996800
2010-02-23,1.2000000476837158,1.2400000095367432,1.190000057220459,1.2200000286102295,6927800
2010-02-24,1.2200000286102295,1.2200000286102295,1.190000057220459,1.190000057220459,5182200
2010-02-25,1.190000057220459,1.2100000381469729,1.190000057220459,1.2100000381469729,4552100
2010-02-26,1.1799999475479126,1.2100000381469729,1.1699999570846558,1.2000000476837158,4947000
2010-03-01,1.159999966621399,1.1799999475479126,1.149999976158142,1.1799999475479126,12730700
2010-03-02,1.2200000286102295,1.2200000286102295,1.159999966621399,1.159999966621399,11735600
2010-03-03,1.2000000476837158,1.2100000381469729,1.190000057220459,1.2100000381469729,6193900
2010-03-04,1.2200000286102295,1.2400000095367432,1.1799999475479126,1.1799999475479126,9469200
2010-03-05,1.2200000286102295,1.2300000190734863,1.2000000476837158,1.2200000286102295,6945400
2010-03-08,1.190000057220459,1.2300000190734863,1.1699999570846558,1.2200000286102295,7325000
2010-03-09,1.2799999713897705,1.409999966621399,1.1799999475479126,1.190000057220459,48090400
2010-03-10,1.309999942779541,1.3600000143051147,1.2599999904632568,1.3300000429153442,36313200
2010-03-11,1.2999999523162842,1.350000023841858,1.2799999713897705,1.3300000429153442,15638900
2010-03-12,1.2899999618530271,1.3300000429153442,1.2699999809265137,1.3200000524520874,11299500
2010-03-15,1.2799999713897705,1.2899999618530271,1.2400000095367432,1.2799999713897705,8630600
2010-03-16,1.2599999904632568,1.2899999618530271,1.25,1.2799999713897705,7278800
2010-03-17,1.340000033378601,1.3700000047683716,1.2699999809265137,1.2799999713897705,31497200
2010-03-18,1.3200000524520874,1.3700000047683716,1.2899999618530271,1.340000033378601,7328900
2010-03-19,1.3200000524520874,1.3200000524520874,1.2799999713897705,1.3200000524520874,8260400
2010-03-22,1.2899999618530271,1.3200000524520874,1.25,1.2799999713897705,10634200
2010-03-23,1.2999999523162842,1.3300000429153442,1.2899999618530271,1.2999999523162842,10671600
2010-03-24,1.2799999713897705,1.2999999523162842,1.2799999713897705,1.2899999618530271,6036900
2010-03-25,1.2899999618530271,1.3300000429153442,1.2699999809265137,1.2899999618530271,14878200
2010-03-26,1.3200000524520874,1.3600000143051147,1.2699999809265137,1.2899999618530271,15437800
2010-03-29,1.2799999713897705,1.309999942779541,1.2799999713897705,1.2999999523162842,5187500
2010-03-30,1.2799999713897705,1.2899999618530271,1.2799999713897705,1.2899999618530271,3233100
2010-03-31,1.2699999809265137,1.2799999713897705,1.2599999904632568,1.2799999713897705,5503000
2010-04-01,1.2599999904632568,1.2799999713897705,1.25,1.2699999809265137,6823100
2010-04-05,1.2999999523162842,1.2999999523162842,1.2599999904632568,1.2599999904632568,5571600
2010-04-06,1.309999942779541,1.309999942779541,1.2899999618530271,1.2999999523162842,5213200
2010-04-07,1.340000033378601,1.3600000143051147,1.2999999523162842,1.309999942779541,15304700
2010-04-08,1.340000033378601,1.3700000047683716,1.309999942779541,1.350000023841858,9783800
2010-04-09,1.3700000047683716,1.409999966621399,1.3600000143051147,1.3899999856948853,11532800
2010-04-12,1.559999942779541,1.5700000524520874,1.3799999952316284,1.3899999856948853,59071700
2010-04-13,1.4600000381469729,1.6799999475479126,1.440000057220459,1.6200000047683716,75527100
2010-04-14,1.5299999713897705,1.600000023841858,1.4900000095367432,1.5099999904632568,31752100
2010-04-15,1.5800000429153442,1.6299999952316284,1.5399999618530271,1.5399999618530271,27397900
2010-04-16,1.5099999904632568,1.559999942779541,1.4500000476837158,1.559999942779541,30505100
2010-04-19,1.4299999475479126,1.4900000095367432,1.4199999570846558,1.4700000286102295,19619400
2010-04-20,1.4900000095367432,1.5099999904632568,1.4500000476837158,1.4700000286102295,13601700
2010-04-21,1.4800000190734863,1.5399999618530271,1.4500000476837158,1.5099999904632568,10236500
2010-04-22,1.5,1.5299999713897705,1.440000057220459,1.4500000476837158,9660400
2010-04-23,1.5199999809265137,1.5499999523162842,1.5,1.5199999809265137,12938700
2010-04-26,1.5199999809265137,1.6100000143051147,1.5,1.5299999713897705,26445200
2010-04-27,1.4700000286102295,1.5199999809265137,1.4500000476837158,1.5,15791600
2010-04-28,1.4900000095367432,1.5099999904632568,1.4600000381469729,1.4800000190734863,9385300
2010-04-29,1.5399999618530271,1.5399999618530271,1.5099999904632568,1.5199999809265137,11000800
2010-04-30,1.5,1.5399999618530271,1.4900000095367432,1.5399999618530271,7442000
2010-05-03,1.5099999904632568,1.5099999904632568,1.4800000190734863,1.4900000095367432,6500600
2010-05-04,1.4600000381469729,1.4900000095367432,1.4299999475479126,1.4800000190734863,15738100
2010-05-05,1.4299999475479126,1.4500000476837158,1.3899999856948853,1.409999966621399,15081300
2010-05-06,1.340000033378601,1.3799999952316284,1.25,1.3700000047683716,37269300
2010-05-07,1.2899999618530271,1.3300000429153442,1.2699999809265137,1.309999942779541,14681400
2010-05-10,1.340000033378601,1.399999976158142,1.340000033378601,1.399999976158142,13301400
2010-05-11,1.3700000047683716,1.3899999856948853,1.2999999523162842,1.2999999523162842,12327400
2010-05-12,1.340000033378601,1.3799999952316284,1.2999999523162842,1.3600000143051147,7717600
2010-05-13,1.3799999952316284,1.3899999856948853,1.3200000524520874,1.3300000429153442,8755600
2010-05-14,1.3700000047683716,1.409999966621399,1.309999942779541,1.350000023841858,14124700
2010-05-17,1.3300000429153442,1.3700000047683716,1.3200000524520874,1.350000023841858,14155600
2010-05-18,1.350000023841858,1.3899999856948853,1.340000033378601,1.3600000143051147,16366600
2010-05-19,1.2799999713897705,1.3300000429153442,1.25,1.3300000429153442,18841800
2010-05-20,1.190000057220459,1.2599999904632568,1.1799999475479126,1.2400000095367432,14972800
2010-05-21,1.2200000286102295,1.2300000190734863,1.149999976158142,1.149999976158142,16538000
2010-05-24,1.190000057220459,1.25,1.1799999475479126,1.2400000095367432,8009300
2010-05-25,1.149999976158142,1.1699999570846558,1.1299999952316284,1.1399999856948853,13109400
2010-05-26,1.1699999570846558,1.2100000381469729,1.1699999570846558,1.1799999475479126,8635800
2010-05-27,1.2300000190734863,1.25,1.1799999475479126,1.2000000476837158,6045000
2010-05-28,1.2400000095367432,1.2699999809265137,1.2100000381469729,1.2599999904632568,10278900
2010-06-01,1.2000000476837158,1.2999999523162842,1.2000000476837158,1.2200000286102295,8085800
2010-06-02,1.2400000095367432,1.25,1.1799999475479126,1.2300000190734863,7036100
2010-06-03,1.2100000381469729,1.2400000095367432,1.2000000476837158,1.2400000095367432,7054700
2010-06-04,1.190000057220459,1.2100000381469729,1.190000057220459,1.2100000381469729,4063100
2010-06-07,1.1699999570846558,1.2100000381469729,1.149999976158142,1.2000000476837158,7850000
2010-06-08,1.149999976158142,1.1799999475479126,1.149999976158142,1.1699999570846558,6455600
2010-06-09,1.1699999570846558,1.190000057220459,1.149999976158142,1.1699999570846558,8892000
2010-06-10,1.2000000476837158,1.2000000476837158,1.1699999570846558,1.190000057220459,4944100
2010-06-11,1.2100000381469729,1.2300000190734863,1.1799999475479126,1.1799999475479126,3332900
2010-06-14,1.2000000476837158,1.25,1.190000057220459,1.2200000286102295,7107200
2010-06-15,1.2200000286102295,1.2300000190734863,1.2000000476837158,1.2000000476837158,5419100
2010-06-16,0.75,1.1699999570846558,0.5199999809265137,1.1699999570846558,215041700
2010-06-17,0.5099999904632568,0.6200000047683716,0.5099999904632568,0.6000000238418579,98506300
2010-06-18,0.4000000059604645,0.5199999809265137,0.4000000059604645,0.5199999809265137,68223000
2010-06-21,0.4699999988079071,0.5,0.4099999964237213,0.4099999964237213,39873400
2010-06-22,0.4900000095367431,0.5199999809265137,0.4900000095367431,0.5099999904632568,24274100
2010-06-23,0.4900000095367431,0.5199999809265137,0.449999988079071,0.5199999809265137,13971500
2010-06-24,0.4699999988079071,0.4900000095367431,0.4600000083446502,0.4900000095367431,8549200
2010-06-25,0.449999988079071,0.4799999892711639,0.449999988079071,0.4799999892711639,10830300
2010-06-28,0.4399999976158142,0.4699999988079071,0.4199999868869781,0.4300000071525574,14228700
2010-06-29,0.4199999868869781,0.4399999976158142,0.4000000059604645,0.4099999964237213,15520400
2010-06-30,0.4099999964237213,0.449999988079071,0.4000000059604645,0.4199999868869781,6853700
2010-07-01,0.3899999856948852,0.4199999868869781,0.3899999856948852,0.4199999868869781,9064600
2010-07-02,0.3799999952316284,0.4000000059604645,0.3600000143051147,0.3899999856948852,7592400
2010-07-06,0.3600000143051147,0.3899999856948852,0.3499999940395355,0.3899999856948852,11499100
2010-07-07,0.3400000035762787,0.3799999952316284,0.25,0.3499999940395355,37225600
2010-07-08,0.2399999946355819,0.3199999928474426,0.2399999946355819,0.2800000011920929,29075400
2010-07-09,0.3400000035762787,0.3400000035762787,0.2399999946355819,0.2399999946355819,21406700
2010-07-12,0.4099999964237213,0.4199999868869781,0.3300000131130218,0.3300000131130218,22353500
2010-07-13,0.3600000143051147,0.4399999976158142,0.3499999940395355,0.4199999868869781,21542700
2010-07-14,0.3300000131130218,0.3600000143051147,0.3000000119209289,0.3499999940395355,13528500
2010-07-15,0.3300000131130218,0.3600000143051147,0.3100000023841858,0.3300000131130218,11145000
2010-07-16,0.3400000035762787,0.3400000035762787,0.3100000023841858,0.3199999928474426,7428900
2010-07-19,0.3400000035762787,0.3499999940395355,0.3199999928474426,0.3400000035762787,3180500
2010-07-20,0.3300000131130218,0.3499999940395355,0.3300000131130218,0.3400000035762787,3437400
2010-07-21,0.3199999928474426,0.3300000131130218,0.3100000023841858,0.3300000131130218,2941800
2010-07-22,0.3100000023841858,0.3300000131130218,0.3100000023841858,0.3300000131130218,3243000
2010-07-23,0.3100000023841858,0.3199999928474426,0.3000000119209289,0.3199999928474426,3938900
2010-07-26,0.3100000023841858,0.3199999928474426,0.3100000023841858,0.3100000023841858,3071200
2010-07-27,0.4099999964237213,0.4300000071525574,0.3100000023841858,0.3300000131130218,22118200
2010-07-28,0.3600000143051147,0.4099999964237213,0.3499999940395355,0.4099999964237213,9800300
2010-07-29,0.3899999856948852,0.4300000071525574,0.3600000143051147,0.3600000143051147,18077200
2010-07-30,0.3899999856948852,0.4099999964237213,0.3600000143051147,0.3899999856948852,6113200
2010-08-02,0.4199999868869781,0.4300000071525574,0.3899999856948852,0.4000000059604645,8892500
2010-08-03,0.4199999868869781,0.4399999976158142,0.4099999964237213,0.4399999976158142,5763500
2010-08-04,0.4199999868869781,0.4300000071525574,0.4000000059604645,0.4099999964237213,4686600
2010-08-05,0.4000000059604645,0.4099999964237213,0.3899999856948852,0.4099999964237213,5428300
2010-08-06,0.4199999868869781,0.4300000071525574,0.4099999964237213,0.4199999868869781,5157600
2010-08-09,0.4000000059604645,0.4099999964237213,0.4000000059604645,0.4099999964237213,5587200
2010-08-10,0.4000000059604645,0.4099999964237213,0.3799999952316284,0.4000000059604645,3599200
2010-08-11,0.3899999856948852,0.4000000059604645,0.3899999856948852,0.4000000059604645,3849300
2010-08-12,0.4000000059604645,0.4099999964237213,0.3799999952316284,0.3899999856948852,1775900
2010-08-13,0.4000000059604645,0.4099999964237213,0.3700000047683716,0.4000000059604645,1968100
2010-08-16,0.4000000059604645,0.4000000059604645,0.3899999856948852,0.4000000059604645,2630300
2010-08-17,0.4000000059604645,0.4000000059604645,0.3899999856948852,0.4000000059604645,2183200
2010-08-18,0.3499999940395355,0.4000000059604645,0.3400000035762787,0.4000000059604645,9281500
2010-08-19,0.3400000035762787,0.3499999940395355,0.3300000131130218,0.3499999940395355,2232500
2010-08-20,0.3499999940395355,0.3700000047683716,0.3400000035762787,0.3400000035762787,2803200
2010-08-23,0.3499999940395355,0.3600000143051147,0.3400000035762787,0.3499999940395355,960300
2010-08-24,0.3400000035762787,0.3499999940395355,0.3300000131130218,0.3499999940395355,1727000
2010-08-25,0.3300000131130218,0.3400000035762787,0.3100000023841858,0.3300000131130218,2314000
2010-08-26,0.3199999928474426,0.3300000131130218,0.3199999928474426,0.3199999928474426,1499000
2010-08-27,0.3600000143051147,0.3600000143051147,0.3199999928474426,0.3199999928474426,2163700
2010-08-30,0.3499999940395355,0.3600000143051147,0.3400000035762787,0.3499999940395355,1480800
2010-08-31,0.3300000131130218,0.3499999940395355,0.3000000119209289,0.3499999940395355,2086100
2010-09-01,0.3300000131130218,0.3499999940395355,0.3300000131130218,0.3300000131130218,921000
2010-09-02,0.3400000035762787,0.3499999940395355,0.3400000035762787,0.3400000035762787,995900
2010-09-03,0.3400000035762787,0.3499999940395355,0.3400000035762787,0.3400000035762787,837400
2010-09-07,0.3300000131130218,0.3400000035762787,0.3300000131130218,0.3400000035762787,938400
2010-09-08,0.3400000035762787,0.3400000035762787,0.3300000131130218,0.3300000131130218,1266300
2010-09-09,0.3400000035762787,0.3499999940395355,0.3300000131130218,0.3400000035762787,1213000
2010-09-10,0.3199999928474426,0.3400000035762787,0.3199999928474426,0.3400000035762787,1943100
2010-09-13,0.3300000131130218,0.3300000131130218,0.3199999928474426,0.3199999928474426,1008600
2010-09-14,0.3300000131130218,0.3300000131130218,0.3199999928474426,0.3300000131130218,908800
2010-09-15,0.3199999928474426,0.3300000131130218,0.3100000023841858,0.3199999928474426,1559500
2010-09-16,0.3100000023841858,0.3199999928474426,0.3100000023841858,0.3199999928474426,735900
2010-09-17,0.270000010728836,0.3400000035762787,0.25,0.3199999928474426,42904200
2010-09-20,0.3000000119209289,0.3000000119209289,0.270000010728836,0.2800000011920929,4974200
2010-09-21,0.3000000119209289,0.3100000023841858,0.3000000119209289,0.3000000119209289,2786300
2010-09-22,0.3000000119209289,0.3100000023841858,0.2899999916553497,0.3000000119209289,2293900
2010-09-23,0.2899999916553497,0.3000000119209289,0.2899999916553497,0.3000000119209289,2301600
2010-09-24,0.3000000119209289,0.3000000119209289,0.2899999916553497,0.3000000119209289,2041900
2010-09-27,0.3100000023841858,0.3100000023841858,0.3000000119209289,0.3000000119209289,15561100
2010-09-28,0.3100000023841858,0.3100000023841858,0.2899999916553497,0.3100000023841858,3401900
2010-09-29,0.3000000119209289,0.3100000023841858,0.2899999916553497,0.3100000023841858,1209700
2010-09-30,0.3000000119209289,0.3000000119209289,0.2899999916553497,0.3000000119209289,1258100
2010-10-01,0.3000000119209289,0.3000000119209289,0.2899999916553497,0.3000000119209289,1770500
2010-10-04,0.3100000023841858,0.3100000023841858,0.3000000119209289,0.3000000119209289,3038700
2010-10-05,0.3100000023841858,0.3100000023841858,0.3100000023841858,0.3100000023841858,2225200
2010-10-06,0.3100000023841858,0.3100000023841858,0.3100000023841858,0.3100000023841858,1667500
2010-10-07,0.3100000023841858,0.3199999928474426,0.3100000023841858,0.3100000023841858,2076000
2010-10-08,0.3199999928474426,0.3199999928474426,0.3100000023841858,0.3100000023841858,2842200
2010-10-11,0.3199999928474426,0.3199999928474426,0.3199999928474426,0.3199999928474426,919400
2010-10-12,0.3199999928474426,0.3199999928474426,0.3100000023841858,0.3199999928474426,1252100
2010-10-13,0.3300000131130218,0.3300000131130218,0.3100000023841858,0.3100000023841858,2945000
2010-10-14,0.3400000035762787,0.3400000035762787,0.3300000131130218,0.3300000131130218,1909200
2010-10-15,0.4000000059604645,0.4000000059604645,0.3400000035762787,0.3400000035762787,11556900
2010-10-18,0.4300000071525574,0.4799999892711639,0.4000000059604645,0.4000000059604645,18979500
2010-10-19,0.4199999868869781,0.4300000071525574,0.3899999856948852,0.4300000071525574,8548800
2010-10-20,0.3899999856948852,0.4199999868869781,0.3600000143051147,0.4099999964237213,5851300
2010-10-21,0.4000000059604645,0.4300000071525574,0.3799999952316284,0.3899999856948852,7921600
2010-10-22,0.3799999952316284,0.4000000059604645,0.3700000047683716,0.4000000059604645,5592600
2010-10-25,0.3400000035762787,0.3899999856948852,0.3400000035762787,0.3799999952316284,6221300
2010-10-26,0.3600000143051147,0.3700000047683716,0.3400000035762787,0.3499999940395355,2229200
2010-10-27,0.3799999952316284,0.4000000059604645,0.3600000143051147,0.3700000047683716,3700000
2010-10-28,0.4000000059604645,0.4000000059604645,0.3700000047683716,0.3799999952316284,2093600
2010-10-29,0.3899999856948852,0.4000000059604645,0.3899999856948852,0.4000000059604645,2116500
2010-11-01,0.3799999952316284,0.3899999856948852,0.3700000047683716,0.3899999856948852,1375900
2010-11-02,0.3799999952316284,0.3899999856948852,0.3700000047683716,0.3700000047683716,1631700
2010-11-03,0.3700000047683716,0.3799999952316284,0.3700000047683716,0.3799999952316284,2002300
2010-11-04,0.3700000047683716,0.3799999952316284,0.3600000143051147,0.3600000143051147,2689300
2010-11-05,0.3700000047683716,0.3799999952316284,0.3600000143051147,0.3700000047683716,1866000
2010-11-08,0.3799999952316284,0.3799999952316284,0.3700000047683716,0.3700000047683716,2116000
2010-11-09,0.3700000047683716,0.3799999952316284,0.3700000047683716,0.3700000047683716,1672300
2010-11-10,0.3700000047683716,0.3799999952316284,0.3700000047683716,0.3700000047683716,1465800
2010-11-11,0.3700000047683716,0.3799999952316284,0.3600000143051147,0.3700000047683716,1513600
2010-11-12,0.3600000143051147,0.3700000047683716,0.3499999940395355,0.3700000047683716,1139400
2010-11-15,0.3600000143051147,0.3700000047683716,0.3499999940395355,0.3600000143051147,1110000
2010-11-16,0.3400000035762787,0.3600000143051147,0.3400000035762787,0.3499999940395355,2541300
2010-11-17,0.3400000035762787,0.3499999940395355,0.3400000035762787,0.3499999940395355,2015900
2010-11-18,0.3400000035762787,0.3499999940395355,0.3400000035762787,0.3400000035762787,1673100
2010-11-19,0.3400000035762787,0.3499999940395355,0.3300000131130218,0.3400000035762787,2494500
2010-11-22,0.3300000131130218,0.3400000035762787,0.3199999928474426,0.3300000131130218,3323200
2010-11-23,0.3300000131130218,0.3400000035762787,0.3199999928474426,0.3300000131130218,2266700
2010-11-24,0.3199999928474426,0.3300000131130218,0.3199999928474426,0.3300000131130218,3499000
2010-11-26,0.3199999928474426,0.3199999928474426,0.3199999928474426,0.3199999928474426,655500
2010-11-29,0.3199999928474426,0.3199999928474426,0.3100000023841858,0.3100000023841858,2117500
2010-11-30,0.3100000023841858,0.3199999928474426,0.3000000119209289,0.3100000023841858,1381500
2010-12-01,0.3199999928474426,0.3400000035762787,0.3100000023841858,0.3100000023841858,1752300
2010-12-02,0.3100000023841858,0.3300000131130218,0.3100000023841858,0.3199999928474426,1646600
2010-12-03,0.3100000023841858,0.3199999928474426,0.3100000023841858,0.3100000023841858,1410900
2010-12-06,0.3000000119209289,0.3199999928474426,0.3000000119209289,0.3199999928474426,1528100
2010-12-07,0.3000000119209289,0.3100000023841858,0.3000000119209289,0.3100000023841858,2256600
2010-12-08,0.3000000119209289,0.3100000023841858,0.3000000119209289,0.3100000023841858,2384900
2010-12-09,0.3000000119209289,0.3100000023841858,0.3000000119209289,0.3000000119209289,1483600
2010-12-10,0.3100000023841858,0.3100000023841858,0.3000000119209289,0.3000000119209289,1257300
2010-12-13,0.3100000023841858,0.3100000023841858,0.3000000119209289,0.3000000119209289,1648700
2010-12-14,0.3100000023841858,0.3100000023841858,0.3100000023841858,0.3100000023841858,1406700
2010-12-15,0.3000000119209289,0.3100000023841858,0.3000000119209289,0.3100000023841858,2225400
2010-12-16,0.3000000119209289,0.3100000023841858,0.3000000119209289,0.3000000119209289,1356300
2010-12-17,0.3300000131130218,0.5,0.3000000119209289,0.3000000119209289,4179900
2010-12-20,0.3499999940395355,0.3499999940395355,0.3199999928474426,0.3300000131130218,4957900
2010-12-21,0.3300000131130218,0.3600000143051147,0.3199999928474426,0.3400000035762787,3792300
2010-12-22,0.3199999928474426,0.3300000131130218,0.3199999928474426,0.3300000131130218,1557700
2010-12-23,0.3199999928474426,0.3300000131130218,0.3199999928474426,0.3300000131130218,2118500
2010-12-27,0.3199999928474426,0.3199999928474426,0.3100000023841858,0.3199999928474426,1759900
2010-12-28,0.3100000023841858,0.3199999928474426,0.3100000023841858,0.3100000023841858,3309800
2010-12-29,0.3100000023841858,0.3199999928474426,0.3100000023841858,0.3100000023841858,3619300
2010-12-30,0.3000000119209289,0.3100000023841858,0.3000000119209289,0.3100000023841858,3404300
2010-12-31,0.3000000119209289,0.3100000023841858,0.3000000119209289,0.3000000119209289,2804400
2011-01-03,0.3300000131130218,0.3300000131130218,0.1299999952316284,0.3100000023841858,3646000
2011-01-04,0.3400000035762787,0.3400000035762787,0.3199999928474426,0.3199999928474426,3201300
2011-01-05,0.3300000131130218,0.3400000035762787,0.3199999928474426,0.3300000131130218,2302300
2011-01-06,0.3300000131130218,0.3400000035762787,0.3199999928474426,0.3300000131130218,2295600
2011-01-07,0.3300000131130218,0.3300000131130218,0.3300000131130218,0.3300000131130218,1284000
2011-01-10,0.3300000131130218,0.3400000035762787,0.3300000131130218,0.3300000131130218,1711700
2011-01-11,0.3199999928474426,0.3300000131130218,0.3199999928474426,0.3300000131130218,1593800
2011-01-12,0.3199999928474426,0.3300000131130218,0.3199999928474426,0.3300000131130218,2662500
2011-01-13,0.3199999928474426,0.3300000131130218,0.3199999928474426,0.3199999928474426,1887100
2011-01-14,0.3199999928474426,0.3300000131130218,0.3199999928474426,0.3300000131130218,1202600
2011-01-18,0.3199999928474426,0.3300000131130218,0.3199999928474426,0.3300000131130218,2103700
2011-01-19,0.3199999928474426,0.3199999928474426,0.3199999928474426,0.3199999928474426,1787400
2011-01-20,0.3700000047683716,0.3700000047683716,0.3100000023841858,0.3199999928474426,5929800
2011-01-21,0.3899999856948852,0.4000000059604645,0.3700000047683716,0.3899999856948852,13782000
2011-01-24,0.4900000095367431,0.5,0.3799999952316284,0.3799999952316284,25829900
2011-01-25,0.6700000166893005,0.6800000071525574,0.5,0.5099999904632568,36337900
2011-01-26,0.5600000023841858,0.6700000166893005,0.4900000095367431,0.6600000262260437,37011400
2011-01-27,0.5799999833106995,0.6200000047683716,0.550000011920929,0.5600000023841858,9530700
2011-01-28,0.550000011920929,0.5899999737739563,0.5,0.5699999928474426,8250100
2011-01-31,0.6100000143051147,0.6299999952316284,0.5600000023841858,0.5600000023841858,9388100
2011-02-01,0.6499999761581421,0.6499999761581421,0.5699999928474426,0.6200000047683716,10175900
2011-02-02,0.699999988079071,0.75,0.6399999856948853,0.6499999761581421,17247100
2011-02-03,0.8399999737739563,0.8500000238418579,0.7300000190734863,0.7300000190734863,20062200
2011-02-04,0.7300000190734863,1.0,0.7300000190734863,0.8600000143051147,37722300
2011-02-07,0.8399999737739563,0.8700000047683716,0.7300000190734863,0.7400000095367432,17291700
2011-02-08,0.8600000143051147,0.9300000071525574,0.8199999928474426,0.8799999952316284,20220900
2011-02-09,0.7400000095367432,0.7799999713897705,0.6700000166893005,0.7699999809265137,27964300
2011-02-10,0.6299999952316284,0.6800000071525574,0.5600000023841858,0.6600000262260437,29274200
2011-02-11,0.6299999952316284,0.7400000095367432,0.550000011920929,0.5699999928474426,32363800
2011-02-14,0.4799999892711639,0.6100000143051147,0.449999988079071,0.5799999833106995,28816900
2011-02-15,0.5400000214576721,0.550000011920929,0.449999988079071,0.449999988079071,12686000
2011-02-16,0.5600000023841858,0.6000000238418579,0.5299999713897705,0.5400000214576721,9911300
2011-02-17,0.6200000047683716,0.800000011920929,0.550000011920929,0.5600000023841858,18563900
2011-02-18,0.6000000238418579,0.6499999761581421,0.5799999833106995,0.6200000047683716,22855100
2011-02-22,0.6100000143051147,0.6299999952316284,0.5600000023841858,0.5600000023841858,9153400
2011-02-23,0.6100000143051147,0.6200000047683716,0.5799999833106995,0.6100000143051147,7721900
2011-02-24,0.5899999737739563,0.6399999856948853,0.5799999833106995,0.6100000143051147,5590500
2011-02-25,0.5799999833106995,0.6100000143051147,0.5799999833106995,0.5799999833106995,4860400
2011-02-28,0.4799999892711639,0.5799999833106995,0.4600000083446502,0.5799999833106995,16857300
2011-03-01,0.5199999809265137,0.550000011920929,0.4799999892711639,0.4799999892711639,4620300
2011-03-02,0.5099999904632568,0.5400000214576721,0.4900000095367431,0.5299999713897705,6304500
2011-03-03,0.5099999904632568,0.5199999809265137,0.4900000095367431,0.5099999904632568,3995700
2011-03-04,0.5,0.5099999904632568,0.4900000095367431,0.5099999904632568,2243200
2011-03-07,0.4799999892711639,0.5099999904632568,0.4799999892711639,0.5,2231600
2011-03-08,0.449999988079071,0.4799999892711639,0.449999988079071,0.4699999988079071,6077400
2011-03-09,0.4199999868869781,0.4699999988079071,0.4199999868869781,0.449999988079071,9067000
2011-03-10,0.4399999976158142,0.449999988079071,0.4099999964237213,0.4199999868869781,5130000
2011-03-11,0.4199999868869781,0.449999988079071,0.4099999964237213,0.4399999976158142,4941800
2011-03-14,0.4000000059604645,0.4099999964237213,0.3899999856948852,0.4099999964237213,9679000
2011-03-15,0.3899999856948852,0.3899999856948852,0.3600000143051147,0.3899999856948852,6191200
2011-03-16,0.3799999952316284,0.3899999856948852,0.3700000047683716,0.3899999856948852,3253300
2011-03-17,0.4199999868869781,0.4199999868869781,0.3700000047683716,0.3799999952316284,6824900
2011-03-18,0.3600000143051147,0.449999988079071,0.3600000143051147,0.4199999868869781,19823200
2011-03-21,0.3799999952316284,0.4000000059604645,0.3799999952316284,0.3799999952316284,8100600
2011-03-22,0.3799999952316284,0.4000000059604645,0.3700000047683716,0.3799999952316284,8937300
2011-03-23,0.3700000047683716,0.3899999856948852,0.3700000047683716,0.3899999856948852,4040500
2011-03-24,0.3799999952316284,0.3799999952316284,0.3700000047683716,0.3799999952316284,2057300
2011-03-25,0.3799999952316284,0.3799999952316284,0.3700000047683716,0.3799999952316284,2303200
2011-03-28,0.4099999964237213,0.4199999868869781,0.3799999952316284,0.3799999952316284,8805800
2011-03-29,0.4000000059604645,0.4399999976158142,0.4000000059604645,0.4000000059604645,8465700
2011-03-30,0.4000000059604645,0.4099999964237213,0.4000000059604645,0.4000000059604645,2818900
2011-03-31,0.3899999856948852,0.4099999964237213,0.3799999952316284,0.4000000059604645,3166100
2011-04-01,0.4000000059604645,0.4000000059604645,0.3899999856948852,0.3899999856948852,1812700
2011-04-04,0.3899999856948852,0.3899999856948852,0.3799999952316284,0.3899999856948852,3282300
2011-04-05,0.3899999856948852,0.4000000059604645,0.3899999856948852,0.3899999856948852,1584700
2011-04-06,0.4000000059604645,0.4399999976158142,0.3899999856948852,0.3899999856948852,3366500
2011-04-07,0.3899999856948852,0.4099999964237213,0.3899999856948852,0.4099999964237213,2424500
2011-04-08,0.3899999856948852,0.3899999856948852,0.3899999856948852,0.3899999856948852,1161900
2011-04-11,0.3899999856948852,0.4000000059604645,0.3899999856948852,0.3899999856948852,1023300
2011-04-12,0.3899999856948852,0.4000000059604645,0.3899999856948852,0.4000000059604645,1233200
2011-04-13,0.3899999856948852,0.4000000059604645,0.3899999856948852,0.3899999856948852,909100
2011-04-14,0.3899999856948852,0.3899999856948852,0.3899999856948852,0.3899999856948852,636500
2011-04-15,0.3899999856948852,0.4000000059604645,0.3799999952316284,0.4000000059604645,1519000
2011-04-18,0.3799999952316284,0.4000000059604645,0.3799999952316284,0.3899999856948852,1116900
2011-04-19,0.3899999856948852,0.4000000059604645,0.3799999952316284,0.4000000059604645,1176000
2011-04-20,0.3799999952316284,0.3899999856948852,0.3799999952316284,0.3899999856948852,1158400
2011-04-21,0.3799999952316284,0.3899999856948852,0.3799999952316284,0.3799999952316284,1424000
2011-04-25,0.3799999952316284,0.3899999856948852,0.3799999952316284,0.3799999952316284,1406800
2011-04-26,0.3799999952316284,0.3899999856948852,0.3799999952316284,0.3799999952316284,1200000
2011-04-27,0.3799999952316284,0.3799999952316284,0.3700000047683716,0.3799999952316284,875800
2011-04-28,0.3899999856948852,0.3899999856948852,0.3799999952316284,0.3799999952316284,1700000
2011-04-29,0.4399999976158142,0.4399999976158142,0.3899999856948852,0.3899999856948852,5900000
2011-05-02,0.4600000083446502,0.5,0.4399999976158142,0.4399999976158142,11656500
2011-05-03,0.4199999868869781,0.4699999988079071,0.4199999868869781,0.4699999988079071,5696700
2011-05-04,0.4300000071525574,0.4399999976158142,0.4199999868869781,0.4199999868869781,2310700
2011-05-05,0.4900000095367431,0.5400000214576721,0.4699999988079071,0.5,26700000
2011-05-06,0.4399999976158142,0.4900000095367431,0.4399999976158142,0.4900000095367431,5835800
2011-05-09,0.4300000071525574,0.4600000083446502,0.4300000071525574,0.449999988079071,7186700
2011-05-10,0.4300000071525574,0.4399999976158142,0.4300000071525574,0.4399999976158142,3134500
2011-05-11,0.4099999964237213,0.4300000071525574,0.4099999964237213,0.4300000071525574,3100300
2011-05-12,0.4000000059604645,0.4199999868869781,0.4000000059604645,0.4099999964237213,3600000
2011-05-13,0.4000000059604645,0.4199999868869781,0.4000000059604645,0.4000000059604645,3101100
2011-05-16,0.3899999856948852,0.4099999964237213,0.3899999856948852,0.4000000059604645,4707100
2011-05-17,0.3899999856948852,0.4099999964237213,0.3899999856948852,0.3899999856948852,2368300
2011-05-18,0.4199999868869781,0.4199999868869781,0.3899999856948852,0.4000000059604645,4833300
2011-05-19,0.4399999976158142,0.4600000083446502,0.4099999964237213,0.4199999868869781,6053000
2011-05-20,0.4199999868869781,0.449999988079071,0.4099999964237213,0.4399999976158142,3008600
2011-05-23,0.4199999868869781,0.4300000071525574,0.4099999964237213,0.4199999868869781,1300000
2011-05-24,0.4099999964237213,0.4199999868869781,0.4099999964237213,0.4199999868869781,660500
2011-05-25,0.4099999964237213,0.4199999868869781,0.4000000059604645,0.4099999964237213,861300
2011-05-26,0.4000000059604645,0.4199999868869781,0.4000000059604645,0.4000000059604645,895700
2011-05-27,0.4099999964237213,0.4099999964237213,0.4000000059604645,0.4000000059604645,525200
2011-05-31,0.4000000059604645,0.4099999964237213,0.4000000059604645,0.4099999964237213,1265700
2011-06-01,0.4000000059604645,0.4099999964237213,0.4000000059604645,0.4000000059604645,1173100
2011-06-02,0.4000000059604645,0.4000000059604645,0.4000000059604645,0.4000000059604645,947500
2011-06-03,0.4000000059604645,0.4000000059604645,0.3899999856948852,0.4000000059604645,1050100
2011-06-06,0.3899999856948852,0.4000000059604645,0.3899999856948852,0.4000000059604645,1048400
2011-06-07,0.3899999856948852,0.4099999964237213,0.3899999856948852,0.3899999856948852,2708700
2011-06-08,0.3799999952316284,0.4000000059604645,0.3799999952316284,0.3899999856948852,3011000
2011-06-09,0.3700000047683716,0.3799999952316284,0.3499999940395355,0.3799999952316284,3215400
2011-06-10,0.3600000143051147,0.3700000047683716,0.3600000143051147,0.3700000047683716,1964300
2011-06-13,0.3600000143051147,0.3700000047683716,0.3600000143051147,0.3600000143051147,1280200
2011-06-14,0.3700000047683716,0.3799999952316284,0.3600000143051147,0.3600000143051147,1893800
2011-06-15,0.3700000047683716,0.3799999952316284,0.3600000143051147,0.3799999952316284,2170800
2011-06-16,0.3600000143051147,0.3700000047683716,0.3600000143051147,0.3700000047683716,3105800
2011-06-17,0.3600000143051147,0.3600000143051147,0.3600000143051147,0.3600000143051147,1033000
2011-06-20,0.3499999940395355,0.3600000143051147,0.3499999940395355,0.3600000143051147,1872700
2011-06-21,0.3600000143051147,0.3600000143051147,0.3499999940395355,0.3499999940395355,1588500
2011-06-22,0.3499999940395355,0.3600000143051147,0.3499999940395355,0.3499999940395355,1788500
2011-06-23,0.3499999940395355,0.3499999940395355,0.3499999940395355,0.3499999940395355,1711600
2011-06-24,0.3499999940395355,0.3499999940395355,0.3400000035762787,0.3400000035762787,741700
2011-06-27,0.3499999940395355,0.3600000143051147,0.3400000035762787,0.3600000143051147,2058000
2011-06-28,0.3499999940395355,0.3600000143051147,0.3499999940395355,0.3499999940395355,2419200
2011-06-29,0.3499999940395355,0.3600000143051147,0.3499999940395355,0.3499999940395355,1499300
2011-06-30,0.3499999940395355,0.3499999940395355,0.3499999940395355,0.3499999940395355,3428700
2011-07-01,0.3600000143051147,0.3600000143051147,0.3499999940395355,0.3499999940395355,1065500
2011-07-05,0.4000000059604645,0.4099999964237213,0.3499999940395355,0.3499999940395355,3813700
2011-07-06,0.3799999952316284,0.4000000059604645,0.3600000143051147,0.4000000059604645,1820200
2011-07-07,0.3700000047683716,0.3799999952316284,0.3600000143051147,0.3600000143051147,931200
2011-07-08,0.3700000047683716,0.3700000047683716,0.3600000143051147,0.3600000143051147,840700
2011-07-11,0.3600000143051147,0.3700000047683716,0.3600000143051147,0.3600000143051147,817600
2011-07-12,0.3600000143051147,0.3600000143051147,0.3600000143051147,0.3600000143051147,795200
2011-07-13,0.3700000047683716,0.3799999952316284,0.3600000143051147,0.3600000143051147,1351300
2011-07-14,0.3700000047683716,0.3799999952316284,0.3600000143051147,0.3700000047683716,780500
2011-07-15,0.3600000143051147,0.3700000047683716,0.3600000143051147,0.3600000143051147,418900
2011-07-18,0.3600000143051147,0.3700000047683716,0.3600000143051147,0.3600000143051147,1328400
2011-07-19,0.3799999952316284,0.3799999952316284,0.3499999940395355,0.3600000143051147,3818400
2011-07-20,0.3899999856948852,0.3899999856948852,0.3700000047683716,0.3799999952316284,2457800
2011-07-21,0.3700000047683716,0.3899999856948852,0.3600000143051147,0.3899999856948852,1413900
2011-07-22,0.3899999856948852,0.3899999856948852,0.3600000143051147,0.3600000143051147,952900
2011-07-25,0.3799999952316284,0.4000000059604645,0.3600000143051147,0.3600000143051147,1354500
2011-07-26,0.3700000047683716,0.3799999952316284,0.3700000047683716,0.3700000047683716,711500
2011-07-27,0.3700000047683716,0.3700000047683716,0.3600000143051147,0.3600000143051147,885000
2011-07-28,0.3600000143051147,0.3700000047683716,0.3600000143051147,0.3700000047683716,1966900
2011-07-29,0.3600000143051147,0.3700000047683716,0.3499999940395355,0.3600000143051147,2171900
2011-08-01,0.3700000047683716,0.3899999856948852,0.3600000143051147,0.3600000143051147,1366000
2011-08-02,0.3700000047683716,0.3700000047683716,0.3600000143051147,0.3600000143051147,2092100
2011-08-03,0.3499999940395355,0.3700000047683716,0.3499999940395355,0.3700000047683716,2099100
2011-08-04,0.3400000035762787,0.3700000047683716,0.3400000035762787,0.3499999940395355,3996700
2011-08-05,0.3300000131130218,0.3499999940395355,0.3100000023841858,0.3400000035762787,4249400
2011-08-08,0.2800000011920929,0.3000000119209289,0.2599999904632568,0.2599999904632568,7524400
2011-08-09,0.3100000023841858,0.3199999928474426,0.270000010728836,0.270000010728836,4168900
2011-08-10,0.3000000119209289,0.3300000131130218,0.3000000119209289,0.3300000131130218,3351200
2011-08-11,0.3199999928474426,0.3199999928474426,0.3000000119209289,0.3000000119209289,2717900
2011-08-12,0.3300000131130218,0.3300000131130218,0.3100000023841858,0.3100000023841858,1239300
2011-08-15,0.3300000131130218,0.3400000035762787,0.3199999928474426,0.3300000131130218,1556500
2011-08-16,0.3199999928474426,0.3300000131130218,0.3199999928474426,0.3300000131130218,931700
2011-08-17,0.3300000131130218,0.3300000131130218,0.3100000023841858,0.3100000023841858,473300
2011-08-18,0.3000000119209289,0.3199999928474426,0.3000000119209289,0.3100000023841858,1034800
2011-08-19,0.3100000023841858,0.3199999928474426,0.3000000119209289,0.3199999928474426,1433900
2011-08-22,0.3000000119209289,0.3199999928474426,0.3000000119209289,0.3000000119209289,1124200
2011-08-23,0.3000000119209289,0.3000000119209289,0.2899999916553497,0.3000000119209289,1086800
2011-08-24,0.3000000119209289,0.3000000119209289,0.2800000011920929,0.2800000011920929,1559800
2011-08-25,0.2899999916553497,0.3100000023841858,0.2800000011920929,0.3000000119209289,1467300
2011-08-26,0.3000000119209289,0.3100000023841858,0.2800000011920929,0.2800000011920929,1569000
2011-08-29,0.3100000023841858,0.3100000023841858,0.3000000119209289,0.3000000119209289,647800
2011-08-30,0.3000000119209289,0.3100000023841858,0.2899999916553497,0.3100000023841858,938100
2011-08-31,0.3199999928474426,0.3300000131130218,0.2800000011920929,0.3000000119209289,1866700
2011-09-01,0.3000000119209289,0.3300000131130218,0.3000000119209289,0.3199999928474426,1125000
2011-09-02,0.3400000035762787,0.3499999940395355,0.3000000119209289,0.3000000119209289,4325800
2011-09-06,0.3400000035762787,0.3499999940395355,0.3300000131130218,0.3400000035762787,3154100
2011-09-07,0.3300000131130218,0.3600000143051147,0.3300000131130218,0.3499999940395355,1996700
2011-09-08,0.3100000023841858,0.3499999940395355,0.3100000023841858,0.3400000035762787,2059900
2011-09-09,0.3000000119209289,0.3300000131130218,0.3000000119209289,0.3100000023841858,1498000
2011-09-12,0.3000000119209289,0.3199999928474426,0.3000000119209289,0.3100000023841858,1026600
2011-09-13,0.2899999916553497,0.3300000131130218,0.2899999916553497,0.3100000023841858,1168000
2011-09-14,0.2899999916553497,0.3000000119209289,0.2899999916553497,0.2899999916553497,581100
2011-09-15,0.2899999916553497,0.3000000119209289,0.2899999916553497,0.2899999916553497,937400
2011-09-16,0.3000000119209289,0.3000000119209289,0.2899999916553497,0.2899999916553497,1052300
2011-09-19,0.2899999916553497,0.3000000119209289,0.2800000011920929,0.3000000119209289,1313600
2011-09-20,0.2899999916553497,0.2899999916553497,0.2800000011920929,0.2899999916553497,699100
2011-09-21,0.2800000011920929,0.3000000119209289,0.2800000011920929,0.2899999916553497,537600
2011-09-22,0.270000010728836,0.2800000011920929,0.270000010728836,0.2800000011920929,2054500
2011-09-23,0.270000010728836,0.2800000011920929,0.270000010728836,0.270000010728836,668800
2011-09-26,0.270000010728836,0.2800000011920929,0.270000010728836,0.270000010728836,419700
2011-09-27,0.270000010728836,0.2800000011920929,0.2599999904632568,0.270000010728836,803000
2011-09-28,0.2599999904632568,0.270000010728836,0.2599999904632568,0.270000010728836,2270300
2011-09-29,0.25,0.270000010728836,0.2399999946355819,0.2599999904632568,8647400
2011-09-30,0.2399999946355819,0.25,0.2399999946355819,0.25,3136200
2011-10-03,0.2300000041723251,0.25,0.2199999988079071,0.2399999946355819,2921200
2011-10-04,0.2399999946355819,0.2399999946355819,0.209999993443489,0.2300000041723251,3614700
2011-10-05,0.25,0.2599999904632568,0.2300000041723251,0.2300000041723251,1859700
2011-10-06,0.2599999904632568,0.270000010728836,0.25,0.2599999904632568,1029000
2011-10-07,0.25,0.270000010728836,0.25,0.270000010728836,1444300
2011-10-10,0.25,0.2599999904632568,0.2399999946355819,0.2599999904632568,685800
2011-10-11,0.25,0.2599999904632568,0.2399999946355819,0.25,1113800
2011-10-12,0.25,0.2599999904632568,0.25,0.25,1099900
2011-10-13,0.2399999946355819,0.25,0.2399999946355819,0.25,536700
2011-10-14,0.2399999946355819,0.2599999904632568,0.2399999946355819,0.2399999946355819,264400
2011-10-17,0.2399999946355819,0.25,0.2300000041723251,0.2399999946355819,662900
2011-10-18,0.2399999946355819,0.25,0.2300000041723251,0.2399999946355819,664900
2011-10-19,0.25,0.25,0.2399999946355819,0.2399999946355819,629500
2011-10-20,0.25,0.25,0.2399999946355819,0.25,346400
2011-10-21,0.25,0.25,0.2399999946355819,0.2399999946355819,600900
2011-10-24,0.270000010728836,0.270000010728836,0.2399999946355819,0.2399999946355819,2921000
2011-10-25,0.2599999904632568,0.270000010728836,0.2399999946355819,0.270000010728836,2449300
2011-10-26,0.2599999904632568,0.270000010728836,0.25,0.2599999904632568,1560100
2011-10-27,0.2599999904632568,0.270000010728836,0.2599999904632568,0.2599999904632568,3661000
2011-10-28,0.2599999904632568,0.2599999904632568,0.25,0.2599999904632568,1495900
2011-10-31,0.25,0.2599999904632568,0.25,0.2599999904632568,574500
2011-11-01,0.25,0.2599999904632568,0.25,0.2599999904632568,1319600
2011-11-02,0.2599999904632568,0.2599999904632568,0.25,0.2599999904632568,476300
2011-11-03,0.25,0.270000010728836,0.2399999946355819,0.25,1578600
2011-11-04,0.2399999946355819,0.25,0.2399999946355819,0.25,606600
2011-11-07,0.2399999946355819,0.25,0.2399999946355819,0.2399999946355819,1223300
2011-11-08,0.2399999946355819,0.2399999946355819,0.2300000041723251,0.2399999946355819,762200
2011-11-09,0.2300000041723251,0.2399999946355819,0.2199999988079071,0.2399999946355819,2620000
2011-11-10,0.2199999988079071,0.2300000041723251,0.209999993443489,0.2300000041723251,1560400
2011-11-11,0.2199999988079071,0.2399999946355819,0.2199999988079071,0.2199999988079071,640300
2011-11-14,0.2199999988079071,0.2300000041723251,0.209999993443489,0.2199999988079071,3917800
2011-11-15,0.209999993443489,0.2199999988079071,0.209999993443489,0.2199999988079071,1116300
2011-11-16,0.209999993443489,0.2199999988079071,0.209999993443489,0.209999993443489,1093100
2011-11-17,0.209999993443489,0.2199999988079071,0.209999993443489,0.209999993443489,1513900
2011-11-18,0.209999993443489,0.209999993443489,0.209999993443489,0.209999993443489,1588000
2011-11-21,0.209999993443489,0.209999993443489,0.2000000029802322,0.209999993443489,995800
2011-11-22,0.209999993443489,0.209999993443489,0.2000000029802322,0.2000000029802322,1128100
2011-11-23,0.2000000029802322,0.209999993443489,0.2000000029802322,0.2000000029802322,1343500
2011-11-25,0.2000000029802322,0.209999993443489,0.2000000029802322,0.2000000029802322,593600
2011-11-28,0.2000000029802322,0.209999993443489,0.2000000029802322,0.2000000029802322,1528100
2011-11-29,0.2000000029802322,0.209999993443489,0.2000000029802322,0.2000000029802322,3595800
2011-11-30,0.2000000029802322,0.209999993443489,0.2000000029802322,0.2000000029802322,2384100
2011-12-01,0.2000000029802322,0.209999993443489,0.2000000029802322,0.2000000029802322,851700
2011-12-02,0.2000000029802322,0.2000000029802322,0.2000000029802322,0.2000000029802322,1367600
2011-12-05,0.2000000029802322,0.2000000029802322,0.2000000029802322,0.2000000029802322,796600
2011-12-06,0.1899999976158142,0.2000000029802322,0.1899999976158142,0.2000000029802322,971200
2011-12-07,0.25,0.25,0.1899999976158142,0.1899999976158142,2959700
2011-12-08,0.2199999988079071,0.25,0.209999993443489,0.25,2886200
2011-12-09,0.209999993443489,0.2300000041723251,0.209999993443489,0.2199999988079071,933000
2011-12-12,0.209999993443489,0.2199999988079071,0.2000000029802322,0.209999993443489,1651700
2011-12-13,0.209999993443489,0.2199999988079071,0.209999993443489,0.209999993443489,474700
2011-12-14,0.209999993443489,0.209999993443489,0.2000000029802322,0.209999993443489,1399500
2011-12-15,0.2000000029802322,0.209999993443489,0.2000000029802322,0.209999993443489,1056300
2011-12-16,0.2000000029802322,0.209999993443489,0.2000000029802322,0.2000000029802322,972400
2011-12-19,0.2000000029802322,0.209999993443489,0.2000000029802322,0.2000000029802322,1061400
2011-12-20,0.2000000029802322,0.2000000029802322,0.2000000029802322,0.2000000029802322,1074600
2011-12-21,0.1899999976158142,0.2000000029802322,0.1899999976158142,0.2000000029802322,1202400
2011-12-22,0.2000000029802322,0.2000000029802322,0.1800000071525573,0.1800000071525573,1484400
2011-12-23,0.2399999946355819,0.2399999946355819,0.2000000029802322,0.2000000029802322,7030200
2011-12-27,0.2599999904632568,0.2599999904632568,0.2199999988079071,0.2300000041723251,7995800
2011-12-28,0.2300000041723251,0.25,0.2300000041723251,0.2399999946355819,1518700
2011-12-29,0.209999993443489,0.2199999988079071,0.209999993443489,0.209999993443489,1991300
2011-12-30,0.209999993443489,0.2300000041723251,0.209999993443489,0.209999993443489,2319000
2012-01-03,0.2300000041723251,0.2300000041723251,0.209999993443489,0.209999993443489,895600
2012-01-04,0.209999993443489,0.2300000041723251,0.209999993443489,0.2199999988079071,1437200
2012-01-05,0.209999993443489,0.2300000041723251,0.209999993443489,0.209999993443489,647300
2012-01-06,0.209999993443489,0.2199999988079071,0.209999993443489,0.209999993443489,582300
2012-01-09,0.2300000041723251,0.2399999946355819,0.209999993443489,0.2199999988079071,1655600
2012-01-10,0.25,0.2599999904632568,0.2300000041723251,0.2399999946355819,3484200
2012-01-11,0.2300000041723251,0.2599999904632568,0.2300000041723251,0.2599999904632568,1489300
2012-01-12,0.2399999946355819,0.2399999946355819,0.2300000041723251,0.2300000041723251,648100
2012-01-13,0.2399999946355819,0.25,0.2300000041723251,0.2399999946355819,691000
2012-01-17,0.25,0.2599999904632568,0.2399999946355819,0.2399999946355819,1071000
2012-01-18,0.25,0.25,0.2399999946355819,0.25,1131100
2012-01-19,0.25,0.2599999904632568,0.2399999946355819,0.25,1044300
2012-01-20,0.25,0.25,0.2399999946355819,0.25,549800
2012-01-23,0.25,0.25,0.2399999946355819,0.2399999946355819,863400
2012-01-24,0.2399999946355819,0.25,0.2399999946355819,0.2399999946355819,940400
2012-01-25,0.2300000041723251,0.2399999946355819,0.2300000041723251,0.2300000041723251,1093700
2012-01-26,0.2399999946355819,0.2399999946355819,0.2300000041723251,0.2300000041723251,612500
2012-01-27,0.2399999946355819,0.2399999946355819,0.2300000041723251,0.2300000041723251,730800
2012-01-30,0.2300000041723251,0.2399999946355819,0.2300000041723251,0.2399999946355819,557200
2012-01-31,0.2300000041723251,0.2399999946355819,0.2300000041723251,0.2300000041723251,820900
2012-02-01,0.2300000041723251,0.2399999946355819,0.2300000041723251,0.2300000041723251,804800
2012-02-02,0.2399999946355819,0.2399999946355819,0.2300000041723251,0.2300000041723251,629800
2012-02-03,0.25,0.2599999904632568,0.2300000041723251,0.2399999946355819,3918700
2012-02-06,0.3100000023841858,0.3300000131130218,0.25,0.25,10758400
2012-02-07,0.2800000011920929,0.3199999928474426,0.2800000011920929,0.3199999928474426,5817800
2012-02-08,0.3000000119209289,0.3100000023841858,0.2899999916553497,0.3000000119209289,2683700
2012-02-09,0.3300000131130218,0.3600000143051147,0.3000000119209289,0.3000000119209289,8029100
2012-02-10,0.3100000023841858,0.3300000131130218,0.3100000023841858,0.3300000131130218,2098100
2012-02-13,0.3400000035762787,0.3400000035762787,0.3100000023841858,0.3100000023841858,5218900
2012-02-14,0.3499999940395355,0.3600000143051147,0.3300000131130218,0.3400000035762787,3465500
2012-02-15,0.3799999952316284,0.4000000059604645,0.3499999940395355,0.3499999940395355,5715700
2012-02-16,0.3899999856948852,0.4199999868869781,0.3799999952316284,0.3899999856948852,6992000
2012-02-17,0.3799999952316284,0.4099999964237213,0.3700000047683716,0.4099999964237213,5076500
2012-02-21,0.3100000023841858,0.3799999952316284,0.3000000119209289,0.3799999952316284,10625100
2012-02-22,0.2899999916553497,0.3100000023841858,0.270000010728836,0.3000000119209289,8487600
2012-02-23,0.3300000131130218,0.3300000131130218,0.2899999916553497,0.2899999916553497,2895200
2012-02-24,0.3199999928474426,0.3300000131130218,0.3100000023841858,0.3300000131130218,2245000
2012-02-27,0.3100000023841858,0.3199999928474426,0.2899999916553497,0.3100000023841858,1909800
2012-02-28,0.3199999928474426,0.3400000035762787,0.3000000119209289,0.3100000023841858,2136300
2012-02-29,0.3199999928474426,0.3400000035762787,0.3100000023841858,0.3199999928474426,1283800
2012-03-01,0.3300000131130218,0.3400000035762787,0.3199999928474426,0.3199999928474426,1614200
2012-03-02,0.3199999928474426,0.3300000131130218,0.3100000023841858,0.3199999928474426,866400
2012-03-05,0.3000000119209289,0.3199999928474426,0.3000000119209289,0.3100000023841858,2039600
2012-03-06,0.3000000119209289,0.3000000119209289,0.2899999916553497,0.3000000119209289,2856800
2012-03-07,0.3000000119209289,0.3100000023841858,0.3000000119209289,0.3000000119209289,718300
2012-03-08,0.3000000119209289,0.3100000023841858,0.3000000119209289,0.3000000119209289,856500
2012-03-09,0.3300000131130218,0.3400000035762787,0.3100000023841858,0.3100000023841858,2549800
2012-03-12,0.3300000131130218,0.3400000035762787,0.3300000131130218,0.3300000131130218,3383200
2012-03-13,0.3199999928474426,0.3400000035762787,0.3100000023841858,0.3300000131130218,1137900
2012-03-14,0.3300000131130218,0.3400000035762787,0.3199999928474426,0.3300000131130218,915700
2012-03-15,0.3199999928474426,0.3300000131130218,0.3199999928474426,0.3199999928474426,841200
2012-03-16,0.3199999928474426,0.3300000131130218,0.3199999928474426,0.3199999928474426,490800
2012-03-19,0.3199999928474426,0.3300000131130218,0.3199999928474426,0.3199999928474426,1067900
2012-03-20,0.3199999928474426,0.3400000035762787,0.3199999928474426,0.3199999928474426,1123900
2012-03-21,0.3199999928474426,0.3300000131130218,0.3199999928474426,0.3199999928474426,472800
2012-03-22,0.3100000023841858,0.3199999928474426,0.3100000023841858,0.3100000023841858,1073300
2012-03-23,0.3100000023841858,0.3199999928474426,0.3100000023841858,0.3100000023841858,643600
2012-03-26,0.3199999928474426,0.3300000131130218,0.3100000023841858,0.3300000131130218,726300
2012-03-27,0.3199999928474426,0.3199999928474426,0.3100000023841858,0.3199999928474426,473900
2012-03-28,0.3100000023841858,0.3199999928474426,0.3000000119209289,0.3100000023841858,2025100
2012-03-29,0.3000000119209289,0.3100000023841858,0.3000000119209289,0.3000000119209289,1042900
2012-03-30,0.3000000119209289,0.3000000119209289,0.3000000119209289,0.3000000119209289,603500
2012-04-02,0.3000000119209289,0.3100000023841858,0.2899999916553497,0.3000000119209289,794100
2012-04-03,0.3000000119209289,0.3100000023841858,0.2899999916553497,0.3000000119209289,609400
2012-04-04,0.2800000011920929,0.3000000119209289,0.270000010728836,0.3000000119209289,1553600
2012-04-05,0.2800000011920929,0.2800000011920929,0.2800000011920929,0.2800000011920929,554200
2012-04-09,0.270000010728836,0.2800000011920929,0.270000010728836,0.2800000011920929,769500
2012-04-10,0.2800000011920929,0.2899999916553497,0.270000010728836,0.2800000011920929,554300
2012-04-11,0.2899999916553497,0.2899999916553497,0.2800000011920929,0.2800000011920929,462600
2012-04-12,0.2899999916553497,0.3000000119209289,0.2899999916553497,0.2899999916553497,466300
2012-04-13,0.2800000011920929,0.2899999916553497,0.2800000011920929,0.2899999916553497,421300
2012-04-16,0.2800000011920929,0.3000000119209289,0.2800000011920929,0.2899999916553497,574200
2012-04-17,0.3199999928474426,0.3300000131130218,0.2800000011920929,0.2800000011920929,3408100
2012-04-18,0.3000000119209289,0.3199999928474426,0.2899999916553497,0.3199999928474426,739300
2012-04-19,0.3000000119209289,0.3100000023841858,0.2899999916553497,0.3000000119209289,898800
2012-04-20,0.2899999916553497,0.3100000023841858,0.2800000011920929,0.3100000023841858,431700
2012-04-23,0.2800000011920929,0.3000000119209289,0.2800000011920929,0.2899999916553497,1183100
2012-04-24,0.2800000011920929,0.2899999916553497,0.2800000011920929,0.2800000011920929,630300
2012-04-25,0.2899999916553497,0.2899999916553497,0.2800000011920929,0.2800000011920929,630400
2012-04-26,0.2899999916553497,0.2899999916553497,0.2800000011920929,0.2899999916553497,426600
2012-04-27,0.2899999916553497,0.2899999916553497,0.2800000011920929,0.2800000011920929,676700
2012-04-30,0.2899999916553497,0.2899999916553497,0.2800000011920929,0.2899999916553497,207000
2012-05-01,0.2899999916553497,0.2899999916553497,0.2800000011920929,0.2800000011920929,660000
2012-05-02,0.2800000011920929,0.2899999916553497,0.2800000011920929,0.2899999916553497,295200
2012-05-03,0.2899999916553497,0.2899999916553497,0.2800000011920929,0.2899999916553497,498100
2012-05-04,0.2800000011920929,0.2899999916553497,0.2800000011920929,0.2800000011920929,497000
2012-05-07,0.270000010728836,0.2800000011920929,0.270000010728836,0.2800000011920929,608200
2012-05-08,0.270000010728836,0.2800000011920929,0.2599999904632568,0.2800000011920929,920300
2012-05-09,0.3000000119209289,0.3199999928474426,0.270000010728836,0.270000010728836,3992400
2012-05-10,0.3000000119209289,0.3199999928474426,0.2599999904632568,0.3100000023841858,2323400
2012-05-11,0.2899999916553497,0.3100000023841858,0.2899999916553497,0.3100000023841858,764000
2012-05-14,0.270000010728836,0.3000000119209289,0.270000010728836,0.3000000119209289,1479900
2012-05-15,0.2800000011920929,0.3000000119209289,0.270000010728836,0.270000010728836,1054300
2012-05-16,0.2800000011920929,0.2899999916553497,0.270000010728836,0.2899999916553497,477700
2012-05-17,0.270000010728836,0.2800000011920929,0.270000010728836,0.2800000011920929,1389300
2012-05-18,0.2599999904632568,0.2800000011920929,0.2599999904632568,0.270000010728836,2906200
2012-05-21,0.270000010728836,0.2800000011920929,0.2599999904632568,0.270000010728836,348700
2012-05-22,0.270000010728836,0.2800000011920929,0.2599999904632568,0.2599999904632568,437200
2012-05-23,0.2800000011920929,0.2800000011920929,0.25,0.270000010728836,973000
2012-05-24,0.2800000011920929,0.2800000011920929,0.270000010728836,0.2800000011920929,348300
2012-05-25,0.2800000011920929,0.2800000011920929,0.270000010728836,0.2800000011920929,298100
2012-05-29,0.270000010728836,0.2800000011920929,0.270000010728836,0.270000010728836,639500
2012-05-30,0.2599999904632568,0.270000010728836,0.25,0.270000010728836,2343300
2012-05-31,0.270000010728836,0.270000010728836,0.25,0.2599999904632568,1120400
2012-06-01,0.270000010728836,0.270000010728836,0.2599999904632568,0.2599999904632568,660800
2012-06-04,0.2599999904632568,0.270000010728836,0.2599999904632568,0.270000010728836,780800
2012-06-05,0.2599999904632568,0.270000010728836,0.2599999904632568,0.2599999904632568,524100
2012-06-06,0.270000010728836,0.270000010728836,0.2599999904632568,0.2599999904632568,514100
2012-06-07,0.2599999904632568,0.270000010728836,0.2599999904632568,0.2599999904632568,250800
2012-06-08,0.2599999904632568,0.270000010728836,0.2599999904632568,0.2599999904632568,348600
2012-06-11,0.2599999904632568,0.270000010728836,0.2599999904632568,0.2599999904632568,329300
2012-06-12,0.2599999904632568,0.2599999904632568,0.2599999904632568,0.2599999904632568,331000
2012-06-13,0.2599999904632568,0.270000010728836,0.25,0.2599999904632568,459100
2012-06-14,0.2599999904632568,0.2599999904632568,0.2599999904632568,0.2599999904632568,301800
2012-06-15,0.2599999904632568,0.270000010728836,0.2599999904632568,0.2599999904632568,533100
2012-06-18,0.2599999904632568,0.270000010728836,0.2599999904632568,0.2599999904632568,416900
2012-06-19,0.2599999904632568,0.270000010728836,0.2599999904632568,0.2599999904632568,938900
2012-06-20,0.2599999904632568,0.270000010728836,0.2599999904632568,0.2599999904632568,539100
2012-06-21,0.2599999904632568,0.270000010728836,0.2599999904632568,0.2599999904632568,366300
2012-06-22,0.2599999904632568,0.2599999904632568,0.2599999904632568,0.2599999904632568,630200
2012-06-25,0.2599999904632568,0.2599999904632568,0.25,0.2599999904632568,468700
2012-06-26,0.2599999904632568,0.2599999904632568,0.25,0.25,285800
2012-06-27,0.2599999904632568,0.2599999904632568,0.25,0.2599999904632568,464000
2012-06-28,0.25,0.2599999904632568,0.25,0.2599999904632568,394200
2012-06-29,0.25,0.2599999904632568,0.2399999946355819,0.25,1298900
2012-07-02,0.2599999904632568,0.2599999904632568,0.25,0.25,245300
2012-07-03,0.25,0.2599999904632568,0.25,0.2599999904632568,326400
2012-07-05,0.25,0.2599999904632568,0.25,0.2599999904632568,511500
2012-07-06,0.25,0.2599999904632568,0.2399999946355819,0.2599999904632568,788400
2012-07-09,0.25,0.25,0.2399999946355819,0.25,476700
2012-07-10,0.25,0.25,0.2399999946355819,0.25,414100
2012-07-11,0.25,0.25,0.2399999946355819,0.25,478600
2012-07-12,0.25,0.25,0.25,0.25,453800
2012-07-13,0.25,0.2599999904632568,0.2399999946355819,0.25,607400
2012-07-16,0.2399999946355819,0.25,0.2399999946355819,0.2399999946355819,385300
2012-07-17,0.2399999946355819,0.25,0.2399999946355819,0.2399999946355819,1202900
2012-07-18,0.2399999946355819,0.25,0.2399999946355819,0.2399999946355819,1249200
2012-07-19,0.25,0.25,0.2399999946355819,0.2399999946355819,376800
2012-07-20,0.2399999946355819,0.2399999946355819,0.2300000041723251,0.2399999946355819,577700
2012-07-23,0.2300000041723251,0.2399999946355819,0.2300000041723251,0.2399999946355819,1019700
2012-07-24,0.2199999988079071,0.2399999946355819,0.2199999988079071,0.2300000041723251,1303900
2012-07-25,0.2399999946355819,0.25,0.2199999988079071,0.2199999988079071,1013100
2012-07-26,0.25,0.25,0.2300000041723251,0.2300000041723251,1267600
2012-07-27,0.2399999946355819,0.2599999904632568,0.2300000041723251,0.2399999946355819,842300
2012-07-30,0.2399999946355819,0.2399999946355819,0.2300000041723251,0.2300000041723251,498700
2012-07-31,0.2399999946355819,0.2399999946355819,0.2300000041723251,0.2399999946355819,505400
2012-08-01,0.2300000041723251,0.2399999946355819,0.2300000041723251,0.2300000041723251,246900
2012-08-02,0.2300000041723251,0.2399999946355819,0.2300000041723251,0.2300000041723251,837100
2012-08-03,0.2399999946355819,0.25,0.2300000041723251,0.2300000041723251,621300
2012-08-06,0.2399999946355819,0.25,0.2300000041723251,0.2300000041723251,1032200
2012-08-07,0.2899999916553497,0.3100000023841858,0.2399999946355819,0.2399999946355819,8387500
2012-08-08,0.3100000023841858,0.3300000131130218,0.3000000119209289,0.3000000119209289,8282200
2012-08-09,0.2899999916553497,0.3199999928474426,0.2800000011920929,0.3100000023841858,3723000
2012-08-10,0.2899999916553497,0.3000000119209289,0.2800000011920929,0.2899999916553497,2074400
2012-08-13,0.3000000119209289,0.3100000023841858,0.2800000011920929,0.2800000011920929,1846100
2012-08-14,0.2899999916553497,0.3100000023841858,0.2899999916553497,0.3000000119209289,1211000
2012-08-15,0.3000000119209289,0.3000000119209289,0.2899999916553497,0.2899999916553497,1746400
2012-08-16,0.3000000119209289,0.3100000023841858,0.2899999916553497,0.2899999916553497,1061600
2012-08-17,0.2300000041723251,0.2899999916553497,0.1400000005960464,0.2899999916553497,27313700
2012-08-20,0.2399999946355819,0.2599999904632568,0.209999993443489,0.2300000041723251,4661000
2012-08-21,0.25,0.2599999904632568,0.2399999946355819,0.2399999946355819,1546500
2012-08-22,0.2399999946355819,0.25,0.2300000041723251,0.2399999946355819,1260600
2012-08-23,0.2399999946355819,0.2399999946355819,0.2300000041723251,0.2399999946355819,621000
2012-08-24,0.2399999946355819,0.25,0.2300000041723251,0.2300000041723251,831800
2012-08-27,0.2399999946355819,0.25,0.2399999946355819,0.2399999946355819,1489100
2012-08-28,0.2399999946355819,0.2399999946355819,0.2399999946355819,0.2399999946355819,442800
2012-08-29,0.2399999946355819,0.2399999946355819,0.2300000041723251,0.2399999946355819,839000
2012-08-30,0.2300000041723251,0.2399999946355819,0.2300000041723251,0.2300000041723251,628800
2012-08-31,0.2399999946355819,0.2399999946355819,0.2300000041723251,0.2300000041723251,1002300
2012-09-04,0.2300000041723251,0.2399999946355819,0.2300000041723251,0.2300000041723251,682900
2012-09-05,0.2300000041723251,0.2399999946355819,0.2300000041723251,0.2300000041723251,1925300
2012-09-06,0.2300000041723251,0.2399999946355819,0.2300000041723251,0.2300000041723251,1099400
2012-09-07,0.2399999946355819,0.2399999946355819,0.2300000041723251,0.2300000041723251,912600
2012-09-10,0.2300000041723251,0.25,0.2300000041723251,0.25,830200
2012-09-11,0.2300000041723251,0.2399999946355819,0.2300000041723251,0.2300000041723251,988600
2012-09-12,0.2399999946355819,0.25,0.2300000041723251,0.2300000041723251,1490800
2012-09-13,0.2599999904632568,0.2599999904632568,0.2300000041723251,0.2300000041723251,3959500
2012-09-14,0.270000010728836,0.2800000011920929,0.2599999904632568,0.2599999904632568,4813600
2012-09-17,0.2800000011920929,0.2899999916553497,0.270000010728836,0.270000010728836,2746400
2012-09-18,0.2800000011920929,0.2899999916553497,0.270000010728836,0.2800000011920929,3140900
2012-09-19,0.270000010728836,0.2800000011920929,0.270000010728836,0.270000010728836,1855100
2012-09-20,0.2599999904632568,0.270000010728836,0.2599999904632568,0.270000010728836,1403600
2012-09-21,0.270000010728836,0.270000010728836,0.2599999904632568,0.270000010728836,1145800
2012-09-24,0.270000010728836,0.2800000011920929,0.2599999904632568,0.270000010728836,1512000
2012-09-25,0.270000010728836,0.270000010728836,0.2599999904632568,0.2599999904632568,530600
2012-09-26,0.2599999904632568,0.270000010728836,0.25,0.2599999904632568,1880200
2012-09-27,0.2599999904632568,0.2599999904632568,0.25,0.2599999904632568,890800
2012-09-28,0.2599999904632568,0.2599999904632568,0.25,0.25,479600
2012-10-01,0.2599999904632568,0.2599999904632568,0.25,0.2599999904632568,1034000
2012-10-02,0.2599999904632568,0.2599999904632568,0.2599999904632568,0.2599999904632568,773300
2012-10-03,0.2599999904632568,0.2599999904632568,0.25,0.25,325000
2012-10-04,0.2599999904632568,0.2599999904632568,0.2599999904632568,0.2599999904632568,243300
2012-10-05,0.2599999904632568,0.2599999904632568,0.2599999904632568,0.2599999904632568,839700
2012-10-08,0.2599999904632568,0.2599999904632568,0.25,0.2599999904632568,412300
2012-10-09,0.25,0.2599999904632568,0.25,0.25,741200
2012-10-10,0.25,0.25,0.25,0.25,521400
2012-10-11,0.25,0.25,0.25,0.25,827300
2012-10-12,0.25,0.2599999904632568,0.25,0.25,641400
2012-10-15,0.2599999904632568,0.270000010728836,0.25,0.25,1108300
2012-10-16,0.2599999904632568,0.270000010728836,0.2599999904632568,0.2599999904632568,1077000
2012-10-17,0.270000010728836,0.270000010728836,0.25,0.25,1520600
2012-10-18,0.270000010728836,0.270000010728836,0.2599999904632568,0.2599999904632568,521400
2012-10-19,0.2599999904632568,0.270000010728836,0.2599999904632568,0.2599999904632568,741800
2012-10-22,0.2599999904632568,0.270000010728836,0.2599999904632568,0.2599999904632568,510000
2012-10-23,0.2599999904632568,0.270000010728836,0.2599999904632568,0.2599999904632568,681900
2012-10-24,0.2599999904632568,0.270000010728836,0.2399999946355819,0.2599999904632568,885500
2012-10-25,0.2599999904632568,0.270000010728836,0.2599999904632568,0.2599999904632568,862500
2012-10-26,0.2599999904632568,0.270000010728836,0.2599999904632568,0.2599999904632568,770900
2012-10-31,0.2599999904632568,0.270000010728836,0.2599999904632568,0.2599999904632568,763000
2012-11-01,0.2599999904632568,0.270000010728836,0.2599999904632568,0.2599999904632568,453000
2012-11-02,0.2599999904632568,0.2599999904632568,0.2599999904632568,0.2599999904632568,936400
2012-11-05,0.2599999904632568,0.270000010728836,0.2599999904632568,0.2599999904632568,976700
2012-11-06,0.270000010728836,0.270000010728836,0.2599999904632568,0.2599999904632568,3649900
2012-11-07,0.3000000119209289,0.3000000119209289,0.270000010728836,0.270000010728836,8626200
2012-11-08,0.2899999916553497,0.3199999928474426,0.2899999916553497,0.3100000023841858,4976000
2012-11-09,0.2800000011920929,0.2899999916553497,0.270000010728836,0.2899999916553497,1281500
2012-11-12,0.270000010728836,0.2800000011920929,0.270000010728836,0.270000010728836,1014000
2012-11-13,0.270000010728836,0.270000010728836,0.2599999904632568,0.270000010728836,444700
2012-11-14,0.2800000011920929,0.2800000011920929,0.270000010728836,0.270000010728836,1362900
2012-11-15,0.2899999916553497,0.2899999916553497,0.2800000011920929,0.2800000011920929,1810000
2012-11-16,0.2800000011920929,0.3000000119209289,0.2800000011920929,0.2800000011920929,1946800
2012-11-19,0.2899999916553497,0.2899999916553497,0.2800000011920929,0.2899999916553497,774300
2012-11-20,0.2899999916553497,0.2899999916553497,0.2800000011920929,0.2899999916553497,1542700
2012-11-21,0.2899999916553497,0.2899999916553497,0.2800000011920929,0.2899999916553497,766900
2012-11-23,0.3000000119209289,0.3000000119209289,0.2899999916553497,0.2899999916553497,765800
2012-11-26,0.2899999916553497,0.3000000119209289,0.2899999916553497,0.3000000119209289,748600
2012-11-27,0.3000000119209289,0.3000000119209289,0.2899999916553497,0.2899999916553497,1200100
2012-11-28,0.3000000119209289,0.3000000119209289,0.2899999916553497,0.3000000119209289,1522800
2012-11-29,0.3000000119209289,0.3000000119209289,0.2899999916553497,0.2899999916553497,649600
2012-11-30,0.3000000119209289,0.3000000119209289,0.2899999916553497,0.2899999916553497,831900
2012-12-03,0.3000000119209289,0.3000000119209289,0.2899999916553497,0.2899999916553497,1285000
2012-12-04,0.3000000119209289,0.3000000119209289,0.2899999916553497,0.3000000119209289,1276800
2012-12-05,0.2899999916553497,0.3000000119209289,0.2899999916553497,0.2899999916553497,680300
2012-12-06,0.3000000119209289,0.3000000119209289,0.2899999916553497,0.2899999916553497,1437000
2012-12-07,0.3000000119209289,0.3100000023841858,0.3000000119209289,0.3000000119209289,1558600
2012-12-10,0.3000000119209289,0.3199999928474426,0.3000000119209289,0.3000000119209289,2201700
2012-12-11,0.3000000119209289,0.3100000023841858,0.3000000119209289,0.3000000119209289,644200
2012-12-12,0.3000000119209289,0.3100000023841858,0.3000000119209289,0.3000000119209289,1185300
2012-12-13,0.3100000023841858,0.3199999928474426,0.3000000119209289,0.3100000023841858,1466500
2012-12-14,0.3000000119209289,0.3100000023841858,0.3000000119209289,0.3100000023841858,528800
2012-12-17,0.3000000119209289,0.3100000023841858,0.3000000119209289,0.3000000119209289,997200
2012-12-18,0.3000000119209289,0.3100000023841858,0.3000000119209289,0.3100000023841858,1637500
2012-12-19,0.2899999916553497,0.3000000119209289,0.2899999916553497,0.3000000119209289,2422000
2012-12-20,0.3000000119209289,0.3000000119209289,0.2899999916553497,0.2899999916553497,651900
2012-12-21,0.3000000119209289,0.3000000119209289,0.2899999916553497,0.2899999916553497,1025300
2012-12-24,0.2899999916553497,0.3000000119209289,0.2899999916553497,0.3000000119209289,378200
2012-12-26,0.2899999916553497,0.2899999916553497,0.2899999916553497,0.2899999916553497,727300
2012-12-27,0.2800000011920929,0.2899999916553497,0.2800000011920929,0.2899999916553497,1432800
2012-12-28,0.270000010728836,0.2899999916553497,0.270000010728836,0.2800000011920929,1555600
2012-12-31,0.2599999904632568,0.270000010728836,0.2599999904632568,0.270000010728836,2037200
2013-01-02,0.2800000011920929,0.2899999916553497,0.270000010728836,0.270000010728836,1454700
2013-01-03,0.2899999916553497,0.2899999916553497,0.2800000011920929,0.2800000011920929,785100
2013-01-04,0.2899999916553497,0.2899999916553497,0.2800000011920929,0.2899999916553497,603500
2013-01-07,0.3100000023841858,0.3100000023841858,0.2800000011920929,0.2899999916553497,2804800
2013-01-08,0.3000000119209289,0.3100000023841858,0.2800000011920929,0.3100000023841858,1677800
2013-01-09,0.3000000119209289,0.3100000023841858,0.3000000119209289,0.3000000119209289,787400
2013-01-10,0.3000000119209289,0.3100000023841858,0.2899999916553497,0.2899999916553497,1148000
2013-01-11,0.2899999916553497,0.3000000119209289,0.2899999916553497,0.2899999916553497,708600
2013-01-14,0.2899999916553497,0.2899999916553497,0.2899999916553497,0.2899999916553497,612500
2013-01-15,0.2899999916553497,0.2899999916553497,0.2800000011920929,0.2899999916553497,777600
2013-01-16,0.2800000011920929,0.2800000011920929,0.2800000011920929,0.2800000011920929,555800
2013-01-17,0.2899999916553497,0.2899999916553497,0.2800000011920929,0.2800000011920929,787000
2013-01-18,0.2899999916553497,0.2899999916553497,0.2800000011920929,0.2899999916553497,717200
2013-01-22,0.2899999916553497,0.2899999916553497,0.2899999916553497,0.2899999916553497,601100
2013-01-23,0.2899999916553497,0.3000000119209289,0.2899999916553497,0.2899999916553497,756400
2013-01-24,0.2899999916553497,0.2899999916553497,0.2899999916553497,0.2899999916553497,416800
2013-01-25,0.2899999916553497,0.2899999916553497,0.2899999916553497,0.2899999916553497,759600
2013-01-28,0.2800000011920929,0.2899999916553497,0.2800000011920929,0.2800000011920929,895900
2013-01-29,0.2899999916553497,0.2899999916553497,0.2899999916553497,0.2899999916553497,420800
2013-01-30,0.2899999916553497,0.2899999916553497,0.2899999916553497,0.2899999916553497,708200
2013-01-31,0.2899999916553497,0.2899999916553497,0.2899999916553497,0.2899999916553497,523100
2013-02-01,0.2899999916553497,0.3000000119209289,0.2899999916553497,0.2899999916553497,1057400
2013-02-04,0.3000000119209289,0.3000000119209289,0.2899999916553497,0.2899999916553497,855600
2013-02-05,0.3000000119209289,0.3000000119209289,0.2899999916553497,0.2899999916553497,761700
2013-02-06,0.2899999916553497,0.3000000119209289,0.2899999916553497,0.2899999916553497,831200
2013-02-07,0.2899999916553497,0.2899999916553497,0.2899999916553497,0.2899999916553497,437500
2013-02-08,0.2899999916553497,0.3000000119209289,0.2899999916553497,0.2899999916553497,777800
2013-02-11,0.2899999916553497,0.2899999916553497,0.2899999916553497,0.2899999916553497,485000
2013-02-12,0.2899999916553497,0.2899999916553497,0.2899999916553497,0.2899999916553497,494600
2013-02-13,0.2899999916553497,0.3000000119209289,0.2899999916553497,0.2899999916553497,1426500
2013-02-14,0.3000000119209289,0.3000000119209289,0.2899999916553497,0.2899999916553497,547400
2013-02-15,0.3000000119209289,0.3000000119209289,0.2899999916553497,0.3000000119209289,492500
2013-02-19,0.2899999916553497,0.3000000119209289,0.2899999916553497,0.3000000119209289,804300
2013-02-20,0.2899999916553497,0.2899999916553497,0.2899999916553497,0.2899999916553497,1482300
2013-02-21,0.2899999916553497,0.2899999916553497,0.2899999916553497,0.2899999916553497,839000
2013-02-22,0.2899999916553497,0.2899999916553497,0.2899999916553497,0.2899999916553497,1746900
2013-02-25,0.2899999916553497,0.2899999916553497,0.2800000011920929,0.2899999916553497,882600
2013-02-26,0.2899999916553497,0.3000000119209289,0.2800000011920929,0.2800000011920929,1672800
2013-02-27,0.2899999916553497,0.2899999916553497,0.2800000011920929,0.2899999916553497,809500
2013-02-28,0.2800000011920929,0.2899999916553497,0.2800000011920929,0.2899999916553497,655700
2013-03-01,0.2899999916553497,0.3000000119209289,0.2899999916553497,0.2899999916553497,2698100
2013-03-04,0.3000000119209289,0.3000000119209289,0.2899999916553497,0.2899999916553497,1227100
2013-03-05,0.3400000035762787,0.3400000035762787,0.2800000011920929,0.2899999916553497,6456200
2013-03-06,0.3199999928474426,0.3400000035762787,0.3100000023841858,0.3300000131130218,5130600
2013-03-07,0.3100000023841858,0.3199999928474426,0.3000000119209289,0.3199999928474426,1162400
2013-03-08,0.3000000119209289,0.3100000023841858,0.3000000119209289,0.3100000023841858,1333200
2013-03-11,0.3000000119209289,0.3000000119209289,0.3000000119209289,0.3000000119209289,1277100
2013-03-12,0.2899999916553497,0.3000000119209289,0.2899999916553497,0.2899999916553497,913700
2013-03-13,0.2899999916553497,0.3000000119209289,0.2899999916553497,0.2899999916553497,1028200
2013-03-14,0.3000000119209289,0.3100000023841858,0.2899999916553497,0.2899999916553497,1260900
2013-03-15,0.4099999964237213,0.4099999964237213,0.3100000023841858,0.3100000023841858,17668900
2013-03-18,0.5199999809265137,0.6000000238418579,0.4099999964237213,0.4099999964237213,28648400
2013-03-19,0.699999988079071,0.7599999904632568,0.550000011920929,0.550000011920929,37524000
2013-03-20,1.0800000429153442,1.100000023841858,0.7699999809265137,0.7699999809265137,45452500
2013-03-21,0.7799999713897705,1.440000057220459,0.5299999713897705,1.1399999856948853,94416800
2013-03-22,0.7799999713897705,0.9200000166893004,0.7200000286102295,0.7300000190734863,22051300
2013-03-25,0.8100000023841858,0.8700000047683716,0.7900000214576721,0.800000011920929,11834800
2013-03-26,0.75,0.8999999761581421,0.699999988079071,0.8399999737739563,11826700
2013-03-27,0.5899999737739563,0.75,0.5899999737739563,0.75,24630400
2013-03-28,0.6800000071525574,0.7300000190734863,0.5099999904632568,0.5600000023841858,19188700
2013-04-01,0.7699999809265137,0.7699999809265137,0.6899999976158142,0.7200000286102295,12336800
2013-04-02,0.8700000047683716,0.949999988079071,0.7799999713897705,0.8700000047683716,35058700
2013-04-03,0.8600000143051147,0.959999978542328,0.7799999713897705,0.959999978542328,18227300
2013-04-04,0.8100000023841858,0.8500000238418579,0.7799999713897705,0.8399999737739563,7480100
2013-04-05,0.8500000238418579,0.8500000238418579,0.7699999809265137,0.7900000214576721,8230200
2013-04-08,0.8600000143051147,0.8799999952316284,0.800000011920929,0.8600000143051147,6029700
2013-04-09,0.8199999928474426,0.8799999952316284,0.8100000023841858,0.8700000047683716,8071200
2013-04-10,0.7900000214576721,0.8199999928474426,0.7699999809265137,0.8199999928474426,7031200
2013-04-11,0.7300000190734863,0.800000011920929,0.7200000286102295,0.7900000214576721,11231400
2013-04-12,0.699999988079071,0.7099999785423279,0.6700000166893005,0.699999988079071,8625600
2013-04-15,0.7099999785423279,0.7599999904632568,0.6899999976158142,0.6899999976158142,7069500
2013-04-16,0.7599999904632568,0.7599999904632568,0.7300000190734863,0.7400000095367432,4491700
2013-04-17,0.7599999904632568,0.7900000214576721,0.7599999904632568,0.7699999809265137,4616900
2013-04-18,0.7599999904632568,0.7799999713897705,0.75,0.7699999809265137,2455100
2013-04-19,0.7699999809265137,0.7799999713897705,0.7400000095367432,0.7599999904632568,2112000
2013-04-22,0.7799999713897705,0.800000011920929,0.75,0.7900000214576721,2772300
2013-04-23,0.7799999713897705,0.7900000214576721,0.75,0.7900000214576721,3682900
2013-04-24,0.8199999928474426,0.8199999928474426,0.7799999713897705,0.7900000214576721,5125300
2013-04-25,0.8199999928474426,0.8500000238418579,0.8100000023841858,0.8399999737739563,3582100
2013-04-26,0.8199999928474426,0.8299999833106995,0.800000011920929,0.8299999833106995,1646300
2013-04-29,0.8199999928474426,0.8399999737739563,0.800000011920929,0.8199999928474426,1536300
2013-04-30,0.8100000023841858,0.8399999737739563,0.8100000023841858,0.8299999833106995,3244800
2013-05-01,0.8199999928474426,0.8199999928474426,0.800000011920929,0.8100000023841858,2190600
2013-05-02,0.8199999928474426,0.8399999737739563,0.8199999928474426,0.8199999928474426,2004400
2013-05-03,0.8199999928474426,0.8399999737739563,0.8199999928474426,0.8199999928474426,3369500
2013-05-06,0.8199999928474426,0.8299999833106995,0.8100000023841858,0.8199999928474426,2400400
2013-05-07,0.8199999928474426,0.8199999928474426,0.8100000023841858,0.8199999928474426,1306900
2013-05-08,0.8799999952316284,0.959999978542328,0.8399999737739563,0.8399999737739563,32247700
2013-05-09,0.8500000238418579,1.0,0.7900000214576721,0.9900000095367432,33153000
2013-05-10,0.8399999737739563,0.8700000047683716,0.8199999928474426,0.8600000143051147,9120500
2013-05-13,0.9100000262260436,0.9300000071525574,0.8500000238418579,0.8600000143051147,14047300
2013-05-14,1.149999976158142,1.149999976158142,0.9200000166893004,0.9399999976158142,35260200
2013-05-15,1.340000033378601,1.3899999856948853,1.159999966621399,1.190000057220459,46516400
2013-05-16,1.2000000476837158,1.4800000190734863,1.1100000143051147,1.3899999856948853,45597700
2013-05-17,1.2699999809265137,1.2899999618530271,1.2000000476837158,1.2400000095367432,11801300
2013-05-20,1.3700000047683716,1.3899999856948853,1.2899999618530271,1.3300000429153442,29879200
2013-05-21,1.5,1.5199999809265137,1.340000033378601,1.4199999570846558,36474500
2013-05-22,1.6699999570846558,1.7599999904632568,1.4500000476837158,1.5,45350000
2013-05-23,2.0,2.049999952316284,1.5099999904632568,1.6299999952316284,50890400
2013-05-24,2.809999942779541,3.0299999713897705,2.200000047683716,2.2100000381469727,66850600
2013-05-28,3.75,3.759999990463257,3.359999895095825,3.4200000762939453,58501400
2013-05-29,2.609999895095825,5.0,1.8799999952316284,3.930000066757202,119560400
2013-05-30,1.600000023841858,3.0,1.5,2.5199999809265137,83405000
2013-05-31,2.0299999713897705,2.1600000858306885,1.2599999904632568,1.5,62260500
2013-06-03,2.450000047683716,2.539999961853028,2.200000047683716,2.430000066757202,38054100
2013-06-04,2.180000066757202,2.569999933242798,2.1600000858306885,2.2300000190734863,33783100
2013-06-05,1.75,2.1700000762939453,1.75,2.009999990463257,38564400
2013-06-06,1.8899999856948853,1.899999976158142,1.7100000381469729,1.8600000143051147,19592600
2013-06-07,1.8600000143051147,2.009999990463257,1.7699999809265137,1.909999966621399,20120300
2013-06-10,1.7799999713897705,1.899999976158142,1.7100000381469729,1.7899999618530271,17946500
2013-06-11,1.830000042915344,1.909999966621399,1.7999999523162842,1.909999966621399,8838200
2013-06-12,1.7999999523162842,1.870000004768372,1.7699999809265137,1.840000033378601,5491600
2013-06-13,1.7000000476837158,1.7999999523162842,1.690000057220459,1.7999999523162842,10389300
2013-06-14,1.3899999856948853,1.690000057220459,1.350000023841858,1.690000057220459,45935600
2013-06-17,1.5399999618530271,1.5700000524520874,1.3799999952316284,1.399999976158142,15947600
2013-06-18,1.75,1.7599999904632568,1.590000033378601,1.600000023841858,12515100
2013-06-19,1.7200000286102295,1.8899999856948853,1.649999976158142,1.830000042915344,13917100
2013-06-20,1.6100000143051147,1.6699999570846558,1.559999942779541,1.6299999952316284,7889200
2013-06-21,1.7400000095367432,1.7400000095367432,1.6399999856948853,1.6799999475479126,9000300
2013-06-24,1.7200000286102295,1.7400000095367432,1.6200000047683716,1.7100000381469729,5290400
2013-06-25,1.5,1.6799999475479126,1.4800000190734863,1.659999966621399,13594600
2013-06-26,1.1200000047683716,1.4600000381469729,1.059999942779541,1.4600000381469729,51767800
2013-06-27,1.3200000524520874,1.3300000429153442,0.9900000095367432,0.9900000095367432,32087500
2013-06-28,1.350000023841858,1.4700000286102295,1.309999942779541,1.3700000047683716,11808900
2013-07-01,1.4199999570846558,1.4700000286102295,1.3799999952316284,1.399999976158142,9262900
2013-07-02,1.5800000429153442,1.5800000429153442,1.4500000476837158,1.4600000381469729,15294000
2013-07-03,1.5199999809265137,1.5700000524520874,1.4500000476837158,1.5700000524520874,8676200
2013-07-05,1.5499999523162842,1.600000023841858,1.5199999809265137,1.5299999713897705,4408500
2013-07-08,1.600000023841858,1.6399999856948853,1.5700000524520874,1.590000033378601,7995900
2013-07-09,1.5399999618530271,1.649999976158142,1.5399999618530271,1.6100000143051147,7848400
2013-07-10,1.440000057220459,1.5299999713897705,1.3899999856948853,1.5299999713897705,9256900
2013-07-11,1.3799999952316284,1.5,1.3300000429153442,1.4800000190734863,11778100
2013-07-12,1.3899999856948853,1.399999976158142,1.2699999809265137,1.3799999952316284,7470500
2013-07-15,1.4500000476837158,1.4500000476837158,1.3700000047683716,1.3799999952316284,4759800
2013-07-16,1.409999966621399,1.4600000381469729,1.3899999856948853,1.4500000476837158,4650600
2013-07-17,1.3899999856948853,1.4299999475479126,1.3600000143051147,1.4199999570846558,2909000
2013-07-18,1.350000023841858,1.399999976158142,1.350000023841858,1.399999976158142,4019400
2013-07-19,1.2999999523162842,1.350000023841858,1.25,1.350000023841858,8962200
2013-07-22,1.4700000286102295,1.4700000286102295,1.2999999523162842,1.2999999523162842,12867700
2013-07-23,1.4500000476837158,1.5700000524520874,1.4500000476837158,1.5099999904632568,11096300
2013-07-24,1.3899999856948853,1.4800000190734863,1.3700000047683716,1.440000057220459,7382600
2013-07-25,1.4299999475479126,1.4299999475479126,1.3600000143051147,1.3799999952316284,2712100
2013-07-26,1.4800000190734863,1.4900000095367432,1.4299999475479126,1.4700000286102295,3110400
2013-07-29,1.440000057220459,1.4600000381469729,1.4199999570846558,1.4500000476837158,3141500
2013-07-30,1.4500000476837158,1.4800000190734863,1.440000057220459,1.4500000476837158,1771600
2013-07-31,1.4299999475479126,1.4700000286102295,1.4199999570846558,1.4600000381469729,1634800
2013-08-01,1.4299999475479126,1.4600000381469729,1.409999966621399,1.4500000476837158,3069900
2013-08-02,1.4500000476837158,1.4600000381469729,1.4199999570846558,1.440000057220459,2344600
2013-08-05,1.6399999856948853,1.649999976158142,1.4500000476837158,1.4600000381469729,19717200
2013-08-06,1.399999976158142,1.4900000095367432,1.350000023841858,1.4199999570846558,20086200
2013-08-07,1.4199999570846558,1.4500000476837158,1.350000023841858,1.350000023841858,11604700
2013-08-08,1.399999976158142,1.5299999713897705,1.3899999856948853,1.5,12423900
2013-08-09,1.3799999952316284,1.4299999475479126,1.3600000143051147,1.399999976158142,4910600
2013-08-12,1.3600000143051147,1.399999976158142,1.3600000143051147,1.399999976158142,3514000
2013-08-13,1.2899999618530271,1.3700000047683716,1.25,1.3600000143051147,11770500
2013-08-14,1.1399999856948853,1.25,1.100000023841858,1.25,15612700
2013-08-15,1.25,1.2799999713897705,1.0499999523162842,1.1100000143051147,14841400
2013-08-16,1.2699999809265137,1.3799999952316284,1.2400000095367432,1.25,9701600
2013-08-19,1.2200000286102295,1.3300000429153442,1.2000000476837158,1.2899999618530271,4119600
2013-08-20,1.1699999570846558,1.2200000286102295,1.1299999952316284,1.2200000286102295,6037800
2013-08-21,1.2000000476837158,1.25,1.1200000047683716,1.1799999475479126,4247300
2013-08-22,1.2000000476837158,1.2300000190734863,1.190000057220459,1.2000000476837158,1540300
2013-08-23,1.2000000476837158,1.2599999904632568,1.2000000476837158,1.2000000476837158,2643000
2013-08-26,1.1699999570846558,1.2200000286102295,1.149999976158142,1.2100000381469729,3282600
2013-08-27,1.1200000047683716,1.159999966621399,1.1200000047683716,1.159999966621399,4465100
2013-08-28,1.149999976158142,1.159999966621399,1.100000023841858,1.1100000143051147,2542000
2013-08-29,1.1399999856948853,1.1799999475479126,1.1299999952316284,1.1699999570846558,2157200
2013-08-30,1.1200000047683716,1.1399999856948853,1.1200000047683716,1.1299999952316284,1683500
2013-09-03,1.1299999952316284,1.159999966621399,1.1200000047683716,1.1299999952316284,2425800
2013-09-04,1.149999976158142,1.159999966621399,1.1299999952316284,1.1399999856948853,2612800
2013-09-05,1.1399999856948853,1.1699999570846558,1.1299999952316284,1.159999966621399,3028700
2013-09-06,1.1299999952316284,1.159999966621399,1.1299999952316284,1.149999976158142,1173200
2013-09-09,1.1200000047683716,1.1399999856948853,1.1100000143051147,1.1299999952316284,2237000
2013-09-10,1.1100000143051147,1.1299999952316284,1.1100000143051147,1.1200000047683716,1523300
2013-09-11,1.0700000524520874,1.1100000143051147,1.0499999523162842,1.100000023841858,6567700
2013-09-12,1.0,1.059999942779541,0.9800000190734864,1.0499999523162842,12484500
2013-09-13,1.090000033378601,1.100000023841858,0.9800000190734864,1.0,8522100
2013-09-16,1.1399999856948853,1.159999966621399,1.1100000143051147,1.1100000143051147,3669100
2013-09-17,1.1200000047683716,1.159999966621399,1.1100000143051147,1.159999966621399,3605500
2013-09-18,1.1299999952316284,1.1299999952316284,1.090000033378601,1.1100000143051147,2436100
2013-09-19,1.2000000476837158,1.2000000476837158,1.1100000143051147,1.1100000143051147,5541200
2013-09-20,1.2899999618530271,1.3300000429153442,1.2000000476837158,1.2100000381469729,13428600
2013-09-23,1.2999999523162842,1.350000023841858,1.25,1.2999999523162842,6788300
2013-09-24,1.2599999904632568,1.3300000429153442,1.2400000095367432,1.309999942779541,4910700
2013-09-25,1.2300000190734863,1.2699999809265137,1.2000000476837158,1.2599999904632568,3837200
2013-09-26,1.2799999713897705,1.2999999523162842,1.2400000095367432,1.25,3209100
2013-09-27,1.25,1.2899999618530271,1.2200000286102295,1.2799999713897705,2100100
2013-09-30,1.2599999904632568,1.2599999904632568,1.2100000381469729,1.2200000286102295,3816400
2013-10-01,1.3200000524520874,1.3300000429153442,1.2599999904632568,1.2599999904632568,7370800
2013-10-02,1.440000057220459,1.5,1.309999942779541,1.3300000429153442,17651600
2013-10-03,1.409999966621399,1.5299999713897705,1.3700000047683716,1.4900000095367432,13122000
2013-10-04,1.409999966621399,1.4500000476837158,1.3700000047683716,1.409999966621399,3365400
2013-10-07,1.4600000381469729,1.4800000190734863,1.3600000143051147,1.409999966621399,8538300
2013-10-08,1.5299999713897705,1.5399999618530271,1.4199999570846558,1.4299999475479126,12591900
2013-10-09,1.4700000286102295,1.590000033378601,1.4500000476837158,1.5399999618530271,12802700
2013-10-10,1.5199999809265137,1.5299999713897705,1.4600000381469729,1.5099999904632568,6719400
2013-10-11,1.5199999809265137,1.5499999523162842,1.5,1.5099999904632568,4431200
2013-10-14,1.5,1.5299999713897705,1.4900000095367432,1.5299999713897705,3141800
2013-10-15,1.5499999523162842,1.559999942779541,1.5099999904632568,1.5199999809265137,6671300
2013-10-16,1.5199999809265137,1.559999942779541,1.4900000095367432,1.5499999523162842,8143000
2013-10-17,1.4700000286102295,1.5399999618530271,1.4600000381469729,1.5299999713897705,7836400
2013-10-18,1.4900000095367432,1.4900000095367432,1.440000057220459,1.4700000286102295,3190800
2013-10-21,1.5499999523162842,1.559999942779541,1.4900000095367432,1.5,7666900
2013-10-22,1.7000000476837158,1.7000000476837158,1.5499999523162842,1.559999942779541,18589800
2013-10-23,2.069999933242798,2.069999933242798,1.690000057220459,1.7100000381469729,40468800
2013-10-24,1.850000023841858,2.509999990463257,1.690000057220459,2.1700000762939453,50034600
2013-10-25,2.069999933242798,2.0799999237060547,1.850000023841858,1.899999976158142,15985100
2013-10-28,2.309999942779541,2.309999942779541,2.1600000858306885,2.200000047683716,19132100
2013-10-29,2.3399999141693115,2.359999895095825,2.150000095367432,2.259999990463257,13923800
2013-10-30,2.119999885559082,2.3399999141693115,2.0,2.309999942779541,20310600
2013-10-31,2.240000009536743,2.299999952316284,2.049999952316284,2.130000114440918,12756900
2013-11-01,2.289999961853028,2.3299999237060547,2.240000009536743,2.25,8394000
2013-11-04,2.309999942779541,2.3299999237060547,2.2300000190734863,2.289999961853028,6340800
2013-11-05,2.2300000190734863,2.3399999141693115,2.220000028610229,2.289999961853028,12840900
2013-11-06,2.2100000381469727,2.2300000190734863,2.150000095367432,2.2300000190734863,9277200
2013-11-07,2.2699999809265137,2.309999942779541,2.220000028610229,2.2699999809265137,4316600
2013-11-08,2.2300000190734863,2.299999952316284,2.1600000858306885,2.289999961853028,7703400
2013-11-11,2.2300000190734863,2.2699999809265137,2.2100000381469727,2.2300000190734863,9885600
2013-11-12,2.25,2.299999952316284,2.220000028610229,2.2300000190734863,5456000
2013-11-13,2.440000057220459,2.450000047683716,2.309999942779541,2.3299999237060547,22640800
2013-11-14,2.900000095367432,2.900000095367432,2.490000009536743,2.5,51650200
2013-11-15,3.0799999237060547,3.240000009536743,2.940000057220459,3.0299999713897705,37063300
2013-11-18,2.690000057220459,3.220000028610229,2.359999895095825,3.2100000381469727,38943500
2013-11-19,2.3399999141693115,2.650000095367432,2.299999952316284,2.640000104904175,26712900
2013-11-20,2.5199999809265137,2.5799999237060547,2.299999952316284,2.309999942779541,19095600
2013-11-21,2.630000114440918,2.640000104904175,2.3499999046325684,2.559999942779541,13502600
2013-11-22,2.5199999809265137,2.6700000762939453,2.450000047683716,2.5999999046325684,13231600
2013-11-25,2.549999952316284,2.619999885559082,2.4800000190734863,2.490000009536743,6111100
2013-11-26,2.5,2.609999895095825,2.4800000190734863,2.5999999046325684,6278900
2013-11-27,2.4600000381469727,2.539999961853028,2.450000047683716,2.5199999809265137,4795800
2013-11-29,2.4100000858306885,2.440000057220459,2.400000095367432,2.4200000762939453,3329000
2013-12-02,2.5899999141693115,2.5899999141693115,2.400000095367432,2.4100000858306885,9649500
2013-12-03,2.5299999713897705,2.630000114440918,2.509999990463257,2.5899999141693115,5089800
2013-12-04,2.509999990463257,2.559999942779541,2.4600000381469727,2.5299999713897705,4342300
2013-12-05,2.4800000190734863,2.5199999809265137,2.470000028610229,2.5199999809265137,2202700
2013-12-06,2.490000009536743,2.539999961853028,2.4600000381469727,2.470000028610229,4756000
2013-12-09,2.299999952316284,2.5,2.259999990463257,2.490000009536743,8945600
2013-12-10,2.430000066757202,2.430000066757202,2.2799999713897705,2.289999961853028,5928800
2013-12-11,2.369999885559082,2.5,2.3499999046325684,2.440000057220459,4607300
2013-12-12,2.559999942779541,2.5999999046325684,2.3399999141693115,2.359999895095825,13478600
2013-12-13,2.609999895095825,2.690000057220459,2.569999933242798,2.5799999237060547,17676800
2013-12-16,2.549999952316284,2.700000047683716,2.5199999809265137,2.5899999141693115,6544300
2013-12-17,2.569999933242798,2.619999885559082,2.5199999809265137,2.5799999237060547,4480600
2013-12-18,2.700000047683716,2.720000028610229,2.5799999237060547,2.5999999046325684,9405300
2013-12-19,2.970000028610229,3.0199999809265137,2.7100000381469727,2.720000028610229,26316300
2013-12-20,2.990000009536743,3.130000114440918,2.819999933242798,3.0199999809265137,14922300
2013-12-23,3.0299999713897705,3.0799999237060547,2.950000047683716,3.0199999809265137,8101400
2013-12-24,3.0299999713897705,3.059999942779541,3.0,3.049999952316284,3267600
2013-12-26,3.009999990463257,3.049999952316284,3.0,3.0299999713897705,2874200
2013-12-27,2.930000066757202,3.0,2.859999895095825,2.990000009536743,4891500
2013-12-30,2.930000066757202,2.950000047683716,2.890000104904175,2.9200000762939453,3309100
2013-12-31,2.900000095367432,2.9200000762939453,2.890000104904175,2.9200000762939453,5200900
2014-01-02,2.880000114440918,2.940000057220459,2.7799999713897705,2.9100000858306885,5516500
2014-01-03,2.8299999237060547,2.900000095367432,2.809999942779541,2.880000114440918,2578300
2014-01-06,2.740000009536743,2.8299999237060547,2.680000066757202,2.819999933242798,6038900
2014-01-07,2.940000057220459,2.950000047683716,2.630000114440918,2.700000047683716,8795600
2014-01-08,3.140000104904175,3.150000095367432,2.890000104904175,3.0,16668500
2014-01-09,3.0799999237060547,3.200000047683716,3.0,3.140000104904175,9393300
2014-01-10,3.0199999809265137,3.119999885559082,2.990000009536743,3.0899999141693115,3840900
2014-01-13,2.930000066757202,3.0199999809265137,2.9200000762939453,3.0199999809265137,3422300
2014-01-14,3.0299999713897705,3.059999942779541,2.880000114440918,2.9200000762939453,5006100
2014-01-15,3.0199999809265137,3.0999999046325684,3.0,3.039999961853028,4251600
2014-01-16,3.1700000762939453,3.220000028610229,2.990000009536743,3.0299999713897705,10446900
2014-01-17,3.0799999237060547,3.1700000762939453,3.069999933242798,3.1600000858306885,4887000
2014-01-21,3.059999942779541,3.119999885559082,3.049999952316284,3.109999895095825,2436600
2014-01-22,3.049999952316284,3.0799999237060547,2.9800000190734863,3.069999933242798,4071800
2014-01-23,3.009999990463257,3.0199999809265137,2.9800000190734863,3.009999990463257,2557900
2014-01-24,2.930000066757202,3.0,2.890000104904175,3.0,3807200
2014-01-27,2.859999895095825,2.950000047683716,2.809999942779541,2.9200000762939453,4118300
2014-01-28,2.970000028610229,3.0,2.809999942779541,2.8299999237060547,3594800
2014-01-29,2.970000028610229,3.0,2.900000095367432,2.9600000381469727,3514100
2014-01-30,3.0,3.039999961853028,2.950000047683716,2.970000028610229,2482000
2014-01-31,3.0199999809265137,3.039999961853028,2.950000047683716,3.0,3382800
2014-02-03,2.9600000381469727,3.0199999809265137,2.9600000381469727,3.0199999809265137,4086800
2014-02-04,2.9100000858306885,2.950000047683716,2.890000104904175,2.9200000762939453,5091400
2014-02-05,2.950000047683716,2.9600000381469727,2.8499999046325684,2.9200000762939453,3683800
2014-02-06,2.9200000762939453,3.0199999809265137,2.900000095367432,2.950000047683716,4862200
2014-02-07,2.950000047683716,2.970000028610229,2.9100000858306885,2.930000066757202,6122200
2014-02-10,2.900000095367432,2.9600000381469727,2.900000095367432,2.950000047683716,1324000
2014-02-11,3.0,3.0299999713897705,2.900000095367432,2.9200000762939453,5855300
2014-02-12,2.9600000381469727,3.0299999713897705,2.9100000858306885,3.0199999809265137,8489000
2014-02-13,2.990000009536743,3.0,2.930000066757202,2.970000028610229,1876100
2014-02-14,3.0,3.0199999809265137,2.990000009536743,3.0,4704100
2014-02-18,3.059999942779541,3.059999942779541,3.0,3.009999990463257,5203500
2014-02-19,3.3399999141693115,3.3399999141693115,3.059999942779541,3.059999942779541,17546600
2014-02-20,3.220000028610229,3.289999961853028,3.140000104904175,3.289999961853028,9760100
2014-02-21,3.240000009536743,3.3399999141693115,3.200000047683716,3.220000028610229,8145900
2014-02-24,3.440000057220459,3.470000028610229,3.2799999713897705,3.289999961853028,13829100
2014-02-25,3.900000095367432,3.910000085830689,3.450000047683716,3.490000009536743,15813100
2014-02-26,4.309999942779541,4.360000133514404,3.7699999809265137,4.010000228881836,35462400
2014-02-27,4.610000133514404,4.920000076293945,4.349999904632568,4.369999885559082,41119900
2014-02-28,4.619999885559082,4.670000076293945,4.369999885559082,4.599999904632568,15848900
2014-03-03,4.510000228881836,4.599999904632568,4.369999885559082,4.449999809265137,11154400
2014-03-04,4.599999904632568,4.650000095367432,4.53000020980835,4.590000152587891,7579400
2014-03-05,4.769999980926514,4.820000171661377,4.599999904632568,4.610000133514404,9337500
2014-03-06,5.289999961853027,5.289999961853027,4.880000114440918,4.889999866485596,20781900
2014-03-07,5.150000095367432,5.579999923706055,4.699999809265137,5.340000152587891,30595900
2014-03-10,5.519999980926514,5.550000190734863,5.139999866485596,5.25,14411100
2014-03-11,4.039999961853027,6.0,3.3499999046325684,5.739999771118164,84700300
2014-03-12,3.359999895095825,4.739999771118164,3.140000104904175,3.380000114440918,61319700
2014-03-13,3.670000076293945,3.869999885559082,3.299999952316284,3.309999942779541,26757200
2014-03-14,4.110000133514404,4.210000038146973,3.75,3.819999933242798,21247000
2014-03-17,3.740000009536743,4.480000019073486,3.5899999141693115,4.210000038146973,26086100
2014-03-18,3.0299999713897705,3.75,3.009999990463257,3.7200000286102295,30523900
2014-03-19,3.309999942779541,3.3299999237060547,2.9100000858306885,2.9800000190734863,13084900
2014-03-20,3.559999942779541,3.5899999141693115,3.390000104904175,3.4200000762939453,9545400
2014-03-21,3.539999961853028,3.650000095367432,3.359999895095825,3.559999942779541,9488600
2014-03-24,3.5199999809265137,3.5999999046325684,3.430000066757202,3.5899999141693115,5762400
2014-03-25,3.400000095367432,3.5199999809265137,3.369999885559082,3.509999990463257,14777900
2014-03-26,3.4600000381469727,3.5,3.3299999237060547,3.400000095367432,5802600
2014-03-27,3.619999885559082,3.650000095367432,3.5,3.549999952316284,6721900
2014-03-28,3.549999952316284,3.640000104904175,3.5299999713897705,3.640000104904175,2487200
2014-03-31,3.859999895095825,3.880000114440918,3.4200000762939453,3.549999952316284,12061700
2014-04-01,3.9700000286102295,4.099999904632568,3.920000076293945,3.950000047683716,9757900
2014-04-02,3.940000057220459,4.039999961853027,3.869999885559082,4.010000228881836,3661100
2014-04-03,4.170000076293945,4.179999828338623,3.940000057220459,3.950000047683716,6257200
2014-04-04,3.829999923706055,4.119999885559082,3.75,4.050000190734863,10732600
2014-04-07,3.930000066757202,3.9600000381469727,3.7300000190734863,3.839999914169312,5112300
2014-04-08,4.070000171661377,4.090000152587891,3.900000095367432,3.920000076293945,5649400
2014-04-09,4.119999885559082,4.150000095367432,4.019999980926514,4.090000152587891,3062600
2014-04-10,4.019999980926514,4.119999885559082,3.990000009536743,4.110000133514404,2600200
2014-04-11,3.910000085830689,4.019999980926514,3.900000095367432,3.9700000286102295,1925500
2014-04-14,3.839999914169312,3.9700000286102295,3.7899999618530273,3.910000085830689,2018100
2014-04-15,3.740000009536743,3.930000066757202,3.680000066757202,3.829999923706055,3296400
2014-04-16,3.829999923706055,3.849999904632568,3.700000047683716,3.7699999809265137,2019300
2014-04-17,3.819999933242798,3.880000114440918,3.799999952316284,3.859999895095825,823900
2014-04-21,3.7300000190734863,3.829999923706055,3.7300000190734863,3.819999933242798,1160600
2014-04-22,3.9700000286102295,3.990000009536743,3.740000009536743,3.7799999713897705,4090500
2014-04-23,3.9600000381469727,4.050000190734863,3.869999885559082,3.9700000286102295,2001400
2014-04-24,3.990000009536743,4.039999961853027,3.940000057220459,3.9700000286102295,2480700
2014-04-25,3.900000095367432,3.990000009536743,3.880000114440918,3.990000009536743,2944300
2014-04-28,3.880000114440918,3.910000085830689,3.630000114440918,3.869999885559082,6145200
2014-04-29,3.9700000286102295,4.050000190734863,3.930000066757202,4.010000228881836,5105800
2014-04-30,3.910000085830689,4.019999980926514,3.849999904632568,4.010000228881836,1736800
2014-05-01,3.859999895095825,3.930000066757202,3.839999914169312,3.890000104904175,1288700
2014-05-02,3.9800000190734863,3.9800000190734863,3.819999933242798,3.849999904632568,2604000
2014-05-05,4.230000019073486,4.25,3.859999895095825,3.9800000190734863,5050200
2014-05-06,4.090000152587891,4.28000020980835,4.019999980926514,4.199999809265137,7515300
2014-05-07,4.070000171661377,4.170000076293945,3.9800000190734863,4.059999942779541,3002100
2014-05-08,4.099999904632568,4.179999828338623,4.079999923706055,4.179999828338623,4454700
2014-05-09,4.239999771118164,4.269999980926514,4.099999904632568,4.159999847412109,8414300
2014-05-12,4.199999809265137,4.260000228881836,4.159999847412109,4.25,2759200
2014-05-13,4.489999771118164,4.699999809265137,4.170000076293945,4.179999828338623,17445300
2014-05-14,4.610000133514404,4.78000020980835,4.480000019073486,4.539999961853027,12108800
2014-05-15,4.239999771118164,4.639999866485596,4.210000038146973,4.630000114440918,13046400
2014-05-16,4.21999979019165,4.25,4.070000171661377,4.179999828338623,10286500
2014-05-19,4.309999942779541,4.340000152587891,4.130000114440918,4.21999979019165,4831800
2014-05-20,4.329999923706055,4.409999847412109,4.28000020980835,4.320000171661377,3458400
2014-05-21,4.349999904632568,4.400000095367432,4.320000171661377,4.349999904632568,1272300
2014-05-22,4.300000190734863,4.360000133514404,4.25,4.360000133514404,1841200
2014-05-23,4.329999923706055,4.380000114440918,4.269999980926514,4.300000190734863,2014600
2014-05-27,4.409999847412109,4.429999828338623,4.289999961853027,4.349999904632568,4109300
2014-05-28,4.46999979019165,4.519999980926514,4.420000076293945,4.460000038146973,3432100
2014-05-29,4.429999828338623,4.489999771118164,4.409999847412109,4.46999979019165,1827100
2014-05-30,4.440000057220459,4.46999979019165,4.420000076293945,4.46999979019165,1667100
2014-06-02,4.440000057220459,4.5,4.409999847412109,4.449999809265137,3321900
2014-06-03,4.590000152587891,4.650000095367432,4.420000076293945,4.429999828338623,6762800
2014-06-04,4.440000057220459,4.75,4.429999828338623,4.639999866485596,14179100
2014-06-05,4.480000019073486,4.550000190734863,4.449999809265137,4.489999771118164,6633600
2014-06-06,4.510000228881836,4.590000152587891,4.420000076293945,4.579999923706055,4410700
2014-06-09,4.489999771118164,4.53000020980835,4.460000038146973,4.510000228881836,3516200
2014-06-10,4.420000076293945,4.5,4.300000190734863,4.489999771118164,4561000
2014-06-11,4.360000133514404,4.400000095367432,4.309999942779541,4.389999866485596,1944300
2014-06-12,4.300000190734863,4.400000095367432,4.289999961853027,4.309999942779541,3307700
2014-06-13,4.21999979019165,4.349999904632568,4.179999828338623,4.309999942779541,4329500
2014-06-16,4.039999961853027,4.179999828338623,3.849999904632568,4.179999828338623,7718500
2014-06-17,4.119999885559082,4.199999809265137,3.9700000286102295,4.0,3124500
2014-06-18,4.03000020980835,4.119999885559082,4.010000228881836,4.110000133514404,3468300
2014-06-19,4.010000228881836,4.119999885559082,4.010000228881836,4.050000190734863,2951900
2014-06-20,4.0,4.039999961853027,3.9600000381469727,4.03000020980835,4376900
2014-06-23,3.839999914169312,4.010000228881836,3.809999942779541,4.010000228881836,7409900
2014-06-24,3.680000066757202,3.849999904632568,3.650000095367432,3.829999923706055,6717400
2014-06-25,3.819999933242798,3.900000095367432,3.650000095367432,3.660000085830689,4939700
2014-06-26,3.900000095367432,3.930000066757202,3.759999990463257,3.839999914169312,3569000
2014-06-27,3.910000085830689,4.050000190734863,3.880000114440918,3.930000066757202,3298100
2014-06-30,3.859999895095825,3.950000047683716,3.839999914169312,3.869999885559082,2003000
2014-07-01,3.839999914169312,3.940000057220459,3.809999942779541,3.900000095367432,3033100
2014-07-02,3.890000104904175,3.900000095367432,3.829999923706055,3.839999914169312,2029400
2014-07-03,3.920000076293945,4.0,3.900000095367432,3.950000047683716,1707800
2014-07-07,3.940000057220459,3.9700000286102295,3.920000076293945,3.920000076293945,1008600
2014-07-08,3.829999923706055,3.950000047683716,3.809999942779541,3.950000047683716,1679600
2014-07-09,3.920000076293945,3.950000047683716,3.7899999618530273,3.829999923706055,1987100
2014-07-10,3.930000066757202,3.940000057220459,3.819999933242798,3.910000085830689,1833300
2014-07-11,3.940000057220459,3.9600000381469727,3.839999914169312,3.940000057220459,2835300
2014-07-14,3.990000009536743,4.010000228881836,3.920000076293945,3.940000057220459,3673300
2014-07-15,3.990000009536743,4.03000020980835,3.9700000286102295,4.010000228881836,3934600
2014-07-16,4.369999885559082,4.420000076293945,3.990000009536743,4.0,9469500
2014-07-17,4.300000190734863,4.579999923706055,4.159999847412109,4.389999866485596,12554800
2014-07-18,4.289999961853027,4.369999885559082,4.21999979019165,4.300000190734863,2114700
2014-07-21,4.199999809265137,4.289999961853027,4.159999847412109,4.28000020980835,1695600
2014-07-22,4.179999828338623,4.25,4.159999847412109,4.199999809265137,3291400
2014-07-23,4.199999809265137,4.25,4.159999847412109,4.170000076293945,2145400
2014-07-24,4.170000076293945,4.21999979019165,4.170000076293945,4.179999828338623,914200
2014-07-25,4.179999828338623,4.199999809265137,4.150000095367432,4.170000076293945,876600
2014-07-28,4.139999866485596,4.190000057220459,4.099999904632568,4.159999847412109,1652500
2014-07-29,4.21999979019165,4.21999979019165,4.079999923706055,4.139999866485596,2411000
2014-07-30,4.269999980926514,4.289999961853027,4.199999809265137,4.21999979019165,2122800
2014-07-31,4.170000076293945,4.300000190734863,4.130000114440918,4.28000020980835,2282600
2014-08-01,4.050000190734863,4.159999847412109,4.039999961853027,4.130000114440918,2103800
2014-08-04,4.010000228881836,4.070000171661377,3.990000009536743,4.039999961853027,2254400
2014-08-05,4.050000190734863,4.099999904632568,4.0,4.039999961853027,2323600
2014-08-06,4.059999942779541,4.099999904632568,4.03000020980835,4.050000190734863,1221700
2014-08-07,4.03000020980835,4.110000133514404,3.910000085830689,4.090000152587891,5137000
2014-08-08,4.010000228881836,4.079999923706055,3.9700000286102295,4.010000228881836,2432400
2014-08-11,3.900000095367432,4.03000020980835,3.900000095367432,4.0,2040000
2014-08-12,3.829999923706055,3.950000047683716,3.799999952316284,3.910000085830689,2328400
2014-08-13,3.819999933242798,3.880000114440918,3.799999952316284,3.829999923706055,1830300
2014-08-14,3.9700000286102295,4.010000228881836,3.819999933242798,3.849999904632568,1466900
2014-08-15,3.930000066757202,4.059999942779541,3.880000114440918,4.010000228881836,2019000
2014-08-18,3.890000104904175,3.940000057220459,3.869999885559082,3.930000066757202,1577400
2014-08-19,3.819999933242798,3.900000095367432,3.809999942779541,3.890000104904175,2027100
2014-08-20,3.819999933242798,3.849999904632568,3.819999933242798,3.829999923706055,1643200
2014-08-21,3.799999952316284,3.859999895095825,3.7899999618530273,3.829999923706055,2215100
2014-08-22,3.7799999713897705,3.829999923706055,3.7799999713897705,3.819999933242798,718500
2014-08-25,3.809999942779541,3.869999885559082,3.799999952316284,3.819999933242798,947500
2014-08-26,3.819999933242798,3.849999904632568,3.799999952316284,3.849999904632568,599100
2014-08-27,3.869999885559082,4.0,3.799999952316284,3.809999942779541,3144500
2014-08-28,3.819999933242798,3.880000114440918,3.809999942779541,3.869999885559082,1222400
2014-08-29,3.819999933242798,3.839999914169312,3.809999942779541,3.809999942779541,936200
2014-09-02,3.799999952316284,3.849999904632568,3.7899999618530273,3.829999923706055,922000
2014-09-03,3.650000095367432,3.809999942779541,3.630000114440918,3.809999942779541,3273600
2014-09-04,3.5199999809265137,3.650000095367432,3.4800000190734863,3.650000095367432,7142100
2014-09-05,3.509999990463257,3.569999933242798,3.440000057220459,3.5,2391000
2014-09-08,3.559999942779541,3.5999999046325684,3.5199999809265137,3.5299999713897705,1366700
2014-09-09,3.400000095367432,3.569999933242798,3.369999885559082,3.559999942779541,2001300
2014-09-10,3.2699999809265137,3.390000104904175,3.069999933242798,3.390000104904175,8208700
2014-09-11,3.5,3.509999990463257,3.190000057220459,3.200000047683716,2810500
2014-09-12,3.400000095367432,3.5899999141693115,3.359999895095825,3.5799999237060547,4478800
2014-09-15,3.319999933242798,3.4100000858306885,3.2699999809265137,3.4100000858306885,2598200
2014-09-16,3.369999885559082,3.400000095367432,3.259999990463257,3.309999942779541,2599800
2014-09-17,3.3499999046325684,3.430000066757202,3.309999942779541,3.3399999141693115,792600
2014-09-18,3.2799999713897705,3.3499999046325684,3.240000009536743,3.319999933242798,1573100
2014-09-19,3.180000066757202,3.25,3.119999885559082,3.240000009536743,8679400
2014-09-22,3.0,3.1600000858306885,2.940000057220459,3.0899999141693115,10809300
2014-09-23,3.069999933242798,3.1700000762939453,2.930000066757202,2.940000057220459,2856800
2014-09-24,3.150000095367432,3.1600000858306885,2.970000028610229,3.069999933242798,4179600
2014-09-25,3.049999952316284,3.140000104904175,2.990000009536743,3.140000104904175,1898900
2014-09-26,2.940000057220459,3.119999885559082,2.930000066757202,3.069999933242798,3377000
2014-09-29,2.8499999046325684,2.950000047683716,2.8499999046325684,2.930000066757202,3472700
2014-09-30,2.640000104904175,2.799999952316284,2.559999942779541,2.799999952316284,12544100
2014-10-01,1.649999976158142,1.9900000095367432,1.4500000476837158,1.75,79449100
2014-10-02,1.4800000190734863,1.600000023841858,1.440000057220459,1.600000023841858,48126000
2014-10-03,1.809999942779541,1.870000004768372,1.5499999523162842,1.5499999523162842,23480800
2014-10-06,1.7000000476837158,1.9800000190734863,1.6799999475479126,1.919999957084656,13559500
2014-10-07,1.6399999856948853,1.7799999713897705,1.6100000143051147,1.7200000286102295,8555700
2014-10-08,1.649999976158142,1.7000000476837158,1.6200000047683716,1.6799999475479126,5576900
2014-10-09,1.7000000476837158,1.7799999713897705,1.659999966621399,1.7100000381469729,7580100
2014-10-10,1.870000004768372,1.919999957084656,1.75,1.7599999904632568,13416000
2014-10-13,2.150000095367432,2.25,1.899999976158142,1.950000047683716,17211700
2014-10-14,2.3299999237060547,2.5,2.289999961853028,2.309999942779541,13063700
2014-10-15,2.0199999809265137,2.289999961853028,1.919999957084656,2.289999961853028,12978200
2014-10-16,1.9299999475479128,2.119999885559082,1.9299999475479128,2.0799999237060547,9437200
2014-10-17,2.069999933242798,2.0999999046325684,1.9700000286102293,2.039999961853028,12671900
2014-10-20,2.0999999046325684,2.1700000762939453,2.049999952316284,2.130000114440918,6584400
2014-10-21,2.259999990463257,2.380000114440918,2.130000114440918,2.150000095367432,8001400
2014-10-22,2.150000095367432,2.400000095367432,2.119999885559082,2.319999933242798,6085100
2014-10-23,2.2100000381469727,2.25,2.1600000858306885,2.2100000381469727,4796200
2014-10-24,2.240000009536743,2.25,2.190000057220459,2.2300000190734863,2069500
2014-10-27,2.2799999713897705,2.319999933242798,2.259999990463257,2.2699999809265137,3626000
2014-10-28,2.289999961853028,2.3299999237060547,2.2300000190734863,2.319999933242798,3106700
2014-10-29,2.1700000762939453,2.2699999809265137,2.150000095367432,2.2699999809265137,7548300
2014-10-30,2.0199999809265137,2.130000114440918,1.9299999475479128,2.130000114440918,8274600
2014-10-31,2.059999942779541,2.150000095367432,2.0299999713897705,2.0999999046325684,4565500
2014-11-03,2.119999885559082,2.130000114440918,2.059999942779541,2.109999895095825,2411400
2014-11-04,2.190000057220459,2.190000057220459,2.0999999046325684,2.150000095367432,2234800
2014-11-05,2.2100000381469727,2.259999990463257,2.190000057220459,2.2300000190734863,2135000
2014-11-06,2.180000066757202,2.25,2.049999952316284,2.2300000190734863,4306400
2014-11-07,2.2100000381469727,2.25,2.180000066757202,2.220000028610229,2263800
2014-11-10,2.130000114440918,2.220000028610229,2.119999885559082,2.220000028610229,2452400
2014-11-11,2.109999895095825,2.1600000858306885,2.0899999141693115,2.150000095367432,1860400
2014-11-12,2.039999961853028,2.109999895095825,2.039999961853028,2.109999895095825,1859000
2014-11-13,2.039999961853028,2.0899999141693115,2.0199999809265137,2.039999961853028,2238000
2014-11-14,2.069999933242798,2.0899999141693115,2.039999961853028,2.069999933242798,1017200
2014-11-17,1.9700000286102293,2.039999961853028,1.919999957084656,2.0299999713897705,6870700
2014-11-18,2.009999990463257,2.039999961853028,1.950000047683716,1.9800000190734863,2400600
2014-11-19,2.2300000190734863,2.5,1.9900000095367432,2.009999990463257,14769200
2014-11-20,2.400000095367432,2.450000047683716,2.240000009536743,2.259999990463257,9057900
2014-11-21,2.4100000858306885,2.5,2.3399999141693115,2.4600000381469727,5271700
2014-11-24,2.4200000762939453,2.440000057220459,2.3499999046325684,2.440000057220459,3875200
2014-11-25,2.4100000858306885,2.4200000762939453,2.380000114440918,2.400000095367432,1001800
2014-11-26,2.380000114440918,2.4200000762939453,2.359999895095825,2.4100000858306885,1839900
2014-11-28,2.390000104904175,2.400000095367432,2.359999895095825,2.400000095367432,1019000
2014-12-01,2.3399999141693115,2.390000104904175,2.319999933242798,2.380000114440918,2023300
2014-12-02,2.2799999713897705,2.3399999141693115,2.200000047683716,2.3299999237060547,4326800
2014-12-03,2.3299999237060547,2.3499999046325684,2.25,2.25,2315100
2014-12-04,2.400000095367432,2.440000057220459,2.319999933242798,2.3299999237060547,2754800
2014-12-05,2.4100000858306885,2.430000066757202,2.3499999046325684,2.400000095367432,2616200
2014-12-08,2.3499999046325684,2.4100000858306885,2.3299999237060547,2.400000095367432,2526700
2014-12-09,2.380000114440918,2.380000114440918,2.240000009536743,2.3299999237060547,3859800
2014-12-10,2.319999933242798,2.380000114440918,2.299999952316284,2.369999885559082,1748000
2014-12-11,2.3399999141693115,2.3399999141693115,2.2699999809265137,2.289999961853028,1703200
2014-12-12,2.1700000762939453,2.3299999237060547,2.150000095367432,2.289999961853028,3785800
2014-12-15,2.0999999046325684,2.240000009536743,1.950000047683716,2.1700000762939453,5706200
2014-12-16,1.9900000095367432,2.220000028610229,1.9700000286102293,2.0799999237060547,3553300
2014-12-17,2.180000066757202,2.2100000381469727,1.9800000190734863,2.009999990463257,5088900
2014-12-18,2.259999990463257,2.299999952316284,2.2100000381469727,2.220000028610229,2323500
2014-12-19,2.220000028610229,2.2799999713897705,2.1600000858306885,2.259999990463257,1448600
2014-12-22,2.150000095367432,2.2100000381469727,2.140000104904175,2.190000057220459,1813000
2014-12-23,2.069999933242798,2.140000104904175,2.059999942779541,2.130000114440918,2727300
2014-12-24,2.0899999141693115,2.0999999046325684,2.059999942779541,2.059999942779541,770300
2014-12-26,2.0999999046325684,2.130000114440918,2.0899999141693115,2.0899999141693115,1155000
2014-12-29,2.0899999141693115,2.119999885559082,2.069999933242798,2.109999895095825,2331900
2014-12-30,2.0799999237060547,2.0999999046325684,2.059999942779541,2.0799999237060547,3254600
2014-12-31,2.059999942779541,2.069999933242798,2.039999961853028,2.059999942779541,3394700
2015-01-02,2.150000095367432,2.220000028610229,2.039999961853028,2.049999952316284,2691800
2015-01-05,2.180000066757202,2.220000028610229,2.119999885559082,2.2100000381469727,2114800
2015-01-06,2.25,2.309999942779541,2.190000057220459,2.200000047683716,3908800
2015-01-07,2.4200000762939453,2.450000047683716,2.240000009536743,2.289999961853028,6770600
2015-01-08,2.259999990463257,2.430000066757202,2.190000057220459,2.4200000762939453,6809100
2015-01-09,2.220000028610229,2.2799999713897705,2.1700000762939453,2.2300000190734863,3162200
2015-01-12,2.200000047683716,2.25,2.1700000762939453,2.2300000190734863,1187000
2015-01-13,2.1600000858306885,2.25,2.1600000858306885,2.200000047683716,1918300
2015-01-14,2.140000104904175,2.150000095367432,2.0999999046325684,2.130000114440918,1511200
2015-01-15,2.140000104904175,2.180000066757202,2.119999885559082,2.140000104904175,788600
2015-01-16,2.150000095367432,2.150000095367432,2.109999895095825,2.140000104904175,513500
2015-01-20,2.130000114440918,2.150000095367432,2.109999895095825,2.119999885559082,852400
2015-01-21,2.109999895095825,2.140000104904175,2.109999895095825,2.119999885559082,689400
2015-01-22,2.140000104904175,2.150000095367432,2.109999895095825,2.130000114440918,1144000
2015-01-23,2.140000104904175,2.1700000762939453,2.119999885559082,2.140000104904175,868500
2015-01-26,2.109999895095825,2.140000104904175,2.0999999046325684,2.130000114440918,1052300
2015-01-27,2.109999895095825,2.130000114440918,2.0799999237060547,2.119999885559082,921000
2015-01-28,2.150000095367432,2.2799999713897705,2.0999999046325684,2.119999885559082,9717600
2015-01-29,2.150000095367432,2.2100000381469727,2.119999885559082,2.1700000762939453,7294200
2015-01-30,2.150000095367432,2.1600000858306885,2.130000114440918,2.150000095367432,1468100
2015-02-02,2.1700000762939453,2.2100000381469727,2.140000104904175,2.150000095367432,2674300
2015-02-03,2.1600000858306885,2.299999952316284,2.0899999141693115,2.200000047683716,7341700
2015-02-04,2.220000028610229,2.220000028610229,2.140000104904175,2.150000095367432,1989800
2015-02-05,2.190000057220459,2.25,2.190000057220459,2.220000028610229,1282400
2015-02-06,2.2100000381469727,2.240000009536743,2.180000066757202,2.190000057220459,1239100
2015-02-09,2.2100000381469727,2.2300000190734863,2.180000066757202,2.220000028610229,993800
2015-02-10,2.2300000190734863,2.2699999809265137,2.190000057220459,2.200000047683716,1654600
2015-02-11,2.240000009536743,2.2699999809265137,2.220000028610229,2.240000009536743,1631000
2015-02-12,2.2799999713897705,2.2799999713897705,2.2300000190734863,2.240000009536743,2346400
2015-02-13,2.569999933242798,2.5899999141693115,2.289999961853028,2.299999952316284,11304400
2015-02-17,3.220000028610229,3.319999933242798,2.549999952316284,2.720000028610229,18477000
2015-02-18,3.0799999237060547,3.220000028610229,2.970000028610229,3.180000066757202,9767800
2015-02-19,2.930000066757202,3.009999990463257,2.6600000858306885,2.940000057220459,14731700
2015-02-20,2.7699999809265137,2.9600000381469727,2.75,2.809999942779541,4585100
2015-02-23,2.5799999237060547,2.700000047683716,2.490000009536743,2.680000066757202,7011700
2015-02-24,2.7300000190734863,2.7300000190734863,2.470000028610229,2.5199999809265137,4181700
2015-02-25,2.799999952316284,2.900000095367432,2.6700000762939453,2.759999990463257,3655100
2015-02-26,2.6700000762939453,2.8499999046325684,2.650000095367432,2.799999952316284,1978500
2015-02-27,2.700000047683716,2.740000009536743,2.619999885559082,2.6600000858306885,937300
2015-03-02,2.789999961853028,2.809999942779541,2.680000066757202,2.700000047683716,2214700
2015-03-03,2.9100000858306885,2.950000047683716,2.799999952316284,2.809999942779541,4492800
2015-03-04,2.819999933242798,2.9100000858306885,2.7799999713897705,2.880000114440918,1929100
2015-03-05,2.6700000762939453,2.869999885559082,2.6600000858306885,2.809999942779541,1972200
2015-03-06,2.640000104904175,2.75,2.509999990463257,2.619999885559082,4211000
2015-03-09,2.6700000762939453,2.75,2.640000104904175,2.650000095367432,1279700
2015-03-10,2.650000095367432,2.75,2.609999895095825,2.6600000858306885,1389300
2015-03-11,2.619999885559082,2.640000104904175,2.5999999046325684,2.619999885559082,540100
2015-03-12,2.609999895095825,2.630000114440918,2.5999999046325684,2.619999885559082,1069100
2015-03-13,2.559999942779541,2.630000114440918,2.5199999809265137,2.5999999046325684,986200
2015-03-16,2.569999933242798,2.609999895095825,2.5199999809265137,2.559999942779541,1147800
2015-03-17,2.5799999237060547,2.5999999046325684,2.5299999713897705,2.5999999046325684,1334700
2015-03-18,2.4600000381469727,2.549999952316284,2.380000114440918,2.539999961853028,5320700
2015-03-19,2.309999942779541,2.440000057220459,2.2699999809265137,2.440000057220459,5311000
2015-03-20,2.3499999046325684,2.490000009536743,2.299999952316284,2.309999942779541,4105700
2015-03-23,2.4100000858306885,2.450000047683716,2.3399999141693115,2.3499999046325684,1335400
2015-03-24,2.400000095367432,2.450000047683716,2.369999885559082,2.4100000858306885,1490200
2015-03-25,2.390000104904175,2.440000057220459,2.359999895095825,2.400000095367432,1241000
2015-03-26,2.380000114440918,2.400000095367432,2.299999952316284,2.390000104904175,1790900
2015-03-27,2.359999895095825,2.400000095367432,2.3299999237060547,2.380000114440918,1039500
2015-03-30,2.299999952316284,2.380000114440918,2.2799999713897705,2.3499999046325684,1392700
2015-03-31,2.2799999713897705,2.319999933242798,2.2100000381469727,2.299999952316284,2327300
2015-04-01,2.400000095367432,2.4600000381469727,2.25,2.2799999713897705,2989200
2015-04-02,2.400000095367432,2.539999961853028,2.390000104904175,2.430000066757202,4467800
2015-04-06,2.430000066757202,2.470000028610229,2.390000104904175,2.400000095367432,1360400
2015-04-07,2.359999895095825,2.430000066757202,2.3399999141693115,2.4200000762939453,1065600
2015-04-08,2.549999952316284,2.5999999046325684,2.400000095367432,2.4100000858306885,6651000
2015-04-09,2.539999961853028,2.559999942779541,2.450000047683716,2.559999942779541,2484000
2015-04-10,2.5199999809265137,2.630000114440918,2.4800000190734863,2.539999961853028,2264800
2015-04-13,2.5199999809265137,2.559999942779541,2.450000047683716,2.5199999809265137,1526500
2015-04-14,2.5,2.539999961853028,2.4600000381469727,2.539999961853028,3631200
2015-04-15,2.6700000762939453,2.690000057220459,2.490000009536743,2.5,4239800
2015-04-16,2.7300000190734863,2.819999933242798,2.6600000858306885,2.680000066757202,4330800
2015-04-17,2.680000066757202,2.7300000190734863,2.650000095367432,2.7300000190734863,1992500
2015-04-20,2.700000047683716,2.740000009536743,2.6600000858306885,2.6700000762939453,1196000
2015-04-21,2.690000057220459,2.75,2.619999885559082,2.7300000190734863,1082000
2015-04-22,2.619999885559082,2.6700000762939453,2.5899999141693115,2.6700000762939453,1655000
2015-04-23,2.619999885559082,2.650000095367432,2.5899999141693115,2.609999895095825,776600
2015-04-24,2.5999999046325684,2.619999885559082,2.5799999237060547,2.619999885559082,1013500
2015-04-27,2.509999990463257,2.5899999141693115,2.490000009536743,2.5899999141693115,1881700
2015-04-28,2.559999942779541,2.619999885559082,2.4600000381469727,2.5,1684200
2015-04-29,2.569999933242798,2.630000114440918,2.539999961853028,2.559999942779541,1075700
2015-04-30,2.619999885559082,2.7699999809265137,2.569999933242798,2.6600000858306885,3942700
2015-05-01,2.7300000190734863,2.740000009536743,2.609999895095825,2.640000104904175,3225200
2015-05-04,2.809999942779541,2.8399999141693115,2.7300000190734863,2.740000009536743,5849400
2015-05-05,2.789999961853028,2.819999933242798,2.7100000381469727,2.819999933242798,3226100
2015-05-06,2.819999933242798,2.8299999237060547,2.7699999809265137,2.789999961853028,3042800
2015-05-07,2.789999961853028,2.8399999141693115,2.720000028610229,2.789999961853028,3545200
2015-05-08,2.7699999809265137,2.809999942779541,2.740000009536743,2.799999952316284,1489100
2015-05-11,2.7300000190734863,2.759999990463257,2.680000066757202,2.75,1763100
2015-05-12,2.690000057220459,2.740000009536743,2.6600000858306885,2.740000009536743,1748700
2015-05-13,2.539999961853028,2.690000057220459,2.5299999713897705,2.690000057220459,3323500
2015-05-14,2.549999952316284,2.650000095367432,2.5299999713897705,2.539999961853028,2131600
2015-05-15,2.549999952316284,2.5999999046325684,2.549999952316284,2.559999942779541,910900
2015-05-18,2.5899999141693115,2.5899999141693115,2.549999952316284,2.559999942779541,495800
2015-05-19,2.559999942779541,2.630000114440918,2.549999952316284,2.5799999237060547,1004900
2015-05-20,2.4800000190734863,2.569999933242798,2.450000047683716,2.549999952316284,3076200
2015-05-21,2.490000009536743,2.5,2.4100000858306885,2.4800000190734863,1714200
2015-05-22,2.509999990463257,2.5199999809265137,2.4800000190734863,2.490000009536743,751000
2015-05-26,2.509999990463257,2.539999961853028,2.5,2.5199999809265137,757600
2015-05-27,2.490000009536743,2.5199999809265137,2.4800000190734863,2.509999990463257,1506700
2015-05-28,2.4800000190734863,2.5,2.440000057220459,2.490000009536743,2337900
2015-05-29,2.4600000381469727,2.4800000190734863,2.450000047683716,2.4600000381469727,687700
2015-06-01,2.440000057220459,2.490000009536743,2.440000057220459,2.470000028610229,1112500
2015-06-02,2.4600000381469727,2.490000009536743,2.440000057220459,2.440000057220459,914100
2015-06-03,2.430000066757202,2.4800000190734863,2.4200000762939453,2.470000028610229,1220900
2015-06-04,2.3299999237060547,2.440000057220459,2.319999933242798,2.440000057220459,3765300
2015-06-05,2.4200000762939453,2.430000066757202,2.2799999713897705,2.3399999141693115,1697000
2015-06-08,2.3399999141693115,2.4800000190734863,2.3399999141693115,2.4200000762939453,1034300
2015-06-09,2.309999942779541,2.3499999046325684,2.289999961853028,2.3299999237060547,1238700
2015-06-10,2.3499999046325684,2.380000114440918,2.289999961853028,2.299999952316284,744900
2015-06-11,2.440000057220459,2.4600000381469727,2.3499999046325684,2.359999895095825,1548300
2015-06-12,2.4100000858306885,2.490000009536743,2.3499999046325684,2.4600000381469727,798400
2015-06-15,2.4800000190734863,2.569999933242798,2.3499999046325684,2.400000095367432,4082500
2015-06-16,2.4600000381469727,2.509999990463257,2.430000066757202,2.5,662600
2015-06-17,2.440000057220459,2.4600000381469727,2.400000095367432,2.4600000381469727,750400
2015-06-18,2.380000114440918,2.440000057220459,2.380000114440918,2.430000066757202,665800
2015-06-19,2.369999885559082,2.430000066757202,2.3499999046325684,2.380000114440918,833200
2015-06-22,2.3299999237060547,2.369999885559082,2.319999933242798,2.359999895095825,1231800
2015-06-23,2.3499999046325684,2.380000114440918,2.319999933242798,2.3299999237060547,934300
2015-06-24,2.3299999237060547,2.369999885559082,2.309999942779541,2.3499999046325684,1830400
2015-06-25,2.259999990463257,2.3399999141693115,2.259999990463257,2.3399999141693115,2162200
2015-06-26,2.289999961853028,2.3299999237060547,2.259999990463257,2.2799999713897705,1546200
2015-06-29,2.190000057220459,2.2699999809265137,2.180000066757202,2.2699999809265137,2328600
2015-06-30,2.2100000381469727,2.25,2.190000057220459,2.200000047683716,1295100
2015-07-01,2.220000028610229,2.380000114440918,2.2100000381469727,2.240000009536743,2961100
2015-07-02,2.190000057220459,2.240000009536743,2.180000066757202,2.220000028610229,978900
2015-07-06,2.119999885559082,2.190000057220459,2.0899999141693115,2.190000057220459,1789400
2015-07-07,2.0799999237060547,2.119999885559082,1.9700000286102293,2.0899999141693115,4163000
2015-07-08,2.0299999713897705,2.059999942779541,2.009999990463257,2.049999952316284,1383200
2015-07-09,2.069999933242798,2.109999895095825,2.0299999713897705,2.049999952316284,1961100
2015-07-10,2.0799999237060547,2.150000095367432,2.069999933242798,2.0899999141693115,1784600
2015-07-13,2.0999999046325684,2.119999885559082,2.069999933242798,2.0899999141693115,707900
2015-07-14,2.180000066757202,2.190000057220459,2.0999999046325684,2.109999895095825,1594900
2015-07-15,2.369999885559082,2.4200000762939453,2.2300000190734863,2.240000009536743,7556500
2015-07-16,2.319999933242798,2.380000114440918,2.2799999713897705,2.380000114440918,1974500
2015-07-17,2.3299999237060547,2.369999885559082,2.319999933242798,2.319999933242798,1009200
2015-07-20,2.369999885559082,2.380000114440918,2.299999952316284,2.3399999141693115,1504600
2015-07-21,2.400000095367432,2.4200000762939453,2.3499999046325684,2.3499999046325684,3492100
2015-07-22,2.5199999809265137,2.539999961853028,2.369999885559082,2.390000104904175,5337900
2015-07-23,2.4800000190734863,2.609999895095825,2.450000047683716,2.559999942779541,3472500
2015-07-24,2.430000066757202,2.5,2.400000095367432,2.4800000190734863,1794400
2015-07-27,2.3399999141693115,2.400000095367432,2.309999942779541,2.369999885559082,1731300
2015-07-28,2.380000114440918,2.400000095367432,2.309999942779541,2.3299999237060547,1166800
2015-07-29,2.359999895095825,2.390000104904175,2.359999895095825,2.380000114440918,727500
2015-07-30,2.3499999046325684,2.380000114440918,2.3399999141693115,2.369999885559082,494200
2015-07-31,2.25,2.359999895095825,2.2300000190734863,2.3499999046325684,2877000
2015-08-03,2.1700000762939453,2.259999990463257,2.150000095367432,2.259999990463257,2020300
2015-08-04,2.299999952316284,2.319999933242798,2.1700000762939453,2.180000066757202,1709500
2015-08-05,2.259999990463257,2.3499999046325684,2.2300000190734863,2.319999933242798,834000
2015-08-06,2.319999933242798,2.359999895095825,2.2300000190734863,2.259999990463257,1888300
2015-08-07,2.319999933242798,2.400000095367432,2.319999933242798,2.400000095367432,799300
2015-08-10,2.2799999713897705,2.3299999237060547,2.259999990463257,2.3299999237060547,780300
2015-08-11,2.299999952316284,2.309999942779541,2.25,2.289999961853028,914500
2015-08-12,2.240000009536743,2.299999952316284,2.220000028610229,2.299999952316284,1081400
2015-08-13,2.220000028610229,2.2799999713897705,2.220000028610229,2.240000009536743,679800
2015-08-14,2.200000047683716,2.240000009536743,2.200000047683716,2.2300000190734863,844800
2015-08-17,2.200000047683716,2.220000028610229,2.180000066757202,2.2100000381469727,637600
2015-08-18,2.150000095367432,2.200000047683716,2.140000104904175,2.180000066757202,1395600
2015-08-19,2.220000028610229,2.240000009536743,2.130000114440918,2.150000095367432,1231400
2015-08-20,2.180000066757202,2.2699999809265137,2.1600000858306885,2.2100000381469727,1521500
2015-08-21,2.0999999046325684,2.180000066757202,2.049999952316284,2.1700000762939453,3082400
2015-08-24,2.0299999713897705,2.049999952316284,1.899999976158142,1.9800000190734863,6094600
2015-08-25,2.049999952316284,2.130000114440918,2.049999952316284,2.069999933242798,1565200
2015-08-26,2.039999961853028,2.0899999141693115,1.9800000190734863,2.0899999141693115,1680600
2015-08-27,2.0799999237060547,2.0899999141693115,2.039999961853028,2.059999942779541,1165700
2015-08-28,2.180000066757202,2.190000057220459,2.049999952316284,2.0799999237060547,2112900
2015-08-31,2.259999990463257,2.380000114440918,2.2100000381469727,2.220000028610229,3847400
2015-09-01,2.25,2.25,2.180000066757202,2.220000028610229,1754800
2015-09-02,2.25,2.2699999809265137,2.2300000190734863,2.240000009536743,482800
2015-09-03,2.259999990463257,2.3499999046325684,2.25,2.259999990463257,2096700
2015-09-04,2.200000047683716,2.2699999809265137,2.180000066757202,2.259999990463257,1211400
2015-09-08,2.190000057220459,2.240000009536743,2.1700000762939453,2.2100000381469727,1041500
2015-09-09,2.180000066757202,2.2100000381469727,2.1700000762939453,2.190000057220459,818600
2015-09-10,2.150000095367432,2.180000066757202,2.130000114440918,2.1700000762939453,1155200
2015-09-11,2.119999885559082,2.1700000762939453,2.0999999046325684,2.1700000762939453,654900
2015-09-14,2.0999999046325684,2.119999885559082,2.0899999141693115,2.119999885559082,490400
2015-09-15,2.150000095367432,2.1700000762939453,2.0899999141693115,2.109999895095825,485800
2015-09-16,2.1700000762939453,2.220000028610229,2.150000095367432,2.150000095367432,1286900
2015-09-17,2.25,2.25,2.1700000762939453,2.1700000762939453,2217700
2015-09-18,2.220000028610229,2.259999990463257,2.200000047683716,2.25,751500
2015-09-21,2.240000009536743,2.2699999809265137,2.190000057220459,2.190000057220459,2621200
2015-09-22,2.190000057220459,2.2300000190734863,2.180000066757202,2.220000028610229,1336600
2015-09-23,2.1700000762939453,2.190000057220459,2.150000095367432,2.190000057220459,640300
2015-09-24,2.180000066757202,2.180000066757202,2.130000114440918,2.1600000858306885,817800
2015-09-25,2.240000009536743,2.240000009536743,2.180000066757202,2.190000057220459,4311000
2015-09-28,2.059999942779541,2.240000009536743,2.049999952316284,2.2300000190734863,6945600
2015-09-29,2.130000114440918,2.1700000762939453,2.0799999237060547,2.0799999237060547,1843800
2015-09-30,2.200000047683716,2.2100000381469727,2.130000114440918,2.130000114440918,1968300
2015-10-01,2.200000047683716,2.25,2.190000057220459,2.2100000381469727,1949800
2015-10-02,2.180000066757202,2.2100000381469727,2.150000095367432,2.190000057220459,706300
2015-10-05,2.1700000762939453,2.190000057220459,2.1600000858306885,2.190000057220459,1601400
2015-10-06,2.369999885559082,2.369999885559082,2.200000047683716,2.220000028610229,6510900
2015-10-07,2.400000095367432,2.400000095367432,2.2799999713897705,2.3299999237060547,3043600
2015-10-08,2.4200000762939453,2.5199999809265137,2.3499999046325684,2.400000095367432,5496200
2015-10-09,2.4200000762939453,2.509999990463257,2.4200000762939453,2.440000057220459,4556200
2015-10-12,2.470000028610229,2.490000009536743,2.3399999141693115,2.4200000762939453,5063400
2015-10-13,2.5799999237060547,2.5999999046325684,2.4200000762939453,2.450000047683716,3924000
2015-10-14,2.5999999046325684,2.6700000762939453,2.559999942779541,2.5899999141693115,3128000
2015-10-15,2.559999942779541,2.640000104904175,2.5199999809265137,2.630000114440918,1790300
2015-10-16,2.450000047683716,2.549999952316284,2.430000066757202,2.549999952316284,1264600
2015-10-19,2.3399999141693115,2.4200000762939453,2.2699999809265137,2.4200000762939453,4199500
2015-10-20,2.319999933242798,2.3399999141693115,2.259999990463257,2.309999942779541,1466000
2015-10-21,2.259999990463257,2.3499999046325684,2.25,2.309999942779541,1332200
2015-10-22,2.240000009536743,2.2699999809265137,2.2300000190734863,2.25,706200
2015-10-23,2.25,2.2799999713897705,2.240000009536743,2.25,1038800
2015-10-26,2.2300000190734863,2.2699999809265137,2.2300000190734863,2.259999990463257,1036400
2015-10-27,2.220000028610229,2.259999990463257,2.220000028610229,2.2300000190734863,529300
2015-10-28,2.2300000190734863,2.25,2.220000028610229,2.2300000190734863,1057800
2015-10-29,2.2100000381469727,2.240000009536743,2.2100000381469727,2.2300000190734863,644500
2015-10-30,2.2100000381469727,2.240000009536743,2.2100000381469727,2.220000028610229,544100
2015-11-02,2.220000028610229,2.2300000190734863,2.200000047683716,2.220000028610229,797800
2015-11-03,2.2300000190734863,2.2699999809265137,2.220000028610229,2.2300000190734863,1101400
2015-11-04,2.220000028610229,2.240000009536743,2.220000028610229,2.220000028610229,918500
2015-11-05,2.220000028610229,2.3499999046325684,2.190000057220459,2.220000028610229,1765400
2015-11-06,2.2300000190734863,2.240000009536743,2.2100000381469727,2.220000028610229,516500
2015-11-09,2.200000047683716,2.259999990463257,2.200000047683716,2.2300000190734863,1067800
2015-11-10,2.190000057220459,2.220000028610229,2.190000057220459,2.220000028610229,770400
2015-11-11,2.2100000381469727,2.240000009536743,2.190000057220459,2.190000057220459,866000
2015-11-12,2.2100000381469727,2.220000028610229,2.200000047683716,2.220000028610229,865300
2015-11-13,2.1700000762939453,2.2100000381469727,2.150000095367432,2.200000047683716,2101000
2015-11-16,2.180000066757202,2.200000047683716,2.150000095367432,2.1700000762939453,698100
2015-11-17,2.1600000858306885,2.2100000381469727,2.150000095367432,2.180000066757202,1097300
2015-11-18,2.140000104904175,2.1600000858306885,2.140000104904175,2.150000095367432,685300
2015-11-19,2.130000114440918,2.150000095367432,2.130000114440918,2.150000095367432,497500
2015-11-20,2.130000114440918,2.140000104904175,2.119999885559082,2.130000114440918,578800
2015-11-23,2.0999999046325684,2.130000114440918,2.0899999141693115,2.130000114440918,1261200
2015-11-24,2.109999895095825,2.130000114440918,2.0899999141693115,2.0999999046325684,1041300
2015-11-25,2.049999952316284,2.119999885559082,2.039999961853028,2.109999895095825,1822300
2015-11-27,2.049999952316284,2.069999933242798,2.049999952316284,2.059999942779541,765700
2015-11-30,2.049999952316284,2.0799999237060547,2.049999952316284,2.059999942779541,672100
2015-12-01,2.0199999809265137,2.059999942779541,2.0199999809265137,2.049999952316284,958300
2015-12-02,1.9700000286102293,2.059999942779541,1.950000047683716,2.0199999809265137,4890100
2015-12-03,1.899999976158142,1.9600000381469729,1.7400000095367432,1.950000047683716,6605900
2015-12-04,2.049999952316284,2.059999942779541,1.899999976158142,1.909999966621399,2623900
2015-12-07,2.059999942779541,2.0899999141693115,1.940000057220459,2.059999942779541,1412200
2015-12-08,2.0,2.069999933242798,1.919999957084656,2.049999952316284,1201800
2015-12-09,1.9600000381469729,2.0,1.950000047683716,1.9900000095367432,621500
2015-12-10,1.940000057220459,1.9700000286102293,1.9299999475479128,1.9600000381469729,640000
2015-12-11,1.8799999952316284,1.940000057220459,1.8799999952316284,1.940000057220459,1553700
2015-12-14,1.7599999904632568,1.8899999856948853,1.7100000381469729,1.8799999952316284,4366600
2015-12-15,1.75,1.9299999475479128,1.7400000095367432,1.7799999713897705,3172200
2015-12-16,1.649999976158142,1.7599999904632568,1.590000033378601,1.75,7472300
2015-12-17,1.75,1.7799999713897705,1.6100000143051147,1.6200000047683716,2933600
2015-12-18,1.7200000286102295,1.7799999713897705,1.649999976158142,1.7400000095367432,1887800
2015-12-21,1.6299999952316284,1.7200000286102295,1.6299999952316284,1.7200000286102295,18587500
2015-12-22,1.659999966621399,1.7100000381469729,1.6200000047683716,1.6299999952316284,2355400
2015-12-23,1.6799999475479126,1.7200000286102295,1.649999976158142,1.659999966621399,1191500
2015-12-24,1.6799999475479126,1.7000000476837158,1.659999966621399,1.6799999475479126,420900
2015-12-28,1.6699999570846558,1.7000000476837158,1.6399999856948853,1.7000000476837158,1936600
2015-12-29,1.6699999570846558,1.7000000476837158,1.649999976158142,1.649999976158142,2227200
2015-12-30,1.6200000047683716,1.659999966621399,1.6100000143051147,1.659999966621399,1342900
2015-12-31,1.6200000047683716,1.6200000047683716,1.5700000524520874,1.6100000143051147,2217100
2016-01-04,1.659999966621399,1.7000000476837158,1.5700000524520874,1.6299999952316284,1658700
2016-01-05,1.6699999570846558,1.7000000476837158,1.6100000143051147,1.6699999570846558,759200
2016-01-06,1.6799999475479126,1.7000000476837158,1.649999976158142,1.649999976158142,703700
2016-01-07,1.6299999952316284,1.659999966621399,1.600000023841858,1.649999976158142,831300
2016-01-08,1.6299999952316284,1.6799999475479126,1.6100000143051147,1.6799999475479126,668000
2016-01-11,1.590000033378601,1.6299999952316284,1.5700000524520874,1.6299999952316284,1421300
2016-01-12,1.5700000524520874,1.600000023841858,1.5199999809265137,1.5800000429153442,2014500
2016-01-13,1.4600000381469729,1.6100000143051147,1.4199999570846558,1.5700000524520874,1598900
2016-01-14,1.3700000047683716,1.440000057220459,1.2200000286102295,1.440000057220459,3745800
2016-01-15,1.2699999809265137,1.3200000524520874,1.2000000476837158,1.2899999618530271,2993600
2016-01-19,1.100000023841858,1.2899999618530271,1.0800000429153442,1.2899999618530271,3913900
2016-01-20,1.090000033378601,1.1100000143051147,0.9700000286102296,1.0199999809265137,6743700
2016-01-21,1.2599999904632568,1.2899999618530271,1.100000023841858,1.100000023841858,4271200
2016-01-22,1.399999976158142,1.440000057220459,1.350000023841858,1.3600000143051147,2736300
2016-01-25,1.3700000047683716,1.5099999904632568,1.3600000143051147,1.4500000476837158,4210000
2016-01-26,1.350000023841858,1.399999976158142,1.2899999618530271,1.399999976158142,1117000
2016-01-27,1.4299999475479126,1.4500000476837158,1.3300000429153442,1.3600000143051147,1567100
2016-01-28,1.399999976158142,1.4800000190734863,1.3799999952316284,1.4500000476837158,1229400
2016-01-29,1.309999942779541,1.399999976158142,1.2899999618530271,1.3899999856948853,2228200
2016-02-01,1.2599999904632568,1.3300000429153442,1.2400000095367432,1.3300000429153442,892100
2016-02-02,1.2300000190734863,1.2799999713897705,1.2100000381469729,1.2799999713897705,428600
2016-02-03,1.25,1.2599999904632568,1.190000057220459,1.2300000190734863,1015800
2016-02-04,1.4500000476837158,1.4700000286102295,1.25,1.25,3492000
2016-02-05,1.4500000476837158,1.5099999904632568,1.409999966621399,1.4500000476837158,2088200
2016-02-08,1.3799999952316284,1.409999966621399,1.350000023841858,1.3600000143051147,590200
2016-02-09,1.3700000047683716,1.409999966621399,1.350000023841858,1.3600000143051147,371000
2016-02-10,1.350000023841858,1.399999976158142,1.350000023841858,1.3700000047683716,453400
2016-02-11,1.2999999523162842,1.340000033378601,1.2799999713897705,1.340000033378601,1179500
2016-02-12,1.2999999523162842,1.3799999952316284,1.2799999713897705,1.309999942779541,825200
2016-02-16,1.2799999713897705,1.350000023841858,1.2799999713897705,1.309999942779541,1154600
2016-02-17,1.2999999523162842,1.3200000524520874,1.2699999809265137,1.2999999523162842,1217800
2016-02-18,1.3700000047683716,1.3899999856948853,1.2999999523162842,1.2999999523162842,1422500
2016-02-19,1.3700000047683716,1.4299999475479126,1.3300000429153442,1.3899999856948853,748000
2016-02-22,1.3700000047683716,1.3899999856948853,1.340000033378601,1.3700000047683716,835300
2016-02-23,1.350000023841858,1.3700000047683716,1.3300000429153442,1.3600000143051147,471600
2016-02-24,1.340000033378601,1.3700000047683716,1.309999942779541,1.3600000143051147,1820800
2016-02-25,1.340000033378601,1.340000033378601,1.340000033378601,1.340000033378601,0
2016-02-26,1.5399999618530271,1.5700000524520874,1.3700000047683716,1.3799999952316284,1730800
2016-02-29,1.659999966621399,1.690000057220459,1.5499999523162842,1.5499999523162842,2414300
2016-03-01,1.6299999952316284,1.75,1.6200000047683716,1.690000057220459,2015400
2016-03-02,1.5299999713897705,1.659999966621399,1.5299999713897705,1.6200000047683716,2090200
2016-03-03,1.6299999952316284,1.659999966621399,1.5399999618530271,1.559999942779541,1489400
2016-03-04,1.6699999570846558,1.7000000476837158,1.6399999856948853,1.7000000476837158,1402600
2016-03-07,1.6399999856948853,1.6699999570846558,1.590000033378601,1.6699999570846558,1884200
2016-03-08,1.6100000143051147,1.6200000047683716,1.5800000429153442,1.6200000047683716,670100
2016-03-09,1.559999942779541,1.600000023841858,1.5299999713897705,1.590000033378601,906700
2016-03-10,1.559999942779541,1.590000033378601,1.5399999618530271,1.5700000524520874,794300
2016-03-11,1.5199999809265137,1.559999942779541,1.5,1.559999942779541,1230800
2016-03-14,1.5700000524520874,1.5800000429153442,1.4700000286102295,1.5299999713897705,1267100
2016-03-15,1.4500000476837158,1.5800000429153442,1.4500000476837158,1.5700000524520874,1201200
2016-03-16,1.5499999523162842,1.559999942779541,1.4199999570846558,1.4299999475479126,1152900
2016-03-17,1.5399999618530271,1.5800000429153442,1.5099999904632568,1.559999942779541,622400
2016-03-18,1.5099999904632568,1.5399999618530271,1.5,1.5399999618530271,816800
2016-03-21,1.4700000286102295,1.5099999904632568,1.4700000286102295,1.5099999904632568,695800
2016-03-22,1.4600000381469729,1.4800000190734863,1.440000057220459,1.4500000476837158,635900
2016-03-23,1.440000057220459,1.4900000095367432,1.4299999475479126,1.4600000381469729,594100
2016-03-24,1.399999976158142,1.4500000476837158,1.3899999856948853,1.4299999475479126,699100
2016-03-28,1.399999976158142,1.4199999570846558,1.399999976158142,1.409999966621399,370100
2016-03-29,1.3700000047683716,1.409999966621399,1.3600000143051147,1.399999976158142,940600
2016-03-30,1.340000033378601,1.3899999856948853,1.3300000429153442,1.3799999952316284,1510200
2016-03-31,1.340000033378601,1.3700000047683716,1.3300000429153442,1.340000033378601,933300
2016-04-01,1.3200000524520874,1.3600000143051147,1.3200000524520874,1.3200000524520874,855300
2016-04-04,1.3300000429153442,1.3700000047683716,1.3200000524520874,1.3300000429153442,695000
2016-04-05,1.3300000429153442,1.3600000143051147,1.3200000524520874,1.340000033378601,909400
2016-04-06,1.309999942779541,1.3600000143051147,1.2999999523162842,1.340000033378601,657500
2016-04-07,1.2699999809265137,1.3200000524520874,1.2599999904632568,1.2999999523162842,1707500
2016-04-08,1.2599999904632568,1.2899999618530271,1.25,1.2799999713897705,826400
2016-04-11,1.2799999713897705,1.2799999713897705,1.2100000381469729,1.25,2945700
2016-04-12,1.649999976158142,1.7300000190734863,1.2699999809265137,1.2999999523162842,9278000
2016-04-13,1.7999999523162842,2.009999990463257,1.649999976158142,1.7699999809265137,14466800
2016-04-14,1.809999942779541,1.899999976158142,1.5,1.7999999523162842,7958800
2016-04-15,1.590000033378601,1.830000042915344,1.4900000095367432,1.7899999618530271,8360100
2016-04-18,1.6799999475479126,1.7400000095367432,1.6200000047683716,1.6299999952316284,3683000
2016-04-19,1.75,1.7899999618530271,1.6200000047683716,1.7000000476837158,4049900
2016-04-20,1.7000000476837158,1.7799999713897705,1.6799999475479126,1.7799999713897705,2112600
2016-04-21,1.6299999952316284,1.7200000286102295,1.5800000429153442,1.7200000286102295,1907900
2016-04-22,1.6100000143051147,1.649999976158142,1.590000033378601,1.6200000047683716,1469000
2016-04-25,1.559999942779541,1.600000023841858,1.5399999618530271,1.590000033378601,1380500
2016-04-26,1.6100000143051147,1.6399999856948853,1.5,1.5700000524520874,5075900
2016-04-27,1.5800000429153442,1.6299999952316284,1.5700000524520874,1.6100000143051147,4739900
2016-04-28,1.5700000524520874,1.6100000143051147,1.559999942779541,1.590000033378601,3271800
2016-04-29,1.5499999523162842,1.5800000429153442,1.5399999618530271,1.559999942779541,2183500
2016-05-02,1.6399999856948853,1.649999976158142,1.5099999904632568,1.5499999523162842,5740300
2016-05-03,1.6100000143051147,1.6200000047683716,1.5499999523162842,1.559999942779541,5424200
2016-05-04,1.5800000429153442,1.600000023841858,1.5700000524520874,1.590000033378601,1264100
2016-05-05,1.5700000524520874,1.6100000143051147,1.5700000524520874,1.5800000429153442,1866100
2016-05-06,1.5800000429153442,1.590000033378601,1.5399999618530271,1.5700000524520874,976100
2016-05-09,1.7000000476837158,1.75,1.5800000429153442,1.659999966621399,10550800
2016-05-10,1.7000000476837158,1.75,1.659999966621399,1.7400000095367432,3039300
2016-05-11,1.649999976158142,1.7200000286102295,1.6100000143051147,1.7000000476837158,2298600
2016-05-12,1.5800000429153442,1.6699999570846558,1.5800000429153442,1.6699999570846558,1710400
2016-05-13,1.5299999713897705,1.6200000047683716,1.5199999809265137,1.600000023841858,2870400
2016-05-16,1.5299999713897705,1.559999942779541,1.5199999809265137,1.5499999523162842,2657100
2016-05-17,1.600000023841858,1.6200000047683716,1.5199999809265137,1.5299999713897705,1839000
2016-05-18,1.6299999952316284,1.649999976158142,1.590000033378601,1.600000023841858,5207300
2016-05-19,1.590000033378601,1.6399999856948853,1.5499999523162842,1.6399999856948853,1758300
2016-05-20,1.75,1.75,1.5800000429153442,1.590000033378601,6107100
2016-05-23,1.8799999952316284,1.899999976158142,1.7599999904632568,1.7699999809265137,4775000
2016-05-24,1.850000023841858,1.950000047683716,1.830000042915344,1.8799999952316284,3787400
2016-05-25,1.8600000143051147,1.870000004768372,1.7899999618530271,1.870000004768372,2973000
2016-05-26,1.950000047683716,1.950000047683716,1.8600000143051147,1.8799999952316284,4437100
2016-05-27,2.0999999046325684,2.200000047683716,1.950000047683716,1.9600000381469729,6841200
2016-05-31,2.0,2.200000047683716,1.950000047683716,2.130000114440918,5647300
2016-06-01,1.9299999475479128,2.009999990463257,1.850000023841858,2.009999990463257,4301200
2016-06-02,2.0899999141693115,2.180000066757202,1.8899999856948853,1.940000057220459,5821200
2016-06-03,2.069999933242798,2.1600000858306885,2.0299999713897705,2.130000114440918,2909500
2016-06-06,2.130000114440918,2.1700000762939453,2.109999895095825,2.140000104904175,2716200
2016-06-07,2.130000114440918,2.1700000762939453,2.0999999046325684,2.140000104904175,1424000
2016-06-08,2.140000104904175,2.190000057220459,2.109999895095825,2.130000114440918,2465600
2016-06-09,2.1600000858306885,2.1700000762939453,2.109999895095825,2.130000114440918,1380600
2016-06-10,2.109999895095825,2.1700000762939453,2.0999999046325684,2.150000095367432,1696600
2016-06-13,2.009999990463257,2.0999999046325684,2.0,2.0999999046325684,2414200
2016-06-14,1.919999957084656,2.0199999809265137,1.899999976158142,2.009999990463257,2583600
2016-06-15,1.9800000190734863,2.039999961853028,1.899999976158142,1.909999966621399,1998000
2016-06-16,1.9800000190734863,2.0299999713897705,1.919999957084656,1.9800000190734863,1132100
2016-06-17,1.919999957084656,2.0199999809265137,1.919999957084656,1.9900000095367432,1548000
2016-06-20,1.9299999475479128,2.0299999713897705,1.9299999475479128,1.9800000190734863,1372200
2016-06-21,1.919999957084656,1.9700000286102293,1.919999957084656,1.950000047683716,849700
2016-06-22,1.840000033378601,1.919999957084656,1.7999999523162842,1.919999957084656,1911000
2016-06-23,1.899999976158142,1.919999957084656,1.830000042915344,1.840000033378601,825600
2016-06-24,1.850000023841858,1.8600000143051147,1.7300000190734863,1.7899999618530271,2213300
2016-06-27,1.7599999904632568,1.850000023841858,1.75,1.840000033378601,1651500
2016-06-28,1.830000042915344,1.840000033378601,1.7799999713897705,1.7899999618530271,1648100
2016-06-29,1.840000033378601,1.850000023841858,1.830000042915344,1.840000033378601,851000
2016-06-30,1.850000023841858,1.8600000143051147,1.830000042915344,1.840000033378601,816500
2016-07-01,1.809999942779541,1.870000004768372,1.809999942779541,1.840000033378601,1078200
2016-07-05,1.7899999618530271,1.820000052452088,1.7799999713897705,1.7999999523162842,562300
2016-07-06,1.7799999713897705,1.830000042915344,1.7599999904632568,1.7999999523162842,774400
2016-07-07,1.7599999904632568,1.7799999713897705,1.7599999904632568,1.7699999809265137,526800
2016-07-08,1.75,1.7899999618530271,1.7400000095367432,1.7799999713897705,1029600
2016-07-11,1.7799999713897705,1.7999999523162842,1.7400000095367432,1.75,732600
2016-07-12,1.809999942779541,1.899999976158142,1.7699999809265137,1.7699999809265137,2795200
2016-07-13,1.7999999523162842,1.8600000143051147,1.7999999523162842,1.850000023841858,968400
2016-07-14,1.820000052452088,1.850000023841858,1.809999942779541,1.850000023841858,575900
2016-07-15,1.7999999523162842,1.830000042915344,1.7799999713897705,1.830000042915344,968100
2016-07-18,1.7799999713897705,1.7999999523162842,1.7599999904632568,1.7999999523162842,1023300
2016-07-19,1.7899999618530271,1.7899999618530271,1.75,1.7599999904632568,722700
2016-07-20,1.7699999809265137,1.7799999713897705,1.7599999904632568,1.7799999713897705,658100
2016-07-21,1.7699999809265137,1.7799999713897705,1.7599999904632568,1.7699999809265137,306100
2016-07-22,1.7699999809265137,1.7999999523162842,1.7699999809265137,1.7799999713897705,748000
2016-07-25,1.7699999809265137,1.7999999523162842,1.7599999904632568,1.7799999713897705,571100
2016-07-26,1.7699999809265137,1.7699999809265137,1.75,1.7599999904632568,288000
2016-07-27,1.7799999713897705,1.7799999713897705,1.75,1.7599999904632568,436800
2016-07-28,1.7699999809265137,1.7799999713897705,1.75,1.7599999904632568,355500
2016-07-29,1.7599999904632568,1.7899999618530271,1.7599999904632568,1.7799999713897705,620000
2016-08-01,1.7699999809265137,1.7799999713897705,1.7599999904632568,1.7699999809265137,519700
2016-08-02,1.7599999904632568,1.7799999713897705,1.7599999904632568,1.7799999713897705,950300
2016-08-03,1.7100000381469729,1.7699999809265137,1.7100000381469729,1.7599999904632568,1419000
2016-08-04,1.7000000476837158,1.7400000095367432,1.6799999475479126,1.7300000190734863,889700
2016-08-05,1.690000057220459,1.7100000381469729,1.690000057220459,1.690000057220459,471000
2016-08-08,1.649999976158142,1.690000057220459,1.6299999952316284,1.690000057220459,1052700
2016-08-09,1.590000033378601,1.649999976158142,1.5800000429153442,1.6399999856948853,1900200
2016-08-10,1.5499999523162842,1.5800000429153442,1.5099999904632568,1.5800000429153442,3146400
2016-08-11,1.5700000524520874,1.649999976158142,1.5499999523162842,1.559999942779541,2903300
2016-08-12,1.6200000047683716,1.6200000047683716,1.5700000524520874,1.5800000429153442,601300
2016-08-15,1.7100000381469729,1.7200000286102295,1.6100000143051147,1.6399999856948853,1326200
2016-08-16,1.7799999713897705,1.7899999618530271,1.7000000476837158,1.7100000381469729,2126500
2016-08-17,1.7599999904632568,1.809999942779541,1.7300000190734863,1.7899999618530271,1473900
2016-08-18,1.7899999618530271,1.840000033378601,1.7000000476837158,1.7400000095367432,2305700
2016-08-19,1.820000052452088,1.870000004768372,1.7999999523162842,1.820000052452088,3880700
2016-08-22,1.830000042915344,1.850000023841858,1.809999942779541,1.830000042915344,949200
2016-08-23,1.850000023841858,1.8600000143051147,1.820000052452088,1.830000042915344,1703300
2016-08-24,1.7599999904632568,1.7999999523162842,1.7300000190734863,1.7999999523162842,2937600
2016-08-25,1.7699999809265137,1.7699999809265137,1.7300000190734863,1.7599999904632568,1250300
2016-08-26,1.7899999618530271,1.820000052452088,1.75,1.7599999904632568,655200
2016-08-29,1.7899999618530271,1.7999999523162842,1.7799999713897705,1.7999999523162842,411700
2016-08-30,1.7699999809265137,1.7899999618530271,1.7599999904632568,1.7799999713897705,591500
2016-08-31,1.7200000286102295,1.7799999713897705,1.7100000381469729,1.7599999904632568,1676300
2016-09-01,1.659999966621399,1.7300000190734863,1.649999976158142,1.7300000190734863,2156100
2016-09-02,1.690000057220459,1.7100000381469729,1.6799999475479126,1.690000057220459,763500
2016-09-06,1.7000000476837158,1.7300000190734863,1.6699999570846558,1.6799999475479126,512700
2016-09-07,1.7300000190734863,1.7400000095367432,1.690000057220459,1.7100000381469729,709200
2016-09-08,1.7100000381469729,1.75,1.7100000381469729,1.7400000095367432,383400
2016-09-09,1.690000057220459,1.7200000286102295,1.6799999475479126,1.7100000381469729,390400
2016-09-12,1.6299999952316284,1.6699999570846558,1.5499999523162842,1.6699999570846558,4322100
2016-09-13,1.5399999618530271,1.6299999952316284,1.5199999809265137,1.6299999952316284,3608000
2016-09-14,1.5099999904632568,1.5399999618530271,1.4600000381469729,1.5,5271600
2016-09-15,1.649999976158142,1.659999966621399,1.4800000190734863,1.5199999809265137,2629400
2016-09-16,1.6399999856948853,1.6799999475479126,1.5800000429153442,1.6299999952316284,1575600
2016-09-19,1.5800000429153442,1.6399999856948853,1.5700000524520874,1.6399999856948853,971500
2016-09-20,1.6699999570846558,1.7000000476837158,1.5700000524520874,1.590000033378601,1919500
2016-09-21,1.6699999570846558,1.75,1.659999966621399,1.7000000476837158,1494800
2016-09-22,1.6299999952316284,1.690000057220459,1.6299999952316284,1.6799999475479126,594400
2016-09-23,1.6399999856948853,1.6399999856948853,1.6100000143051147,1.6399999856948853,544900
2016-09-26,1.6100000143051147,1.6399999856948853,1.600000023841858,1.6299999952316284,503100
2016-09-27,1.649999976158142,1.6699999570846558,1.590000033378601,1.600000023841858,935100
2016-09-28,1.590000033378601,1.659999966621399,1.5700000524520874,1.649999976158142,1124700
2016-09-29,1.600000023841858,1.6100000143051147,1.5700000524520874,1.590000033378601,573300
2016-09-30,1.5700000524520874,1.6100000143051147,1.5700000524520874,1.6100000143051147,710900
2016-10-03,1.590000033378601,1.600000023841858,1.5499999523162842,1.559999942779541,553100
2016-10-04,1.600000023841858,1.6200000047683716,1.5800000429153442,1.5800000429153442,1017200
2016-10-05,1.649999976158142,1.6799999475479126,1.6200000047683716,1.649999976158142,2372200
2016-10-06,1.7599999904632568,1.7699999809265137,1.6299999952316284,1.649999976158142,3139000
2016-10-07,1.7799999713897705,1.840000033378601,1.7599999904632568,1.7799999713897705,2772100
2016-10-10,1.7400000095367432,1.7699999809265137,1.7100000381469729,1.7699999809265137,619300
2016-10-11,1.7999999523162842,1.820000052452088,1.7200000286102295,1.75,1542700
2016-10-12,1.7999999523162842,1.830000042915344,1.7699999809265137,1.7899999618530271,2109900
2016-10-13,1.7599999904632568,1.7999999523162842,1.75,1.7799999713897705,792300
2016-10-14,1.6799999475479126,1.7699999809265137,1.6699999570846558,1.7699999809265137,1234900
2016-10-17,1.690000057220459,1.690000057220459,1.6399999856948853,1.6799999475479126,1004800
2016-10-18,1.690000057220459,1.7100000381469729,1.649999976158142,1.690000057220459,1087400
2016-10-19,1.6799999475479126,1.7000000476837158,1.6699999570846558,1.7000000476837158,493500
2016-10-20,1.659999966621399,1.6799999475479126,1.649999976158142,1.6699999570846558,629500
2016-10-21,1.659999966621399,1.7200000286102295,1.659999966621399,1.6699999570846558,980900
2016-10-24,1.6799999475479126,1.6799999475479126,1.659999966621399,1.6699999570846558,512500
2016-10-25,1.649999976158142,1.690000057220459,1.6399999856948853,1.6699999570846558,757100
2016-10-26,1.6399999856948853,1.6799999475479126,1.6299999952316284,1.649999976158142,520900
2016-10-27,1.600000023841858,1.649999976158142,1.600000023841858,1.6399999856948853,1207200
2016-10-28,1.600000023841858,1.6200000047683716,1.590000033378601,1.600000023841858,428700
2016-10-31,1.600000023841858,1.6399999856948853,1.5800000429153442,1.600000023841858,553100
2016-11-01,1.600000023841858,1.6200000047683716,1.5800000429153442,1.6100000143051147,662400
2016-11-02,1.600000023841858,1.6399999856948853,1.5800000429153442,1.6200000047683716,637300
2016-11-03,1.5399999618530271,1.600000023841858,1.5299999713897705,1.590000033378601,1440000
2016-11-04,1.590000033378601,1.600000023841858,1.5299999713897705,1.5399999618530271,1306700
2016-11-07,1.5399999618530271,1.6100000143051147,1.5199999809265137,1.600000023841858,2563100
2016-11-08,1.5499999523162842,1.5700000524520874,1.5299999713897705,1.5399999618530271,456400
2016-11-09,1.899999976158142,1.9700000286102293,1.590000033378601,1.600000023841858,13920800
2016-11-10,2.400000095367432,2.5,1.950000047683716,1.9600000381469729,14968100
2016-11-11,2.5899999141693115,3.180000066757202,2.470000028610229,2.470000028610229,20991500
2016-11-14,2.690000057220459,2.930000066757202,2.690000057220459,2.7699999809265137,9971600
2016-11-15,2.7300000190734863,2.799999952316284,2.380000114440918,2.6600000858306885,12480000
2016-11-16,2.890000104904175,2.930000066757202,2.5799999237060547,2.6600000858306885,9181800
2016-11-17,3.049999952316284,3.0899999141693115,2.8299999237060547,2.890000104904175,10854300
2016-11-18,3.0799999237060547,3.150000095367432,2.890000104904175,3.0999999046325684,8162100
2016-11-21,3.109999895095825,3.150000095367432,3.059999942779541,3.0899999141693115,4227100
2016-11-22,3.0299999713897705,3.140000104904175,2.9600000381469727,3.130000114440918,3893500
2016-11-23,3.0199999809265137,3.0899999141693115,2.900000095367432,2.9800000190734863,3777800
2016-11-25,3.049999952316284,3.0899999141693115,2.9800000190734863,2.990000009536743,1506400
2016-11-28,3.069999933242798,3.0799999237060547,3.0,3.059999942779541,2091900
2016-11-29,3.0199999809265137,3.0999999046325684,3.0199999809265137,3.0799999237060547,1496600
2016-11-30,4.400000095367432,4.400000095367432,3.5,3.569999933242798,38996800
2016-12-01,4.050000190734863,4.840000152587891,4.03000020980835,4.389999866485596,32196200
2016-12-02,3.660000085830689,4.039999961853027,3.369999885559082,3.880000114440918,17945600
2016-12-05,3.430000066757202,3.549999952316284,3.039999961853028,3.549999952316284,18570300
2016-12-06,3.5,3.549999952316284,3.2100000381469727,3.440000057220459,6749200
2016-12-07,3.75,3.7899999618530273,3.5299999713897705,3.5299999713897705,6260700
2016-12-08,3.900000095367432,4.03000020980835,3.7699999809265137,3.7799999713897705,6411700
2016-12-09,4.050000190734863,4.079999923706055,3.890000104904175,3.900000095367432,5267500
2016-12-12,4.099999904632568,4.329999923706055,3.910000085830689,4.079999923706055,8629600
2016-12-13,4.090000152587891,4.260000228881836,4.03000020980835,4.119999885559082,4535500
2016-12-14,4.010000228881836,4.070000171661377,3.950000047683716,4.059999942779541,3426900
2016-12-15,3.920000076293945,4.050000190734863,3.910000085830689,3.990000009536743,3342500
2016-12-16,3.799999952316284,3.920000076293945,3.7699999809265137,3.920000076293945,5814400
2016-12-19,3.829999923706055,3.849999904632568,3.799999952316284,3.809999942779541,2146000
2016-12-20,3.5199999809265137,3.829999923706055,3.4800000190734863,3.829999923706055,5829300
2016-12-21,3.809999942779541,3.839999914169312,3.2699999809265137,3.509999990463257,6156600
2016-12-22,3.75,3.940000057220459,3.7100000381469727,3.900000095367432,2938000
2016-12-23,3.799999952316284,3.839999914169312,3.75,3.839999914169312,929900
2016-12-27,3.849999904632568,3.920000076293945,3.7799999713897705,3.799999952316284,1299500
2016-12-28,3.839999914169312,3.869999885559082,3.799999952316284,3.869999885559082,801600
2016-12-29,3.809999942779541,3.839999914169312,3.799999952316284,3.839999914169312,1001500
2016-12-30,3.740000009536743,3.829999923706055,3.7300000190734863,3.809999942779541,4604300
2017-01-03,3.869999885559082,3.869999885559082,3.7300000190734863,3.740000009536743,2222600
2017-01-04,3.9700000286102295,4.050000190734863,3.880000114440918,3.900000095367432,4085400
2017-01-05,3.839999914169312,3.9700000286102295,3.759999990463257,3.9700000286102295,3705600
2017-01-06,3.859999895095825,3.940000057220459,3.829999923706055,3.849999904632568,2040700
2017-01-09,3.859999895095825,3.900000095367432,3.849999904632568,3.869999885559082,2446300
2017-01-10,3.839999914169312,3.880000114440918,3.809999942779541,3.869999885559082,1169300
2017-01-11,3.809999942779541,3.839999914169312,3.75,3.839999914169312,1298100
2017-01-12,3.7699999809265137,3.869999885559082,3.759999990463257,3.819999933242798,898200
2017-01-13,3.7699999809265137,3.819999933242798,3.759999990463257,3.7699999809265137,869400
2017-01-17,3.759999990463257,3.890000104904175,3.75,3.7799999713897705,2168400
2017-01-18,3.819999933242798,3.869999885559082,3.759999990463257,3.7699999809265137,2387100
2017-01-19,3.630000114440918,3.910000085830689,3.390000104904175,3.839999914169312,9350900
2017-01-20,3.7100000381469727,3.7699999809265137,3.549999952316284,3.5899999141693115,3787400
2017-01-23,3.7300000190734863,3.759999990463257,3.650000095367432,3.7100000381469727,1565000
2017-01-24,3.7799999713897705,3.7799999713897705,3.7200000286102295,3.7300000190734863,1332600
2017-01-25,3.7799999713897705,3.859999895095825,3.759999990463257,3.859999895095825,2159900
2017-01-26,4.0,4.0,3.759999990463257,3.7899999618530273,6138600
2017-01-27,3.940000057220459,4.190000057220459,3.839999914169312,4.090000152587891,8980400
2017-01-30,4.010000228881836,4.079999923706055,3.900000095367432,3.950000047683716,3731900
2017-01-31,3.9800000190734863,4.079999923706055,3.859999895095825,4.059999942779541,3479800
2017-02-01,4.039999961853027,4.059999942779541,3.910000085830689,3.9700000286102295,1998600
2017-02-02,4.039999961853027,4.059999942779541,4.0,4.03000020980835,1580500
2017-02-03,4.150000095367432,4.150000095367432,4.039999961853027,4.050000190734863,5594800
2017-02-06,4.179999828338623,4.269999980926514,4.159999847412109,4.190000057220459,3550700
2017-02-07,4.010000228881836,4.21999979019165,4.0,4.199999809265137,4053700
2017-02-08,4.010000228881836,4.050000190734863,3.900000095367432,4.010000228881836,2114700
2017-02-09,4.019999980926514,4.03000020980835,3.950000047683716,3.9800000190734863,1722900
2017-02-10,4.019999980926514,4.119999885559082,4.0,4.099999904632568,1923800
2017-02-13,4.099999904632568,4.150000095367432,4.03000020980835,4.079999923706055,1515700
2017-02-14,4.079999923706055,4.139999866485596,4.010000228881836,4.130000114440918,2095100
2017-02-15,4.039999961853027,4.099999904632568,4.019999980926514,4.03000020980835,1466600
2017-02-16,4.0,4.090000152587891,3.930000066757202,4.050000190734863,2981700
2017-02-17,3.990000009536743,4.010000228881836,3.950000047683716,4.0,1103300
2017-02-21,2.470000028610229,4.119999885559082,2.3499999046325684,4.010000228881836,32070600
2017-02-22,2.759999990463257,2.789999961853028,2.299999952316284,2.549999952316284,12914500
2017-02-23,2.859999895095825,2.940000057220459,2.809999942779541,2.900000095367432,6189800
2017-02-24,2.809999942779541,2.9200000762939453,2.740000009536743,2.880000114440918,3314700
2017-02-27,2.5899999141693115,2.75,2.509999990463257,2.690000057220459,6515200
2017-02-28,2.809999942779541,2.819999933242798,2.5299999713897705,2.5799999237060547,3487800
2017-03-01,2.759999990463257,2.940000057220459,2.720000028610229,2.8399999141693115,2909400
2017-03-02,2.680000066757202,2.789999961853028,2.630000114440918,2.789999961853028,2051400
2017-03-03,2.720000028610229,2.740000009536743,2.650000095367432,2.700000047683716,1877800
2017-03-06,2.630000114440918,2.7300000190734863,2.5899999141693115,2.720000028610229,2019000
2017-03-07,2.630000114440918,2.6700000762939453,2.569999933242798,2.650000095367432,1850800
2017-03-08,2.5999999046325684,2.630000114440918,2.5799999237060547,2.609999895095825,1515300
2017-03-09,2.5799999237060547,2.6600000858306885,2.559999942779541,2.619999885559082,1307200
2017-03-10,2.509999990463257,2.5999999046325684,2.4200000762939453,2.5799999237060547,3623000
2017-03-13,2.569999933242798,2.609999895095825,2.5199999809265137,2.5299999713897705,1386000
2017-03-14,2.640000104904175,2.650000095367432,2.5999999046325684,2.640000104904175,1429300
2017-03-15,2.640000104904175,2.6700000762939453,2.609999895095825,2.640000104904175,1395300
2017-03-16,2.6600000858306885,2.690000057220459,2.630000114440918,2.650000095367432,890000
2017-03-17,2.7799999713897705,2.799999952316284,2.690000057220459,2.789999961853028,2446700
2017-03-20,2.799999952316284,2.869999885559082,2.75,2.859999895095825,2565700
2017-03-21,2.6600000858306885,2.8299999237060547,2.619999885559082,2.809999942779541,3091400
2017-03-22,2.5799999237060547,2.650000095367432,2.5299999713897705,2.640000104904175,2837400
2017-03-23,2.5299999713897705,2.5999999046325684,2.509999990463257,2.5799999237060547,2253600
2017-03-24,2.4800000190734863,2.539999961853028,2.430000066757202,2.5299999713897705,2714700
2017-03-27,2.509999990463257,2.5899999141693115,2.4200000762939453,2.509999990463257,2482900
2017-03-28,2.5199999809265137,2.559999942779541,2.470000028610229,2.5,999600
2017-03-29,2.539999961853028,2.5799999237060547,2.509999990463257,2.5199999809265137,948100
2017-03-30,2.5,2.5299999713897705,2.440000057220459,2.5299999713897705,2413100
2017-03-31,2.4800000190734863,2.5,2.450000047683716,2.490000009536743,806700
2017-04-03,2.400000095367432,2.5,2.380000114440918,2.5,1976700
2017-04-04,2.220000028610229,2.380000114440918,2.140000104904175,2.380000114440918,5633400
2017-04-05,2.319999933242798,2.3399999141693115,2.0999999046325684,2.150000095367432,3444700
2017-04-06,2.400000095367432,2.450000047683716,2.2799999713897705,2.3399999141693115,2000600
2017-04-07,2.359999895095825,2.430000066757202,2.359999895095825,2.400000095367432,718500
2017-04-10,2.2799999713897705,2.3499999046325684,2.25,2.3399999141693115,2446700
2017-04-11,2.5199999809265137,2.539999961853028,2.220000028610229,2.240000009536743,4583800
2017-04-12,2.4100000858306885,2.509999990463257,2.369999885559082,2.509999990463257,1942900
2017-04-13,2.319999933242798,2.400000095367432,2.299999952316284,2.380000114440918,1761100
2017-04-17,2.299999952316284,2.380000114440918,2.2799999713897705,2.3499999046325684,703700
2017-04-18,2.2799999713897705,2.3299999237060547,2.25,2.309999942779541,750700
2017-04-19,2.2799999713897705,2.299999952316284,2.2699999809265137,2.2799999713897705,497500
2017-04-20,2.359999895095825,2.430000066757202,2.25,2.2799999713897705,1529700
2017-04-21,2.390000104904175,2.430000066757202,2.359999895095825,2.369999885559082,1081300
2017-04-24,2.5,2.5299999713897705,2.2699999809265137,2.4200000762939453,2718300
2017-04-25,2.690000057220459,2.75,2.5199999809265137,2.539999961853028,5037000
2017-04-26,2.7699999809265137,2.809999942779541,2.630000114440918,2.7699999809265137,4670400
2017-04-27,2.7799999713897705,2.789999961853028,2.680000066757202,2.7699999809265137,2314100
2017-04-28,2.859999895095825,2.880000114440918,2.7799999713897705,2.799999952316284,2471900
2017-05-01,2.690000057220459,2.940000057220459,2.6700000762939453,2.890000104904175,3095300
2017-05-02,2.549999952316284,2.6700000762939453,2.5199999809265137,2.6600000858306885,2806300
2017-05-03,2.4600000381469727,2.549999952316284,2.450000047683716,2.549999952316284,2807000
2017-05-04,2.5999999046325684,2.609999895095825,2.4600000381469727,2.470000028610229,1490500
2017-05-05,2.559999942779541,2.700000047683716,2.539999961853028,2.5999999046325684,1408300
2017-05-08,2.630000114440918,2.6600000858306885,2.5199999809265137,2.569999933242798,1476500
2017-05-09,2.569999933242798,2.6700000762939453,2.569999933242798,2.640000104904175,590700
2017-05-10,2.5799999237060547,2.5799999237060547,2.509999990463257,2.5799999237060547,937400
2017-05-11,2.619999885559082,2.740000009536743,2.609999895095825,2.680000066757202,2566500
2017-05-12,2.680000066757202,2.690000057220459,2.609999895095825,2.640000104904175,1166500
2017-05-15,2.6600000858306885,2.720000028610229,2.650000095367432,2.690000057220459,943900
2017-05-16,2.619999885559082,2.720000028610229,2.5999999046325684,2.690000057220459,1043800
2017-05-17,2.5299999713897705,2.5899999141693115,2.509999990463257,2.5899999141693115,2054300
2017-05-18,2.490000009536743,2.5799999237060547,2.490000009536743,2.549999952316284,1418200
2017-05-19,2.470000028610229,2.559999942779541,2.440000057220459,2.5,1755500
2017-05-22,2.490000009536743,2.5199999809265137,2.470000028610229,2.4800000190734863,1110400
2017-05-23,2.4100000858306885,2.450000047683716,2.380000114440918,2.4200000762939453,2629200
2017-05-24,2.450000047683716,2.470000028610229,2.400000095367432,2.4200000762939453,932900
2017-05-25,2.4800000190734863,2.5,2.4200000762939453,2.4200000762939453,681200
2017-05-26,2.5,2.5199999809265137,2.450000047683716,2.4800000190734863,1449300
2017-05-30,2.4800000190734863,2.5,2.4600000381469727,2.4800000190734863,575900
2017-05-31,2.430000066757202,2.5299999713897705,2.430000066757202,2.509999990463257,872700
2017-06-01,2.4600000381469727,2.490000009536743,2.430000066757202,2.440000057220459,812400
2017-06-02,2.490000009536743,2.5,2.4600000381469727,2.4800000190734863,668200
2017-06-05,2.4600000381469727,2.5,2.4600000381469727,2.490000009536743,536700
2017-06-06,2.450000047683716,2.470000028610229,2.4200000762939453,2.470000028610229,703500
2017-06-07,2.359999895095825,2.440000057220459,2.359999895095825,2.440000057220459,1260500
2017-06-08,2.3399999141693115,2.359999895095825,2.319999933242798,2.359999895095825,1011800
2017-06-09,2.3299999237060547,2.3399999141693115,2.299999952316284,2.3299999237060547,1468300
2017-06-12,2.259999990463257,2.3299999237060547,2.240000009536743,2.3299999237060547,1615100
2017-06-13,2.2699999809265137,2.309999942779541,2.2699999809265137,2.2799999713897705,1014300
2017-06-14,2.259999990463257,2.2799999713897705,2.240000009536743,2.259999990463257,1046100
2017-06-15,2.309999942779541,2.3399999141693115,2.2100000381469727,2.25,981900
2017-06-16,2.4200000762939453,2.430000066757202,2.289999961853028,2.309999942779541,2291300
2017-06-19,2.490000009536743,2.490000009536743,2.400000095367432,2.4200000762939453,1244300
2017-06-20,2.470000028610229,2.5,2.440000057220459,2.5,910300
2017-06-21,2.309999942779541,2.470000028610229,2.299999952316284,2.470000028610229,1883800
2017-06-22,2.25,2.3299999237060547,2.220000028610229,2.3299999237060547,4315800
2017-06-23,2.2799999713897705,2.299999952316284,2.25,2.2799999713897705,910200
2017-06-26,2.2799999713897705,2.3399999141693115,2.2699999809265137,2.3399999141693115,770000
2017-06-27,2.259999990463257,2.299999952316284,2.220000028610229,2.289999961853028,1212600
2017-06-28,2.259999990463257,2.2699999809265137,2.2300000190734863,2.240000009536743,914600
2017-06-29,2.25,2.2799999713897705,2.240000009536743,2.259999990463257,1037700
2017-06-30,2.2300000190734863,2.2699999809265137,2.220000028610229,2.25,819200
2017-07-03,2.2300000190734863,2.2300000190734863,2.200000047683716,2.220000028610229,535000
2017-07-05,2.180000066757202,2.2100000381469727,2.180000066757202,2.190000057220459,1457100
2017-07-06,2.1700000762939453,2.220000028610229,2.1600000858306885,2.220000028610229,726900
2017-07-07,2.1600000858306885,2.180000066757202,2.150000095367432,2.1600000858306885,592600
2017-07-10,2.150000095367432,2.1600000858306885,2.130000114440918,2.150000095367432,578000
2017-07-11,2.1700000762939453,2.180000066757202,2.130000114440918,2.150000095367432,562900
2017-07-12,2.240000009536743,2.289999961853028,2.1700000762939453,2.1700000762939453,2050400
2017-07-13,2.190000057220459,2.259999990463257,2.190000057220459,2.259999990463257,702100
2017-07-14,2.2100000381469727,2.220000028610229,2.1600000858306885,2.190000057220459,470800
2017-07-17,2.200000047683716,2.2799999713897705,2.200000047683716,2.240000009536743,696500
2017-07-18,2.3299999237060547,2.3299999237060547,2.140000104904175,2.200000047683716,1556600
2017-07-19,2.440000057220459,2.549999952316284,2.390000104904175,2.400000095367432,9201900
2017-07-20,2.390000104904175,2.5,2.3299999237060547,2.470000028610229,3237500
2017-07-21,2.359999895095825,2.4100000858306885,2.3399999141693115,2.4100000858306885,1364400
2017-07-24,2.440000057220459,2.4600000381469727,2.390000104904175,2.440000057220459,2679500
2017-07-25,2.5299999713897705,2.559999942779541,2.440000057220459,2.440000057220459,2279200
2017-07-26,2.549999952316284,2.6700000762939453,2.549999952316284,2.5799999237060547,2945900
2017-07-27,2.4600000381469727,2.5799999237060547,2.450000047683716,2.5799999237060547,1707300
2017-07-28,2.4600000381469727,2.5,2.400000095367432,2.4600000381469727,1198900
2017-07-31,2.470000028610229,2.490000009536743,2.450000047683716,2.4800000190734863,666600
2017-08-01,2.5,2.5199999809265137,2.450000047683716,2.470000028610229,946800
2017-08-02,2.559999942779541,2.5899999141693115,2.5199999809265137,2.5299999713897705,1955000
2017-08-03,2.559999942779541,2.559999942779541,2.5199999809265137,2.559999942779541,1660000
2017-08-04,2.5299999713897705,2.609999895095825,2.5,2.5299999713897705,950600
2017-08-07,2.609999895095825,2.619999885559082,2.5299999713897705,2.539999961853028,2240100
2017-08-08,2.609999895095825,2.619999885559082,2.5799999237060547,2.5899999141693115,1579400
2017-08-09,2.609999895095825,2.609999895095825,2.5799999237060547,2.5999999046325684,2224400
2017-08-10,2.569999933242798,2.609999895095825,2.559999942779541,2.5999999046325684,1452500
2017-08-11,2.5799999237060547,2.5999999046325684,2.559999942779541,2.569999933242798,1183200
2017-08-14,2.5899999141693115,2.609999895095825,2.569999933242798,2.5799999237060547,900800
2017-08-15,2.630000114440918,2.650000095367432,2.5899999141693115,2.5899999141693115,2110700
2017-08-16,2.7100000381469727,2.75,2.630000114440918,2.630000114440918,6306000
2017-08-17,2.700000047683716,2.75,2.650000095367432,2.7100000381469727,2225000
2017-08-18,2.690000057220459,2.7100000381469727,2.6700000762939453,2.700000047683716,1427000
2017-08-21,2.6700000762939453,2.720000028610229,2.650000095367432,2.690000057220459,1952200
2017-08-22,2.7100000381469727,2.740000009536743,2.6700000762939453,2.680000066757202,1598500
2017-08-23,2.700000047683716,2.75,2.700000047683716,2.7100000381469727,1238300
2017-08-24,2.7300000190734863,2.75,2.7100000381469727,2.720000028610229,1553600
2017-08-25,2.75,2.8299999237060547,2.720000028610229,2.7300000190734863,2878600
2017-08-28,2.75,2.759999990463257,2.720000028610229,2.75,1339900
2017-08-29,2.619999885559082,2.75,2.5999999046325684,2.7300000190734863,2450200
2017-08-30,2.6600000858306885,2.690000057220459,2.549999952316284,2.5899999141693115,2266400
2017-08-31,2.619999885559082,2.7100000381469727,2.609999895095825,2.6700000762939453,493600
2017-09-01,2.609999895095825,2.630000114440918,2.5799999237060547,2.609999895095825,569600
2017-09-05,2.539999961853028,2.5899999141693115,2.509999990463257,2.5799999237060547,1697000
2017-09-06,2.4200000762939453,2.539999961853028,2.4200000762939453,2.5299999713897705,2429600
2017-09-07,2.450000047683716,2.4600000381469727,2.299999952316284,2.400000095367432,592500
2017-09-08,2.400000095367432,2.450000047683716,2.380000114440918,2.440000057220459,792900
2017-09-11,2.390000104904175,2.430000066757202,2.390000104904175,2.400000095367432,611100
2017-09-12,2.430000066757202,2.430000066757202,2.390000104904175,2.400000095367432,391300
2017-09-13,2.5999999046325684,2.720000028610229,2.4100000858306885,2.4200000762939453,5054500
2017-09-14,2.809999942779541,2.9800000190734863,2.700000047683716,2.7100000381469727,11204700
2017-09-15,2.619999885559082,2.880000114440918,2.609999895095825,2.869999885559082,3073800
2017-09-18,2.5999999046325684,2.6700000762939453,2.569999933242798,2.640000104904175,2120800
2017-09-19,2.619999885559082,2.650000095367432,2.569999933242798,2.569999933242798,1591500
2017-09-20,2.5999999046325684,2.690000057220459,2.5999999046325684,2.609999895095825,1324100
2017-09-21,2.650000095367432,2.6600000858306885,2.5899999141693115,2.5999999046325684,1166800
2017-09-22,2.680000066757202,2.7100000381469727,2.650000095367432,2.6600000858306885,1599800
2017-09-25,2.7100000381469727,2.7699999809265137,2.650000095367432,2.680000066757202,1543700
2017-09-26,2.7300000190734863,2.7300000190734863,2.680000066757202,2.700000047683716,1158900
2017-09-27,2.700000047683716,2.859999895095825,2.700000047683716,2.720000028610229,3706800
2017-09-28,2.799999952316284,2.8299999237060547,2.740000009536743,2.75,2727200
2017-09-29,2.880000114440918,2.890000104904175,2.720000028610229,2.8399999141693115,3636200
2017-10-02,3.059999942779541,3.109999895095825,2.8299999237060547,2.8299999237060547,8354100
2017-10-03,3.0899999141693115,3.2100000381469727,3.049999952316284,3.069999933242798,7675300
2017-10-04,2.869999885559082,3.0799999237060547,2.859999895095825,3.0799999237060547,4521900
2017-10-05,2.880000114440918,2.890000104904175,2.7699999809265137,2.890000104904175,1763100
2017-10-06,3.0,3.0299999713897705,2.890000104904175,2.900000095367432,2497100
2017-10-09,3.0199999809265137,3.0799999237060547,2.930000066757202,3.009999990463257,2751500
2017-10-10,3.0,3.069999933242798,3.0,3.0199999809265137,3308600
2017-10-11,3.009999990463257,3.059999942779541,3.0,3.009999990463257,2103600
2017-10-12,3.130000114440918,3.140000104904175,2.9800000190734863,3.009999990463257,3469100
2017-10-13,3.1700000762939453,3.2100000381469727,3.109999895095825,3.150000095367432,3541200
2017-10-16,3.059999942779541,3.240000009536743,3.039999961853028,3.240000009536743,2691500
2017-10-17,2.9600000381469727,3.069999933242798,2.9200000762939453,3.059999942779541,2291200
2017-10-18,3.0,3.049999952316284,2.940000057220459,2.950000047683716,1185000
2017-10-19,2.990000009536743,3.009999990463257,2.940000057220459,3.0,1124200
2017-10-20,3.0299999713897705,3.069999933242798,2.9800000190734863,2.990000009536743,2164000
2017-10-23,3.0299999713897705,3.069999933242798,3.009999990463257,3.069999933242798,1572100
2017-10-24,3.049999952316284,3.069999933242798,3.009999990463257,3.0299999713897705,804300
2017-10-25,3.039999961853028,3.049999952316284,3.009999990463257,3.039999961853028,1002500
2017-10-26,3.039999961853028,3.049999952316284,3.0199999809265137,3.039999961853028,889700
2017-10-27,3.049999952316284,3.0799999237060547,3.0299999713897705,3.039999961853028,1105700
2017-10-30,3.109999895095825,3.150000095367432,3.039999961853028,3.049999952316284,1983200
2017-10-31,3.0899999141693115,3.130000114440918,3.049999952316284,3.109999895095825,2229900
2017-11-01,3.0899999141693115,3.130000114440918,3.069999933242798,3.0999999046325684,1561000
2017-11-02,3.059999942779541,3.0899999141693115,3.0199999809265137,3.0899999141693115,1699600
2017-11-03,2.990000009536743,3.059999942779541,2.9800000190734863,3.059999942779541,877700
2017-11-06,2.940000057220459,3.009999990463257,2.930000066757202,2.9600000381469727,937700
2017-11-07,2.8499999046325684,2.930000066757202,2.809999942779541,2.930000066757202,2549300
2017-11-08,2.8399999141693115,2.900000095367432,2.809999942779541,2.819999933242798,1015800
2017-11-09,2.859999895095825,2.880000114440918,2.819999933242798,2.8499999046325684,1380700
2017-11-10,2.890000104904175,2.900000095367432,2.8399999141693115,2.859999895095825,712600
2017-11-13,2.799999952316284,2.880000114440918,2.789999961853028,2.819999933242798,1647400
2017-11-14,2.8299999237060547,2.859999895095825,2.789999961853028,2.789999961853028,876500
2017-11-15,2.7799999713897705,2.8499999046325684,2.759999990463257,2.819999933242798,1374200
2017-11-16,2.6700000762939453,2.819999933242798,2.6600000858306885,2.799999952316284,3471600
2017-11-17,2.6700000762939453,2.740000009536743,2.6600000858306885,2.6700000762939453,1173900
2017-11-20,2.5899999141693115,2.680000066757202,2.5799999237060547,2.680000066757202,1635400
2017-11-21,2.640000104904175,2.680000066757202,2.569999933242798,2.5899999141693115,2249700
2017-11-22,2.630000114440918,2.690000057220459,2.619999885559082,2.640000104904175,1290100
2017-11-24,2.5999999046325684,2.630000114440918,2.5899999141693115,2.630000114440918,382200
2017-11-27,2.5899999141693115,2.609999895095825,2.559999942779541,2.5799999237060547,1771400
2017-11-28,2.5999999046325684,2.640000104904175,2.549999952316284,2.5899999141693115,1221600
2017-11-29,2.890000104904175,2.930000066757202,2.6600000858306885,2.700000047683716,4774200
2017-11-30,2.950000047683716,2.990000009536743,2.8399999141693115,2.9600000381469727,3894800
2017-12-01,2.809999942779541,2.950000047683716,2.799999952316284,2.940000057220459,1907400
2017-12-04,2.890000104904175,2.940000057220459,2.789999961853028,2.799999952316284,1071200
2017-12-05,2.900000095367432,2.9200000762939453,2.8499999046325684,2.869999885559082,1026200
2017-12-06,2.900000095367432,2.9100000858306885,2.819999933242798,2.900000095367432,1369800
2017-12-07,2.819999933242798,3.0199999809265137,2.619999885559082,2.9600000381469727,4662700
2017-12-08,2.720000028610229,2.880000114440918,2.700000047683716,2.819999933242798,2034400
2017-12-11,2.680000066757202,2.720000028610229,2.6600000858306885,2.690000057220459,1214300
2017-12-12,2.650000095367432,2.720000028610229,2.640000104904175,2.680000066757202,1324400
2017-12-13,2.640000104904175,2.6700000762939453,2.630000114440918,2.6600000858306885,810200
2017-12-14,2.609999895095825,2.680000066757202,2.5799999237060547,2.640000104904175,1369500
2017-12-15,2.5999999046325684,2.619999885559082,2.559999942779541,2.609999895095825,1268700
2017-12-18,2.640000104904175,2.740000009536743,2.5799999237060547,2.5999999046325684,2568100
2017-12-19,2.619999885559082,2.7100000381469727,2.609999895095825,2.650000095367432,774800
2017-12-20,2.630000114440918,2.6700000762939453,2.609999895095825,2.619999885559082,958300
2017-12-21,2.6700000762939453,2.8399999141693115,2.630000114440918,2.7799999713897705,3825900
2017-12-22,2.5899999141693115,2.690000057220459,2.5799999237060547,2.6700000762939453,2880100
2017-12-26,2.569999933242798,2.630000114440918,2.559999942779541,2.5999999046325684,980400
2017-12-27,2.549999952316284,2.5999999046325684,2.5299999713897705,2.5999999046325684,1490200
2017-12-28,2.5299999713897705,2.549999952316284,2.5199999809265137,2.5199999809265137,1005900
2017-12-29,2.5199999809265137,2.5899999141693115,2.5,2.559999942779541,1224600
2018-01-02,2.5,2.539999961853028,2.450000047683716,2.5299999713897705,2054600
2018-01-03,2.450000047683716,2.5,2.4100000858306885,2.4600000381469727,1799700
2018-01-04,2.369999885559082,2.450000047683716,2.3499999046325684,2.440000057220459,2477900
2018-01-05,2.130000114440918,2.3499999046325684,2.0899999141693115,2.3299999237060547,9075000
2018-01-08,1.9600000381469729,2.109999895095825,1.7300000190734863,2.0999999046325684,15551800
2018-01-09,2.190000057220459,2.240000009536743,1.9299999475479128,1.950000047683716,9016300
2018-01-10,2.119999885559082,2.2699999809265137,2.109999895095825,2.200000047683716,2003500
2018-01-11,2.109999895095825,2.140000104904175,2.0799999237060547,2.119999885559082,2580100
2018-01-12,2.069999933242798,2.140000104904175,2.069999933242798,2.119999885559082,1147100
2018-01-16,2.049999952316284,2.0899999141693115,2.0,2.0799999237060547,2520800
2018-01-17,2.190000057220459,2.220000028610229,2.049999952316284,2.049999952316284,3622100
2018-01-18,2.130000114440918,2.2799999713897705,2.119999885559082,2.2300000190734863,2178600
2018-01-19,2.109999895095825,2.130000114440918,2.0899999141693115,2.109999895095825,1029200
2018-01-22,2.0199999809265137,2.0999999046325684,2.009999990463257,2.0899999141693115,2216600
2018-01-23,2.0799999237060547,2.130000114440918,2.0,2.0299999713897705,1431400
2018-01-24,2.059999942779541,2.109999895095825,2.0299999713897705,2.0799999237060547,1507700
2018-01-25,2.059999942779541,2.109999895095825,2.059999942779541,2.059999942779541,1119400
2018-01-26,2.049999952316284,2.069999933242798,2.0199999809265137,2.059999942779541,957900
2018-01-29,2.0199999809265137,2.049999952316284,2.0199999809265137,2.049999952316284,940800
2018-01-30,2.0,2.0299999713897705,1.9800000190734863,2.0199999809265137,1737400
2018-01-31,1.9900000095367432,2.049999952316284,1.9800000190734863,2.039999961853028,1368200
2018-02-01,2.0,2.009999990463257,1.9800000190734863,1.9900000095367432,559900
2018-02-02,1.9700000286102293,2.009999990463257,1.9600000381469729,2.0,1076200
2018-02-05,1.899999976158142,1.9700000286102293,1.870000004768372,1.9700000286102293,1755500
2018-02-06,1.870000004768372,1.8899999856948853,1.830000042915344,1.830000042915344,2282300
2018-02-07,1.899999976158142,2.009999990463257,1.899999976158142,1.9299999475479128,1914900
2018-02-08,1.840000033378601,1.9299999475479128,1.840000033378601,1.9299999475479128,1443700
2018-02-09,1.820000052452088,1.899999976158142,1.7699999809265137,1.840000033378601,2332000
2018-02-12,1.7899999618530271,1.850000023841858,1.7799999713897705,1.830000042915344,1456700
2018-02-13,1.7799999713897705,1.7999999523162842,1.7599999904632568,1.7799999713897705,931900
2018-02-14,1.7100000381469729,1.7899999618530271,1.649999976158142,1.7799999713897705,3188900
2018-02-15,1.6200000047683716,1.690000057220459,1.600000023841858,1.6799999475479126,3214200
2018-02-16,1.690000057220459,1.7100000381469729,1.6100000143051147,1.6100000143051147,2224600
2018-02-20,1.6299999952316284,1.7799999713897705,1.6100000143051147,1.7000000476837158,2868900
2018-02-21,1.6399999856948853,1.6799999475479126,1.5199999809265137,1.590000033378601,4197300
2018-02-22,1.6399999856948853,1.6799999475479126,1.600000023841858,1.659999966621399,1588000
2018-02-23,1.6799999475479126,1.7000000476837158,1.6399999856948853,1.6399999856948853,1463500
2018-02-26,1.6299999952316284,1.690000057220459,1.6299999952316284,1.6799999475479126,898200
2018-02-27,1.649999976158142,1.649999976158142,1.6200000047683716,1.6299999952316284,391500
2018-02-28,1.600000023841858,1.649999976158142,1.5800000429153442,1.6399999856948853,1168000
2018-03-01,1.559999942779541,1.600000023841858,1.5399999618530271,1.590000033378601,1008300
2018-03-02,1.5499999523162842,1.559999942779541,1.5099999904632568,1.5299999713897705,1083900
2018-03-05,1.5399999618530271,1.559999942779541,1.5099999904632568,1.5499999523162842,890800
2018-03-06,1.600000023841858,1.6200000047683716,1.5199999809265137,1.5399999618530271,1249900
2018-03-07,1.6399999856948853,1.649999976158142,1.5800000429153442,1.6200000047683716,1032300
2018-03-08,1.559999942779541,1.6799999475479126,1.5099999904632568,1.659999966621399,1683600
2018-03-09,1.5800000429153442,1.600000023841858,1.5199999809265137,1.5700000524520874,1283800
2018-03-12,1.6299999952316284,1.649999976158142,1.5700000524520874,1.5700000524520874,1323100
2018-03-13,1.6399999856948853,1.6399999856948853,1.590000033378601,1.600000023841858,1098900
2018-03-14,1.6100000143051147,1.6399999856948853,1.5800000429153442,1.6399999856948853,2144100
2018-03-15,1.600000023841858,1.6299999952316284,1.590000033378601,1.6100000143051147,536700
2018-03-16,1.5700000524520874,1.600000023841858,1.559999942779541,1.600000023841858,441400
2018-03-19,1.590000033378601,1.590000033378601,1.5299999713897705,1.559999942779541,920600
2018-03-20,1.559999942779541,1.590000033378601,1.5199999809265137,1.5399999618530271,630700
2018-03-21,1.5099999904632568,1.6100000143051147,1.4700000286102295,1.600000023841858,2588800
2018-03-22,1.4600000381469729,1.5099999904632568,1.440000057220459,1.4900000095367432,6496700
2018-03-23,1.409999966621399,1.4600000381469729,1.3899999856948853,1.4600000381469729,1717500
2018-03-26,1.409999966621399,1.4500000476837158,1.3799999952316284,1.399999976158142,847800
2018-03-27,1.350000023841858,1.4199999570846558,1.350000023841858,1.4199999570846558,1399000
2018-03-28,1.2300000190734863,1.350000023841858,1.2000000476837158,1.340000033378601,8329300
2018-03-29,1.350000023841858,1.399999976158142,1.25,1.2899999618530271,1977000
2018-04-02,1.5199999809265137,1.5399999618530271,1.3899999856948853,1.3899999856948853,2938600
2018-04-03,1.4199999570846558,1.590000033378601,1.399999976158142,1.5299999713897705,2172000
2018-04-04,1.4199999570846558,1.4299999475479126,1.3700000047683716,1.4199999570846558,809100
2018-04-05,1.409999966621399,1.4900000095367432,1.399999976158142,1.409999966621399,958500
2018-04-06,1.3899999856948853,1.4500000476837158,1.3899999856948853,1.440000057220459,400600
2018-04-09,1.3600000143051147,1.4199999570846558,1.340000033378601,1.4199999570846558,1062900
2018-04-10,1.3600000143051147,1.3899999856948853,1.3200000524520874,1.3700000047683716,3716700
2018-04-11,1.4500000476837158,1.4500000476837158,1.340000033378601,1.3600000143051147,4145700
2018-04-12,1.4700000286102295,1.4900000095367432,1.4199999570846558,1.440000057220459,3048700
2018-04-13,1.4500000476837158,1.5099999904632568,1.409999966621399,1.4900000095367432,2927700
2018-04-16,1.4199999570846558,1.4700000286102295,1.3899999856948853,1.4500000476837158,2814400
2018-04-17,1.4500000476837158,1.4600000381469729,1.409999966621399,1.4199999570846558,2255000
2018-04-18,1.4299999475479126,1.4600000381469729,1.409999966621399,1.440000057220459,438800
2018-04-19,1.440000057220459,1.4600000381469729,1.4199999570846558,1.4299999475479126,875300
2018-04-20,1.4500000476837158,1.4700000286102295,1.4299999475479126,1.4500000476837158,676400
2018-04-23,1.409999966621399,1.4700000286102295,1.399999976158142,1.4600000381469729,882900
2018-04-24,1.440000057220459,1.440000057220459,1.3799999952316284,1.4199999570846558,2045400
2018-04-25,1.4299999475479126,1.440000057220459,1.399999976158142,1.409999966621399,1426700
2018-04-26,1.409999966621399,1.4199999570846558,1.399999976158142,1.409999966621399,1211200
2018-04-27,1.3899999856948853,1.4199999570846558,1.3600000143051147,1.4199999570846558,1243100
2018-04-30,1.3799999952316284,1.3899999856948853,1.3600000143051147,1.3899999856948853,773400
2018-05-01,1.3700000047683716,1.3799999952316284,1.350000023841858,1.3799999952316284,479000
2018-05-02,1.3600000143051147,1.3899999856948853,1.3600000143051147,1.3600000143051147,620400
2018-05-03,1.3300000429153442,1.350000023841858,1.2999999523162842,1.3200000524520874,1111000
2018-05-04,1.350000023841858,1.3600000143051147,1.3200000524520874,1.3200000524520874,319800
2018-05-07,1.3700000047683716,1.3799999952316284,1.340000033378601,1.340000033378601,367300
2018-05-08,1.340000033378601,1.3700000047683716,1.3300000429153442,1.3600000143051147,459600
2018-05-09,1.3300000429153442,1.340000033378601,1.3200000524520874,1.340000033378601,475200
2018-05-10,1.309999942779541,1.340000033378601,1.2799999713897705,1.3300000429153442,2525500
2018-05-11,1.3200000524520874,1.340000033378601,1.2599999904632568,1.2999999523162842,5348600
2018-05-14,1.309999942779541,1.3200000524520874,1.2699999809265137,1.3200000524520874,3587600
2018-05-15,1.399999976158142,1.399999976158142,1.2699999809265137,1.2799999713897705,2943200
2018-05-16,1.399999976158142,1.4199999570846558,1.3799999952316284,1.409999966621399,1227200
2018-05-17,1.4199999570846558,1.440000057220459,1.3799999952316284,1.399999976158142,660700
2018-05-18,1.440000057220459,1.4700000286102295,1.4199999570846558,1.440000057220459,2020200
2018-05-21,1.4700000286102295,1.5,1.4500000476837158,1.4700000286102295,1923100
2018-05-22,1.4800000190734863,1.4900000095367432,1.409999966621399,1.4800000190734863,1777600
2018-05-23,1.5299999713897705,1.5499999523162842,1.4500000476837158,1.4700000286102295,4817600
2018-05-24,1.590000033378601,1.6100000143051147,1.5399999618530271,1.5499999523162842,4076400
2018-05-25,1.6200000047683716,1.6399999856948853,1.600000023841858,1.6299999952316284,3535800
2018-05-29,1.649999976158142,1.659999966621399,1.5800000429153442,1.649999976158142,2600800
2018-05-30,1.6399999856948853,1.659999966621399,1.5499999523162842,1.6399999856948853,2205000
2018-05-31,1.6299999952316284,1.649999976158142,1.590000033378601,1.6399999856948853,1790600
2018-06-01,1.600000023841858,1.6299999952316284,1.5700000524520874,1.6100000143051147,724700
2018-06-04,1.5399999618530271,1.6100000143051147,1.5299999713897705,1.590000033378601,839000
2018-06-05,1.5199999809265137,1.559999942779541,1.4800000190734863,1.5399999618530271,1116700
2018-06-06,1.5299999713897705,1.559999942779541,1.5,1.5199999809265137,759400
2018-06-07,1.5199999809265137,1.5399999618530271,1.4900000095367432,1.5399999618530271,443800
2018-06-08,1.4900000095367432,1.559999942779541,1.4900000095367432,1.5199999809265137,1017100
2018-06-11,1.5099999904632568,1.5199999809265137,1.4700000286102295,1.5,875800
2018-06-12,1.5700000524520874,1.5800000429153442,1.4900000095367432,1.5099999904632568,862200
2018-06-13,1.6399999856948853,1.649999976158142,1.5700000524520874,1.590000033378601,1490600
2018-06-14,1.6200000047683716,1.649999976158142,1.6100000143051147,1.6399999856948853,1300500
2018-06-15,1.649999976158142,1.659999966621399,1.600000023841858,1.6200000047683716,1696400
2018-06-18,1.6399999856948853,1.649999976158142,1.6100000143051147,1.649999976158142,1913600
2018-06-19,1.649999976158142,1.6799999475479126,1.590000033378601,1.6399999856948853,1944500
2018-06-20,1.649999976158142,1.6799999475479126,1.6399999856948853,1.6399999856948853,3456400
2018-06-21,1.600000023841858,1.6799999475479126,1.5800000429153442,1.659999966621399,5904600
2018-06-22,1.649999976158142,1.649999976158142,1.6200000047683716,1.6299999952316284,3013300
2018-06-25,1.649999976158142,1.659999966621399,1.6299999952316284,1.649999976158142,2612600
2018-06-26,1.6399999856948853,1.649999976158142,1.6200000047683716,1.6399999856948853,686800
2018-06-27,1.6200000047683716,1.649999976158142,1.6100000143051147,1.6399999856948853,405000
2018-06-28,1.6100000143051147,1.6399999856948853,1.600000023841858,1.6299999952316284,717300
2018-06-29,1.590000033378601,1.6299999952316284,1.590000033378601,1.6100000143051147,588400
2018-07-02,1.5800000429153442,1.649999976158142,1.559999942779541,1.600000023841858,566000
2018-07-03,1.590000033378601,1.6200000047683716,1.559999942779541,1.559999942779541,463600
2018-07-05,1.5800000429153442,1.590000033378601,1.559999942779541,1.5800000429153442,266100
2018-07-06,1.5800000429153442,1.590000033378601,1.5399999618530271,1.5700000524520874,462000
2018-07-09,1.5299999713897705,1.5800000429153442,1.5299999713897705,1.5700000524520874,1357400
2018-07-10,1.4800000190734863,1.5399999618530271,1.4500000476837158,1.5399999618530271,1063800
2018-07-11,1.4700000286102295,1.4900000095367432,1.4700000286102295,1.4800000190734863,385100
2018-07-12,1.4700000286102295,1.5,1.4700000286102295,1.4700000286102295,324800
2018-07-13,1.5199999809265137,1.5299999713897705,1.4700000286102295,1.4800000190734863,657300
2018-07-16,1.4600000381469729,1.5399999618530271,1.4600000381469729,1.5199999809265137,1404700
2018-07-17,1.409999966621399,1.4700000286102295,1.350000023841858,1.4600000381469729,2388600
2018-07-18,1.5299999713897705,1.5499999523162842,1.399999976158142,1.399999976158142,1032400
2018-07-19,1.5499999523162842,1.590000033378601,1.5099999904632568,1.559999942779541,1021800
2018-07-20,1.5700000524520874,1.590000033378601,1.5399999618530271,1.5399999618530271,928200
2018-07-23,1.6100000143051147,1.6299999952316284,1.5499999523162842,1.5800000429153442,1015300
2018-07-24,1.6100000143051147,1.6299999952316284,1.590000033378601,1.6299999952316284,642800
2018-07-25,1.600000023841858,1.6100000143051147,1.5800000429153442,1.6100000143051147,320300
2018-07-26,1.559999942779541,1.600000023841858,1.5299999713897705,1.590000033378601,525100
2018-07-27,1.5399999618530271,1.5499999523162842,1.5099999904632568,1.5399999618530271,425300
2018-07-30,1.5499999523162842,1.5800000429153442,1.4600000381469729,1.5499999523162842,3501900
2018-07-31,1.5199999809265137,1.5700000524520874,1.5,1.559999942779541,386000
2018-08-01,1.5700000524520874,1.5700000524520874,1.5,1.5299999713897705,701000
2018-08-02,1.5399999618530271,1.5700000524520874,1.5099999904632568,1.5499999523162842,276700
2018-08-03,1.5700000524520874,1.5800000429153442,1.4900000095367432,1.5399999618530271,1348500
2018-08-06,1.5700000524520874,1.590000033378601,1.5499999523162842,1.5700000524520874,597500
2018-08-07,1.5800000429153442,1.590000033378601,1.559999942779541,1.5700000524520874,436200
2018-08-08,1.5700000524520874,1.590000033378601,1.559999942779541,1.5700000524520874,638200
2018-08-09,1.590000033378601,1.590000033378601,1.5700000524520874,1.5700000524520874,600300
2018-08-10,1.5700000524520874,1.600000023841858,1.5700000524520874,1.5800000429153442,263000
2018-08-13,1.590000033378601,1.590000033378601,1.559999942779541,1.5800000429153442,323600
2018-08-14,1.559999942779541,1.5800000429153442,1.559999942779541,1.5700000524520874,245600
2018-08-15,1.559999942779541,1.5700000524520874,1.5399999618530271,1.5700000524520874,456300
2018-08-16,1.5499999523162842,1.5700000524520874,1.5399999618530271,1.5499999523162842,803400
2018-08-17,1.559999942779541,1.5800000429153442,1.5299999713897705,1.5299999713897705,629100
2018-08-20,1.559999942779541,1.5800000429153442,1.5499999523162842,1.5499999523162842,1019500
2018-08-21,1.659999966621399,1.690000057220459,1.5800000429153442,1.5800000429153442,4292700
2018-08-22,1.850000023841858,1.870000004768372,1.6799999475479126,1.7000000476837158,4448800
2018-08-23,1.7400000095367432,1.9600000381469729,1.7100000381469729,1.950000047683716,5428500
2018-08-24,1.6299999952316284,1.7400000095367432,1.600000023841858,1.7100000381469729,2341900
2018-08-27,1.6799999475479126,1.690000057220459,1.6100000143051147,1.6299999952316284,3000900
2018-08-28,1.600000023841858,1.690000057220459,1.5800000429153442,1.6699999570846558,2383800
2018-08-29,1.6100000143051147,1.649999976158142,1.5800000429153442,1.600000023841858,1357900
2018-08-30,1.5800000429153442,1.6299999952316284,1.559999942779541,1.600000023841858,953200
2018-08-31,1.5099999904632568,1.5800000429153442,1.5099999904632568,1.5800000429153442,3504800
2018-09-04,1.5499999523162842,1.5499999523162842,1.5,1.5199999809265137,879100
2018-09-05,1.5199999809265137,1.559999942779541,1.5099999904632568,1.5499999523162842,693200
2018-09-06,1.5199999809265137,1.5399999618530271,1.5099999904632568,1.5299999713897705,310600
2018-09-07,1.5,1.5199999809265137,1.4800000190734863,1.5199999809265137,848100
2018-09-10,1.4800000190734863,1.5,1.4700000286102295,1.4900000095367432,448700
2018-09-11,1.4700000286102295,1.4800000190734863,1.4500000476837158,1.4800000190734863,641000
2018-09-12,1.5099999904632568,1.5399999618530271,1.4500000476837158,1.4500000476837158,657400
2018-09-13,1.5099999904632568,1.559999942779541,1.5099999904632568,1.5299999713897705,524200
2018-09-14,1.5,1.5199999809265137,1.4900000095367432,1.5099999904632568,352700
2018-09-17,1.4700000286102295,1.5199999809265137,1.4600000381469729,1.5,655900
2018-09-18,1.4800000190734863,1.4900000095367432,1.4600000381469729,1.4600000381469729,317400
2018-09-19,1.4700000286102295,1.4800000190734863,1.4500000476837158,1.4800000190734863,606300
2018-09-20,1.4500000476837158,1.4900000095367432,1.4500000476837158,1.4800000190734863,717400
2018-09-21,1.4600000381469729,1.4800000190734863,1.4500000476837158,1.4500000476837158,474200
2018-09-24,1.4500000476837158,1.4700000286102295,1.4500000476837158,1.4700000286102295,468300
2018-09-25,1.440000057220459,1.4700000286102295,1.4299999475479126,1.4600000381469729,498400
2018-09-26,1.4199999570846558,1.4500000476837158,1.409999966621399,1.4500000476837158,833700
2018-09-27,1.3899999856948853,1.440000057220459,1.3799999952316284,1.409999966621399,1210200
2018-09-28,1.399999976158142,1.4299999475479126,1.350000023841858,1.3899999856948853,4681800
2018-10-01,1.409999966621399,1.4600000381469729,1.409999966621399,1.4600000381469729,2018800
2018-10-02,1.3899999856948853,1.4299999475479126,1.3700000047683716,1.409999966621399,1896700
2018-10-03,1.3700000047683716,1.4600000381469729,1.350000023841858,1.3799999952316284,4709200
2018-10-04,1.3600000143051147,1.3899999856948853,1.350000023841858,1.3600000143051147,1317900
2018-10-05,1.3200000524520874,1.3899999856948853,1.3200000524520874,1.350000023841858,1575500
2018-10-08,1.3200000524520874,1.350000023841858,1.2699999809265137,1.350000023841858,865600
2018-10-09,1.309999942779541,1.340000033378601,1.2999999523162842,1.3300000429153442,679100
2018-10-10,1.2699999809265137,1.3200000524520874,1.2699999809265137,1.309999942779541,971200
2018-10-11,1.2599999904632568,1.309999942779541,1.2000000476837158,1.2599999904632568,1148200
2018-10-12,1.2699999809265137,1.2999999523162842,1.2599999904632568,1.2599999904632568,833000
2018-10-15,1.2400000095367432,1.309999942779541,1.2300000190734863,1.2699999809265137,2599400
2018-10-16,1.2599999904632568,1.2699999809265137,1.2300000190734863,1.2300000190734863,1068700
2018-10-17,1.2899999618530271,1.3200000524520874,1.25,1.25,747100
2018-10-18,1.2799999713897705,1.2999999523162842,1.2599999904632568,1.2699999809265137,380700
2018-10-19,1.3799999952316284,1.4299999475479126,1.2999999523162842,1.3200000524520874,2076800
2018-10-22,1.3799999952316284,1.4199999570846558,1.3700000047683716,1.3899999856948853,1109300
2018-10-23,1.3700000047683716,1.3799999952316284,1.2999999523162842,1.3799999952316284,1825600
2018-10-24,1.3700000047683716,1.399999976158142,1.350000023841858,1.3700000047683716,1109200
2018-10-25,1.399999976158142,1.4199999570846558,1.350000023841858,1.3600000143051147,3080800
2018-10-26,1.3799999952316284,1.3899999856948853,1.3600000143051147,1.3899999856948853,598900
2018-10-29,1.3300000429153442,1.399999976158142,1.2999999523162842,1.3899999856948853,1263600
2018-10-30,1.2599999904632568,1.3600000143051147,1.2400000095367432,1.309999942779541,2466300
2018-10-31,1.2699999809265137,1.309999942779541,1.25,1.2999999523162842,2360000
2018-11-01,1.309999942779541,1.309999942779541,1.2599999904632568,1.2799999713897705,797700
2018-11-02,1.2899999618530271,1.3200000524520874,1.2799999713897705,1.309999942779541,2526400
2018-11-05,1.2799999713897705,1.2999999523162842,1.2599999904632568,1.2999999523162842,2484500
2018-11-06,1.2899999618530271,1.2899999618530271,1.2699999809265137,1.2699999809265137,1451700
2018-11-07,1.2899999618530271,1.3200000524520874,1.2699999809265137,1.2799999713897705,2984200
2018-11-08,1.2699999809265137,1.309999942779541,1.2599999904632568,1.2899999618530271,1463600
2018-11-09,1.25,1.2799999713897705,1.2400000095367432,1.2599999904632568,2254600
2018-11-12,1.2400000095367432,1.2599999904632568,1.2200000286102295,1.25,1609300
2018-11-13,1.25,1.2599999904632568,1.2400000095367432,1.2599999904632568,641700
2018-11-14,1.2200000286102295,1.2599999904632568,1.2200000286102295,1.2400000095367432,1091600
2018-11-15,1.2000000476837158,1.2300000190734863,1.1799999475479126,1.2200000286102295,13745600
2018-11-16,1.190000057220459,1.2200000286102295,1.1299999952316284,1.2100000381469729,6463000
2018-11-19,1.1699999570846558,1.2100000381469729,1.1200000047683716,1.2000000476837158,1400600
2018-11-20,1.159999966621399,1.1799999475479126,1.1299999952316284,1.1799999475479126,1964900
2018-11-21,1.149999976158142,1.2000000476837158,1.1399999856948853,1.1799999475479126,5355000
2018-11-23,1.1399999856948853,1.1799999475479126,1.1399999856948853,1.1799999475479126,369000
2018-11-26,1.1399999856948853,1.159999966621399,1.1200000047683716,1.149999976158142,1844500
2018-11-27,1.1299999952316284,1.1699999570846558,1.1299999952316284,1.149999976158142,1695800
2018-11-28,1.1699999570846558,1.190000057220459,1.1299999952316284,1.1399999856948853,3214800
2018-11-29,1.159999966621399,1.1799999475479126,1.1399999856948853,1.1799999475479126,3421100
2018-11-30,1.1699999570846558,1.1799999475479126,1.149999976158142,1.149999976158142,2661300
2018-12-03,1.2100000381469729,1.2200000286102295,1.1699999570846558,1.2000000476837158,2337800
2018-12-04,1.2200000286102295,1.2200000286102295,1.190000057220459,1.2100000381469729,5036100
2018-12-06,1.2000000476837158,1.2200000286102295,1.190000057220459,1.190000057220459,3093100
2018-12-07,1.2100000381469729,1.2200000286102295,1.0399999618530271,1.2100000381469729,2844300
2018-12-10,1.2100000381469729,1.2200000286102295,1.190000057220459,1.2200000286102295,3922300
2018-12-11,1.159999966621399,1.2100000381469729,1.159999966621399,1.2100000381469729,1625600
2018-12-12,1.1299999952316284,1.1799999475479126,1.1100000143051147,1.1799999475479126,2642800
2018-12-13,1.1299999952316284,1.149999976158142,1.1200000047683716,1.1299999952316284,905000
2018-12-14,1.1299999952316284,1.1399999856948853,1.1200000047683716,1.1299999952316284,1189200
2018-12-17,1.090000033378601,1.149999976158142,1.0800000429153442,1.1299999952316284,1271600
2018-12-18,1.1399999856948853,1.159999966621399,0.9800000190734864,1.0800000429153442,3511300
2018-12-19,1.2000000476837158,1.309999942779541,1.1299999952316284,1.2200000286102295,6426900
2018-12-20,1.149999976158142,1.25,1.100000023841858,1.2200000286102295,1825400
2018-12-21,1.149999976158142,1.159999966621399,1.1100000143051147,1.1399999856948853,1351900
2018-12-24,1.100000023841858,1.149999976158142,1.090000033378601,1.1299999952316284,1338100
2018-12-26,1.090000033378601,1.1100000143051147,1.0499999523162842,1.100000023841858,1405500
2018-12-27,1.1100000143051147,1.1200000047683716,1.0700000524520874,1.0700000524520874,1949100
2018-12-28,1.0700000524520874,1.1100000143051147,1.059999942779541,1.1100000143051147,2654900
2018-12-31,1.059999942779541,1.100000023841858,1.0499999523162842,1.090000033378601,1687700
2019-01-02,1.090000033378601,1.100000023841858,1.059999942779541,1.090000033378601,841000
2019-01-03,1.1299999952316284,1.159999966621399,1.0800000429153442,1.0800000429153442,1350800
2019-01-04,1.2400000095367432,1.2400000095367432,1.100000023841858,1.100000023841858,2275100
2019-01-07,1.409999966621399,1.4800000190734863,1.2400000095367432,1.2400000095367432,4836700
2019-01-08,1.6200000047683716,1.6399999856948853,1.340000033378601,1.440000057220459,5686000
2019-01-09,1.8600000143051147,1.870000004768372,1.6100000143051147,1.6200000047683716,9098600
2019-01-10,1.7699999809265137,1.9900000095367432,1.5299999713897705,1.909999966621399,19171600
2019-01-11,1.6299999952316284,1.7999999523162842,1.600000023841858,1.7899999618530271,3690000
2019-01-14,1.75,1.7799999713897705,1.4900000095367432,1.6200000047683716,4463700
2019-01-15,1.8600000143051147,1.8600000143051147,1.7000000476837158,1.75,7163000
2019-01-16,1.830000042915344,1.870000004768372,1.7699999809265137,1.8600000143051147,2896700
2019-01-17,1.809999942779541,1.840000033378601,1.7599999904632568,1.840000033378601,1629600
2019-01-18,2.380000114440918,2.5,1.7699999809265137,1.809999942779541,23043400
2019-01-22,2.509999990463257,2.8499999046325684,2.380000114440918,2.440000057220459,17703400
2019-01-23,2.369999885559082,2.5999999046325684,2.289999961853028,2.5199999809265137,7972700
2019-01-24,2.8299999237060547,2.8399999141693115,2.3299999237060547,2.440000057220459,8424400
2019-01-25,2.869999885559082,3.059999942779541,2.759999990463257,2.9800000190734863,10554800
2019-01-28,2.859999895095825,2.950000047683716,2.7699999809265137,2.9100000858306885,3827900
2019-01-29,2.2300000190734863,2.990000009536743,2.059999942779541,2.859999895095825,10563700
2019-01-30,2.25,2.4600000381469727,2.049999952316284,2.180000066757202,8214700
2019-01-31,2.4600000381469727,2.470000028610229,2.2300000190734863,2.25,5104300
2019-02-01,2.539999961853028,2.680000066757202,2.309999942779541,2.4800000190734863,4693700
2019-02-04,2.440000057220459,2.609999895095825,2.400000095367432,2.5999999046325684,2805900
2019-02-05,2.299999952316284,2.4800000190734863,2.259999990463257,2.450000047683716,2917800
2019-02-06,2.3299999237060547,2.4100000858306885,2.220000028610229,2.3499999046325684,2579800
2019-02-07,2.2799999713897705,2.3299999237060547,2.25,2.2799999713897705,1290900
2019-02-08,2.3299999237060547,2.400000095367432,2.2699999809265137,2.289999961853028,1278300
2019-02-11,2.319999933242798,2.400000095367432,2.2799999713897705,2.3399999141693115,1342000
2019-02-12,2.440000057220459,2.450000047683716,2.3299999237060547,2.3399999141693115,1550900
2019-02-13,2.5299999713897705,2.549999952316284,2.440000057220459,2.490000009536743,2678100
2019-02-14,2.4600000381469727,2.549999952316284,2.299999952316284,2.549999952316284,2728700
2019-02-15,2.569999933242798,2.640000104904175,2.440000057220459,2.470000028610229,6603400
2019-02-19,2.609999895095825,2.680000066757202,2.5299999713897705,2.569999933242798,2405600
2019-02-20,2.759999990463257,2.7799999713897705,2.5899999141693115,2.619999885559082,3733700
2019-02-21,2.7699999809265137,2.7699999809265137,2.640000104904175,2.759999990463257,3686800
2019-02-22,2.75,2.8299999237060547,2.75,2.7699999809265137,5839700
2019-02-25,2.7100000381469727,2.789999961853028,2.5799999237060547,2.7699999809265137,2313500
2019-02-26,2.5999999046325684,2.7100000381469727,2.5999999046325684,2.700000047683716,1199700
2019-02-27,2.569999933242798,2.5899999141693115,2.4800000190734863,2.569999933242798,2284100
2019-02-28,2.569999933242798,2.5899999141693115,2.5199999809265137,2.549999952316284,2217000
2019-03-01,2.619999885559082,2.680000066757202,2.549999952316284,2.559999942779541,2825100
2019-03-04,2.680000066757202,2.690000057220459,2.569999933242798,2.5899999141693115,2766700
2019-03-05,2.7100000381469727,2.75,2.6700000762939453,2.680000066757202,3345500
2019-03-06,2.650000095367432,2.740000009536743,2.619999885559082,2.6700000762939453,3873700
2019-03-07,2.609999895095825,2.640000104904175,2.5899999141693115,2.630000114440918,856800
2019-03-08,2.559999942779541,2.619999885559082,2.5199999809265137,2.609999895095825,1677800
2019-03-11,2.539999961853028,2.5799999237060547,2.5199999809265137,2.569999933242798,1881500
2019-03-12,2.5199999809265137,2.569999933242798,2.450000047683716,2.539999961853028,2703100
2019-03-13,2.5799999237060547,2.5999999046325684,2.470000028610229,2.509999990463257,2541800
2019-03-14,2.630000114440918,2.680000066757202,2.5799999237060547,2.609999895095825,3270300
2019-03-15,2.5999999046325684,2.650000095367432,2.5999999046325684,2.640000104904175,1157400
2019-03-18,2.559999942779541,2.5899999141693115,2.549999952316284,2.569999933242798,792000
2019-03-19,2.5,2.5899999141693115,2.4800000190734863,2.5799999237060547,1896200
2019-03-20,2.4800000190734863,2.5,2.440000057220459,2.490000009536743,1279600
2019-03-21,2.5299999713897705,2.5299999713897705,2.390000104904175,2.490000009536743,2713100
2019-03-22,2.470000028610229,2.5299999713897705,2.4200000762939453,2.4800000190734863,1495500
2019-03-25,2.440000057220459,2.4600000381469727,2.390000104904175,2.450000047683716,1846700
2019-03-26,2.539999961853028,2.569999933242798,2.430000066757202,2.440000057220459,2586600
2019-03-27,2.7300000190734863,2.740000009536743,2.430000066757202,2.539999961853028,6453900
2019-03-28,2.799999952316284,2.9200000762939453,2.7699999809265137,2.8399999141693115,6296000
2019-03-29,2.690000057220459,2.7799999713897705,2.640000104904175,2.7699999809265137,2821800
2019-04-01,2.609999895095825,2.690000057220459,2.549999952316284,2.690000057220459,1490900
2019-04-02,2.559999942779541,2.619999885559082,2.509999990463257,2.5999999046325684,3627800
2019-04-03,2.630000114440918,2.630000114440918,2.5199999809265137,2.559999942779541,1814700
2019-04-04,2.7300000190734863,2.75,2.619999885559082,2.630000114440918,4155300
2019-04-05,2.6700000762939453,2.740000009536743,2.6600000858306885,2.7300000190734863,1171500
2019-04-08,2.609999895095825,2.6700000762939453,2.5899999141693115,2.6700000762939453,755700
2019-04-09,2.5999999046325684,2.609999895095825,2.569999933242798,2.609999895095825,529400
2019-04-10,2.609999895095825,2.609999895095825,2.5799999237060547,2.609999895095825,436900
2019-04-11,2.569999933242798,2.619999885559082,2.549999952316284,2.609999895095825,634800
2019-04-12,2.569999933242798,2.5799999237060547,2.549999952316284,2.569999933242798,898300
2019-04-15,2.509999990463257,2.569999933242798,2.509999990463257,2.569999933242798,1310100
2019-04-16,2.509999990463257,2.539999961853028,2.470000028610229,2.5199999809265137,870100
2019-04-17,2.609999895095825,2.680000066757202,2.5,2.5199999809265137,8261100
2019-04-18,2.569999933242798,2.650000095367432,2.559999942779541,2.640000104904175,2171400
2019-04-22,2.430000066757202,2.5799999237060547,2.390000104904175,2.549999952316284,3496200
2019-04-23,2.380000114440918,2.430000066757202,2.299999952316284,2.430000066757202,2835500
2019-04-24,2.3299999237060547,2.470000028610229,2.319999933242798,2.400000095367432,1979400
2019-04-25,2.2799999713897705,2.319999933242798,2.259999990463257,2.299999952316284,1464800
2019-04-26,2.3299999237060547,2.369999885559082,2.2699999809265137,2.2799999713897705,1163800
2019-04-29,2.369999885559082,2.380000114440918,2.299999952316284,2.3299999237060547,600600
2019-04-30,2.400000095367432,2.4200000762939453,2.369999885559082,2.390000104904175,472700
2019-05-01,2.380000114440918,2.440000057220459,2.3399999141693115,2.400000095367432,788500
2019-05-02,2.369999885559082,2.380000114440918,2.3299999237060547,2.380000114440918,521300
2019-05-03,2.369999885559082,2.390000104904175,2.3499999046325684,2.359999895095825,462300
2019-05-06,2.3299999237060547,2.390000104904175,2.2799999713897705,2.319999933242798,786300
2019-05-07,2.299999952316284,2.3299999237060547,2.2799999713897705,2.309999942779541,698700
2019-05-08,2.4100000858306885,2.440000057220459,2.2799999713897705,2.289999961853028,1680700
2019-05-09,2.549999952316284,2.559999942779541,2.380000114440918,2.4100000858306885,3395200
2019-05-10,2.549999952316284,2.5899999141693115,2.359999895095825,2.5899999141693115,2744200
2019-05-13,2.4600000381469727,2.539999961853028,2.4100000858306885,2.5299999713897705,1614200
2019-05-14,2.490000009536743,2.5,2.4200000762939453,2.4600000381469727,993200
2019-05-15,2.569999933242798,2.640000104904175,2.4800000190734863,2.490000009536743,3689200
2019-05-16,2.5999999046325684,2.6700000762939453,2.5199999809265137,2.549999952316284,3363900
2019-05-17,2.6700000762939453,2.75,2.5999999046325684,2.609999895095825,3625000
2019-05-20,2.900000095367432,2.900000095367432,2.6700000762939453,2.680000066757202,5094200
2019-05-21,2.9800000190734863,3.039999961853028,2.9100000858306885,2.9100000858306885,9906000
2019-05-22,2.8299999237060547,2.950000047683716,2.740000009536743,2.950000047683716,3951100
2019-05-23,2.9200000762939453,2.950000047683716,2.759999990463257,2.759999990463257,2731200
2019-05-24,3.0,3.0299999713897705,2.880000114440918,2.9200000762939453,4455100
2019-05-28,2.890000104904175,3.0899999141693115,2.890000104904175,2.9600000381469727,4716500
2019-05-29,2.819999933242798,2.9100000858306885,2.720000028610229,2.890000104904175,2476300
2019-05-30,2.819999933242798,2.880000114440918,2.789999961853028,2.8299999237060547,1564900
2019-05-31,2.930000066757202,2.930000066757202,2.7799999713897705,2.8299999237060547,2609100
2019-06-03,2.930000066757202,3.0899999141693115,2.9200000762939453,2.9800000190734863,3681500
2019-06-04,3.0,3.009999990463257,2.9100000858306885,2.930000066757202,1586900
2019-06-05,3.049999952316284,3.0799999237060547,2.990000009536743,3.0199999809265137,2559500
2019-06-06,3.069999933242798,3.0999999046325684,3.0199999809265137,3.069999933242798,1859800
2019-06-07,3.0799999237060547,3.0899999141693115,3.059999942779541,3.0799999237060547,1191900
2019-06-10,2.7799999713897705,2.9800000190734863,2.539999961853028,2.970000028610229,6359700
2019-06-11,2.8499999046325684,2.869999885559082,2.680000066757202,2.75,1913700
2019-06-12,2.890000104904175,2.9200000762939453,2.789999961853028,2.799999952316284,1233300
2019-06-13,2.900000095367432,2.950000047683716,2.809999942779541,2.9100000858306885,1347800
2019-06-14,2.880000114440918,2.950000047683716,2.8399999141693115,2.9200000762939453,1548600
2019-06-17,2.819999933242798,2.880000114440918,2.799999952316284,2.869999885559082,1689100
2019-06-18,2.8299999237060547,2.859999895095825,2.819999933242798,2.819999933242798,1092600
2019-06-19,2.809999942779541,2.859999895095825,2.799999952316284,2.8299999237060547,2017500
2019-06-20,2.700000047683716,2.819999933242798,2.690000057220459,2.809999942779541,2250200
2019-06-21,2.680000066757202,2.7300000190734863,2.680000066757202,2.700000047683716,1248400
2019-06-24,2.640000104904175,2.700000047683716,2.630000114440918,2.690000057220459,986900
2019-06-25,2.6600000858306885,2.7300000190734863,2.640000104904175,2.650000095367432,1830000
2019-06-26,2.650000095367432,2.6600000858306885,2.630000114440918,2.6600000858306885,966500
2019-06-27,2.5999999046325684,2.650000095367432,2.5799999237060547,2.640000104904175,1806900
2019-06-28,2.5999999046325684,2.609999895095825,2.549999952316284,2.5899999141693115,814500
2019-07-01,2.700000047683716,2.7300000190734863,2.569999933242798,2.5899999141693115,1840300
2019-07-02,2.7300000190734863,2.75,2.640000104904175,2.720000028610229,1885500
2019-07-03,2.7100000381469727,2.759999990463257,2.680000066757202,2.740000009536743,764000
2019-07-05,2.690000057220459,2.690000057220459,2.650000095367432,2.690000057220459,588800
2019-07-08,2.680000066757202,2.7100000381469727,2.619999885559082,2.680000066757202,642700
2019-07-09,2.6600000858306885,2.690000057220459,2.650000095367432,2.6700000762939453,368100
2019-07-10,2.700000047683716,2.700000047683716,2.640000104904175,2.6700000762939453,906700
2019-07-11,2.700000047683716,2.700000047683716,2.650000095367432,2.700000047683716,368800
2019-07-12,2.619999885559082,2.680000066757202,2.430000066757202,2.6700000762939453,4178200
2019-07-15,2.559999942779541,2.650000095367432,2.5299999713897705,2.549999952316284,988900
2019-07-16,2.559999942779541,2.5999999046325684,2.430000066757202,2.549999952316284,4031500
2019-07-17,2.549999952316284,2.559999942779541,2.490000009536743,2.509999990463257,981200
2019-07-18,2.400000095367432,2.470000028610229,2.3499999046325684,2.380000114440918,2659400
2019-07-19,2.4100000858306885,2.430000066757202,2.289999961853028,2.369999885559082,3338200
2019-07-22,2.440000057220459,2.4600000381469727,2.359999895095825,2.400000095367432,984300
2019-07-23,2.470000028610229,2.490000009536743,2.400000095367432,2.4200000762939453,1227400
2019-07-24,2.440000057220459,2.490000009536743,2.430000066757202,2.470000028610229,685300
2019-07-25,2.430000066757202,2.440000057220459,2.390000104904175,2.440000057220459,582500
2019-07-26,2.400000095367432,2.430000066757202,2.380000114440918,2.4200000762939453,734500
2019-07-29,2.390000104904175,2.4200000762939453,2.380000114440918,2.380000114440918,930000
2019-07-30,2.299999952316284,2.400000095367432,2.289999961853028,2.400000095367432,2008300
2019-07-31,2.25,2.289999961853028,1.9800000190734863,2.2300000190734863,8165200
2019-08-01,2.1700000762939453,2.259999990463257,2.109999895095825,2.259999990463257,2146300
2019-08-02,2.119999885559082,2.1600000858306885,2.0899999141693115,2.150000095367432,1157800
2019-08-05,2.049999952316284,2.0899999141693115,1.9900000095367432,2.0299999713897705,1616800
2019-08-06,2.299999952316284,2.309999942779541,2.0299999713897705,2.0299999713897705,2928900
2019-08-07,2.2799999713897705,2.309999942779541,2.200000047683716,2.289999961853028,531400
2019-08-08,2.240000009536743,2.3299999237060547,2.200000047683716,2.220000028610229,565800
2019-08-09,2.25,2.289999961853028,2.200000047683716,2.2699999809265137,576700
2019-08-12,2.220000028610229,2.259999990463257,2.200000047683716,2.25,475000
2019-08-13,2.2699999809265137,2.3399999141693115,2.2100000381469727,2.2100000381469727,1387300
2019-08-14,2.180000066757202,2.2699999809265137,2.150000095367432,2.25,1796500
2019-08-15,2.2100000381469727,2.240000009536743,2.1700000762939453,2.190000057220459,646500
2019-08-16,2.2100000381469727,2.25,2.190000057220459,2.2100000381469727,505200
2019-08-19,2.220000028610229,2.25,2.200000047683716,2.220000028610229,476700
2019-08-20,2.2100000381469727,2.25,2.200000047683716,2.2300000190734863,638300
2019-08-21,2.380000114440918,2.380000114440918,2.150000095367432,2.220000028610229,1869400
2019-08-22,2.680000066757202,2.690000057220459,2.450000047683716,2.450000047683716,6458000
2019-08-23,2.700000047683716,2.8299999237060547,2.640000104904175,2.7100000381469727,3573300
2019-08-26,2.6600000858306885,2.75,2.5999999046325684,2.720000028610229,1360400
2019-08-27,2.609999895095825,2.690000057220459,2.5299999713897705,2.6600000858306885,2065600
2019-08-28,2.630000114440918,2.6600000858306885,2.569999933242798,2.5899999141693115,1285600
2019-08-29,2.650000095367432,2.690000057220459,2.619999885559082,2.630000114440918,1274700
2019-08-30,2.700000047683716,2.720000028610229,2.6600000858306885,2.680000066757202,1720800
2019-09-03,2.75,2.75,2.680000066757202,2.680000066757202,1139400
2019-09-04,2.809999942779541,2.8499999046325684,2.7300000190734863,2.7799999713897705,2108200
2019-09-05,2.799999952316284,2.930000066757202,2.7300000190734863,2.859999895095825,5001400
2019-09-06,2.569999933242798,2.680000066757202,2.390000104904175,2.6700000762939453,7558300
2019-09-09,3.670000076293945,3.740000009536743,3.0,3.25,32544900
2019-09-10,3.2100000381469727,3.819999933242798,3.0,3.7200000286102295,14351600
2019-09-11,3.2799999713897705,3.440000057220459,2.950000047683716,3.130000114440918,9560600
2019-09-12,3.3499999046325684,3.5299999713897705,3.309999942779541,3.380000114440918,4789600
2019-09-13,3.5999999046325684,3.5999999046325684,3.390000104904175,3.4100000858306885,10584200
2019-09-16,3.799999952316284,3.809999942779541,3.450000047683716,3.5799999237060547,8846000
2019-09-17,3.700000047683716,4.039999961853027,3.700000047683716,3.759999990463257,12567800
2019-09-18,3.799999952316284,3.890000104904175,3.670000076293945,3.690000057220459,3830200
2019-09-19,3.650000095367432,3.859999895095825,3.5199999809265137,3.809999942779541,4949900
2019-09-20,3.680000066757202,3.7799999713897705,3.630000114440918,3.660000085830689,2066900
2019-09-23,3.7699999809265137,3.7799999713897705,3.609999895095825,3.7300000190734863,2861300
2019-09-24,3.640000104904175,3.799999952316284,3.640000104904175,3.7799999713897705,2498100
2019-09-25,3.559999942779541,3.660000085830689,3.539999961853028,3.630000114440918,2174300
2019-09-26,3.390000104904175,3.630000114440918,3.3499999046325684,3.569999933242798,6480200
2019-09-27,3.4800000190734863,3.569999933242798,3.359999895095825,3.390000104904175,2284300
2019-09-30,3.5899999141693115,3.700000047683716,3.490000009536743,3.5199999809265137,5515900
2019-10-01,3.400000095367432,3.5899999141693115,3.299999952316284,3.5899999141693115,3810100
2019-10-02,3.200000047683716,3.359999895095825,3.150000095367432,3.359999895095825,3980600
2019-10-03,3.220000028610229,3.319999933242798,3.200000047683716,3.200000047683716,3511700
2019-10-04,3.359999895095825,3.380000114440918,3.1600000858306885,3.25,3008800
2019-10-07,3.4600000381469727,3.539999961853028,3.25,3.380000114440918,3107100
2019-10-08,3.450000047683716,3.5199999809265137,3.440000057220459,3.509999990463257,1778900
2019-10-09,3.4800000190734863,3.5199999809265137,3.4600000381469727,3.4800000190734863,1131100
2019-10-10,3.430000066757202,3.5,3.4100000858306885,3.490000009536743,1221600
2019-10-11,3.369999885559082,3.470000028610229,3.309999942779541,3.430000066757202,1830900
2019-10-14,3.3299999237060547,3.380000114440918,3.289999961853028,3.380000114440918,946000
2019-10-15,3.3299999237060547,3.369999885559082,3.2699999809265137,3.3299999237060547,1629200
2019-10-16,3.299999952316284,3.380000114440918,3.289999961853028,3.380000114440918,803200
2019-10-17,3.309999942779541,3.3399999141693115,3.25,3.309999942779541,1381700
2019-10-18,3.3299999237060547,3.3399999141693115,3.2799999713897705,3.299999952316284,668800
2019-10-21,3.2699999809265137,3.3299999237060547,3.2699999809265137,3.3299999237060547,532700
2019-10-22,3.059999942779541,3.289999961853028,3.049999952316284,3.289999961853028,3832700
2019-10-23,2.819999933242798,2.970000028610229,2.6700000762939453,2.940000057220459,6820900
2019-10-24,2.9600000381469727,3.0299999713897705,2.819999933242798,2.8499999046325684,2133700
2019-10-25,2.819999933242798,3.0199999809265137,2.799999952316284,2.9600000381469727,1090700
2019-10-28,2.799999952316284,2.9100000858306885,2.7699999809265137,2.8499999046325684,1774200
2019-10-29,2.930000066757202,2.9600000381469727,2.720000028610229,2.7699999809265137,2742800
2019-10-30,2.9600000381469727,3.0899999141693115,2.940000057220459,2.970000028610229,2389100
2019-10-31,2.880000114440918,3.0299999713897705,2.859999895095825,3.0199999809265137,1314100
2019-11-01,2.9100000858306885,2.940000057220459,2.8399999141693115,2.890000104904175,816000
2019-11-04,2.880000114440918,2.9800000190734863,2.8499999046325684,2.900000095367432,876900
2019-11-05,2.880000114440918,2.900000095367432,2.7799999713897705,2.880000114440918,1768100
2019-11-06,2.890000104904175,2.940000057220459,2.8299999237060547,2.880000114440918,824600
2019-11-07,2.880000114440918,2.940000057220459,2.8499999046325684,2.9100000858306885,699300
2019-11-08,2.890000104904175,2.9200000762939453,2.869999885559082,2.890000104904175,445600
2019-11-11,2.880000114440918,2.900000095367432,2.859999895095825,2.880000114440918,390800
2019-11-12,2.950000047683716,2.990000009536743,2.869999885559082,2.869999885559082,1519800
2019-11-13,2.900000095367432,3.009999990463257,2.809999942779541,2.950000047683716,1758900
2019-11-14,2.8499999046325684,2.900000095367432,2.809999942779541,2.880000114440918,1327500
2019-11-15,2.869999885559082,2.880000114440918,2.799999952316284,2.819999933242798,712400
2019-11-18,2.809999942779541,2.9200000762939453,2.7699999809265137,2.859999895095825,1023800
2019-11-19,2.509999990463257,2.859999895095825,2.5,2.819999933242798,2707000
2019-11-20,2.700000047683716,2.720000028610229,2.3499999046325684,2.4600000381469727,3138100
2019-11-21,2.799999952316284,2.809999942779541,2.700000047683716,2.720000028610229,1862900
2019-11-22,2.759999990463257,2.819999933242798,2.700000047683716,2.789999961853028,1512200
2019-11-25,2.650000095367432,2.789999961853028,2.619999885559082,2.7699999809265137,1253200
2019-11-26,2.569999933242798,2.650000095367432,2.559999942779541,2.640000104904175,1836200
2019-11-27,2.539999961853028,2.569999933242798,2.5299999713897705,2.569999933242798,1097600
2019-11-29,2.539999961853028,2.569999933242798,2.509999990463257,2.549999952316284,240800
2019-12-02,2.400000095367432,2.559999942779541,2.400000095367432,2.549999952316284,2450800
2019-12-03,2.440000057220459,2.509999990463257,2.359999895095825,2.380000114440918,1253900
2019-12-04,2.5,2.5199999809265137,2.450000047683716,2.4600000381469727,1321100
2019-12-05,2.5199999809265137,2.5999999046325684,2.4600000381469727,2.4800000190734863,1285500
2019-12-06,2.6600000858306885,2.740000009536743,2.559999942779541,2.559999942779541,2528200
2019-12-09,2.759999990463257,2.799999952316284,2.720000028610229,2.7300000190734863,2125500
2019-12-10,2.8299999237060547,2.8399999141693115,2.740000009536743,2.759999990463257,2439700
2019-12-11,2.900000095367432,2.900000095367432,2.7799999713897705,2.8499999046325684,2643700
2019-12-12,2.9800000190734863,2.990000009536743,2.869999885559082,2.890000104904175,3320600
2019-12-13,3.150000095367432,3.200000047683716,2.940000057220459,2.970000028610229,4045700
2019-12-16,3.059999942779541,3.190000057220459,2.970000028610229,3.1600000858306885,3357100
2019-12-17,2.900000095367432,3.0199999809265137,2.900000095367432,3.009999990463257,1215900
2019-12-18,3.009999990463257,3.039999961853028,2.880000114440918,2.900000095367432,1658300
2019-12-19,3.109999895095825,3.140000104904175,2.990000009536743,3.0,2650400
2019-12-20,3.109999895095825,3.220000028610229,3.0799999237060547,3.130000114440918,2269700
2019-12-23,3.0299999713897705,3.1700000762939453,3.0199999809265137,3.130000114440918,1763000
2019-12-24,3.0,3.039999961853028,2.990000009536743,3.0299999713897705,430100
2019-12-26,3.009999990463257,3.069999933242798,2.990000009536743,3.009999990463257,573200
2019-12-27,2.9800000190734863,3.0199999809265137,2.940000057220459,3.0199999809265137,948600
2019-12-30,2.890000104904175,2.9800000190734863,2.880000114440918,2.9600000381469727,1187700
2019-12-31,3.0,3.059999942779541,2.890000104904175,2.890000104904175,1471800
2020-01-02,3.119999885559082,3.1700000762939453,3.0,3.0199999809265137,1674800
2020-01-03,3.059999942779541,3.150000095367432,3.0299999713897705,3.049999952316284,712500
2020-01-06,3.0799999237060547,3.0799999237060547,2.990000009536743,3.049999952316284,1016300
2020-01-07,3.1600000858306885,3.2699999809265137,3.109999895095825,3.130000114440918,3547000
2020-01-08,3.130000114440918,3.1600000858306885,3.069999933242798,3.140000104904175,1353600
2020-01-09,3.1600000858306885,3.200000047683716,3.119999885559082,3.119999885559082,886600
2020-01-10,3.0899999141693115,3.190000057220459,3.069999933242798,3.1600000858306885,1032700
2020-01-13,3.049999952316284,3.180000066757202,3.0299999713897705,3.0899999141693115,944100
2020-01-14,3.0199999809265137,3.0899999141693115,2.990000009536743,3.0299999713897705,1125700
2020-01-15,3.0,3.0199999809265137,2.9800000190734863,3.0199999809265137,677000
2020-01-16,2.990000009536743,3.069999933242798,2.940000057220459,3.009999990463257,913400
2020-01-17,3.059999942779541,3.059999942779541,2.930000066757202,3.009999990463257,1503300
2020-01-21,3.059999942779541,3.059999942779541,3.0199999809265137,3.039999961853028,650300
2020-01-22,3.109999895095825,3.109999895095825,3.039999961853028,3.049999952316284,831400
2020-01-23,3.119999885559082,3.1700000762939453,3.0799999237060547,3.0999999046325684,932000
2020-01-24,3.130000114440918,3.1600000858306885,3.069999933242798,3.119999885559082,1067800
2020-01-27,3.059999942779541,3.0899999141693115,3.009999990463257,3.0799999237060547,807400
2020-01-28,3.069999933242798,3.0899999141693115,3.049999952316284,3.069999933242798,784600
2020-01-29,3.049999952316284,3.069999933242798,2.9800000190734863,3.069999933242798,2000600
2020-01-30,3.049999952316284,3.0799999237060547,2.990000009536743,3.0199999809265137,647000
2020-01-31,3.059999942779541,3.0799999237060547,3.0199999809265137,3.0799999237060547,712600
2020-02-03,2.990000009536743,3.049999952316284,2.9800000190734863,3.049999952316284,1049600
2020-02-04,3.0,3.119999885559082,3.0,3.049999952316284,3178400
2020-02-05,3.0899999141693115,3.109999895095825,2.9800000190734863,3.0,2708500
2020-02-06,3.190000057220459,3.190000057220459,3.0799999237060547,3.109999895095825,2069400
2020-02-07,3.180000066757202,3.2100000381469727,3.119999885559082,3.1600000858306885,1802000
2020-02-10,3.180000066757202,3.240000009536743,3.119999885559082,3.1600000858306885,1735700
2020-02-11,3.180000066757202,3.200000047683716,3.150000095367432,3.180000066757202,957400
2020-02-12,3.180000066757202,3.220000028610229,3.1600000858306885,3.2100000381469727,1851000
2020-02-13,3.220000028610229,3.240000009536743,3.0899999141693115,3.150000095367432,2607700
2020-02-14,3.319999933242798,3.390000104904175,3.240000009536743,3.25,2333100
2020-02-18,3.2100000381469727,3.319999933242798,3.180000066757202,3.319999933242798,1560500
2020-02-19,3.140000104904175,3.2300000190734863,3.0999999046325684,3.200000047683716,1060900
2020-02-20,3.140000104904175,3.220000028610229,3.109999895095825,3.130000114440918,765300
2020-02-21,3.140000104904175,3.2100000381469727,3.119999885559082,3.119999885559082,660600
2020-02-24,3.049999952316284,3.109999895095825,2.9800000190734863,3.0999999046325684,1774300
2020-02-25,2.8499999046325684,3.0299999713897705,2.809999942779541,3.0199999809265137,3574300
2020-02-26,2.819999933242798,2.9800000190734863,2.7100000381469727,2.75,2715800
2020-02-27,2.619999885559082,2.799999952316284,2.5999999046325684,2.75,3131400
2020-02-28,2.400000095367432,2.5199999809265137,2.319999933242798,2.5199999809265137,5857600
2020-03-02,2.650000095367432,2.6700000762939453,2.380000114440918,2.400000095367432,4786100
2020-03-03,2.509999990463257,2.720000028610229,2.4100000858306885,2.700000047683716,5076300
2020-03-04,2.5,2.5999999046325684,2.4800000190734863,2.5299999713897705,4410800
2020-03-05,2.430000066757202,2.5,2.4100000858306885,2.470000028610229,1674200
2020-03-06,2.3499999046325684,2.380000114440918,2.319999933242798,2.380000114440918,2757200
2020-03-09,1.9900000095367432,2.1600000858306885,1.950000047683716,2.150000095367432,8380800
2020-03-10,2.0299999713897705,2.180000066757202,1.9700000286102293,2.140000104904175,5475500
2020-03-11,1.809999942779541,1.9900000095367432,1.7899999618530271,1.9900000095367432,3925800
2020-03-12,1.409999966621399,1.5700000524520874,1.350000023841858,1.5700000524520874,7773500
2020-03-13,1.7200000286102295,1.7400000095367432,1.5,1.5399999618530271,5044700
2020-03-16,1.5099999904632568,1.690000057220459,1.399999976158142,1.5199999809265137,4560400
2020-03-17,1.5700000524520874,1.6799999475479126,1.4900000095367432,1.5399999618530271,3604200
2020-03-18,1.409999966621399,1.5199999809265137,1.3899999856948853,1.4299999475479126,3947800
2020-03-19,1.399999976158142,1.4900000095367432,1.3300000429153442,1.440000057220459,3208500
2020-03-20,1.399999976158142,1.5800000429153442,1.3799999952316284,1.5199999809265137,2316200
2020-03-23,1.2000000476837158,1.340000033378601,1.2000000476837158,1.3300000429153442,6004200
2020-03-24,1.3799999952316284,1.409999966621399,1.2599999904632568,1.2799999713897705,4857500
2020-03-25,1.5099999904632568,1.5700000524520874,1.4199999570846558,1.4199999570846558,5645100
2020-03-26,1.5800000429153442,1.6200000047683716,1.4500000476837158,1.4600000381469729,4773700
2020-03-27,1.4800000190734863,1.5399999618530271,1.4299999475479126,1.5299999713897705,3502900
2020-03-30,1.4199999570846558,1.4800000190734863,1.399999976158142,1.4800000190734863,2306400
2020-03-31,1.399999976158142,1.4500000476837158,1.3600000143051147,1.4199999570846558,1107400
2020-04-01,1.350000023841858,1.3899999856948853,1.3200000524520874,1.3300000429153442,1674000
2020-04-02,1.2999999523162842,1.3899999856948853,1.2999999523162842,1.340000033378601,1196400
2020-04-03,1.2899999618530271,1.3200000524520874,1.2599999904632568,1.2999999523162842,2062000
2020-04-06,1.340000033378601,1.4299999475479126,1.3200000524520874,1.3200000524520874,2152500
2020-04-07,1.409999966621399,1.4700000286102295,1.3799999952316284,1.4199999570846558,2465400
2020-04-08,1.4299999475479126,1.4700000286102295,1.3899999856948853,1.399999976158142,1451500
2020-04-09,1.4500000476837158,1.5,1.4299999475479126,1.4600000381469729,1988700
2020-04-13,1.440000057220459,1.4500000476837158,1.399999976158142,1.4500000476837158,1483000
2020-04-14,1.5199999809265137,1.5399999618530271,1.440000057220459,1.4500000476837158,3141800
2020-04-15,1.5800000429153442,1.6299999952316284,1.4800000190734863,1.5,3276100
2020-04-16,1.75,1.7899999618530271,1.559999942779541,1.559999942779541,4055800
2020-04-17,1.7999999523162842,1.8899999856948853,1.7599999904632568,1.820000052452088,5381800
2020-04-20,1.659999966621399,1.75,1.649999976158142,1.75,2613900
2020-04-21,1.600000023841858,1.6399999856948853,1.5399999618530271,1.6299999952316284,2192400
2020-04-22,1.6299999952316284,1.7100000381469729,1.6200000047683716,1.6399999856948853,1130200
2020-04-23,1.6299999952316284,1.7000000476837158,1.6100000143051147,1.6299999952316284,752100
2020-04-24,1.6100000143051147,1.659999966621399,1.5800000429153442,1.649999976158142,945900
2020-04-27,1.5700000524520874,1.600000023841858,1.5399999618530271,1.590000033378601,1678400
2020-04-28,1.600000023841858,1.6200000047683716,1.559999942779541,1.5800000429153442,1009100
2020-04-29,1.649999976158142,1.6699999570846558,1.600000023841858,1.600000023841858,2443400
2020-04-30,1.6299999952316284,1.6399999856948853,1.600000023841858,1.6399999856948853,1822200
2020-05-01,1.5800000429153442,1.6100000143051147,1.559999942779541,1.6100000143051147,1974200
2020-05-04,1.5700000524520874,1.5800000429153442,1.5,1.5800000429153442,2681600
2020-05-05,1.5700000524520874,1.6399999856948853,1.5499999523162842,1.5499999523162842,1351300
2020-05-06,1.5499999523162842,1.6299999952316284,1.5299999713897705,1.6100000143051147,1056800
2020-05-07,1.5800000429153442,1.600000023841858,1.5499999523162842,1.5499999523162842,2715600
2020-05-08,1.6100000143051147,1.6100000143051147,1.5700000524520874,1.5800000429153442,3914500
2020-05-11,1.600000023841858,1.6200000047683716,1.590000033378601,1.600000023841858,1108400
2020-05-12,1.5800000429153442,1.6100000143051147,1.5700000524520874,1.5800000429153442,1732000
2020-05-13,1.5099999904632568,1.5800000429153442,1.5,1.5700000524520874,3563500
2020-05-14,1.5,1.5199999809265137,1.4299999475479126,1.5099999904632568,1673700
2020-05-15,1.5800000429153442,1.5800000429153442,1.4500000476837158,1.4500000476837158,1275500
2020-05-18,1.6100000143051147,1.649999976158142,1.600000023841858,1.6200000047683716,3052100
2020-05-19,1.75,1.7699999809265137,1.649999976158142,1.75,4763500
2020-05-20,1.8799999952316284,1.899999976158142,1.75,1.7599999904632568,6297100
2020-05-21,2.2100000381469727,2.740000009536743,1.899999976158142,1.909999966621399,24872300
2020-05-22,2.119999885559082,2.289999961853028,1.9600000381469729,2.2300000190734863,5796200
2020-05-26,2.2300000190734863,2.259999990463257,2.180000066757202,2.190000057220459,3649500
2020-05-27,2.1600000858306885,2.299999952316284,2.1600000858306885,2.25,2646300
2020-05-28,2.140000104904175,2.220000028610229,2.140000104904175,2.1600000858306885,1475500
2020-05-29,2.0999999046325684,2.150000095367432,2.009999990463257,2.140000104904175,1665500
2020-06-01,2.200000047683716,2.259999990463257,2.0299999713897705,2.069999933242798,3848000
2020-06-02,2.180000066757202,2.240000009536743,2.150000095367432,2.190000057220459,1211600
2020-06-03,2.180000066757202,2.220000028610229,2.1600000858306885,2.190000057220459,1235200
2020-06-04,2.1600000858306885,2.190000057220459,2.150000095367432,2.180000066757202,1092700
2020-06-05,2.220000028610229,2.289999961853028,2.180000066757202,2.180000066757202,2943700
2020-06-08,2.25,2.2699999809265137,2.2300000190734863,2.259999990463257,1865100
2020-06-09,2.200000047683716,2.25,2.180000066757202,2.240000009536743,1815800
2020-06-10,2.180000066757202,2.2100000381469727,2.109999895095825,2.200000047683716,1201600
2020-06-11,2.0199999809265137,2.0999999046325684,1.9800000190734863,2.0899999141693115,3636500
2020-06-12,2.049999952316284,2.140000104904175,2.0299999713897705,2.049999952316284,2750200
2020-06-15,2.009999990463257,2.059999942779541,1.919999957084656,1.9900000095367432,2542100
2020-06-16,2.140000104904175,2.2699999809265137,2.0999999046325684,2.2100000381469727,3810900
2020-06-17,2.0999999046325684,2.1700000762939453,2.0799999237060547,2.130000114440918,1210200
2020-06-18,2.059999942779541,2.0899999141693115,2.039999961853028,2.039999961853028,752200
2020-06-19,2.049999952316284,2.109999895095825,2.0299999713897705,2.069999933242798,866300
2020-06-22,2.0299999713897705,2.059999942779541,2.009999990463257,2.0299999713897705,574000
2020-06-23,2.109999895095825,2.130000114440918,2.009999990463257,2.0299999713897705,1478200
2020-06-24,2.0899999141693115,2.109999895095825,2.049999952316284,2.109999895095825,1074400
2020-06-25,2.0999999046325684,2.109999895095825,2.039999961853028,2.039999961853028,1440200
2020-06-26,2.069999933242798,2.0999999046325684,2.039999961853028,2.0899999141693115,1745100
2020-06-29,2.1600000858306885,2.2100000381469727,2.009999990463257,2.0299999713897705,1417500
2020-06-30,2.190000057220459,2.240000009536743,2.1600000858306885,2.1600000858306885,2258000
2020-07-01,2.190000057220459,2.2300000190734863,2.1600000858306885,2.200000047683716,1448300
2020-07-02,2.190000057220459,2.240000009536743,2.1700000762939453,2.1700000762939453,1539900
2020-07-06,2.130000114440918,2.200000047683716,2.119999885559082,2.190000057220459,524500
2020-07-07,2.0899999141693115,2.1600000858306885,2.039999961853028,2.130000114440918,799400
2020-07-08,2.0899999141693115,2.0999999046325684,2.059999942779541,2.069999933242798,567900
2020-07-09,2.2300000190734863,2.319999933242798,2.0299999713897705,2.069999933242798,3355800
2020-07-10,2.220000028610229,2.25,2.150000095367432,2.2100000381469727,1936900
2020-07-13,2.140000104904175,2.2300000190734863,2.119999885559082,2.2100000381469727,890900
2020-07-14,2.150000095367432,2.1600000858306885,2.0999999046325684,2.130000114440918,846800
2020-07-15,2.150000095367432,2.1600000858306885,2.119999885559082,2.150000095367432,596000
2020-07-16,2.119999885559082,2.150000095367432,2.109999895095825,2.150000095367432,330100
2020-07-17,2.130000114440918,2.140000104904175,2.0999999046325684,2.119999885559082,388300
2020-07-20,2.0999999046325684,2.140000104904175,2.0899999141693115,2.0899999141693115,325300
2020-07-21,2.0799999237060547,2.119999885559082,2.049999952316284,2.059999942779541,564200
2020-07-22,2.039999961853028,2.069999933242798,2.0,2.0199999809265137,1616300
2020-07-23,2.0,2.039999961853028,1.9800000190734863,2.0,1738800
2020-07-24,2.0299999713897705,2.0299999713897705,1.9700000286102293,2.0,982800
2020-07-27,1.9900000095367432,2.0199999809265137,1.9900000095367432,2.009999990463257,774000
2020-07-28,1.9900000095367432,2.0,1.9800000190734863,1.9900000095367432,281100
2020-07-29,2.039999961853028,2.039999961853028,1.9700000286102293,1.9800000190734863,651900
2020-07-30,1.9800000190734863,2.0899999141693115,1.9800000190734863,2.049999952316284,587800
2020-07-31,1.9800000190734863,2.0299999713897705,1.9800000190734863,1.9800000190734863,487800
2020-08-03,1.919999957084656,1.9900000095367432,1.899999976158142,1.9800000190734863,1223700
2020-08-04,1.940000057220459,1.9700000286102293,1.870000004768372,1.899999976158142,1293400
2020-08-05,2.039999961853028,2.039999961853028,1.9299999475479128,1.940000057220459,2453300
2020-08-06,2.0899999141693115,2.119999885559082,2.0299999713897705,2.049999952316284,2612700
2020-08-07,2.0999999046325684,2.119999885559082,2.049999952316284,2.0899999141693115,1449300
2020-08-10,2.109999895095825,2.109999895095825,2.049999952316284,2.0899999141693115,1089500
2020-08-11,2.0799999237060547,2.109999895095825,2.069999933242798,2.0899999141693115,1166800
2020-08-12,2.0899999141693115,2.119999885559082,2.049999952316284,2.069999933242798,1538600
2020-08-13,2.130000114440918,2.130000114440918,2.069999933242798,2.0799999237060547,1183500
2020-08-14,2.150000095367432,2.1600000858306885,2.109999895095825,2.130000114440918,1248800
2020-08-17,2.259999990463257,2.3499999046325684,2.119999885559082,2.119999885559082,3444600
2020-08-18,2.25,2.299999952316284,2.200000047683716,2.289999961853028,1681700
2020-08-19,2.240000009536743,2.2699999809265137,2.2100000381469727,2.240000009536743,1067900
2020-08-20,2.180000066757202,2.25,2.1700000762939453,2.2300000190734863,1150300
2020-08-21,2.140000104904175,2.180000066757202,2.0999999046325684,2.1600000858306885,875600
2020-08-24,2.180000066757202,2.220000028610229,2.119999885559082,2.140000104904175,1107500
2020-08-25,2.200000047683716,2.200000047683716,2.1600000858306885,2.180000066757202,1159900
2020-08-26,2.1600000858306885,2.2100000381469727,2.140000104904175,2.180000066757202,750600
2020-08-27,2.1700000762939453,2.180000066757202,2.140000104904175,2.150000095367432,1265200
2020-08-28,2.190000057220459,2.200000047683716,2.150000095367432,2.1600000858306885,1093200
2020-08-31,2.240000009536743,2.309999942779541,2.1700000762939453,2.190000057220459,1859900
2020-09-01,2.200000047683716,2.2699999809265137,2.180000066757202,2.240000009536743,1655100
2020-09-02,2.1700000762939453,2.200000047683716,2.1600000858306885,2.180000066757202,766000
2020-09-03,2.150000095367432,2.180000066757202,2.0999999046325684,2.1600000858306885,1314600
2020-09-04,2.140000104904175,2.1700000762939453,2.0999999046325684,2.119999885559082,790100
2020-09-08,2.059999942779541,2.150000095367432,2.059999942779541,2.150000095367432,814500
2020-09-09,2.069999933242798,2.130000114440918,2.049999952316284,2.069999933242798,654600
2020-09-10,2.059999942779541,2.0999999046325684,2.049999952316284,2.059999942779541,905000
2020-09-11,2.0,2.0799999237060547,2.0,2.069999933242798,1037900
2020-09-14,2.009999990463257,2.039999961853028,2.0,2.009999990463257,760100
2020-09-15,1.9800000190734863,2.009999990463257,1.9700000286102293,2.0,943400
2020-09-16,1.940000057220459,2.0199999809265137,1.9299999475479128,1.9700000286102293,2289900
2020-09-17,1.899999976158142,1.9600000381469729,1.8799999952316284,1.9600000381469729,3527400
2020-09-18,1.940000057220459,1.9700000286102293,1.899999976158142,1.899999976158142,596800
2020-09-21,1.909999966621399,1.9700000286102293,1.899999976158142,1.919999957084656,498600
2020-09-22,1.919999957084656,1.950000047683716,1.899999976158142,1.909999966621399,511900
2020-09-23,1.909999966621399,1.950000047683716,1.8899999856948853,1.940000057220459,1209100
2020-09-24,1.919999957084656,1.9299999475479128,1.850000023841858,1.870000004768372,2874600
2020-09-25,1.9299999475479128,1.9600000381469729,1.8899999856948853,1.919999957084656,1452800
2020-09-28,1.9600000381469729,1.9800000190734863,1.909999966621399,1.940000057220459,681000
2020-09-29,1.940000057220459,1.9700000286102293,1.919999957084656,1.9700000286102293,660300
2020-09-30,1.909999966621399,1.950000047683716,1.899999976158142,1.950000047683716,459900
2020-10-01,1.909999966621399,1.9299999475479128,1.8899999856948853,1.909999966621399,605800
2020-10-02,1.8799999952316284,1.899999976158142,1.850000023841858,1.899999976158142,2047000
2020-10-05,1.919999957084656,1.919999957084656,1.870000004768372,1.870000004768372,2083300
2020-10-06,1.940000057220459,1.950000047683716,1.899999976158142,1.919999957084656,1095400
2020-10-07,1.919999957084656,1.940000057220459,1.899999976158142,1.909999966621399,775900
2020-10-08,1.909999966621399,1.9299999475479128,1.899999976158142,1.909999966621399,1151100
2020-10-09,1.919999957084656,1.9299999475479128,1.909999966621399,1.909999966621399,1351800
2020-10-12,1.9299999475479128,1.9299999475479128,1.899999976158142,1.919999957084656,1743500
2020-10-13,1.909999966621399,1.919999957084656,1.899999976158142,1.909999966621399,796500
2020-10-14,1.8799999952316284,1.909999966621399,1.8600000143051147,1.899999976158142,981000
2020-10-15,1.8600000143051147,1.8799999952316284,1.830000042915344,1.8799999952316284,1230500
2020-10-16,1.820000052452088,1.899999976158142,1.820000052452088,1.850000023841858,2097700
2020-10-19,1.8899999856948853,1.8899999856948853,1.809999942779541,1.820000052452088,1597000
2020-10-20,1.899999976158142,1.899999976158142,1.8600000143051147,1.899999976158142,499200
2020-10-21,1.899999976158142,1.909999966621399,1.8600000143051147,1.8899999856948853,442700
2020-10-22,1.940000057220459,1.940000057220459,1.870000004768372,1.870000004768372,475100
2020-10-23,1.940000057220459,1.950000047683716,1.919999957084656,1.940000057220459,516200
2020-10-26,1.850000023841858,1.940000057220459,1.820000052452088,1.940000057220459,602800
2020-10-27,1.8600000143051147,1.899999976158142,1.8600000143051147,1.899999976158142,429200
2020-10-28,1.840000033378601,1.870000004768372,1.809999942779541,1.850000023841858,485500
2020-10-29,1.830000042915344,1.8799999952316284,1.809999942779541,1.830000042915344,553800
2020-10-30,1.809999942779541,1.840000033378601,1.7999999523162842,1.820000052452088,684900
2020-11-02,1.7999999523162842,1.850000023841858,1.7999999523162842,1.820000052452088,691100
2020-11-03,1.899999976158142,1.950000047683716,1.840000033378601,1.8799999952316284,2524800
2020-11-04,1.7999999523162842,1.9700000286102293,1.7100000381469729,1.909999966621399,2614600
2020-11-05,1.7699999809265137,1.7999999523162842,1.7400000095367432,1.7799999713897705,1610400
2020-11-06,1.7300000190734863,1.7899999618530271,1.7100000381469729,1.7899999618530271,1402300
2020-11-09,1.7799999713897705,1.840000033378601,1.7300000190734863,1.7699999809265137,1948300
2020-11-10,1.75,1.7999999523162842,1.7400000095367432,1.7999999523162842,939500
2020-11-11,1.7000000476837158,1.7599999904632568,1.6699999570846558,1.75,3245800
2020-11-12,1.75,1.75,1.690000057220459,1.7300000190734863,955500
2020-11-13,1.7400000095367432,1.75,1.7000000476837158,1.7100000381469729,1074900
2020-11-16,1.7400000095367432,1.7400000095367432,1.6699999570846558,1.7300000190734863,2051300
2020-11-17,1.7599999904632568,1.7599999904632568,1.7000000476837158,1.7400000095367432,1227400
2020-11-18,1.820000052452088,1.830000042915344,1.7300000190734863,1.7599999904632568,1618900
2020-11-19,1.7599999904632568,1.9299999475479128,1.75,1.820000052452088,3857200
2020-11-20,2.2699999809265137,2.3499999046325684,1.870000004768372,1.919999957084656,13905000
2020-11-23,2.4200000762939453,2.700000047683716,2.0999999046325684,2.369999885559082,11208600
2020-11-24,2.369999885559082,2.5799999237060547,2.319999933242798,2.4800000190734863,4220300
2020-11-25,2.490000009536743,2.5199999809265137,2.359999895095825,2.359999895095825,2985800
2020-11-27,2.5799999237060547,2.5799999237060547,2.5,2.5299999713897705,1665400
2020-11-30,2.859999895095825,2.869999885559082,2.5899999141693115,2.619999885559082,9232100
2020-12-01,2.5899999141693115,3.059999942779541,2.470000028610229,2.900000095367432,7696400
2020-12-02,2.369999885559082,2.549999952316284,2.3499999046325684,2.5199999809265137,3109700
2020-12-03,2.5899999141693115,2.619999885559082,2.2300000190734863,2.4200000762939453,3193000
2020-12-04,2.619999885559082,2.75,2.4100000858306885,2.640000104904175,2223800
2020-12-07,2.640000104904175,2.720000028610229,2.5899999141693115,2.690000057220459,1589000
2020-12-08,2.559999942779541,2.680000066757202,2.5299999713897705,2.650000095367432,1299400
2020-12-09,2.809999942779541,3.0799999237060547,2.5899999141693115,2.5999999046325684,12479200
2020-12-10,2.75,2.809999942779541,2.5799999237060547,2.759999990463257,3072800
2020-12-11,2.740000009536743,2.759999990463257,2.6700000762939453,2.75,1925900
2020-12-14,2.690000057220459,2.9100000858306885,2.680000066757202,2.9100000858306885,3204000
2020-12-15,2.2699999809265137,2.440000057220459,2.0199999809265137,2.400000095367432,11088900
2020-12-16,2.369999885559082,2.380000114440918,2.109999895095825,2.259999990463257,5955200
2020-12-17,2.400000095367432,2.4600000381469727,2.3399999141693115,2.369999885559082,2932300
2020-12-18,2.549999952316284,2.5999999046325684,2.390000104904175,2.400000095367432,2684500
2020-12-21,2.470000028610229,2.5299999713897705,2.369999885559082,2.5,2043300
2020-12-22,2.400000095367432,2.4800000190734863,2.400000095367432,2.4800000190734863,1169100
2020-12-23,2.369999885559082,2.440000057220459,2.369999885559082,2.400000095367432,949800
2020-12-24,2.2699999809265137,2.390000104904175,2.259999990463257,2.3499999046325684,1188200
2020-12-28,2.2699999809265137,2.380000114440918,2.2300000190734863,2.240000009536743,1871600
2020-12-29,2.319999933242798,2.369999885559082,2.25,2.25,1820100
2020-12-30,2.309999942779541,2.400000095367432,2.299999952316284,2.319999933242798,2544900
2020-12-31,2.3299999237060547,2.359999895095825,2.259999990463257,2.299999952316284,2042200
2021-01-04,2.3299999237060547,2.359999895095825,2.2699999809265137,2.3499999046325684,2066800
2021-01-05,2.2799999713897705,2.3399999141693115,2.2300000190734863,2.2699999809265137,1814600
2021-01-06,2.190000057220459,2.2799999713897705,2.119999885559082,2.25,3252400
2021-01-07,2.009999990463257,2.190000057220459,1.9700000286102293,2.1700000762939453,5432900
2021-01-08,1.909999966621399,2.0,1.870000004768372,1.9800000190734863,5106800
2021-01-11,2.0299999713897705,2.0899999141693115,1.899999976158142,1.909999966621399,3125400
2021-01-12,2.0199999809265137,2.0999999046325684,1.950000047683716,2.0,2454100
2021-01-13,1.9800000190734863,2.049999952316284,1.909999966621399,2.049999952316284,2429500
2021-01-14,1.9700000286102293,2.039999961853028,1.950000047683716,1.9700000286102293,1913600
2021-01-15,1.820000052452088,1.9700000286102293,1.7999999523162842,1.9700000286102293,10334000
2021-01-19,1.899999976158142,1.950000047683716,1.7200000286102295,1.8600000143051147,7797300
2021-01-20,1.8600000143051147,1.909999966621399,1.820000052452088,1.899999976158142,3354000
2021-01-21,1.7999999523162842,1.870000004768372,1.7899999618530271,1.840000033378601,2073100
2021-01-22,1.7599999904632568,1.7999999523162842,1.7000000476837158,1.7999999523162842,3670600
2021-01-25,1.830000042915344,1.8600000143051147,1.7300000190734863,1.75,2186000
2021-01-26,1.8600000143051147,1.9299999475479128,1.840000033378601,1.850000023841858,1948300
2021-01-27,2.049999952316284,2.0799999237060547,1.820000052452088,1.870000004768372,17775900
2021-01-28,1.919999957084656,2.150000095367432,1.919999957084656,2.049999952316284,4508200
2021-01-29,1.8600000143051147,1.9900000095367432,1.850000023841858,1.9800000190734863,1588200
2021-02-01,1.8899999856948853,1.950000047683716,1.850000023841858,1.8600000143051147,1270600
2021-02-02,1.8899999856948853,1.919999957084656,1.850000023841858,1.899999976158142,1120700
2021-02-03,1.8799999952316284,1.899999976158142,1.850000023841858,1.899999976158142,1003700
2021-02-04,1.8799999952316284,1.8899999856948853,1.850000023841858,1.8799999952316284,976500
2021-02-05,1.870000004768372,1.8799999952316284,1.850000023841858,1.8799999952316284,648700
2021-02-08,1.8600000143051147,1.8799999952316284,1.850000023841858,1.870000004768372,908700
2021-02-09,1.8600000143051147,1.8799999952316284,1.840000033378601,1.850000023841858,1084900
2021-02-10,1.820000052452088,1.8600000143051147,1.809999942779541,1.8600000143051147,1370200
2021-02-11,1.809999942779541,1.840000033378601,1.809999942779541,1.809999942779541,650400
2021-02-12,1.809999942779541,1.840000033378601,1.7999999523162842,1.820000052452088,814200
2021-02-16,1.820000052452088,1.909999966621399,1.809999942779541,1.909999966621399,859700
2021-02-17,1.809999942779541,1.820000052452088,1.7999999523162842,1.809999942779541,690600
2021-02-18,1.7999999523162842,1.809999942779541,1.7799999713897705,1.809999942779541,895000
2021-02-19,1.7999999523162842,1.820000052452088,1.7899999618530271,1.7999999523162842,660500
2021-02-22,1.7799999713897705,1.7999999523162842,1.7699999809265137,1.7999999523162842,1006700
2021-02-23,1.7599999904632568,1.7799999713897705,1.7300000190734863,1.7699999809265137,1713200
2021-02-24,1.7400000095367432,1.7699999809265137,1.7000000476837158,1.75,2133700
2021-02-25,1.7200000286102295,1.7699999809265137,1.7100000381469729,1.7599999904632568,899700
2021-02-26,1.809999942779541,1.820000052452088,1.7100000381469729,1.7200000286102295,1574900
2021-03-01,1.809999942779541,1.899999976158142,1.7599999904632568,1.820000052452088,1860600
2021-03-02,1.7799999713897705,1.830000042915344,1.7599999904632568,1.830000042915344,738000
2021-03-03,1.7899999618530271,1.809999942779541,1.7599999904632568,1.7799999713897705,1434600
2021-03-04,1.7899999618530271,1.840000033378601,1.7599999904632568,1.7799999713897705,1352700
2021-03-05,1.7799999713897705,1.919999957084656,1.7599999904632568,1.809999942779541,2523500
2021-03-08,1.7999999523162842,1.8600000143051147,1.7999999523162842,1.7999999523162842,1097600
2021-03-09,1.820000052452088,1.850000023841858,1.809999942779541,1.809999942779541,877900
2021-03-10,1.7999999523162842,1.830000042915344,1.7999999523162842,1.820000052452088,944600
2021-03-11,1.850000023841858,1.870000004768372,1.7999999523162842,1.830000042915344,1206000
2021-03-12,1.870000004768372,1.8799999952316284,1.830000042915344,1.850000023841858,936900
2021-03-15,1.840000033378601,1.8600000143051147,1.830000042915344,1.850000023841858,1658300
2021-03-16,1.850000023841858,1.850000023841858,1.809999942779541,1.840000033378601,650800
2021-03-17,1.830000042915344,1.850000023841858,1.830000042915344,1.840000033378601,299300
2021-03-18,1.850000023841858,1.8600000143051147,1.7999999523162842,1.830000042915344,1037200
2021-03-19,1.850000023841858,1.8600000143051147,1.820000052452088,1.8600000143051147,493200
2021-03-22,1.840000033378601,1.870000004768372,1.840000033378601,1.850000023841858,1215900
2021-03-23,1.850000023841858,1.8799999952316284,1.840000033378601,1.840000033378601,676000
2021-03-24,1.850000023841858,1.8799999952316284,1.840000033378601,1.840000033378601,1083800
2021-03-25,1.8600000143051147,1.8799999952316284,1.840000033378601,1.850000023841858,762000
2021-03-26,1.8600000143051147,1.870000004768372,1.850000023841858,1.8600000143051147,416800
2021-03-29,1.9600000381469729,1.9600000381469729,1.850000023841858,1.8600000143051147,2238000
2021-03-30,1.9600000381469729,1.9600000381469729,1.909999966621399,1.919999957084656,1423600
2021-03-31,2.049999952316284,2.0799999237060547,1.9600000381469729,1.9600000381469729,2977700
2021-04-01,2.0199999809265137,2.069999933242798,2.009999990463257,2.059999942779541,734600
2021-04-05,2.0299999713897705,2.059999942779541,2.0,2.0199999809265137,1274600
2021-04-06,2.0199999809265137,2.049999952316284,2.0,2.0199999809265137,862700
2021-04-07,2.180000066757202,2.190000057220459,2.0199999809265137,2.0199999809265137,3683700
2021-04-08,2.390000104904175,2.400000095367432,2.1700000762939453,2.180000066757202,5542300
2021-04-09,2.309999942779541,2.450000047683716,2.25,2.4100000858306885,3067800
2021-04-12,2.1700000762939453,2.309999942779541,2.150000095367432,2.309999942779541,2122500
2021-04-13,2.130000114440918,2.180000066757202,2.059999942779541,2.1700000762939453,1505500
2021-04-14,2.200000047683716,2.2799999713897705,2.0999999046325684,2.119999885559082,959800
2021-04-15,2.2699999809265137,2.2799999713897705,2.1700000762939453,2.240000009536743,1691000
2021-04-16,2.359999895095825,2.440000057220459,2.200000047683716,2.2699999809265137,4065400
2021-04-19,2.369999885559082,2.430000066757202,2.319999933242798,2.359999895095825,1528200
2021-04-20,2.299999952316284,2.380000114440918,2.2300000190734863,2.369999885559082,2260800
2021-04-21,2.369999885559082,2.400000095367432,2.25,2.259999990463257,1965100
2021-04-22,2.400000095367432,2.4100000858306885,2.3299999237060547,2.390000104904175,2071200
2021-04-23,2.440000057220459,2.450000047683716,2.3399999141693115,2.4100000858306885,2267200
2021-04-26,2.430000066757202,2.4600000381469727,2.380000114440918,2.4100000858306885,723700
2021-04-27,2.400000095367432,2.430000066757202,2.369999885559082,2.430000066757202,797900
2021-04-28,2.400000095367432,2.4100000858306885,2.380000114440918,2.400000095367432,766600
2021-04-29,2.400000095367432,2.4100000858306885,2.3499999046325684,2.369999885559082,1730700
2021-04-30,2.390000104904175,2.400000095367432,2.369999885559082,2.390000104904175,575900
2021-05-03,2.380000114440918,2.400000095367432,2.359999895095825,2.369999885559082,579300
2021-05-04,2.220000028610229,2.369999885559082,2.130000114440918,2.369999885559082,3223700
2021-05-05,2.240000009536743,2.240000009536743,2.150000095367432,2.200000047683716,1330000
2021-05-06,2.2100000381469727,2.240000009536743,2.150000095367432,2.2100000381469727,966200
2021-05-07,2.1700000762939453,2.220000028610229,2.1600000858306885,2.2100000381469727,1099200
2021-05-10,2.1600000858306885,2.2100000381469727,2.140000104904175,2.1600000858306885,774500
2021-05-11,2.0799999237060547,2.190000057220459,2.039999961853028,2.190000057220459,1878600
2021-05-12,2.130000114440918,2.1600000858306885,2.039999961853028,2.0799999237060547,1379900
2021-05-13,2.0799999237060547,2.119999885559082,2.059999942779541,2.059999942779541,380200
2021-05-14,2.150000095367432,2.180000066757202,2.0899999141693115,2.0899999141693115,546300
2021-05-17,2.1700000762939453,2.180000066757202,2.130000114440918,2.140000104904175,538700
2021-05-18,2.1700000762939453,2.180000066757202,2.140000104904175,2.1700000762939453,299800
2021-05-19,2.130000114440918,2.1700000762939453,2.130000114440918,2.1600000858306885,422700
2021-05-20,2.109999895095825,2.140000104904175,2.069999933242798,2.140000104904175,715000
2021-05-21,2.180000066757202,2.200000047683716,2.0899999141693115,2.0999999046325684,480500
2021-05-24,2.1600000858306885,2.220000028610229,2.150000095367432,2.190000057220459,356500
2021-05-25,2.0899999141693115,2.180000066757202,2.0899999141693115,2.150000095367432,410100
2021-05-26,2.140000104904175,2.1600000858306885,2.0899999141693115,2.0899999141693115,665700
2021-05-27,2.1700000762939453,2.180000066757202,2.130000114440918,2.140000104904175,541900
2021-05-28,2.1700000762939453,2.180000066757202,2.130000114440918,2.180000066757202,592000
2021-06-01,2.2799999713897705,2.3299999237060547,2.1600000858306885,2.1600000858306885,1486800
2021-06-02,2.3299999237060547,2.3399999141693115,2.2300000190734863,2.2699999809265137,711300
2021-06-03,2.299999952316284,2.369999885559082,2.259999990463257,2.299999952316284,484800
2021-06-04,2.319999933242798,2.3499999046325684,2.2799999713897705,2.2799999713897705,414500
2021-06-07,2.400000095367432,2.400000095367432,2.3299999237060547,2.3499999046325684,1419400
2021-06-08,2.380000114440918,2.380000114440918,2.3299999237060547,2.3499999046325684,1467600
2021-06-09,2.380000114440918,2.390000104904175,2.3399999141693115,2.359999895095825,894000
2021-06-10,2.430000066757202,2.450000047683716,2.369999885559082,2.390000104904175,947900
2021-06-11,2.390000104904175,2.4100000858306885,2.369999885559082,2.400000095367432,1012100
2021-06-14,2.3499999046325684,2.4100000858306885,2.25,2.380000114440918,1107000
2021-06-15,2.289999961853028,2.369999885559082,2.25,2.3299999237060547,716000
2021-06-16,2.299999952316284,2.319999933242798,2.25,2.289999961853028,428700
2021-06-17,2.220000028610229,2.3399999141693115,2.150000095367432,2.309999942779541,1464600
2021-06-18,2.259999990463257,2.259999990463257,2.1700000762939453,2.180000066757202,247900
2021-06-21,2.2799999713897705,2.3499999046325684,2.240000009536743,2.259999990463257,503700
2021-06-22,2.2300000190734863,2.299999952316284,2.180000066757202,2.259999990463257,724900
2021-06-23,1.409999966621399,2.4600000381469727,1.2100000381469729,2.2100000381469727,41282300
2021-06-24,1.2999999523162842,1.5499999523162842,1.2799999713897705,1.5499999523162842,18795300
2021-06-25,1.2400000095367432,1.3300000429153442,1.1799999475479126,1.3200000524520874,13891100
2021-06-28,1.2000000476837158,1.399999976158142,1.1799999475479126,1.2400000095367432,8037500
2021-06-29,1.3200000524520874,1.340000033378601,1.2100000381469729,1.2300000190734863,8020800
2021-06-30,1.440000057220459,1.5199999809265137,1.3200000524520874,1.3200000524520874,10891500
2021-07-01,1.350000023841858,1.5,1.3300000429153442,1.4900000095367432,6800200
2021-07-02,1.3700000047683716,1.3700000047683716,1.309999942779541,1.340000033378601,2072200
2021-07-06,1.3200000524520874,1.409999966621399,1.3200000524520874,1.3700000047683716,1738000
2021-07-07,1.2799999713897705,1.3899999856948853,1.2799999713897705,1.3899999856948853,2952400
2021-07-08,1.2200000286102295,1.2799999713897705,1.2100000381469729,1.2799999713897705,4409100
2021-07-09,1.2100000381469729,1.25,1.2000000476837158,1.2400000095367432,7991000
2021-07-12,1.2400000095367432,1.2599999904632568,1.2000000476837158,1.2400000095367432,2991700
2021-07-13,1.2200000286102295,1.2699999809265137,1.2100000381469729,1.2400000095367432,2552900
2021-07-14,1.2000000476837158,1.2400000095367432,1.1799999475479126,1.2200000286102295,3342900
2021-07-15,1.190000057220459,1.2200000286102295,1.1799999475479126,1.2000000476837158,3042900
2021-07-16,1.159999966621399,1.2100000381469729,1.159999966621399,1.190000057220459,3435500
2021-07-19,1.149999976158142,1.190000057220459,1.1200000047683716,1.159999966621399,4026000
2021-07-20,1.2000000476837158,1.2100000381469729,1.149999976158142,1.1699999570846558,1786000
2021-07-21,1.190000057220459,1.2599999904632568,1.1799999475479126,1.2000000476837158,2786400
2021-07-22,1.159999966621399,1.2000000476837158,1.149999976158142,1.190000057220459,1568400
2021-07-23,1.149999976158142,1.190000057220459,1.149999976158142,1.190000057220459,2149600
2021-07-26,1.1299999952316284,1.159999966621399,1.1200000047683716,1.159999966621399,1985300
2021-07-27,1.1299999952316284,1.149999976158142,1.1100000143051147,1.149999976158142,1799200
2021-07-28,1.1399999856948853,1.159999966621399,1.1200000047683716,1.1299999952316284,1437300
2021-07-29,1.1200000047683716,1.1399999856948853,1.100000023841858,1.1299999952316284,4022500
2021-07-30,1.1100000143051147,1.1200000047683716,1.100000023841858,1.1100000143051147,2421500
2021-08-02,1.1200000047683716,1.1299999952316284,1.100000023841858,1.1200000047683716,1389200
2021-08-03,1.100000023841858,1.1200000047683716,1.100000023841858,1.1200000047683716,1447700
2021-08-04,1.0800000429153442,1.1200000047683716,1.0800000429153442,1.100000023841858,1238200
2021-08-05,1.0800000429153442,1.090000033378601,1.059999942779541,1.090000033378601,1282000
2021-08-06,1.090000033378601,1.090000033378601,1.059999942779541,1.0800000429153442,986700
2021-08-09,1.0800000429153442,1.1100000143051147,1.0800000429153442,1.100000023841858,1592000
2021-08-10,1.0399999618530271,1.090000033378601,1.0399999618530271,1.090000033378601,2404200
2021-08-11,1.0399999618530271,1.059999942779541,1.0299999713897705,1.059999942779541,1848200
2021-08-12,1.0199999809265137,1.059999942779541,1.0199999809265137,1.0299999713897705,1949300
2021-08-13,1.0199999809265137,1.0299999713897705,1.0,1.0099999904632568,2522800
2021-08-16,1.0099999904632568,1.0199999809265137,1.0,1.0099999904632568,1530300
2021-08-17,0.9900000095367432,1.0099999904632568,0.959999978542328,1.0099999904632568,4152600
2021-08-18,0.959999978542328,0.9900000095367432,0.949999988079071,0.9800000190734864,2091000
2021-08-19,0.8600000143051147,0.949999988079071,0.8299999833106995,0.9399999976158142,7458400
2021-08-20,0.9300000071525574,0.949999988079071,0.800000011920929,0.8600000143051147,4249600
2021-08-23,0.9300000071525574,0.949999988079071,0.8700000047683716,0.9300000071525574,2264400
2021-08-24,1.0199999809265137,1.0499999523162842,0.9200000166893004,0.9200000166893004,3297800
2021-08-25,1.0,1.059999942779541,0.9800000190734864,1.0199999809265137,2610600
2021-08-26,1.0,1.0199999809265137,0.9700000286102296,1.0,1307700
2021-08-27,0.9700000286102296,1.0199999809265137,0.9399999976158142,1.0,1762500
2021-08-30,0.9399999976158142,0.9800000190734864,0.9399999976158142,0.959999978542328,1489300
2021-08-31,0.9399999976158142,0.949999988079071,0.9200000166893004,0.9399999976158142,929800
2021-09-01,0.9300000071525574,0.949999988079071,0.9200000166893004,0.9399999976158142,1080600
2021-09-02,0.949999988079071,0.959999978542328,0.9300000071525574,0.9399999976158142,1569200
2021-09-03,0.9399999976158142,0.949999988079071,0.9300000071525574,0.949999988079071,869500
2021-09-07,0.9300000071525574,0.949999988079071,0.9200000166893004,0.9399999976158142,1446000
2021-09-08,0.8999999761581421,0.9399999976158142,0.8999999761581421,0.9300000071525574,1720700
2021-09-09,0.9300000071525574,0.949999988079071,0.8999999761581421,0.9100000262260436,1039600
2021-09-10,0.9300000071525574,0.949999988079071,0.9300000071525574,0.9399999976158142,715000
2021-09-13,0.949999988079071,0.9700000286102296,0.9200000166893004,0.9300000071525574,3810400
2021-09-14,0.9200000166893004,0.959999978542328,0.8999999761581421,0.959999978542328,3402500
2021-09-15,0.9100000262260436,0.9200000166893004,0.8600000143051147,0.9200000166893004,7649900
2021-09-16,0.9300000071525574,0.9300000071525574,0.8899999856948853,0.9200000166893004,6514400
2021-09-17,0.9100000262260436,0.9300000071525574,0.8999999761581421,0.9200000166893004,2826100
2021-09-20,0.8799999952316284,0.9200000166893004,0.8700000047683716,0.9200000166893004,2615600
2021-09-21,0.8799999952316284,0.8999999761581421,0.8600000143051147,0.8700000047683716,1510900
2021-09-22,0.8799999952316284,0.8999999761581421,0.8600000143051147,0.8799999952316284,1658700
2021-09-23,0.8600000143051147,0.8799999952316284,0.8399999737739563,0.8700000047683716,2697400
2021-09-24,0.8600000143051147,0.8600000143051147,0.8399999737739563,0.8600000143051147,1814100
2021-09-27,0.8399999737739563,0.8700000047683716,0.8299999833106995,0.8500000238418579,1835100
2021-09-28,0.8100000023841858,0.8500000238418579,0.8100000023841858,0.8399999737739563,1746600
2021-09-29,0.8199999928474426,0.8199999928474426,0.800000011920929,0.8100000023841858,951100
2021-09-30,0.8199999928474426,0.8399999737739563,0.800000011920929,0.8100000023841858,2427800
2021-10-01,0.8299999833106995,0.8299999833106995,0.800000011920929,0.8100000023841858,1619300
2021-10-04,0.7900000214576721,0.8299999833106995,0.7699999809265137,0.8299999833106995,2195100
2021-10-05,0.7599999904632568,0.800000011920929,0.75,0.7900000214576721,3829200
2021-10-06,0.7099999785423279,0.7599999904632568,0.699999988079071,0.7599999904632568,4082500
2021-10-07,0.7099999785423279,0.7400000095367432,0.6899999976158142,0.699999988079071,4583700
2021-10-08,0.7200000286102295,0.7200000286102295,0.6899999976158142,0.7200000286102295,2274500
2021-10-11,0.7200000286102295,0.7300000190734863,0.699999988079071,0.7300000190734863,2143100
2021-10-12,0.7099999785423279,0.7300000190734863,0.699999988079071,0.7099999785423279,2347300
2021-10-13,0.7099999785423279,0.7200000286102295,0.699999988079071,0.699999988079071,1152000
2021-10-14,0.7300000190734863,0.75,0.699999988079071,0.7099999785423279,7513800
2021-10-15,0.75,0.7599999904632568,0.7300000190734863,0.7400000095367432,6665100
2021-10-18,0.9300000071525574,0.9300000071525574,0.7400000095367432,0.75,5681700
2021-10-19,0.9300000071525574,1.0499999523162842,0.9300000071525574,0.949999988079071,8053000
2021-10-20,0.8700000047683716,0.959999978542328,0.8500000238418579,0.949999988079071,2841600
2021-10-21,0.8500000238418579,0.8899999856948853,0.8199999928474426,0.8600000143051147,2053100
2021-10-22,0.8299999833106995,0.8700000047683716,0.800000011920929,0.8500000238418579,3264600
2021-10-25,0.8399999737739563,0.8600000143051147,0.7900000214576721,0.8199999928474426,2131200
2021-10-26,0.8500000238418579,0.8500000238418579,0.800000011920929,0.8500000238418579,1593000
2021-10-27,0.8899999856948853,0.8899999856948853,0.8199999928474426,0.8500000238418579,1746900
2021-10-28,0.8700000047683716,0.9900000095367432,0.8600000143051147,0.8899999856948853,4291100
2021-10-29,0.8899999856948853,0.8999999761581421,0.8600000143051147,0.8700000047683716,801300
2021-11-01,0.9300000071525574,0.949999988079071,0.8700000047683716,0.8799999952316284,1736500
2021-11-02,0.9399999976158142,0.959999978542328,0.9200000166893004,0.9399999976158142,1161300
2021-11-03,0.9900000095367432,1.0,0.9300000071525574,0.9399999976158142,2254000
2021-11-04,1.0499999523162842,1.0800000429153442,0.9900000095367432,1.0,3453200
2021-11-05,0.9900000095367432,1.100000023841858,0.9700000286102296,1.0499999523162842,1889800
2021-11-08,0.9800000190734864,1.0099999904632568,0.949999988079071,0.9800000190734864,1311600
2021-11-09,0.959999978542328,1.0099999904632568,0.949999988079071,0.949999988079071,989400
2021-11-10,0.9800000190734864,1.0099999904632568,0.959999978542328,0.959999978542328,2144500
2021-11-11,1.0,1.0099999904632568,0.9700000286102296,0.9800000190734864,745500
2021-11-12,1.0,1.0099999904632568,0.9800000190734864,1.0,812200
2021-11-15,0.9700000286102296,1.0,0.949999988079071,1.0,864900
2021-11-16,0.9399999976158142,0.9700000286102296,0.9399999976158142,0.9700000286102296,1000500
2021-11-17,0.9399999976158142,0.9700000286102296,0.9399999976158142,0.959999978542328,890700
2021-11-18,0.9200000166893004,0.959999978542328,0.8999999761581421,0.949999988079071,918200
2021-11-19,0.9300000071525574,0.9399999976158142,0.9100000262260436,0.9300000071525574,936200
2021-11-22,0.9200000166893004,0.949999988079071,0.9200000166893004,0.949999988079071,1364100
2021-11-23,0.8999999761581421,0.9700000286102296,0.8999999761581421,0.9200000166893004,1098000
2021-11-24,0.9100000262260436,0.9200000166893004,0.8799999952316284,0.8999999761581421,173117100
2021-11-26,0.9100000262260436,0.9200000166893004,0.8700000047683716,0.9200000166893004,965500
2021-11-29,0.8799999952316284,0.9200000166893004,0.8500000238418579,0.8899999856948853,2603100
2021-11-30,1.100000023841858,1.149999976158142,0.8600000143051147,0.8799999952316284,7297400
2021-12-01,1.0700000524520874,1.2100000381469729,1.0399999618530271,1.100000023841858,6730800
2021-12-02,1.0199999809265137,1.0700000524520874,0.9800000190734864,1.0299999713897705,3503700
2021-12-03,0.959999978542328,1.0399999618530271,0.959999978542328,1.0,1744100
2021-12-06,0.9300000071525574,0.9700000286102296,0.8999999761581421,0.949999988079071,2067200
2021-12-07,0.9399999976158142,0.959999978542328,0.9100000262260436,0.9200000166893004,1660200
2021-12-08,0.959999978542328,0.959999978542328,0.9300000071525574,0.9399999976158142,892500
2021-12-09,1.0199999809265137,1.0800000429153442,0.959999978542328,0.959999978542328,4951500
2021-12-10,0.9900000095367432,1.0499999523162842,0.9900000095367432,1.0099999904632568,3305500
2021-12-13,0.959999978542328,0.9900000095367432,0.949999988079071,0.9900000095367432,981600
2021-12-14,0.959999978542328,0.9800000190734864,0.949999988079071,0.9800000190734864,1070600
2021-12-15,0.9399999976158142,0.959999978542328,0.9300000071525574,0.9399999976158142,1349700
2021-12-16,0.9399999976158142,0.949999988079071,0.9300000071525574,0.9399999976158142,942100
2021-12-17,0.9300000071525574,0.949999988079071,0.9300000071525574,0.9300000071525574,577100
2021-12-20,0.8999999761581421,0.949999988079071,0.8999999761581421,0.9399999976158142,589500
2021-12-21,0.8999999761581421,0.9300000071525574,0.8899999856948853,0.8999999761581421,923700
2021-12-22,0.8999999761581421,0.9200000166893004,0.8899999856948853,0.9200000166893004,870800
2021-12-23,0.8999999761581421,0.9100000262260436,0.8899999856948853,0.8999999761581421,961100
2021-12-27,0.8799999952316284,0.9200000166893004,0.8700000047683716,0.8999999761581421,99803600
2021-12-28,0.8799999952316284,0.8999999761581421,0.8799999952316284,0.8899999856948853,1283600
2021-12-29,0.8600000143051147,0.8899999856948853,0.8600000143051147,0.8799999952316284,1129200
2021-12-30,0.8399999737739563,0.8600000143051147,0.8399999737739563,0.8600000143051147,2588500
2021-12-31,0.8299999833106995,0.8500000238418579,0.8299999833106995,0.8399999737739563,2831100
2022-01-03,0.9100000262260436,0.9300000071525574,0.8299999833106995,0.8700000047683716,1840500
2022-01-04,0.8999999761581421,0.9200000166893004,0.8899999856948853,0.9200000166893004,414300
2022-01-05,0.9100000262260436,0.9300000071525574,0.8799999952316284,0.8999999761581421,744800
2022-01-06,0.8899999856948853,0.9300000071525574,0.8700000047683716,0.9300000071525574,608000
2022-01-07,0.8899999856948853,0.9100000262260436,0.8700000047683716,0.8700000047683716,562700
2022-01-10,0.8799999952316284,0.8999999761581421,0.8500000238418579,0.8899999856948853,587100
2022-01-11,0.8899999856948853,0.8999999761581421,0.8700000047683716,0.8799999952316284,626400
2022-01-12,0.8999999761581421,0.8999999761581421,0.8799999952316284,0.8899999856948853,687500
2022-01-13,0.8899999856948853,0.8999999761581421,0.8799999952316284,0.8999999761581421,623500
2022-01-14,0.8799999952316284,0.8999999761581421,0.8700000047683716,0.8999999761581421,490400
2022-01-18,0.8799999952316284,0.8899999856948853,0.8600000143051147,0.8799999952316284,591200
2022-01-19,0.9399999976158142,0.9399999976158142,0.8600000143051147,0.8700000047683716,1602000
2022-01-20,0.949999988079071,0.949999988079071,0.8799999952316284,0.9200000166893004,2400300
2022-01-21,0.8799999952316284,0.949999988079071,0.8799999952316284,0.9100000262260436,1437900
2022-01-24,0.8399999737739563,0.8799999952316284,0.800000011920929,0.8700000047683716,2300400
2022-01-25,0.8399999737739563,0.8600000143051147,0.800000011920929,0.8500000238418579,1064700
2022-01-26,0.8399999737739563,0.8500000238418579,0.8299999833106995,0.8500000238418579,452200
2022-01-27,0.8199999928474426,0.8399999737739563,0.8100000023841858,0.8399999737739563,580400
2022-01-28,0.8199999928474426,0.8299999833106995,0.800000011920929,0.8199999928474426,699900
2022-01-31,0.8299999833106995,0.8299999833106995,0.8100000023841858,0.8299999833106995,867700
2022-02-01,0.8399999737739563,0.8399999737739563,0.8100000023841858,0.8299999833106995,666900
2022-02-02,0.8500000238418579,0.8600000143051147,0.8299999833106995,0.8399999737739563,516100
2022-02-03,0.8399999737739563,0.8600000143051147,0.8299999833106995,0.8500000238418579,460900
2022-02-04,0.8500000238418579,0.8500000238418579,0.8299999833106995,0.8500000238418579,1365100
2022-02-07,0.8700000047683716,0.8700000047683716,0.8399999737739563,0.8500000238418579,605300
2022-02-08,0.8700000047683716,0.8799999952316284,0.8500000238418579,0.8600000143051147,438600
2022-02-09,0.8799999952316284,0.9200000166893004,0.8799999952316284,0.8799999952316284,812900
2022-02-10,0.8799999952316284,0.8899999856948853,0.8700000047683716,0.8799999952316284,290700
2022-02-11,0.8700000047683716,0.8999999761581421,0.8700000047683716,0.8799999952316284,558500
2022-02-14,0.8799999952316284,0.8899999856948853,0.8600000143051147,0.8700000047683716,423000
2022-02-15,0.8799999952316284,0.8899999856948853,0.8500000238418579,0.8700000047683716,447100
2022-02-16,0.8700000047683716,0.8899999856948853,0.8600000143051147,0.8799999952316284,207100
2022-02-17,0.8299999833106995,0.8700000047683716,0.8299999833106995,0.8700000047683716,668100
2022-02-18,0.8299999833106995,0.8700000047683716,0.8299999833106995,0.8299999833106995,378100
2022-02-22,0.800000011920929,0.8399999737739563,0.800000011920929,0.8299999833106995,943100
2022-02-23,0.7900000214576721,0.8199999928474426,0.7900000214576721,0.800000011920929,895600
2022-02-24,0.7900000214576721,0.7900000214576721,0.75,0.7799999713897705,1571200
2022-02-25,0.800000011920929,0.8399999737739563,0.7900000214576721,0.7900000214576721,636600
2022-02-28,0.8299999833106995,0.8399999737739563,0.800000011920929,0.8100000023841858,516300
2022-03-01,0.8399999737739563,0.8500000238418579,0.8299999833106995,0.8299999833106995,748400
2022-03-02,0.8399999737739563,0.8500000238418579,0.8299999833106995,0.8399999737739563,342100
2022-03-03,0.8100000023841858,0.8500000238418579,0.800000011920929,0.8500000238418579,653100
2022-03-04,0.800000011920929,0.8299999833106995,0.7699999809265137,0.8100000023841858,1132800
2022-03-07,0.7699999809265137,0.8100000023841858,0.7599999904632568,0.8100000023841858,739500
2022-03-08,0.7799999713897705,0.800000011920929,0.75,0.7599999904632568,1144300
2022-03-09,0.7900000214576721,0.800000011920929,0.7699999809265137,0.7900000214576721,496500
2022-03-10,0.7799999713897705,0.800000011920929,0.7599999904632568,0.7900000214576721,708500
2022-03-11,0.7699999809265137,0.7799999713897705,0.7599999904632568,0.7699999809265137,298200
2022-03-14,0.75,0.7599999904632568,0.75,0.75,993700
2022-03-15,0.75,0.7699999809265137,0.75,0.75,309300
2022-03-16,0.7799999713897705,0.7900000214576721,0.75,0.7599999904632568,555900
2022-03-17,0.800000011920929,0.8100000023841858,0.7799999713897705,0.7900000214576721,704200
2022-03-18,0.8100000023841858,0.8100000023841858,0.7799999713897705,0.800000011920929,673900
2022-03-21,0.8299999833106995,0.8500000238418579,0.800000011920929,0.8100000023841858,1366700
2022-03-22,0.8299999833106995,0.8399999737739563,0.8199999928474426,0.8299999833106995,524600
2022-03-23,0.8199999928474426,0.8299999833106995,0.800000011920929,0.8299999833106995,949000
2022-03-24,0.8100000023841858,0.8299999833106995,0.800000011920929,0.8299999833106995,388800
2022-03-25,0.7900000214576721,0.8199999928474426,0.7900000214576721,0.8199999928474426,482000
2022-03-28,0.8100000023841858,0.8199999928474426,0.7900000214576721,0.800000011920929,353400
2022-03-29,0.7900000214576721,0.8100000023841858,0.7900000214576721,0.800000011920929,840200
2022-03-30,0.7900000214576721,0.800000011920929,0.7699999809265137,0.7900000214576721,736000
2022-03-31,0.7900000214576721,0.800000011920929,0.7599999904632568,0.7699999809265137,641100
2022-04-01,0.8199999928474426,0.8299999833106995,0.7799999713897705,0.7799999713897705,2967300
2022-04-04,0.8100000023841858,0.8600000143051147,0.8100000023841858,0.8199999928474426,1041000
2022-04-05,0.800000011920929,0.8199999928474426,0.7900000214576721,0.8199999928474426,1165000
2022-04-06,0.7900000214576721,0.8100000023841858,0.7900000214576721,0.7900000214576721,419200
2022-04-07,0.7900000214576721,0.8199999928474426,0.7699999809265137,0.8199999928474426,1189500
2022-04-08,0.7799999713897705,0.7900000214576721,0.7799999713897705,0.7900000214576721,420600
2022-04-11,0.7699999809265137,0.7799999713897705,0.7599999904632568,0.7799999713897705,526700
2022-04-12,0.7699999809265137,0.7799999713897705,0.7599999904632568,0.7799999713897705,569900
2022-04-13,0.7799999713897705,0.7900000214576721,0.7599999904632568,0.7699999809265137,669000
2022-04-14,0.7799999713897705,0.800000011920929,0.7599999904632568,0.7799999713897705,468500
2022-04-18,0.7699999809265137,0.7900000214576721,0.7599999904632568,0.7799999713897705,601700
2022-04-19,0.7699999809265137,0.7799999713897705,0.7599999904632568,0.7699999809265137,427700
2022-04-20,0.7699999809265137,0.7799999713897705,0.7599999904632568,0.7699999809265137,398300
2022-04-21,0.7699999809265137,0.7799999713897705,0.7599999904632568,0.7599999904632568,663900
2022-04-22,0.75,0.7799999713897705,0.75,0.7699999809265137,351100
2022-04-25,0.75,0.7599999904632568,0.75,0.75,444300
2022-04-26,0.75,0.7599999904632568,0.7400000095367432,0.7599999904632568,1420800
2022-04-27,0.7400000095367432,0.7699999809265137,0.7400000095367432,0.75,492700
2022-04-28,0.75,0.7599999904632568,0.7400000095367432,0.7400000095367432,317600
2022-04-29,0.75,0.7799999713897705,0.75,0.7599999904632568,492100
2022-05-02,0.75,0.7599999904632568,0.7300000190734863,0.7599999904632568,863200
2022-05-03,0.75,0.75,0.7400000095367432,0.75,363300
2022-05-04,0.7599999904632568,0.7699999809265137,0.7300000190734863,0.7400000095367432,587800
2022-05-05,0.75,0.7799999713897705,0.7400000095367432,0.75,958100
2022-05-06,0.7400000095367432,0.7699999809265137,0.7300000190734863,0.7400000095367432,579000
2022-05-09,0.699999988079071,0.7400000095367432,0.699999988079071,0.7300000190734863,977000
2022-05-10,0.699999988079071,0.7099999785423279,0.699999988079071,0.7099999785423279,1218900
2022-05-11,0.7099999785423279,0.75,0.699999988079071,0.7099999785423279,814300
2022-05-12,0.6499999761581421,0.7099999785423279,0.6000000238418579,0.7099999785423279,1761700
2022-05-13,0.7099999785423279,0.7099999785423279,0.6299999952316284,0.6499999761581421,1508900
2022-05-16,0.699999988079071,0.7200000286102295,0.6899999976158142,0.7099999785423279,296400
2022-05-17,0.6899999976158142,0.7099999785423279,0.6800000071525574,0.699999988079071,531000
2022-05-18,0.6800000071525574,0.7099999785423279,0.6499999761581421,0.6899999976158142,867700
2022-05-19,0.6800000071525574,0.6899999976158142,0.6499999761581421,0.6600000262260437,501900
2022-05-20,0.6800000071525574,0.699999988079071,0.6600000262260437,0.6700000166893005,382500
2022-05-23,0.6899999976158142,0.699999988079071,0.6600000262260437,0.6800000071525574,237600
2022-05-24,0.6700000166893005,0.6899999976158142,0.6499999761581421,0.6899999976158142,349700
2022-05-25,0.699999988079071,0.7099999785423279,0.6600000262260437,0.6700000166893005,1151000
2022-05-26,0.7400000095367432,0.7400000095367432,0.6800000071525574,0.699999988079071,445300
2022-05-27,0.7599999904632568,0.7599999904632568,0.7400000095367432,0.7400000095367432,832900
2022-05-31,0.75,0.7799999713897705,0.7300000190734863,0.75,358300
2022-06-01,0.7400000095367432,0.7599999904632568,0.6899999976158142,0.75,352300
2022-06-02,0.75,0.75,0.7300000190734863,0.7400000095367432,206600
2022-06-03,0.7300000190734863,0.75,0.7099999785423279,0.75,442900
2022-06-06,0.6700000166893005,0.7200000286102295,0.6499999761581421,0.7200000286102295,2489500
2022-06-07,0.6600000262260437,0.6700000166893005,0.6399999856948853,0.6700000166893005,2479300
2022-06-08,0.6399999856948853,0.6700000166893005,0.6200000047683716,0.6499999761581421,2054900
2022-06-09,0.6299999952316284,0.6800000071525574,0.6100000143051147,0.6299999952316284,3321300
2022-06-10,0.6100000143051147,0.6399999856948853,0.5899999737739563,0.6299999952316284,2825800
2022-06-13,0.550000011920929,0.6100000143051147,0.550000011920929,0.6000000238418579,1997200
2022-06-14,0.550000011920929,0.6000000238418579,0.5400000214576721,0.5600000023841858,2547100
2022-06-15,0.5600000023841858,0.6000000238418579,0.5400000214576721,0.5799999833106995,1927900
2022-06-16,0.5400000214576721,0.5699999928474426,0.5199999809265137,0.5600000023841858,1324700
2022-06-17,0.550000011920929,0.5699999928474426,0.5299999713897705,0.5400000214576721,1343600
2022-06-21,0.5099999904632568,0.5600000023841858,0.5,0.5600000023841858,2625200
2022-06-22,0.5,0.5199999809265137,0.5,0.5199999809265137,2533100
2022-06-23,0.4799999892711639,0.5099999904632568,0.4799999892711639,0.5099999904632568,1586000
2022-06-24,0.5,0.5400000214576721,0.4799999892711639,0.5,3829700
2022-06-27,0.4600000083446502,0.5,0.449999988079071,0.5,3050800
2022-06-28,0.4600000083446502,0.4699999988079071,0.4399999976158142,0.4699999988079071,3426700
2022-06-29,0.4399999976158142,0.4699999988079071,0.4399999976158142,0.4600000083446502,5447900
2022-06-30,0.4199999868869781,0.4600000083446502,0.4000000059604645,0.4399999976158142,5687200
2022-07-01,0.4399999976158142,0.449999988079071,0.4099999964237213,0.4300000071525574,4744600
2022-07-05,0.4199999868869781,0.449999988079071,0.4099999964237213,0.4300000071525574,5277500
2022-07-06,0.4399999976158142,0.449999988079071,0.4199999868869781,0.4399999976158142,2523500
2022-07-07,0.4399999976158142,0.449999988079071,0.4399999976158142,0.4399999976158142,6139700
2022-07-08,0.4399999976158142,0.4600000083446502,0.4399999976158142,0.449999988079071,10687400
2022-07-11,0.4399999976158142,0.449999988079071,0.4300000071525574,0.449999988079071,8160000
2022-07-12,0.4399999976158142,0.449999988079071,0.4199999868869781,0.4399999976158142,2803400
2022-07-13,0.4699999988079071,0.4699999988079071,0.4399999976158142,0.449999988079071,1697300
2022-07-14,0.6100000143051147,0.6100000143051147,0.4600000083446502,0.4699999988079071,3917200
2022-07-15,0.6499999761581421,0.7400000095367432,0.6000000238418579,0.6000000238418579,4555500
2022-07-18,0.6899999976158142,0.699999988079071,0.6499999761581421,0.6600000262260437,1785500
2022-07-19,0.6399999856948853,0.7099999785423279,0.6000000238418579,0.6899999976158142,2063800
2022-07-20,0.6399999856948853,0.6600000262260437,0.6299999952316284,0.6499999761581421,440200
2022-07-21,0.6299999952316284,0.6600000262260437,0.6200000047683716,0.6600000262260437,855200
2022-07-22,0.6100000143051147,0.6299999952316284,0.5899999737739563,0.6299999952316284,788200
2022-07-25,0.6000000238418579,0.6100000143051147,0.6000000238418579,0.6100000143051147,737600
2022-07-26,0.5799999833106995,0.6100000143051147,0.5799999833106995,0.6000000238418579,367900
2022-07-27,0.5699999928474426,0.5899999737739563,0.5299999713897705,0.5899999737739563,1197700
2022-07-28,0.5600000023841858,0.5799999833106995,0.5400000214576721,0.5699999928474426,1218200
2022-07-29,0.550000011920929,0.6200000047683716,0.550000011920929,0.5600000023841858,1357700
2022-08-01,0.5899999737739563,0.6000000238418579,0.5699999928474426,0.5899999737739563,650800
2022-08-02,0.5799999833106995,0.6100000143051147,0.5699999928474426,0.5799999833106995,681600
2022-08-03,0.5899999737739563,0.5899999737739563,0.5699999928474426,0.5699999928474426,402300
2022-08-04,0.5799999833106995,0.5899999737739563,0.5699999928474426,0.5799999833106995,588200
2022-08-05,0.6100000143051147,0.6200000047683716,0.5799999833106995,0.5799999833106995,597800
2022-08-08,0.6299999952316284,0.6399999856948853,0.6000000238418579,0.6299999952316284,826300
2022-08-09,0.6100000143051147,0.6499999761581421,0.6100000143051147,0.6399999856948853,551100
2022-08-10,0.6299999952316284,0.6399999856948853,0.6100000143051147,0.6100000143051147,724400
2022-08-11,0.6299999952316284,0.6499999761581421,0.6100000143051147,0.6299999952316284,449300
2022-08-12,0.6399999856948853,0.6399999856948853,0.6299999952316284,0.6399999856948853,438600
2022-08-15,0.6200000047683716,0.6399999856948853,0.6200000047683716,0.6399999856948853,342900
2022-08-16,0.6200000047683716,0.6299999952316284,0.6100000143051147,0.6200000047683716,508700
2022-08-17,0.6100000143051147,0.6200000047683716,0.5899999737739563,0.6200000047683716,790100
2022-08-18,0.6000000238418579,0.6200000047683716,0.6000000238418579,0.6100000143051147,623700
2022-08-19,0.5799999833106995,0.6100000143051147,0.5699999928474426,0.6000000238418579,1307800
2022-08-22,0.5600000023841858,0.5899999737739563,0.550000011920929,0.5600000023841858,1565600
2022-08-23,0.550000011920929,0.5799999833106995,0.550000011920929,0.550000011920929,1636900
2022-08-24,0.5299999713897705,0.5600000023841858,0.5199999809265137,0.5600000023841858,4662300
2022-08-25,0.5600000023841858,0.5699999928474426,0.5299999713897705,0.5299999713897705,827700
2022-08-26,0.5699999928474426,0.5799999833106995,0.5600000023841858,0.5600000023841858,997600
2022-08-29,0.5600000023841858,0.5799999833106995,0.550000011920929,0.550000011920929,1363600
2022-08-30,0.5299999713897705,0.5600000023841858,0.5199999809265137,0.5600000023841858,1677300
2022-08-31,0.5199999809265137,0.550000011920929,0.5,0.5299999713897705,1959100
2022-09-01,0.5199999809265137,0.5299999713897705,0.5,0.5199999809265137,1584100
2022-09-02,0.5199999809265137,0.5400000214576721,0.5199999809265137,0.5299999713897705,659300
2022-09-06,0.5299999713897705,0.5400000214576721,0.5099999904632568,0.5099999904632568,635000
2022-09-07,0.5400000214576721,0.5699999928474426,0.5199999809265137,0.5199999809265137,1029700
2022-09-08,0.5600000023841858,0.5699999928474426,0.5400000214576721,0.5400000214576721,981800
2022-09-09,0.5600000023841858,0.5899999737739563,0.5600000023841858,0.5799999833106995,1427800
2022-09-12,0.5699999928474426,0.5899999737739563,0.550000011920929,0.5699999928474426,1115900
2022-09-13,0.5699999928474426,0.5799999833106995,0.550000011920929,0.5699999928474426,829700
2022-09-14,0.5799999833106995,0.5899999737739563,0.550000011920929,0.5699999928474426,1627700
2022-09-15,0.5799999833106995,0.5899999737739563,0.5699999928474426,0.5799999833106995,835000
2022-09-16,0.5799999833106995,0.5899999737739563,0.5699999928474426,0.5899999737739563,1223400
2022-09-19,0.5799999833106995,0.5799999833106995,0.5699999928474426,0.5799999833106995,638600
2022-09-20,0.5799999833106995,0.5899999737739563,0.5699999928474426,0.5799999833106995,779200
2022-09-21,0.5799999833106995,0.5899999737739563,0.5600000023841858,0.5799999833106995,974000
2022-09-22,0.5699999928474426,0.5899999737739563,0.5600000023841858,0.5899999737739563,1161100
2022-09-23,0.5400000214576721,0.5799999833106995,0.5199999809265137,0.5699999928474426,1851600
2022-09-26,0.550000011920929,0.5799999833106995,0.5299999713897705,0.550000011920929,809900
2022-09-27,0.550000011920929,0.5799999833106995,0.5299999713897705,0.550000011920929,759000
2022-09-28,0.5400000214576721,0.5600000023841858,0.5299999713897705,0.5600000023841858,957600
2022-09-29,0.5199999809265137,0.550000011920929,0.5199999809265137,0.5400000214576721,2716100
2022-09-30,0.5199999809265137,0.5400000214576721,0.5199999809265137,0.5199999809265137,791800
2022-10-03,0.5299999713897705,0.550000011920929,0.5199999809265137,0.5299999713897705,1458100
2022-10-04,0.5299999713897705,0.5400000214576721,0.5099999904632568,0.5099999904632568,589200
2022-10-05,0.5199999809265137,0.5400000214576721,0.5199999809265137,0.5199999809265137,410900
2022-10-06,0.5199999809265137,0.5400000214576721,0.5099999904632568,0.5199999809265137,607900
2022-10-07,0.5199999809265137,0.5299999713897705,0.5099999904632568,0.5199999809265137,1174500
2022-10-10,0.5299999713897705,0.5299999713897705,0.5099999904632568,0.5199999809265137,1002000
2022-10-11,0.5199999809265137,0.5299999713897705,0.5099999904632568,0.5299999713897705,1403000
2022-10-12,0.5199999809265137,0.5299999713897705,0.5,0.5199999809265137,1822300
2022-10-13,0.5099999904632568,0.5299999713897705,0.5,0.5199999809265137,783500
2022-10-14,0.5,0.5299999713897705,0.4799999892711639,0.5199999809265137,1176800
2022-10-17,0.5199999809265137,0.5199999809265137,0.4900000095367431,0.5,511500
2022-10-18,0.5199999809265137,0.5199999809265137,0.5099999904632568,0.5199999809265137,375900
2022-10-19,0.5199999809265137,0.5199999809265137,0.5,0.5199999809265137,374000
2022-10-20,0.5099999904632568,0.5199999809265137,0.5,0.5199999809265137,213100
2022-10-21,0.5099999904632568,0.5199999809265137,0.5,0.5199999809265137,483600
2022-10-24,0.5099999904632568,0.5199999809265137,0.5,0.5,358100
2022-10-25,0.5199999809265137,0.5299999713897705,0.5,0.5,331800
2022-10-26,0.5199999809265137,0.5299999713897705,0.5,0.5199999809265137,337700
2022-10-27,0.5099999904632568,0.5199999809265137,0.5099999904632568,0.5199999809265137,234300
2022-10-28,0.5199999809265137,0.5299999713897705,0.5099999904632568,0.5099999904632568,671800
2022-10-31,0.5199999809265137,0.5299999713897705,0.5099999904632568,0.5099999904632568,991600
2022-11-01,0.5199999809265137,0.5299999713897705,0.5,0.5099999904632568,963100
2022-11-02,0.5,0.5400000214576721,0.5,0.5199999809265137,891600
2022-11-03,0.5,0.5099999904632568,0.4900000095367431,0.5,9975000
2022-11-04,0.4900000095367431,0.5099999904632568,0.4799999892711639,0.5099999904632568,2383700
2022-11-07,0.4900000095367431,0.5299999713897705,0.4799999892711639,0.4900000095367431,709300
2022-11-08,0.4900000095367431,0.5099999904632568,0.4799999892711639,0.4900000095367431,697600
2022-11-09,0.4799999892711639,0.5,0.4600000083446502,0.4799999892711639,1029300
2022-11-10,0.4900000095367431,0.5,0.4699999988079071,0.4799999892711639,643900
2022-11-11,0.4900000095367431,0.5,0.4799999892711639,0.5,456200
2022-11-14,0.4900000095367431,0.5,0.4799999892711639,0.5,281200
2022-11-15,0.4900000095367431,0.5,0.4799999892711639,0.4799999892711639,978200
2022-11-16,0.4799999892711639,0.4900000095367431,0.4799999892711639,0.4900000095367431,754400
2022-11-17,0.4799999892711639,0.4900000095367431,0.4699999988079071,0.4799999892711639,784900
2022-11-18,0.4900000095367431,0.5,0.4699999988079071,0.5,655300
2022-11-21,0.4699999988079071,0.5,0.4699999988079071,0.4799999892711639,843600
2022-11-22,0.4600000083446502,0.4799999892711639,0.449999988079071,0.4600000083446502,843000
2022-11-23,0.4300000071525574,0.4600000083446502,0.4300000071525574,0.449999988079071,3085200
2022-11-25,0.4300000071525574,0.449999988079071,0.4199999868869781,0.4300000071525574,1345400
2022-11-28,0.4399999976158142,0.4399999976158142,0.4300000071525574,0.4399999976158142,1231800
2022-11-29,0.4300000071525574,0.449999988079071,0.4199999868869781,0.4399999976158142,1631700
2022-11-30,0.4300000071525574,0.4399999976158142,0.4199999868869781,0.4199999868869781,813500
2022-12-01,0.4399999976158142,0.4399999976158142,0.4199999868869781,0.4300000071525574,393400
2022-12-02,0.449999988079071,0.449999988079071,0.4399999976158142,0.4399999976158142,615300
2022-12-05,0.4399999976158142,0.449999988079071,0.4300000071525574,0.4399999976158142,9639500
2022-12-06,0.4199999868869781,0.4399999976158142,0.4199999868869781,0.4300000071525574,684000
2022-12-07,0.4099999964237213,0.4300000071525574,0.4099999964237213,0.4199999868869781,1100100
2022-12-08,0.4000000059604645,0.4199999868869781,0.4000000059604645,0.4099999964237213,1056300
2022-12-09,0.4000000059604645,0.4199999868869781,0.4000000059604645,0.4000000059604645,1856800
2022-12-12,0.4099999964237213,0.4199999868869781,0.4000000059604645,0.4000000059604645,1169600
2022-12-13,0.4099999964237213,0.4199999868869781,0.4000000059604645,0.4099999964237213,1696800
2022-12-14,0.4099999964237213,0.4199999868869781,0.4000000059604645,0.4099999964237213,976700
2022-12-15,0.4000000059604645,0.4199999868869781,0.3899999856948852,0.4199999868869781,1440400
2022-12-16,0.4099999964237213,0.4099999964237213,0.4000000059604645,0.4000000059604645,724900
2022-12-19,0.4000000059604645,0.4099999964237213,0.4000000059604645,0.4099999964237213,1228300
2022-12-20,0.3799999952316284,0.4099999964237213,0.3799999952316284,0.4099999964237213,1553400
2022-12-21,0.3799999952316284,0.3899999856948852,0.3799999952316284,0.3799999952316284,1119000
2022-12-22,0.3799999952316284,0.3799999952316284,0.3799999952316284,0.3799999952316284,663700
2022-12-23,0.3899999856948852,0.4000000059604645,0.3799999952316284,0.3799999952316284,1070700
2022-12-27,0.3799999952316284,0.4000000059604645,0.3799999952316284,0.3799999952316284,2057400
2022-12-28,0.3600000143051147,0.3899999856948852,0.3600000143051147,0.3799999952316284,1647500
2022-12-29,0.3600000143051147,0.3700000047683716,0.3499999940395355,0.3600000143051147,3125100
2022-12-30,0.3499999940395355,0.3600000143051147,0.3499999940395355,0.3600000143051147,2192900
2023-01-03,0.4399999976158142,0.449999988079071,0.3600000143051147,0.3600000143051147,3151300
2023-01-04,0.4699999988079071,0.5099999904632568,0.4399999976158142,0.4399999976158142,5195200
2023-01-05,0.4399999976158142,0.4900000095367431,0.4099999964237213,0.4799999892711639,1496700
2023-01-06,0.4300000071525574,0.4399999976158142,0.4000000059604645,0.4399999976158142,1450400
2023-01-09,0.4199999868869781,0.4600000083446502,0.4199999868869781,0.4399999976158142,1509000
2023-01-10,0.4399999976158142,0.4399999976158142,0.4199999868869781,0.4199999868869781,532400
2023-01-11,0.4300000071525574,0.449999988079071,0.4099999964237213,0.449999988079071,550400
2023-01-12,0.4300000071525574,0.4399999976158142,0.4199999868869781,0.4399999976158142,567100
2023-01-13,0.4300000071525574,0.4399999976158142,0.4199999868869781,0.4300000071525574,861200
2023-01-17,0.4399999976158142,0.4399999976158142,0.4300000071525574,0.4300000071525574,577900
2023-01-18,0.5,0.5600000023841858,0.4300000071525574,0.449999988079071,3659100
2023-01-19,0.4699999988079071,0.5,0.4600000083446502,0.4900000095367431,815500
2023-01-20,0.4900000095367431,0.5,0.4699999988079071,0.4699999988079071,599100
2023-01-23,0.4900000095367431,0.5199999809265137,0.4699999988079071,0.5,2028000
2023-01-24,0.5,0.5,0.4699999988079071,0.4799999892711639,3576300
2023-01-25,0.5,0.5099999904632568,0.4900000095367431,0.5,804700
2023-01-26,0.5,0.5099999904632568,0.4900000095367431,0.5,573800
2023-01-27,0.4699999988079071,0.5,0.4600000083446502,0.4900000095367431,1159200
2023-01-30,0.4600000083446502,0.4699999988079071,0.449999988079071,0.4699999988079071,924800
2023-01-31,0.4699999988079071,0.4699999988079071,0.4600000083446502,0.4600000083446502,444700
2023-02-01,0.4799999892711639,0.4900000095367431,0.4600000083446502,0.4699999988079071,468100
2023-02-02,0.4699999988079071,0.5,0.4600000083446502,0.4900000095367431,1032300
2023-02-03,0.4600000083446502,0.4799999892711639,0.4600000083446502,0.4699999988079071,341400
2023-02-06,0.449999988079071,0.4900000095367431,0.449999988079071,0.4699999988079071,446500
2023-02-07,0.4600000083446502,0.4600000083446502,0.449999988079071,0.449999988079071,502500
2023-02-08,0.4699999988079071,0.4799999892711639,0.449999988079071,0.4600000083446502,543800
2023-02-09,0.4900000095367431,0.5,0.4699999988079071,0.4699999988079071,880400
2023-02-10,0.4799999892711639,0.4900000095367431,0.4799999892711639,0.4799999892711639,371000
2023-02-13,0.4900000095367431,0.4900000095367431,0.4799999892711639,0.4799999892711639,676400
2023-02-14,0.4799999892711639,0.4900000095367431,0.4699999988079071,0.4799999892711639,367300
2023-02-15,0.4900000095367431,0.4900000095367431,0.4600000083446502,0.4799999892711639,725000
2023-02-16,0.4699999988079071,0.4900000095367431,0.4699999988079071,0.4900000095367431,533500
2023-02-17,0.4799999892711639,0.4799999892711639,0.4699999988079071,0.4799999892711639,201200
2023-02-21,0.4699999988079071,0.4900000095367431,0.4600000083446502,0.4699999988079071,853400
2023-02-22,0.4600000083446502,0.4799999892711639,0.449999988079071,0.4699999988079071,1086000
2023-02-23,0.4600000083446502,0.4600000083446502,0.449999988079071,0.449999988079071,511600
2023-02-24,0.4600000083446502,0.4699999988079071,0.449999988079071,0.449999988079071,296900
2023-02-27,0.4600000083446502,0.4699999988079071,0.4600000083446502,0.4600000083446502,441900
2023-02-28,0.449999988079071,0.4699999988079071,0.449999988079071,0.4600000083446502,983700
2023-03-01,0.4600000083446502,0.4799999892711639,0.449999988079071,0.449999988079071,509200
2023-03-02,0.4600000083446502,0.4600000083446502,0.449999988079071,0.4600000083446502,201600
2023-03-03,0.449999988079071,0.4600000083446502,0.449999988079071,0.449999988079071,543800
2023-03-06,0.4600000083446502,0.4600000083446502,0.4399999976158142,0.449999988079071,385900
2023-03-07,0.449999988079071,0.4600000083446502,0.449999988079071,0.4600000083446502,114900
2023-03-08,0.449999988079071,0.4600000083446502,0.4399999976158142,0.449999988079071,218000
2023-03-09,0.4399999976158142,0.4600000083446502,0.4399999976158142,0.4399999976158142,359800
2023-03-10,0.4199999868869781,0.449999988079071,0.4099999964237213,0.4399999976158142,873600
2023-03-13,0.449999988079071,0.4600000083446502,0.4099999964237213,0.4199999868869781,1212400
2023-03-14,0.449999988079071,0.4900000095367431,0.4199999868869781,0.4900000095367431,1244200
2023-03-15,0.4199999868869781,0.449999988079071,0.4099999964237213,0.449999988079071,2303700
2023-03-16,0.4000000059604645,0.4199999868869781,0.3700000047683716,0.4099999964237213,3400800
2023-03-17,0.4000000059604645,0.4000000059604645,0.3899999856948852,0.4000000059604645,634300
2023-03-20,0.4099999964237213,0.4199999868869781,0.3899999856948852,0.4099999964237213,860600
2023-03-21,0.4000000059604645,0.4199999868869781,0.3799999952316284,0.4000000059604645,1059100
2023-03-22,0.4000000059604645,0.4099999964237213,0.3899999856948852,0.3899999856948852,434900
2023-03-23,0.4000000059604645,0.4099999964237213,0.4000000059604645,0.4000000059604645,654800
2023-03-24,0.3899999856948852,0.4099999964237213,0.3899999856948852,0.4000000059604645,686400
2023-03-27,0.4000000059604645,0.4099999964237213,0.3899999856948852,0.4099999964237213,339800
2023-03-28,0.4000000059604645,0.4000000059604645,0.3899999856948852,0.4000000059604645,205300
2023-03-29,0.4000000059604645,0.4199999868869781,0.3899999856948852,0.4000000059604645,638300
2023-03-30,0.4099999964237213,0.4199999868869781,0.4000000059604645,0.4000000059604645,363100
2023-03-31,0.4099999964237213,0.4199999868869781,0.4000000059604645,0.4099999964237213,534700
2023-04-03,0.4199999868869781,0.4199999868869781,0.4099999964237213,0.4099999964237213,299500
2023-04-04,0.4099999964237213,0.4199999868869781,0.4000000059604645,0.4199999868869781,313000
2023-04-05,0.4000000059604645,0.4099999964237213,0.4000000059604645,0.4000000059604645,474000
2023-04-06,0.4000000059604645,0.4099999964237213,0.4000000059604645,0.4000000059604645,705200
2023-04-10,0.4099999964237213,0.4099999964237213,0.4000000059604645,0.4000000059604645,253300
2023-04-11,0.4099999964237213,0.4199999868869781,0.4000000059604645,0.4199999868869781,295200
2023-04-12,0.4199999868869781,0.4199999868869781,0.4099999964237213,0.4099999964237213,806300
2023-04-13,0.4099999964237213,0.4199999868869781,0.4099999964237213,0.4099999964237213,527700
2023-04-14,0.4399999976158142,0.4399999976158142,0.4099999964237213,0.4099999964237213,401100
2023-04-17,0.4799999892711639,0.4900000095367431,0.4399999976158142,0.4399999976158142,2035000
2023-04-18,0.4699999988079071,0.4900000095367431,0.449999988079071,0.4799999892711639,759200
2023-04-19,0.4399999976158142,0.4699999988079071,0.4300000071525574,0.4600000083446502,841400
2023-04-20,0.4399999976158142,0.4600000083446502,0.4300000071525574,0.449999988079071,518200
2023-04-21,0.4399999976158142,0.4600000083446502,0.4399999976158142,0.4399999976158142,430300
2023-04-24,0.4300000071525574,0.449999988079071,0.4300000071525574,0.449999988079071,446500
2023-04-25,0.4199999868869781,0.4399999976158142,0.4099999964237213,0.4300000071525574,524500
2023-04-26,0.4199999868869781,0.4300000071525574,0.4099999964237213,0.4199999868869781,490100
2023-04-27,0.4300000071525574,0.4399999976158142,0.4199999868869781,0.4199999868869781,138500
2023-04-28,0.4300000071525574,0.4399999976158142,0.4199999868869781,0.4300000071525574,207400
2023-05-01,0.4300000071525574,0.4300000071525574,0.4199999868869781,0.4300000071525574,351700
2023-05-02,0.4300000071525574,0.449999988079071,0.4199999868869781,0.4199999868869781,544100
2023-05-03,0.4300000071525574,0.4699999988079071,0.4199999868869781,0.4300000071525574,1302400
2023-05-04,0.4300000071525574,0.4399999976158142,0.4199999868869781,0.4300000071525574,800600
2023-05-05,0.4399999976158142,0.449999988079071,0.4199999868869781,0.4199999868869781,916200
2023-05-08,0.4799999892711639,0.5,0.4399999976158142,0.449999988079071,1751800
2023-05-09,0.4699999988079071,0.5,0.4600000083446502,0.5,1031600
2023-05-10,0.4600000083446502,0.4900000095367431,0.4600000083446502,0.4799999892711639,291500
2023-05-11,0.4699999988079071,0.4900000095367431,0.4600000083446502,0.4600000083446502,554700
2023-05-12,0.4699999988079071,0.4799999892711639,0.4600000083446502,0.4799999892711639,349300
2023-05-15,0.4799999892711639,0.4799999892711639,0.4600000083446502,0.4600000083446502,426500
2023-05-16,0.4600000083446502,0.4799999892711639,0.4600000083446502,0.4699999988079071,631000
2023-05-17,0.4699999988079071,0.4799999892711639,0.4600000083446502,0.4600000083446502,401900
2023-05-18,0.449999988079071,0.4799999892711639,0.449999988079071,0.4799999892711639,391900
2023-05-19,0.449999988079071,0.4699999988079071,0.449999988079071,0.4600000083446502,383700
2023-05-22,0.4600000083446502,0.4699999988079071,0.449999988079071,0.4699999988079071,397100
2023-05-23,0.4600000083446502,0.4600000083446502,0.449999988079071,0.449999988079071,419400
2023-05-24,0.449999988079071,0.4600000083446502,0.449999988079071,0.4600000083446502,218800
2023-05-25,0.449999988079071,0.449999988079071,0.449999988079071,0.449999988079071,621500
2023-05-26,0.449999988079071,0.4600000083446502,0.449999988079071,0.449999988079071,733400
2023-05-30,0.449999988079071,0.4600000083446502,0.449999988079071,0.449999988079071,1922000
2023-05-31,0.4399999976158142,0.4600000083446502,0.4300000071525574,0.449999988079071,984900
2023-06-01,0.4300000071525574,0.4399999976158142,0.4199999868869781,0.4399999976158142,697500
2023-06-02,0.4399999976158142,0.449999988079071,0.4300000071525574,0.4300000071525574,540400
2023-06-05,0.4399999976158142,0.449999988079071,0.4300000071525574,0.4399999976158142,430200
2023-06-06,0.4399999976158142,0.449999988079071,0.4300000071525574,0.4300000071525574,748100
2023-06-07,0.4399999976158142,0.449999988079071,0.4399999976158142,0.4399999976158142,531800
2023-06-08,0.449999988079071,0.449999988079071,0.4399999976158142,0.4399999976158142,439900
2023-06-09,0.449999988079071,0.4799999892711639,0.4399999976158142,0.449999988079071,1359500
2023-06-12,0.449999988079071,0.4699999988079071,0.4399999976158142,0.4600000083446502,650700
2023-06-13,0.4399999976158142,0.449999988079071,0.4300000071525574,0.4399999976158142,827400
2023-06-14,0.4300000071525574,0.4399999976158142,0.4000000059604645,0.4399999976158142,978700
2023-06-15,0.449999988079071,0.449999988079071,0.4300000071525574,0.4399999976158142,2946900
2023-06-16,0.4399999976158142,0.4600000083446502,0.4399999976158142,0.449999988079071,862300
2023-06-20,0.4399999976158142,0.449999988079071,0.4300000071525574,0.4399999976158142,707600
2023-06-21,0.4300000071525574,0.4399999976158142,0.4300000071525574,0.4300000071525574,1208000
2023-06-22,0.4399999976158142,0.4399999976158142,0.4300000071525574,0.4399999976158142,332600
2023-06-23,0.4300000071525574,0.4399999976158142,0.4300000071525574,0.4300000071525574,481400
2023-06-26,0.4300000071525574,0.4399999976158142,0.4300000071525574,0.4300000071525574,1144500
2023-06-27,0.4399999976158142,0.449999988079071,0.4300000071525574,0.4300000071525574,1248100
2023-06-28,0.4300000071525574,0.449999988079071,0.4300000071525574,0.4399999976158142,924000
2023-06-29,0.4300000071525574,0.4399999976158142,0.4300000071525574,0.4300000071525574,1277700
2023-06-30,0.4300000071525574,0.4399999976158142,0.4300000071525574,0.4300000071525574,783800
2023-07-03,0.4399999976158142,0.4399999976158142,0.4300000071525574,0.4300000071525574,449800
2023-07-05,0.4399999976158142,0.449999988079071,0.4300000071525574,0.449999988079071,660700
2023-07-06,0.4399999976158142,0.4399999976158142,0.4300000071525574,0.4399999976158142,956300
2023-07-07,0.4399999976158142,0.4399999976158142,0.4399999976158142,0.4399999976158142,561800
2023-07-10,0.4399999976158142,0.4399999976158142,0.4300000071525574,0.4399999976158142,738300
2023-07-11,0.4399999976158142,0.449999988079071,0.4300000071525574,0.4300000071525574,504900
2023-07-12,0.4399999976158142,0.449999988079071,0.4399999976158142,0.4399999976158142,1412500
2023-07-13,0.4399999976158142,0.449999988079071,0.4399999976158142,0.4399999976158142,372000
2023-07-14,0.449999988079071,0.449999988079071,0.4399999976158142,0.4399999976158142,470300
2023-07-17,0.4399999976158142,0.449999988079071,0.4399999976158142,0.4399999976158142,765300
2023-07-18,0.4399999976158142,0.4399999976158142,0.4399999976158142,0.4399999976158142,574100
2023-07-19,0.449999988079071,0.4600000083446502,0.4399999976158142,0.4399999976158142,677700
2023-07-20,0.449999988079071,0.449999988079071,0.4399999976158142,0.449999988079071,300500
2023-07-21,0.4600000083446502,0.4600000083446502,0.4399999976158142,0.4399999976158142,1092800
2023-07-24,0.449999988079071,0.4699999988079071,0.449999988079071,0.4699999988079071,521500
2023-07-25,0.4399999976158142,0.4600000083446502,0.4399999976158142,0.449999988079071,2161700
2023-07-26,0.4399999976158142,0.449999988079071,0.4399999976158142,0.449999988079071,276200
2023-07-27,0.4399999976158142,0.449999988079071,0.4399999976158142,0.4399999976158142,336900
2023-07-28,0.4399999976158142,0.449999988079071,0.4399999976158142,0.4399999976158142,591400
2023-07-31,0.4399999976158142,0.449999988079071,0.4399999976158142,0.4399999976158142,547700
2023-08-01,0.4699999988079071,0.5199999809265137,0.4399999976158142,0.4399999976158142,3113500
2023-08-02,0.4600000083446502,0.4900000095367431,0.449999988079071,0.4699999988079071,415400
2023-08-03,0.4600000083446502,0.4699999988079071,0.449999988079071,0.4600000083446502,214300
2023-08-04,0.449999988079071,0.4699999988079071,0.449999988079071,0.4600000083446502,1177900
2023-08-07,0.449999988079071,0.4600000083446502,0.449999988079071,0.449999988079071,518000
2023-08-08,0.449999988079071,0.4600000083446502,0.449999988079071,0.449999988079071,463500
2023-08-09,0.449999988079071,0.4600000083446502,0.449999988079071,0.449999988079071,515000
2023-08-10,0.449999988079071,0.4600000083446502,0.449999988079071,0.449999988079071,538500
2023-08-11,0.449999988079071,0.4600000083446502,0.449999988079071,0.449999988079071,177400
2023-08-14,0.5,0.5299999713897705,0.449999988079071,0.449999988079071,2802300
2023-08-15,0.5,0.5099999904632568,0.5,0.5,3952300
2023-08-16,0.6000000238418579,0.6100000143051147,0.5,0.5,7242900
2023-08-17,0.7900000214576721,0.8100000023841858,0.6000000238418579,0.6000000238418579,12865200
2023-08-18,0.5799999833106995,0.800000011920929,0.5400000214576721,0.800000011920929,7742200
2023-08-21,0.5699999928474426,0.6899999976158142,0.5400000214576721,0.5699999928474426,3677700
2023-08-22,0.5699999928474426,0.6299999952316284,0.5600000023841858,0.5899999737739563,884200
2023-08-23,0.5699999928474426,0.5899999737739563,0.5600000023841858,0.5799999833106995,879200
2023-08-24,0.5699999928474426,0.5899999737739563,0.5600000023841858,0.5699999928474426,812500
2023-08-25,0.5400000214576721,0.5899999737739563,0.5199999809265137,0.5799999833106995,1781900
2023-08-28,0.5199999809265137,0.5600000023841858,0.5199999809265137,0.550000011920929,669200
2023-08-29,0.5400000214576721,0.550000011920929,0.5199999809265137,0.5199999809265137,808700
2023-08-30,0.5799999833106995,0.6200000047683716,0.5400000214576721,0.5400000214576721,2056700
2023-08-31,0.6000000238418579,0.6499999761581421,0.5799999833106995,0.6100000143051147,2669900
2023-09-01,0.6000000238418579,0.6299999952316284,0.5799999833106995,0.6100000143051147,813700
2023-09-05,0.5899999737739563,0.6200000047683716,0.5799999833106995,0.6000000238418579,478000
2023-09-06,0.6200000047683716,0.6299999952316284,0.5899999737739563,0.6000000238418579,871000
2023-09-07,0.699999988079071,0.699999988079071,0.6000000238418579,0.6100000143051147,3131200
2023-09-08,0.6800000071525574,0.75,0.6600000262260437,0.699999988079071,2592000
2023-09-11,0.6700000166893005,0.699999988079071,0.6399999856948853,0.6800000071525574,665000
2023-09-12,0.6700000166893005,0.7099999785423279,0.6399999856948853,0.6700000166893005,592900
2023-09-13,0.6600000262260437,0.6800000071525574,0.6499999761581421,0.6700000166893005,379400
2023-09-14,0.6100000143051147,0.6600000262260437,0.5899999737739563,0.6600000262260437,4160800
2023-09-15,0.6200000047683716,0.6299999952316284,0.6000000238418579,0.6100000143051147,633300
2023-09-18,0.6200000047683716,0.6399999856948853,0.6100000143051147,0.6200000047683716,495800
2023-09-19,0.6200000047683716,0.6399999856948853,0.6100000143051147,0.6200000047683716,437900
2023-09-20,0.6200000047683716,0.6399999856948853,0.6200000047683716,0.6200000047683716,195500
2023-09-21,0.6200000047683716,0.6399999856948853,0.6100000143051147,0.6299999952316284,671400
2023-09-22,0.6200000047683716,0.6299999952316284,0.6100000143051147,0.6200000047683716,288200
2023-09-25,0.6200000047683716,0.6299999952316284,0.6100000143051147,0.6200000047683716,405700
2023-09-26,0.6000000238418579,0.6200000047683716,0.5899999737739563,0.6100000143051147,640300
2023-09-27,0.6100000143051147,0.6200000047683716,0.5899999737739563,0.5899999737739563,484600
2023-09-28,0.6000000238418579,0.6200000047683716,0.6000000238418579,0.6200000047683716,797000
2023-09-29,0.5899999737739563,0.6100000143051147,0.5899999737739563,0.6000000238418579,490200
2023-10-02,0.5899999737739563,0.6000000238418579,0.5899999737739563,0.6000000238418579,809300
2023-10-03,0.5799999833106995,0.6000000238418579,0.5699999928474426,0.5899999737739563,1373800
2023-10-04,0.5600000023841858,0.5799999833106995,0.5400000214576721,0.5799999833106995,1638000
2023-10-05,0.5699999928474426,0.5699999928474426,0.5400000214576721,0.550000011920929,1109600
2023-10-06,0.550000011920929,0.5600000023841858,0.5199999809265137,0.550000011920929,701100
2023-10-09,0.5699999928474426,0.5699999928474426,0.5299999713897705,0.5600000023841858,650000
2023-10-10,0.5799999833106995,0.5899999737739563,0.550000011920929,0.5600000023841858,608000
2023-10-11,0.6200000047683716,0.6299999952316284,0.5799999833106995,0.5799999833106995,814700
2023-10-12,0.6100000143051147,0.6600000262260437,0.6100000143051147,0.6200000047683716,1859300
2023-10-13,0.6100000143051147,0.6299999952316284,0.6000000238418579,0.6000000238418579,443500
2023-10-16,0.6399999856948853,0.6600000262260437,0.6100000143051147,0.6100000143051147,879200
2023-10-17,0.6399999856948853,0.6600000262260437,0.6399999856948853,0.6399999856948853,568000
2023-10-18,0.6399999856948853,0.6499999761581421,0.6200000047683716,0.6299999952316284,504100
2023-10-19,0.6200000047683716,0.6399999856948853,0.6100000143051147,0.6399999856948853,395700
2023-10-20,0.6100000143051147,0.6299999952316284,0.6000000238418579,0.6200000047683716,736500
2023-10-23,0.6100000143051147,0.6200000047683716,0.5899999737739563,0.6000000238418579,771400
2023-10-24,0.6200000047683716,0.6299999952316284,0.6000000238418579,0.6200000047683716,182100
2023-10-25,0.6600000262260437,0.6600000262260437,0.6299999952316284,0.6299999952316284,1316700
2023-10-26,0.6299999952316284,0.6499999761581421,0.6200000047683716,0.6499999761581421,763900
2023-10-27,0.6399999856948853,0.6600000262260437,0.6100000143051147,0.6200000047683716,2080600
2023-10-30,0.6399999856948853,0.6499999761581421,0.6299999952316284,0.6399999856948853,838400
2023-10-31,0.6499999761581421,0.6800000071525574,0.6299999952316284,0.6399999856948853,1542700
2023-11-01,0.6499999761581421,0.6600000262260437,0.6399999856948853,0.6499999761581421,757100
2023-11-02,0.6499999761581421,0.6600000262260437,0.6299999952316284,0.6499999761581421,856900
2023-11-03,0.6600000262260437,0.6600000262260437,0.6399999856948853,0.6499999761581421,727500
2023-11-06,0.6600000262260437,0.6700000166893005,0.6399999856948853,0.6499999761581421,443800
2023-11-07,0.6600000262260437,0.6700000166893005,0.6600000262260437,0.6600000262260437,393200
2023-11-08,0.6600000262260437,0.6700000166893005,0.6399999856948853,0.6499999761581421,175600
2023-11-09,0.6499999761581421,0.6700000166893005,0.6499999761581421,0.6499999761581421,282000
2023-11-10,0.6299999952316284,0.6600000262260437,0.6200000047683716,0.6600000262260437,475600
2023-11-13,0.6100000143051147,0.6499999761581421,0.6100000143051147,0.6399999856948853,518100
2023-11-14,0.6299999952316284,0.6399999856948853,0.6000000238418579,0.6200000047683716,788400
2023-11-15,0.6299999952316284,0.6399999856948853,0.6299999952316284,0.6399999856948853,300500
2023-11-16,0.6399999856948853,0.6399999856948853,0.6299999952316284,0.6299999952316284,234600
2023-11-17,0.6200000047683716,0.6499999761581421,0.6200000047683716,0.6399999856948853,222400
2023-11-20,0.6299999952316284,0.6399999856948853,0.6100000143051147,0.6200000047683716,287400
2023-11-21,0.6299999952316284,0.6700000166893005,0.6200000047683716,0.6299999952316284,541400
2023-11-22,0.6399999856948853,0.6499999761581421,0.6299999952316284,0.6299999952316284,101900
2023-11-24,0.6399999856948853,0.6399999856948853,0.6299999952316284,0.6399999856948853,93800
2023-11-27,0.6399999856948853,0.6399999856948853,0.6200000047683716,0.6399999856948853,392500
2023-11-28,0.6499999761581421,0.6600000262260437,0.6299999952316284,0.6399999856948853,713600
2023-11-29,0.6600000262260437,0.6700000166893005,0.6399999856948853,0.6399999856948853,847500
2023-11-30,0.6600000262260437,0.6800000071525574,0.6399999856948853,0.6600000262260437,578200
2023-12-01,0.6600000262260437,0.6700000166893005,0.6499999761581421,0.6600000262260437,297700
2023-12-04,0.6499999761581421,0.6600000262260437,0.6499999761581421,0.6499999761581421,288500
2023-12-05,0.6399999856948853,0.6600000262260437,0.6399999856948853,0.6600000262260437,290100
2023-12-06,0.6600000262260437,0.6600000262260437,0.6399999856948853,0.6399999856948853,463400
2023-12-07,0.6499999761581421,0.6700000166893005,0.6399999856948853,0.6600000262260437,503200
2023-12-08,0.6499999761581421,0.6600000262260437,0.6399999856948853,0.6600000262260437,353200
2023-12-11,0.6399999856948853,0.6600000262260437,0.6399999856948853,0.6600000262260437,555600
2023-12-12,0.6600000262260437,0.6600000262260437,0.6299999952316284,0.6399999856948853,389400
2023-12-13,0.6399999856948853,0.6600000262260437,0.6399999856948853,0.6499999761581421,482800
2023-12-14,0.6299999952316284,0.6499999761581421,0.6299999952316284,0.6399999856948853,753100
2023-12-15,0.6299999952316284,0.6399999856948853,0.6299999952316284,0.6399999856948853,651200
2023-12-18,0.6399999856948853,0.6499999761581421,0.6200000047683716,0.6200000047683716,1254000
2023-12-19,0.6600000262260437,0.6700000166893005,0.6399999856948853,0.6399999856948853,1004500
2023-12-20,0.6600000262260437,0.6700000166893005,0.6600000262260437,0.6600000262260437,871700
2023-12-21,0.6800000071525574,0.6899999976158142,0.6600000262260437,0.6700000166893005,1121700
2023-12-22,0.7300000190734863,0.7799999713897705,0.6700000166893005,0.6800000071525574,5760200
2023-12-26,0.8999999761581421,0.9300000071525574,0.7400000095367432,0.7799999713897705,8733400
2023-12-27,0.7599999904632568,0.9100000262260436,0.7400000095367432,0.8999999761581421,7513900
2023-12-28,0.800000011920929,0.8399999737739563,0.7599999904632568,0.7699999809265137,2512400
2023-12-29,0.8500000238418579,0.9200000166893004,0.7900000214576721,0.7900000214576721,3487700
2024-01-02,0.8100000023841858,0.8799999952316284,0.7900000214576721,0.8600000143051147,1750000
2024-01-03,0.7900000214576721,0.8199999928474426,0.7699999809265137,0.8100000023841858,916300
2024-01-04,0.800000011920929,0.8299999833106995,0.7699999809265137,0.800000011920929,996800
2024-01-05,0.8100000023841858,0.8399999737739563,0.800000011920929,0.800000011920929,655900
2024-01-08,0.8299999833106995,0.8399999737739563,0.8100000023841858,0.8100000023841858,605900
2024-01-09,0.8299999833106995,0.8299999833106995,0.8100000023841858,0.8100000023841858,396600
2024-01-10,0.8199999928474426,0.8299999833106995,0.8199999928474426,0.8299999833106995,441200
2024-01-11,0.7900000214576721,0.8299999833106995,0.7799999713897705,0.8199999928474426,965300
2024-01-12,0.800000011920929,0.8199999928474426,0.7699999809265137,0.7900000214576721,566600
2024-01-16,0.8299999833106995,0.8399999737739563,0.800000011920929,0.8100000023841858,1715900
2024-01-17,0.8799999952316284,0.8899999856948853,0.8199999928474426,0.8299999833106995,1587700
2024-01-18,0.8999999761581421,0.9300000071525574,0.8600000143051147,0.8999999761581421,2109500
2024-01-19,0.949999988079071,0.949999988079071,0.8899999856948853,0.9100000262260436,1832600
2024-01-22,1.1299999952316284,1.1699999570846558,0.9100000262260436,0.949999988079071,8072600
2024-01-23,1.1399999856948853,1.190000057220459,1.059999942779541,1.1200000047683716,3918400
2024-01-24,1.190000057220459,1.2400000095367432,1.1399999856948853,1.149999976158142,3864100
2024-01-25,1.0499999523162842,1.2200000286102295,0.9800000190734864,1.2000000476837158,5876100
2024-01-26,1.090000033378601,1.1100000143051147,0.9900000095367432,1.0499999523162842,2040400
2024-01-29,1.100000023841858,1.1699999570846558,1.0800000429153442,1.100000023841858,3645200
2024-01-30,1.0700000524520874,1.1299999952316284,1.0199999809265137,1.100000023841858,1512100
2024-01-31,1.0299999713897705,1.0800000429153442,1.0199999809265137,1.059999942779541,1021800
2024-02-01,1.0499999523162842,1.059999942779541,1.0,1.0299999713897705,2019600
2024-02-02,1.090000033378601,1.1200000047683716,1.0499999523162842,1.059999942779541,2389100
2024-02-05,1.0800000429153442,1.090000033378601,1.0499999523162842,1.090000033378601,693700
2024-02-06,1.0199999809265137,1.100000023841858,1.0099999904632568,1.0800000429153442,1593100
2024-02-07,1.0199999809265137,1.0399999618530271,0.9900000095367432,1.0099999904632568,1769800
2024-02-08,1.0700000524520874,1.0700000524520874,1.0099999904632568,1.0099999904632568,1625500
2024-02-09,1.1100000143051147,1.1100000143051147,1.0499999523162842,1.059999942779541,1421100
2024-02-12,1.100000023841858,1.1100000143051147,1.0700000524520874,1.1100000143051147,932500
2024-02-13,1.0800000429153442,1.1100000143051147,1.0299999713897705,1.1100000143051147,1485100
2024-02-14,1.0800000429153442,1.100000023841858,1.0499999523162842,1.0800000429153442,1145100
2024-02-15,1.059999942779541,1.1299999952316284,1.059999942779541,1.059999942779541,1116600
2024-02-16,1.059999942779541,1.090000033378601,1.0499999523162842,1.059999942779541,733800
2024-02-20,1.090000033378601,1.1100000143051147,1.0499999523162842,1.090000033378601,1782000
2024-02-21,1.0800000429153442,1.090000033378601,1.0700000524520874,1.0800000429153442,658100
2024-02-22,1.0800000429153442,1.0800000429153442,1.0499999523162842,1.059999942779541,1097100
2024-02-23,1.0700000524520874,1.090000033378601,1.0399999618530271,1.0499999523162842,1083000
2024-02-26,1.0700000524520874,1.1399999856948853,1.0700000524520874,1.090000033378601,2619900
2024-02-27,1.100000023841858,1.1200000047683716,1.0700000524520874,1.1200000047683716,1477300
2024-02-28,1.090000033378601,1.100000023841858,1.0800000429153442,1.100000023841858,584000
2024-02-29,1.090000033378601,1.1200000047683716,1.0800000429153442,1.090000033378601,587400
2024-03-01,1.0800000429153442,1.100000023841858,1.0800000429153442,1.090000033378601,788600
2024-03-04,1.0700000524520874,1.090000033378601,1.0499999523162842,1.0800000429153442,1087600
2024-03-05,1.090000033378601,1.090000033378601,1.059999942779541,1.0800000429153442,954100
2024-03-06,1.100000023841858,1.100000023841858,1.0700000524520874,1.090000033378601,895400
2024-03-07,1.1200000047683716,1.1299999952316284,1.0800000429153442,1.100000023841858,1345800
2024-03-08,1.1699999570846558,1.2200000286102295,1.090000033378601,1.090000033378601,3725300
2024-03-11,1.25,1.2699999809265137,1.1799999475479126,1.190000057220459,3665700
2024-03-12,1.1699999570846558,1.2599999904632568,1.149999976158142,1.2599999904632568,2612700
2024-03-13,1.2100000381469729,1.2200000286102295,1.149999976158142,1.149999976158142,514200
2024-03-14,1.2300000190734863,1.2599999904632568,1.2000000476837158,1.2200000286102295,1401500
2024-03-15,1.2300000190734863,1.25,1.2300000190734863,1.2400000095367432,1008300
2024-03-18,1.309999942779541,1.340000033378601,1.2300000190734863,1.2300000190734863,2853500
2024-03-19,1.3600000143051147,1.3799999952316284,1.309999942779541,1.3200000524520874,2461300
2024-03-20,1.4700000286102295,1.4800000190734863,1.3700000047683716,1.3799999952316284,3978000
2024-03-21,1.6699999570846558,1.6799999475479126,1.4800000190734863,1.5,7278000
2024-03-22,1.559999942779541,1.7000000476837158,1.4500000476837158,1.6799999475479126,5802900
2024-03-25,1.6200000047683716,1.659999966621399,1.5199999809265137,1.5399999618530271,2300500
2024-03-26,1.6799999475479126,1.7400000095367432,1.6200000047683716,1.649999976158142,3347500
2024-03-27,1.6200000047683716,1.75,1.6100000143051147,1.690000057220459,3185000
2024-03-28,1.350000023841858,1.6399999856948853,1.340000033378601,1.600000023841858,6168600
2024-04-01,1.5099999904632568,1.5199999809265137,1.3600000143051147,1.3600000143051147,3709200
2024-04-02,1.5,1.5199999809265137,1.399999976158142,1.4600000381469729,2709700
2024-04-03,1.409999966621399,1.5,1.3899999856948853,1.5,2584600
2024-04-04,1.3799999952316284,1.440000057220459,1.3600000143051147,1.409999966621399,3175100
2024-04-05,1.2200000286102295,1.3799999952316284,1.1699999570846558,1.3799999952316284,4774700
2024-04-08,1.350000023841858,1.3600000143051147,1.159999966621399,1.2000000476837158,3160300
2024-04-09,1.4700000286102295,1.5,1.350000023841858,1.350000023841858,3440900
2024-04-10,1.4299999475479126,1.4600000381469729,1.3600000143051147,1.4500000476837158,1496200
2024-04-11,1.4900000095367432,1.5099999904632568,1.3899999856948853,1.399999976158142,1863100
2024-04-12,1.4600000381469729,1.5,1.4299999475479126,1.4900000095367432,2036900
2024-04-15,1.3600000143051147,1.4600000381469729,1.3300000429153442,1.4500000476837158,1813500
2024-04-16,1.3300000429153442,1.3600000143051147,1.25,1.340000033378601,3436900
2024-04-17,1.2999999523162842,1.3700000047683716,1.2999999523162842,1.3300000429153442,1491600
2024-04-18,1.2300000190734863,1.350000023841858,1.2300000190734863,1.2999999523162842,1442300
2024-04-19,1.25,1.2899999618530271,1.2200000286102295,1.2300000190734863,1268400
2024-04-22,1.3200000524520874,1.3300000429153442,1.2400000095367432,1.25,1617300
2024-04-23,1.3700000047683716,1.3799999952316284,1.309999942779541,1.309999942779541,1519400
2024-04-24,1.3799999952316284,1.3799999952316284,1.340000033378601,1.350000023841858,910800
2024-04-25,1.3600000143051147,1.3799999952316284,1.350000023841858,1.3799999952316284,475000
2024-04-26,1.3799999952316284,1.3799999952316284,1.309999942779541,1.3700000047683716,1378600
2024-04-29,1.4299999475479126,1.4600000381469729,1.3700000047683716,1.3700000047683716,1879800
2024-04-30,1.3600000143051147,1.4500000476837158,1.350000023841858,1.3899999856948853,582400
2024-05-01,1.399999976158142,1.440000057220459,1.3600000143051147,1.3799999952316284,1199200
2024-05-02,1.3799999952316284,1.409999966621399,1.3799999952316284,1.409999966621399,709800
2024-05-03,1.3799999952316284,1.4299999475479126,1.3799999952316284,1.4199999570846558,405800
2024-05-06,1.3799999952316284,1.399999976158142,1.3700000047683716,1.3799999952316284,1532100
2024-05-07,1.3700000047683716,1.399999976158142,1.3700000047683716,1.3799999952316284,957200
2024-05-08,1.350000023841858,1.3799999952316284,1.2999999523162842,1.3700000047683716,1062800
2024-05-09,1.309999942779541,1.3600000143051147,1.25,1.350000023841858,991500
2024-05-10,1.3799999952316284,1.3899999856948853,1.2799999713897705,1.309999942779541,799100
2024-05-13,1.399999976158142,1.4199999570846558,1.3600000143051147,1.4199999570846558,1053300
2024-05-14,1.440000057220459,1.4500000476837158,1.3600000143051147,1.399999976158142,3105800
2024-05-15,1.4199999570846558,1.4600000381469729,1.3799999952316284,1.4500000476837158,686400
2024-05-16,1.4600000381469729,1.5,1.3899999856948853,1.4199999570846558,2225200
2024-05-17,1.4800000190734863,1.5,1.4299999475479126,1.4500000476837158,1038600
2024-05-20,1.559999942779541,1.5800000429153442,1.4700000286102295,1.4800000190734863,1838600
2024-05-21,1.4800000190734863,1.600000023841858,1.4700000286102295,1.5499999523162842,1724000
2024-05-22,1.4800000190734863,1.5299999713897705,1.4700000286102295,1.4800000190734863,694800
2024-05-23,1.4199999570846558,1.5,1.399999976158142,1.4900000095367432,1287900
2024-05-24,1.4199999570846558,1.4600000381469729,1.399999976158142,1.4600000381469729,651400
2024-05-28,1.3700000047683716,1.409999966621399,1.3700000047683716,1.3899999856948853,1732300
2024-05-29,1.3600000143051147,1.409999966621399,1.3600000143051147,1.3799999952316284,1148700
2024-05-30,1.4700000286102295,1.4700000286102295,1.3600000143051147,1.3899999856948853,1623500
2024-05-31,1.4500000476837158,1.4500000476837158,1.309999942779541,1.3200000524520874,3700800
2024-06-03,1.4500000476837158,1.4800000190734863,1.3899999856948853,1.3899999856948853,2576400
2024-06-04,1.4299999475479126,1.4700000286102295,1.4299999475479126,1.440000057220459,1630400
2024-06-05,1.4700000286102295,1.4900000095367432,1.4299999475479126,1.4299999475479126,3124900
2024-06-06,1.5199999809265137,1.5499999523162842,1.4700000286102295,1.4700000286102295,2574300
2024-06-07,1.5399999618530271,1.5800000429153442,1.5,1.5,2839600
2024-06-10,1.5499999523162842,1.5499999523162842,1.4900000095367432,1.5299999713897705,1247000
2024-06-11,1.4500000476837158,1.5499999523162842,1.4199999570846558,1.4900000095367432,1661700
2024-06-12,1.399999976158142,1.4600000381469729,1.3600000143051147,1.440000057220459,3914600
2024-06-13,1.3300000429153442,1.399999976158142,1.3200000524520874,1.3899999856948853,4410100
2024-06-14,1.350000023841858,1.3600000143051147,1.2999999523162842,1.3200000524520874,2110300
2024-06-17,1.2999999523162842,1.3700000047683716,1.2999999523162842,1.350000023841858,1600100
2024-06-18,1.2400000095367432,1.309999942779541,1.2000000476837158,1.2999999523162842,2698200
2024-06-20,1.2300000190734863,1.2400000095367432,1.190000057220459,1.2200000286102295,1868400
2024-06-21,1.0800000429153442,1.2400000095367432,0.9800000190734864,1.2300000190734863,6784000
2024-06-24,1.2000000476837158,1.2200000286102295,1.0800000429153442,1.0800000429153442,1989700
2024-06-25,1.1699999570846558,1.25,1.149999976158142,1.2000000476837158,1589600
2024-06-26,1.25,1.25,1.1799999475479126,1.190000057220459,632500
2024-06-27,1.25,1.2799999713897705,1.2100000381469729,1.2200000286102295,1463900
2024-06-28,1.350000023841858,1.3799999952316284,1.25,1.2699999809265137,3077800
2024-07-01,1.3600000143051147,1.4500000476837158,1.350000023841858,1.350000023841858,2708100
2024-07-02,1.309999942779541,1.3899999856948853,1.2599999904632568,1.350000023841858,1323200
2024-07-03,1.3600000143051147,1.3600000143051147,1.25,1.309999942779541,980200
2024-07-05,1.350000023841858,1.3799999952316284,1.309999942779541,1.3600000143051147,803700
2024-07-08,1.309999942779541,1.3799999952316284,1.309999942779541,1.3799999952316284,838000
2024-07-09,1.2999999523162842,1.350000023841858,1.2699999809265137,1.309999942779541,2123600
2024-07-10,1.2599999904632568,1.309999942779541,1.25,1.2799999713897705,737400
2024-07-11,1.2699999809265137,1.2999999523162842,1.2300000190734863,1.2599999904632568,1638300
2024-07-12,1.2699999809265137,1.2999999523162842,1.25,1.25,1402000
2024-07-15,1.399999976158142,1.4500000476837158,1.3200000524520874,1.3300000429153442,3476200
2024-07-16,1.4199999570846558,1.4700000286102295,1.3899999856948853,1.3899999856948853,2121900
2024-07-17,1.3700000047683716,1.440000057220459,1.3600000143051147,1.4199999570846558,1531900
2024-07-18,1.3899999856948853,1.409999966621399,1.3200000524520874,1.3700000047683716,1456300
2024-07-19,1.309999942779541,1.3899999856948853,1.2899999618530271,1.3899999856948853,1118000
2024-07-22,1.2799999713897705,1.3200000524520874,1.2699999809265137,1.309999942779541,1923300
2024-07-23,1.2999999523162842,1.3300000429153442,1.2799999713897705,1.2799999713897705,635600
2024-07-24,1.309999942779541,1.309999942779541,1.2799999713897705,1.309999942779541,703900
2024-07-25,1.2699999809265137,1.309999942779541,1.25,1.2899999618530271,1670300
2024-07-26,1.309999942779541,1.3700000047683716,1.2400000095367432,1.2699999809265137,2213100
2024-07-29,1.25,1.3200000524520874,1.2400000095367432,1.2999999523162842,1767100
2024-07-30,1.2300000190734863,1.2699999809265137,1.2300000190734863,1.25,1143500
2024-07-31,1.190000057220459,1.25,1.1799999475479126,1.2300000190734863,3008500
2024-08-01,1.159999966621399,1.2100000381469729,1.1399999856948853,1.2000000476837158,1394300
2024-08-02,1.0800000429153442,1.1699999570846558,1.0399999618530271,1.149999976158142,3892200
2024-08-05,1.0,1.0299999713897705,0.9399999976158142,0.9800000190734864,3235100
2024-08-06,1.1200000047683716,1.1699999570846558,1.0099999904632568,1.0099999904632568,2342200
2024-08-07,1.0800000429153442,1.190000057220459,1.0700000524520874,1.149999976158142,1459200
2024-08-08,1.0700000524520874,1.1299999952316284,1.0299999713897705,1.0700000524520874,1287300
2024-08-09,1.090000033378601,1.1100000143051147,1.0499999523162842,1.0700000524520874,773700
2024-08-12,1.0700000524520874,1.1399999856948853,1.0700000524520874,1.100000023841858,617800
2024-08-13,1.0499999523162842,1.0800000429153442,1.0399999618530271,1.0499999523162842,759900
2024-08-14,1.059999942779541,1.0700000524520874,1.0399999618530271,1.059999942779541,929600
2024-08-15,1.1399999856948853,1.1699999570846558,1.0399999618530271,1.059999942779541,1112500
2024-08-16,1.149999976158142,1.1699999570846558,1.1399999856948853,1.1399999856948853,981000
2024-08-19,1.190000057220459,1.2000000476837158,1.149999976158142,1.159999966621399,656800
2024-08-20,1.1799999475479126,1.2000000476837158,1.149999976158142,1.2000000476837158,1078200
2024-08-21,1.2200000286102295,1.2400000095367432,1.1699999570846558,1.1699999570846558,1048200
2024-08-22,1.1799999475479126,1.2300000190734863,1.1699999570846558,1.2200000286102295,740900
2024-08-23,1.2100000381469729,1.2200000286102295,1.159999966621399,1.159999966621399,519400
2024-08-26,1.159999966621399,1.2100000381469729,1.159999966621399,1.1699999570846558,740700
2024-08-27,1.1699999570846558,1.190000057220459,1.159999966621399,1.1699999570846558,517300
2024-08-28,1.1200000047683716,1.190000057220459,1.1100000143051147,1.1699999570846558,1066200
2024-08-29,1.1399999856948853,1.1799999475479126,1.1100000143051147,1.1100000143051147,1026500
2024-08-30,1.1299999952316284,1.1699999570846558,1.1200000047683716,1.1200000047683716,448100
2024-09-03,1.090000033378601,1.159999966621399,1.0800000429153442,1.1399999856948853,667500
2024-09-04,1.0800000429153442,1.1100000143051147,1.0800000429153442,1.100000023841858,502900
2024-09-05,1.1100000143051147,1.1399999856948853,1.0800000429153442,1.0800000429153442,372700
2024-09-06,1.1399999856948853,1.1699999570846558,1.1100000143051147,1.1399999856948853,1050600
2024-09-09,1.2000000476837158,1.2100000381469729,1.1299999952316284,1.1299999952316284,1158600
2024-09-10,1.190000057220459,1.2000000476837158,1.159999966621399,1.2000000476837158,525100
2024-09-11,1.090000033378601,1.1699999570846558,1.059999942779541,1.1699999570846558,2753900
2024-09-12,1.0700000524520874,1.149999976158142,1.059999942779541,1.090000033378601,1832700
2024-09-13,1.1299999952316284,1.190000057220459,1.1200000047683716,1.149999976158142,2390200
2024-09-16,1.1799999475479126,1.2000000476837158,1.1200000047683716,1.1399999856948853,1385200
2024-09-17,1.2100000381469729,1.2300000190734863,1.159999966621399,1.2000000476837158,2958600
2024-09-18,1.2400000095367432,1.2400000095367432,1.2000000476837158,1.2000000476837158,1307200
2024-09-19,1.2000000476837158,1.2400000095367432,1.190000057220459,1.2400000095367432,1148500
2024-09-20,1.2100000381469729,1.2300000190734863,1.190000057220459,1.190000057220459,502200
2024-09-23,1.2100000381469729,1.2200000286102295,1.190000057220459,1.2000000476837158,957900
2024-09-24,1.2000000476837158,1.2200000286102295,1.190000057220459,1.2000000476837158,418400
2024-09-25,1.190000057220459,1.2100000381469729,1.190000057220459,1.2100000381469729,600100
2024-09-26,1.2000000476837158,1.2100000381469729,1.190000057220459,1.2000000476837158,1502800
2024-09-27,1.1699999570846558,1.2000000476837158,1.159999966621399,1.190000057220459,1240700
2024-09-30,1.149999976158142,1.190000057220459,1.100000023841858,1.1699999570846558,1362700
2024-10-01,1.1399999856948853,1.159999966621399,1.1100000143051147,1.149999976158142,1057300
2024-10-02,1.1299999952316284,1.1399999856948853,1.1100000143051147,1.1299999952316284,781000
2024-10-03,1.1299999952316284,1.1299999952316284,1.100000023841858,1.1200000047683716,388500
2024-10-04,1.1200000047683716,1.149999976158142,1.0800000429153442,1.1299999952316284,1459800
2024-10-07,1.1100000143051147,1.1299999952316284,1.0800000429153442,1.1299999952316284,1259900
2024-10-08,1.100000023841858,1.1299999952316284,1.0800000429153442,1.1299999952316284,759900
2024-10-09,1.100000023841858,1.1299999952316284,1.0700000524520874,1.1200000047683716,840400
2024-10-10,1.1299999952316284,1.159999966621399,1.100000023841858,1.100000023841858,1174500
2024-10-11,1.159999966621399,1.159999966621399,1.1299999952316284,1.1399999856948853,819800
2024-10-14,1.2699999809265137,1.2999999523162842,1.149999976158142,1.149999976158142,5042400
2024-10-15,1.2400000095367432,1.2899999618530271,1.2200000286102295,1.25,1633600
2024-10-16,1.2599999904632568,1.2999999523162842,1.2400000095367432,1.2400000095367432,1199900
2024-10-17,1.2999999523162842,1.3300000429153442,1.25,1.2599999904632568,1901400
2024-10-18,1.2899999618530271,1.3200000524520874,1.2699999809265137,1.309999942779541,1304700
2024-10-21,1.3799999952316284,1.399999976158142,1.2899999618530271,1.2899999618530271,3654600
2024-10-22,1.440000057220459,1.4800000190734863,1.3799999952316284,1.3799999952316284,5186100
2024-10-23,1.440000057220459,1.5099999904632568,1.399999976158142,1.4199999570846558,3689100
2024-10-24,1.3600000143051147,1.4900000095367432,1.350000023841858,1.4700000286102295,2618800
2024-10-25,1.4299999475479126,1.4500000476837158,1.3700000047683716,1.3799999952316284,2004000
2024-10-28,1.3700000047683716,1.4900000095367432,1.2999999523162842,1.4500000476837158,3743000
2024-10-29,1.3200000524520874,1.4199999570846558,1.309999942779541,1.3799999952316284,2822300
2024-10-30,1.2999999523162842,1.3600000143051147,1.2799999713897705,1.3300000429153442,1737300
2024-10-31,1.2899999618530271,1.3200000524520874,1.25,1.2899999618530271,3319800
2024-11-01,1.2200000286102295,1.2999999523162842,1.190000057220459,1.2999999523162842,3531600
2024-11-04,1.1799999475479126,1.2400000095367432,1.1200000047683716,1.2200000286102295,4415100
2024-11-05,1.2000000476837158,1.3200000524520874,1.1799999475479126,1.1799999475479126,7178800
2024-11-06,1.6699999570846558,1.7999999523162842,1.5,1.7899999618530271,20426700
2024-11-07,1.840000033378601,2.0299999713897705,1.5800000429153442,1.659999966621399,16892800
2024-11-08,1.909999966621399,2.049999952316284,1.809999942779541,1.8799999952316284,9131000
2024-11-11,2.2100000381469727,2.2300000190734863,1.9900000095367432,2.0,21962000
2024-11-12,2.809999942779541,2.930000066757202,2.200000047683716,2.2100000381469727,31667800
2024-11-13,2.9200000762939453,3.200000047683716,2.450000047683716,2.859999895095825,26046900
2024-11-14,2.890000104904175,3.0,2.630000114440918,2.970000028610229,20508700
2024-11-15,3.0,3.049999952316284,2.799999952316284,2.890000104904175,11366100
2024-11-18,3.289999961853028,3.430000066757202,3.0199999809265137,3.0299999713897705,9145000
2024-11-19,3.220000028610229,3.4800000190734863,3.200000047683716,3.299999952316284,6365500
2024-11-20,2.9200000762939453,3.25,2.7699999809265137,3.240000009536743,13867600
2024-11-21,3.0999999046325684,3.1600000858306885,2.859999895095825,2.880000114440918,9194800
2024-11-22,3.0999999046325684,3.2100000381469727,3.0,3.119999885559082,7630300
2024-11-25,3.549999952316284,3.549999952316284,3.130000114440918,3.130000114440918,12140300
2024-11-26,3.2799999713897705,3.559999942779541,3.1600000858306885,3.549999952316284,9569100
2024-11-27,3.130000114440918,3.3499999046325684,3.0899999141693115,3.2799999713897705,5638600
2024-11-29,3.0999999046325684,3.180000066757202,3.049999952316284,3.130000114440918,1965200
2024-12-02,2.5199999809265137,3.200000047683716,2.400000095367432,3.119999885559082,11152200
2024-12-03,2.650000095367432,2.7100000381469727,2.5199999809265137,2.559999942779541,4981900
2024-12-04,2.299999952316284,2.75,2.0799999237060547,2.680000066757202,15060500
2024-12-05,2.4600000381469727,2.539999961853028,2.220000028610229,2.259999990463257,7681500
2024-12-06,2.700000047683716,2.740000009536743,2.4600000381469727,2.4800000190734863,4454600
2024-12-09,2.789999961853028,2.890000104904175,2.630000114440918,2.720000028610229,5639200
2024-12-10,2.819999933242798,2.880000114440918,2.759999990463257,2.7799999713897705,3220800
2024-12-11,2.630000114440918,2.8499999046325684,2.5799999237060547,2.819999933242798,4809200
2024-12-12,2.609999895095825,2.740000009536743,2.5799999237060547,2.619999885559082,7674800
2024-12-13,2.5299999713897705,2.6700000762939453,2.5,2.640000104904175,2582500
2024-12-16,2.509999990463257,2.5899999141693115,2.5,2.5299999713897705,3055300
2024-12-17,2.6600000858306885,2.740000009536743,2.4800000190734863,2.4800000190734863,3559600
2024-12-18,2.630000114440918,2.7799999713897705,2.569999933242798,2.680000066757202,4517700
2024-12-19,2.619999885559082,2.680000066757202,2.569999933242798,2.640000104904175,3817900
2024-12-20,2.6600000858306885,2.75,2.559999942779541,2.5899999141693115,3392500
2024-12-23,2.609999895095825,2.6700000762939453,2.5799999237060547,2.6700000762939453,2003500
2024-12-24,2.619999885559082,2.690000057220459,2.549999952316284,2.5999999046325684,3314800
2024-12-26,2.559999942779541,2.690000057220459,2.559999942779541,2.619999885559082,1166500
2024-12-27,2.4800000190734863,2.559999942779541,2.4800000190734863,2.549999952316284,1953600
2024-12-30,3.319999933242798,3.5,2.2300000190734863,2.4800000190734863,9554200
2024-12-31,3.2699999809265137,3.5,3.0299999713897705,3.440000057220459,10782300
2025-01-02,3.369999885559082,3.450000047683716,3.180000066757202,3.309999942779541,6784400
2025-01-03,4.329999923706055,4.360000133514404,3.450000047683716,3.450000047683716,24271700
2025-01-06,4.21999979019165,5.090000152587891,3.200000047683716,4.519999980926514,22461000
2025-01-07,4.400000095367432,4.610000133514404,4.150000095367432,4.449999809265137,7568000
2025-01-08,4.940000057220459,4.96999979019165,4.420000076293945,4.53000020980835,10725500
2025-01-10,5.050000190734863,5.25,4.920000076293945,5.059999942779541,14465700
2025-01-13,5.309999942779541,5.329999923706055,5.110000133514404,5.170000076293945,6729100
2025-01-14,6.429999828338623,6.849999904632568,5.420000076293945,5.420000076293945,20895200
2025-01-15,5.659999847412109,7.150000095367432,5.269999980926514,6.989999771118164,19818800
2025-01-16,4.829999923706055,5.940000057220459,4.579999923706055,5.809999942779541,15533300
2025-01-17,6.099999904632568,6.349999904632568,4.75,4.889999866485596,13351200
2025-01-21,6.139999866485596,6.650000095367432,5.519999980926514,6.340000152587891,11273900
2025-01-22,5.929999828338623,6.130000114440918,5.650000095367432,6.130000114440918,5772400
2025-01-23,5.679999828338623,5.980000019073486,5.679999828338623,5.909999847412109,2413500
2025-01-24,5.230000019073486,5.5,4.800000190734863,5.460000038146973,10568300
2025-01-27,5.059999942779541,5.28000020980835,4.889999866485596,5.010000228881836,5069800
2025-01-28,5.440000057220459,5.579999923706055,5.0,5.03000020980835,3967200
2025-01-29,5.320000171661377,5.480000019073486,5.150000095367432,5.429999828338623,3422800
2025-01-30,5.349999904632568,5.46999979019165,5.21999979019165,5.320000171661377,1911900
2025-01-31,5.199999809265137,5.380000114440918,5.199999809265137,5.380000114440918,1989000
2025-02-03,4.869999885559082,5.079999923706055,4.699999809265137,5.0,6650300
2025-02-04,5.079999923706055,5.190000057220459,4.820000171661377,4.820000171661377,2805300
2025-02-05,5.389999866485596,5.389999866485596,5.0,5.0,4010900
2025-02-06,6.25,6.570000171661377,5.900000095367432,6.090000152587891,11561800
2025-02-07,6.119999885559082,6.329999923706055,5.960000038146973,6.230000019073486,3151700
2025-02-10,6.179999828338623,6.340000152587891,5.96999979019165,6.139999866485596,3694100
2025-02-11,6.269999980926514,6.349999904632568,6.199999809265137,6.21999979019165,2176300
2025-02-12,6.349999904632568,6.449999809265137,6.199999809265137,6.239999771118164,2505100
2025-02-13,6.119999885559082,6.489999771118164,6.019999980926514,6.429999828338623,3185000
2025-02-14,6.449999809265137,6.5,6.139999866485596,6.199999809265137,5512400
2025-02-18,6.510000228881836,6.590000152587891,6.340000152587891,6.349999904632568,5116500
2025-02-19,6.71999979019165,6.789999961853027,6.510000228881836,6.510000228881836,5255100
2025-02-20,6.5,7.0,6.050000190734863,6.78000020980835,4590900
2025-02-21,6.289999961853027,6.599999904632568,6.159999847412109,6.570000171661377,7378900
2025-02-24,6.199999809265137,6.289999961853027,5.800000190734863,6.190000057220459,3992700
2025-02-25,5.710000038146973,6.0,5.559999942779541,5.900000095367432,3402400
2025-02-26,5.619999885559082,6.139999866485596,5.599999904632568,5.650000095367432,3076700
2025-02-27,5.610000133514404,5.940000057220459,5.599999904632568,5.630000114440918,3656800
2025-02-28,5.489999771118164,5.650000095367432,5.340000152587891,5.610000133514404,3709500
2025-03-03,5.539999961853027,5.739999771118164,5.489999771118164,5.489999771118164,2039400
2025-03-04,5.349999904632568,5.409999847412109,4.960000038146973,5.329999923706055,5080400
2025-03-05,5.489999771118164,5.550000190734863,5.130000114440918,5.369999885559082,2155500
2025-03-06,5.070000171661377,5.489999771118164,5.010000228881836,5.429999828338623,3381500
2025-03-07,4.949999809265137,5.039999961853027,4.5,5.03000020980835,7991100
2025-03-10,4.119999885559082,4.849999904632568,4.119999885559082,4.800000190734863,6169000
2025-03-11,4.429999828338623,4.579999923706055,4.050000190734863,4.079999923706055,5557600
2025-03-12,4.820000171661377,4.880000114440918,4.5,4.550000190734863,3030800
2025-03-13,4.590000152587891,5.099999904632568,4.5,4.880000114440918,3064200
2025-03-14,5.090000152587891,5.099999904632568,4.710000038146973,4.71999979019165,5095700
2025-03-17,4.840000152587891,5.119999885559082,4.75,5.110000133514404,4063100
2025-03-18,4.71999979019165,4.960000038146973,4.579999923706055,4.960000038146973,2502900
2025-03-19,5.079999923706055,5.099999904632568,4.710000038146973,4.710000038146973,2571300
2025-03-20,5.159999847412109,5.170000076293945,4.949999809265137,5.090000152587891,5586300
2025-03-21,5.440000057220459,5.440000057220459,4.980000019073486,5.190000057220459,3300300
2025-03-24,5.940000057220459,5.980000019073486,5.5,5.760000228881836,5791700
2025-03-25,6.260000228881836,6.360000133514404,5.949999809265137,6.0,4912700
2025-03-26,5.980000019073486,6.480000019073486,5.900000095367432,6.239999771118164,3977300
2025-03-27,6.03000020980835,6.340000152587891,5.980000019073486,6.0,2043900
2025-03-28,5.739999771118164,6.070000171661377,5.670000076293945,6.019999980926514,1916200
2025-03-31,5.349999904632568,5.670000076293945,5.139999866485596,5.639999866485596,3348000
2025-04-01,5.710000038146973,5.739999771118164,5.349999904632568,5.369999885559082,2375900
2025-04-02,5.610000133514404,5.75,5.420000076293945,5.699999809265137,1279500
2025-04-03,5.25,5.440000057220459,5.119999885559082,5.329999923706055,2407200
2025-04-04,4.659999847412109,5.0,4.5,4.900000095367432,6396700
2025-04-07,4.679999828338623,4.690000057220459,4.059999942779541,4.150000095367432,8266200
2025-04-08,4.300000190734863,5.190000057220459,4.199999809265137,4.769999980926514,5171900
2025-04-09,5.050000190734863,5.150000095367432,4.179999828338623,4.190000057220459,5923400
2025-04-10,4.75,4.949999809265137,4.599999904632568,4.949999809265137,3132300
2025-04-11,4.820000171661377,4.960000038146973,4.670000076293945,4.800000190734863,1261500
2025-04-14,5.21999979019165,5.550000190734863,4.869999885559082,4.920000076293945,4635200
2025-04-15,5.440000057220459,5.449999809265137,5.170000076293945,5.199999809265137,2009600
2025-04-16,5.119999885559082,5.400000095367432,5.03000020980835,5.320000171661377,1543000
2025-04-17,5.179999828338623,5.260000228881836,5.050000190734863,5.179999828338623,896600
2025-04-21,5.050000190734863,5.199999809265137,4.889999866485596,5.199999809265137,1343100
2025-04-22,5.170000076293945,5.179999828338623,5.010000228881836,5.019999980926514,1110800
2025-04-23,5.269999980926514,5.400000095367432,5.269999980926514,5.309999942779541,1444100
2025-04-24,5.28000020980835,5.349999904632568,5.150000095367432,5.340000152587891,1079800
2025-04-25,5.179999828338623,5.21999979019165,5.03000020980835,5.199999809265137,952600
2025-04-28,5.130000114440918,5.239999771118164,5.070000171661377,5.139999866485596,652000
2025-04-29,5.210000038146973,5.230000019073486,5.059999942779541,5.130000114440918,1201000
2025-04-30,5.179999828338623,5.199999809265137,4.989999771118164,5.199999809265137,795100
2025-05-01,5.170000076293945,5.340000152587891,5.099999904632568,5.179999828338623,1230800
2025-05-02,5.130000114440918,5.260000228881836,5.099999904632568,5.170000076293945,1721300
2025-05-05,5.199999809265137,5.25,5.099999904632568,5.099999904632568,1154900
2025-05-06,5.269999980926514,5.28000020980835,5.170000076293945,5.170000076293945,1066000
2025-05-07,5.28000020980835,5.329999923706055,5.190000057220459,5.309999942779541,1084000
2025-05-08,5.420000076293945,5.480000019073486,5.199999809265137,5.28000020980835,1910000
2025-05-09,5.380000114440918,5.46999979019165,5.269999980926514,5.440000057220459,1077500
2025-05-12,5.449999809265137,5.650000095367432,5.420000076293945,5.5,2016300
2025-05-13,5.400000095367432,5.53000020980835,5.400000095367432,5.400000095367432,1218800
2025-05-14,5.409999847412109,5.510000228881836,5.320000171661377,5.5,779800
2025-05-15,5.429999828338623,5.5,5.360000133514404,5.369999885559082,727600
2025-05-16,5.460000038146973,5.5,5.420000076293945,5.429999828338623,802000
2025-05-19,5.5,5.5,5.409999847412109,5.440000057220459,765800
2025-05-20,5.829999923706055,5.949999809265137,5.460000038146973,5.5,4142200
2025-05-21,5.670000076293945,5.989999771118164,5.610000133514404,5.829999923706055,2073000
2025-05-22,8.050000190734863,8.140000343322754,6.909999847412109,7.599999904632568,27284800
2025-05-23,7.760000228881836,8.0,7.420000076293945,7.900000095367432,11009200
2025-05-27,7.599999904632568,8.09000015258789,7.599999904632568,7.789999961853027,5260300
2025-05-28,8.0,8.899999618530273,7.679999828338623,8.789999961853027,13037700
2025-05-29,7.829999923706055,8.100000381469727,7.570000171661377,8.010000228881836,5730300
2025-05-30,7.940000057220459,8.09000015258789,7.769999980926514,7.940000057220459,4326000
2025-06-02,7.980000019073486,8.09000015258789,7.900000095367432,7.960000038146973,2767800
2025-06-03,7.489999771118164,7.960000038146973,7.489999771118164,7.75,6050100
2025-06-04,6.849999904632568,7.650000095367432,5.96999979019165,7.570000171661377,15677000
2025-06-05,6.949999809265137,7.380000114440918,6.75,6.849999904632568,5032400
2025-06-06,7.239999771118164,7.380000114440918,7.010000228881836,7.03000020980835,3542700
2025-06-09,7.300000190734863,7.329999923706055,7.0,7.050000190734863,1915400
2025-06-10,7.590000152587891,7.730000019073486,7.199999809265137,7.300000190734863,2532400
2025-06-11,7.920000076293945,7.989999771118164,7.590000152587891,7.599999904632568,3993700
2025-06-12,7.940000057220459,8.0,7.670000076293945,7.900000095367432,2396800
2025-06-13,7.829999923706055,7.960000038146973,7.519999980926514,7.639999866485596,2445700
2025-06-16,7.989999771118164,8.050000190734863,7.760000228881836,7.840000152587891,3171300
2025-06-17,8.010000228881836,8.399999618530273,7.900000095367432,8.020000457763672,2571900
2025-06-18,8.109999656677246,8.25,8.0,8.020000457763672,2227900
2025-06-20,8.170000076293945,8.350000381469727,8.0,8.029999732971191,2220300
2025-06-23,8.079999923706055,8.170000076293945,7.849999904632568,8.039999961853027,2325300
2025-06-24,8.1899995803833,8.279999732971191,8.050000190734863,8.100000381469727,1414900
2025-06-25,8.25,8.399999618530273,8.180000305175781,8.1899995803833,1364800
2025-06-26,8.479999542236328,8.579999923706055,8.289999961853027,8.289999961853027,3034400
2025-06-27,8.369999885559082,8.579999923706055,8.319999694824219,8.489999771118164,1347000
2025-06-30,8.239999771118164,8.369999885559082,7.980000019073486,8.300000190734863,2296900
2025-07-01,7.920000076293945,8.260000228881836,7.900000095367432,8.239999771118164,1575900
2025-07-02,7.960000038146973,8.350000381469727,7.650000095367432,7.809999942779541,1530800
2025-07-03,7.980000019073486,8.130000114440918,7.880000114440918,7.960000038146973,1314100
2025-07-07,7.710000038146973,7.949999809265137,7.690000057220459,7.940000057220459,2016200
2025-07-08,7.670000076293945,7.820000171661377,7.670000076293945,7.710000038146973,761900
2025-07-09,7.489999771118164,7.699999809265137,7.340000152587891,7.679999828338623,1934200
2025-07-10,7.510000228881836,7.630000114440918,7.460000038146973,7.480000019073486,1107400
2025-07-11,7.340000152587891,7.409999847412109,7.099999904632568,7.099999904632568,1279000
2025-07-14,7.650000095367432,7.659999847412109,7.289999961853027,7.309999942779541,1053600
2025-07-15,7.449999809265137,7.690000057220459,7.349999904632568,7.659999847412109,1194200
2025-07-16,7.5,7.550000190734863,7.369999885559082,7.449999809265137,722600
2025-07-17,7.320000171661377,7.480000019073486,7.190000057220459,7.449999809265137,1074000
2025-07-18,7.099999904632568,7.300000190734863,7.039999961853027,7.25,1130500
2025-07-21,6.75,7.070000171661377,6.75,7.010000228881836,2278500
2025-07-22,6.320000171661377,6.800000190734863,6.25,6.75,4938700
2025-07-23,6.929999828338623,7.21999979019165,6.010000228881836,6.309999942779541,4158800
2025-07-24,6.75,7.150000095367432,6.730000019073486,6.900000095367432,1499100
2025-07-25,6.449999809265137,6.78000020980835,5.650000095367432,6.75,7542800
2025-07-28,6.309999942779541,6.550000190734863,6.070000171661377,6.25,2744800
2025-07-29,6.989999771118164,7.389999866485596,6.139999866485596,6.199999809265137,5133700
2025-07-30,6.760000228881836,7.190000057220459,6.75,7.0,1756700
2025-07-31,6.349999904632568,6.929999828338623,6.349999904632568,6.760000228881836,1180100
2025-08-01,7.239999771118164,7.519999980926514,7.03000020980835,7.480000019073486,4740200
2025-08-04,7.0,7.349999904632568,6.900000095367432,7.25,1711800
2025-08-05,6.829999923706055,7.059999942779541,6.789999961853027,7.0,1228900
2025-08-06,6.590000152587891,6.800000190734863,6.489999771118164,6.75,1669400
2025-08-07,6.599999904632568,7.0,6.559999942779541,6.590000152587891,2103600
2025-08-08,7.980000019073486,8.020000457763672,6.599999904632568,6.599999904632568,10463400
2025-08-11,9.029999732971191,9.25,8.5600004196167,8.609999656677246,14407700
2025-08-12,8.880000114440918,9.289999961853027,8.720000267028809,9.079999923706056,5668700
2025-08-13,9.029999732971191,9.239999771118164,8.930000305175781,8.9399995803833,3235100
2025-08-14,8.899999618530273,9.119999885559082,8.720000267028809,9.0,3683700
2025-08-15,8.9399995803833,9.039999961853027,8.75,8.90999984741211,3949800
2025-08-18,9.270000457763672,9.34000015258789,8.8100004196167,8.9399995803833,2890100
2025-08-19,9.170000076293944,9.399999618530272,8.960000038146973,9.300000190734863,2943800
2025-08-20,8.899999618530273,9.149999618530272,8.8100004196167,9.100000381469728,2072300
2025-08-21,8.970000267028809,9.130000114440918,8.8100004196167,8.819999694824219,1666400
2025-08-22,9.210000038146973,9.3100004196167,8.960000038146973,9.010000228881836,2020000
2025-08-25,9.010000228881836,9.199999809265137,8.970000267028809,9.18000030517578,1514000
2025-08-26,9.09000015258789,9.15999984741211,8.920000076293945,9.029999732971191,965400
2025-08-27,9.359999656677246,9.380000114440918,9.109999656677246,9.109999656677246,3354600
2025-08-28,9.399999618530272,9.550000190734863,9.300000190734863,9.40999984741211,2179100
2025-08-29,9.449999809265137,9.649999618530272,9.079999923706056,9.260000228881836,2973900
2025-09-02,9.720000267028809,9.800000190734863,9.449999809265137,9.600000381469728,3160600
2025-09-03,11.31999969482422,12.550000190734863,9.729999542236328,9.729999542236328,9093900
2025-09-04,11.789999961853027,12.869999885559082,11.5600004196167,11.600000381469728,9285500
2025-09-05,11.880000114440918,12.550000190734863,11.789999961853027,12.0600004196167,4332200
2025-09-08,12.699999809265137,12.949999809265137,12.0,12.0,8093500
2025-09-09,13.210000038146973,13.380000114440918,12.210000038146973,13.010000228881836,9766600
2025-09-10,12.65999984741211,13.5,12.350000381469728,13.399999618530272,4374600
2025-09-11,14.149999618530272,14.75,12.710000038146973,13.300000190734863,8511600
2025-09-12,13.5,14.989999771118164,13.449999809265137,14.399999618530272,9104700
2025-09-15,13.010000228881836,13.989999771118164,12.630000114440918,13.5,5771400
2025-09-16,12.75,13.25,12.75,13.1899995803833,2638900
2025-09-17,13.40999984741211,13.550000190734863,12.850000381469728,12.949999809265137,4106900
2025-09-18,12.979999542236328,13.59000015258789,12.90999984741211,13.449999809265137,3636200
2025-09-19,12.220000267028809,13.050000190734863,11.6899995803833,12.9399995803833,5296300
2025-09-22,11.600000381469728,12.229999542236328,11.420000076293944,12.229999542236328,3717900
2025-09-23,12.670000076293944,12.75,11.119999885559082,11.260000228881836,4712100
2025-09-24,12.630000114440918,13.300000190734863,12.520000457763672,12.949999809265137,4827700
2025-09-25,12.390000343322754,12.670000076293944,12.170000076293944,12.539999961853027,2592800
2025-09-26,12.34000015258789,12.68000030517578,12.25,12.609999656677246,3027900
2025-09-29,12.18000030517578,13.199999809265137,12.130000114440918,12.399999618530272,2335200
2025-09-30,11.770000457763672,12.25,11.5,12.199999809265137,3424600
2025-10-01,11.93000030517578,11.949999809265137,11.520000457763672,11.65999984741211,2839400
2025-10-02,12.390000343322754,12.43000030517578,11.789999961853027,11.920000076293944,2798600
2025-10-03,12.15999984741211,12.789999961853027,12.010000228881836,12.4399995803833,3993100
2025-10-06,12.039999961853027,12.5,11.949999809265137,12.359999656677246,1782200
2025-10-07,11.869999885559082,12.170000076293944,11.75,12.100000381469728,1520700
2025-10-08,11.869999885559082,12.020000457763672,11.68000030517578,11.84000015258789,1586200
2025-10-09,11.8100004196167,12.100000381469728,11.8100004196167,11.869999885559082,1476100
2025-10-10,11.550000190734863,11.920000076293944,11.399999618530272,11.890000343322754,2604700
2025-10-13,10.880000114440918,12.079999923706056,10.779999732971191,11.81999969482422,4767500
2025-10-14,9.829999923706056,10.359999656677246,8.890000343322754,10.350000381469728,8894200
2025-10-15,9.5600004196167,9.899999618530272,9.289999961853027,9.84000015258789,4207900
2025-10-16,9.8100004196167,10.579999923706056,9.59000015258789,9.600000381469728,3635700
2025-10-17,10.239999771118164,10.68000030517578,9.600000381469728,9.75,3107600
2025-10-20,10.68000030517578,11.25,10.270000457763672,10.270000457763672,3145400
2025-10-21,11.720000267028809,12.0600004196167,10.989999771118164,11.0,4566600
2025-10-22,11.029999732971191,11.9399995803833,10.989999771118164,11.760000228881836,2493800
2025-10-23,11.359999656677246,11.420000076293944,11.09000015258789,11.119999885559082,1101700
2025-10-24,10.630000114440918,11.350000381469728,10.510000228881836,11.350000381469728,2344000
2025-10-27,10.850000381469728,11.1899995803833,10.640000343322754,10.899999618530272,1324200
2025-10-28,10.649999618530272,11.100000381469728,9.920000076293944,10.949999809265137,3251400
2025-10-29,10.210000038146973,10.75,10.020000457763672,10.68000030517578,2321100
2025-10-30,9.770000457763672,10.31999969482422,9.75,10.300000190734863,2013900
2025-10-31,9.529999732971191,9.979999542236328,9.079999923706056,9.899999618530272,2936800
2025-11-03,10.350000381469728,10.460000038146973,9.420000076293944,9.5,2393700
2025-11-04,9.710000038146973,10.239999771118164,9.699999809265137,10.220000267028809,1479300
2025-11-05,10.140000343322754,10.380000114440918,9.720000267028809,9.729999542236328,1644300
2025-11-06,9.8100004196167,10.210000038146973,9.609999656677246,10.149999618530272,1510800
2025-11-07,9.6899995803833,9.850000381469728,9.380000114440918,9.850000381469728,1472500
2025-11-10,9.970000267028809,10.0600004196167,9.720000267028809,9.729999542236328,1371600
2025-11-11,9.520000457763672,10.050000190734863,9.470000267028809,9.9399995803833,1787400
2025-11-12,8.5,9.739999771118164,8.319999694824219,9.600000381469728,6814700
2025-11-13,7.840000152587891,8.800000190734863,6.400000095367432,8.760000228881836,12682300
2025-11-14,8.130000114440918,8.859999656677246,7.039999961853027,7.739999771118164,4830800
2025-11-17,8.329999923706055,8.5,7.769999980926514,8.109999656677246,3088600
2025-11-18,9.020000457763672,9.079999923706056,7.75,8.270000457763672,5740000
2025-11-19,10.260000228881836,10.279999732971191,9.010000228881836,9.020000457763672,6314300
2025-11-20,8.890000343322754,10.789999961853027,8.760000228881836,10.390000343322754,6392400
2025-11-21,8.789999961853027,9.029999732971191,7.949999809265137,8.649999618530273,3679100
2025-11-24,9.300000190734863,9.4399995803833,8.710000038146973,8.8100004196167,2154800
2025-11-25,9.149999618530272,9.449999809265137,9.010000228881836,9.199999809265137,1117200
2025-11-26,9.220000267028809,9.300000190734863,8.770000457763672,9.149999618530272,880000
2025-11-28,9.640000343322754,9.729999542236328,9.239999771118164,9.239999771118164,1204300
2025-12-01,9.8100004196167,10.270000457763672,9.369999885559082,9.529999732971191,3371500
2025-12-02,9.960000038146973,10.1899995803833,9.75,9.829999923706056,1715600
2025-12-03,10.789999961853027,10.800000190734863,9.75,9.949999809265137,2896500
2025-12-04,10.850000381469728,10.960000038146973,10.510000228881836,10.710000038146973,1799800
2025-12-05,10.5,10.90999984741211,10.399999618530272,10.630000114440918,1202900
2025-12-08,10.75,10.850000381469728,10.25,10.479999542236328,2146200
2025-12-09,11.329999923706056,11.800000190734863,10.880000114440918,10.93000030517578,4947800
2025-12-10,10.899999618530272,11.449999809265137,10.699999809265137,11.40999984741211,2953000
2025-12-11,10.989999771118164,11.199999809265137,10.510000228881836,11.199999809265137,2146600
2025-12-12,10.300000190734863,11.0,10.050000190734863,10.989999771118164,2679700
2025-12-15,10.1899995803833,10.329999923706056,10.010000228881836,10.300000190734863,1607100
2025-12-16,10.350000381469728,10.470000267028809,9.460000038146973,10.1899995803833,2727500
2025-12-17,10.25,10.449999809265137,10.199999809265137,10.350000381469728,1109900
2025-12-18,10.149999618530272,10.359999656677246,9.739999771118164,10.279999732971191,2299700
2025-12-19,10.390000343322754,10.600000381469728,9.970000267028809,10.119999885559082,2299300
2025-12-22,10.420000076293944,10.619999885559082,10.300000190734863,10.600000381469728,1267300
2025-12-23,10.170000076293944,10.550000190734863,9.960000038146973,10.31999969482422,3025200
2025-12-24,10.130000114440918,10.300000190734863,10.100000381469728,10.149999618530272,477100
2025-12-26,10.109999656677246,10.229999542236328,9.960000038146973,10.100000381469728,499600
2025-12-29,9.829999923706056,10.079999923706056,9.489999771118164,10.050000190734863,3577700
2025-12-30,9.670000076293944,9.859999656677246,9.600000381469728,9.859999656677246,1360700
2025-12-31,10.140000343322754,10.199999809265137,9.630000114440918,9.640000343322754,2127300
2026-01-02,10.350000381469728,10.5,10.140000343322754,10.25,2067200
2026-01-05,10.449999809265137,10.600000381469728,10.380000114440918,10.399999618530272,1658600
2026-01-06,10.109999656677246,10.5,10.050000190734863,10.449999809265137,1349000
2026-01-07,10.15999984741211,10.15999984741211,9.859999656677246,10.029999732971191,1376300
2026-01-08,10.140000343322754,10.489999771118164,9.960000038146973,10.170000076293944,1892200
2026-01-09,10.079999923706056,10.359999656677246,10.0,10.199999809265137,3729600
2026-01-12,9.960000038146973,10.149999618530272,9.800000190734863,10.100000381469728,1859500
2026-01-13,9.880000114440918,10.09000015258789,9.800000190734863,9.979999542236328,1185400
2026-01-14,9.18000030517578,9.899999618530272,9.119999885559082,9.880000114440918,2563900
2026-01-15,8.800000190734863,9.199999809265137,8.140000343322754,9.18000030517578,8018800
2026-01-16,7.679999828338623,8.699999809265137,7.570000171661377,8.649999618530273,7975400
2026-01-20,7.429999828338623,7.849999904632568,7.050000190734863,7.360000133514404,4620300
2026-01-21,8.489999771118164,8.489999771118164,7.360000133514404,7.5,3671500
2026-01-22,8.180000305175781,8.899999618530273,8.109999656677246,8.5,2308300
2026-01-23,8.0,8.380000114440918,7.96999979019165,8.149999618530273,965200
2026-01-26,7.869999885559082,8.050000190734863,7.579999923706055,8.0,1959900
2026-01-27,7.670000076293945,8.0,7.449999809265137,7.949999809265137,1318300
2026-01-28,7.150000095367432,7.659999847412109,7.130000114440918,7.519999980926514,3158500
2026-01-29,7.349999904632568,7.409999847412109,6.960000038146973,7.0,3366300
2026-01-30,7.21999979019165,7.840000152587891,7.170000076293945,7.300000190734863,2305000
2026-02-02,7.420000076293945,7.590000152587891,7.079999923706055,7.170000076293945,1294200
2026-02-03,7.139999866485596,7.460000038146973,7.079999923706055,7.449999809265137,3572500
2026-02-04,7.690000057220459,7.849999904632568,7.059999942779541,7.110000133514404,2991600
2026-02-05,7.380000114440918,8.5,7.300000190734863,8.489999771118164,2215900
2026-02-06,7.340000152587891,7.590000152587891,7.309999942779541,7.400000095367432,1206600
2026-02-09,7.230000019073486,7.590000152587891,7.21999979019165,7.460000038146973,2102100
2026-02-10,7.260000228881836,7.550000190734863,7.210000038146973,7.260000228881836,1583300
2026-02-11,7.369999885559082,7.489999771118164,7.170000076293945,7.269999980926514,1227600
2026-02-12,7.090000152587891,7.409999847412109,7.03000020980835,7.369999885559082,4341200
2026-02-13,6.929999828338623,7.190000057220459,6.71999979019165,7.119999885559082,3490800
2026-02-17,6.929999828338623,6.980000019073486,6.360000133514404,6.929999828338623,3522000
2026-02-18,7.340000152587891,7.570000171661377,6.699999809265137,6.929999828338623,3082500
2026-02-19,7.289999961853027,7.460000038146973,7.179999828338623,7.409999847412109,947200
2026-02-20,7.300000190734863,7.440000057220459,7.210000038146973,7.25,1115000
2026-02-23,6.860000133514404,7.300000190734863,6.800000190734863,7.269999980926514,1818000
2026-02-24,6.789999961853027,6.96999979019165,6.599999904632568,6.769999980926514,1895800
2026-02-25,6.579999923706055,6.920000076293945,6.340000152587891,6.820000171661377,2733200
2026-02-26,6.659999847412109,6.78000020980835,6.28000020980835,6.400000095367432,3043200
2026-02-27,6.440000057220459,6.650000095367432,6.300000190734863,6.519999980926514,2846200
2026-03-02,6.239999771118164,6.380000114440918,6.130000114440918,6.25,2381000
2026-03-03,5.710000038146973,6.170000076293945,5.429999828338623,6.150000095367432,5290200
2026-03-04,6.150000095367432,6.190000057220459,5.150000095367432,5.699999809265137,5495600
2026-03-05,6.050000190734863,6.179999828338623,5.840000152587891,6.110000133514404,1268600
2026-03-06,5.639999866485596,6.0,5.610000133514404,5.949999809265137,2498200
2026-03-09,5.449999809265137,5.739999771118164,5.190000057220459,5.550000190734863,2369600
2026-03-10,5.320000171661377,5.590000152587891,5.25,5.409999847412109,1810800
2026-03-11,5.489999771118164,5.53000020980835,5.25,5.300000190734863,2355000
2026-03-12,5.309999942779541,5.489999771118164,5.170000076293945,5.480000019073486,2166500
2026-03-13,5.28000020980835,5.5,5.079999923706055,5.28000020980835,2708800
2026-03-16,5.170000076293945,5.269999980926514,5.099999904632568,5.25,1882600
2026-03-17,4.800000190734863,5.150000095367432,4.699999809265137,5.150000095367432,6355900
2026-03-18,4.059999942779541,4.880000114440918,4.050000190734863,4.739999771118164,10515100
2026-03-19,4.409999847412109,4.409999847412109,3.400000095367432,3.900000095367432,12952000
2026-03-20,4.880000114440918,5.050000190734863,4.369999885559082,4.550000190734863,7047100
2026-03-23,5.110000133514404,5.340000152587891,4.929999828338623,5.010000228881836,4245500
2026-03-24,5.090000152587891,5.230000019073486,4.900000095367432,5.119999885559082,1612000
2026-03-25,4.860000133514404,5.099999904632568,4.789999961853027,5.090000152587891,1622800
2026-03-26,4.599999904632568,4.75,4.440000057220459,4.75,3321300
2026-03-27,4.380000114440918,4.610000133514404,4.239999771118164,4.539999961853027,3429300
2026-03-30,6.449999809265137,6.650000095367432,4.510000228881836,4.519999980926514,15453100
2026-03-31,6.400000095367432,7.369999885559082,5.809999942779541,6.929999828338623,10810100
2026-04-01,6.340000152587891,7.119999885559082,6.289999961853027,6.53000020980835,5157700
2026-04-02,6.03000020980835,6.21999979019165,5.760000228881836,6.090000152587891,3556300
2026-04-06,5.590000152587891,6.0,5.480000019073486,5.96999979019165,4310600
2026-04-07,5.650000095367432,5.670000076293945,5.260000228881836,5.599999904632568,2411100
2026-04-08,5.909999847412109,6.199999809265137,5.650000095367432,6.079999923706055,3264100
2026-04-09,6.949999809265137,7.03000020980835,5.820000171661377,6.010000228881836,4408600
2026-04-10,7.190000057220459,7.46999979019165,6.949999809265137,7.050000190734863,5396000
2026-04-13,7.159999847412109,7.25,6.610000133514404,7.050000190734863,3503500
2026-04-14,7.130000114440918,7.480000019073486,6.96999979019165,7.119999885559082,2511400
2026-04-15,7.210000038146973,7.460000038146973,7.070000171661377,7.300000190734863,1819100
2026-04-16,6.849999904632568,7.25,6.75,7.199999809265137,1902200
2026-04-17,7.150000095367432,7.349999904632568,6.71999979019165,6.889999866485596,2625700
2026-04-20,7.010000228881836,7.070000171661377,6.949999809265137,7.010000228881836,1590800
2026-04-21,6.949999809265137,7.239999771118164,6.880000114440918,7.050000190734863,1659400
2026-04-22,6.630000114440918,7.090000152587891,6.599999904632568,7.039999961853027,1775400
2026-04-23,6.059999942779541,6.820000171661377,5.96999979019165,6.699999809265137,2879600
2026-04-24,6.090000152587891,6.409999847412109,5.929999828338623,6.170000076293945,4154800
2026-04-27,6.210000038146973,6.28000020980835,5.96999979019165,6.179999828338623,2585200
2026-04-28,6.599999904632568,6.730000019073486,6.170000076293945,6.190000057220459,3862900
2026-04-29,6.570000171661377,6.949999809265137,6.420000076293945,6.650000095367432,2416400
2026-04-30,7.099999904632568,7.199999809265137,6.579999923706055,6.690000057220459,4169300
2026-05-01,7.130000114440918,7.389999866485596,7.010000228881836,7.210000038146973,2460100
2026-05-04,7.730000019073486,7.980000019073486,7.550000190734863,7.650000095367432,5656000
2026-05-05,7.099999904632568,7.75,7.050000190734863,7.710000038146973,3148600
2026-05-06,7.420000076293945,7.480000019073486,6.940000057220459,7.150000095367432,4115600
2026-05-07,7.139999866485596,7.579999923706055,7.099999904632568,7.429999828338623,3436300
2026-05-08,7.019999980926514,7.190000057220459,6.96999979019165,7.130000114440918,2886900
2026-05-11,6.949999809265137,7.210000038146973,6.829999923706055,7.050000190734863,2859000
2026-05-12,6.889999866485596,7.150000095367432,6.800000190734863,6.96999979019165,1978500
2026-05-13,7.039999961853027,7.099999904632568,6.900000095367432,6.96999979019165,1724500
2026-05-14,6.980000019073486,7.170000076293945,6.96999979019165,7.070000171661377,1338100
2026-05-15,6.889999866485596,7.050000190734863,6.889999866485596,6.989999771118164,977700
2026-05-18,6.28000020980835,6.929999828338623,6.260000228881836,6.920000076293945,2197700
2026-05-19,6.230000019073486,6.409999847412109,5.96999979019165,6.25,2635800
2026-05-20,6.409999847412109,6.53000020980835,6.059999942779541,6.199999809265137,1294200
2026-05-21,6.380000114440918,6.650000095367432,6.150000095367432,6.429999828338623,1180500
2026-05-22,6.409999847412109,6.630000114440918,6.349999904632568,6.420000076293945,1461600
2026-05-26,6.309999942779541,6.550000190734863,6.210000038146973,6.489999771118164,1834100
2026-05-27,6.599999904632568,6.639999866485596,6.170000076293945,6.28000020980835,2368500
2026-05-28,6.460000038146973,6.599999904632568,6.409999847412109,6.599999904632568,988800
2026-05-29,6.360000133514404,6.460000038146973,6.25,6.449999809265137,1562900
2026-06-01,6.46999979019165,6.489999771118164,6.110000133514404,6.25,2723800
2026-06-02,6.179999828338623,6.480000019073486,6.139999866485596,6.46999979019165,1853700
2026-06-03,5.690000057220459,6.25,5.639999866485596,6.21999979019165,5159800
2026-06-04,6.059999942779541,6.190000057220459,5.739999771118164,5.75,2187800
2026-06-05,5.989999771118164,6.650000095367432,5.809999942779541,6.460000038146973,3839200
2026-06-08,5.849999904632568,6.119999885559082,5.730000019073486,5.820000171661377,2061400
2026-06-09,5.679999828338623,5.980000019073486,5.590000152587891,5.940000057220459,2709000
2026-06-11,5.670000076293945,5.869999885559082,5.449999809265137,5.559999942779541,988070
2026-06-12,5.809999942779541,5.869999885559082,5.579999923706055,5.684999942779541,477224
2026-06-15,6.059999942779541,6.150000095367432,5.849999904632568,5.860000133514404,980926
2026-06-16,6.039999961853027,6.199999809265137,5.980000019073486,6.099999904632568,757382
2026-06-17,5.920000076293945,6.179999828338623,5.880000114440918,6.0,878717
