,28.89999961853028,29.200000762939453,28.88999938964844,29.18000030517578,1851300,Close,High,Low,Open,Volume
2016-10-28,28.989999771118164,29.209999084472656,28.88999938964844,29.209999084472656,2307800.0,,,,,
2016-10-31,29.040000915527344,29.11000061035156,28.950000762939453,28.959999084472656,1822400.0,,,,,
2016-11-01,29.01000022888184,29.1200008392334,28.82999992370605,29.07999992370605,2437900.0,,,,,
2016-11-02,28.57999992370605,28.84000015258789,28.489999771118164,28.780000686645508,2958000.0,,,,,
2016-11-03,28.56999969482422,28.63999938964844,28.40999984741211,28.59000015258789,3429100.0,,,,,
2016-11-04,28.07999992370605,28.299999237060547,28.040000915527344,28.209999084472656,2706200.0,,,,,
2016-11-07,28.799999237060547,28.84000015258789,28.450000762939453,28.450000762939453,3767600.0,,,,,
2016-11-08,28.25,28.809999465942383,28.200000762939453,28.64999961853028,5771300.0,,,,,
2016-11-09,28.290000915527344,28.34000015258789,27.8799991607666,28.100000381469727,5552000.0,,,,,
2016-11-10,27.799999237060547,28.200000762939453,27.520000457763672,28.14999961853028,6456000.0,,,,,
2016-11-11,26.540000915527344,27.07999992370605,26.459999084472656,27.06999969482422,9017000.0,,,,,
2016-11-14,26.57999992370605,26.739999771118164,26.43000030517578,26.63999938964844,2553700.0,,,,,
2016-11-15,26.68000030517578,26.739999771118164,26.309999465942383,26.31999969482422,4611900.0,,,,,
2016-11-16,26.280000686645508,26.450000762939453,26.21999931335449,26.38999938964844,3776500.0,,,,,
2016-11-17,26.36000061035156,26.479999542236328,26.290000915527344,26.40999984741211,4523400.0,,,,,
2016-11-18,26.11000061035156,26.420000076293945,26.11000061035156,26.36000061035156,4298200.0,,,,,
2016-11-21,25.84000015258789,25.96999931335449,25.82999992370605,25.89999961853028,3039000.0,,,,,
2016-11-22,26.059999465942383,26.11000061035156,25.959999084472656,26.059999465942383,2863900.0,,,,,
2016-11-23,25.86000061035156,25.93000030517578,25.790000915527344,25.90999984741211,1854100.0,,,,,
2016-11-25,26.450000762939453,26.549999237060547,26.3799991607666,26.3799991607666,1170600.0,,,,,
2016-11-28,26.57999992370605,26.59000015258789,26.479999542236328,26.530000686645508,2745700.0,,,,,
2016-11-29,26.65999984741211,26.700000762939453,26.549999237060547,26.57999992370605,2050400.0,,,,,
2016-11-30,26.93000030517578,27.020000457763672,26.8799991607666,27.020000457763672,5510900.0,,,,,
2016-12-01,26.809999465942383,26.93000030517578,26.690000534057617,26.93000030517578,2215600.0,,,,,
2016-12-02,26.540000915527344,26.709999084472656,26.5,26.540000915527344,3435200.0,,,,,
2016-12-05,26.770000457763672,26.81999969482422,26.690000534057617,26.770000457763672,2021000.0,,,,,
2016-12-06,26.989999771118164,27.020000457763672,26.920000076293945,26.979999542236328,3030500.0,,,,,
2016-12-07,27.25,27.25,27.01000022888184,27.09000015258789,2350700.0,,,,,
2016-12-08,27.549999237060547,27.56999969482422,27.450000762939453,27.56999969482422,2270200.0,,,,,
2016-12-09,27.450000762939453,27.489999771118164,27.36000061035156,27.39999961853028,1628900.0,,,,,
2016-12-12,27.15999984741211,27.290000915527344,27.11000061035156,27.25,1225600.0,,,,,
2016-12-13,27.36000061035156,27.3700008392334,27.14999961853028,27.14999961853028,1523600.0,,,,,
2016-12-14,26.76000022888184,27.36000061035156,26.729999542236328,27.13999938964844,4500600.0,,,,,
2016-12-15,26.89999961853028,27.0,26.81999969482422,26.89999961853028,2303900.0,,,,,
2016-12-16,26.82999992370605,26.96999931335449,26.799999237060547,26.90999984741211,2066700.0,,,,,
2016-12-19,26.700000762939453,26.82999992370605,26.65999984741211,26.799999237060547,1782400.0,,,,,
2016-12-20,26.64999961853028,26.670000076293945,26.559999465942383,26.57999992370605,1479800.0,,,,,
2016-12-21,26.43000030517578,26.57999992370605,26.39999961853028,26.57999992370605,2094000.0,,,,,
2016-12-22,26.06999969482422,26.14999961853028,25.959999084472656,26.06999969482422,2405300.0,,,,,
2016-12-23,26.11000061035156,26.13999938964844,26.040000915527344,26.06999969482422,2756600.0,,,,,
2016-12-27,26.309999465942383,26.309999465942383,26.06999969482422,26.239999771118164,1976200.0,,,,,
2016-12-28,26.21999931335449,26.239999771118164,26.100000381469727,26.239999771118164,3757700.0,,,,,
2016-12-29,26.670000076293945,26.670000076293945,26.40999984741211,26.40999984741211,1929300.0,,,,,
2016-12-30,26.809999465942383,26.84000015258789,26.71999931335449,26.799999237060547,8110100.0,,,,,
2017-01-03,26.93000030517578,26.93000030517578,26.71999931335449,26.790000915527344,6714300.0,,,,,
2017-01-04,27.07999992370605,27.100000381469727,26.959999084472656,27.01000022888184,3286200.0,,,,,
2017-01-05,27.450000762939453,27.450000762939453,27.290000915527344,27.350000381469727,2464700.0,,,,,
2017-01-06,27.11000061035156,27.18000030517578,27.059999465942383,27.18000030517578,1899400.0,,,,,
2017-01-09,27.01000022888184,27.1200008392334,27.01000022888184,27.11000061035156,2181400.0,,,,,
2017-01-10,27.190000534057617,27.270000457763672,27.14999961853028,27.14999961853028,1951500.0,,,,,
2017-01-11,27.600000381469727,27.61000061035156,27.32999992370605,27.32999992370605,3744100.0,,,,,
2017-01-12,27.65999984741211,27.690000534057617,27.540000915527344,27.64999961853028,2249300.0,,,,,
2017-01-13,27.65999984741211,27.65999984741211,27.51000022888184,27.559999465942383,2569200.0,,,,,
2017-01-17,27.520000457763672,27.68000030517578,27.51000022888184,27.68000030517578,2502300.0,,,,,
2017-01-18,27.549999237060547,27.729999542236328,27.520000457763672,27.700000762939453,3228600.0,,,,,
2017-01-19,27.56999969482422,27.670000076293945,27.46999931335449,27.670000076293945,2347000.0,,,,,
2017-01-20,27.309999465942383,27.39999961853028,27.280000686645508,27.3700008392334,1701300.0,,,,,
2017-01-23,27.63999938964844,27.670000076293945,27.450000762939453,27.450000762939453,2710000.0,,,,,
2017-01-24,27.920000076293945,27.950000762939453,27.780000686645508,27.84000015258789,2966800.0,,,,,
2017-01-25,28.39999961853028,28.40999984741211,28.170000076293945,28.21999931335449,5878700.0,,,,,
2017-01-26,28.21999931335449,28.36000061035156,28.18000030517578,28.36000061035156,3879900.0,,,,,
2017-01-27,28.280000686645508,28.36000061035156,28.239999771118164,28.350000381469727,2419700.0,,,,,
2017-01-30,28.38999938964844,28.420000076293945,28.25,28.350000381469727,2837700.0,,,,,
2017-01-31,28.36000061035156,28.36000061035156,28.14999961853028,28.18000030517578,2834400.0,,,,,
2017-02-01,28.64999961853028,28.81999969482422,28.559999465942383,28.799999237060547,6845300.0,,,,,
2017-02-02,28.84000015258789,28.940000534057617,28.76000022888184,28.90999984741211,4208300.0,,,,,
2017-02-03,29.049999237060547,29.049999237060547,28.90999984741211,28.959999084472656,2308200.0,,,,,
2017-02-06,29.07999992370605,29.1200008392334,29.020000457763672,29.049999237060547,2199700.0,,,,,
2017-02-07,28.93000030517578,28.979999542236328,28.88999938964844,28.979999542236328,1932800.0,,,,,
2017-02-08,29.209999084472656,29.26000022888184,29.059999465942383,29.1200008392334,3403900.0,,,,,
2017-02-09,29.3799991607666,29.440000534057617,29.350000381469727,29.3799991607666,2803400.0,,,,,
2017-02-10,29.46999931335449,29.46999931335449,29.280000686645508,29.3700008392334,1993200.0,,,,,
2017-02-13,29.3799991607666,29.420000076293945,29.309999465942383,29.39999961853028,1856600.0,,,,,
2017-02-14,29.309999465942383,29.36000061035156,29.170000076293945,29.32999992370605,1480100.0,,,,,
2017-02-15,29.030000686645508,29.09000015258789,28.979999542236328,29.0,3128600.0,,,,,
2017-02-16,29.15999984741211,29.309999465942383,29.14999961853028,29.239999771118164,4081200.0,,,,,
2017-02-17,29.190000534057617,29.21999931335449,29.1299991607666,29.15999984741211,2753800.0,,,,,
2017-02-21,29.65999984741211,29.65999984741211,29.51000022888184,29.559999465942383,3460300.0,,,,,
2017-02-22,29.6200008392334,29.63999938964844,29.540000915527344,29.61000061035156,2520100.0,,,,,
2017-02-23,29.8700008392334,29.8799991607666,29.76000022888184,29.82999992370605,2254800.0,,,,,
2017-02-24,29.6200008392334,29.690000534057617,29.57999992370605,29.6299991607666,1828800.0,,,,,
2017-02-27,29.670000076293945,29.729999542236328,29.6200008392334,29.68000030517578,1679200.0,,,,,
2017-02-28,29.670000076293945,29.850000381469727,29.56999969482422,29.709999084472656,4029300.0,,,,,
2017-03-01,30.1299991607666,30.14999961853028,29.8799991607666,29.90999984741211,6323100.0,,,,,
2017-03-02,29.559999465942383,29.770000457763672,29.559999465942383,29.690000534057617,3469900.0,,,,,
2017-03-03,29.86000061035156,29.88999938964844,29.729999542236328,29.76000022888184,3535600.0,,,,,
2017-03-06,29.940000534057617,29.979999542236328,29.850000381469727,29.979999542236328,2710000.0,,,,,
2017-03-07,29.89999961853028,29.959999084472656,29.86000061035156,29.90999984741211,2517000.0,,,,,
2017-03-08,29.670000076293945,29.770000457763672,29.670000076293945,29.76000022888184,2471400.0,,,,,
2017-03-09,29.8700008392334,29.89999961853028,29.729999542236328,29.790000915527344,3621600.0,,,,,
2017-03-10,30.049999237060547,30.049999237060547,29.850000381469727,29.8799991607666,2531300.0,,,,,
2017-03-13,30.8700008392334,30.8700008392334,30.700000762939453,30.81999969482422,4905300.0,,,,,
2017-03-14,30.770000457763672,30.86000061035156,30.729999542236328,30.81999969482422,3814400.0,,,,,
2017-03-15,31.32999992370605,31.3700008392334,30.780000686645508,30.86000061035156,6322100.0,,,,,
2017-03-16,31.270000457763672,31.3799991607666,31.229999542236328,31.34000015258789,2737300.0,,,,,
2017-03-17,31.1200008392334,31.25,31.11000061035156,31.21999931335449,3139400.0,,,,,
2017-03-20,31.299999237060547,31.34000015258789,31.11000061035156,31.170000076293945,2525100.0,,,,,
2017-03-21,30.780000686645508,31.209999084472656,30.780000686645508,31.18000030517578,4882400.0,,,,,
2017-03-22,30.86000061035156,30.89999961853028,30.690000534057617,30.690000534057617,2855800.0,,,,,
2017-03-23,31.030000686645508,31.100000381469727,30.8700008392334,30.93000030517578,2327600.0,,,,,
2017-03-24,30.979999542236328,31.059999465942383,30.93000030517578,30.979999542236328,2639900.0,,,,,
2017-03-27,31.1200008392334,31.1299991607666,30.89999961853028,30.940000534057617,2623300.0,,,,,
2017-03-28,31.31999969482422,31.36000061035156,31.190000534057617,31.190000534057617,1701600.0,,,,,
2017-03-29,31.600000381469727,31.600000381469727,31.40999984741211,31.459999084472656,3360700.0,,,,,
2017-03-30,31.559999465942383,31.61000061035156,31.38999938964844,31.450000762939453,2718800.0,,,,,
2017-03-31,31.489999771118164,31.63999938964844,31.46999931335449,31.479999542236328,2478500.0,,,,,
2017-04-03,31.81999969482422,31.84000015258789,31.6200008392334,31.700000762939453,3208900.0,,,,,
2017-04-04,31.71999931335449,31.76000022888184,31.59000015258789,31.690000534057617,1539400.0,,,,,
2017-04-05,31.6299991607666,31.89999961853028,31.6200008392334,31.86000061035156,2720000.0,,,,,
2017-04-06,32.0,32.02000045776367,31.89999961853028,31.920000076293945,4517300.0,,,,,
2017-04-07,31.959999084472656,32.04999923706055,31.8799991607666,31.8799991607666,3550700.0,,,,,
2017-04-10,31.76000022888184,31.84000015258789,31.700000762939453,31.81999969482422,1752000.0,,,,,
2017-04-11,31.809999465942383,31.96999931335449,31.670000076293945,31.96999931335449,2401300.0,,,,,
2017-04-12,31.63999938964844,31.75,31.540000915527344,31.75,5299900.0,,,,,
2017-04-13,31.450000762939453,31.700000762939453,31.420000076293945,31.690000534057617,4551300.0,,,,,
2017-04-17,31.68000030517578,31.700000762939453,31.459999084472656,31.559999465942383,1947300.0,,,,,
2017-04-18,31.170000076293945,31.32999992370605,31.14999961853028,31.31999969482422,3326200.0,,,,,
2017-04-19,31.15999984741211,31.36000061035156,31.1200008392334,31.200000762939453,2682400.0,,,,,
2017-04-20,31.479999542236328,31.489999771118164,31.309999465942383,31.479999542236328,2033400.0,,,,,
2017-04-21,31.1299991607666,31.299999237060547,31.11000061035156,31.299999237060547,3905300.0,,,,,
2017-04-24,31.75,31.780000686645508,31.57999992370605,31.57999992370605,4550700.0,,,,,
2017-04-25,32.15999984741211,32.189998626708984,32.0,32.099998474121094,4282300.0,,,,,
2017-04-26,32.27000045776367,32.380001068115234,32.220001220703125,32.22999954223633,2321700.0,,,,,
2017-04-27,32.09000015258789,32.189998626708984,32.09000015258789,32.189998626708984,2711800.0,,,,,
2017-04-28,32.08000183105469,32.099998474121094,31.959999084472656,32.060001373291016,1988600.0,,,,,
2017-05-01,32.119998931884766,32.16999816894531,32.08000183105469,32.09000015258789,1347400.0,,,,,
2017-05-02,32.34000015258789,32.34000015258789,32.18000030517578,32.279998779296875,2987400.0,,,,,
2017-05-03,32.09000015258789,32.209999084472656,32.08000183105469,32.18000030517578,2196300.0,,,,,
2017-05-04,32.040000915527344,32.29999923706055,32.029998779296875,32.25,4002200.0,,,,,
2017-05-05,32.04999923706055,32.04999923706055,31.770000457763672,31.920000076293945,1565200.0,,,,,
2017-05-08,31.86000061035156,32.06999969482422,31.850000381469727,32.040000915527344,2088300.0,,,,,
2017-05-09,31.979999542236328,32.029998779296875,31.88999938964844,31.89999961853028,3329900.0,,,,,
2017-05-10,32.43000030517578,32.43000030517578,32.220001220703125,32.29999923706055,3091100.0,,,,,
2017-05-11,32.5099983215332,32.52000045776367,32.34000015258789,32.439998626708984,2268500.0,,,,,
2017-05-12,32.540000915527344,32.560001373291016,32.369998931884766,32.459999084472656,1581800.0,,,,,
2017-05-15,32.790000915527344,32.790000915527344,32.59000015258789,32.70000076293945,2794400.0,,,,,
2017-05-16,32.90999984741211,32.939998626708984,32.810001373291016,32.810001373291016,3241400.0,,,,,
2017-05-17,32.400001525878906,32.75,32.400001525878906,32.75,3370500.0,,,,,
2017-05-18,32.02000045776367,32.09000015258789,31.76000022888184,31.96999931335449,4405100.0,,,,,
2017-05-19,32.2599983215332,32.2599983215332,32.060001373291016,32.060001373291016,2880400.0,,,,,
2017-05-22,32.09000015258789,32.150001525878906,32.040000915527344,32.11000061035156,1959400.0,,,,,
2017-05-23,31.6200008392334,31.71999931335449,31.600000381469727,31.71999931335449,3358800.0,,,,,
2017-05-24,31.729999542236328,31.739999771118164,31.540000915527344,31.540000915527344,1770800.0,,,,,
2017-05-25,32.060001373291016,32.119998931884766,31.920000076293945,32.02000045776367,2989400.0,,,,,
2017-05-26,32.34000015258789,32.43000030517578,32.290000915527344,32.38999938964844,3792300.0,,,,,
2017-05-30,32.560001373291016,32.560001373291016,32.41999816894531,32.459999084472656,2288700.0,,,,,
2017-05-31,32.54999923706055,32.61000061035156,32.5,32.56999969482422,2968300.0,,,,,
2017-06-01,32.86000061035156,32.86000061035156,32.54999923706055,32.63999938964844,3237800.0,,,,,
2017-06-02,32.95000076293945,32.95000076293945,32.83000183105469,32.939998626708984,1894100.0,,,,,
2017-06-05,32.970001220703125,33.040000915527344,32.95000076293945,33.0,1750100.0,,,,,
2017-06-06,32.849998474121094,32.91999816894531,32.81999969482422,32.86000061035156,2107500.0,,,,,
2017-06-07,32.88999938964844,32.939998626708984,32.779998779296875,32.93000030517578,2381800.0,,,,,
2017-06-08,32.95000076293945,32.97999954223633,32.880001068115234,32.880001068115234,2038300.0,,,,,
2017-06-09,32.720001220703125,32.93000030517578,32.650001525878906,32.91999816894531,2159400.0,,,,,
2017-06-12,32.66999816894531,32.77000045776367,32.599998474121094,32.77000045776367,2795600.0,,,,,
2017-06-13,32.779998779296875,32.810001373291016,32.70000076293945,32.77000045776367,2114400.0,,,,,
2017-06-14,32.880001068115234,33.08000183105469,32.81999969482422,32.97999954223633,3202600.0,,,,,
2017-06-15,32.47999954223633,32.650001525878906,32.400001525878906,32.529998779296875,2694800.0,,,,,
2017-06-16,32.61000061035156,32.619998931884766,32.400001525878906,32.56999969482422,3078600.0,,,,,
2017-06-19,32.779998779296875,32.810001373291016,32.70000076293945,32.79999923706055,1451800.0,,,,,
2017-06-20,32.38999938964844,32.63999938964844,32.38999938964844,32.63999938964844,1962600.0,,,,,
2017-06-21,32.5099983215332,32.630001068115234,32.45000076293945,32.619998931884766,1520500.0,,,,,
2017-06-22,32.38999938964844,32.52000045776367,32.369998931884766,32.400001525878906,2740500.0,,,,,
2017-06-23,32.189998626708984,32.380001068115234,32.130001068115234,32.130001068115234,1001000.0,,,,,
2017-06-26,32.5099983215332,32.52000045776367,32.38999938964844,32.4900016784668,1852700.0,,,,,
2017-06-27,31.959999084472656,32.11000061035156,31.950000762939453,32.099998474121094,2658900.0,,,,,
2017-06-28,32.15999984741211,32.16999816894531,31.950000762939453,31.989999771118164,2345200.0,,,,,
2017-06-29,31.780000686645508,32.08000183105469,31.670000076293945,32.08000183105469,5327400.0,,,,,
2017-06-30,32.099998474121094,32.16999816894531,32.0099983215332,32.0099983215332,3841900.0,,,,,
2017-07-03,32.40999984741211,32.4900016784668,32.099998474121094,32.099998474121094,1648500.0,,,,,
2017-07-05,32.650001525878906,32.650001525878906,32.380001068115234,32.380001068115234,2883600.0,,,,,
2017-07-06,32.4900016784668,32.63999938964844,32.459999084472656,32.54999923706055,2265200.0,,,,,
2017-07-07,32.619998931884766,32.709999084472656,32.52000045776367,32.63999938964844,2711200.0,,,,,
2017-07-10,33.16999816894531,33.220001220703125,32.95000076293945,32.95000076293945,3751300.0,,,,,
2017-07-11,33.13999938964844,33.20000076293945,33.029998779296875,33.15999984741211,1813900.0,,,,,
2017-07-12,33.61000061035156,33.630001068115234,33.45000076293945,33.45000076293945,3407000.0,,,,,
2017-07-13,33.70000076293945,33.70000076293945,33.56999969482422,33.65999984741211,2815200.0,,,,,
2017-07-14,33.95000076293945,33.970001220703125,33.81999969482422,33.93000030517578,1834400.0,,,,,
2017-07-17,33.790000915527344,33.95000076293945,33.790000915527344,33.95000076293945,1919300.0,,,,,
2017-07-18,33.630001068115234,33.65999984741211,33.540000915527344,33.65999984741211,2883300.0,,,,,
2017-07-19,33.93000030517578,33.97999954223633,33.86000061035156,33.900001525878906,2598300.0,,,,,
2017-07-20,33.77000045776367,33.900001525878906,33.70000076293945,33.869998931884766,2974100.0,,,,,
2017-07-21,33.790000915527344,33.86000061035156,33.77000045776367,33.81999969482422,1568400.0,,,,,
2017-07-24,34.099998474121094,34.099998474121094,33.88999938964844,33.939998626708984,3363300.0,,,,,
2017-07-25,34.06999969482422,34.18000030517578,34.04999923706055,34.16999816894531,1639200.0,,,,,
2017-07-26,34.459999084472656,34.459999084472656,34.22999954223633,34.22999954223633,2523800.0,,,,,
2017-07-27,34.130001068115234,34.400001525878906,34.02000045776367,34.29999923706055,3807900.0,,,,,
2017-07-28,34.29999923706055,34.38999938964844,34.25,34.29999923706055,2305900.0,,,,,
2017-07-31,34.36000061035156,34.5099983215332,34.29999923706055,34.5099983215332,1910200.0,,,,,
2017-08-01,34.709999084472656,34.709999084472656,34.529998779296875,34.61000061035156,2555300.0,,,,,
2017-08-02,34.709999084472656,34.77000045776367,34.599998474121094,34.709999084472656,2593400.0,,,,,
2017-08-03,34.58000183105469,34.650001525878906,34.4900016784668,34.619998931884766,1694900.0,,,,,
2017-08-04,34.83000183105469,34.900001525878906,34.7400016784668,34.81999969482422,2821100.0,,,,,
2017-08-07,34.72999954223633,34.81999969482422,34.720001220703125,34.79999923706055,1021000.0,,,,,
2017-08-08,34.470001220703125,34.630001068115234,34.470001220703125,34.560001373291016,1734300.0,,,,,
2017-08-09,33.900001525878906,34.099998474121094,33.900001525878906,34.02000045776367,2927100.0,,,,,
2017-08-10,32.93000030517578,33.66999816894531,32.93000030517578,33.56999969482422,5300800.0,,,,,
2017-08-11,33.16999816894531,33.209999084472656,33.06999969482422,33.099998474121094,3275900.0,,,,,
2017-08-14,33.58000183105469,33.65999984741211,33.380001068115234,33.59000015258789,2305900.0,,,,,
2017-08-15,33.470001220703125,33.61000061035156,33.40999984741211,33.599998474121094,1619700.0,,,,,
2017-08-16,33.939998626708984,33.95000076293945,33.65999984741211,33.790000915527344,4370200.0,,,,,
2017-08-17,33.56999969482422,34.060001373291016,33.56999969482422,33.97999954223633,2876600.0,,,,,
2017-08-18,33.70000076293945,33.790000915527344,33.560001373291016,33.619998931884766,2810200.0,,,,,
2017-08-21,33.369998931884766,33.5,33.290000915527344,33.38999938964844,2440100.0,,,,,
2017-08-22,33.5099983215332,33.56999969482422,33.41999816894531,33.459999084472656,2042800.0,,,,,
2017-08-23,33.79999923706055,33.810001373291016,33.61000061035156,33.61000061035156,1814500.0,,,,,
2017-08-24,33.88999938964844,33.9900016784668,33.84000015258789,33.84000015258789,2143100.0,,,,,
2017-08-25,34.04999923706055,34.099998474121094,33.900001525878906,33.900001525878906,2120300.0,,,,,
2017-08-28,34.22999954223633,34.27000045776367,34.15999984741211,34.22999954223633,1922000.0,,,,,
2017-08-29,33.790000915527344,33.84000015258789,33.619998931884766,33.7400016784668,2331700.0,,,,,
2017-08-30,33.95000076293945,33.970001220703125,33.880001068115234,33.970001220703125,1720300.0,,,,,
2017-08-31,34.11000061035156,34.15999984741211,33.9900016784668,34.06999969482422,2500500.0,,,,,
2017-09-01,34.529998779296875,34.529998779296875,34.36000061035156,34.369998931884766,2846800.0,,,,,
2017-09-05,34.04999923706055,34.279998779296875,33.9900016784668,34.209999084472656,2734800.0,,,,,
2017-09-06,34.22999954223633,34.2400016784668,34.13999938964844,34.2400016784668,1837700.0,,,,,
2017-09-07,34.29999923706055,34.43000030517578,34.279998779296875,34.43000030517578,2561300.0,,,,,
2017-09-08,34.15999984741211,34.33000183105469,34.130001068115234,34.33000183105469,2347900.0,,,,,
2017-09-11,34.40999984741211,34.41999816894531,34.25,34.25,3198200.0,,,,,
2017-09-12,34.560001373291016,34.59000015258789,34.41999816894531,34.52000045776367,1872800.0,,,,,
2017-09-13,34.27000045776367,34.52000045776367,34.2599983215332,34.52000045776367,3729600.0,,,,,
2017-09-14,34.400001525878906,34.400001525878906,34.27000045776367,34.349998474121094,2297600.0,,,,,
2017-09-15,34.4900016784668,34.5099983215332,34.34000015258789,34.43000030517578,1964100.0,,,,,
2017-09-18,34.58000183105469,34.65999984741211,34.5,34.65999984741211,1704700.0,,,,,
2017-09-19,34.58000183105469,34.63999938964844,34.4900016784668,34.58000183105469,1872400.0,,,,,
2017-09-20,34.279998779296875,34.540000915527344,34.11000061035156,34.5,3403300.0,,,,,
2017-09-21,34.02000045776367,34.119998931884766,33.9900016784668,34.119998931884766,2615900.0,,,,,
2017-09-22,33.47999954223633,33.58000183105469,33.459999084472656,33.52000045776367,3323000.0,,,,,
2017-09-25,32.77000045776367,33.08000183105469,32.66999816894531,33.060001373291016,5354400.0,,,,,
2017-09-26,32.849998474121094,32.900001525878906,32.720001220703125,32.79999923706055,3117200.0,,,,,
2017-09-27,32.290000915527344,32.380001068115234,32.15999984741211,32.2599983215332,3761700.0,,,,,
2017-09-28,32.560001373291016,32.560001373291016,32.29999923706055,32.310001373291016,3346200.0,,,,,
2017-09-29,32.849998474121094,32.849998474121094,32.630001068115234,32.630001068115234,3781300.0,,,,,
2017-10-02,32.68000030517578,32.79999923706055,32.650001525878906,32.66999816894531,3584900.0,,,,,
2017-10-03,33.0,33.0,32.720001220703125,32.90999984741211,2186700.0,,,,,
2017-10-04,33.349998474121094,33.369998931884766,33.25,33.369998931884766,2674500.0,,,,,
2017-10-05,33.31999969482422,33.41999816894531,33.2400016784668,33.2400016784668,2058100.0,,,,,
2017-10-06,33.36000061035156,33.38999938964844,33.16999816894531,33.33000183105469,2316900.0,,,,,
2017-10-09,33.5099983215332,33.5099983215332,33.40999984741211,33.5,1858500.0,,,,,
2017-10-10,33.880001068115234,33.880001068115234,33.7400016784668,33.7400016784668,2359600.0,,,,,
2017-10-11,33.72999954223633,33.7599983215332,33.61000061035156,33.72999954223633,2413400.0,,,,,
2017-10-12,34.099998474121094,34.16999816894531,34.040000915527344,34.04999923706055,3314500.0,,,,,
2017-10-13,34.619998931884766,34.65999984741211,34.369998931884766,34.38999938964844,3856400.0,,,,,
2017-10-16,34.75,34.810001373291016,34.689998626708984,34.79999923706055,2848000.0,,,,,
2017-10-17,34.5099983215332,34.58000183105469,34.40999984741211,34.54999923706055,3313800.0,,,,,
2017-10-18,34.43000030517578,34.52000045776367,34.349998474121094,34.439998626708984,2499300.0,,,,,
2017-10-19,34.20000076293945,34.33000183105469,34.11000061035156,34.29999923706055,2100500.0,,,,,
2017-10-20,34.29999923706055,34.34000015258789,34.2400016784668,34.34000015258789,2856100.0,,,,,
2017-10-23,34.380001068115234,34.43000030517578,34.33000183105469,34.400001525878906,3240100.0,,,,,
2017-10-24,34.61000061035156,34.65999984741211,34.43000030517578,34.470001220703125,4575800.0,,,,,
2017-10-25,34.619998931884766,34.790000915527344,34.45000076293945,34.75,4744200.0,,,,,
2017-10-26,34.77000045776367,35.0099983215332,34.72999954223633,34.91999816894531,3354200.0,,,,,
2017-10-27,35.119998931884766,35.119998931884766,34.560001373291016,34.70000076293945,6390800.0,,,,,
2017-10-30,35.029998779296875,35.119998931884766,34.70000076293945,34.70000076293945,2321000.0,,,,,
2017-10-31,35.2400016784668,35.25,35.099998474121094,35.15999984741211,2587200.0,,,,,
2017-11-01,35.61000061035156,35.720001220703125,35.540000915527344,35.56999969482422,2592500.0,,,,,
2017-11-02,35.68000030517578,35.709999084472656,35.59000015258789,35.61000061035156,2012900.0,,,,,
2017-11-03,35.61000061035156,35.689998626708984,35.41999816894531,35.689998626708984,2280100.0,,,,,
2017-11-06,35.790000915527344,35.79999923706055,35.720001220703125,35.7599983215332,2415900.0,,,,,
2017-11-07,34.970001220703125,35.22999954223633,34.939998626708984,35.22999954223633,3961900.0,,,,,
2017-11-08,35.09000015258789,35.09000015258789,34.93000030517578,35.0099983215332,2508000.0,,,,,
2017-11-09,34.79999923706055,34.97999954223633,34.70000076293945,34.849998474121094,3770500.0,,,,,
2017-11-10,34.68000030517578,34.7599983215332,34.529998779296875,34.75,2624200.0,,,,,
2017-11-13,34.2400016784668,34.290000915527344,34.150001525878906,34.16999816894531,2537500.0,,,,,
2017-11-14,34.08000183105469,34.20000076293945,34.04999923706055,34.189998626708984,2465800.0,,,,,
2017-11-15,33.83000183105469,33.91999816894531,33.77000045776367,33.79999923706055,2931600.0,,,,,
2017-11-16,34.52000045776367,34.58000183105469,34.279998779296875,34.279998779296875,3689400.0,,,,,
2017-11-17,34.849998474121094,34.88999938964844,34.72999954223633,34.7400016784668,3709800.0,,,,,
2017-11-20,34.81999969482422,34.869998931884766,34.66999816894531,34.7599983215332,2165900.0,,,,,
2017-11-21,35.150001525878906,35.2400016784668,35.0,35.0099983215332,2841200.0,,,,,
2017-11-22,35.06999969482422,35.18000030517578,35.029998779296875,35.150001525878906,1801900.0,,,,,
2017-11-24,35.41999816894531,35.470001220703125,35.36000061035156,35.380001068115234,1399700.0,,,,,
2017-11-27,35.27000045776367,35.59000015258789,35.27000045776367,35.47999954223633,2260700.0,,,,,
2017-11-28,35.45000076293945,35.5099983215332,35.349998474121094,35.470001220703125,2681700.0,,,,,
2017-11-29,35.060001373291016,35.33000183105469,35.060001373291016,35.29999923706055,5167300.0,,,,,
2017-11-30,34.779998779296875,34.90999984741211,34.75,34.849998474121094,5488300.0,,,,,
2017-12-01,34.2400016784668,34.4900016784668,34.220001220703125,34.45000076293945,6277300.0,,,,,
2017-12-04,34.36000061035156,34.689998626708984,34.310001373291016,34.54999923706055,3070900.0,,,,,
2017-12-05,34.439998626708984,34.61000061035156,34.38999938964844,34.470001220703125,1803100.0,,,,,
2017-12-06,34.119998931884766,34.310001373291016,34.029998779296875,34.119998931884766,2747300.0,,,,,
2017-12-07,34.75,34.7599983215332,34.439998626708984,34.5,3357000.0,,,,,
2017-12-08,35.16999816894531,35.16999816894531,35.0099983215332,35.16999816894531,2138700.0,,,,,
2017-12-11,35.36000061035156,35.38999938964844,35.220001220703125,35.22999954223633,1657900.0,,,,,
2017-12-12,34.91999816894531,35.0,34.79999923706055,34.91999816894531,2293600.0,,,,,
2017-12-13,35.11000061035156,35.220001220703125,34.900001525878906,34.959999084472656,2500200.0,,,,,
2017-12-14,35.279998779296875,35.560001373291016,35.22999954223633,35.38999938964844,3828800.0,,,,,
2017-12-15,35.459999084472656,35.709999084472656,35.459999084472656,35.529998779296875,5153800.0,,,,,
2017-12-18,35.65999984741211,35.709999084472656,35.59000015258789,35.619998931884766,2901400.0,,,,,
2017-12-19,35.4900016784668,35.709999084472656,35.45000076293945,35.709999084472656,2370100.0,,,,,
2017-12-20,35.630001068115234,35.70000076293945,35.54999923706055,35.70000076293945,2859300.0,,,,,
2017-12-21,35.52000045776367,35.72999954223633,35.52000045776367,35.689998626708984,2120100.0,,,,,
2017-12-22,35.86000061035156,35.88999938964844,35.709999084472656,35.77000045776367,2244700.0,,,,,
2017-12-26,35.9900016784668,36.0099983215332,35.869998931884766,35.869998931884766,1563600.0,,,,,
2017-12-27,35.81999969482422,35.84000015258789,35.7400016784668,35.83000183105469,1711300.0,,,,,
2017-12-28,35.68000030517578,35.81999969482422,35.65999984741211,35.810001373291016,2548600.0,,,,,
2017-12-29,36.06999969482422,36.22999954223633,36.0099983215332,36.13999938964844,4030300.0,,,,,
2018-01-02,36.13999938964844,36.150001525878906,35.9900016784668,36.060001373291016,2743900.0,,,,,
2018-01-03,36.27000045776367,36.27000045776367,36.09999847412109,36.09999847412109,2458700.0,,,,,
2018-01-04,36.43000030517578,36.459999084472656,36.29999923706055,36.369998931884766,4126700.0,,,,,
2018-01-05,37.02000045776367,37.02000045776367,36.68000030517578,36.70000076293945,4364200.0,,,,,
2018-01-08,36.9900016784668,37.0099983215332,36.86000061035156,36.93000030517578,2272800.0,,,,,
2018-01-09,36.86000061035156,36.93000030517578,36.709999084472656,36.84999847412109,2795600.0,,,,,
2018-01-10,36.70000076293945,36.7400016784668,36.59999847412109,36.72999954223633,3429000.0,,,,,
2018-01-11,37.06999969482422,37.06999969482422,36.84000015258789,36.86000061035156,2553900.0,,,,,
2018-01-12,37.130001068115234,37.15999984741211,36.91999816894531,37.0099983215332,3608400.0,,,,,
2018-01-16,36.52999877929688,36.880001068115234,36.52999877929688,36.77999877929688,3772600.0,,,,,
2018-01-17,37.41999816894531,37.459999084472656,37.13999938964844,37.13999938964844,4664200.0,,,,,
2018-01-18,36.93000030517578,37.130001068115234,36.93000030517578,37.09999847412109,3591000.0,,,,,
2018-01-19,37.43000030517578,37.459999084472656,37.2400016784668,37.29999923706055,3146900.0,,,,,
2018-01-22,37.70000076293945,37.79999923706055,37.4900016784668,37.560001373291016,3864500.0,,,,,
2018-01-23,38.060001373291016,38.06999969482422,37.869998931884766,37.90999984741211,4110600.0,,,,,
2018-01-24,37.970001220703125,38.209999084472656,37.93999862670898,38.08000183105469,4492300.0,,,,,
2018-01-25,37.720001220703125,38.04999923706055,37.70000076293945,37.86000061035156,5666600.0,,,,,
2018-01-26,38.04999923706055,38.04999923706055,37.81999969482422,37.90999984741211,3724700.0,,,,,
2018-01-29,37.77999877929688,37.93999862670898,37.75,37.90999984741211,4445900.0,,,,,
2018-01-30,37.20000076293945,37.52000045776367,37.20000076293945,37.52000045776367,5680500.0,,,,,
2018-01-31,37.25,37.54999923706055,37.13999938964844,37.5099983215332,4065800.0,,,,,
2018-02-01,36.63999938964844,37.02999877929688,36.59000015258789,37.0,4606900.0,,,,,
2018-02-02,35.380001068115234,36.02000045776367,35.349998474121094,36.0099983215332,7286200.0,,,,,
2018-02-05,34.4900016784668,35.779998779296875,34.45000076293945,35.720001220703125,8736600.0,,,,,
2018-02-06,35.86000061035156,35.939998626708984,34.599998474121094,34.61000061035156,8944600.0,,,,,
2018-02-07,34.939998626708984,35.790000915527344,34.939998626708984,35.47999954223633,5645800.0,,,,,
2018-02-08,34.29999923706055,35.810001373291016,34.290000915527344,35.709999084472656,7029400.0,,,,,
2018-02-09,35.36000061035156,35.45000076293945,34.439998626708984,35.02000045776367,8070400.0,,,,,
2018-02-12,35.540000915527344,35.72999954223633,35.27000045776367,35.400001525878906,4057100.0,,,,,
2018-02-13,35.52000045776367,35.58000183105469,35.31999969482422,35.4900016784668,2864100.0,,,,,
2018-02-14,35.70000076293945,35.720001220703125,35.13999938964844,35.220001220703125,2590600.0,,,,,
2018-02-15,35.939998626708984,35.9900016784668,35.59000015258789,35.939998626708984,2981600.0,,,,,
2018-02-16,35.220001220703125,35.40999984741211,34.939998626708984,35.0,3410100.0,,,,,
2018-02-20,34.790000915527344,34.88999938964844,34.630001068115234,34.77000045776367,4224000.0,,,,,
2018-02-21,34.63999938964844,35.20000076293945,34.560001373291016,35.0099983215332,3335000.0,,,,,
2018-02-22,34.47999954223633,34.779998779296875,34.459999084472656,34.630001068115234,2925200.0,,,,,
2018-02-23,35.349998474121094,35.349998474121094,35.0099983215332,35.08000183105469,5498800.0,,,,,
2018-02-26,35.59000015258789,35.599998474121094,35.25,35.279998779296875,3200000.0,,,,,
2018-02-27,34.810001373291016,35.290000915527344,34.77000045776367,35.290000915527344,3457100.0,,,,,
2018-02-28,34.31999969482422,35.040000915527344,34.31999969482422,34.900001525878906,7533700.0,,,,,
2018-03-01,34.279998779296875,34.7599983215332,34.189998626708984,34.58000183105469,5037500.0,,,,,
2018-03-02,34.459999084472656,34.470001220703125,33.88999938964844,34.02000045776367,5614200.0,,,,,
2018-03-05,34.5,34.560001373291016,34.16999816894531,34.29999923706055,3937100.0,,,,,
2018-03-06,34.029998779296875,34.279998779296875,34.0099983215332,34.27000045776367,3515000.0,,,,,
2018-03-07,33.95000076293945,34.0,33.720001220703125,33.79999923706055,3178200.0,,,,,
2018-03-08,34.04999923706055,34.13999938964844,33.849998474121094,34.02000045776367,2557600.0,,,,,
2018-03-09,34.5,34.540000915527344,34.029998779296875,34.04999923706055,3644200.0,,,,,
2018-03-12,34.790000915527344,34.83000183105469,34.619998931884766,34.72999954223633,2940700.0,,,,,
2018-03-13,34.7400016784668,35.060001373291016,34.66999816894531,34.9900016784668,2832300.0,,,,,
2018-03-14,34.70000076293945,35.0099983215332,34.630001068115234,34.88999938964844,2573000.0,,,,,
2018-03-15,34.34000015258789,34.630001068115234,34.31999969482422,34.630001068115234,2636000.0,,,,,
2018-03-16,33.91999816894531,34.2599983215332,33.91999816894531,34.20000076293945,3552700.0,,,,,
2018-03-19,33.369998931884766,33.689998626708984,33.27000045776367,33.56999969482422,3368900.0,,,,,
2018-03-20,33.72999954223633,33.849998474121094,33.68000030517578,33.72999954223633,4015800.0,,,,,
2018-03-21,34.130001068115234,34.189998626708984,33.810001373291016,33.83000183105469,2961600.0,,,,,
2018-03-22,33.29999923706055,33.720001220703125,33.290000915527344,33.689998626708984,6787500.0,,,,,
2018-03-23,32.970001220703125,33.599998474121094,32.970001220703125,33.439998626708984,5331100.0,,,,,
2018-03-26,34.040000915527344,34.040000915527344,33.689998626708984,33.88999938964844,4251900.0,,,,,
2018-03-27,33.709999084472656,34.130001068115234,33.66999816894531,33.970001220703125,4201700.0,,,,,
2018-03-28,33.65999984741211,33.779998779296875,33.40999984741211,33.599998474121094,3444700.0,,,,,
2018-03-29,34.130001068115234,34.15999984741211,33.63999938964844,33.689998626708984,3859600.0,,,,,
2018-04-02,33.81999969482422,34.2400016784668,33.65999984741211,34.119998931884766,4058400.0,,,,,
2018-04-03,34.40999984741211,34.41999816894531,34.099998474121094,34.22999954223633,4324300.0,,,,,
2018-04-04,34.31999969482422,34.380001068115234,33.709999084472656,33.75,3090200.0,,,,,
2018-04-05,34.630001068115234,34.83000183105469,34.560001373291016,34.56999969482422,3314100.0,,,,,
2018-04-06,34.22999954223633,34.77000045776367,34.16999816894531,34.630001068115234,3537400.0,,,,,
2018-04-09,34.54999923706055,34.779998779296875,34.459999084472656,34.630001068115234,2353000.0,,,,,
2018-04-10,34.83000183105469,34.849998474121094,34.59000015258789,34.689998626708984,3328100.0,,,,,
2018-04-11,34.77000045776367,34.81999969482422,34.52000045776367,34.61000061035156,4692900.0,,,,,
2018-04-12,34.93000030517578,34.9900016784668,34.779998779296875,34.880001068115234,1733300.0,,,,,
2018-04-13,34.689998626708984,34.9900016784668,34.650001525878906,34.959999084472656,2133400.0,,,,,
2018-04-16,34.869998931884766,34.959999084472656,34.79999923706055,34.869998931884766,2854300.0,,,,,
2018-04-17,34.90999984741211,35.04999923706055,34.79999923706055,34.79999923706055,2596100.0,,,,,
2018-04-18,34.90999984741211,35.02000045776367,34.83000183105469,34.88999938964844,2034200.0,,,,,
2018-04-19,34.529998779296875,34.84000015258789,34.470001220703125,34.84000015258789,2576200.0,,,,,
2018-04-20,34.459999084472656,34.65999984741211,34.349998474121094,34.65999984741211,3010600.0,,,,,
2018-04-23,34.40999984741211,34.68000030517578,34.33000183105469,34.650001525878906,3755400.0,,,,,
2018-04-24,34.349998474121094,34.7599983215332,34.33000183105469,34.619998931884766,6409600.0,,,,,
2018-04-25,34.20000076293945,34.29999923706055,34.099998474121094,34.2599983215332,3045900.0,,,,,
2018-04-26,34.630001068115234,34.650001525878906,34.40999984741211,34.40999984741211,2731300.0,,,,,
2018-04-27,34.95000076293945,35.0099983215332,34.83000183105469,34.900001525878906,2547600.0,,,,,
2018-04-30,34.95000076293945,35.119998931884766,34.880001068115234,35.029998779296875,4513200.0,,,,,
2018-05-01,34.84000015258789,34.900001525878906,34.470001220703125,34.900001525878906,2240500.0,,,,,
2018-05-02,34.470001220703125,34.77000045776367,34.470001220703125,34.75,3578300.0,,,,,
2018-05-03,34.36000061035156,34.540000915527344,34.15999984741211,34.5,3697000.0,,,,,
2018-05-04,34.2400016784668,34.380001068115234,34.02000045776367,34.11000061035156,1992800.0,,,,,
2018-05-07,34.25,34.380001068115234,34.15999984741211,34.220001220703125,1689600.0,,,,,
2018-05-08,34.13999938964844,34.27000045776367,34.040000915527344,34.2400016784668,2398200.0,,,,,
2018-05-09,34.209999084472656,34.25,34.029998779296875,34.18000030517578,2242600.0,,,,,
2018-05-10,34.349998474121094,34.41999816894531,34.11000061035156,34.11000061035156,4438900.0,,,,,
2018-05-11,34.15999984741211,34.36000061035156,34.099998474121094,34.27000045776367,1815500.0,,,,,
2018-05-14,33.900001525878906,34.13999938964844,33.88999938964844,34.08000183105469,2367300.0,,,,,
2018-05-15,33.38999938964844,33.58000183105469,33.34000015258789,33.43000030517578,4604800.0,,,,,
2018-05-16,33.810001373291016,33.849998474121094,33.63999938964844,33.63999938964844,3783200.0,,,,,
2018-05-17,33.369998931884766,33.58000183105469,33.33000183105469,33.4900016784668,3582900.0,,,,,
2018-05-18,32.93000030517578,33.0,32.83000183105469,32.9900016784668,4130200.0,,,,,
2018-05-21,32.72999954223633,32.79999923706055,32.66999816894531,32.77000045776367,3239200.0,,,,,
2018-05-22,32.869998931884766,32.97999954223633,32.81999969482422,32.86000061035156,2543100.0,,,,,
2018-05-23,32.650001525878906,32.689998626708984,32.380001068115234,32.5,2933100.0,,,,,
2018-05-24,32.869998931884766,32.880001068115234,32.56999969482422,32.709999084472656,3046700.0,,,,,
2018-05-25,33.439998626708984,33.459999084472656,33.25,33.2599983215332,6082100.0,,,,,
2018-05-29,33.13999938964844,33.47999954223633,33.029998779296875,33.40999984741211,7135800.0,,,,,
2018-05-30,33.65999984741211,33.68000030517578,33.27000045776367,33.27000045776367,7082800.0,,,,,
2018-05-31,33.650001525878906,33.7400016784668,33.45000076293945,33.560001373291016,7122600.0,,,,,
2018-06-01,33.810001373291016,33.810001373291016,33.599998474121094,33.689998626708984,4453000.0,,,,,
2018-06-04,33.349998474121094,33.56999969482422,33.34000015258789,33.5099983215332,4870200.0,,,,,
2018-06-05,33.349998474121094,33.5,33.22999954223633,33.2599983215332,3873100.0,,,,,
2018-06-06,34.130001068115234,34.13999938964844,33.7599983215332,33.779998779296875,5696500.0,,,,,
2018-06-07,33.56999969482422,34.099998474121094,33.54999923706055,34.06999969482422,6670100.0,,,,,
2018-06-08,33.849998474121094,33.93000030517578,33.75,33.77000045776367,5370500.0,,,,,
2018-06-11,33.90999984741211,34.0099983215332,33.88999938964844,33.91999816894531,1970800.0,,,,,
2018-06-12,34.060001373291016,34.16999816894531,33.959999084472656,34.11000061035156,3829400.0,,,,,
2018-06-13,33.91999816894531,34.220001220703125,33.83000183105469,34.06999969482422,3140700.0,,,,,
2018-06-14,33.790000915527344,34.099998474121094,33.7599983215332,34.04999923706055,3759800.0,,,,,
2018-06-15,33.72999954223633,33.7599983215332,33.540000915527344,33.650001525878906,2949700.0,,,,,
2018-06-18,33.52000045776367,33.709999084472656,33.45000076293945,33.59000015258789,4395500.0,,,,,
2018-06-19,33.380001068115234,33.439998626708984,33.099998474121094,33.18000030517578,5078900.0,,,,,
2018-06-20,33.56999969482422,33.630001068115234,33.47999954223633,33.47999954223633,4395100.0,,,,,
2018-06-21,33.380001068115234,33.619998931884766,33.380001068115234,33.619998931884766,2803000.0,,,,,
2018-06-22,33.77000045776367,33.95000076293945,33.709999084472656,33.79999923706055,2480300.0,,,,,
2018-06-25,33.33000183105469,33.540000915527344,33.15999984741211,33.369998931884766,5952900.0,,,,,
2018-06-26,33.290000915527344,33.5,33.27000045776367,33.349998474121094,2970000.0,,,,,
2018-06-27,32.63999938964844,33.38999938964844,32.619998931884766,33.0,5010900.0,,,,,
2018-06-28,32.56999969482422,32.58000183105469,32.29999923706055,32.38999938964844,6458500.0,,,,,
2018-06-29,33.290000915527344,33.290000915527344,32.970001220703125,33.04999923706055,5139400.0,,,,,
2018-07-02,33.02000045776367,33.060001373291016,32.81999969482422,32.869998931884766,3772700.0,,,,,
2018-07-03,33.18000030517578,33.31999969482422,33.11000061035156,33.20000076293945,2209800.0,,,,,
2018-07-05,32.869998931884766,33.119998931884766,32.869998931884766,33.040000915527344,4041900.0,,,,,
2018-07-06,33.33000183105469,33.40999984741211,33.130001068115234,33.16999816894531,4160300.0,,,,,
2018-07-09,33.7400016784668,33.75,33.5,33.58000183105469,4063000.0,,,,,
2018-07-10,33.97999954223633,33.9900016784668,33.83000183105469,33.86000061035156,3595200.0,,,,,
2018-07-11,33.7599983215332,33.95000076293945,33.709999084472656,33.810001373291016,3413200.0,,,,,
2018-07-12,34.2400016784668,34.279998779296875,34.029998779296875,34.15999984741211,4166500.0,,,,,
2018-07-13,34.099998474121094,34.220001220703125,34.060001373291016,34.220001220703125,2234700.0,,,,,
2018-07-16,33.7599983215332,33.81999969482422,33.650001525878906,33.79999923706055,2749800.0,,,,,
2018-07-17,34.369998931884766,34.38999938964844,33.9900016784668,34.0099983215332,3641200.0,,,,,
2018-07-18,34.04999923706055,34.11000061035156,33.90999984741211,34.0,3086700.0,,,,,
2018-07-19,33.709999084472656,33.849998474121094,33.560001373291016,33.689998626708984,3393100.0,,,,,
2018-07-20,34.099998474121094,34.119998931884766,33.900001525878906,33.90999984741211,3754200.0,,,,,
2018-07-23,34.13999938964844,34.2400016784668,34.09000015258789,34.22999954223633,2995800.0,,,,,
2018-07-24,34.54999923706055,34.630001068115234,34.45000076293945,34.5,2912500.0,,,,,
2018-07-25,34.810001373291016,34.810001373291016,34.4900016784668,34.5,4468000.0,,,,,
2018-07-26,34.79999923706055,34.84000015258789,34.630001068115234,34.70000076293945,5057500.0,,,,,
2018-07-27,35.16999816894531,35.2400016784668,34.9900016784668,34.9900016784668,5756900.0,,,,,
2018-07-30,35.34000015258789,35.380001068115234,35.209999084472656,35.27000045776367,4817200.0,,,,,
2018-07-31,35.630001068115234,35.650001525878906,35.369998931884766,35.38999938964844,5431300.0,,,,,
2018-08-01,35.630001068115234,35.650001525878906,35.52000045776367,35.630001068115234,5005000.0,,,,,
2018-08-02,35.29999923706055,35.38999938964844,35.06999969482422,35.20000076293945,3643000.0,,,,,
2018-08-03,35.75,35.7599983215332,35.40999984741211,35.40999984741211,2682900.0,,,,,
2018-08-06,35.54999923706055,35.720001220703125,35.5,35.630001068115234,2309400.0,,,,,
2018-08-07,35.54999923706055,35.72999954223633,35.54999923706055,35.72999954223633,3829300.0,,,,,
2018-08-08,35.880001068115234,35.900001525878906,35.599998474121094,35.66999816894531,3283500.0,,,,,
2018-08-09,35.720001220703125,35.880001068115234,35.720001220703125,35.81999969482422,2559700.0,,,,,
2018-08-10,35.290000915527344,35.45000076293945,35.2400016784668,35.400001525878906,3746400.0,,,,,
2018-08-13,34.65999984741211,35.0,34.650001525878906,34.93000030517578,3150700.0,,,,,
2018-08-14,35.18000030517578,35.220001220703125,34.81999969482422,34.90999984741211,4690500.0,,,,,
2018-08-15,34.5,34.63999938964844,34.209999084472656,34.47999954223633,6810600.0,,,,,
2018-08-16,34.84000015258789,34.959999084472656,34.709999084472656,34.7599983215332,3426200.0,,,,,
2018-08-17,35.369998931884766,35.400001525878906,34.97999954223633,35.11000061035156,5207900.0,,,,,
2018-08-20,35.47999954223633,35.529998779296875,35.38999938964844,35.4900016784668,2542700.0,,,,,
2018-08-21,35.70000076293945,35.790000915527344,35.4900016784668,35.540000915527344,3574700.0,,,,,
2018-08-22,35.7599983215332,35.91999816894531,35.72999954223633,35.79999923706055,3870800.0,,,,,
2018-08-23,35.349998474121094,35.61000061035156,35.34000015258789,35.599998474121094,3303500.0,,,,,
2018-08-24,35.91999816894531,35.91999816894531,35.65999984741211,35.65999984741211,3522400.0,,,,,
2018-08-27,36.13999938964844,36.25,35.9900016784668,36.02000045776367,3928000.0,,,,,
2018-08-28,35.9900016784668,36.20000076293945,35.95000076293945,36.16999816894531,3443600.0,,,,,
2018-08-29,35.86000061035156,35.869998931884766,35.709999084472656,35.77000045776367,2949500.0,,,,,
2018-08-30,35.439998626708984,35.529998779296875,35.279998779296875,35.529998779296875,4613800.0,,,,,
2018-08-31,35.68000030517578,35.7400016784668,35.380001068115234,35.380001068115234,5297300.0,,,,,
2018-09-04,34.68000030517578,34.720001220703125,34.5099983215332,34.720001220703125,5494200.0,,,,,
2018-09-05,34.650001525878906,34.70000076293945,34.34000015258789,34.459999084472656,7921700.0,,,,,
2018-09-06,34.72999954223633,34.75,34.380001068115234,34.5099983215332,9661500.0,,,,,
2018-09-07,34.59000015258789,34.880001068115234,34.560001373291016,34.720001220703125,5869300.0,,,,,
2018-09-10,33.97999954223633,34.22999954223633,33.939998626708984,34.13999938964844,7051200.0,,,,,
2018-09-11,33.79999923706055,33.810001373291016,33.470001220703125,33.56999969482422,4505400.0,,,,,
2018-09-12,34.310001373291016,34.400001525878906,33.90999984741211,34.11000061035156,8629600.0,,,,,
2018-09-13,34.68000030517578,34.7400016784668,34.459999084472656,34.65999984741211,5613200.0,,,,,
2018-09-14,34.56999969482422,34.779998779296875,34.5099983215332,34.75,4931300.0,,,,,
2018-09-17,33.86000061035156,34.099998474121094,33.86000061035156,34.060001373291016,4310700.0,,,,,
2018-09-18,33.619998931884766,33.689998626708984,33.5099983215332,33.5099983215332,3013600.0,,,,,
2018-09-19,34.029998779296875,34.029998779296875,33.75,33.83000183105469,3276500.0,,,,,
2018-09-20,34.369998931884766,34.439998626708984,34.11000061035156,34.11000061035156,4329100.0,,,,,
2018-09-21,33.529998779296875,33.58000183105469,33.209999084472656,33.400001525878906,6649500.0,,,,,
2018-09-24,32.619998931884766,32.779998779296875,32.540000915527344,32.689998626708984,7376300.0,,,,,
2018-09-25,33.04999923706055,33.099998474121094,32.97999954223633,33.029998779296875,3265000.0,,,,,
2018-09-26,33.16999816894531,33.2599983215332,32.869998931884766,32.939998626708984,5554800.0,,,,,
2018-09-27,32.810001373291016,32.939998626708984,32.66999816894531,32.83000183105469,6419000.0,,,,,
2018-09-28,32.470001220703125,32.619998931884766,32.36000061035156,32.540000915527344,7476100.0,,,,,
2018-10-01,32.41999816894531,32.75,32.369998931884766,32.689998626708984,4042900.0,,,,,
2018-10-02,32.25,32.33000183105469,32.150001525878906,32.220001220703125,4662400.0,,,,,
2018-10-03,31.450000762939453,31.989999771118164,31.40999984741211,31.989999771118164,6540700.0,,,,,
2018-10-04,30.450000762939453,31.0,30.440000534057617,30.950000762939453,12114800.0,,,,,
2018-10-05,29.65999984741211,30.0,29.43000030517578,29.81999969482422,8523700.0,,,,,
2018-10-08,30.14999961853028,30.14999961853028,29.75,29.76000022888184,5539400.0,,,,,
2018-10-09,29.75,29.93000030517578,29.57999992370605,29.709999084472656,4982300.0,,,,,
2018-10-10,29.64999961853028,30.200000762939453,29.600000381469727,30.1299991607666,6484800.0,,,,,
2018-10-11,29.76000022888184,29.989999771118164,29.479999542236328,29.799999237060547,9113000.0,,,,,
2018-10-12,30.57999992370605,30.700000762939453,30.309999465942383,30.46999931335449,8109500.0,,,,,
2018-10-15,30.540000915527344,30.729999542236328,30.5,30.56999969482422,10749700.0,,,,,
2018-10-16,31.3799991607666,31.450000762939453,31.040000915527344,31.059999465942383,5078600.0,,,,,
2018-10-17,30.38999938964844,30.559999465942383,30.290000915527344,30.39999961853028,5527700.0,,,,,
2018-10-18,29.739999771118164,30.26000022888184,29.670000076293945,30.26000022888184,6063200.0,,,,,
2018-10-19,29.8700008392334,30.07999992370605,29.76000022888184,30.0,5797600.0,,,,,
2018-10-22,29.489999771118164,29.76000022888184,29.459999084472656,29.68000030517578,3502800.0,,,,,
2018-10-23,29.61000061035156,29.790000915527344,29.18000030517578,29.280000686645508,7165400.0,,,,,
2018-10-24,29.299999237060547,29.770000457763672,29.21999931335449,29.739999771118164,6221800.0,,,,,
2018-10-25,29.530000686645508,29.65999984741211,29.290000915527344,29.31999969482422,4307200.0,,,,,
2018-10-26,29.36000061035156,29.51000022888184,28.959999084472656,29.13999938964844,5726000.0,,,,,
2018-10-29,29.59000015258789,29.979999542236328,29.26000022888184,29.86000061035156,5766500.0,,,,,
2018-10-30,29.89999961853028,29.90999984741211,29.600000381469727,29.600000381469727,4870600.0,,,,,
2018-10-31,30.190000534057617,30.34000015258789,30.1299991607666,30.239999771118164,5896200.0,,,,,
2018-11-01,31.049999237060547,31.06999969482422,30.459999084472656,30.5,6108000.0,,,,,
2018-11-02,31.270000457763672,31.489999771118164,30.950000762939453,31.309999465942383,8118100.0,,,,,
2018-11-05,31.540000915527344,31.559999465942383,31.25,31.270000457763672,7584800.0,,,,,
2018-11-06,31.26000022888184,31.32999992370605,31.170000076293945,31.32999992370605,4637300.0,,,,,
2018-11-07,32.09000015258789,32.119998931884766,31.790000915527344,31.86000061035156,10842400.0,,,,,
2018-11-08,31.3700008392334,31.81999969482422,31.3700008392334,31.64999961853028,7784800.0,,,,,
2018-11-09,31.299999237060547,31.530000686645508,31.190000534057617,31.51000022888184,8479700.0,,,,,
2018-11-12,30.809999465942383,31.040000915527344,30.739999771118164,31.01000022888184,5708100.0,,,,,
2018-11-13,31.709999084472656,31.76000022888184,31.3799991607666,31.3799991607666,6259500.0,,,,,
2018-11-14,31.770000457763672,31.90999984741211,31.549999237060547,31.729999542236328,5645000.0,,,,,
2018-11-15,32.13999938964844,32.18000030517578,31.65999984741211,31.780000686645508,5828200.0,,,,,
2018-11-16,32.29999923706055,32.439998626708984,31.959999084472656,32.060001373291016,4798800.0,,,,,
2018-11-19,32.400001525878906,32.54999923706055,32.31999969482422,32.439998626708984,3778200.0,,,,,
2018-11-20,31.81999969482422,32.099998474121094,31.76000022888184,32.02000045776367,6617900.0,,,,,
2018-11-21,32.220001220703125,32.33000183105469,32.099998474121094,32.13999938964844,3750100.0,,,,,
2018-11-23,32.099998474121094,32.2599983215332,32.08000183105469,32.130001068115234,2015500.0,,,,,
2018-11-26,32.290000915527344,32.290000915527344,32.130001068115234,32.16999816894531,3961400.0,,,,,
2018-11-27,32.540000915527344,32.54999923706055,32.290000915527344,32.380001068115234,3731500.0,,,,,
2018-11-28,33.16999816894531,33.18000030517578,32.4900016784668,32.630001068115234,4973000.0,,,,,
2018-11-29,33.560001373291016,33.72999954223633,33.349998474121094,33.45000076293945,6285300.0,,,,,
2018-11-30,33.349998474121094,33.540000915527344,33.33000183105469,33.4900016784668,5798200.0,,,,,
2018-12-03,33.2400016784668,33.279998779296875,33.029998779296875,33.22999954223633,7715400.0,,,,,
2018-12-04,32.779998779296875,33.2599983215332,32.75,33.2599983215332,6332100.0,,,,,
2018-12-06,32.459999084472656,32.4900016784668,31.81999969482422,31.96999931335449,7448500.0,,,,,
2018-12-07,31.670000076293945,32.33000183105469,31.63999938964844,32.209999084472656,5752500.0,,,,,
2018-12-10,30.309999465942383,30.6299991607666,30.1200008392334,30.559999465942383,7533000.0,,,,,
2018-12-11,31.32999992370605,31.420000076293945,31.100000381469727,31.280000686645508,5861100.0,,,,,
2018-12-12,32.349998474121094,32.47999954223633,32.08000183105469,32.08000183105469,7911900.0,,,,,
2018-12-13,32.400001525878906,32.59000015258789,32.369998931884766,32.4900016784668,5327100.0,,,,,
2018-12-14,32.2599983215332,32.5099983215332,32.209999084472656,32.31999969482422,3571200.0,,,,,
2018-12-17,32.470001220703125,32.779998779296875,32.380001068115234,32.63999938964844,4958000.0,,,,,
2018-12-18,33.220001220703125,33.369998931884766,32.939998626708984,33.0,8582900.0,,,,,
2018-12-19,32.779998779296875,33.529998779296875,32.61000061035156,33.279998779296875,9085300.0,,,,,
2018-12-20,33.400001525878906,33.650001525878906,33.22999954223633,33.41999816894531,9183700.0,,,,,
2018-12-21,32.56999969482422,33.029998779296875,32.56999969482422,32.90999984741211,6922100.0,,,,,
2018-12-24,32.310001373291016,32.540000915527344,32.279998779296875,32.5,3166500.0,,,,,
2018-12-26,32.79999923706055,32.84000015258789,32.47999954223633,32.56999969482422,4457700.0,,,,,
2018-12-27,32.970001220703125,33.029998779296875,32.529998779296875,32.54999923706055,6025300.0,,,,,
2018-12-28,33.36000061035156,33.52000045776367,33.06999969482422,33.209999084472656,5263000.0,,,,,
2018-12-31,33.34000015258789,33.5,33.16999816894531,33.439998626708984,3113200.0,,,,,
2019-01-02,32.939998626708984,33.029998779296875,32.7400016784668,32.7599983215332,4334500.0,,,,,
2019-01-03,32.27000045776367,32.45000076293945,32.15999984741211,32.43000030517578,4869500.0,,,,,
2019-01-04,33.29999923706055,33.29999923706055,32.59000015258789,32.619998931884766,9360000.0,,,,,
2019-01-07,32.81999969482422,33.029998779296875,32.7599983215332,33.029998779296875,5139600.0,,,,,
2019-01-08,32.91999816894531,32.9900016784668,32.77000045776367,32.81999969482422,2730800.0,,,,,
2019-01-09,32.91999816894531,33.02000045776367,32.790000915527344,32.83000183105469,2997800.0,,,,,
2019-01-10,32.970001220703125,32.97999954223633,32.63999938964844,32.72999954223633,3168500.0,,,,,
2019-01-11,32.7400016784668,32.81999969482422,32.56999969482422,32.56999969482422,2879600.0,,,,,
2019-01-14,32.279998779296875,32.4900016784668,32.220001220703125,32.34000015258789,6155200.0,,,,,
2019-01-15,32.599998474121094,32.790000915527344,32.54999923706055,32.70000076293945,5147500.0,,,,,
2019-01-16,32.900001525878906,32.97999954223633,32.630001068115234,32.630001068115234,3732400.0,,,,,
2019-01-17,33.0099983215332,33.040000915527344,32.70000076293945,32.70000076293945,3681600.0,,,,,
2019-01-18,32.7599983215332,32.849998474121094,32.709999084472656,32.810001373291016,5218900.0,,,,,
2019-01-22,32.52000045776367,32.599998474121094,32.40999984741211,32.56999969482422,5042500.0,,,,,
2019-01-23,32.560001373291016,32.59000015258789,32.36000061035156,32.45000076293945,2268700.0,,,,,
2019-01-24,32.849998474121094,32.90999984741211,32.65999984741211,32.65999984741211,4097400.0,,,,,
2019-01-25,32.65999984741211,32.720001220703125,32.529998779296875,32.56999969482422,4169700.0,,,,,
2019-01-28,32.06999969482422,32.130001068115234,31.86000061035156,31.90999984741211,4776300.0,,,,,
2019-01-29,32.029998779296875,32.13999938964844,31.93000030517578,32.06999969482422,3385300.0,,,,,
2019-01-30,32.29999923706055,32.38999938964844,31.780000686645508,31.93000030517578,8173400.0,,,,,
2019-01-31,32.79999923706055,32.83000183105469,32.5099983215332,32.58000183105469,4356600.0,,,,,
2019-02-01,32.47999954223633,32.68000030517578,32.45000076293945,32.650001525878906,4746700.0,,,,,
2019-02-04,32.529998779296875,32.619998931884766,32.349998474121094,32.349998474121094,3824800.0,,,,,
2019-02-05,32.81999969482422,32.83000183105469,32.619998931884766,32.619998931884766,4026500.0,,,,,
2019-02-06,32.95000076293945,33.13999938964844,32.86000061035156,33.04999923706055,4467100.0,,,,,
2019-02-07,33.220001220703125,33.27000045776367,33.060001373291016,33.060001373291016,5946500.0,,,,,
2019-02-08,32.63999938964844,32.720001220703125,32.540000915527344,32.70000076293945,3866300.0,,,,,
2019-02-11,32.439998626708984,32.65999984741211,32.43000030517578,32.56999969482422,2766800.0,,,,,
2019-02-12,32.75,32.79999923706055,32.630001068115234,32.689998626708984,3286800.0,,,,,
2019-02-13,32.189998626708984,32.439998626708984,32.11000061035156,32.38999938964844,3046200.0,,,,,
2019-02-14,32.290000915527344,32.369998931884766,32.02000045776367,32.16999816894531,2736700.0,,,,,
2019-02-15,31.920000076293945,32.09000015258789,31.8700008392334,32.02000045776367,3714200.0,,,,,
2019-02-19,31.64999961853028,31.709999084472656,31.39999961853028,31.46999931335449,3570100.0,,,,,
2019-02-20,32.06999969482422,32.20000076293945,31.959999084472656,32.08000183105469,4950000.0,,,,,
2019-02-21,32.150001525878906,32.220001220703125,32.040000915527344,32.189998626708984,2572500.0,,,,,
2019-02-22,32.43000030517578,32.4900016784668,32.310001373291016,32.40999984741211,2794800.0,,,,,
2019-02-25,32.849998474121094,32.91999816894531,32.619998931884766,32.7599983215332,5520400.0,,,,,
2019-02-26,32.68000030517578,32.779998779296875,32.439998626708984,32.459999084472656,4211000.0,,,,,
2019-02-27,32.40999984741211,32.5,32.290000915527344,32.439998626708984,5344400.0,,,,,
2019-02-28,32.689998626708984,32.75,32.540000915527344,32.61000061035156,5894800.0,,,,,
2019-03-01,32.560001373291016,32.86000061035156,32.54999923706055,32.79999923706055,5708800.0,,,,,
2019-03-04,32.45000076293945,32.66999816894531,32.31999969482422,32.54999923706055,4033100.0,,,,,
2019-03-05,33.47999954223633,33.5,33.099998474121094,33.16999816894531,9419900.0,,,,,
2019-03-06,33.75,33.81999969482422,33.68000030517578,33.709999084472656,4956700.0,,,,,
2019-03-07,33.40999984741211,33.7400016784668,33.380001068115234,33.7400016784668,6009700.0,,,,,
2019-03-08,33.439998626708984,33.5099983215332,33.310001373291016,33.43000030517578,5163700.0,,,,,
2019-03-11,34.38999938964844,34.41999816894531,34.11000061035156,34.15999984741211,5333000.0,,,,,
2019-03-12,34.63999938964844,34.66999816894531,34.4900016784668,34.529998779296875,3095700.0,,,,,
2019-03-13,34.54999923706055,34.7599983215332,34.47999954223633,34.720001220703125,5177800.0,,,,,
2019-03-14,34.689998626708984,34.70000076293945,34.529998779296875,34.630001068115234,2713000.0,,,,,
2019-03-15,35.08000183105469,35.22999954223633,34.880001068115234,34.970001220703125,5320800.0,,,,,
2019-03-18,35.45000076293945,35.470001220703125,35.25,35.27000045776367,4101200.0,,,,,
2019-03-19,35.38999938964844,35.47999954223633,35.33000183105469,35.439998626708984,3768700.0,,,,,
2019-03-20,35.65999984741211,35.84000015258789,35.209999084472656,35.31999969482422,6322500.0,,,,,
2019-03-21,35.540000915527344,35.56999969482422,35.349998474121094,35.439998626708984,4267500.0,,,,,
2019-03-22,34.68000030517578,35.029998779296875,34.650001525878906,34.959999084472656,5954900.0,,,,,
2019-03-25,34.599998474121094,34.75,34.560001373291016,34.65999984741211,4022900.0,,,,,
2019-03-26,34.939998626708984,35.099998474121094,34.849998474121094,35.060001373291016,4327100.0,,,,,
2019-03-27,34.619998931884766,34.83000183105469,34.52000045776367,34.75,5039500.0,,,,,
2019-03-28,35.119998931884766,35.16999816894531,34.970001220703125,35.029998779296875,4854900.0,,,,,
2019-03-29,35.25,35.400001525878906,35.13999938964844,35.34000015258789,3149100.0,,,,,
2019-04-01,35.61000061035156,35.66999816894531,35.47999954223633,35.54999923706055,5130900.0,,,,,
2019-04-02,35.810001373291016,35.900001525878906,35.720001220703125,35.88999938964844,3400300.0,,,,,
2019-04-03,35.91999816894531,35.939998626708984,35.72999954223633,35.7400016784668,3962500.0,,,,,
2019-04-04,35.52000045776367,35.63999938964844,35.41999816894531,35.439998626708984,4315600.0,,,,,
2019-04-05,35.7599983215332,35.810001373291016,35.61000061035156,35.68000030517578,4482400.0,,,,,
2019-04-08,35.310001373291016,35.36000061035156,35.22999954223633,35.2599983215332,3372800.0,,,,,
2019-04-09,35.54999923706055,35.59000015258789,35.459999084472656,35.5,1635800.0,,,,,
2019-04-10,35.470001220703125,35.529998779296875,35.40999984741211,35.41999816894531,3344900.0,,,,,
2019-04-11,35.40999984741211,35.5,35.36000061035156,35.470001220703125,2013000.0,,,,,
2019-04-12,35.40999984741211,35.4900016784668,35.380001068115234,35.41999816894531,2944900.0,,,,,
2019-04-15,35.540000915527344,35.58000183105469,35.40999984741211,35.5099983215332,2474400.0,,,,,
2019-04-16,35.709999084472656,35.77000045776367,35.65999984741211,35.689998626708984,2380100.0,,,,,
2019-04-17,35.86000061035156,35.959999084472656,35.779998779296875,35.88999938964844,3309700.0,,,,,
2019-04-18,35.790000915527344,35.849998474121094,35.63999938964844,35.7400016784668,2897200.0,,,,,
2019-04-22,35.02000045776367,35.099998474121094,34.939998626708984,35.060001373291016,2341300.0,,,,,
2019-04-23,35.04999923706055,35.13999938964844,34.970001220703125,35.0099983215332,2698400.0,,,,,
2019-04-24,35.099998474121094,35.34000015258789,35.060001373291016,35.310001373291016,4273300.0,,,,,
2019-04-25,35.04999923706055,35.08000183105469,34.869998931884766,34.90999984741211,3064300.0,,,,,
2019-04-26,35.52000045776367,35.540000915527344,35.290000915527344,35.31999969482422,2961900.0,,,,,
2019-04-29,35.56999969482422,35.58000183105469,35.47999954223633,35.47999954223633,3593500.0,,,,,
2019-04-30,35.5099983215332,35.599998474121094,35.33000183105469,35.529998779296875,4132200.0,,,,,
2019-05-01,35.400001525878906,35.7599983215332,35.369998931884766,35.560001373291016,3994300.0,,,,,
2019-05-02,35.2400016784668,35.400001525878906,35.16999816894531,35.34000015258789,3785000.0,,,,,
2019-05-03,35.58000183105469,35.630001068115234,35.439998626708984,35.52000045776367,2141400.0,,,,,
2019-05-06,35.060001373291016,35.13999938964844,34.88999938964844,34.97999954223633,3219000.0,,,,,
2019-05-07,34.209999084472656,34.470001220703125,34.11000061035156,34.459999084472656,4391300.0,,,,,
2019-05-08,33.93000030517578,34.099998474121094,33.88999938964844,34.04999923706055,4736300.0,,,,,
2019-05-09,33.5,33.619998931884766,33.22999954223633,33.5,6270100.0,,,,,
2019-05-10,33.56999969482422,33.630001068115234,33.279998779296875,33.540000915527344,5875800.0,,,,,
2019-05-13,32.68000030517578,32.869998931884766,32.630001068115234,32.84000015258789,5585400.0,,,,,
2019-05-14,33.400001525878906,33.45000076293945,33.16999816894531,33.25,5800600.0,,,,,
2019-05-15,33.20000076293945,33.209999084472656,32.970001220703125,33.029998779296875,3942900.0,,,,,
2019-05-16,33.61000061035156,33.72999954223633,33.47999954223633,33.5099983215332,5298400.0,,,,,
2019-05-17,33.720001220703125,33.869998931884766,33.689998626708984,33.810001373291016,3922000.0,,,,,
2019-05-20,35.209999084472656,35.33000183105469,35.11000061035156,35.20000076293945,6963600.0,,,,,
2019-05-21,35.150001525878906,35.150001525878906,34.790000915527344,34.939998626708984,7497800.0,,,,,
2019-05-22,35.0,35.099998474121094,34.970001220703125,35.0,7286700.0,,,,,
2019-05-23,34.93000030517578,35.02000045776367,34.65999984741211,34.7400016784668,5104000.0,,,,,
2019-05-24,35.439998626708984,35.52000045776367,35.34000015258789,35.439998626708984,5006200.0,,,,,
2019-05-28,35.619998931884766,35.709999084472656,35.560001373291016,35.619998931884766,7854100.0,,,,,
2019-05-29,35.369998931884766,35.41999816894531,35.22999954223633,35.40999984741211,8242800.0,,,,,
2019-05-30,35.709999084472656,35.709999084472656,35.439998626708984,35.5,4055900.0,,,,,
2019-05-31,35.97999954223633,36.0,35.52000045776367,35.560001373291016,9730900.0,,,,,
2019-06-03,36.380001068115234,36.459999084472656,36.29999923706055,36.34999847412109,7943900.0,,,,,
2019-06-04,36.27999877929688,36.290000915527344,36.0099983215332,36.220001220703125,5056100.0,,,,,
2019-06-05,35.9900016784668,36.20000076293945,35.95000076293945,36.18999862670898,5825100.0,,,,,
2019-06-06,35.70000076293945,35.790000915527344,35.61000061035156,35.689998626708984,4853300.0,,,,,
2019-06-07,35.810001373291016,36.02000045776367,35.72999954223633,35.7400016784668,3883300.0,,,,,
2019-06-10,35.779998779296875,35.83000183105469,35.630001068115234,35.7599983215332,6027300.0,,,,,
2019-06-11,35.88999938964844,36.0099983215332,35.86000061035156,35.93000030517578,3624800.0,,,,,
2019-06-12,35.720001220703125,35.869998931884766,35.709999084472656,35.83000183105469,3325100.0,,,,,
2019-06-13,35.61000061035156,35.7400016784668,35.540000915527344,35.709999084472656,4412700.0,,,,,
2019-06-14,35.13999938964844,35.310001373291016,35.130001068115234,35.310001373291016,4319300.0,,,,,
2019-06-17,34.63999938964844,34.63999938964844,34.439998626708984,34.459999084472656,2741100.0,,,,,
2019-06-18,34.97999954223633,35.029998779296875,34.72999954223633,34.77000045776367,4961200.0,,,,,
2019-06-19,34.7599983215332,34.93000030517578,34.61000061035156,34.709999084472656,4707100.0,,,,,
2019-06-20,35.15999984741211,35.45000076293945,35.099998474121094,35.290000915527344,6323000.0,,,,,
2019-06-21,34.849998474121094,34.90999984741211,34.77000045776367,34.83000183105469,4449900.0,,,,,
2019-06-24,34.81999969482422,34.88999938964844,34.77000045776367,34.790000915527344,3701600.0,,,,,
2019-06-25,34.97999954223633,35.15999984741211,34.95000076293945,35.119998931884766,4537400.0,,,,,
2019-06-26,35.33000183105469,35.400001525878906,35.2400016784668,35.310001373291016,4558500.0,,,,,
2019-06-27,35.47999954223633,35.540000915527344,35.41999816894531,35.47999954223633,4143900.0,,,,,
2019-06-28,35.29999923706055,35.34000015258789,35.22999954223633,35.33000183105469,3574100.0,,,,,
2019-07-01,35.599998474121094,35.619998931884766,35.470001220703125,35.599998474121094,2751400.0,,,,,
2019-07-02,35.849998474121094,35.849998474121094,35.66999816894531,35.72999954223633,3448300.0,,,,,
2019-07-03,35.779998779296875,35.84000015258789,35.709999084472656,35.75,2364700.0,,,,,
2019-07-05,35.349998474121094,35.36000061035156,35.130001068115234,35.310001373291016,3235900.0,,,,,
2019-07-08,34.81999969482422,34.88999938964844,34.7400016784668,34.79999923706055,3414500.0,,,,,
2019-07-09,34.84000015258789,34.880001068115234,34.689998626708984,34.689998626708984,1928800.0,,,,,
2019-07-10,34.720001220703125,34.88999938964844,34.689998626708984,34.75,3790200.0,,,,,
2019-07-11,34.70000076293945,34.84000015258789,34.619998931884766,34.84000015258789,5777000.0,,,,,
2019-07-12,34.720001220703125,34.77000045776367,34.65999984741211,34.709999084472656,2024800.0,,,,,
2019-07-15,34.88999938964844,34.91999816894531,34.84000015258789,34.90999984741211,1595600.0,,,,,
2019-07-16,35.060001373291016,35.119998931884766,34.959999084472656,35.060001373291016,2668500.0,,,,,
2019-07-17,34.970001220703125,35.09000015258789,34.91999816894531,35.0,1842800.0,,,,,
2019-07-18,34.91999816894531,34.95000076293945,34.68000030517578,34.70000076293945,2873300.0,,,,,
2019-07-19,34.16999816894531,34.38999938964844,34.15999984741211,34.349998474121094,2876300.0,,,,,
2019-07-22,34.189998626708984,34.25,34.130001068115234,34.189998626708984,2093500.0,,,,,
2019-07-23,33.91999816894531,34.04999923706055,33.90999984741211,34.040000915527344,3319500.0,,,,,
2019-07-24,33.83000183105469,33.86000061035156,33.7599983215332,33.779998779296875,2130200.0,,,,,
2019-07-25,33.630001068115234,33.75,33.56999969482422,33.75,3549800.0,,,,,
2019-07-26,33.91999816894531,33.970001220703125,33.810001373291016,33.93000030517578,1585700.0,,,,,
2019-07-29,33.65999984741211,33.720001220703125,33.61000061035156,33.68000030517578,2407000.0,,,,,
2019-07-30,33.06999969482422,33.209999084472656,33.02000045776367,33.209999084472656,2997800.0,,,,,
2019-07-31,33.0,33.349998474121094,32.709999084472656,33.29999923706055,4844700.0,,,,,
2019-08-01,32.47999954223633,33.040000915527344,32.43000030517578,32.83000183105469,7527000.0,,,,,
2019-08-02,32.41999816894531,32.619998931884766,32.33000183105469,32.599998474121094,3468800.0,,,,,
2019-08-05,31.350000381469727,31.739999771118164,31.26000022888184,31.729999542236328,5961300.0,,,,,
2019-08-06,31.920000076293945,32.040000915527344,31.68000030517578,31.96999931335449,6399600.0,,,,,
2019-08-07,31.71999931335449,31.739999771118164,31.209999084472656,31.450000762939453,4567500.0,,,,,
2019-08-08,32.630001068115234,32.630001068115234,32.349998474121094,32.38999938964844,5701500.0,,,,,
2019-08-09,32.36000061035156,32.4900016784668,32.2400016784668,32.459999084472656,3339500.0,,,,,
2019-08-12,32.16999816894531,32.310001373291016,32.13999938964844,32.20000076293945,1822600.0,,,,,
2019-08-13,32.029998779296875,32.18000030517578,31.530000686645508,31.6200008392334,4686300.0,,,,,
2019-08-14,31.600000381469727,31.8799991607666,31.56999969482422,31.790000915527344,4258700.0,,,,,
2019-08-15,31.670000076293945,31.71999931335449,31.5,31.6200008392334,3864600.0,,,,,
2019-08-16,32.18000030517578,32.310001373291016,32.0099983215332,32.08000183105469,2994300.0,,,,,
2019-08-19,31.940000534057617,32.22999954223633,31.940000534057617,32.13999938964844,2039100.0,,,,,
2019-08-20,31.88999938964844,32.0,31.850000381469727,31.90999984741211,1809600.0,,,,,
2019-08-21,31.739999771118164,31.81999969482422,31.670000076293945,31.799999237060547,2414700.0,,,,,
2019-08-22,31.01000022888184,31.18000030517578,30.93000030517578,31.18000030517578,4552500.0,,,,,
2019-08-23,31.65999984741211,32.130001068115234,31.56999969482422,31.8700008392334,9366900.0,,,,,
2019-08-26,32.15999984741211,32.18000030517578,31.8700008392334,31.96999931335449,5692300.0,,,,,
2019-08-27,32.349998474121094,32.540000915527344,32.29999923706055,32.45000076293945,6167600.0,,,,,
2019-08-28,32.029998779296875,32.11000061035156,31.979999542236328,32.099998474121094,7528000.0,,,,,
2019-08-29,31.959999084472656,32.04999923706055,31.84000015258789,31.96999931335449,3146500.0,,,,,
2019-08-30,32.18000030517578,32.20000076293945,31.96999931335449,32.189998626708984,6036100.0,,,,,
2019-09-03,31.3700008392334,31.38999938964844,31.100000381469727,31.15999984741211,3175300.0,,,,,
2019-09-04,31.57999992370605,31.6200008392334,31.38999938964844,31.440000534057617,6323800.0,,,,,
2019-09-05,31.690000534057617,31.799999237060547,31.64999961853028,31.739999771118164,5278200.0,,,,,
2019-09-06,32.0,32.09000015258789,31.940000534057617,31.96999931335449,2526900.0,,,,,
2019-09-09,32.119998931884766,32.189998626708984,32.029998779296875,32.06999969482422,2184600.0,,,,,
2019-09-10,32.060001373291016,32.119998931884766,31.89999961853028,31.920000076293945,2242700.0,,,,,
2019-09-11,32.400001525878906,32.400001525878906,32.189998626708984,32.2400016784668,5534600.0,,,,,
2019-09-12,32.36000061035156,32.54999923706055,32.279998779296875,32.40999984741211,3551700.0,,,,,
2019-09-13,32.720001220703125,32.75,32.59000015258789,32.65999984741211,3574000.0,,,,,
2019-09-16,31.940000534057617,32.22999954223633,31.88999938964844,32.209999084472656,4032200.0,,,,,
2019-09-17,31.959999084472656,31.979999542236328,31.559999465942383,31.68000030517578,3659800.0,,,,,
2019-09-18,31.88999938964844,32.029998779296875,31.71999931335449,32.02000045776367,3551000.0,,,,,
2019-09-19,31.40999984741211,31.59000015258789,31.38999938964844,31.549999237060547,3756600.0,,,,,
2019-09-20,33.20000076293945,33.349998474121094,33.06999969482422,33.15999984741211,11739100.0,,,,,
2019-09-23,33.970001220703125,33.9900016784668,33.560001373291016,33.63999938964844,11070300.0,,,,,
2019-09-24,33.599998474121094,33.88999938964844,33.599998474121094,33.880001068115234,6262100.0,,,,,
2019-09-25,33.31999969482422,33.40999984741211,33.20000076293945,33.2599983215332,6144900.0,,,,,
2019-09-26,33.540000915527344,33.70000076293945,33.5099983215332,33.66999816894531,6799100.0,,,,,
2019-09-27,33.459999084472656,33.77000045776367,33.38999938964844,33.77000045776367,5945100.0,,,,,
2019-09-30,33.56999969482422,33.599998474121094,33.45000076293945,33.47999954223633,3467200.0,,,,,
2019-10-01,32.779998779296875,32.97999954223633,32.7400016784668,32.97999954223633,4870800.0,,,,,
2019-10-02,32.63999938964844,32.70000076293945,32.52000045776367,32.599998474121094,3958600.0,,,,,
2019-10-03,32.9900016784668,33.02000045776367,32.790000915527344,32.79999923706055,4543200.0,,,,,
2019-10-04,32.77000045776367,32.83000183105469,32.599998474121094,32.689998626708984,3193700.0,,,,,
2019-10-07,32.38999938964844,32.560001373291016,32.369998931884766,32.5,4388000.0,,,,,
2019-10-08,32.18000030517578,32.2400016784668,32.06999969482422,32.20000076293945,3111400.0,,,,,
2019-10-09,32.630001068115234,32.7400016784668,32.58000183105469,32.70000076293945,3711100.0,,,,,
2019-10-10,32.7599983215332,32.86000061035156,32.599998474121094,32.630001068115234,2547700.0,,,,,
2019-10-11,32.93000030517578,33.029998779296875,32.86000061035156,32.959999084472656,5701800.0,,,,,
2019-10-14,32.790000915527344,32.880001068115234,32.779998779296875,32.83000183105469,1599100.0,,,,,
2019-10-15,33.06999969482422,33.13999938964844,32.900001525878906,32.939998626708984,5026300.0,,,,,
2019-10-16,33.2400016784668,33.25,33.15999984741211,33.18000030517578,3489000.0,,,,,
2019-10-17,33.65999984741211,33.7400016784668,33.58000183105469,33.59000015258789,5877100.0,,,,,
2019-10-18,34.029998779296875,34.040000915527344,33.900001525878906,33.900001525878906,4462400.0,,,,,
2019-10-21,33.970001220703125,34.0,33.79999923706055,33.900001525878906,4514100.0,,,,,
2019-10-22,33.77000045776367,33.93000030517578,33.75,33.75,5097800.0,,,,,
2019-10-23,33.97999954223633,34.0,33.869998931884766,33.880001068115234,2676400.0,,,,,
2019-10-24,33.79999923706055,33.91999816894531,33.7599983215332,33.880001068115234,3603800.0,,,,,
2019-10-25,34.06999969482422,34.119998931884766,33.810001373291016,33.81999969482422,6052900.0,,,,,
2019-10-28,34.150001525878906,34.22999954223633,34.08000183105469,34.150001525878906,3016400.0,,,,,
2019-10-29,34.529998779296875,34.59000015258789,34.4900016784668,34.54999923706055,2976300.0,,,,,
2019-10-30,34.84000015258789,34.849998474121094,34.540000915527344,34.68000030517578,4136700.0,,,,,
2019-10-31,34.650001525878906,34.84000015258789,34.59000015258789,34.83000183105469,5716300.0,,,,,
2019-11-01,35.060001373291016,35.130001068115234,34.900001525878906,34.90999984741211,4979800.0,,,,,
2019-11-04,34.970001220703125,35.13999938964844,34.95000076293945,35.08000183105469,3205700.0,,,,,
2019-11-05,34.90999984741211,35.02000045776367,34.81999969482422,35.02000045776367,2783700.0,,,,,
2019-11-06,35.0,35.04999923706055,34.880001068115234,34.970001220703125,4496000.0,,,,,
2019-11-07,34.97999954223633,35.150001525878906,34.959999084472656,35.08000183105469,3829200.0,,,,,
2019-11-08,34.41999816894531,34.560001373291016,34.38999938964844,34.5,4323100.0,,,,,
2019-11-11,34.34000015258789,34.380001068115234,34.2400016784668,34.2400016784668,1258500.0,,,,,
2019-11-12,34.119998931884766,34.27000045776367,34.11000061035156,34.27000045776367,2752100.0,,,,,
2019-11-13,33.869998931884766,33.970001220703125,33.81999969482422,33.970001220703125,2836100.0,,,,,
2019-11-14,33.95000076293945,33.9900016784668,33.849998474121094,33.900001525878906,1884900.0,,,,,
2019-11-15,34.16999816894531,34.25,34.150001525878906,34.220001220703125,2470200.0,,,,,
2019-11-18,34.060001373291016,34.130001068115234,34.02000045776367,34.09000015258789,2285800.0,,,,,
2019-11-19,34.22999954223633,34.36000061035156,34.150001525878906,34.34000015258789,1946800.0,,,,,
2019-11-20,34.45000076293945,34.52000045776367,34.349998474121094,34.369998931884766,3051900.0,,,,,
2019-11-21,34.279998779296875,34.369998931884766,34.2599983215332,34.369998931884766,2584400.0,,,,,
2019-11-22,34.20000076293945,34.27000045776367,34.150001525878906,34.20000076293945,1850600.0,,,,,
2019-11-25,34.90999984741211,34.91999816894531,34.709999084472656,34.77000045776367,3578600.0,,,,,
2019-11-26,34.790000915527344,34.81999969482422,34.68000030517578,34.779998779296875,5311800.0,,,,,
2019-11-27,35.060001373291016,35.06999969482422,34.869998931884766,34.959999084472656,4053900.0,,,,,
2019-11-29,34.459999084472656,34.619998931884766,34.45000076293945,34.54999923706055,3403700.0,,,,,
2019-12-02,34.709999084472656,34.709999084472656,34.58000183105469,34.61000061035156,3387100.0,,,,,
2019-12-03,34.369998931884766,34.47999954223633,34.310001373291016,34.459999084472656,3414300.0,,,,,
2019-12-04,34.810001373291016,34.83000183105469,34.709999084472656,34.709999084472656,4149300.0,,,,,
2019-12-05,34.779998779296875,34.83000183105469,34.70000076293945,34.709999084472656,4035500.0,,,,,
2019-12-06,34.41999816894531,34.52000045776367,34.36000061035156,34.459999084472656,4877900.0,,,,,
2019-12-09,34.650001525878906,34.650001525878906,34.529998779296875,34.529998779296875,2310300.0,,,,,
2019-12-10,34.470001220703125,34.54999923706055,34.43000030517578,34.529998779296875,3680000.0,,,,,
2019-12-11,34.83000183105469,34.849998474121094,34.619998931884766,34.619998931884766,2954000.0,,,,,
2019-12-12,35.02000045776367,35.09000015258789,34.72999954223633,34.72999954223633,4845500.0,,,,,
2019-12-13,35.20000076293945,35.2599983215332,35.09000015258789,35.20000076293945,5634600.0,,,,,
2019-12-16,34.939998626708984,35.060001373291016,34.90999984741211,34.939998626708984,3463900.0,,,,,
2019-12-17,35.2599983215332,35.2599983215332,35.13999938964844,35.220001220703125,5502900.0,,,,,
2019-12-18,35.2400016784668,35.36000061035156,35.2400016784668,35.29999923706055,5238400.0,,,,,
2019-12-19,35.38999938964844,35.43000030517578,35.31999969482422,35.369998931884766,3254600.0,,,,,
2019-12-20,35.45000076293945,35.540000915527344,35.45000076293945,35.5099983215332,3368500.0,,,,,
2019-12-23,35.36000061035156,35.400001525878906,35.31999969482422,35.400001525878906,3713100.0,,,,,
2019-12-24,35.22999954223633,35.349998474121094,35.16999816894531,35.290000915527344,1784100.0,,,,,
2019-12-26,35.060001373291016,35.13999938964844,35.029998779296875,35.130001068115234,1564100.0,,,,,
2019-12-27,35.29999923706055,35.45000076293945,35.2400016784668,35.40999984741211,2513100.0,,,,,
2019-12-30,35.18000030517578,35.41999816894531,35.18000030517578,35.369998931884766,2232100.0,,,,,
2019-12-31,35.150001525878906,35.16999816894531,34.959999084472656,35.0099983215332,2820100.0,,,,,
2020-01-02,35.58000183105469,35.59000015258789,35.40999984741211,35.47999954223633,3880500.0,,,,,
2020-01-03,34.97999954223633,35.15999984741211,34.970001220703125,35.130001068115234,4085000.0,,,,,
2020-01-06,34.56999969482422,34.619998931884766,34.369998931884766,34.439998626708984,4516100.0,,,,,
2020-01-07,34.52000045776367,34.630001068115234,34.4900016784668,34.52000045776367,2940200.0,,,,,
2020-01-08,34.97999954223633,35.11000061035156,34.650001525878906,34.70000076293945,6043100.0,,,,,
2020-01-09,35.45000076293945,35.47999954223633,35.36000061035156,35.40999984741211,5249700.0,,,,,
2020-01-10,35.61000061035156,35.75,35.599998474121094,35.65999984741211,4293400.0,,,,,
2020-01-13,36.09000015258789,36.09000015258789,35.72999954223633,35.72999954223633,2475800.0,,,,,
2020-01-14,36.02000045776367,36.04999923706055,35.900001525878906,36.02000045776367,4887800.0,,,,,
2020-01-15,35.959999084472656,36.09999847412109,35.91999816894531,36.060001373291016,3700600.0,,,,,
2020-01-16,35.95000076293945,36.04999923706055,35.91999816894531,36.0,2517700.0,,,,,
2020-01-17,36.18000030517578,36.18000030517578,36.040000915527344,36.060001373291016,2506200.0,,,,,
2020-01-21,35.38999938964844,35.65999984741211,35.380001068115234,35.619998931884766,4245600.0,,,,,
2020-01-22,35.4900016784668,35.5099983215332,35.400001525878906,35.459999084472656,2986400.0,,,,,
2020-01-23,35.439998626708984,35.5099983215332,35.2400016784668,35.380001068115234,4024000.0,,,,,
2020-01-24,35.59000015258789,35.790000915527344,35.54999923706055,35.790000915527344,2518800.0,,,,,
2020-01-27,35.150001525878906,35.369998931884766,35.099998474121094,35.18000030517578,3676700.0,,,,,
2020-01-28,35.31999969482422,35.380001068115234,35.18000030517578,35.220001220703125,4119500.0,,,,,
2020-01-29,35.36000061035156,35.400001525878906,35.27000045776367,35.36000061035156,2781100.0,,,,,
2020-01-30,34.90999984741211,34.970001220703125,34.66999816894531,34.68000030517578,4821500.0,,,,,
2020-01-31,34.4900016784668,34.59000015258789,34.31999969482422,34.54999923706055,5420900.0,,,,,
2020-02-03,34.040000915527344,34.15999984741211,33.95000076293945,34.0,4905500.0,,,,,
2020-02-04,34.869998931884766,35.0099983215332,34.849998474121094,34.849998474121094,6428900.0,,,,,
2020-02-05,35.15999984741211,35.40999984741211,35.150001525878906,35.31999969482422,2938700.0,,,,,
2020-02-06,35.43000030517578,35.56999969482422,35.38999938964844,35.56999969482422,4296400.0,,,,,
2020-02-07,35.04999923706055,35.20000076293945,35.040000915527344,35.130001068115234,2430000.0,,,,,
2020-02-10,35.2400016784668,35.27000045776367,35.060001373291016,35.060001373291016,2050800.0,,,,,
2020-02-11,35.470001220703125,35.58000183105469,35.40999984741211,35.459999084472656,2823100.0,,,,,
2020-02-12,35.689998626708984,35.70000076293945,35.560001373291016,35.56999969482422,2896500.0,,,,,
2020-02-13,35.380001068115234,35.58000183105469,35.349998474121094,35.5,5848000.0,,,,,
2020-02-14,35.11000061035156,35.400001525878906,35.099998474121094,35.38999938964844,5073000.0,,,,,
2020-02-18,34.88999938964844,35.06999969482422,34.880001068115234,35.0,4612800.0,,,,,
2020-02-19,35.290000915527344,35.41999816894531,35.27000045776367,35.349998474121094,3074300.0,,,,,
2020-02-20,34.86000061035156,35.099998474121094,34.83000183105469,35.029998779296875,3955900.0,,,,,
2020-02-21,34.81999969482422,34.95000076293945,34.7599983215332,34.79999923706055,2441000.0,,,,,
2020-02-24,33.869998931884766,34.040000915527344,33.720001220703125,33.83000183105469,7106000.0,,,,,
2020-02-25,33.72999954223633,34.310001373291016,33.68000030517578,34.27000045776367,8665600.0,,,,,
2020-02-26,33.790000915527344,34.099998474121094,33.77000045776367,33.939998626708984,7611100.0,,,,,
2020-02-27,33.20000076293945,33.529998779296875,33.16999816894531,33.369998931884766,8116700.0,,,,,
2020-02-28,32.189998626708984,32.29999923706055,31.520000457763672,31.71999931335449,19086900.0,,,,,
2020-03-02,32.040000915527344,32.099998474121094,31.5,31.6200008392334,14313700.0,,,,,
2020-03-03,31.959999084472656,32.63999938964844,31.82999992370605,32.02000045776367,13304200.0,,,,,
2020-03-04,31.989999771118164,32.06999969482422,31.790000915527344,31.979999542236328,8405000.0,,,,,
2020-03-05,30.739999771118164,31.90999984741211,30.549999237060547,31.799999237060547,13964300.0,,,,,
2020-03-06,30.670000076293945,30.850000381469727,30.43000030517578,30.670000076293945,9201000.0,,,,,
2020-03-09,29.0,29.229999542236328,28.43000030517578,28.43000030517578,11757500.0,,,,,
2020-03-10,29.950000762939453,29.979999542236328,29.200000762939453,29.670000076293945,9845300.0,,,,,
2020-03-11,28.6299991607666,29.479999542236328,28.6200008392334,29.32999992370605,14425500.0,,,,,
2020-03-12,25.11000061035156,26.1200008392334,24.13999938964844,26.0,14635800.0,,,,,
2020-03-13,28.309999465942383,28.68000030517578,26.8799991607666,28.15999984741211,9428000.0,,,,,
2020-03-16,23.940000534057617,25.89999961853028,23.13999938964844,25.15999984741211,9576400.0,,,,,
2020-03-17,26.32999992370605,26.32999992370605,24.920000076293945,25.25,9986000.0,,,,,
2020-03-18,23.350000381469727,24.729999542236328,23.14999961853028,23.700000762939453,10039700.0,,,,,
2020-03-19,22.809999465942383,23.15999984741211,22.3700008392334,23.059999465942383,12316300.0,,,,,
2020-03-20,23.06999969482422,24.1299991607666,22.8700008392334,24.040000915527344,17723400.0,,,,,
2020-03-23,20.5,21.64999961853028,20.479999542236328,21.39999961853028,19051400.0,,,,,
2020-03-24,21.6299991607666,21.96999931335449,20.84000015258789,21.6299991607666,11410300.0,,,,,
2020-03-25,23.280000686645508,23.5,22.3799991607666,22.40999984741211,10203900.0,,,,,
2020-03-26,25.270000457763672,25.270000457763672,24.39999961853028,24.520000457763672,10112300.0,,,,,
2020-03-27,23.739999771118164,24.14999961853028,23.440000534057617,23.63999938964844,8070500.0,,,,,
2020-03-30,23.600000381469727,23.600000381469727,22.989999771118164,23.290000915527344,7665200.0,,,,,
2020-03-31,24.11000061035156,24.46999931335449,23.8700008392334,24.09000015258789,10298500.0,,,,,
2020-04-01,22.32999992370605,22.90999984741211,22.32999992370605,22.82999992370605,7727500.0,,,,,
2020-04-02,22.90999984741211,23.14999961853028,22.479999542236328,22.709999084472656,9119300.0,,,,,
2020-04-03,22.01000022888184,22.690000534057617,21.920000076293945,22.61000061035156,4746600.0,,,,,
2020-04-06,23.670000076293945,23.68000030517578,22.920000076293945,22.989999771118164,8111000.0,,,,,
2020-04-07,24.36000061035156,25.170000076293945,24.280000686645508,25.14999961853028,6570200.0,,,,,
2020-04-08,25.18000030517578,25.18000030517578,24.520000457763672,24.530000686645508,5529800.0,,,,,
2020-04-09,25.459999084472656,25.950000762939453,25.32999992370605,25.670000076293945,7643300.0,,,,,
2020-04-13,25.229999542236328,25.34000015258789,24.93000030517578,25.270000457763672,4256200.0,,,,,
2020-04-14,25.979999542236328,26.280000686645508,25.799999237060547,25.8799991607666,6039500.0,,,,,
2020-04-15,24.739999771118164,25.030000686645508,24.71999931335449,24.979999542236328,6057000.0,,,,,
2020-04-16,25.01000022888184,25.299999237060547,24.950000762939453,25.209999084472656,8908100.0,,,,,
2020-04-17,25.93000030517578,26.100000381469727,25.76000022888184,26.020000457763672,8715900.0,,,,,
2020-04-20,25.46999931335449,25.850000381469727,25.38999938964844,25.63999938964844,4999300.0,,,,,
2020-04-21,24.670000076293945,24.96999931335449,24.64999961853028,24.75,4415600.0,,,,,
2020-04-22,25.959999084472656,25.959999084472656,25.780000686645508,25.950000762939453,6372200.0,,,,,
2020-04-23,26.11000061035156,26.65999984741211,26.040000915527344,26.38999938964844,4451000.0,,,,,
2020-04-24,25.76000022888184,25.84000015258789,25.549999237060547,25.780000686645508,5219800.0,,,,,
2020-04-27,26.6200008392334,26.64999961853028,26.100000381469727,26.1200008392334,7736000.0,,,,,
2020-04-28,26.549999237060547,26.8799991607666,26.489999771118164,26.8799991607666,3483000.0,,,,,
2020-04-29,27.65999984741211,27.68000030517578,27.040000915527344,27.1299991607666,6008000.0,,,,,
2020-04-30,27.049999237060547,27.76000022888184,27.049999237060547,27.65999984741211,4811800.0,,,,,
2020-05-01,26.21999931335449,26.51000022888184,26.0,26.420000076293945,5322500.0,,,,,
2020-05-04,26.600000381469727,26.600000381469727,26.209999084472656,26.31999969482422,4671600.0,,,,,
2020-05-05,26.07999992370605,26.450000762939453,26.07999992370605,26.31999969482422,5884100.0,,,,,
2020-05-06,25.709999084472656,26.1299991607666,25.64999961853028,26.100000381469727,3927800.0,,,,,
2020-05-07,26.18000030517578,26.270000457763672,26.030000686645508,26.1200008392334,4212800.0,,,,,
2020-05-08,26.729999542236328,26.729999542236328,26.36000061035156,26.40999984741211,3437900.0,,,,,
2020-05-11,26.239999771118164,26.46999931335449,26.239999771118164,26.309999465942383,3146000.0,,,,,
2020-05-12,27.3799991607666,28.049999237060547,26.61000061035156,26.61000061035156,10985700.0,,,,,
2020-05-13,26.520000457763672,27.1299991607666,26.39999961853028,27.11000061035156,6305100.0,,,,,
2020-05-14,26.549999237060547,26.56999969482422,25.46999931335449,25.8700008392334,6603200.0,,,,,
2020-05-15,25.989999771118164,26.09000015258789,25.82999992370605,25.88999938964844,4665000.0,,,,,
2020-05-18,26.299999237060547,26.31999969482422,25.770000457763672,25.780000686645508,7031200.0,,,,,
2020-05-19,25.559999465942383,25.82999992370605,25.559999465942383,25.790000915527344,4644500.0,,,,,
2020-05-20,26.31999969482422,26.46999931335449,26.200000762939453,26.309999465942383,5008900.0,,,,,
2020-05-21,26.200000762939453,26.51000022888184,26.13999938964844,26.38999938964844,6375700.0,,,,,
2020-05-22,26.1200008392334,26.18000030517578,25.950000762939453,26.13999938964844,3030100.0,,,,,
2020-05-26,26.100000381469727,26.420000076293945,26.059999465942383,26.25,4031900.0,,,,,
2020-05-27,26.5,26.520000457763672,26.15999984741211,26.520000457763672,4385300.0,,,,,
2020-05-28,26.81999969482422,27.15999984741211,26.770000457763672,27.049999237060547,6525400.0,,,,,
2020-05-29,27.489999771118164,27.489999771118164,27.059999465942383,27.190000534057617,9627600.0,,,,,
2020-06-01,28.190000534057617,28.209999084472656,27.82999992370605,28.0,6376100.0,,,,,
2020-06-02,28.850000381469727,28.88999938964844,28.489999771118164,28.63999938964844,8867200.0,,,,,
2020-06-03,28.989999771118164,29.020000457763672,28.709999084472656,28.790000915527344,5234600.0,,,,,
2020-06-04,28.540000915527344,28.86000061035156,28.450000762939453,28.68000030517578,5552900.0,,,,,
2020-06-05,29.229999542236328,29.39999961853028,29.06999969482422,29.100000381469727,5375200.0,,,,,
2020-06-08,29.290000915527344,29.290000915527344,28.86000061035156,29.059999465942383,2909500.0,,,,,
2020-06-09,28.799999237060547,28.8799991607666,28.549999237060547,28.770000457763672,3652500.0,,,,,
2020-06-10,29.020000457763672,29.040000915527344,28.600000381469727,28.950000762939453,4114900.0,,,,,
2020-06-11,26.770000457763672,27.89999961853028,26.76000022888184,27.81999969482422,17101900.0,,,,,
2020-06-12,28.239999771118164,28.299999237060547,27.71999931335449,28.209999084472656,12432500.0,,,,,
2020-06-15,28.209999084472656,28.32999992370605,27.6200008392334,27.690000534057617,6184300.0,,,,,
2020-06-16,27.71999931335449,28.3799991607666,27.540000915527344,28.309999465942383,8978000.0,,,,,
2020-06-17,27.96999931335449,28.229999542236328,27.8799991607666,28.030000686645508,6464300.0,,,,,
2020-06-18,28.21999931335449,28.31999969482422,28.09000015258789,28.15999984741211,4435200.0,,,,,
2020-06-19,28.65999984741211,28.8799991607666,28.479999542236328,28.8799991607666,8041900.0,,,,,
2020-06-22,29.36000061035156,29.43000030517578,29.09000015258789,29.1200008392334,4515400.0,,,,,
2020-06-23,29.63999938964844,29.89999961853028,29.59000015258789,29.739999771118164,2914300.0,,,,,
2020-06-24,28.950000762939453,29.31999969482422,28.8799991607666,29.290000915527344,4482300.0,,,,,
2020-06-25,29.32999992370605,29.32999992370605,29.020000457763672,29.030000686645508,4521600.0,,,,,
2020-06-26,29.049999237060547,29.290000915527344,28.940000534057617,29.229999542236328,4009700.0,,,,,
2020-06-29,29.209999084472656,29.26000022888184,28.96999931335449,29.040000915527344,3787400.0,,,,,
2020-06-30,29.020000457763672,29.200000762939453,28.8799991607666,29.18000030517578,4055200.0,,,,,
2020-07-01,29.670000076293945,29.709999084472656,29.209999084472656,29.209999084472656,5347800.0,,,,,
2020-07-02,30.3700008392334,30.61000061035156,30.26000022888184,30.270000457763672,6341700.0,,,,,
2020-07-06,31.01000022888184,31.09000015258789,30.8799991607666,30.96999931335449,2943400.0,,,,,
2020-07-07,30.82999992370605,31.13999938964844,30.790000915527344,30.959999084472656,4770200.0,,,,,
2020-07-08,30.729999542236328,30.790000915527344,30.43000030517578,30.5,4716000.0,,,,,
2020-07-09,30.770000457763672,30.989999771118164,30.549999237060547,30.940000534057617,3559600.0,,,,,
2020-07-10,30.780000686645508,30.809999465942383,30.6200008392334,30.75,2192900.0,,,,,
2020-07-13,30.809999465942383,31.21999931335449,30.780000686645508,30.979999542236328,3971000.0,,,,,
2020-07-14,30.600000381469727,30.6200008392334,30.100000381469727,30.209999084472656,4567200.0,,,,,
2020-07-15,30.75,30.8700008392334,30.65999984741211,30.729999542236328,2647100.0,,,,,
2020-07-16,31.0,31.01000022888184,30.780000686645508,30.809999465942383,3495100.0,,,,,
2020-07-17,31.51000022888184,31.61000061035156,31.36000061035156,31.530000686645508,3313000.0,,,,,
2020-07-20,31.950000762939453,31.979999542236328,31.6299991607666,31.690000534057617,3470700.0,,,,,
2020-07-21,32.130001068115234,32.279998779296875,32.099998474121094,32.18000030517578,3000100.0,,,,,
2020-07-22,32.13999938964844,32.20000076293945,31.979999542236328,32.15999984741211,2351400.0,,,,,
2020-07-23,31.959999084472656,32.279998779296875,31.920000076293945,32.150001525878906,2740000.0,,,,,
2020-07-24,32.209999084472656,32.29999923706055,32.029998779296875,32.08000183105469,3407400.0,,,,,
2020-07-27,32.45000076293945,32.459999084472656,32.150001525878906,32.189998626708984,4183100.0,,,,,
2020-07-28,32.560001373291016,32.720001220703125,32.5099983215332,32.619998931884766,2347900.0,,,,,
2020-07-29,32.56999969482422,32.630001068115234,32.400001525878906,32.470001220703125,3838900.0,,,,,
2020-07-30,32.209999084472656,32.36000061035156,31.90999984741211,32.36000061035156,4800200.0,,,,,
2020-07-31,31.940000534057617,32.349998474121094,31.770000457763672,32.33000183105469,4798600.0,,,,,
2020-08-03,31.809999465942383,31.920000076293945,31.68000030517578,31.75,6119300.0,,,,,
2020-08-04,32.380001068115234,32.400001525878906,32.11000061035156,32.11000061035156,3764100.0,,,,,
2020-08-05,32.529998779296875,32.66999816894531,32.38999938964844,32.38999938964844,2849600.0,,,,,
2020-08-06,32.84000015258789,32.849998474121094,32.630001068115234,32.65999984741211,2701300.0,,,,,
2020-08-07,32.720001220703125,32.79999923706055,32.560001373291016,32.66999816894531,2431600.0,,,,,
2020-08-10,33.060001373291016,33.09000015258789,32.86000061035156,32.959999084472656,2242700.0,,,,,
2020-08-11,32.869998931884766,33.220001220703125,32.81999969482422,33.189998626708984,2934800.0,,,,,
2020-08-12,33.220001220703125,33.2599983215332,33.04999923706055,33.060001373291016,2785200.0,,,,,
2020-08-13,33.0099983215332,33.16999816894531,32.970001220703125,33.08000183105469,1842000.0,,,,,
2020-08-14,32.93000030517578,33.0,32.7599983215332,32.79999923706055,1296900.0,,,,,
2020-08-17,33.189998626708984,33.2400016784668,33.0099983215332,33.11000061035156,2085600.0,,,,,
2020-08-18,33.470001220703125,33.4900016784668,33.209999084472656,33.439998626708984,3335100.0,,,,,
2020-08-19,33.11000061035156,33.38999938964844,33.08000183105469,33.38999938964844,2218900.0,,,,,
2020-08-20,33.16999816894531,33.22999954223633,32.7599983215332,32.810001373291016,2539500.0,,,,,
2020-08-21,33.09000015258789,33.15999984741211,32.91999816894531,33.02000045776367,3803000.0,,,,,
2020-08-24,33.599998474121094,33.68000030517578,33.470001220703125,33.65999984741211,3146600.0,,,,,
2020-08-25,33.65999984741211,33.65999984741211,33.459999084472656,33.560001373291016,1865300.0,,,,,
2020-08-26,33.880001068115234,33.880001068115234,33.68000030517578,33.709999084472656,3304600.0,,,,,
2020-08-27,33.959999084472656,34.25,33.81999969482422,34.0,4491200.0,,,,,
2020-08-28,34.56999969482422,34.56999969482422,34.38999938964844,34.45000076293945,4083100.0,,,,,
2020-08-31,33.369998931884766,33.52000045776367,33.209999084472656,33.52000045776367,6372400.0,,,,,
2020-09-01,33.97999954223633,34.029998779296875,33.84000015258789,33.91999816894531,5079000.0,,,,,
2020-09-02,34.06999969482422,34.06999969482422,33.72999954223633,33.91999816894531,4241600.0,,,,,
2020-09-03,33.599998474121094,34.099998474121094,33.5,33.97999954223633,5895200.0,,,,,
2020-09-04,33.43000030517578,33.7400016784668,33.119998931884766,33.5,6351300.0,,,,,
2020-09-08,32.9900016784668,33.27000045776367,32.869998931884766,33.060001373291016,7393400.0,,,,,
2020-09-09,33.599998474121094,33.66999816894531,33.43000030517578,33.43000030517578,3046900.0,,,,,
2020-09-10,33.720001220703125,34.20000076293945,33.66999816894531,34.130001068115234,4661300.0,,,,,
2020-09-11,33.88999938964844,34.130001068115234,33.81999969482422,34.04999923706055,3147500.0,,,,,
2020-09-14,34.279998779296875,34.310001373291016,34.130001068115234,34.130001068115234,3636300.0,,,,,
2020-09-15,34.38999938964844,34.45000076293945,34.279998779296875,34.279998779296875,2282800.0,,,,,
2020-09-16,34.560001373291016,34.84000015258789,34.4900016784668,34.5,5405700.0,,,,,
2020-09-17,34.540000915527344,34.540000915527344,34.209999084472656,34.27000045776367,3100700.0,,,,,
2020-09-18,34.279998779296875,34.470001220703125,34.2400016784668,34.459999084472656,3265200.0,,,,,
2020-09-21,33.790000915527344,33.79999923706055,33.34000015258789,33.56999969482422,5454300.0,,,,,
2020-09-22,33.439998626708984,33.54999923706055,33.20000076293945,33.529998779296875,3164400.0,,,,,
2020-09-23,32.90999984741211,33.209999084472656,32.88999938964844,33.18000030517578,4007600.0,,,,,
2020-09-24,32.41999816894531,32.61000061035156,32.060001373291016,32.099998474121094,6152600.0,,,,,
2020-09-25,33.060001373291016,33.09000015258789,32.66999816894531,32.900001525878906,4135600.0,,,,,
2020-09-28,33.56999969482422,33.66999816894531,33.459999084472656,33.58000183105469,2860500.0,,,,,
2020-09-29,33.599998474121094,33.70000076293945,33.52000045776367,33.529998779296875,3199200.0,,,,,
2020-09-30,33.86000061035156,34.02000045776367,33.779998779296875,33.81999969482422,4205800.0,,,,,
2020-10-01,34.36000061035156,34.380001068115234,34.08000183105469,34.25,3842100.0,,,,,
2020-10-02,34.08000183105469,34.209999084472656,33.75,33.790000915527344,2963900.0,,,,,
2020-10-05,34.720001220703125,34.7400016784668,34.529998779296875,34.560001373291016,3398200.0,,,,,
2020-10-06,34.790000915527344,35.029998779296875,34.72999954223633,34.9900016784668,4366900.0,,,,,
2020-10-07,35.13999938964844,35.22999954223633,35.11000061035156,35.150001525878906,6992300.0,,,,,
2020-10-08,35.209999084472656,35.34000015258789,35.15999984741211,35.22999954223633,6321800.0,,,,,
2020-10-09,35.59000015258789,35.630001068115234,35.349998474121094,35.5,2862100.0,,,,,
2020-10-12,35.41999816894531,35.529998779296875,35.29999923706055,35.34000015258789,2846900.0,,,,,
2020-10-13,35.150001525878906,35.25,35.06999969482422,35.25,6282000.0,,,,,
2020-10-14,35.45000076293945,35.63999938964844,35.380001068115234,35.47999954223633,3286400.0,,,,,
2020-10-15,34.7599983215332,34.779998779296875,34.540000915527344,34.54999923706055,4409900.0,,,,,
2020-10-16,34.83000183105469,34.93000030517578,34.72999954223633,34.810001373291016,2540400.0,,,,,
2020-10-19,34.91999816894531,35.150001525878906,34.86000061035156,35.029998779296875,2286300.0,,,,,
2020-10-20,35.040000915527344,35.220001220703125,34.9900016784668,35.060001373291016,3154500.0,,,,,
2020-10-21,35.0099983215332,35.13999938964844,34.869998931884766,34.88999938964844,3041300.0,,,,,
2020-10-22,34.810001373291016,34.95000076293945,34.689998626708984,34.95000076293945,5256700.0,,,,,
2020-10-23,34.9900016784668,35.029998779296875,34.75,34.91999816894531,2585600.0,,,,,
2020-10-26,34.279998779296875,34.459999084472656,34.18000030517578,34.31999969482422,5075300.0,,,,,
2020-10-27,34.540000915527344,34.65999984741211,34.459999084472656,34.59000015258789,3906300.0,,,,,
2020-10-28,33.540000915527344,33.9900016784668,33.5099983215332,33.900001525878906,6895300.0,,,,,
2020-10-29,33.619998931884766,33.790000915527344,33.41999816894531,33.61000061035156,6333500.0,,,,,
2020-10-30,33.59000015258789,33.810001373291016,33.38999938964844,33.77000045776367,3934300.0,,,,,
2020-11-02,33.689998626708984,33.709999084472656,33.38999938964844,33.459999084472656,3796600.0,,,,,
2020-11-03,33.939998626708984,33.97999954223633,33.779998779296875,33.83000183105469,4064100.0,,,,,
2020-11-04,34.84000015258789,35.029998779296875,34.279998779296875,34.400001525878906,4760400.0,,,,,
2020-11-05,35.290000915527344,35.29999923706055,35.06999969482422,35.150001525878906,3382500.0,,,,,
2020-11-06,35.61000061035156,35.650001525878906,35.380001068115234,35.41999816894531,3487400.0,,,,,
2020-11-09,36.45000076293945,36.900001525878906,36.33000183105469,36.869998931884766,11315800.0,,,,,
2020-11-10,35.9900016784668,36.09999847412109,35.83000183105469,35.95000076293945,3367100.0,,,,,
2020-11-11,36.209999084472656,36.209999084472656,36.02000045776367,36.040000915527344,4511200.0,,,,,
2020-11-12,35.75,36.02000045776367,35.65999984741211,35.900001525878906,3574800.0,,,,,
2020-11-13,36.34999847412109,36.380001068115234,36.060001373291016,36.060001373291016,2327300.0,,,,,
2020-11-16,36.7400016784668,36.7599983215332,36.52000045776367,36.72999954223633,3423900.0,,,,,
2020-11-17,36.68000030517578,36.72999954223633,36.41999816894531,36.43999862670898,3570400.0,,,,,
2020-11-18,36.61000061035156,36.86000061035156,36.59000015258789,36.810001373291016,2782900.0,,,,,
2020-11-19,36.47999954223633,36.52999877929688,36.29999923706055,36.380001068115234,1920100.0,,,,,
2020-11-20,36.4900016784668,36.59999847412109,36.45000076293945,36.56999969482422,1842400.0,,,,,
2020-11-23,36.61000061035156,36.83000183105469,36.54999923706055,36.81999969482422,2989800.0,,,,,
2020-11-24,37.220001220703125,37.2599983215332,36.93000030517578,37.0,6200100.0,,,,,
2020-11-25,36.84000015258789,36.91999816894531,36.66999816894531,36.68000030517578,2832700.0,,,,,
2020-11-27,36.97999954223633,37.04999923706055,36.84999847412109,37.04999923706055,9703300.0,,,,,
2020-11-30,36.47999954223633,36.77999877929688,36.40999984741211,36.77999877929688,6035800.0,,,,,
2020-12-01,37.619998931884766,37.65999984741211,37.31999969482422,37.40999984741211,3708400.0,,,,,
2020-12-02,37.5099983215332,37.59000015258789,37.31999969482422,37.41999816894531,3239700.0,,,,,
2020-12-03,37.66999816894531,37.88999938964844,37.630001068115234,37.7400016784668,2392600.0,,,,,
2020-12-04,38.02999877929688,38.02999877929688,37.81999969482422,37.880001068115234,2177700.0,,,,,
2020-12-07,38.310001373291016,38.45000076293945,38.2400016784668,38.2599983215332,1851300.0,,,,,
2020-12-08,38.40999984741211,38.40999984741211,38.220001220703125,38.38999938964844,3874100.0,,,,,
2020-12-09,38.380001068115234,38.66999816894531,38.18999862670898,38.66999816894531,2998400.0,,,,,
2020-12-10,38.650001525878906,38.650001525878906,38.27999877929688,38.34000015258789,2766700.0,,,,,
2020-12-11,38.52999877929688,38.630001068115234,38.459999084472656,38.56999969482422,2366500.0,,,,,
2020-12-14,38.470001220703125,38.77999877929688,38.43999862670898,38.77000045776367,6055800.0,,,,,
2020-12-15,39.04999923706055,39.08000183105469,38.650001525878906,38.720001220703125,5805200.0,,,,,
2020-12-16,39.0,39.119998931884766,38.91999816894531,39.02999877929688,4340000.0,,,,,
2020-12-17,39.290000915527344,39.310001373291016,39.150001525878906,39.20000076293945,4391000.0,,,,,
2020-12-18,39.33000183105469,39.43999862670898,39.27999877929688,39.34999847412109,4662600.0,,,,,
2020-12-21,38.0,38.130001068115234,37.7599983215332,37.81999969482422,5286600.0,,,,,
2020-12-22,38.29999923706055,38.45000076293945,38.22999954223633,38.400001525878906,5955000.0,,,,,
2020-12-23,38.959999084472656,39.02999877929688,38.91999816894531,38.9900016784668,4906100.0,,,,,
2020-12-24,39.36000061035156,39.369998931884766,39.22999954223633,39.22999954223633,2924800.0,,,,,
2020-12-28,39.720001220703125,39.77999877929688,39.58000183105469,39.7599983215332,4541800.0,,,,,
2020-12-29,39.869998931884766,39.97999954223633,39.7400016784668,39.84000015258789,6577000.0,,,,,
2020-12-30,40.09999847412109,40.220001220703125,40.060001373291016,40.11000061035156,6492800.0,,,,,
2020-12-31,40.220001220703125,40.2599983215332,39.959999084472656,40.220001220703125,4121700.0,,,,,
2021-01-04,40.310001373291016,40.900001525878906,40.310001373291016,40.84999847412109,4324800.0,,,,,
2021-01-05,41.040000915527344,41.040000915527344,40.72999954223633,40.7599983215332,3571800.0,,,,,
2021-01-06,40.90999984741211,41.09999847412109,40.619998931884766,40.619998931884766,4333500.0,,,,,
2021-01-07,40.720001220703125,40.84999847412109,40.66999816894531,40.709999084472656,1914500.0,,,,,
2021-01-08,41.68000030517578,41.68000030517578,41.27999877929688,41.4900016784668,3823900.0,,,,,
2021-01-11,41.45000076293945,41.540000915527344,41.310001373291016,41.38999938964844,1969100.0,,,,,
2021-01-12,41.81999969482422,41.90999984741211,41.65999984741211,41.75,2488200.0,,,,,
2021-01-13,41.65999984741211,42.02000045776367,41.59999847412109,42.02000045776367,2440500.0,,,,,
2021-01-14,41.79999923706055,41.959999084472656,41.75,41.790000915527344,2913100.0,,,,,
2021-01-15,40.9900016784668,41.29999923706055,40.970001220703125,41.2400016784668,7736900.0,,,,,
2021-01-19,41.130001068115234,41.470001220703125,41.119998931884766,41.470001220703125,3509400.0,,,,,
2021-01-20,41.9900016784668,42.0,41.7599983215332,41.900001525878906,4322500.0,,,,,
2021-01-21,41.79999923706055,41.880001068115234,41.66999816894531,41.79999923706055,2038000.0,,,,,
2021-01-22,41.34999847412109,41.52000045776367,41.08000183105469,41.11000061035156,3663800.0,,,,,
2021-01-25,40.66999816894531,40.81999969482422,40.400001525878906,40.790000915527344,5007000.0,,,,,
2021-01-26,40.65999984741211,40.70000076293945,40.4900016784668,40.560001373291016,2996300.0,,,,,
2021-01-27,39.810001373291016,40.13999938964844,39.77000045776367,40.0,5925000.0,,,,,
2021-01-28,40.41999816894531,40.52000045776367,40.04999923706055,40.13999938964844,3572000.0,,,,,
2021-01-29,39.13999938964844,39.459999084472656,38.9900016784668,39.459999084472656,5379500.0,,,,,
2021-02-01,40.720001220703125,40.75,40.43999862670898,40.59000015258789,6167100.0,,,,,
2021-02-02,41.68999862670898,41.709999084472656,41.33000183105469,41.4900016784668,3372200.0,,,,,
2021-02-03,42.0099983215332,42.130001068115234,41.77999877929688,41.86000061035156,3034600.0,,,,,
2021-02-04,42.209999084472656,42.209999084472656,41.88999938964844,42.040000915527344,2494900.0,,,,,
2021-02-05,42.209999084472656,42.290000915527344,42.0099983215332,42.18000030517578,2094200.0,,,,,
2021-02-08,42.68000030517578,42.77999877929688,42.52999877929688,42.59000015258789,2349200.0,,,,,
2021-02-09,42.52999877929688,42.68000030517578,42.45000076293945,42.470001220703125,4095600.0,,,,,
2021-02-10,42.540000915527344,42.84999847412109,42.40999984741211,42.84000015258789,5078500.0,,,,,
2021-02-11,43.0,43.06999969482422,42.83000183105469,43.0,2567500.0,,,,,
2021-02-12,43.0099983215332,43.09999847412109,42.93000030517578,43.0,1622300.0,,,,,
2021-02-16,42.91999816894531,43.11000061035156,42.869998931884766,43.04999923706055,2201300.0,,,,,
2021-02-17,43.09999847412109,43.130001068115234,42.810001373291016,42.90999984741211,2502800.0,,,,,
2021-02-18,42.959999084472656,42.970001220703125,42.63999938964844,42.790000915527344,2256000.0,,,,,
2021-02-19,42.72999954223633,42.91999816894531,42.66999816894531,42.77999877929688,3028000.0,,,,,
2021-02-22,41.91999816894531,42.18000030517578,41.790000915527344,41.900001525878906,3853400.0,,,,,
2021-02-23,42.36000061035156,42.41999816894531,41.83000183105469,42.119998931884766,4336900.0,,,,,
2021-02-24,42.77999877929688,42.77999877929688,42.27999877929688,42.54999923706055,3403400.0,,,,,
2021-02-25,42.040000915527344,42.93000030517578,41.9900016784668,42.75,5815300.0,,,,,
2021-02-26,41.02999877929688,41.150001525878906,40.52999877929688,40.900001525878906,10006000.0,,,,,
2021-03-01,42.040000915527344,42.130001068115234,41.65999984741211,41.68000030517578,4179400.0,,,,,
2021-03-02,42.43999862670898,42.59999847412109,42.220001220703125,42.59999847412109,4283500.0,,,,,
2021-03-03,42.790000915527344,43.18000030517578,42.77000045776367,43.02000045776367,5268200.0,,,,,
2021-03-04,42.369998931884766,43.33000183105469,42.22999954223633,43.0,6629000.0,,,,,
2021-03-05,42.59000015258789,42.790000915527344,42.08000183105469,42.68000030517578,5165900.0,,,,,
2021-03-08,42.25,42.77999877929688,42.25,42.650001525878906,4616600.0,,,,,
2021-03-09,43.09999847412109,43.2400016784668,42.790000915527344,42.88999938964844,3546700.0,,,,,
2021-03-10,43.2400016784668,43.2400016784668,42.95000076293945,43.220001220703125,3667100.0,,,,,
2021-03-11,43.790000915527344,43.84000015258789,43.5099983215332,43.56999969482422,3845900.0,,,,,
2021-03-12,42.869998931884766,42.97999954223633,42.7599983215332,42.81999969482422,4816900.0,,,,,
2021-03-15,42.72999954223633,42.810001373291016,42.40999984741211,42.540000915527344,2987000.0,,,,,
2021-03-16,43.08000183105469,43.130001068115234,42.91999816894531,43.04999923706055,3754100.0,,,,,
2021-03-17,42.540000915527344,42.84999847412109,42.04999923706055,42.11000061035156,4376300.0,,,,,
2021-03-18,41.369998931884766,41.7400016784668,41.36000061035156,41.52000045776367,5330500.0,,,,,
2021-03-19,42.459999084472656,42.4900016784668,42.040000915527344,42.22999954223633,6357800.0,,,,,
2021-03-22,42.54999923706055,42.75,42.27000045776367,42.56999969482422,3085200.0,,,,,
2021-03-23,42.27999877929688,42.65999984741211,42.27999877929688,42.54999923706055,2735000.0,,,,,
2021-03-24,41.84000015258789,42.0099983215332,41.790000915527344,41.880001068115234,2947800.0,,,,,
2021-03-25,41.5099983215332,41.58000183105469,41.11000061035156,41.150001525878906,4529100.0,,,,,
2021-03-26,42.52000045776367,42.54999923706055,41.68999862670898,41.900001525878906,4985500.0,,,,,
2021-03-29,42.04999923706055,42.25,41.959999084472656,42.150001525878906,3505800.0,,,,,
2021-03-30,41.970001220703125,42.11000061035156,41.81999969482422,42.060001373291016,4077200.0,,,,,
2021-03-31,42.18000030517578,42.20000076293945,41.86000061035156,41.86000061035156,2653500.0,,,,,
2021-04-01,42.380001068115234,42.5,42.27999877929688,42.45000076293945,4121300.0,,,,,
2021-04-05,41.95000076293945,42.02000045776367,41.63999938964844,42.02000045776367,5020400.0,,,,,
2021-04-06,42.060001373291016,42.11000061035156,41.86000061035156,41.88999938964844,2561500.0,,,,,
2021-04-07,41.68999862670898,41.79999923706055,41.560001373291016,41.790000915527344,4512600.0,,,,,
2021-04-08,41.95000076293945,42.04999923706055,41.88999938964844,42.04999923706055,2390900.0,,,,,
2021-04-09,41.68999862670898,41.83000183105469,41.61000061035156,41.77000045776367,2933000.0,,,,,
2021-04-12,40.15999984741211,40.380001068115234,40.06999969482422,40.380001068115234,3168800.0,,,,,
2021-04-13,40.43999862670898,40.58000183105469,40.2400016784668,40.43999862670898,5907500.0,,,,,
2021-04-14,40.90999984741211,41.150001525878906,40.790000915527344,40.91999816894531,4068900.0,,,,,
2021-04-15,41.09999847412109,41.11000061035156,40.77999877929688,41.0,8007900.0,,,,,
2021-04-16,41.18999862670898,41.27999877929688,41.02999877929688,41.209999084472656,4654800.0,,,,,
2021-04-19,40.16999816894531,40.380001068115234,40.06999969482422,40.34999847412109,5903800.0,,,,,
2021-04-20,39.52999877929688,39.9900016784668,39.38999938964844,39.880001068115234,10710500.0,,,,,
2021-04-21,39.61000061035156,39.68999862670898,39.130001068115234,39.209999084472656,4639600.0,,,,,
2021-04-22,39.79999923706055,40.290000915527344,39.68000030517578,40.18999862670898,3743100.0,,,,,
2021-04-23,40.04999923706055,40.15999984741211,39.91999816894531,40.11000061035156,5527000.0,,,,,
2021-04-26,40.63999938964844,40.65999984741211,40.2599983215332,40.34000015258789,5001000.0,,,,,
2021-04-27,41.09000015258789,41.09999847412109,40.95000076293945,41.08000183105469,3068800.0,,,,,
2021-04-28,41.56999969482422,41.810001373291016,41.22999954223633,41.45000076293945,5688500.0,,,,,
2021-04-29,41.68999862670898,41.77000045776367,41.380001068115234,41.7599983215332,4714200.0,,,,,
2021-04-30,41.02000045776367,41.38999938964844,40.93999862670898,41.25,5915900.0,,,,,
2021-05-03,41.52000045776367,41.63999938964844,41.380001068115234,41.38999938964844,4530100.0,,,,,
2021-05-04,40.970001220703125,41.040000915527344,40.650001525878906,40.93999862670898,5404300.0,,,,,
2021-05-05,41.68000030517578,41.75,41.54999923706055,41.619998931884766,3786700.0,,,,,
2021-05-06,42.20000076293945,42.25,41.79999923706055,41.93000030517578,5638700.0,,,,,
2021-05-07,42.7400016784668,42.77000045776367,42.31999969482422,42.4900016784668,4056700.0,,,,,
2021-05-10,42.33000183105469,42.7400016784668,42.29999923706055,42.7400016784668,3196200.0,,,,,
2021-05-11,42.40999984741211,42.4900016784668,42.0,42.0,3073400.0,,,,,
2021-05-12,41.310001373291016,42.02999877929688,41.29999923706055,41.9900016784668,6468700.0,,,,,
2021-05-13,41.90999984741211,41.97999954223633,41.630001068115234,41.66999816894531,4225800.0,,,,,
2021-05-14,42.43999862670898,42.5099983215332,42.09000015258789,42.15999984741211,3667800.0,,,,,
2021-05-17,42.869998931884766,42.91999816894531,42.54999923706055,42.68000030517578,4243600.0,,,,,
2021-05-18,43.150001525878906,43.33000183105469,43.130001068115234,43.150001525878906,2454100.0,,,,,
2021-05-19,43.20000076293945,43.25,42.77999877929688,42.77999877929688,3924900.0,,,,,
2021-05-20,43.20000076293945,43.25,43.09000015258789,43.130001068115234,2508500.0,,,,,
2021-05-21,43.09000015258789,43.540000915527344,43.040000915527344,43.540000915527344,3802000.0,,,,,
2021-05-24,43.59999847412109,43.68999862670898,43.34999847412109,43.38999938964844,2277700.0,,,,,
2021-05-25,43.56999969482422,43.7400016784668,43.52000045776367,43.65999984741211,2814800.0,,,,,
2021-05-26,44.06999969482422,44.15999984741211,43.83000183105469,43.90999984741211,2858100.0,,,,,
2021-05-27,44.25,44.369998931884766,44.15999984741211,44.27000045776367,3891800.0,,,,,
2021-05-28,44.27999877929688,44.4900016784668,44.2400016784668,44.27999877929688,3305700.0,,,,,
2021-06-01,44.68000030517578,44.77999877929688,44.61000061035156,44.77000045776367,3325700.0,,,,,
2021-06-02,45.02999877929688,45.060001373291016,44.7400016784668,44.79999923706055,4192400.0,,,,,
2021-06-03,44.970001220703125,45.060001373291016,44.790000915527344,44.84000015258789,3218100.0,,,,,
2021-06-04,45.380001068115234,45.38999938964844,45.27000045776367,45.34999847412109,1928800.0,,,,,
2021-06-07,45.38999938964844,45.43999862670898,45.2400016784668,45.43000030517578,2709800.0,,,,,
2021-06-08,45.33000183105469,45.43999862670898,45.18999862670898,45.41999816894531,2357300.0,,,,,
2021-06-09,45.13999938964844,45.25,45.11000061035156,45.13999938964844,4395200.0,,,,,
2021-06-10,45.310001373291016,45.40999984741211,45.18999862670898,45.29999923706055,2963800.0,,,,,
2021-06-11,45.209999084472656,45.380001068115234,45.09999847412109,45.380001068115234,2876200.0,,,,,
2021-06-14,45.20000076293945,45.38999938964844,45.15999984741211,45.209999084472656,1557300.0,,,,,
2021-06-15,45.0099983215332,45.25,44.970001220703125,45.25,1895200.0,,,,,
2021-06-16,44.5,45.09000015258789,44.369998931884766,44.91999816894531,4158000.0,,,,,
2021-06-17,44.36000061035156,44.5,44.18999862670898,44.36000061035156,4243600.0,,,,,
2021-06-18,43.97999954223633,44.150001525878906,43.88999938964844,44.150001525878906,3232800.0,,,,,
2021-06-21,44.58000183105469,44.61000061035156,44.209999084472656,44.31999969482422,1873300.0,,,,,
2021-06-22,44.459999084472656,44.52000045776367,44.2599983215332,44.36000061035156,2557300.0,,,,,
2021-06-23,44.25,44.52999877929688,44.22999954223633,44.369998931884766,2005900.0,,,,,
2021-06-24,44.43000030517578,44.5099983215332,44.31999969482422,44.5,2075800.0,,,,,
2021-06-25,44.459999084472656,44.650001525878906,44.369998931884766,44.63999938964844,2075700.0,,,,,
2021-06-28,44.59999847412109,44.630001068115234,44.47999954223633,44.56999969482422,1868300.0,,,,,
2026-06-03,,,,,,47.36000061035156,47.86029815673828,47.34000015258789,47.79999923706055,6295762.0
2026-06-04,,,,,,48.02000045776367,48.09000015258789,47.90499877929688,47.97999954223633,3511007.0
2026-06-05,,,,,,47.34000015258789,48.02999877929688,47.209999084472656,48.0099983215332,9482000.0
2026-06-08,,,,,,47.209999084472656,47.47499847412109,47.19499969482422,47.43000030517578,4554020.0
2026-06-09,,,,,,47.540000915527344,47.94499969482422,47.244998931884766,47.83000183105469,10304930.0
2026-06-10,,,,,,47.29999923706055,47.845001220703125,47.28070068359375,47.57500076293945,7612526.0
2026-06-11,,,,,,47.790000915527344,47.790000915527344,46.90499877929688,47.04999923706055,7799416.0
2026-06-12,,,,,,48.33000183105469,48.54999923706055,48.209999084472656,48.380001068115234,8014008.0
2026-06-15,,,,,,49.2599983215332,49.415000915527344,49.25,49.310001373291016,8766669.0
2026-06-16,,,,,,49.40999984741211,49.52000045776367,49.33000183105469,49.380001068115234,7935856.0
2026-06-17,,,,,,49.060001373291016,49.73500061035156,48.994998931884766,49.65999984741211,7302155.0
