Date,Close,High,Low,Open,Volume
2011-03-31,51.900001525878906,51.95000076293945,51.59000015258789,51.68999862670898,14200
2011-04-01,52.619998931884766,52.720001220703125,52.52999877929688,52.58000183105469,2900
2011-04-04,53.7400016784668,53.77999877929688,53.119998931884766,53.77999877929688,10500
2011-04-05,53.41999816894531,53.560001373291016,53.400001525878906,53.5,3700
2011-04-06,53.68999862670898,53.970001220703125,53.52999877929688,53.959999084472656,4700
2011-04-07,53.59000015258789,53.900001525878906,53.38999938964844,53.900001525878906,7400
2011-04-08,53.720001220703125,54.02000045776367,53.5099983215332,54.02000045776367,6300
2011-04-11,52.93000030517578,53.88999938964844,52.91999816894531,53.88999938964844,18500
2011-04-12,52.560001373291016,52.7400016784668,52.2599983215332,52.59000015258789,7200
2011-04-13,53.09000015258789,53.18999862670898,52.84999847412109,53.18999862670898,2000
2011-04-14,53.25,53.34999847412109,53.0099983215332,53.18999862670898,4700
2011-04-15,53.619998931884766,53.619998931884766,53.16999816894531,53.470001220703125,9700
2011-04-18,52.77999877929688,52.83000183105469,52.2400016784668,52.83000183105469,1900
2011-04-19,52.70000076293945,52.84999847412109,52.52000045776367,52.810001373291016,3900
2011-04-20,53.63999938964844,53.77999877929688,53.43999862670898,53.72999954223633,5300
2011-04-21,54.25,54.25,53.91999816894531,54.18999862670898,2200
2011-04-25,53.68999862670898,54.2599983215332,53.59000015258789,54.2599983215332,1000
2011-04-26,53.7400016784668,53.88999938964844,53.4900016784668,53.86000061035156,4300
2011-04-27,52.90999984741211,53.65999984741211,52.66999816894531,53.65999984741211,15100
2011-04-28,52.650001525878906,52.810001373291016,52.5,52.5,1000
2011-04-29,52.77999877929688,52.77999877929688,52.119998931884766,52.52000045776367,1800
2011-05-02,53.0099983215332,53.34000015258789,52.91999816894531,53.34000015258789,5600
2011-05-03,51.650001525878906,52.27999877929688,51.61000061035156,52.20000076293945,6600
2011-05-04,51.06999969482422,51.18000030517578,50.880001068115234,51.13999938964844,2000
2011-05-05,50.84999847412109,50.84999847412109,50.720001220703125,50.720001220703125,400
2011-05-06,51.02000045776367,51.81999969482422,51.02000045776367,51.81999969482422,7700
2011-05-09,51.59999847412109,51.790000915527344,51.18999862670898,51.36000061035156,27000
2011-05-10,51.810001373291016,51.86000061035156,51.72999954223633,51.72999954223633,4900
2011-05-11,50.86000061035156,51.7599983215332,50.86000061035156,51.7599983215332,2100
2011-05-12,50.97999954223633,50.97999954223633,50.97999954223633,50.97999954223633,100
2011-05-13,50.75,51.29999923706055,50.63999938964844,51.29999923706055,2000
2011-05-16,50.93000030517578,51.310001373291016,50.84000015258789,50.880001068115234,1500
2011-05-17,50.709999084472656,51.13999938964844,50.58000183105469,51.13999938964844,5700
2011-05-18,52.02999877929688,52.02999877929688,51.209999084472656,51.209999084472656,900
2011-05-19,51.7599983215332,52.150001525878906,51.63999938964844,52.150001525878906,6500
2011-05-20,51.470001220703125,51.59000015258789,51.33000183105469,51.45000076293945,4200
2011-05-23,50.09000015258789,50.29999923706055,50.09000015258789,50.29999923706055,3200
2011-05-24,50.52000045776367,50.93000030517578,50.36000061035156,50.88999938964844,12700
2011-05-25,50.86000061035156,50.88999938964844,50.41999816894531,50.41999816894531,5400
2011-05-26,50.88999938964844,50.95000076293945,50.56999969482422,50.95000076293945,2100
2011-05-27,51.27999877929688,51.40999984741211,51.25,51.40999984741211,4800
2011-05-31,52.41999816894531,52.41999816894531,52.15999984741211,52.380001068115234,1400
2011-06-01,51.65999984741211,52.369998931884766,51.65999984741211,52.369998931884766,1300
2011-06-02,51.83000183105469,51.83000183105469,51.369998931884766,51.47999954223633,14600
2011-06-03,50.95000076293945,51.15999984741211,50.93999862670898,51.0,2400
2011-06-06,50.61000061035156,50.77999877929688,50.61000061035156,50.77999877929688,400
2011-06-07,50.91999816894531,51.119998931884766,50.86000061035156,51.11000061035156,1500
2011-06-08,50.09999847412109,50.470001220703125,50.09999847412109,50.34999847412109,1200
2011-06-09,50.40999984741211,50.43999862670898,49.720001220703125,50.130001068115234,5100
2011-06-10,49.29999923706055,49.86000061035156,48.970001220703125,49.86000061035156,2600
2011-06-13,48.970001220703125,49.38999938964844,48.869998931884766,49.38999938964844,144700
2011-06-14,49.65999984741211,49.93999862670898,49.65999984741211,49.68000030517578,10900
2011-06-15,48.709999084472656,49.380001068115234,48.59999847412109,49.380001068115234,9100
2011-06-16,48.52000045776367,48.880001068115234,48.27000045776367,48.47999954223633,7100
2011-06-17,48.459999084472656,48.84999847412109,48.43999862670898,48.84999847412109,3100
2011-06-20,48.38999938964844,48.38999938964844,48.25,48.29999923706055,700
2011-06-21,49.29999923706055,49.33000183105469,48.869998931884766,48.869998931884766,3700
2011-06-22,47.90999984741211,48.130001068115234,47.90999984741211,47.91999816894531,2000
2011-06-23,47.29999923706055,47.380001068115234,46.959999084472656,47.060001373291016,4400
2011-06-24,48.380001068115234,48.77000045776367,48.34999847412109,48.77000045776367,1000
2011-06-27,49.220001220703125,49.220001220703125,48.77000045776367,48.79999923706055,5200
2011-06-28,49.43000030517578,49.560001373291016,49.0,49.0,3000
2011-06-29,49.4900016784668,49.4900016784668,49.04999923706055,49.18000030517578,2400
2011-06-30,49.970001220703125,49.970001220703125,49.959999084472656,49.959999084472656,400
2011-07-01,50.630001068115234,50.630001068115234,50.130001068115234,50.52999877929688,6900
2011-07-05,50.66999816894531,50.720001220703125,50.630001068115234,50.720001220703125,2400
2011-07-06,49.880001068115234,50.33000183105469,49.880001068115234,50.33000183105469,2600
2011-07-07,50.72999954223633,50.72999954223633,50.72999954223633,50.72999954223633,500
2011-07-08,49.88999938964844,49.88999938964844,49.88999938964844,49.88999938964844,100
2011-07-11,48.880001068115234,49.40999984741211,48.880001068115234,49.220001220703125,700
2011-07-12,48.40999984741211,48.59999847412109,48.40999984741211,48.40999984741211,900
2011-07-13,49.2400016784668,49.5099983215332,49.2400016784668,49.5099983215332,2000
2011-07-14,48.81999969482422,48.97999954223633,48.68999862670898,48.97999954223633,1000
2011-07-15,48.83000183105469,49.0099983215332,48.83000183105469,49.0099983215332,300
2011-07-18,48.630001068115234,48.70000076293945,48.290000915527344,48.59999847412109,3600
2011-07-19,49.0,49.04999923706055,48.88999938964844,48.91999816894531,600
2011-07-20,49.22999954223633,49.22999954223633,49.06999969482422,49.15999984741211,2500
2011-07-21,49.54999923706055,49.54999923706055,49.36000061035156,49.36000061035156,400
2011-07-22,49.93000030517578,49.93000030517578,49.79999923706055,49.79999923706055,700
2011-07-25,49.47999954223633,49.47999954223633,49.13999938964844,49.13999938964844,1200
2011-07-26,49.619998931884766,49.7400016784668,49.619998931884766,49.7400016784668,400
2011-07-27,49.09999847412109,49.52000045776367,49.09999847412109,49.52000045776367,600
2011-07-28,49.54999923706055,49.619998931884766,49.29999923706055,49.47999954223633,17300
2011-07-29,49.619998931884766,49.619998931884766,49.619998931884766,49.619998931884766,200
2011-08-01,48.970001220703125,50.0,48.83000183105469,50.0,3100
2011-08-02,48.63999938964844,48.810001373291016,48.33000183105469,48.810001373291016,5000
2011-08-03,47.72999954223633,47.72999954223633,47.31999969482422,47.470001220703125,32400
2011-08-04,46.38999938964844,47.0,45.93999862670898,47.0,7600
2011-08-05,45.0,45.459999084472656,43.5,45.13999938964844,30100
2011-08-08,41.90999984741211,44.15999984741211,41.90999984741211,43.66999816894531,3000
2011-08-09,43.29999923706055,43.43000030517578,42.02999877929688,42.7599983215332,11800
2011-08-10,42.040000915527344,42.84000015258789,42.040000915527344,42.59999847412109,3900
2011-08-11,42.59000015258789,42.79999923706055,42.2599983215332,42.2599983215332,68000
2011-08-12,43.20000076293945,43.380001068115234,43.04999923706055,43.380001068115234,2200
2011-08-15,44.59999847412109,44.59999847412109,44.130001068115234,44.34999847412109,4900
2011-08-16,44.400001525878906,44.5099983215332,44.22999954223633,44.45000076293945,6700
2011-08-17,44.400001525878906,44.400001525878906,44.400001525878906,44.400001525878906,0
2011-08-18,44.400001525878906,44.400001525878906,44.400001525878906,44.400001525878906,0
2011-08-19,42.2599983215332,42.68999862670898,42.220001220703125,42.220001220703125,3400
2011-08-22,41.63999938964844,42.04999923706055,41.45000076293945,42.04999923706055,4200
2011-08-23,42.65999984741211,42.65999984741211,41.790000915527344,42.04999923706055,1400
2011-08-24,42.29999923706055,42.54999923706055,42.060001373291016,42.11000061035156,4200
2011-08-25,42.15999984741211,42.88999938964844,41.97999954223633,42.88999938964844,4500
2011-08-26,42.45000076293945,42.45000076293945,41.369998931884766,41.560001373291016,2400
2011-08-29,43.56999969482422,43.58000183105469,43.27000045776367,43.27000045776367,900
2011-08-30,43.84999847412109,43.88999938964844,43.38999938964844,43.70000076293945,1500
2011-08-31,44.619998931884766,44.79999923706055,44.400001525878906,44.650001525878906,8900
2011-09-01,44.54999923706055,44.54999923706055,44.54999923706055,44.54999923706055,500
2011-09-02,43.400001525878906,43.650001525878906,43.400001525878906,43.650001525878906,1900
2011-09-06,42.75,42.88999938964844,41.959999084472656,42.08000183105469,11100
2011-09-07,42.75,42.75,42.75,42.75,0
2011-09-08,42.75,42.75,42.75,42.75,0
2011-09-09,41.7599983215332,41.7599983215332,41.7599983215332,41.7599983215332,200
2011-09-12,41.209999084472656,41.36000061035156,40.59000015258789,41.18000030517578,4800
2011-09-13,41.2599983215332,41.2599983215332,41.2599983215332,41.2599983215332,200
2011-09-14,41.22999954223633,41.22999954223633,40.7599983215332,41.0099983215332,2600
2011-09-15,41.54999923706055,41.54999923706055,41.54999923706055,41.54999923706055,200
2011-09-16,41.790000915527344,41.790000915527344,41.790000915527344,41.790000915527344,100
2011-09-19,40.59000015258789,40.59000015258789,40.59000015258789,40.59000015258789,1100
2011-09-20,40.470001220703125,40.470001220703125,40.470001220703125,40.470001220703125,100
2011-09-21,39.58000183105469,39.93000030517578,39.58000183105469,39.93000030517578,2600
2011-09-22,36.33000183105469,37.22999954223633,36.15999984741211,37.22999954223633,6200
2011-09-23,37.0,37.150001525878906,36.59999847412109,36.59999847412109,5200
2011-09-26,36.5,36.5,35.900001525878906,35.900001525878906,2100
2011-09-27,38.2400016784668,38.790000915527344,38.150001525878906,38.29999923706055,1900
2011-09-28,37.72999954223633,38.2400016784668,37.560001373291016,38.2400016784668,900
2011-09-29,37.61000061035156,38.15999984741211,37.56999969482422,38.15999984741211,5600
2011-09-30,36.11000061035156,36.95000076293945,35.9900016784668,36.95000076293945,5200
2011-10-03,34.849998474121094,34.97999954223633,34.849998474121094,34.900001525878906,3000
2011-10-04,33.439998626708984,33.83000183105469,33.439998626708984,33.83000183105469,700
2011-10-05,35.5,35.5,35.06999969482422,35.06999969482422,600
2011-10-06,36.209999084472656,36.209999084472656,36.209999084472656,36.209999084472656,100
2011-10-07,36.41999816894531,37.29999923706055,36.41999816894531,37.29999923706055,2200
2011-10-10,38.060001373291016,38.060001373291016,37.72999954223633,37.72999954223633,2200
2011-10-11,38.869998931884766,38.869998931884766,37.97999954223633,37.97999954223633,2100
2011-10-12,40.40999984741211,40.41999816894531,40.040000915527344,40.040000915527344,1300
2011-10-13,39.709999084472656,39.709999084472656,39.709999084472656,39.709999084472656,300
2011-10-14,40.18999862670898,40.18999862670898,40.18999862670898,40.18999862670898,100
2011-10-17,39.369998931884766,40.04999923706055,39.22999954223633,40.04999923706055,3600
2011-10-18,38.11000061035156,38.70000076293945,38.11000061035156,38.70000076293945,1800
2011-10-19,39.119998931884766,39.29999923706055,38.63999938964844,38.63999938964844,87800
2011-10-20,37.31999969482422,37.31999969482422,37.31999969482422,37.31999969482422,1100
2011-10-21,37.31999969482422,37.31999969482422,37.31999969482422,37.31999969482422,0
2011-10-24,40.81999969482422,40.9900016784668,39.709999084472656,39.709999084472656,2300
2011-10-25,40.369998931884766,40.63999938964844,40.220001220703125,40.43000030517578,3100
2011-10-26,40.720001220703125,41.33000183105469,40.720001220703125,41.33000183105469,5200
2011-10-27,43.7599983215332,44.56999969482422,42.970001220703125,43.02999877929688,6100
2011-10-28,43.68000030517578,43.81999969482422,43.5,43.59999847412109,1800
2011-10-31,41.84000015258789,42.52000045776367,41.84000015258789,42.43000030517578,5000
2011-11-01,41.150001525878906,41.150001525878906,40.36000061035156,40.36000061035156,900
2011-11-02,42.72999954223633,42.72999954223633,42.65999984741211,42.68000030517578,800
2011-11-03,43.43000030517578,43.7599983215332,43.13999938964844,43.13999938964844,5900
2011-11-04,42.40999984741211,43.18000030517578,42.40999984741211,43.18000030517578,200
2011-11-07,43.59999847412109,43.59999847412109,42.83000183105469,43.459999084472656,14600
2011-11-08,43.08000183105469,43.45000076293945,43.060001373291016,43.41999816894531,1200
2011-11-09,41.43000030517578,42.43000030517578,41.310001373291016,42.27999877929688,12400
2011-11-10,41.959999084472656,42.13999938964844,41.5,42.13999938964844,2400
2011-11-11,42.27999877929688,42.34000015258789,42.08000183105469,42.08000183105469,1400
2011-11-14,41.7599983215332,41.84000015258789,41.7599983215332,41.84000015258789,1100
2011-11-15,42.63999938964844,42.84000015258789,42.45000076293945,42.5,6500
2011-11-16,41.61000061035156,41.86000061035156,41.61000061035156,41.66999816894531,4600
2011-11-17,39.93000030517578,41.47999954223633,39.93000030517578,41.2400016784668,8500
2011-11-18,40.13999938964844,40.34000015258789,40.13999938964844,40.34000015258789,1200
2011-11-21,39.060001373291016,39.060001373291016,38.65999984741211,38.65999984741211,1000
2011-11-22,38.72999954223633,38.72999954223633,38.72999954223633,38.72999954223633,300
2011-11-23,38.27000045776367,38.650001525878906,38.2599983215332,38.650001525878906,341100
2011-11-25,38.41999816894531,38.58000183105469,38.41999816894531,38.58000183105469,900
2011-11-28,39.27999877929688,39.709999084472656,39.27999877929688,39.630001068115234,700
2011-11-29,39.70000076293945,39.91999816894531,39.70000076293945,39.900001525878906,400
2011-11-30,41.70000076293945,41.83000183105469,41.70000076293945,41.72999954223633,20900
2011-12-01,41.84999847412109,42.119998931884766,41.7400016784668,41.7400016784668,1100
2011-12-02,41.84999847412109,41.84999847412109,41.84999847412109,41.84999847412109,0
2011-12-05,41.77999877929688,42.369998931884766,41.77999877929688,41.93999862670898,17400
2011-12-06,41.900001525878906,41.93000030517578,41.43000030517578,41.459999084472656,10900
2011-12-07,41.61000061035156,41.63999938964844,41.209999084472656,41.34999847412109,18000
2011-12-08,40.619998931884766,41.36000061035156,40.52999877929688,41.15999984741211,3300
2011-12-09,41.18999862670898,41.220001220703125,41.040000915527344,41.040000915527344,1700
2011-12-12,39.59999847412109,40.02999877929688,39.59999847412109,40.02999877929688,1300
2011-12-13,39.5,40.43000030517578,39.5,40.43000030517578,800
2011-12-14,39.18000030517578,39.369998931884766,39.18000030517578,39.33000183105469,1400
2011-12-15,39.150001525878906,39.150001525878906,39.150001525878906,39.150001525878906,20200
2011-12-16,39.56999969482422,39.91999816894531,39.56999969482422,39.7599983215332,1290300
2011-12-19,39.130001068115234,39.68999862670898,39.130001068115234,39.68999862670898,300
2011-12-20,40.130001068115234,40.130001068115234,39.86000061035156,39.86000061035156,2200
2011-12-21,39.959999084472656,39.959999084472656,39.20000076293945,39.310001373291016,4000
2011-12-22,40.459999084472656,40.63999938964844,40.209999084472656,40.209999084472656,11400
2011-12-23,40.68000030517578,40.68000030517578,40.380001068115234,40.54999923706055,5500
2011-12-27,40.20000076293945,40.20000076293945,40.20000076293945,40.20000076293945,1700
2011-12-28,39.7400016784668,39.97999954223633,39.7400016784668,39.97999954223633,2100
2011-12-29,39.91999816894531,40.02000045776367,39.84000015258789,39.84000015258789,3200
2011-12-30,40.22999954223633,40.2400016784668,39.9900016784668,39.9900016784668,6200
2012-01-03,41.04999923706055,41.29999923706055,40.810001373291016,41.0,2300
2012-01-04,41.04999923706055,41.04999923706055,41.04999923706055,41.04999923706055,0
2012-01-05,41.11000061035156,41.11000061035156,40.58000183105469,40.58000183105469,28400
2012-01-06,40.15999984741211,40.61000061035156,40.15999984741211,40.61000061035156,2600
2012-01-09,40.81999969482422,41.040000915527344,40.81999969482422,40.90999984741211,600
2012-01-10,41.9900016784668,42.25,41.9900016784668,42.02999877929688,25400
2012-01-11,42.040000915527344,42.040000915527344,41.84000015258789,41.95000076293945,608800
2012-01-12,41.869998931884766,42.25,41.869998931884766,42.25,15300
2012-01-13,41.79999923706055,41.93999862670898,41.459999084472656,41.75,9400
2012-01-17,42.75,43.04999923706055,42.75,43.04999923706055,3600
2012-01-18,43.47999954223633,43.47999954223633,42.900001525878906,42.93999862670898,827100
2012-01-19,44.119998931884766,44.209999084472656,43.93999862670898,44.08000183105469,12300
2012-01-20,44.02999877929688,44.02999877929688,43.75,43.7599983215332,10600
2012-01-23,44.540000915527344,44.619998931884766,44.38999938964844,44.54999923706055,49400
2012-01-24,44.43000030517578,44.54999923706055,44.40999984741211,44.43000030517578,44000
2012-01-25,44.72999954223633,44.810001373291016,44.34999847412109,44.34999847412109,60300
2012-01-26,44.59999847412109,45.380001068115234,44.59999847412109,45.15999984741211,5900
2012-01-27,45.11000061035156,45.11000061035156,44.619998931884766,44.72999954223633,169100
2012-01-30,43.880001068115234,43.880001068115234,43.34999847412109,43.84999847412109,1145500
2012-01-31,44.18000030517578,44.43000030517578,43.93999862670898,44.43000030517578,505500
2012-02-01,44.97999954223633,45.310001373291016,44.86000061035156,44.86000061035156,38300
2012-02-02,45.22999954223633,45.68000030517578,45.150001525878906,45.560001373291016,861300
2012-02-03,45.95000076293945,46.13999938964844,45.95000076293945,46.02000045776367,36600
2012-02-06,45.310001373291016,45.45000076293945,45.150001525878906,45.220001220703125,203700
2012-02-07,45.29999923706055,45.33000183105469,45.29999923706055,45.33000183105469,400
2012-02-08,46.310001373291016,46.310001373291016,45.880001068115234,46.09999847412109,8000
2012-02-09,46.27000045776367,46.4900016784668,46.040000915527344,46.369998931884766,6000
2012-02-10,44.790000915527344,45.22999954223633,44.790000915527344,45.22999954223633,5500
2012-02-13,45.5099983215332,45.59999847412109,45.33000183105469,45.56999969482422,11500
2012-02-14,45.18999862670898,45.4900016784668,45.060001373291016,45.4900016784668,13500
2012-02-15,45.97999954223633,46.34000015258789,45.880001068115234,46.150001525878906,7900
2012-02-16,46.54999923706055,46.54999923706055,46.09999847412109,46.09999847412109,379700
2012-02-17,46.61000061035156,46.790000915527344,46.29999923706055,46.790000915527344,522200
2012-02-21,46.2599983215332,46.560001373291016,46.040000915527344,46.52999877929688,77700
2012-02-22,46.75,46.75,46.5099983215332,46.56999969482422,2800
2012-02-23,46.540000915527344,46.540000915527344,46.47999954223633,46.47999954223633,600
2012-02-24,46.810001373291016,46.93000030517578,46.61000061035156,46.72999954223633,24800
2012-02-27,46.36000061035156,46.36000061035156,46.0,46.0,7600
2012-02-28,46.869998931884766,46.880001068115234,46.59999847412109,46.68000030517578,3700
2012-02-29,46.720001220703125,47.220001220703125,46.720001220703125,47.02999877929688,10400
2012-03-01,46.86000061035156,46.959999084472656,46.5,46.54999923706055,53000
2012-03-02,46.75,46.91999816894531,46.70000076293945,46.70000076293945,63400
2012-03-05,45.77000045776367,46.40999984741211,45.68000030517578,46.40999984741211,5400
2012-03-06,44.040000915527344,44.15999984741211,43.90999984741211,44.060001373291016,6200
2012-03-07,44.34999847412109,44.5099983215332,44.22999954223633,44.400001525878906,324900
2012-03-08,45.43999862670898,45.459999084472656,45.22999954223633,45.459999084472656,177900
2012-03-09,45.970001220703125,45.97999954223633,45.70000076293945,45.70000076293945,1200
2012-03-12,45.59000015258789,45.790000915527344,45.59000015258789,45.77000045776367,357600
2012-03-13,46.81999969482422,46.84999847412109,45.97999954223633,46.09000015258789,493300
2012-03-14,45.59999847412109,46.40999984741211,45.59999847412109,46.209999084472656,28800
2012-03-15,45.93000030517578,45.93000030517578,45.59000015258789,45.61000061035156,528200
2012-03-16,45.91999816894531,46.150001525878906,45.75,45.93999862670898,26600
2012-03-19,45.040000915527344,45.20000076293945,44.9900016784668,45.040000915527344,9900
2012-03-20,44.15999984741211,44.15999984741211,43.900001525878906,43.90999984741211,7400
2012-03-21,44.130001068115234,44.25,43.79999923706055,43.970001220703125,517100
2012-03-22,43.630001068115234,43.880001068115234,43.400001525878906,43.790000915527344,24500
2012-03-23,43.810001373291016,43.84999847412109,43.52999877929688,43.54999923706055,451400
2012-03-26,44.22999954223633,44.22999954223633,44.0,44.130001068115234,200700
2012-03-27,44.22999954223633,44.5,44.18000030517578,44.5,49200
2012-03-28,43.54999923706055,43.93999862670898,43.33000183105469,43.93999862670898,42800
2012-03-29,42.970001220703125,42.970001220703125,42.52000045776367,42.93000030517578,390000
2012-03-30,43.52000045776367,43.720001220703125,43.40999984741211,43.720001220703125,1387500
2012-04-02,44.09999847412109,44.2400016784668,43.38999938964844,43.38999938964844,28100
2012-04-03,44.119998931884766,44.4900016784668,43.970001220703125,44.38999938964844,37300
2012-04-04,43.63999938964844,43.709999084472656,43.22999954223633,43.43999862670898,114100
2012-04-05,44.36000061035156,44.36000061035156,43.68000030517578,43.68000030517578,29200
2012-04-09,43.58000183105469,43.68000030517578,43.5,43.59000015258789,599500
2012-04-10,42.810001373291016,43.43000030517578,42.650001525878906,43.43000030517578,14500
2012-04-11,43.310001373291016,43.38999938964844,43.0099983215332,43.34999847412109,121800
2012-04-12,44.79999923706055,44.79999923706055,43.61000061035156,43.61000061035156,22500
2012-04-13,44.45000076293945,44.66999816894531,44.18999862670898,44.66999816894531,42500
2012-04-16,43.9900016784668,44.2400016784668,43.93999862670898,44.2400016784668,20700
2012-04-17,44.70000076293945,44.70000076293945,44.09000015258789,44.310001373291016,315700
2012-04-18,44.65999984741211,44.77000045776367,44.459999084472656,44.459999084472656,10600
2012-04-19,44.47999954223633,44.900001525878906,44.43000030517578,44.900001525878906,12700
2012-04-20,44.97999954223633,45.29999923706055,44.93000030517578,45.16999816894531,22000
2012-04-23,43.959999084472656,44.06999969482422,43.56999969482422,44.0,1468000
2012-04-24,44.04999923706055,44.36000061035156,44.04999923706055,44.220001220703125,42500
2012-04-25,44.34999847412109,44.470001220703125,44.33000183105469,44.33000183105469,4200
2012-04-26,44.95000076293945,44.95000076293945,44.650001525878906,44.70000076293945,17000
2012-04-27,45.0099983215332,45.0099983215332,44.70000076293945,44.900001525878906,86900
2012-04-30,44.84999847412109,45.130001068115234,44.79999923706055,45.130001068115234,18000
2012-05-01,45.380001068115234,45.77000045776367,44.77999877929688,44.77999877929688,51800
2012-05-02,45.380001068115234,45.380001068115234,44.869998931884766,45.2599983215332,45000
2012-05-03,45.13999938964844,45.41999816894531,45.02999877929688,45.310001373291016,38000
2012-05-04,44.459999084472656,44.52000045776367,44.38999938964844,44.40999984741211,27300
2012-05-07,44.08000183105469,44.2599983215332,44.08000183105469,44.2400016784668,19000
2012-05-08,43.31999969482422,43.5099983215332,43.02000045776367,43.5099983215332,34100
2012-05-09,42.91999816894531,42.97999954223633,42.47999954223633,42.77000045776367,8100
2012-05-10,42.59000015258789,42.869998931884766,42.59000015258789,42.84999847412109,3200
2012-05-11,42.31999969482422,42.65999984741211,42.18000030517578,42.290000915527344,39000
2012-05-14,41.36000061035156,41.560001373291016,41.290000915527344,41.540000915527344,1490800
2012-05-15,41.220001220703125,41.619998931884766,41.220001220703125,41.470001220703125,90000
2012-05-16,40.470001220703125,40.959999084472656,40.41999816894531,40.7400016784668,1038400
2012-05-17,39.84000015258789,40.540000915527344,39.84000015258789,40.380001068115234,66100
2012-05-18,39.630001068115234,40.060001373291016,39.58000183105469,40.060001373291016,17400
2012-05-21,40.38999938964844,40.38999938964844,39.83000183105469,39.83000183105469,128200
2012-05-22,40.34999847412109,40.75,40.0,40.619998931884766,359600
2012-05-23,40.04999923706055,40.04999923706055,39.400001525878906,39.77999877929688,50000
2012-05-24,39.61000061035156,40.20000076293945,39.27000045776367,40.20000076293945,183600
2012-05-25,39.43000030517578,39.59000015258789,39.220001220703125,39.34999847412109,13800
2012-05-29,40.77000045776367,40.95000076293945,40.54999923706055,40.720001220703125,130100
2012-05-30,40.310001373291016,40.38999938964844,40.13999938964844,40.25,73000
2012-05-31,40.59999847412109,40.72999954223633,40.400001525878906,40.5,15900
2012-06-01,39.66999816894531,39.79999923706055,39.59999847412109,39.75,52300
2012-06-04,39.470001220703125,39.58000183105469,39.130001068115234,39.47999954223633,34300
2012-06-05,39.4900016784668,39.540000915527344,39.209999084472656,39.52999877929688,27100
2012-06-06,40.5099983215332,40.5099983215332,39.900001525878906,39.90999984741211,78300
2012-06-07,40.9900016784668,41.75,40.88999938964844,41.75,250300
2012-06-08,40.150001525878906,40.34999847412109,39.93999862670898,40.18999862670898,137800
2012-06-11,40.11000061035156,40.810001373291016,40.02000045776367,40.810001373291016,72500
2012-06-12,41.040000915527344,41.040000915527344,40.43999862670898,40.68999862670898,28600
2012-06-13,40.88999938964844,41.38999938964844,40.88999938964844,40.93999862670898,29900
2012-06-14,41.06999969482422,41.150001525878906,40.61000061035156,40.810001373291016,33700
2012-06-15,41.650001525878906,41.720001220703125,41.47999954223633,41.54999923706055,10800
2012-06-18,42.0099983215332,42.09000015258789,41.810001373291016,41.81999969482422,207700
2012-06-19,42.4900016784668,42.68000030517578,42.2400016784668,42.2400016784668,27300
2012-06-20,42.220001220703125,42.45000076293945,41.95000076293945,42.45000076293945,73100
2012-06-21,39.63999938964844,40.77000045776367,39.61000061035156,40.77000045776367,82400
2012-06-22,39.77000045776367,39.959999084472656,39.54999923706055,39.959999084472656,12500
2012-06-25,38.900001525878906,39.400001525878906,38.70000076293945,39.400001525878906,328400
2012-06-26,39.25,39.59000015258789,39.130001068115234,39.59000015258789,394300
2012-06-27,39.95000076293945,39.95000076293945,39.81999969482422,39.90999984741211,37200
2012-06-28,39.5,39.5,39.220001220703125,39.41999816894531,12300
2012-06-29,40.90999984741211,40.90999984741211,40.5,40.52000045776367,50300
2012-07-02,40.959999084472656,41.06999969482422,40.720001220703125,40.93000030517578,34300
2012-07-03,41.59000015258789,41.59000015258789,41.0,41.0,118800
2012-07-05,41.369998931884766,41.52999877929688,41.16999816894531,41.16999816894531,126600
2012-07-06,40.709999084472656,40.88999938964844,40.400001525878906,40.88999938964844,857100
2012-07-09,40.18000030517578,40.40999984741211,40.04999923706055,40.40999984741211,57200
2012-07-10,39.52999877929688,40.5,39.369998931884766,40.5,1242700
2012-07-11,39.86000061035156,40.02999877929688,39.650001525878906,39.97999954223633,150300
2012-07-12,39.290000915527344,39.369998931884766,38.959999084472656,39.18000030517578,50900
2012-07-13,39.790000915527344,39.88999938964844,39.459999084472656,39.459999084472656,243500
2012-07-16,39.720001220703125,39.790000915527344,39.33000183105469,39.5099983215332,299800
2012-07-17,40.41999816894531,40.52999877929688,39.63999938964844,40.0,185700
2012-07-18,40.11000061035156,40.18999862670898,39.61000061035156,39.61000061035156,66000
2012-07-19,40.59999847412109,40.68000030517578,40.29999923706055,40.41999816894531,27400
2012-07-20,39.88999938964844,40.310001373291016,39.7599983215332,40.27999877929688,104700
2012-07-23,39.38999938964844,39.38999938964844,38.84000015258789,38.970001220703125,41200
2012-07-24,39.15999984741211,39.2400016784668,38.90999984741211,39.2400016784668,294600
2012-07-25,39.02999877929688,39.290000915527344,38.91999816894531,39.25,287900
2012-07-26,39.77999877929688,39.77999877929688,39.52000045776367,39.58000183105469,39900
2012-07-27,40.869998931884766,40.97999954223633,40.0099983215332,40.08000183105469,246800
2012-07-30,40.5099983215332,40.75,40.369998931884766,40.40999984741211,42900
2012-07-31,40.75,41.02999877929688,40.75,40.88999938964844,48100
2012-08-01,40.91999816894531,41.16999816894531,40.86000061035156,41.11000061035156,44500
2012-08-02,40.459999084472656,40.72999954223633,40.220001220703125,40.43999862670898,114700
2012-08-03,41.43000030517578,41.5,41.16999816894531,41.18999862670898,69900
2012-08-06,41.61000061035156,41.869998931884766,41.540000915527344,41.560001373291016,41400
2012-08-07,41.880001068115234,42.040000915527344,41.79999923706055,41.83000183105469,28300
2012-08-08,41.77000045776367,41.97999954223633,41.68000030517578,41.72999954223633,40900
2012-08-09,41.97999954223633,42.27999877929688,41.93999862670898,42.0,34000
2012-08-10,41.900001525878906,41.9900016784668,41.66999816894531,41.66999816894531,43800
2012-08-13,41.540000915527344,41.650001525878906,41.31999969482422,41.61000061035156,33300
2012-08-14,41.56999969482422,41.810001373291016,41.56999969482422,41.720001220703125,19700
2012-08-15,41.5099983215332,41.560001373291016,41.400001525878906,41.400001525878906,10300
2012-08-16,41.369998931884766,41.45000076293945,41.22999954223633,41.290000915527344,173400
2012-08-17,41.40999984741211,41.45000076293945,41.2599983215332,41.45000076293945,27600
2012-08-20,41.400001525878906,41.47999954223633,41.150001525878906,41.29999923706055,42800
2012-08-21,41.2599983215332,41.61000061035156,41.18000030517578,41.5099983215332,107000
2012-08-22,41.13999938964844,41.20000076293945,40.810001373291016,40.900001525878906,49000
2012-08-23,41.02999877929688,41.27000045776367,40.970001220703125,41.25,55100
2012-08-24,40.84999847412109,40.959999084472656,40.54999923706055,40.84000015258789,59100
2012-08-27,40.380001068115234,40.709999084472656,40.22999954223633,40.709999084472656,38100
2012-08-28,40.31999969482422,40.4900016784668,40.22999954223633,40.34000015258789,158100
2012-08-29,40.2400016784668,40.33000183105469,40.130001068115234,40.27000045776367,163800
2012-08-30,39.58000183105469,39.900001525878906,39.54999923706055,39.900001525878906,333100
2012-08-31,39.75,39.970001220703125,39.63999938964844,39.810001373291016,71800
2012-09-04,39.36000061035156,39.54999923706055,39.209999084472656,39.540000915527344,291900
2012-09-05,38.91999816894531,39.08000183105469,38.790000915527344,39.08000183105469,58300
2012-09-06,39.7599983215332,39.81999969482422,39.33000183105469,39.33000183105469,42800
2012-09-07,40.720001220703125,40.790000915527344,40.47999954223633,40.54999923706055,561400
2012-09-10,40.2599983215332,40.59000015258789,40.20000076293945,40.43000030517578,236900
2012-09-11,40.61000061035156,40.7400016784668,40.45000076293945,40.459999084472656,130400
2012-09-12,40.970001220703125,41.0,40.79999923706055,40.810001373291016,147700
2012-09-13,41.970001220703125,42.2400016784668,40.7400016784668,40.869998931884766,450600
2012-09-14,42.5099983215332,42.869998931884766,42.27999877929688,42.52000045776367,121100
2012-09-17,41.970001220703125,42.2400016784668,41.90999984741211,42.2400016784668,545000
2012-09-18,41.810001373291016,41.93000030517578,41.709999084472656,41.880001068115234,90800
2012-09-19,42.25,42.38999938964844,42.02999877929688,42.15999984741211,163700
2012-09-20,41.7400016784668,41.84000015258789,41.56999969482422,41.84000015258789,655800
2012-09-21,42.02999877929688,42.25,41.97999954223633,42.25,160000
2012-09-24,42.0,42.09000015258789,41.77000045776367,41.84000015258789,97700
2012-09-25,41.43999862670898,42.130001068115234,41.43999862670898,41.9900016784668,92200
2012-09-26,41.08000183105469,41.31999969482422,40.970001220703125,41.119998931884766,49100
2012-09-27,42.11000061035156,42.11000061035156,41.68999862670898,41.86000061035156,82900
2012-09-28,42.0,42.15999984741211,41.900001525878906,42.150001525878906,130000
2012-10-01,42.36000061035156,42.75,42.20000076293945,42.29999923706055,58400
2012-10-02,42.380001068115234,42.59000015258789,42.20000076293945,42.459999084472656,41700
2012-10-03,42.33000183105469,42.4900016784668,42.16999816894531,42.380001068115234,459100
2012-10-04,42.70000076293945,42.72999954223633,42.34999847412109,42.470001220703125,40700
2012-10-05,42.90999984741211,43.290000915527344,42.86000061035156,43.25,33700
2012-10-08,42.459999084472656,42.4900016784668,42.25,42.36000061035156,798600
2012-10-09,42.25,42.720001220703125,42.150001525878906,42.720001220703125,1962200
2012-10-10,42.5099983215332,42.709999084472656,42.40999984741211,42.709999084472656,494000
2012-10-11,43.31999969482422,43.5099983215332,43.27000045776367,43.27999877929688,656900
2012-10-12,43.52000045776367,43.619998931884766,43.34999847412109,43.43999862670898,168900
2012-10-15,43.68000030517578,43.77000045776367,43.380001068115234,43.54999923706055,1012900
2012-10-16,44.09000015258789,44.2400016784668,43.86000061035156,43.93999862670898,352000
2012-10-17,44.619998931884766,44.75,43.97999954223633,44.220001220703125,846000
2012-10-18,44.630001068115234,44.93999862670898,44.52000045776367,44.59000015258789,133600
2012-10-19,44.310001373291016,44.650001525878906,44.209999084472656,44.650001525878906,211300
2012-10-22,44.93999862670898,45.09000015258789,44.59999847412109,44.959999084472656,214000
2012-10-23,44.150001525878906,44.41999816894531,43.970001220703125,44.41999816894531,499400
2012-10-24,44.59000015258789,44.90999984741211,44.540000915527344,44.869998931884766,284100
2012-10-25,44.84999847412109,45.02000045776367,44.68999862670898,44.880001068115234,1710500
2012-10-26,44.31999969482422,44.52000045776367,44.130001068115234,44.45000076293945,140100
2012-10-31,44.36000061035156,44.83000183105469,44.27000045776367,44.68999862670898,170000
2012-11-01,45.68000030517578,45.83000183105469,45.41999816894531,45.560001373291016,272800
2012-11-02,45.459999084472656,46.290000915527344,45.45000076293945,46.11000061035156,226800
2012-11-05,45.970001220703125,45.9900016784668,45.560001373291016,45.75,1199700
2012-11-06,46.18999862670898,46.2599983215332,45.75,45.81999969482422,724100
2012-11-07,45.16999816894531,45.540000915527344,44.95000076293945,45.540000915527344,772300
2012-11-08,44.400001525878906,45.290000915527344,44.27999877929688,44.97999954223633,570800
2012-11-09,44.45000076293945,44.7400016784668,44.209999084472656,44.29999923706055,689800
2012-11-12,44.72999954223633,44.90999984741211,44.61000061035156,44.709999084472656,958700
2012-11-13,44.04999923706055,44.310001373291016,43.7599983215332,44.060001373291016,334600
2012-11-14,43.68000030517578,44.400001525878906,43.56999969482422,44.400001525878906,344200
2012-11-15,43.630001068115234,43.68999862670898,43.380001068115234,43.630001068115234,75100
2012-11-16,43.59999847412109,43.68000030517578,43.25,43.66999816894531,612800
2012-11-19,44.59000015258789,44.619998931884766,44.18000030517578,44.220001220703125,446800
2012-11-20,44.16999816894531,44.16999816894531,43.75,44.09000015258789,248400
2012-11-21,44.52999877929688,44.7599983215332,44.29999923706055,44.41999816894531,932100
2012-11-23,45.459999084472656,45.5099983215332,45.18000030517578,45.369998931884766,108900
2012-11-26,45.34999847412109,45.34999847412109,45.06999969482422,45.25,52300
2012-11-27,44.83000183105469,45.11000061035156,44.7599983215332,45.040000915527344,86600
2012-11-28,45.0,45.02999877929688,44.33000183105469,44.58000183105469,426700
2012-11-29,45.119998931884766,45.36000061035156,44.95000076293945,45.16999816894531,256400
2012-11-30,45.27999877929688,45.59000015258789,45.2400016784668,45.369998931884766,424600
2012-12-03,44.93000030517578,45.209999084472656,44.869998931884766,45.209999084472656,358700
2012-12-04,45.15999984741211,45.43999862670898,45.08000183105469,45.16999816894531,713600
2012-12-05,46.33000183105469,46.63999938964844,46.09000015258789,46.150001525878906,454100
2012-12-06,46.470001220703125,46.470001220703125,46.06999969482422,46.20000076293945,304900
2012-12-07,46.5099983215332,46.63999938964844,46.380001068115234,46.63999938964844,820400
2012-12-10,46.95000076293945,47.130001068115234,46.75,46.79999923706055,178700
2012-12-11,46.93999862670898,47.119998931884766,46.77000045776367,46.79999923706055,137400
2012-12-12,47.04999923706055,47.45000076293945,47.04999923706055,47.27000045776367,171400
2012-12-13,46.59000015258789,46.91999816894531,46.459999084472656,46.900001525878906,98600
2012-12-14,47.2599983215332,47.34000015258789,47.06999969482422,47.119998931884766,202100
2012-12-17,47.36000061035156,47.38999938964844,47.20000076293945,47.290000915527344,327900
2012-12-18,47.43000030517578,47.560001373291016,46.88999938964844,47.09000015258789,1228900
2012-12-19,47.369998931884766,47.619998931884766,47.369998931884766,47.58000183105469,107500
2012-12-20,47.81999969482422,47.869998931884766,47.470001220703125,47.68000030517578,205500
2012-12-21,47.220001220703125,47.220001220703125,46.869998931884766,46.88999938964844,578100
2012-12-24,47.09999847412109,47.220001220703125,47.0,47.06999969482422,81700
2012-12-26,47.54999923706055,47.79999923706055,47.540000915527344,47.540000915527344,69900
2012-12-27,47.540000915527344,47.619998931884766,47.209999084472656,47.400001525878906,50100
2012-12-28,47.56999969482422,47.720001220703125,47.310001373291016,47.43000030517578,95200
2012-12-31,48.5,48.54999923706055,47.84000015258789,47.84000015258789,227900
2013-01-02,50.0,50.04999923706055,49.47999954223633,49.47999954223633,507500
2013-01-03,49.77999877929688,50.13999938964844,49.619998931884766,49.90999984741211,724300
2013-01-04,49.75,49.86000061035156,49.47999954223633,49.720001220703125,299500
2013-01-07,49.5,49.54999923706055,49.34999847412109,49.52999877929688,546900
2013-01-08,48.810001373291016,48.959999084472656,48.470001220703125,48.959999084472656,334700
2013-01-09,49.22999954223633,49.380001068115234,49.13999938964844,49.22999954223633,752200
2013-01-10,49.810001373291016,49.959999084472656,49.43000030517578,49.66999816894531,1162600
2013-01-11,49.25,49.2599983215332,49.060001373291016,49.25,504500
2013-01-14,49.36000061035156,49.58000183105469,49.220001220703125,49.58000183105469,104400
2013-01-15,49.36000061035156,49.41999816894531,49.27000045776367,49.40999984741211,104600
2013-01-16,49.45000076293945,49.5,49.09000015258789,49.27000045776367,181500
2013-01-17,49.59999847412109,49.810001373291016,49.34000015258789,49.34000015258789,404300
2013-01-18,49.790000915527344,50.0,49.619998931884766,49.7599983215332,286500
2013-01-22,49.869998931884766,50.09999847412109,49.790000915527344,50.04999923706055,80200
2013-01-23,49.63999938964844,49.81999969482422,49.52000045776367,49.81999969482422,681900
2013-01-24,49.68000030517578,49.95000076293945,49.619998931884766,49.70000076293945,224100
2013-01-25,49.150001525878906,49.40999984741211,48.88999938964844,49.40999984741211,289400
2013-01-28,48.9900016784668,49.369998931884766,48.970001220703125,49.369998931884766,120400
2013-01-29,49.7599983215332,49.84999847412109,49.2599983215332,49.2599983215332,318700
2013-01-30,49.790000915527344,49.959999084472656,49.75,49.81999969482422,194100
2013-01-31,49.58000183105469,49.7400016784668,49.4900016784668,49.72999954223633,405300
2013-02-01,49.93000030517578,50.02999877929688,49.650001525878906,49.84999847412109,849400
2013-02-04,48.68999862670898,49.400001525878906,48.59999847412109,49.400001525878906,1495200
2013-02-05,48.88999938964844,49.0099983215332,48.59999847412109,48.880001068115234,1082000
2013-02-06,48.810001373291016,48.810001373291016,48.41999816894531,48.59999847412109,1358800
2013-02-07,47.970001220703125,48.400001525878906,47.7599983215332,48.400001525878906,1227600
2013-02-08,48.56999969482422,48.59999847412109,48.220001220703125,48.2599983215332,352400
2013-02-11,48.52000045776367,48.560001373291016,48.27000045776367,48.52000045776367,122800
2013-02-12,48.54999923706055,48.79999923706055,48.43000030517578,48.59999847412109,306200
2013-02-13,48.880001068115234,48.95000076293945,48.720001220703125,48.72999954223633,663300
2013-02-14,48.90999984741211,48.95000076293945,48.79999923706055,48.869998931884766,274600
2013-02-15,49.06999969482422,49.16999816894531,48.88999938964844,49.11000061035156,448700
2013-02-19,48.20000076293945,48.369998931884766,48.16999816894531,48.27000045776367,1413000
2013-02-20,47.7599983215332,48.33000183105469,47.68999862670898,48.310001373291016,644000
2013-02-21,47.060001373291016,47.2400016784668,46.7599983215332,47.220001220703125,1205400
2013-02-22,47.11000061035156,47.15999984741211,46.869998931884766,47.15999984741211,630900
2013-02-25,46.369998931884766,47.4900016784668,46.369998931884766,47.13999938964844,997300
2013-02-26,46.40999984741211,46.59000015258789,46.04999923706055,46.380001068115234,913500
2013-02-27,47.02000045776367,47.150001525878906,46.400001525878906,46.470001220703125,819500
2013-02-28,47.36000061035156,47.7599983215332,47.34999847412109,47.47999954223633,501300
2013-03-01,47.16999816894531,47.33000183105469,46.86000061035156,47.15999984741211,201400
2013-03-04,46.459999084472656,46.4900016784668,46.15999984741211,46.43999862670898,742100
2013-03-05,46.86000061035156,47.02000045776367,46.630001068115234,46.630001068115234,980900
2013-03-06,47.060001373291016,47.22999954223633,46.900001525878906,47.150001525878906,405300
2013-03-07,47.220001220703125,47.25,46.9900016784668,47.040000915527344,637800
2013-03-08,47.77999877929688,47.93999862670898,47.5099983215332,47.84000015258789,509700
2013-03-11,47.220001220703125,47.52999877929688,47.13999938964844,47.380001068115234,1338800
2013-03-12,46.43000030517578,46.790000915527344,46.220001220703125,46.66999816894531,1054200
2013-03-13,45.59999847412109,45.959999084472656,45.540000915527344,45.95000076293945,609900
2013-03-14,46.27999877929688,46.34000015258789,46.0,46.08000183105469,1158300
2013-03-15,45.7400016784668,45.880001068115234,45.459999084472656,45.540000915527344,1051500
2013-03-18,44.93000030517578,45.16999816894531,44.880001068115234,45.119998931884766,214600
2013-03-19,44.58000183105469,44.810001373291016,44.18999862670898,44.79999923706055,397900
2013-03-20,45.65999984741211,45.81999969482422,45.43999862670898,45.52000045776367,503400
2013-03-21,45.18999862670898,45.5099983215332,45.09999847412109,45.34999847412109,2422400
2013-03-22,45.380001068115234,45.47999954223633,45.22999954223633,45.43999862670898,957000
2013-03-25,45.08000183105469,45.59000015258789,44.95000076293945,45.47999954223633,722500
2013-03-26,45.650001525878906,45.77999877929688,45.41999816894531,45.41999816894531,1213600
2013-03-27,45.720001220703125,45.720001220703125,45.27999877929688,45.4900016784668,851800
2013-03-28,45.310001373291016,45.40999984741211,45.060001373291016,45.22999954223633,1040300
2013-04-01,44.79999923706055,45.290000915527344,44.68000030517578,45.16999816894531,617500
2013-04-02,44.86000061035156,45.150001525878906,44.810001373291016,45.02999877929688,186600
2013-04-03,44.20000076293945,44.86000061035156,44.09000015258789,44.81999969482422,1408600
2013-04-04,44.2400016784668,44.290000915527344,43.81999969482422,44.290000915527344,406900
2013-04-05,43.81999969482422,43.900001525878906,42.88999938964844,43.11000061035156,798800
2013-04-08,43.869998931884766,43.97999954223633,43.45000076293945,43.52000045776367,295000
2013-04-09,44.52000045776367,44.790000915527344,44.119998931884766,44.18999862670898,2452800
2013-04-10,44.86000061035156,45.08000183105469,44.65999984741211,44.720001220703125,508700
2013-04-11,44.68000030517578,44.869998931884766,44.58000183105469,44.70000076293945,213500
2013-04-12,44.27999877929688,44.52000045776367,43.91999816894531,44.52000045776367,356400
2013-04-15,43.0099983215332,43.619998931884766,43.0,43.61000061035156,503400
2013-04-16,43.79999923706055,43.810001373291016,43.43000030517578,43.619998931884766,127600
2013-04-17,42.9900016784668,43.2400016784668,42.63999938964844,43.2400016784668,360600
2013-04-18,43.150001525878906,43.40999984741211,42.88999938964844,43.33000183105469,581800
2013-04-19,44.400001525878906,44.560001373291016,44.150001525878906,44.2400016784668,795900
2013-04-22,44.81999969482422,44.81999969482422,44.400001525878906,44.66999816894531,605200
2013-04-23,44.650001525878906,44.810001373291016,44.18000030517578,44.18999862670898,624100
2013-04-24,45.04999923706055,45.220001220703125,44.58000183105469,44.65999984741211,331000
2013-04-25,45.52999877929688,45.810001373291016,45.310001373291016,45.310001373291016,720600
2013-04-26,45.22999954223633,45.79999923706055,45.0,45.79999923706055,359600
2013-04-29,45.790000915527344,45.900001525878906,45.33000183105469,45.459999084472656,280000
2013-04-30,46.18999862670898,46.220001220703125,45.63999938964844,45.790000915527344,144400
2013-05-01,45.52999877929688,46.040000915527344,45.470001220703125,46.040000915527344,152500
2013-05-02,45.810001373291016,45.810001373291016,45.470001220703125,45.63999938964844,207200
2013-05-03,46.2599983215332,46.540000915527344,46.06999969482422,46.06999969482422,139400
2013-05-06,46.40999984741211,46.4900016784668,46.22999954223633,46.33000183105469,121600
2013-05-07,46.93000030517578,47.06999969482422,46.77999877929688,46.93999862670898,173700
2013-05-08,47.369998931884766,47.369998931884766,46.959999084472656,47.09000015258789,146400
2013-05-09,46.93999862670898,47.16999816894531,46.810001373291016,47.02999877929688,304700
2013-05-10,47.13999938964844,47.209999084472656,46.93000030517578,47.130001068115234,121800
2013-05-13,46.43999862670898,46.54999923706055,46.380001068115234,46.54999923706055,179500
2013-05-14,46.4900016784668,46.59999847412109,46.22999954223633,46.22999954223633,975400
2013-05-15,46.540000915527344,46.56999969482422,46.290000915527344,46.400001525878906,455600
2013-05-16,46.27999877929688,46.52000045776367,46.209999084472656,46.38999938964844,1145500
2013-05-17,46.77999877929688,46.790000915527344,46.5099983215332,46.5099983215332,105100
2013-05-20,47.2400016784668,47.25,46.970001220703125,47.06999969482422,347500
2013-05-21,47.06999969482422,47.209999084472656,46.709999084472656,46.959999084472656,341400
2013-05-22,46.2400016784668,47.119998931884766,46.02999877929688,46.7599983215332,275500
2013-05-23,45.97999954223633,45.9900016784668,44.959999084472656,45.290000915527344,934200
2013-05-24,45.220001220703125,45.33000183105469,44.959999084472656,45.31999969482422,242500
2013-05-28,46.0,46.31999969482422,45.93999862670898,46.31999969482422,243900
2013-05-29,45.470001220703125,45.66999816894531,45.27000045776367,45.66999816894531,258300
2013-05-30,45.61000061035156,45.90999984741211,45.4900016784668,45.630001068115234,307100
2013-05-31,44.7599983215332,45.54999923706055,44.68000030517578,45.54999923706055,444100
2013-06-03,45.34000015258789,45.400001525878906,44.84999847412109,45.02999877929688,393600
2013-06-04,44.83000183105469,45.29999923706055,44.61000061035156,45.16999816894531,217100
2013-06-05,44.209999084472656,44.7400016784668,44.18999862670898,44.720001220703125,183800
2013-06-06,44.560001373291016,44.56999969482422,43.91999816894531,44.040000915527344,268800
2013-06-07,44.220001220703125,44.56999969482422,43.95000076293945,44.27000045776367,417600
2013-06-10,43.72999954223633,43.959999084472656,43.54999923706055,43.91999816894531,125400
2013-06-11,43.040000915527344,43.2599983215332,42.7599983215332,42.86000061035156,583500
2013-06-12,42.90999984741211,43.18999862670898,42.630001068115234,43.18999862670898,1127400
2013-06-13,43.380001068115234,43.459999084472656,42.43999862670898,42.43999862670898,1300300
2013-06-14,42.2400016784668,42.72999954223633,42.040000915527344,42.68999862670898,318600
2013-06-17,42.91999816894531,43.20000076293945,42.68999862670898,42.84000015258789,126200
2013-06-18,42.93999862670898,43.02000045776367,42.79999923706055,42.91999816894531,1294100
2013-06-19,41.72999954223633,42.709999084472656,41.65999984741211,42.5099983215332,2573900
2013-06-20,40.119998931884766,41.08000183105469,39.58000183105469,41.06999969482422,2065100
2013-06-21,40.59000015258789,41.0,39.970001220703125,40.650001525878906,1395900
2013-06-24,39.61000061035156,39.93000030517578,39.0,39.47999954223633,749800
2013-06-25,40.220001220703125,40.43000030517578,39.869998931884766,40.18999862670898,1183300
2013-06-26,41.09000015258789,41.220001220703125,40.720001220703125,41.09999847412109,473500
2013-06-27,40.61000061035156,40.84000015258789,40.34000015258789,40.34000015258789,413100
2013-06-28,40.86000061035156,41.119998931884766,40.52999877929688,40.75,289100
2013-07-01,40.7400016784668,41.09999847412109,40.59999847412109,41.09999847412109,559400
2013-07-02,40.16999816894531,40.88999938964844,39.88999938964844,40.72999954223633,1196300
2013-07-03,39.83000183105469,40.15999984741211,39.5099983215332,39.59999847412109,358500
2013-07-05,39.9900016784668,40.27000045776367,39.619998931884766,40.27000045776367,339400
2013-07-08,40.18999862670898,40.52000045776367,40.060001373291016,40.060001373291016,273900
2013-07-09,40.34999847412109,40.54999923706055,40.15999984741211,40.33000183105469,1380200
2013-07-10,40.27000045776367,40.52000045776367,40.150001525878906,40.36000061035156,493500
2013-07-11,42.33000183105469,42.400001525878906,41.650001525878906,41.66999816894531,429800
2013-07-12,41.470001220703125,41.66999816894531,41.31999969482422,41.56999969482422,201300
2013-07-15,41.900001525878906,42.02000045776367,41.66999816894531,41.68999862670898,157300
2013-07-16,42.11000061035156,42.130001068115234,41.77000045776367,42.0099983215332,440500
2013-07-17,42.15999984741211,42.4900016784668,42.09000015258789,42.33000183105469,780100
2013-07-18,41.900001525878906,42.20000076293945,41.869998931884766,42.06999969482422,138600
2013-07-19,42.0,42.150001525878906,41.810001373291016,41.900001525878906,245100
2013-07-22,42.130001068115234,42.16999816894531,41.75,41.86000061035156,188500
2013-07-23,43.18999862670898,43.45000076293945,42.880001068115234,43.09999847412109,517700
2013-07-24,42.84000015258789,43.209999084472656,42.52000045776367,43.209999084472656,254900
2013-07-25,43.20000076293945,43.2599983215332,42.84000015258789,42.90999984741211,155000
2013-07-26,43.27999877929688,43.369998931884766,42.709999084472656,43.06999969482422,390800
2013-07-29,42.709999084472656,42.88999938964844,42.61000061035156,42.81999969482422,381700
2013-07-30,42.72999954223633,43.060001373291016,42.63999938964844,43.0099983215332,222400
2013-07-31,42.560001373291016,43.06999969482422,42.41999816894531,42.7599983215332,376900
2013-08-01,43.560001373291016,43.81999969482422,43.11000061035156,43.2400016784668,405800
2013-08-02,43.65999984741211,43.7599983215332,43.380001068115234,43.380001068115234,162700
2013-08-05,43.25,43.369998931884766,43.06999969482422,43.369998931884766,216600
2013-08-06,42.97999954223633,43.209999084472656,42.81999969482422,43.18000030517578,157000
2013-08-07,42.310001373291016,42.63999938964844,42.25,42.619998931884766,625000
2013-08-08,43.02999877929688,43.18000030517578,42.43999862670898,42.72999954223633,254700
2013-08-09,43.220001220703125,43.459999084472656,43.02000045776367,43.06999969482422,187500
2013-08-12,44.43000030517578,44.470001220703125,43.91999816894531,43.97999954223633,494600
2013-08-13,45.060001373291016,45.27999877929688,44.79999923706055,44.970001220703125,173700
2013-08-14,45.16999816894531,45.27000045776367,45.060001373291016,45.11000061035156,910900
2013-08-15,44.7599983215332,44.959999084472656,44.52999877929688,44.90999984741211,610800
2013-08-16,44.65999984741211,45.11000061035156,44.63999938964844,45.02999877929688,554600
2013-08-19,44.45000076293945,44.93999862670898,44.43000030517578,44.91999816894531,520100
2013-08-20,43.95000076293945,44.18000030517578,43.81999969482422,43.88999938964844,600200
2013-08-21,43.15999984741211,43.52999877929688,42.90999984741211,43.52000045776367,611900
2013-08-22,44.220001220703125,44.310001373291016,43.93999862670898,43.93999862670898,345400
2013-08-23,44.18000030517578,44.2400016784668,43.7400016784668,44.06999969482422,345800
2013-08-26,44.06999969482422,44.4900016784668,43.93000030517578,44.400001525878906,100100
2013-08-27,43.41999816894531,43.880001068115234,43.34000015258789,43.880001068115234,671700
2013-08-28,43.38999938964844,43.65999984741211,43.04999923706055,43.220001220703125,855800
2013-08-29,43.47999954223633,43.84999847412109,43.400001525878906,43.61000061035156,367600
2013-08-30,43.709999084472656,43.79999923706055,43.27999877929688,43.68999862670898,2251700
2013-09-03,44.72999954223633,45.22999954223633,44.65999984741211,45.02999877929688,590200
2013-09-04,45.400001525878906,45.470001220703125,45.0099983215332,45.130001068115234,758200
2013-09-05,45.900001525878906,46.040000915527344,45.59000015258789,45.63999938964844,457700
2013-09-06,46.11000061035156,46.560001373291016,45.77999877929688,46.560001373291016,384900
2013-09-09,47.15999984741211,47.27000045776367,46.52000045776367,46.65999984741211,692600
2013-09-10,47.79999923706055,47.83000183105469,47.36000061035156,47.540000915527344,1398000
2013-09-11,47.34999847412109,47.459999084472656,47.060001373291016,47.290000915527344,403300
2013-09-12,46.79999923706055,47.18999862670898,46.709999084472656,47.18999862670898,237600
2013-09-13,47.09999847412109,47.130001068115234,46.75,46.81999969482422,814900
2013-09-16,47.41999816894531,47.70000076293945,47.27999877929688,47.68999862670898,1103800
2013-09-17,47.18999862670898,47.45000076293945,47.04999923706055,47.38999938964844,3240400
2013-09-18,48.15999984741211,48.209999084472656,46.7400016784668,47.02000045776367,552200
2013-09-19,47.790000915527344,47.93000030517578,47.43000030517578,47.88999938964844,332500
2013-09-20,47.2400016784668,48.040000915527344,47.18999862670898,48.040000915527344,533100
2013-09-23,47.63999938964844,47.790000915527344,47.369998931884766,47.43999862670898,643800
2013-09-24,47.09999847412109,47.34999847412109,46.91999816894531,47.22999954223633,224400
2013-09-25,46.84999847412109,47.20000076293945,46.75,47.15999984741211,392900
2013-09-26,46.79999923706055,46.97999954223633,46.5099983215332,46.72999954223633,730400
2013-09-27,46.59999847412109,46.68999862670898,46.43000030517578,46.63999938964844,200500
2013-09-30,46.04999923706055,46.09999847412109,45.75,45.970001220703125,358200
2013-10-01,46.68000030517578,46.68000030517578,46.150001525878906,46.150001525878906,277800
2013-10-02,46.77999877929688,46.77999877929688,46.290000915527344,46.29999923706055,356000
2013-10-03,46.61000061035156,47.11000061035156,46.34000015258789,47.040000915527344,227200
2013-10-04,47.2599983215332,47.38999938964844,46.900001525878906,46.900001525878906,656200
2013-10-07,46.77999877929688,46.970001220703125,46.560001373291016,46.619998931884766,214500
2013-10-08,46.68999862670898,47.290000915527344,46.68999862670898,47.18999862670898,332800
2013-10-09,46.959999084472656,47.130001068115234,46.56999969482422,46.97999954223633,915700
2013-10-10,47.619998931884766,47.650001525878906,47.08000183105469,47.11000061035156,562000
2013-10-11,47.86000061035156,47.90999984741211,47.380001068115234,47.400001525878906,201400
2013-10-14,48.08000183105469,48.22999954223633,47.459999084472656,47.47999954223633,135400
2013-10-15,47.470001220703125,47.91999816894531,47.400001525878906,47.86000061035156,247500
2013-10-16,47.66999816894531,47.86000061035156,47.47999954223633,47.5099983215332,751600
2013-10-17,47.540000915527344,47.619998931884766,47.150001525878906,47.2400016784668,223900
2013-10-18,47.650001525878906,47.959999084472656,47.650001525878906,47.81999969482422,613500
2013-10-21,47.84999847412109,48.0,47.790000915527344,47.970001220703125,370400
2013-10-22,47.81999969482422,48.27000045776367,47.79999923706055,47.93999862670898,594100
2013-10-23,46.38999938964844,46.630001068115234,46.31999969482422,46.59000015258789,1147400
2013-10-24,45.880001068115234,46.29999923706055,45.75,46.2400016784668,1066700
2013-10-25,45.880001068115234,45.90999984741211,45.68999862670898,45.86000061035156,111200
2013-10-28,45.959999084472656,46.2400016784668,45.90999984741211,46.02000045776367,158300
2013-10-29,46.40999984741211,46.560001373291016,46.36000061035156,46.41999816894531,455300
2013-10-30,46.880001068115234,47.22999954223633,46.68999862670898,47.130001068115234,121900
2013-10-31,46.95000076293945,47.34000015258789,46.869998931884766,47.27999877929688,368600
2013-11-01,47.27000045776367,47.4900016784668,46.95000076293945,47.25,330200
2013-11-04,47.36000061035156,47.47999954223633,47.220001220703125,47.34999847412109,1015900
2013-11-05,46.869998931884766,46.959999084472656,46.59999847412109,46.79999923706055,2794400
2013-11-06,46.79999923706055,47.119998931884766,46.77000045776367,47.119998931884766,135500
2013-11-07,46.04999923706055,46.70000076293945,45.97999954223633,46.70000076293945,294800
2013-11-08,46.13999938964844,46.20000076293945,45.709999084472656,45.95000076293945,527600
2013-11-11,46.400001525878906,46.7400016784668,46.36000061035156,46.7400016784668,394400
2013-11-12,46.08000183105469,46.38999938964844,45.86000061035156,46.38999938964844,278900
2013-11-13,45.84000015258789,45.91999816894531,45.06999969482422,45.36000061035156,707800
2013-11-14,46.34999847412109,46.459999084472656,45.709999084472656,45.93999862670898,534100
2013-11-15,48.18000030517578,48.72999954223633,47.43999862670898,47.61000061035156,1483000
2013-11-18,49.470001220703125,49.90999984741211,49.13999938964844,49.13999938964844,873400
2013-11-19,49.34999847412109,49.630001068115234,49.29999923706055,49.560001373291016,409800
2013-11-20,48.84999847412109,49.33000183105469,48.83000183105469,49.150001525878906,1048200
2013-11-21,49.040000915527344,49.16999816894531,48.66999816894531,48.77999877929688,1433700
2013-11-22,49.34999847412109,49.41999816894531,48.869998931884766,49.18999862670898,1987100
2013-11-25,48.47999954223633,49.11000061035156,48.45000076293945,49.11000061035156,279100
2013-11-26,48.90999984741211,49.02999877929688,48.560001373291016,48.59999847412109,1510300
2013-11-27,49.869998931884766,49.880001068115234,49.18999862670898,49.43999862670898,2610500
2013-11-29,49.880001068115234,49.97999954223633,49.650001525878906,49.88999938964844,409500
2013-12-02,49.20000076293945,50.08000183105469,49.119998931884766,50.08000183105469,1099500
2013-12-03,48.93999862670898,49.40999984741211,48.63999938964844,49.40999984741211,1175200
2013-12-04,49.2599983215332,49.4900016784668,48.7599983215332,48.81999969482422,434300
2013-12-05,49.0099983215332,49.34999847412109,48.91999816894531,49.31999969482422,314200
2013-12-06,49.959999084472656,50.119998931884766,49.630001068115234,49.77000045776367,676900
2013-12-09,49.68999862670898,49.869998931884766,49.58000183105469,49.58000183105469,352600
2013-12-10,49.63999938964844,49.68000030517578,49.25,49.290000915527344,255800
2013-12-11,48.220001220703125,48.959999084472656,48.08000183105469,48.95000076293945,405200
2013-12-12,47.84999847412109,48.09000015258789,47.70000076293945,48.09000015258789,292000
2013-12-13,48.18000030517578,48.38999938964844,47.90999984741211,48.38999938964844,168800
2013-12-16,48.13999938964844,48.560001373291016,48.13999938964844,48.20000076293945,211400
2013-12-17,47.5099983215332,47.90999984741211,47.43999862670898,47.900001525878906,306600
2013-12-18,48.09000015258789,48.36000061035156,46.95000076293945,47.59000015258789,329500
2013-12-19,47.130001068115234,47.310001373291016,46.77000045776367,47.22999954223633,721100
2013-12-20,46.81999969482422,47.11000061035156,46.7400016784668,47.04999923706055,534000
2013-12-23,46.77000045776367,47.119998931884766,46.709999084472656,46.95000076293945,858500
2013-12-24,47.5099983215332,47.72999954223633,47.0,47.25,90100
2013-12-26,47.150001525878906,47.380001068115234,46.81999969482422,47.380001068115234,136500
2013-12-27,47.900001525878906,47.93000030517578,47.56999969482422,47.56999969482422,323900
2013-12-30,47.709999084472656,47.79999923706055,47.52000045776367,47.630001068115234,141800
2013-12-31,48.220001220703125,48.220001220703125,47.720001220703125,47.81999969482422,91200
2014-01-02,46.79999923706055,47.72999954223633,46.75,47.72999954223633,480700
2014-01-03,46.34999847412109,46.70000076293945,46.18999862670898,46.63999938964844,522300
2014-01-06,45.650001525878906,46.11000061035156,45.650001525878906,46.11000061035156,1275800
2014-01-07,45.66999816894531,45.810001373291016,45.4900016784668,45.630001068115234,232100
2014-01-08,46.150001525878906,46.2400016784668,45.97999954223633,46.119998931884766,640600
2014-01-09,45.52000045776367,45.84000015258789,45.25,45.790000915527344,458600
2014-01-10,46.29999923706055,46.380001068115234,45.77999877929688,45.90999984741211,410300
2014-01-13,45.5,46.0,45.41999816894531,46.0,217100
2014-01-14,46.130001068115234,46.209999084472656,45.59999847412109,45.790000915527344,655100
2014-01-15,46.040000915527344,46.209999084472656,45.93000030517578,46.04999923706055,583300
2014-01-16,45.7599983215332,46.0099983215332,45.66999816894531,46.0099983215332,298300
2014-01-17,45.7599983215332,45.9900016784668,45.56999969482422,45.9900016784668,704200
2014-01-21,45.709999084472656,46.0,45.40999984741211,45.93000030517578,191100
2014-01-22,46.59999847412109,46.68000030517578,46.130001068115234,46.310001373291016,662800
2014-01-23,44.97999954223633,45.68000030517578,44.810001373291016,45.0099983215332,1766500
2014-01-24,43.68000030517578,44.56999969482422,43.65999984741211,44.56999969482422,732200
2014-01-27,43.540000915527344,43.97999954223633,43.2400016784668,43.369998931884766,672600
2014-01-28,43.97999954223633,44.119998931884766,43.77000045776367,43.79999923706055,695500
2014-01-29,43.83000183105469,44.04999923706055,43.43999862670898,43.90999984741211,515600
2014-01-30,43.93000030517578,44.380001068115234,43.93000030517578,44.220001220703125,324300
2014-01-31,43.90999984741211,44.09000015258789,43.34000015258789,43.68000030517578,537200
2014-02-03,42.77000045776367,43.83000183105469,42.7400016784668,43.83000183105469,269200
2014-02-04,43.34000015258789,43.54999923706055,42.869998931884766,42.900001525878906,1763900
2014-02-05,42.84999847412109,43.119998931884766,42.52999877929688,42.91999816894531,865000
2014-02-06,43.4900016784668,43.54999923706055,42.970001220703125,42.9900016784668,393800
2014-02-07,43.77000045776367,44.09999847412109,43.56999969482422,43.97999954223633,376400
2014-02-10,43.47999954223633,43.7400016784668,43.220001220703125,43.7400016784668,383900
2014-02-11,44.79999923706055,44.81999969482422,44.11000061035156,44.119998931884766,226300
2014-02-12,44.75,45.43999862670898,44.720001220703125,45.11000061035156,297900
2014-02-13,45.060001373291016,45.060001373291016,44.45000076293945,44.47999954223633,254800
2014-02-14,45.41999816894531,45.59000015258789,45.0099983215332,45.15999984741211,134400
2014-02-18,45.34999847412109,45.560001373291016,45.220001220703125,45.470001220703125,113300
2014-02-19,45.47999954223633,45.77999877929688,45.209999084472656,45.4900016784668,536200
2014-02-20,45.27000045776367,45.43000030517578,44.810001373291016,45.150001525878906,304300
2014-02-21,45.36000061035156,45.369998931884766,45.09000015258789,45.209999084472656,101400
2014-02-24,44.869998931884766,45.16999816894531,44.66999816894531,44.83000183105469,208700
2014-02-25,44.09999847412109,44.66999816894531,43.970001220703125,44.65999984741211,1099800
2014-02-26,44.29999923706055,44.68000030517578,44.27999877929688,44.470001220703125,272400
2014-02-27,45.45000076293945,45.560001373291016,45.119998931884766,45.27999877929688,306300
2014-02-28,45.27000045776367,45.79999923706055,45.06999969482422,45.79999923706055,362300
2014-03-03,44.810001373291016,44.91999816894531,44.459999084472656,44.83000183105469,756200
2014-03-04,45.31999969482422,45.45000076293945,45.13999938964844,45.380001068115234,402700
2014-03-05,44.880001068115234,44.90999984741211,44.540000915527344,44.810001373291016,183500
2014-03-06,45.369998931884766,45.59999847412109,44.880001068115234,45.16999816894531,515400
2014-03-07,44.79999923706055,45.22999954223633,44.52000045776367,44.900001525878906,1390900
2014-03-10,44.16999816894531,44.16999816894531,43.77999877929688,44.040000915527344,1253200
2014-03-11,43.59999847412109,44.33000183105469,43.47999954223633,44.290000915527344,953200
2014-03-12,43.45000076293945,43.52000045776367,43.02999877929688,43.2400016784668,373100
2014-03-13,42.47999954223633,43.33000183105469,42.25,43.290000915527344,226700
2014-03-14,42.41999816894531,42.83000183105469,42.290000915527344,42.5,655900
2014-03-17,42.52000045776367,42.86000061035156,42.5,42.66999816894531,445700
2014-03-18,43.20000076293945,43.33000183105469,42.93000030517578,42.93999862670898,542100
2014-03-19,42.59999847412109,43.13999938964844,42.369998931884766,42.720001220703125,152000
2014-03-20,42.40999984741211,42.470001220703125,41.88999938964844,42.15999984741211,105500
2014-03-21,43.369998931884766,43.93999862670898,43.13999938964844,43.150001525878906,396500
2014-03-24,43.70000076293945,43.869998931884766,43.54999923706055,43.869998931884766,1367600
2014-03-25,44.0099983215332,44.18999862670898,43.79999923706055,43.880001068115234,677400
2014-03-26,43.900001525878906,44.369998931884766,43.88999938964844,44.130001068115234,172500
2014-03-27,44.119998931884766,44.2400016784668,43.91999816894531,43.93999862670898,407400
2014-03-28,44.93000030517578,45.2599983215332,44.70000076293945,44.70000076293945,369000
2014-03-31,44.9900016784668,45.2400016784668,44.93000030517578,45.0099983215332,228300
2014-04-01,45.34999847412109,45.470001220703125,45.09999847412109,45.470001220703125,872700
2014-04-02,45.470001220703125,45.560001373291016,45.20000076293945,45.31999969482422,440000
2014-04-03,45.369998931884766,45.400001525878906,44.93000030517578,45.38999938964844,410000
2014-04-04,44.9900016784668,45.900001525878906,44.90999984741211,45.540000915527344,619800
2014-04-07,45.130001068115234,45.2599983215332,44.86000061035156,45.09999847412109,1054900
2014-04-08,45.68000030517578,46.04999923706055,45.58000183105469,45.59000015258789,382600
2014-04-09,46.29999923706055,46.43000030517578,45.720001220703125,46.22999954223633,281800
2014-04-10,46.400001525878906,47.27000045776367,46.31999969482422,46.790000915527344,529100
2014-04-11,45.88999938964844,45.970001220703125,45.720001220703125,45.81999969482422,567400
2014-04-14,45.880001068115234,46.16999816894531,45.65999984741211,46.16999816894531,438700
2014-04-15,44.7400016784668,45.15999984741211,44.33000183105469,45.15999984741211,698900
2014-04-16,45.290000915527344,45.43000030517578,45.02999877929688,45.11000061035156,320700
2014-04-17,45.43000030517578,45.630001068115234,45.11000061035156,45.34000015258789,203500
2014-04-21,45.13999938964844,45.34999847412109,44.88999938964844,45.31999969482422,135700
2014-04-22,44.88999938964844,45.27999877929688,44.81999969482422,45.060001373291016,2823400
2014-04-23,44.459999084472656,44.52999877929688,44.20000076293945,44.52999877929688,202300
2014-04-24,44.45000076293945,44.58000183105469,44.09000015258789,44.52000045776367,808500
2014-04-25,44.060001373291016,44.08000183105469,43.56999969482422,43.900001525878906,205000
2014-04-28,43.59999847412109,43.7599983215332,43.380001068115234,43.630001068115234,645100
2014-04-29,44.15999984741211,44.400001525878906,43.91999816894531,43.91999816894531,443700
2014-04-30,43.84000015258789,43.880001068115234,43.630001068115234,43.84000015258789,207600
2014-05-01,43.90999984741211,44.13999938964844,43.7400016784668,43.88999938964844,185000
2014-05-02,44.119998931884766,44.22999954223633,43.88999938964844,43.959999084472656,184400
2014-05-05,43.720001220703125,43.77000045776367,43.52000045776367,43.68000030517578,99300
2014-05-06,43.72999954223633,44.0099983215332,43.59000015258789,43.75,77600
2014-05-07,43.59000015258789,43.630001068115234,43.27000045776367,43.459999084472656,1633400
2014-05-08,43.34999847412109,43.63999938964844,43.31999969482422,43.58000183105469,225000
2014-05-09,43.290000915527344,43.47999954223633,43.16999816894531,43.22999954223633,255400
2014-05-12,44.2599983215332,44.290000915527344,44.0099983215332,44.0099983215332,313100
2014-05-13,44.45000076293945,44.560001373291016,44.220001220703125,44.25,307200
2014-05-14,44.880001068115234,45.06999969482422,44.84999847412109,44.93000030517578,251700
2014-05-15,44.7400016784668,44.83000183105469,44.45000076293945,44.83000183105469,114800
2014-05-16,45.08000183105469,45.11000061035156,44.68999862670898,44.79999923706055,107000
2014-05-19,44.93999862670898,44.97999954223633,44.810001373291016,44.869998931884766,826700
2014-05-20,44.75,44.93000030517578,44.54999923706055,44.810001373291016,147200
2014-05-21,45.2599983215332,45.31999969482422,45.15999984741211,45.27999877929688,218000
2014-05-22,45.7599983215332,45.79999923706055,45.63999938964844,45.63999938964844,75000
2014-05-23,45.810001373291016,45.880001068115234,45.72999954223633,45.79999923706055,326400
2014-05-27,45.59000015258789,45.84000015258789,45.41999816894531,45.77999877929688,120800
2014-05-28,45.900001525878906,46.02999877929688,45.77000045776367,46.02000045776367,236200
2014-05-29,45.86000061035156,45.91999816894531,45.7599983215332,45.79999923706055,72100
2014-05-30,45.86000061035156,46.15999984741211,45.790000915527344,46.040000915527344,381200
2014-06-02,46.220001220703125,46.29999923706055,45.970001220703125,45.970001220703125,164700
2014-06-03,46.65999984741211,46.790000915527344,46.22999954223633,46.22999954223633,689500
2014-06-04,46.2400016784668,46.290000915527344,46.06999969482422,46.06999969482422,157600
2014-06-05,46.59999847412109,46.65999984741211,46.33000183105469,46.43999862670898,145700
2014-06-06,46.38999938964844,46.43000030517578,46.290000915527344,46.290000915527344,157000
2014-06-09,46.810001373291016,46.880001068115234,46.54999923706055,46.56999969482422,592000
2014-06-10,47.13999938964844,47.15999984741211,46.9900016784668,47.130001068115234,155500
2014-06-11,46.810001373291016,46.93999862670898,46.720001220703125,46.93999862670898,146500
2014-06-12,46.790000915527344,46.9900016784668,46.59999847412109,46.91999816894531,670800
2014-06-13,47.369998931884766,47.41999816894531,47.06999969482422,47.119998931884766,269400
2014-06-16,47.2400016784668,47.290000915527344,47.06999969482422,47.27000045776367,123200
2014-06-17,47.2400016784668,47.72999954223633,47.0,47.02000045776367,223800
2014-06-18,47.470001220703125,47.5,46.86000061035156,47.18999862670898,649700
2014-06-19,47.04999923706055,47.130001068115234,46.91999816894531,47.06999969482422,610900
2014-06-20,46.97999954223633,47.06999969482422,46.900001525878906,47.06999969482422,134100
2014-06-23,46.40999984741211,46.52999877929688,46.29999923706055,46.45000076293945,136700
2014-06-24,46.2400016784668,46.68000030517578,46.20000076293945,46.52999877929688,224100
2014-06-25,45.86000061035156,45.91999816894531,45.59999847412109,45.59999847412109,109500
2014-06-26,46.33000183105469,46.45000076293945,46.2400016784668,46.369998931884766,77900
2014-06-27,46.45000076293945,46.47999954223633,46.18999862670898,46.27000045776367,52900
2014-06-30,46.369998931884766,46.54999923706055,46.310001373291016,46.52000045776367,92100
2014-07-01,46.70000076293945,46.83000183105469,46.650001525878906,46.66999816894531,86600
2014-07-02,47.34000015258789,47.38999938964844,47.220001220703125,47.31999969482422,391100
2014-07-03,47.810001373291016,47.84999847412109,47.52999877929688,47.54999923706055,1190900
2014-07-07,47.93999862670898,47.93999862670898,47.68000030517578,47.77999877929688,138600
2014-07-08,47.66999816894531,47.810001373291016,47.470001220703125,47.810001373291016,84200
2014-07-09,47.5,47.52999877929688,47.150001525878906,47.18000030517578,288400
2014-07-10,47.209999084472656,47.220001220703125,46.52000045776367,46.68000030517578,154000
2014-07-11,47.41999816894531,47.45000076293945,47.119998931884766,47.2400016784668,71900
2014-07-14,47.959999084472656,47.959999084472656,47.720001220703125,47.84999847412109,40600
2014-07-15,47.970001220703125,48.06999969482422,47.709999084472656,47.95000076293945,138100
2014-07-16,48.27000045776367,48.29999923706055,48.09999847412109,48.119998931884766,70900
2014-07-17,47.56999969482422,47.93999862670898,47.470001220703125,47.90999984741211,1642900
2014-07-18,47.88999938964844,48.04999923706055,47.83000183105469,47.84999847412109,231400
2014-07-21,47.90999984741211,47.91999816894531,47.40999984741211,47.47999954223633,66400
2014-07-22,48.810001373291016,48.880001068115234,48.68999862670898,48.709999084472656,247700
2014-07-23,49.310001373291016,49.40999984741211,49.15999984741211,49.22999954223633,621800
2014-07-24,49.77999877929688,49.93000030517578,49.52999877929688,49.65999984741211,227800
2014-07-25,49.77000045776367,49.84999847412109,49.61000061035156,49.790000915527344,132900
2014-07-28,50.56999969482422,50.59999847412109,50.08000183105469,50.16999816894531,122900
2014-07-29,50.43000030517578,50.75,50.36000061035156,50.70000076293945,256100
2014-07-30,50.060001373291016,50.560001373291016,49.83000183105469,50.560001373291016,331200
2014-07-31,49.4900016784668,50.060001373291016,49.45000076293945,50.040000915527344,1160800
2014-08-01,49.93999862670898,50.11000061035156,49.45000076293945,49.45000076293945,1857600
2014-08-04,50.47999954223633,50.52000045776367,50.11000061035156,50.27000045776367,469100
2014-08-05,49.959999084472656,50.2400016784668,49.79999923706055,50.09999847412109,1048200
2014-08-06,49.75,50.0,49.68999862670898,49.77999877929688,812800
2014-08-07,49.41999816894531,49.81999969482422,49.25,49.81999969482422,927600
2014-08-08,50.25,50.33000183105469,49.83000183105469,49.86000061035156,159100
2014-08-11,50.79999923706055,50.91999816894531,50.58000183105469,50.59000015258789,670700
2014-08-12,50.88999938964844,50.88999938964844,50.59000015258789,50.709999084472656,670000
2014-08-13,51.400001525878906,51.540000915527344,51.220001220703125,51.36000061035156,605400
2014-08-14,50.91999816894531,50.970001220703125,50.810001373291016,50.93000030517578,614200
2014-08-15,50.900001525878906,51.18000030517578,50.630001068115234,51.18000030517578,405000
2014-08-18,51.209999084472656,51.27000045776367,51.04999923706055,51.11000061035156,198100
2014-08-19,51.29999923706055,51.34999847412109,51.20000076293945,51.31999969482422,240800
2014-08-20,51.18000030517578,51.310001373291016,51.06999969482422,51.06999969482422,169600
2014-08-21,50.630001068115234,50.91999816894531,50.58000183105469,50.90999984741211,338700
2014-08-22,50.65999984741211,50.90999984741211,50.59000015258789,50.900001525878906,356500
2014-08-25,51.04999923706055,51.04999923706055,50.869998931884766,50.93000030517578,212100
2014-08-26,51.060001373291016,51.08000183105469,50.900001525878906,50.900001525878906,250600
2014-08-27,50.790000915527344,50.810001373291016,50.68999862670898,50.77999877929688,67200
2014-08-28,50.08000183105469,50.11000061035156,49.869998931884766,50.0,136200
2014-08-29,50.130001068115234,50.4900016784668,50.060001373291016,50.33000183105469,763600
2014-09-02,50.43999862670898,50.59000015258789,50.369998931884766,50.5099983215332,379600
2014-09-03,51.93000030517578,52.11000061035156,51.77000045776367,51.97999954223633,160800
2014-09-04,51.970001220703125,52.31999969482422,51.86000061035156,52.290000915527344,283900
2014-09-05,52.41999816894531,52.41999816894531,51.90999984741211,52.06999969482422,435700
2014-09-08,52.130001068115234,52.27999877929688,51.93999862670898,52.2400016784668,284000
2014-09-09,51.720001220703125,52.08000183105469,51.66999816894531,52.08000183105469,2009800
2014-09-10,51.060001373291016,51.16999816894531,50.709999084472656,50.84000015258789,620800
2014-09-11,50.81999969482422,50.88999938964844,50.59000015258789,50.63999938964844,419000
2014-09-12,50.4900016784668,50.68999862670898,50.34999847412109,50.68999862670898,1250200
2014-09-15,49.83000183105469,50.16999816894531,49.7400016784668,50.09000015258789,551700
2014-09-16,50.20000076293945,50.650001525878906,49.290000915527344,49.34999847412109,993400
2014-09-17,49.869998931884766,50.310001373291016,49.75,50.209999084472656,371900
2014-09-18,49.84999847412109,49.93999862670898,49.7400016784668,49.84000015258789,89700
2014-09-19,49.34999847412109,49.90999984741211,49.209999084472656,49.84000015258789,271400
2014-09-22,48.470001220703125,49.0,48.31999969482422,49.0,367600
2014-09-23,48.209999084472656,48.59999847412109,48.18000030517578,48.369998931884766,423100
2014-09-24,49.20000076293945,49.34999847412109,48.709999084472656,48.95000076293945,496300
2014-09-25,48.369998931884766,48.63999938964844,48.20000076293945,48.63999938964844,229100
2014-09-26,48.52000045776367,48.68999862670898,48.38999938964844,48.43000030517578,189600
2014-09-29,47.29999923706055,47.52000045776367,47.220001220703125,47.52000045776367,382000
2014-09-30,47.380001068115234,47.470001220703125,47.08000183105469,47.16999816894531,796300
2014-10-01,46.4900016784668,47.18000030517578,46.45000076293945,47.15999984741211,654400
2014-10-02,46.369998931884766,46.59999847412109,45.59000015258789,46.459999084472656,1207100
2014-10-03,47.119998931884766,47.369998931884766,46.9900016784668,47.33000183105469,753800
2014-10-06,48.04999923706055,48.220001220703125,47.95000076293945,48.060001373291016,1233600
2014-10-07,47.68000030517578,48.09000015258789,47.65999984741211,48.060001373291016,195700
2014-10-08,48.459999084472656,48.58000183105469,47.58000183105469,47.790000915527344,974800
2014-10-09,47.7599983215332,48.25,47.59999847412109,48.18999862670898,1109000
2014-10-10,46.84999847412109,47.36000061035156,46.83000183105469,47.36000061035156,301400
2014-10-13,47.130001068115234,47.720001220703125,47.09999847412109,47.400001525878906,359400
2014-10-14,47.18000030517578,47.45000076293945,46.880001068115234,47.09000015258789,311400
2014-10-15,46.959999084472656,47.04999923706055,45.900001525878906,46.650001525878906,1375000
2014-10-16,46.790000915527344,47.150001525878906,46.02000045776367,46.09000015258789,542900
2014-10-17,47.27000045776367,47.70000076293945,47.22999954223633,47.5099983215332,386300
2014-10-20,47.38999938964844,47.41999816894531,47.0099983215332,47.09000015258789,214300
2014-10-21,47.540000915527344,47.79999923706055,47.380001068115234,47.380001068115234,279700
2014-10-22,47.43000030517578,47.77999877929688,47.369998931884766,47.709999084472656,291600
2014-10-23,47.70000076293945,47.93999862670898,47.630001068115234,47.77000045776367,242100
2014-10-24,47.83000183105469,48.0099983215332,47.630001068115234,47.720001220703125,110900
2014-10-27,47.31999969482422,47.31999969482422,46.97999954223633,47.09000015258789,296700
2014-10-28,48.459999084472656,48.54999923706055,48.119998931884766,48.119998931884766,470100
2014-10-29,48.61000061035156,49.02000045776367,48.369998931884766,48.90999984741211,983700
2014-10-30,48.650001525878906,48.84000015258789,48.369998931884766,48.369998931884766,171400
2014-10-31,49.209999084472656,49.459999084472656,49.09999847412109,49.45000076293945,397700
2014-11-03,48.88999938964844,49.02000045776367,48.70000076293945,49.02000045776367,493100
2014-11-04,49.09999847412109,49.13999938964844,48.83000183105469,49.13999938964844,375500
2014-11-05,48.790000915527344,48.90999984741211,48.619998931884766,48.81999969482422,424600
2014-11-06,48.70000076293945,48.84000015258789,48.54999923706055,48.77999877929688,725400
2014-11-07,48.54999923706055,48.59999847412109,48.2599983215332,48.27000045776367,205500
2014-11-10,48.619998931884766,49.0,48.619998931884766,48.95000076293945,133400
2014-11-11,48.77000045776367,48.84999847412109,48.58000183105469,48.7400016784668,441500
2014-11-12,48.72999954223633,49.04999923706055,48.66999816894531,48.84999847412109,625100
2014-11-13,49.02999877929688,49.130001068115234,48.84000015258789,49.130001068115234,305700
2014-11-14,50.040000915527344,50.150001525878906,49.70000076293945,49.70000076293945,760200
2014-11-17,48.66999816894531,48.72999954223633,48.54999923706055,48.709999084472656,162200
2014-11-18,48.20000076293945,48.2400016784668,48.09999847412109,48.18000030517578,410900
2014-11-19,47.95000076293945,48.09000015258789,47.720001220703125,47.84999847412109,775500
2014-11-20,47.65999984741211,47.81999969482422,47.58000183105469,47.650001525878906,1594100
2014-11-21,49.33000183105469,49.709999084472656,49.2400016784668,49.400001525878906,766400
2014-11-24,49.29999923706055,49.52000045776367,49.2400016784668,49.52000045776367,388800
2014-11-25,48.959999084472656,49.43000030517578,48.91999816894531,49.40999984741211,449700
2014-11-26,50.33000183105469,50.369998931884766,50.0099983215332,50.0099983215332,143300
2014-11-28,49.77999877929688,50.09999847412109,49.70000076293945,50.09999847412109,163600
2014-12-01,48.52000045776367,48.66999816894531,48.36000061035156,48.66999816894531,387100
2014-12-02,49.52000045776367,49.66999816894531,49.34000015258789,49.369998931884766,288000
2014-12-03,49.22999954223633,49.34000015258789,48.970001220703125,49.04999923706055,432100
2014-12-04,50.400001525878906,50.52000045776367,50.16999816894531,50.40999984741211,324000
2014-12-05,50.88999938964844,50.88999938964844,50.41999816894531,50.790000915527344,279100
2014-12-08,50.369998931884766,50.86000061035156,50.29999923706055,50.84999847412109,330700
2014-12-09,48.790000915527344,48.84000015258789,48.470001220703125,48.65999984741211,293300
2014-12-10,48.52000045776367,49.18000030517578,48.459999084472656,49.11000061035156,616800
2014-12-11,48.81999969482422,49.25,48.619998931884766,48.65999984741211,932700
2014-12-12,48.13999938964844,48.68000030517578,48.11000061035156,48.540000915527344,528200
2014-12-15,47.95000076293945,48.5099983215332,47.540000915527344,48.5099983215332,419200
2014-12-16,47.77000045776367,48.5,47.25,47.369998931884766,320700
2014-12-17,48.43000030517578,48.77999877929688,47.29999923706055,47.75,1193600
2014-12-18,48.709999084472656,48.790000915527344,48.29999923706055,48.77999877929688,409100
2014-12-19,48.90999984741211,49.09000015258789,48.45000076293945,48.45000076293945,296200
2014-12-22,49.84000015258789,49.86000061035156,49.40999984741211,49.40999984741211,250500
2014-12-23,49.209999084472656,49.459999084472656,49.04999923706055,49.459999084472656,197000
2014-12-24,48.880001068115234,48.93999862670898,48.72999954223633,48.880001068115234,68900
2014-12-26,50.08000183105469,50.52999877929688,50.040000915527344,50.119998931884766,231500
2014-12-29,50.04999923706055,50.2599983215332,50.040000915527344,50.119998931884766,109700
2014-12-30,49.459999084472656,49.68000030517578,49.40999984741211,49.43000030517578,244000
2014-12-31,50.22999954223633,50.43000030517578,50.130001068115234,50.290000915527344,144700
2015-01-02,50.2599983215332,50.79999923706055,50.16999816894531,50.709999084472656,250700
2015-01-05,50.18999862670898,50.63999938964844,50.09000015258789,50.63999938964844,278200
2015-01-06,49.709999084472656,50.34999847412109,49.5099983215332,50.25,138000
2015-01-07,50.97999954223633,51.06999969482422,50.619998931884766,50.79999923706055,198000
2015-01-08,51.4900016784668,51.63999938964844,51.34999847412109,51.40999984741211,99300
2015-01-09,51.31999969482422,51.70000076293945,51.150001525878906,51.650001525878906,1036000
2015-01-12,50.84999847412109,51.29999923706055,50.7599983215332,51.29999923706055,159200
2015-01-13,51.43000030517578,51.90999984741211,50.970001220703125,51.70000076293945,433200
2015-01-14,50.900001525878906,51.16999816894531,50.630001068115234,51.0099983215332,303800
2015-01-15,51.20000076293945,51.880001068115234,51.18000030517578,51.709999084472656,138300
2015-01-16,50.95000076293945,51.040000915527344,50.400001525878906,50.47999954223633,405100
2015-01-20,50.560001373291016,50.630001068115234,50.34000015258789,50.41999816894531,1038600
2015-01-21,52.18000030517578,52.209999084472656,51.45000076293945,51.5,446400
2015-01-22,53.060001373291016,53.09999847412109,52.11000061035156,52.27000045776367,677800
2015-01-23,52.84999847412109,53.0,52.79999923706055,52.810001373291016,236000
2015-01-26,52.7599983215332,52.97999954223633,52.65999984741211,52.77000045776367,258600
2015-01-27,51.900001525878906,51.97999954223633,51.52000045776367,51.70000076293945,677300
2015-01-28,51.150001525878906,51.68000030517578,51.060001373291016,51.68000030517578,652500
2015-01-29,51.5099983215332,51.58000183105469,50.959999084472656,51.4900016784668,592800
2015-01-30,50.400001525878906,51.06999969482422,50.310001373291016,50.9900016784668,1428500
2015-02-02,51.09999847412109,51.18000030517578,50.7400016784668,50.810001373291016,287000
2015-02-03,51.83000183105469,51.95000076293945,51.5,51.5,552500
2015-02-04,52.2400016784668,52.9900016784668,52.18000030517578,52.619998931884766,528400
2015-02-05,52.16999816894531,52.29999923706055,51.7599983215332,51.84999847412109,715800
2015-02-06,51.02999877929688,51.47999954223633,51.0,51.27999877929688,366100
2015-02-09,50.77999877929688,51.02999877929688,50.68999862670898,50.93999862670898,503800
2015-02-10,51.09999847412109,51.18999862670898,50.88999938964844,51.09000015258789,183000
2015-02-11,51.04999923706055,51.06999969482422,50.720001220703125,50.88999938964844,392700
2015-02-12,51.810001373291016,51.88999938964844,51.40999984741211,51.650001525878906,453800
2015-02-13,52.119998931884766,52.209999084472656,51.95000076293945,51.95000076293945,438200
2015-02-17,52.369998931884766,52.459999084472656,52.09999847412109,52.31999969482422,447600
2015-02-18,52.18999862670898,52.27999877929688,52.0099983215332,52.18000030517578,208300
2015-02-19,52.130001068115234,52.27000045776367,51.91999816894531,52.060001373291016,102600
2015-02-20,52.4900016784668,52.5,51.91999816894531,52.040000915527344,142400
2015-02-23,52.09000015258789,52.47999954223633,51.9900016784668,52.47999954223633,192300
2015-02-24,52.709999084472656,52.900001525878906,52.31999969482422,52.5099983215332,725300
2015-02-25,52.540000915527344,52.68999862670898,52.470001220703125,52.619998931884766,482700
2015-02-26,53.08000183105469,53.209999084472656,52.97999954223633,53.08000183105469,338800
2015-02-27,53.060001373291016,53.25,52.93999862670898,53.220001220703125,488700
2015-03-02,53.29999923706055,53.29999923706055,52.810001373291016,52.880001068115234,209000
2015-03-03,52.0,52.220001220703125,51.900001525878906,52.09999847412109,395600
2015-03-04,51.47999954223633,51.4900016784668,51.18000030517578,51.459999084472656,440200
2015-03-05,51.20000076293945,51.459999084472656,51.11000061035156,51.380001068115234,293900
2015-03-06,50.650001525878906,51.08000183105469,50.58000183105469,51.0,590700
2015-03-09,51.09999847412109,51.31999969482422,51.08000183105469,51.13999938964844,312800
2015-03-10,50.0,50.18999862670898,49.880001068115234,50.18999862670898,195900
2015-03-11,50.27999877929688,50.41999816894531,50.02000045776367,50.13999938964844,1277800
2015-03-12,50.7599983215332,51.0099983215332,50.63999938964844,50.880001068115234,1679400
2015-03-13,50.93999862670898,50.97999954223633,50.630001068115234,50.97999954223633,808600
2015-03-16,51.83000183105469,51.86000061035156,51.619998931884766,51.65999984741211,698300
2015-03-17,52.13999938964844,52.25,51.40999984741211,51.40999984741211,4500800
2015-03-18,52.90999984741211,53.119998931884766,51.93999862670898,52.25,992200
2015-03-19,52.790000915527344,52.9900016784668,52.540000915527344,52.84999847412109,544600
2015-03-20,52.970001220703125,53.18999862670898,52.77000045776367,52.880001068115234,446800
2015-03-23,52.900001525878906,53.060001373291016,52.77999877929688,52.97999954223633,542600
2015-03-24,52.68999862670898,52.7599983215332,52.52999877929688,52.52999877929688,559700
2015-03-25,52.06999969482422,52.68999862670898,52.02000045776367,52.619998931884766,1068500
2015-03-26,52.08000183105469,52.2400016784668,51.79999923706055,52.06999969482422,1169800
2015-03-27,52.84000015258789,52.970001220703125,52.59999847412109,52.810001373291016,2647000
2015-03-30,54.790000915527344,54.93999862670898,54.0,54.02000045776367,1364800
2015-03-31,54.5,54.560001373291016,54.02000045776367,54.06999969482422,1688400
2015-04-01,55.38999938964844,55.45000076293945,55.08000183105469,55.15999984741211,2872400
2015-04-02,56.06999969482422,56.16999816894531,55.7400016784668,55.7400016784668,838700
2015-04-06,56.709999084472656,56.959999084472656,56.20000076293945,56.20000076293945,417800
2015-04-07,56.75,57.11000061035156,56.75,57.02000045776367,658000
2015-04-08,60.209999084472656,60.56999969482422,59.810001373291016,60.130001068115234,979400
2015-04-09,62.84000015258789,62.970001220703125,61.290000915527344,61.290000915527344,3839900
2015-04-10,62.25,62.40999984741211,61.5,61.84000015258789,907600
2015-04-13,62.77000045776367,63.720001220703125,62.75,63.56999969482422,2500800
2015-04-14,62.209999084472656,62.400001525878906,61.43999862670898,61.52000045776367,1601800
2015-04-15,62.470001220703125,62.52999877929688,61.9900016784668,62.22999954223633,1465600
2015-04-16,63.43999862670898,63.869998931884766,62.900001525878906,63.09000015258789,737100
2015-04-17,61.220001220703125,61.540000915527344,60.36000061035156,60.4900016784668,2720500
2015-04-20,61.560001373291016,61.75,61.18999862670898,61.18999862670898,591500
2015-04-21,62.88999938964844,63.290000915527344,62.810001373291016,63.22999954223633,643400
2015-04-22,64.06999969482422,64.0999984741211,63.68999862670898,63.79999923706055,892400
2015-04-23,63.52999877929688,63.7400016784668,63.040000915527344,63.25,250800
2015-04-24,63.540000915527344,63.630001068115234,63.40999984741211,63.52999877929688,260200
2015-04-27,64.4000015258789,64.58000183105469,64.12000274658203,64.30999755859375,356400
2015-04-28,64.43000030517578,64.48999786376953,63.93999862670898,64.2699966430664,2275800
2015-04-29,63.59000015258789,63.79999923706055,63.2400016784668,63.650001525878906,394900
2015-04-30,62.68000030517578,63.18999862670898,62.650001525878906,63.060001373291016,810900
2015-05-01,63.2599983215332,63.43999862670898,62.790000915527344,62.790000915527344,190900
2015-05-04,63.77999877929688,64.02999877929688,63.08000183105469,63.130001068115234,1660700
2015-05-05,61.84000015258789,62.36000061035156,61.68000030517578,62.16999816894531,1425100
2015-05-06,60.5099983215332,61.79999923706055,60.40999984741211,61.63999938964844,523700
2015-05-07,60.18000030517578,60.220001220703125,59.72999954223633,59.93000030517578,1112500
2015-05-08,61.58000183105469,61.93000030517578,61.33000183105469,61.470001220703125,1573800
2015-05-11,61.18000030517578,62.06999969482422,61.09999847412109,61.95000076293945,1577500
2015-05-12,60.869998931884766,60.90999984741211,60.380001068115234,60.43999862670898,924900
2015-05-13,60.31999969482422,60.83000183105469,60.209999084472656,60.61000061035156,372200
2015-05-14,60.75,60.84000015258789,60.560001373291016,60.59000015258789,1372300
2015-05-15,61.790000915527344,61.95000076293945,61.43000030517578,61.45000076293945,409300
2015-05-18,61.09000015258789,61.18000030517578,60.81999969482422,60.959999084472656,387300
2015-05-19,61.75,61.880001068115234,61.56999969482422,61.81999969482422,388800
2015-05-20,61.290000915527344,61.43999862670898,61.0,61.2400016784668,525900
2015-05-21,61.040000915527344,61.11000061035156,60.88999938964844,61.040000915527344,386000
2015-05-22,62.79999923706055,63.09000015258789,62.369998931884766,62.4900016784668,803100
2015-05-26,63.060001373291016,63.7400016784668,62.810001373291016,63.43000030517578,2495900
2015-05-27,63.0,63.060001373291016,62.52999877929688,62.66999816894531,307400
2015-05-28,60.77000045776367,60.93999862670898,60.470001220703125,60.77000045776367,1018300
2015-05-29,59.84999847412109,60.70000076293945,59.79999923706055,60.61000061035156,771100
2015-06-01,60.5099983215332,60.77999877929688,60.34000015258789,60.77999877929688,197500
2015-06-02,60.40999984741211,60.7400016784668,60.22999954223633,60.29999923706055,849800
2015-06-03,60.88999938964844,61.09999847412109,60.43999862670898,60.56999969482422,1124600
2015-06-04,60.34999847412109,60.720001220703125,60.209999084472656,60.68000030517578,830100
2015-06-05,59.93999862670898,60.04999923706055,59.47999954223633,59.66999816894531,238200
2015-06-08,60.06999969482422,60.27999877929688,60.0,60.22999954223633,818400
2015-06-09,59.209999084472656,59.209999084472656,58.630001068115234,58.91999816894531,619300
2015-06-10,58.77000045776367,58.83000183105469,58.11000061035156,58.130001068115234,2454700
2015-06-11,59.13999938964844,59.2599983215332,58.869998931884766,59.0099983215332,2369200
2015-06-12,59.630001068115234,59.75,59.52000045776367,59.65999984741211,262800
2015-06-15,58.040000915527344,58.15999984741211,57.79999923706055,58.02000045776367,800800
2015-06-16,57.2599983215332,57.459999084472656,56.88999938964844,57.459999084472656,262600
2015-06-17,57.52999877929688,57.7599983215332,57.15999984741211,57.560001373291016,868100
2015-06-18,57.810001373291016,57.880001068115234,57.2599983215332,57.27000045776367,550900
2015-06-19,57.2599983215332,57.560001373291016,57.119998931884766,57.18999862670898,405500
2015-06-22,57.95000076293945,58.2599983215332,57.869998931884766,58.08000183105469,841100
2015-06-23,59.34000015258789,59.38999938964844,59.16999816894531,59.38999938964844,1403100
2015-06-24,59.43999862670898,59.959999084472656,59.380001068115234,59.77999877929688,322200
2015-06-25,57.91999816894531,58.31999969482422,57.91999816894531,58.31999969482422,1127000
2015-06-26,56.41999816894531,56.9900016784668,56.27999877929688,56.70000076293945,1386200
2015-06-29,54.81999969482422,55.52999877929688,54.810001373291016,55.38999938964844,1501200
2015-06-30,56.040000915527344,56.4900016784668,55.70000076293945,56.4900016784668,779700
2015-07-01,55.63999938964844,55.97999954223633,55.40999984741211,55.63999938964844,396100
2015-07-02,55.66999816894531,56.27999877929688,55.59000015258789,55.93999862670898,465600
2015-07-06,52.86000061035156,53.400001525878906,52.709999084472656,52.95000076293945,1419500
2015-07-07,50.720001220703125,50.83000183105469,49.34999847412109,50.06999969482422,2392400
2015-07-08,47.34000015258789,48.47999954223633,47.25,48.0,4028400
2015-07-09,49.720001220703125,51.08000183105469,49.68999862670898,50.33000183105469,4121700
2015-07-10,52.27999877929688,52.34999847412109,51.52000045776367,52.18000030517578,2799500
2015-07-13,52.54999923706055,53.0,52.5,52.95000076293945,3811600
2015-07-14,52.5099983215332,52.560001373291016,52.06999969482422,52.130001068115234,952900
2015-07-15,51.27999877929688,51.79999923706055,51.18000030517578,51.77999877929688,657800
2015-07-16,52.27000045776367,52.310001373291016,51.91999816894531,52.0099983215332,433200
2015-07-17,52.7599983215332,53.0,52.65999984741211,53.0,1518800
2015-07-20,52.52999877929688,52.72999954223633,52.220001220703125,52.5,498700
2015-07-21,52.81999969482422,53.130001068115234,52.75,52.93000030517578,729200
2015-07-22,52.150001525878906,52.400001525878906,52.09999847412109,52.34000015258789,646600
2015-07-23,52.13999938964844,52.63999938964844,52.09000015258789,52.63999938964844,830800
2015-07-24,51.560001373291016,52.0099983215332,51.22999954223633,52.0099983215332,817500
2015-07-27,49.27000045776367,49.79999923706055,49.0,49.47999954223633,3030500
2015-07-28,50.13999938964844,50.150001525878906,49.4900016784668,49.810001373291016,939000
2015-07-29,50.81999969482422,50.900001525878906,50.0,50.150001525878906,2173000
2015-07-30,50.130001068115234,50.209999084472656,49.75,50.0,597400
2015-07-31,50.040000915527344,50.4900016784668,49.810001373291016,50.290000915527344,595100
2015-08-03,49.2599983215332,49.47999954223633,49.0,49.47999954223633,535300
2015-08-04,49.5,49.86000061035156,49.400001525878906,49.59999847412109,1142000
2015-08-05,49.86000061035156,50.27999877929688,49.68999862670898,50.119998931884766,330500
2015-08-06,49.29999923706055,49.79999923706055,49.18999862670898,49.68999862670898,976500
2015-08-07,49.810001373291016,50.09000015258789,49.65999984741211,50.08000183105469,258300
2015-08-10,50.95000076293945,51.150001525878906,50.58000183105469,50.58000183105469,618600
2015-08-11,50.31999969482422,50.369998931884766,49.77000045776367,50.02000045776367,302400
2015-08-12,49.34999847412109,49.459999084472656,48.7400016784668,48.9900016784668,2980800
2015-08-13,49.540000915527344,49.9900016784668,49.52000045776367,49.68000030517578,1431800
2015-08-14,49.72999954223633,49.79999923706055,49.540000915527344,49.540000915527344,249500
2015-08-17,49.5099983215332,49.540000915527344,49.0,49.09000015258789,178500
2015-08-18,48.43000030517578,48.68000030517578,48.36000061035156,48.52000045776367,597400
2015-08-19,47.380001068115234,47.90999984741211,46.95000076293945,47.90999984741211,550400
2015-08-20,45.970001220703125,46.54999923706055,45.93000030517578,46.36000061035156,885900
2015-08-21,44.56999969482422,45.900001525878906,44.52999877929688,45.59000015258789,2630500
2015-08-24,41.380001068115234,43.43999862670898,39.77000045776367,40.630001068115234,2948900
2015-08-25,42.63999938964844,44.7599983215332,42.20000076293945,44.58000183105469,3476600
2015-08-26,43.7400016784668,43.81999969482422,42.150001525878906,43.36000061035156,2317600
2015-08-27,45.86000061035156,46.04999923706055,44.75,44.900001525878906,2100300
2015-08-28,44.66999816894531,45.02999877929688,44.43999862670898,44.95000076293945,387500
2015-08-31,44.09999847412109,44.61000061035156,43.95000076293945,44.41999816894531,325900
2015-09-01,42.06999969482422,42.75,41.79999923706055,42.5,302400
2015-09-02,42.61000061035156,42.61000061035156,42.0,42.59000015258789,159100
2015-09-03,42.86000061035156,43.65999984741211,42.7599983215332,42.93000030517578,367900
2015-09-04,41.66999816894531,42.0099983215332,41.33000183105469,42.0099983215332,1692600
2015-09-08,44.40999984741211,44.5099983215332,43.97999954223633,44.380001068115234,526000
2015-09-09,44.400001525878906,45.540000915527344,44.34000015258789,45.459999084472656,1900600
2015-09-10,44.58000183105469,44.97999954223633,44.31999969482422,44.33000183105469,449100
2015-09-11,44.900001525878906,44.91999816894531,44.25,44.36000061035156,279100
2015-09-14,44.45000076293945,44.470001220703125,44.060001373291016,44.40999984741211,358400
2015-09-15,44.970001220703125,45.11000061035156,44.38999938964844,44.459999084472656,226200
2015-09-16,46.310001373291016,46.45000076293945,45.77999877929688,45.91999816894531,477100
2015-09-17,45.65999984741211,46.65999984741211,45.220001220703125,45.36000061035156,2330200
2015-09-18,44.75,45.470001220703125,44.650001525878906,45.119998931884766,549100
2015-09-21,45.540000915527344,45.709999084472656,45.2400016784668,45.43000030517578,305700
2015-09-22,44.79999923706055,44.86000061035156,44.400001525878906,44.7400016784668,309800
2015-09-23,44.06999969482422,44.459999084472656,43.91999816894531,44.41999816894531,1213700
2015-09-24,43.84999847412109,44.02000045776367,43.20000076293945,43.47999954223633,260200
2015-09-25,43.65999984741211,44.4900016784668,43.540000915527344,44.41999816894531,297100
2015-09-28,42.630001068115234,43.33000183105469,42.560001373291016,43.33000183105469,2564400
2015-09-29,42.720001220703125,43.0,42.38999938964844,42.61000061035156,531800
2015-09-30,43.810001373291016,43.90999984741211,43.34000015258789,43.709999084472656,431300
2015-10-01,44.11000061035156,44.27000045776367,43.68000030517578,44.11000061035156,399200
2015-10-02,45.84000015258789,45.88999938964844,44.33000183105469,44.41999816894531,988500
2015-10-05,46.459999084472656,46.56999969482422,46.08000183105469,46.18000030517578,685400
2015-10-06,45.84000015258789,46.119998931884766,45.77000045776367,45.900001525878906,823500
2015-10-07,47.5099983215332,47.84000015258789,47.04999923706055,47.459999084472656,808800
2015-10-08,47.86000061035156,47.900001525878906,47.04999923706055,47.04999923706055,527300
2015-10-09,47.540000915527344,47.97999954223633,47.27999877929688,47.810001373291016,631100
2015-10-12,47.61000061035156,48.0,47.52999877929688,47.9900016784668,187600
2015-10-13,47.040000915527344,47.65999984741211,47.040000915527344,47.2400016784668,209700
2015-10-14,47.11000061035156,47.59999847412109,47.04999923706055,47.290000915527344,488900
2015-10-15,48.81999969482422,48.81999969482422,48.04999923706055,48.27000045776367,886300
2015-10-16,48.91999816894531,48.91999816894531,48.459999084472656,48.619998931884766,716900
2015-10-19,48.4900016784668,48.560001373291016,48.22999954223633,48.540000915527344,352300
2015-10-20,48.5,48.619998931884766,48.310001373291016,48.40999984741211,236800
2015-10-21,47.88999938964844,48.38999938964844,47.77999877929688,48.27000045776367,577700
2015-10-22,49.0099983215332,49.119998931884766,48.34999847412109,48.34999847412109,523400
2015-10-23,49.88999938964844,50.06999969482422,49.45000076293945,49.79999923706055,593100
2015-10-26,48.900001525878906,49.0099983215332,48.63999938964844,48.86000061035156,1554300
2015-10-27,48.52999877929688,48.59000015258789,48.2599983215332,48.41999816894531,305100
2015-10-28,47.959999084472656,48.560001373291016,47.540000915527344,48.380001068115234,616500
2015-10-29,47.45000076293945,47.63999938964844,47.380001068115234,47.45000076293945,861900
2015-10-30,47.29999923706055,47.58000183105469,47.290000915527344,47.58000183105469,396100
2015-11-02,47.7599983215332,47.790000915527344,47.220001220703125,47.25,290600
2015-11-03,47.83000183105469,48.06999969482422,47.38999938964844,47.400001525878906,344500
2015-11-04,48.34999847412109,48.97999954223633,48.16999816894531,48.880001068115234,541000
2015-11-05,48.58000183105469,48.810001373291016,48.400001525878906,48.560001373291016,942800
2015-11-06,48.27000045776367,48.380001068115234,47.720001220703125,48.0099983215332,422700
2015-11-09,47.2599983215332,47.959999084472656,47.09999847412109,47.900001525878906,475300
2015-11-10,46.959999084472656,47.16999816894531,46.810001373291016,47.09999847412109,364900
2015-11-11,47.040000915527344,47.400001525878906,46.970001220703125,47.400001525878906,199400
2015-11-12,46.9900016784668,47.58000183105469,46.95000076293945,47.52999877929688,303600
2015-11-13,46.20000076293945,46.5099983215332,46.0,46.459999084472656,491900
2015-11-16,46.9900016784668,47.04999923706055,46.290000915527344,46.290000915527344,775300
2015-11-17,46.75,47.0099983215332,46.630001068115234,46.900001525878906,2728800
2015-11-18,47.209999084472656,47.220001220703125,46.65999984741211,46.65999984741211,367500
2015-11-19,47.29999923706055,47.61000061035156,47.22999954223633,47.27999877929688,561900
2015-11-20,48.02000045776367,48.18999862670898,47.869998931884766,47.869998931884766,1005700
2015-11-23,47.630001068115234,47.86000061035156,47.540000915527344,47.77000045776367,246800
2015-11-24,47.63999938964844,47.84000015258789,47.02000045776367,47.02000045776367,301500
2015-11-25,47.47999954223633,47.58000183105469,47.27999877929688,47.4900016784668,789400
2015-11-27,46.2599983215332,46.47999954223633,46.04999923706055,46.27999877929688,1886800
2015-11-30,46.75,46.77000045776367,46.20000076293945,46.220001220703125,1917500
2015-12-01,46.95000076293945,47.02999877929688,46.63999938964844,46.68999862670898,2184000
2015-12-02,46.560001373291016,47.040000915527344,46.47999954223633,46.959999084472656,2152000
2015-12-03,46.2599983215332,46.79999923706055,46.02999877929688,46.79999923706055,662000
2015-12-04,46.75,46.90999984741211,46.18000030517578,46.18000030517578,507900
2015-12-07,46.27000045776367,46.5,46.02000045776367,46.5,672000
2015-12-08,45.619998931884766,45.709999084472656,45.02000045776367,45.22999954223633,912000
2015-12-09,45.209999084472656,45.869998931884766,45.02000045776367,45.34000015258789,694400
2015-12-10,44.91999816894531,45.18999862670898,44.72999954223633,44.959999084472656,1931400
2015-12-11,43.65999984741211,44.040000915527344,43.560001373291016,44.02000045776367,1055300
2015-12-14,44.20000076293945,44.2400016784668,43.56999969482422,44.0099983215332,569800
2015-12-15,44.93999862670898,45.2400016784668,44.77999877929688,44.84999847412109,1011000
2015-12-16,45.68999862670898,45.880001068115234,45.02000045776367,45.5,622700
2015-12-17,45.119998931884766,45.83000183105469,45.11000061035156,45.72999954223633,1154400
2015-12-18,45.34999847412109,45.630001068115234,45.11000061035156,45.380001068115234,2987700
2015-12-21,45.150001525878906,45.27000045776367,44.709999084472656,45.2599983215332,2700300
2015-12-22,45.27999877929688,45.34999847412109,44.84999847412109,45.02000045776367,964700
2015-12-23,45.95000076293945,46.02999877929688,45.70000076293945,45.72999954223633,885000
2015-12-24,45.810001373291016,45.959999084472656,45.75,45.81999969482422,177600
2015-12-28,45.209999084472656,45.27000045776367,44.90999984741211,45.220001220703125,1297500
2015-12-29,45.29999923706055,45.4900016784668,45.15999984741211,45.369998931884766,4712800
2015-12-30,44.7599983215332,45.0,44.709999084472656,44.81999969482422,927700
2015-12-31,44.619998931884766,44.90999984741211,44.52000045776367,44.650001525878906,400400
2016-01-04,43.06999969482422,43.20000076293945,42.59999847412109,43.060001373291016,647200
2016-01-05,43.02999877929688,43.15999984741211,42.77000045776367,43.060001373291016,1168100
2016-01-06,42.310001373291016,42.540000915527344,42.06999969482422,42.13999938964844,2661500
2016-01-07,40.58000183105469,41.66999816894531,40.54999923706055,40.90999984741211,1963000
2016-01-08,39.97999954223633,40.9900016784668,39.97999954223633,40.86000061035156,1641700
2016-01-11,39.810001373291016,40.27000045776367,39.380001068115234,40.11000061035156,889500
2016-01-12,39.91999816894531,40.29999923706055,39.59000015258789,40.02000045776367,3808200
2016-01-13,39.060001373291016,40.150001525878906,38.90999984741211,40.040000915527344,1370000
2016-01-14,39.56999969482422,39.75,38.619998931884766,39.040000915527344,1649400
2016-01-15,37.79999923706055,38.02999877929688,37.150001525878906,37.77999877929688,1199400
2016-01-19,38.65999984741211,39.16999816894531,38.2599983215332,38.9900016784668,1022500
2016-01-20,37.540000915527344,37.88999938964844,36.59999847412109,37.310001373291016,1957300
2016-01-21,37.720001220703125,38.18000030517578,37.119998931884766,37.47999954223633,964800
2016-01-22,38.95000076293945,39.02999877929688,38.54999923706055,38.90999984741211,1052000
2016-01-25,38.150001525878906,38.68000030517578,38.119998931884766,38.59999847412109,1067300
2016-01-26,38.40999984741211,38.5099983215332,38.0099983215332,38.09999847412109,418100
2016-01-27,37.81999969482422,38.4900016784668,37.61000061035156,37.959999084472656,604900
2016-01-28,38.16999816894531,38.66999816894531,37.88999938964844,38.540000915527344,2259500
2016-01-29,39.27999877929688,39.29999923706055,38.7400016784668,38.84000015258789,972700
2016-02-01,38.630001068115234,38.75,38.31999969482422,38.5099983215332,490000
2016-02-02,37.56999969482422,38.4900016784668,37.41999816894531,38.4900016784668,3637600
2016-02-03,38.11000061035156,38.16999816894531,36.9900016784668,37.77999877929688,1122400
2016-02-04,37.7400016784668,38.33000183105469,37.56999969482422,37.97999954223633,536700
2016-02-05,37.369998931884766,37.93000030517578,37.18000030517578,37.93000030517578,445800
2016-02-08,36.58000183105469,36.86000061035156,36.09000015258789,36.79999923706055,1002500
2016-02-09,36.04999923706055,36.52999877929688,35.79999923706055,36.0,1827000
2016-02-10,36.34000015258789,37.11000061035156,36.310001373291016,36.52000045776367,885600
2016-02-11,35.70000076293945,35.97999954223633,35.27000045776367,35.38999938964844,774300
2016-02-12,36.560001373291016,36.59000015258789,35.93000030517578,36.0,540500
2016-02-16,38.02999877929688,38.060001373291016,37.68000030517578,37.70000076293945,1242700
2016-02-17,38.65999984741211,38.77000045776367,38.220001220703125,38.25,405500
2016-02-18,38.29999923706055,38.9900016784668,38.2400016784668,38.95000076293945,981800
2016-02-19,38.540000915527344,38.7400016784668,38.27999877929688,38.40999984741211,301700
2016-02-22,39.54999923706055,39.61000061035156,39.16999816894531,39.18000030517578,371700
2016-02-23,38.4900016784668,39.13999938964844,38.47999954223633,39.04999923706055,553000
2016-02-24,38.54999923706055,38.68999862670898,37.54999923706055,37.900001525878906,1156500
2016-02-25,38.38999938964844,38.400001525878906,37.630001068115234,37.90999984741211,1956600
2016-02-26,38.43000030517578,38.93000030517578,38.41999816894531,38.810001373291016,576700
2016-02-29,38.34999847412109,38.79999923706055,38.33000183105469,38.43000030517578,1134900
2016-03-01,39.68000030517578,39.77999877929688,39.02000045776367,39.060001373291016,906400
2016-03-02,40.34000015258789,40.380001068115234,39.880001068115234,39.97999954223633,1625500
2016-03-03,40.31999969482422,40.380001068115234,39.90999984741211,39.95000076293945,689500
2016-03-04,41.40999984741211,41.61000061035156,40.61000061035156,40.83000183105469,2238100
2016-03-07,41.0,41.209999084472656,40.68999862670898,40.880001068115234,949600
2016-03-08,40.08000183105469,40.52999877929688,40.0099983215332,40.52999877929688,906500
2016-03-09,40.22999954223633,40.459999084472656,40.11000061035156,40.31999969482422,857000
2016-03-10,39.90999984741211,40.5,39.470001220703125,40.34999847412109,1079900
2016-03-11,41.310001373291016,41.31999969482422,40.7400016784668,40.790000915527344,669700
2016-03-14,41.33000183105469,41.5099983215332,41.18999862670898,41.20000076293945,501000
2016-03-15,41.040000915527344,41.09000015258789,40.63999938964844,40.900001525878906,414700
2016-03-16,41.4900016784668,41.59000015258789,40.5099983215332,40.630001068115234,583600
2016-03-17,41.7599983215332,41.88999938964844,41.27000045776367,41.400001525878906,613300
2016-03-18,42.150001525878906,42.43999862670898,42.119998931884766,42.150001525878906,1077300
2016-03-21,42.380001068115234,42.560001373291016,42.2400016784668,42.400001525878906,709800
2016-03-22,42.08000183105469,42.290000915527344,41.90999984741211,42.02999877929688,609300
2016-03-23,41.43999862670898,41.9900016784668,41.400001525878906,41.97999954223633,748800
2016-03-24,41.2400016784668,41.25,40.77000045776367,41.040000915527344,2437700
2016-03-28,41.54999923706055,41.59000015258789,41.20000076293945,41.2599983215332,503900
2016-03-29,42.060001373291016,42.09999847412109,41.13999938964844,41.22999954223633,471300
2016-03-30,42.56999969482422,42.91999816894531,42.52999877929688,42.63999938964844,1026500
2016-03-31,42.5099983215332,42.79999923706055,42.40999984741211,42.560001373291016,1044200
2016-04-01,42.36000061035156,42.5,41.470001220703125,41.65999984741211,688500
2016-04-04,41.869998931884766,42.459999084472656,41.810001373291016,42.369998931884766,556900
2016-04-05,41.0,41.45000076293945,40.95000076293945,41.369998931884766,531700
2016-04-06,41.900001525878906,41.90999984741211,41.119998931884766,41.18000030517578,689400
2016-04-07,41.18999862670898,41.54999923706055,40.97999954223633,41.5,561900
2016-04-08,41.56999969482422,42.0099983215332,41.4900016784668,41.90999984741211,1207900
2016-04-11,42.02999877929688,42.5,42.02000045776367,42.209999084472656,669800
2016-04-12,42.619998931884766,42.84999847412109,42.02999877929688,42.310001373291016,526200
2016-04-13,44.09999847412109,44.150001525878906,43.81999969482422,43.81999969482422,1095000
2016-04-14,44.02999877929688,44.13999938964844,43.880001068115234,43.97999954223633,953400
2016-04-15,43.470001220703125,43.79999923706055,43.43000030517578,43.790000915527344,1135900
2016-04-18,43.790000915527344,43.9900016784668,43.33000183105469,43.47999954223633,620300
2016-04-19,44.2400016784668,44.27999877929688,43.84000015258789,43.93999862670898,940900
2016-04-20,43.79999923706055,44.060001373291016,43.380001068115234,43.459999084472656,1775600
2016-04-21,43.470001220703125,43.869998931884766,43.369998931884766,43.869998931884766,693300
2016-04-22,43.27999877929688,43.70000076293945,43.119998931884766,43.45000076293945,699800
2016-04-25,42.93000030517578,43.02999877929688,42.709999084472656,42.959999084472656,733600
2016-04-26,43.02000045776367,43.09000015258789,42.77999877929688,42.95000076293945,731500
2016-04-27,43.18999862670898,43.36000061035156,42.709999084472656,42.72999954223633,861400
2016-04-28,42.79999923706055,43.25,42.7400016784668,42.900001525878906,845600
2016-04-29,42.27000045776367,42.54999923706055,41.97999954223633,42.380001068115234,1040500
2016-05-02,42.09999847412109,42.38999938964844,41.91999816894531,42.38999938964844,1091800
2016-05-03,41.119998931884766,41.560001373291016,41.06999969482422,41.560001373291016,1766100
2016-05-04,40.68000030517578,41.060001373291016,40.52999877929688,40.959999084472656,1556100
2016-05-05,40.810001373291016,41.209999084472656,40.68999862670898,41.04999923706055,815400
2016-05-06,40.63999938964844,40.81999969482422,40.369998931884766,40.43999862670898,1083000
2016-05-09,39.9900016784668,40.4900016784668,39.95000076293945,40.369998931884766,1289000
2016-05-10,40.68000030517578,40.7400016784668,40.27999877929688,40.27999877929688,1134700
2016-05-11,40.20000076293945,40.540000915527344,40.20000076293945,40.36000061035156,996100
2016-05-12,40.0099983215332,40.5,39.91999816894531,40.40999984741211,701700
2016-05-13,39.38999938964844,39.93999862670898,39.2400016784668,39.810001373291016,1051800
2016-05-16,40.369998931884766,40.52999877929688,39.970001220703125,40.0,2325100
2016-05-17,40.220001220703125,40.5,40.06999969482422,40.29999923706055,468000
2016-05-18,39.869998931884766,40.41999816894531,39.66999816894531,40.0,1158800
2016-05-19,39.52000045776367,39.7400016784668,39.27999877929688,39.63999938964844,4890600
2016-05-20,40.0,40.150001525878906,39.88999938964844,39.93000030517578,2281800
2016-05-23,39.95000076293945,40.150001525878906,39.880001068115234,39.93000030517578,1368300
2016-05-24,40.70000076293945,40.84999847412109,40.18999862670898,40.220001220703125,876200
2016-05-25,41.09999847412109,41.27000045776367,40.959999084472656,40.959999084472656,1146500
2016-05-26,41.119998931884766,41.13999938964844,40.91999816894531,41.04999923706055,796100
2016-05-27,41.5099983215332,41.630001068115234,41.27000045776367,41.470001220703125,1114500
2016-05-31,42.25,42.41999816894531,41.790000915527344,41.93000030517578,3497400
2016-06-01,41.77999877929688,42.0099983215332,41.68999862670898,41.91999816894531,1453100
2016-06-02,42.13999938964844,42.18999862670898,41.72999954223633,41.79999923706055,754600
2016-06-03,42.119998931884766,42.220001220703125,41.790000915527344,42.11000061035156,1484900
2016-06-06,42.68999862670898,42.810001373291016,42.33000183105469,42.40999984741211,838200
2016-06-07,42.9900016784668,43.18999862670898,42.93999862670898,43.02999877929688,1980100
2016-06-08,42.88999938964844,43.08000183105469,42.790000915527344,42.970001220703125,1594700
2016-06-09,42.630001068115234,42.709999084472656,42.400001525878906,42.459999084472656,1008300
2016-06-10,41.56999969482422,41.81999969482422,41.41999816894531,41.68000030517578,1139100
2016-06-13,40.810001373291016,41.27000045776367,40.75,40.84000015258789,1081000
2016-06-14,40.93999862670898,41.09000015258789,40.5,40.84000015258789,1662500
2016-06-15,41.150001525878906,41.5,41.08000183105469,41.22999954223633,1211900
2016-06-16,41.09999847412109,41.16999816894531,40.16999816894531,40.5,1182900
2016-06-17,40.77999877929688,40.88999938964844,40.52000045776367,40.88999938964844,933000
2016-06-20,41.43999862670898,41.77000045776367,41.40999984741211,41.43999862670898,1054900
2016-06-21,41.77999877929688,41.88999938964844,41.5,41.72999954223633,1156300
2016-06-22,41.66999816894531,42.06999969482422,41.650001525878906,41.84999847412109,1947500
2016-06-23,42.61000061035156,42.63999938964844,42.16999816894531,42.27000045776367,1335200
2016-06-24,40.380001068115234,41.400001525878906,40.209999084472656,40.400001525878906,2189100
2016-06-27,40.0,40.36000061035156,39.560001373291016,40.36000061035156,2218900
2016-06-28,40.9900016784668,41.09000015258789,40.58000183105469,40.790000915527344,3098100
2016-06-29,41.77000045776367,41.86000061035156,41.650001525878906,41.650001525878906,1513500
2016-06-30,42.38999938964844,42.63999938964844,41.959999084472656,42.02000045776367,918600
2016-07-01,42.70000076293945,42.869998931884766,42.380001068115234,42.54999923706055,708000
2016-07-05,41.84000015258789,42.08000183105469,41.66999816894531,41.9900016784668,979900
2016-07-06,41.77999877929688,41.79999923706055,41.119998931884766,41.290000915527344,1439700
2016-07-07,41.70000076293945,42.060001373291016,41.5099983215332,41.84999847412109,1241100
2016-07-08,42.34000015258789,42.41999816894531,41.900001525878906,42.02000045776367,1191800
2016-07-11,42.93000030517578,43.09999847412109,42.47999954223633,42.47999954223633,776900
2016-07-12,43.560001373291016,43.720001220703125,43.400001525878906,43.400001525878906,1334900
2016-07-13,43.310001373291016,43.43000030517578,43.09999847412109,43.41999816894531,1170300
2016-07-14,43.93000030517578,44.0099983215332,43.68000030517578,43.72999954223633,1314300
2016-07-15,43.83000183105469,44.02000045776367,43.68999862670898,44.02000045776367,875100
2016-07-18,44.22999954223633,44.2400016784668,43.630001068115234,43.72999954223633,622700
2016-07-19,43.54999923706055,43.81999969482422,43.45000076293945,43.72999954223633,893600
2016-07-20,44.09999847412109,44.130001068115234,43.880001068115234,43.959999084472656,349800
2016-07-21,44.02000045776367,44.2599983215332,43.900001525878906,44.06999969482422,1066200
2016-07-22,44.290000915527344,44.290000915527344,44.060001373291016,44.09999847412109,365100
2016-07-25,43.959999084472656,44.20000076293945,43.86000061035156,44.20000076293945,486200
2016-07-26,44.470001220703125,44.470001220703125,44.150001525878906,44.16999816894531,358200
2016-07-27,44.36000061035156,44.470001220703125,44.0099983215332,44.36000061035156,876200
2016-07-28,44.220001220703125,44.27999877929688,44.060001373291016,44.27999877929688,505800
2016-07-29,44.02000045776367,44.13999938964844,43.66999816894531,43.84999847412109,757300
2016-08-01,44.040000915527344,44.27999877929688,43.93000030517578,44.11000061035156,883100
2016-08-02,43.83000183105469,43.97999954223633,43.5,43.83000183105469,1323600
2016-08-03,43.90999984741211,43.959999084472656,43.56999969482422,43.619998931884766,977800
2016-08-04,44.04999923706055,44.220001220703125,43.880001068115234,44.0,576500
2016-08-05,44.75,44.75,44.369998931884766,44.369998931884766,574300
2016-08-08,45.02000045776367,45.09999847412109,44.93000030517578,44.95000076293945,773800
2016-08-09,45.29999923706055,45.459999084472656,45.18999862670898,45.2599983215332,182300
2016-08-10,45.22999954223633,45.47999954223633,45.150001525878906,45.369998931884766,1410300
2016-08-11,46.18000030517578,46.2599983215332,45.88999938964844,45.91999816894531,1493500
2016-08-12,46.560001373291016,46.59000015258789,46.119998931884766,46.119998931884766,964900
2016-08-15,47.380001068115234,47.40999984741211,47.0099983215332,47.09999847412109,2051000
2016-08-16,47.25,47.40999984741211,47.02999877929688,47.40999984741211,1603200
2016-08-17,47.16999816894531,47.22999954223633,46.720001220703125,47.040000915527344,3051900
2016-08-18,47.459999084472656,47.52999877929688,47.27000045776367,47.36000061035156,1393800
2016-08-19,47.369998931884766,47.40999984741211,47.06999969482422,47.29999923706055,1137700
2016-08-22,46.93999862670898,47.209999084472656,46.81999969482422,47.209999084472656,1567200
2016-08-23,46.84999847412109,47.34999847412109,46.84999847412109,47.16999816894531,1044900
2016-08-24,46.63999938964844,46.869998931884766,46.52999877929688,46.869998931884766,1536300
2016-08-25,46.630001068115234,46.75,46.43999862670898,46.43999862670898,825500
2016-08-26,46.58000183105469,47.290000915527344,46.220001220703125,46.75,1491000
2016-08-29,46.84000015258789,47.0099983215332,46.65999984741211,46.77999877929688,1092100
2016-08-30,47.22999954223633,47.41999816894531,47.11000061035156,47.119998931884766,479700
2016-08-31,46.7599983215332,46.93000030517578,46.5,46.93000030517578,1527800
2016-09-01,47.09999847412109,47.22999954223633,46.869998931884766,47.0,764600
2016-09-02,47.91999816894531,48.09999847412109,47.72999954223633,47.7599983215332,2021200
2016-09-06,49.130001068115234,49.150001525878906,48.68999862670898,48.68999862670898,2879200
2016-09-07,48.90999984741211,49.04999923706055,48.810001373291016,49.04999923706055,1829600
2016-09-08,49.2599983215332,49.43000030517578,49.02999877929688,49.06999969482422,1538300
2016-09-09,48.02999877929688,48.93999862670898,47.97999954223633,48.93999862670898,1464300
2016-09-12,48.36000061035156,48.459999084472656,47.13999938964844,47.209999084472656,1444800
2016-09-13,47.43000030517578,47.7400016784668,46.900001525878906,47.52999877929688,3391200
2016-09-14,47.54999923706055,47.95000076293945,47.470001220703125,47.70000076293945,2739100
2016-09-15,48.31999969482422,48.5,47.75,47.880001068115234,2144600
2016-09-16,48.209999084472656,48.25,47.83000183105469,48.13999938964844,1211800
2016-09-19,48.06999969482422,48.560001373291016,48.040000915527344,48.36000061035156,1165300
2016-09-20,48.09000015258789,48.4900016784668,48.09000015258789,48.459999084472656,629000
2016-09-21,49.400001525878906,49.5,48.58000183105469,48.58000183105469,1802700
2016-09-22,49.88999938964844,49.95000076293945,49.63999938964844,49.68000030517578,1482000
2016-09-23,49.08000183105469,49.400001525878906,49.06999969482422,49.369998931884766,787600
2016-09-26,48.09000015258789,48.470001220703125,48.06999969482422,48.369998931884766,928500
2016-09-27,48.720001220703125,48.810001373291016,48.45000076293945,48.5,3954100
2016-09-28,49.04999923706055,49.11000061035156,48.400001525878906,48.79999923706055,1190700
2016-09-29,48.40999984741211,49.0099983215332,48.20000076293945,48.90999984741211,2129800
2016-09-30,48.5,48.68999862670898,48.22999954223633,48.43999862670898,1157400
2016-10-03,48.61000061035156,48.65999984741211,48.310001373291016,48.47999954223633,953500
2016-10-04,48.43999862670898,48.970001220703125,48.290000915527344,48.75,1025100
2016-10-05,49.459999084472656,49.470001220703125,48.9900016784668,49.04999923706055,2555100
2016-10-06,49.43999862670898,49.5099983215332,49.13999938964844,49.36000061035156,570100
2016-10-07,48.97999954223633,49.369998931884766,48.7599983215332,49.36000061035156,886700
2016-10-10,49.7599983215332,49.93000030517578,49.18999862670898,49.18999862670898,1377200
2016-10-11,48.36000061035156,48.97999954223633,48.13999938964844,48.880001068115234,2428300
2016-10-12,48.380001068115234,48.40999984741211,48.04999923706055,48.2400016784668,7479400
2016-10-13,47.630001068115234,47.75,47.02999877929688,47.369998931884766,1795300
2016-10-14,47.84000015258789,48.22999954223633,47.720001220703125,48.06999969482422,1075200
2016-10-17,47.56999969482422,47.77000045776367,47.5099983215332,47.52000045776367,1060000
2016-10-18,48.2599983215332,48.5,48.209999084472656,48.5,891800
2016-10-19,48.40999984741211,48.4900016784668,48.18999862670898,48.310001373291016,442300
2016-10-20,48.25,48.43000030517578,48.130001068115234,48.27000045776367,890700
2016-10-21,48.369998931884766,48.38999938964844,47.9900016784668,48.04999923706055,850600
2016-10-24,48.59000015258789,48.77999877929688,48.52000045776367,48.63999938964844,806800
2016-10-25,48.400001525878906,48.68000030517578,48.380001068115234,48.68000030517578,914100
2016-10-26,47.93999862670898,48.18000030517578,47.79999923706055,48.02999877929688,875500
2016-10-27,47.52000045776367,47.81999969482422,47.459999084472656,47.709999084472656,514100
2016-10-28,47.09999847412109,47.5,46.91999816894531,47.34000015258789,1217500
2016-10-31,47.06999969482422,47.25,47.02999877929688,47.18999862670898,997300
2016-11-01,47.06999969482422,47.59000015258789,46.650001525878906,47.59000015258789,1079800
2016-11-02,46.29999923706055,47.02000045776367,46.060001373291016,46.97999954223633,1426700
2016-11-03,46.2400016784668,46.47999954223633,46.09999847412109,46.369998931884766,1546900
2016-11-04,45.84999847412109,46.08000183105469,45.75,45.959999084472656,1866200
2016-11-07,47.29999923706055,47.52000045776367,46.90999984741211,46.90999984741211,2708200
2016-11-08,47.58000183105469,47.86000061035156,46.959999084472656,47.040000915527344,1500700
2016-11-09,46.40999984741211,46.93999862670898,46.25,46.38999938964844,3748000
2016-11-10,45.75,46.56999969482422,45.380001068115234,46.52000045776367,2033600
2016-11-11,45.27999877929688,45.43999862670898,44.619998931884766,45.0,2021600
2016-11-14,44.61000061035156,45.09000015258789,44.31999969482422,44.970001220703125,2345800
2016-11-15,45.5,45.650001525878906,44.900001525878906,44.900001525878906,4036300
2016-11-16,45.040000915527344,45.27999877929688,44.90999984741211,45.0,1778700
2016-11-17,45.369998931884766,45.4900016784668,45.220001220703125,45.310001373291016,2154000
2016-11-18,45.33000183105469,45.5,45.11000061035156,45.43999862670898,527400
2016-11-21,45.63999938964844,45.720001220703125,45.47999954223633,45.540000915527344,753800
2016-11-22,46.11000061035156,46.2400016784668,45.93000030517578,46.2400016784668,1079500
2016-11-23,45.86000061035156,45.93000030517578,45.619998931884766,45.77000045776367,787000
2016-11-25,46.22999954223633,46.369998931884766,46.13999938964844,46.27999877929688,594000
2016-11-28,46.38999938964844,46.70000076293945,46.31999969482422,46.43999862670898,1049300
2016-11-29,46.66999816894531,46.810001373291016,46.290000915527344,46.34999847412109,1007300
2016-11-30,46.619998931884766,46.869998931884766,46.5099983215332,46.869998931884766,1347300
2016-12-01,46.220001220703125,46.65999984741211,46.08000183105469,46.65999984741211,993700
2016-12-02,45.88999938964844,46.18000030517578,45.81999969482422,45.97999954223633,669600
2016-12-05,45.95000076293945,46.040000915527344,45.709999084472656,45.72999954223633,1033800
2016-12-06,45.91999816894531,46.0099983215332,45.790000915527344,46.0099983215332,620700
2016-12-07,46.52000045776367,46.630001068115234,45.93999862670898,46.02999877929688,1581700
2016-12-08,46.5099983215332,46.56999969482422,46.22999954223633,46.290000915527344,1676700
2016-12-09,46.209999084472656,46.2599983215332,46.06999969482422,46.119998931884766,1181000
2016-12-12,45.27000045776367,45.5,45.08000183105469,45.45000076293945,1104700
2016-12-13,45.79999923706055,45.970001220703125,45.56999969482422,45.58000183105469,1077900
2016-12-14,44.91999816894531,45.869998931884766,44.79999923706055,45.33000183105469,1528600
2016-12-15,44.40999984741211,44.68000030517578,44.400001525878906,44.59000015258789,3566400
2016-12-16,44.0099983215332,44.41999816894531,43.93000030517578,44.2599983215332,1603200
2016-12-19,43.88999938964844,44.040000915527344,43.79999923706055,43.91999816894531,1028700
2016-12-20,43.90999984741211,44.0,43.81999969482422,43.84999847412109,962100
2016-12-21,43.36000061035156,43.560001373291016,43.31999969482422,43.560001373291016,903600
2016-12-22,42.88999938964844,43.04999923706055,42.7400016784668,43.04999923706055,2741600
2016-12-23,42.79999923706055,42.91999816894531,42.709999084472656,42.709999084472656,794900
2016-12-27,42.970001220703125,43.09000015258789,42.83000183105469,42.83000183105469,954900
2016-12-28,43.290000915527344,43.54999923706055,43.22999954223633,43.40999984741211,653300
2016-12-29,43.84000015258789,44.0099983215332,43.68000030517578,43.68000030517578,894000
2016-12-30,43.72999954223633,44.119998931884766,43.630001068115234,44.0,809900
2017-01-03,44.18999862670898,44.459999084472656,44.09000015258789,44.18000030517578,1333800
2017-01-04,44.77000045776367,44.93999862670898,44.34000015258789,44.34000015258789,1085900
2017-01-05,45.61000061035156,45.720001220703125,45.18000030517578,45.18000030517578,3145800
2017-01-06,45.34000015258789,45.5,45.15999984741211,45.5,1371300
2017-01-09,45.5099983215332,45.66999816894531,45.400001525878906,45.5,909800
2017-01-10,46.20000076293945,46.5,45.84999847412109,45.88999938964844,2087600
2017-01-11,46.369998931884766,46.47999954223633,46.02000045776367,46.34999847412109,1979200
2017-01-12,46.16999816894531,46.2599983215332,45.90999984741211,46.18000030517578,1389200
2017-01-13,46.310001373291016,46.43999862670898,46.18000030517578,46.18000030517578,975600
2017-01-17,46.220001220703125,46.27000045776367,46.060001373291016,46.220001220703125,786900
2017-01-18,46.40999984741211,46.630001068115234,46.29999923706055,46.540000915527344,686000
2017-01-19,46.18999862670898,46.400001525878906,46.04999923706055,46.369998931884766,1366800
2017-01-20,46.130001068115234,46.290000915527344,45.91999816894531,46.2400016784668,585400
2017-01-23,46.5,46.540000915527344,46.16999816894531,46.209999084472656,808600
2017-01-24,46.970001220703125,47.02999877929688,46.720001220703125,46.7400016784668,1638300
2017-01-25,47.27999877929688,47.290000915527344,47.040000915527344,47.04999923706055,539800
2017-01-26,47.27999877929688,47.470001220703125,47.220001220703125,47.38999938964844,822200
2017-01-27,47.13999938964844,47.27000045776367,47.02000045776367,47.20000076293945,837000
2017-01-30,46.95000076293945,46.9900016784668,46.68999862670898,46.86000061035156,709300
2017-01-31,47.0099983215332,47.130001068115234,46.810001373291016,46.810001373291016,878900
2017-02-01,47.02000045776367,47.34000015258789,46.900001525878906,47.290000915527344,1234500
2017-02-02,47.09999847412109,47.130001068115234,46.84999847412109,46.97999954223633,1390200
2017-02-03,47.11000061035156,47.20000076293945,46.9900016784668,47.11000061035156,1120300
2017-02-06,47.290000915527344,47.40999984741211,47.2400016784668,47.2400016784668,539900
2017-02-07,47.27000045776367,47.540000915527344,47.209999084472656,47.45000076293945,909600
2017-02-08,47.959999084472656,48.09000015258789,47.61000061035156,47.68999862670898,475600
2017-02-09,48.369998931884766,48.5099983215332,48.209999084472656,48.27000045776367,735800
2017-02-10,48.52999877929688,48.56999969482422,48.290000915527344,48.34000015258789,1324400
2017-02-13,48.77000045776367,49.02999877929688,48.70000076293945,48.709999084472656,2562200
2017-02-14,48.65999984741211,48.75,48.310001373291016,48.56999969482422,943100
2017-02-15,49.22999954223633,49.27000045776367,48.88999938964844,48.900001525878906,1518800
2017-02-16,49.2400016784668,49.459999084472656,49.18000030517578,49.33000183105469,2019300
2017-02-17,49.0099983215332,49.040000915527344,48.77000045776367,48.84000015258789,1415600
2017-02-21,49.40999984741211,49.470001220703125,49.150001525878906,49.220001220703125,1103900
2017-02-22,49.83000183105469,49.90999984741211,49.63999938964844,49.63999938964844,1303100
2017-02-23,49.68000030517578,50.02000045776367,49.52999877929688,50.0,1662600
2017-02-24,49.08000183105469,49.11000061035156,48.880001068115234,49.0,1148200
2017-02-27,48.95000076293945,48.970001220703125,48.75,48.79999923706055,1167900
2017-02-28,48.709999084472656,48.86000061035156,48.619998931884766,48.72999954223633,1112300
2017-03-01,49.27000045776367,49.369998931884766,49.02000045776367,49.11000061035156,1224000
2017-03-02,48.43000030517578,48.75,48.43000030517578,48.65999984741211,1402800
2017-03-03,48.650001525878906,48.72999954223633,48.4900016784668,48.58000183105469,718800
2017-03-06,48.59999847412109,48.619998931884766,48.41999816894531,48.54999923706055,707200
2017-03-07,48.7599983215332,48.88999938964844,48.68000030517578,48.810001373291016,1228800
2017-03-08,48.810001373291016,49.09000015258789,48.720001220703125,49.02000045776367,938400
2017-03-09,48.34000015258789,48.5099983215332,48.060001373291016,48.369998931884766,759800
2017-03-10,48.59999847412109,48.650001525878906,48.40999984741211,48.540000915527344,468000
2017-03-13,49.38999938964844,49.52000045776367,49.25,49.310001373291016,850500
2017-03-14,49.11000061035156,49.36000061035156,49.06999969482422,49.33000183105469,1317800
2017-03-15,49.84000015258789,50.0,49.150001525878906,49.310001373291016,5210500
2017-03-16,50.41999816894531,50.5,50.31999969482422,50.43999862670898,4193200
2017-03-17,50.29999923706055,50.459999084472656,50.27000045776367,50.459999084472656,1990100
2017-03-20,51.0,51.06999969482422,50.720001220703125,50.790000915527344,2678400
2017-03-21,50.25,51.2599983215332,50.119998931884766,51.25,2093200
2017-03-22,50.43000030517578,50.540000915527344,49.959999084472656,50.040000915527344,1681200
2017-03-23,50.540000915527344,50.720001220703125,50.27000045776367,50.29999923706055,1305800
2017-03-24,50.58000183105469,50.66999816894531,50.380001068115234,50.43000030517578,1198700
2017-03-27,50.38999938964844,50.459999084472656,49.869998931884766,50.0,1168900
2017-03-28,50.56999969482422,50.72999954223633,50.310001373291016,50.310001373291016,1945800
2017-03-29,50.560001373291016,50.59000015258789,50.31999969482422,50.34000015258789,950100
2017-03-30,50.27999877929688,50.34000015258789,50.15999984741211,50.18999862670898,1172400
2017-03-31,49.93000030517578,50.04999923706055,49.86000061035156,49.9900016784668,1875800
2017-04-03,50.34999847412109,50.400001525878906,50.0,50.22999954223633,1155500
2017-04-04,50.369998931884766,50.4900016784668,50.18999862670898,50.27999877929688,1029000
2017-04-05,50.400001525878906,50.66999816894531,50.310001373291016,50.650001525878906,4122700
2017-04-06,50.38999938964844,50.40999984741211,50.18999862670898,50.34000015258789,1150500
2017-04-07,50.38999938964844,50.540000915527344,50.18000030517578,50.34000015258789,1120200
2017-04-10,50.29999923706055,50.34999847412109,50.130001068115234,50.16999816894531,815000
2017-04-11,50.0,50.18999862670898,49.709999084472656,50.15999984741211,1515400
2017-04-12,50.18999862670898,50.2400016784668,50.0,50.209999084472656,1352500
2017-04-13,49.970001220703125,50.41999816894531,49.970001220703125,50.2400016784668,1330600
2017-04-17,50.34999847412109,50.41999816894531,50.0,50.08000183105469,5053900
2017-04-18,49.65999984741211,49.79999923706055,49.52000045776367,49.63999938964844,925700
2017-04-19,49.59999847412109,49.959999084472656,49.52000045776367,49.790000915527344,462100
2017-04-20,50.380001068115234,50.41999816894531,50.09999847412109,50.119998931884766,1361100
2017-04-21,50.34000015258789,50.38999938964844,50.15999984741211,50.18000030517578,816800
2017-04-24,50.720001220703125,50.790000915527344,50.65999984741211,50.66999816894531,598900
2017-04-25,51.310001373291016,51.45000076293945,51.2599983215332,51.29999923706055,1067000
2017-04-26,51.220001220703125,51.38999938964844,51.15999984741211,51.290000915527344,2760600
2017-04-27,51.130001068115234,51.2599983215332,51.040000915527344,51.119998931884766,792000
2017-04-28,51.15999984741211,51.16999816894531,50.93000030517578,51.11000061035156,1423600
2017-05-01,51.36000061035156,51.52999877929688,51.220001220703125,51.27999877929688,474200
2017-05-02,51.34000015258789,51.52999877929688,51.22999954223633,51.290000915527344,1090400
2017-05-03,51.130001068115234,51.290000915527344,50.95000076293945,51.25,954200
2017-05-04,50.45000076293945,50.790000915527344,50.310001373291016,50.790000915527344,1266300
2017-05-05,50.619998931884766,50.630001068115234,50.209999084472656,50.29999923706055,1419300
2017-05-08,50.68999862670898,50.88999938964844,50.650001525878906,50.81999969482422,796500
2017-05-09,51.61000061035156,51.77000045776367,51.38999938964844,51.38999938964844,1815800
2017-05-10,52.08000183105469,52.09999847412109,51.81999969482422,51.93999862670898,1554400
2017-05-11,51.97999954223633,52.04999923706055,51.65999984741211,51.959999084472656,1424000
2017-05-12,52.40999984741211,52.45000076293945,52.16999816894531,52.18999862670898,1621700
2017-05-15,52.91999816894531,52.970001220703125,52.43999862670898,52.58000183105469,2244400
2017-05-16,53.16999816894531,53.18999862670898,52.790000915527344,52.790000915527344,1204100
2017-05-17,52.369998931884766,52.900001525878906,52.33000183105469,52.900001525878906,1611300
2017-05-18,52.47999954223633,52.650001525878906,51.68000030517578,52.02999877929688,1835500
2017-05-19,53.2400016784668,53.38999938964844,52.869998931884766,52.90999984741211,1002300
2017-05-22,53.84999847412109,53.93000030517578,53.61000061035156,53.68999862670898,981000
2017-05-23,53.5099983215332,53.84999847412109,53.43999862670898,53.7400016784668,3336600
2017-05-24,53.540000915527344,53.59000015258789,53.40999984741211,53.560001373291016,970100
2017-05-25,54.16999816894531,54.22999954223633,53.9900016784668,54.04999923706055,1250900
2017-05-26,54.18999862670898,54.22999954223633,54.02999877929688,54.06999969482422,755700
2017-05-30,54.220001220703125,54.2599983215332,54.0099983215332,54.040000915527344,1310500
2017-05-31,53.77000045776367,54.11000061035156,53.650001525878906,54.11000061035156,1335200
2017-06-01,54.43000030517578,54.43000030517578,53.93999862670898,54.02999877929688,1532200
2017-06-02,54.470001220703125,54.4900016784668,54.22999954223633,54.36000061035156,473600
2017-06-05,54.380001068115234,54.54999923706055,54.33000183105469,54.38999938964844,858000
2017-06-06,54.630001068115234,54.77999877929688,54.470001220703125,54.5099983215332,1194700
2017-06-07,54.79999923706055,54.79999923706055,54.54999923706055,54.59999847412109,799400
2017-06-08,55.79999923706055,56.06999969482422,55.34999847412109,56.0099983215332,2081500
2017-06-09,55.04999923706055,55.97999954223633,54.66999816894531,55.83000183105469,2775900
2017-06-12,54.59000015258789,54.77000045776367,54.150001525878906,54.61000061035156,3149600
2017-06-13,54.630001068115234,55.08000183105469,54.560001373291016,54.93999862670898,4248300
2017-06-14,54.38999938964844,54.88999938964844,54.22999954223633,54.810001373291016,1868000
2017-06-15,53.83000183105469,53.869998931884766,53.540000915527344,53.84000015258789,1926300
2017-06-16,53.900001525878906,54.0,53.65999984741211,54.0,2699200
2017-06-19,54.93999862670898,55.0,54.61000061035156,54.630001068115234,1476600
2017-06-20,54.310001373291016,54.540000915527344,54.27000045776367,54.470001220703125,1789100
2017-06-21,54.650001525878906,54.7599983215332,54.459999084472656,54.4900016784668,1530400
2017-06-22,54.93000030517578,55.150001525878906,54.810001373291016,55.0,891700
2017-06-23,55.02999877929688,55.119998931884766,54.810001373291016,54.810001373291016,921500
2017-06-26,55.470001220703125,55.77000045776367,55.2599983215332,55.61000061035156,1806400
2017-06-27,54.91999816894531,55.45000076293945,54.90999984741211,55.41999816894531,1076000
2017-06-28,55.33000183105469,55.369998931884766,54.88999938964844,55.06999969482422,1362900
2017-06-29,54.58000183105469,55.130001068115234,54.13999938964844,55.130001068115234,2132700
2017-06-30,54.68999862670898,54.93999862670898,54.59000015258789,54.84999847412109,1700300
2017-07-03,55.02999877929688,55.36000061035156,54.95000076293945,55.18999862670898,995600
2017-07-05,54.95000076293945,55.0,54.41999816894531,54.68000030517578,1930700
2017-07-06,54.2400016784668,54.65999984741211,54.18999862670898,54.59999847412109,1011200
2017-07-07,54.310001373291016,54.43999862670898,54.13999938964844,54.369998931884766,1385100
2017-07-10,54.650001525878906,54.72999954223633,54.290000915527344,54.310001373291016,831500
2017-07-11,55.650001525878906,55.70000076293945,55.29999923706055,55.47999954223633,963000
2017-07-12,56.81999969482422,56.88999938964844,56.36000061035156,56.40999984741211,1679800
2017-07-13,56.93999862670898,56.970001220703125,56.720001220703125,56.880001068115234,1307400
2017-07-14,57.7400016784668,57.810001373291016,57.18000030517578,57.18000030517578,655200
2017-07-17,57.400001525878906,57.540000915527344,57.220001220703125,57.52999877929688,1522100
2017-07-18,57.70000076293945,57.75,57.13999938964844,57.310001373291016,737600
2017-07-19,58.43999862670898,58.720001220703125,58.36000061035156,58.47999954223633,2272400
2017-07-20,58.20000076293945,58.52999877929688,58.15999984741211,58.52999877929688,2546700
2017-07-21,58.13999938964844,58.16999816894531,57.93999862670898,58.11000061035156,596500
2017-07-24,58.47999954223633,58.54999923706055,58.34999847412109,58.38999938964844,1040600
2017-07-25,58.43999862670898,58.650001525878906,58.34999847412109,58.56999969482422,1020000
2017-07-26,59.040000915527344,59.060001373291016,58.459999084472656,58.58000183105469,1742700
2017-07-27,58.7400016784668,59.52000045776367,58.13999938964844,59.47999954223633,1676000
2017-07-28,59.2599983215332,59.34000015258789,58.56999969482422,58.77999877929688,1474900
2017-07-31,59.40999984741211,59.75,59.34000015258789,59.75,1030100
2017-08-01,59.810001373291016,60.02999877929688,59.70000076293945,60.0,1325100
2017-08-02,59.34000015258789,59.83000183105469,59.0,59.81999969482422,1438500
2017-08-03,59.369998931884766,59.41999816894531,58.959999084472656,59.29999923706055,973800
2017-08-04,59.59999847412109,59.65999984741211,59.33000183105469,59.560001373291016,673700
2017-08-07,60.34999847412109,60.36000061035156,59.93999862670898,60.0,926100
2017-08-08,60.810001373291016,61.150001525878906,60.650001525878906,60.77000045776367,1052600
2017-08-09,60.66999816894531,60.66999816894531,60.20000076293945,60.59000015258789,1249500
2017-08-10,58.70000076293945,59.9900016784668,58.630001068115234,59.9900016784668,2089700
2017-08-11,58.59999847412109,58.7599983215332,58.040000915527344,58.31999969482422,1887400
2017-08-14,59.38999938964844,59.52000045776367,59.20000076293945,59.400001525878906,745300
2017-08-15,59.310001373291016,59.369998931884766,58.9900016784668,59.369998931884766,1356100
2017-08-16,60.40999984741211,60.5,60.2400016784668,60.34999847412109,2712200
2017-08-17,59.38999938964844,60.209999084472656,59.310001373291016,60.09999847412109,2308600
2017-08-18,59.66999816894531,60.02000045776367,59.290000915527344,59.52000045776367,1778900
2017-08-21,60.34000015258789,60.38999938964844,60.02000045776367,60.18000030517578,880200
2017-08-22,61.20000076293945,61.220001220703125,60.70000076293945,60.70000076293945,3209400
2017-08-23,61.58000183105469,61.65999984741211,60.95000076293945,60.95000076293945,1859800
2017-08-24,61.560001373291016,61.790000915527344,61.36000061035156,61.7599983215332,913200
2017-08-25,61.7599983215332,62.2400016784668,61.70000076293945,62.13999938964844,1474700
2017-08-28,61.27000045776367,61.7599983215332,61.15999984741211,61.7599983215332,1046900
2017-08-29,61.27999877929688,61.369998931884766,60.52999877929688,60.59999847412109,1097000
2017-08-30,61.7599983215332,61.84999847412109,61.41999816894531,61.52000045776367,1451600
2017-08-31,62.0,62.09999847412109,61.79999923706055,61.95000076293945,1177100
2017-09-01,62.119998931884766,62.209999084472656,61.86000061035156,62.08000183105469,775200
2017-09-05,61.31999969482422,61.790000915527344,60.97999954223633,61.59000015258789,1357200
2017-09-06,61.59999847412109,61.75,61.369998931884766,61.630001068115234,1332600
2017-09-07,62.02000045776367,62.02000045776367,61.630001068115234,61.7599983215332,932300
2017-09-08,61.540000915527344,62.060001373291016,61.5099983215332,62.060001373291016,1084300
2017-09-11,62.84000015258789,62.84999847412109,62.310001373291016,62.310001373291016,903900
2017-09-12,63.0,63.04999923706055,62.790000915527344,63.040000915527344,1995400
2017-09-13,63.150001525878906,63.27999877929688,62.869998931884766,63.0,3194400
2017-09-14,63.09999847412109,63.209999084472656,62.810001373291016,62.880001068115234,3590300
2017-09-15,63.650001525878906,63.75,63.0099983215332,63.27000045776367,3057400
2017-09-18,64.26000213623047,64.33999633789062,64.05000305175781,64.08999633789062,889100
2017-09-19,64.37999725341797,64.41000366210938,64.06999969482422,64.38999938964844,831000
2017-09-20,64.2699966430664,64.70999908447266,63.540000915527344,64.62000274658203,2206400
2017-09-21,64.27999877929688,64.63999938964844,64.02999877929688,64.63999938964844,1059600
2017-09-22,63.83000183105469,63.93000030517578,63.650001525878906,63.84000015258789,1076000
2017-09-25,61.880001068115234,62.77000045776367,61.54999923706055,62.720001220703125,3234200
2017-09-26,62.02000045776367,62.59000015258789,61.90999984741211,62.45000076293945,3863300
2017-09-27,62.5,62.70000076293945,62.13999938964844,62.560001373291016,2153800
2017-09-28,62.20000076293945,62.27999877929688,61.81999969482422,61.81999969482422,1447000
2017-09-29,63.09000015258789,63.27999877929688,62.45000076293945,62.45000076293945,1816600
2017-10-02,63.41999816894531,63.79999923706055,63.34999847412109,63.5,1615300
2017-10-03,64.94000244140625,64.95999908447266,64.38999938964844,64.61000061035156,1552100
2017-10-04,64.86000061035156,65.06999969482422,64.7699966430664,64.9000015258789,1449800
2017-10-05,65.73999786376953,65.80999755859375,65.08000183105469,65.0999984741211,3488900
2017-10-06,65.30999755859375,65.3499984741211,64.9000015258789,65.0199966430664,1057000
2017-10-09,65.36000061035156,65.5,65.11000061035156,65.19999694824219,619900
2017-10-10,66.01000213623047,66.01000213623047,65.5999984741211,65.62000274658203,1551200
2017-10-11,65.75,65.77999877929688,65.38999938964844,65.41999816894531,1338300
2017-10-12,65.37999725341797,65.69999694824219,65.2699966430664,65.69999694824219,1245700
2017-10-13,65.83999633789062,66.05999755859375,65.66999816894531,65.81999969482422,1137500
2017-10-16,66.1500015258789,66.2300033569336,65.97000122070312,66.20999908447266,664600
2017-10-17,65.58000183105469,66.1500015258789,65.54000091552734,66.02999877929688,1377300
2017-10-18,66.19000244140625,66.3499984741211,65.79000091552734,66.08000183105469,934400
2017-10-19,65.02999877929688,65.06999969482422,64.61000061035156,65.05000305175781,800900
2017-10-20,65.5199966430664,65.72000122070312,65.41999816894531,65.69000244140625,1127000
2017-10-23,64.88999938964844,65.5,64.86000061035156,65.5,828500
2017-10-24,64.83999633789062,65.27999877929688,64.77999877929688,65.0,781200
2017-10-25,64.52999877929688,65.36000061035156,64.02999877929688,65.26000213623047,1860500
2017-10-26,64.31999969482422,64.8499984741211,64.30000305175781,64.58999633789062,1371000
2017-10-27,65.16999816894531,65.20999908447266,64.33000183105469,64.7300033569336,1591900
2017-10-30,64.66999816894531,64.97000122070312,64.3499984741211,64.69000244140625,1564300
2017-10-31,65.30000305175781,65.30999755859375,64.87999725341797,64.95999908447266,844300
2017-11-01,65.75,66.2699966430664,65.68000030517578,66.02999877929688,1257700
2017-11-02,65.8499984741211,66.1500015258789,65.54000091552734,66.0199966430664,1489600
2017-11-03,65.83000183105469,66.11000061035156,65.5,65.91999816894531,1221800
2017-11-06,66.80999755859375,66.87999725341797,66.18000030517578,66.19000244140625,1326900
2017-11-07,67.05000305175781,67.44999694824219,66.95999908447266,67.41999816894531,1705800
2017-11-08,67.19999694824219,67.26000213623047,66.97000122070312,67.18000030517578,1001600
2017-11-09,67.06999969482422,67.19000244140625,66.37000274658203,67.19000244140625,1961200
2017-11-10,67.38999938964844,67.41999816894531,67.08999633789062,67.33999633789062,1244100
2017-11-13,67.37000274658203,67.58999633789062,67.11000061035156,67.36000061035156,959900
2017-11-14,66.55999755859375,67.12000274658203,66.3499984741211,67.06999969482422,1173400
2017-11-15,66.08999633789062,66.27999877929688,65.62999725341797,66.0199966430664,2300500
2017-11-16,67.54000091552734,67.80000305175781,66.9000015258789,66.97000122070312,1984100
2017-11-17,67.56999969482422,67.79000091552734,67.5,67.5,2375500
2017-11-20,68.38999938964844,68.51000213623047,68.05999755859375,68.11000061035156,1907600
2017-11-21,69.95999908447266,70.16999816894531,69.77999877929688,69.87000274658203,2346000
2017-11-22,69.83999633789062,69.9800033569336,69.58000183105469,69.9000015258789,1509000
2017-11-24,69.44999694824219,69.45999908447266,69.16999816894531,69.29000091552734,1169600
2017-11-27,68.13999938964844,68.76000213623047,68.13999938964844,68.69999694824219,1271300
2017-11-28,68.66999816894531,68.80999755859375,68.18000030517578,68.4800033569336,1378600
2017-11-29,66.95999908447266,68.0199966430664,66.31999969482422,68.0,2110100
2017-11-30,66.23999786376953,66.7699966430664,66.12000274658203,66.7699966430664,2728000
2017-12-01,65.30999755859375,66.0,64.87000274658203,65.58000183105469,2859600
2017-12-04,65.04000091552734,66.26000213623047,64.9800033569336,66.02999877929688,2125700
2017-12-05,64.75,65.36000061035156,64.38999938964844,64.68000030517578,1658100
2017-12-06,63.900001525878906,64.02999877929688,63.16999816894531,63.27000045776367,2430800
2017-12-07,64.29000091552734,64.47000122070312,63.84000015258789,63.93999862670898,1962100
2017-12-08,65.51000213623047,65.79000091552734,65.37999725341797,65.58000183105469,1427800
2017-12-11,66.29000091552734,66.4000015258789,66.01000213623047,66.01000213623047,1221400
2017-12-12,65.37000274658203,65.55000305175781,65.16000366210938,65.55000305175781,1299100
2017-12-13,66.58999633789062,66.7300033569336,66.08000183105469,66.08000183105469,2747300
2017-12-14,65.7300033569336,66.16999816894531,65.72000122070312,66.16999816894531,1633300
2017-12-15,65.61000061035156,65.76000213623047,65.04000091552734,65.45999908447266,5328700
2017-12-18,66.25,66.43000030517578,66.0,66.06999969482422,1561500
2017-12-19,65.12000274658203,65.66999816894531,65.08999633789062,65.58999633789062,1818600
2017-12-20,65.08999633789062,65.37999725341797,64.9800033569336,65.30999755859375,1318300
2017-12-21,66.29000091552734,66.44000244140625,65.70999908447266,65.70999908447266,1550000
2017-12-22,66.77999877929688,66.79000091552734,66.29000091552734,66.41999816894531,753800
2017-12-26,66.44000244140625,66.69000244140625,66.25,66.63999938964844,815800
2017-12-27,66.16999816894531,66.3499984741211,66.0,66.0999984741211,1024700
2017-12-28,66.4000015258789,66.80000305175781,66.2699966430664,66.77999877929688,1068600
2017-12-29,66.54000091552734,66.75,66.44999694824219,66.73999786376953,1298000
2018-01-02,69.12999725341797,69.18000030517578,68.12000274658203,68.36000061035156,2333300
2018-01-03,69.68000030517578,69.72000122070312,69.36000061035156,69.44999694824219,2129600
2018-01-04,70.11000061035156,70.3499984741211,69.88999938964844,70.0999984741211,3013100
2018-01-05,70.61000061035156,70.62000274658203,70.05999755859375,70.13999938964844,1772800
2018-01-08,70.95999908447266,71.08000183105469,70.58000183105469,70.66999816894531,1091800
2018-01-09,71.0,71.18000030517578,70.6500015258789,71.12000274658203,2259900
2018-01-10,70.72000122070312,70.87000274658203,70.30000305175781,70.7300033569336,2309800
2018-01-11,70.9000015258789,70.9000015258789,70.48999786376953,70.6500015258789,1458900
2018-01-12,71.98999786376953,72.01000213623047,71.23999786376953,71.37000274658203,1442400
2018-01-16,71.3499984741211,72.66000366210938,71.16000366210938,72.31999969482422,2535000
2018-01-17,72.41999816894531,72.62000274658203,71.83999633789062,72.12999725341797,1657600
2018-01-18,72.55000305175781,72.62000274658203,72.18000030517578,72.44000244140625,2812500
2018-01-19,73.4000015258789,73.4000015258789,72.77999877929688,73.13999938964844,2628300
2018-01-22,73.91000366210938,73.93000030517578,73.19000244140625,73.51000213623047,2052200
2018-01-23,75.0,75.0199966430664,74.22000122070312,74.33000183105469,2311400
2018-01-24,75.19999694824219,75.88999938964844,74.63999938964844,75.3499984741211,2977500
2018-01-25,74.69000244140625,75.16000366210938,74.11000061035156,74.5999984741211,2228000
2018-01-26,76.72000122070312,76.72000122070312,75.83000183105469,76.04000091552734,4320900
2018-01-29,75.23999786376953,75.58999633789062,75.11000061035156,75.5199966430664,2866200
2018-01-30,73.83999633789062,74.27999877929688,73.48999786376953,74.27999877929688,2370600
2018-01-31,74.80999755859375,75.2699966430664,74.3499984741211,75.16999816894531,3753000
2018-02-01,73.11000061035156,73.98999786376953,72.97000122070312,73.45999908447266,2587400
2018-02-02,71.70999908447266,73.41999816894531,71.66999816894531,73.30999755859375,4127400
2018-02-05,69.58000183105469,72.77999877929688,69.30999755859375,71.80000305175781,5196200
2018-02-06,71.0199966430664,71.7699966430664,68.0,68.16999816894531,9000300
2018-02-07,68.29000091552734,69.88999938964844,68.27999877929688,68.9800033569336,3828200
2018-02-08,65.38999938964844,68.48999786376953,65.37999725341797,68.33000183105469,6370100
2018-02-09,65.83000183105469,66.33000183105469,63.5099983215332,65.5,8889100
2018-02-12,66.98999786376953,67.38999938964844,66.08000183105469,66.52999877929688,4493000
2018-02-13,67.69000244140625,67.81999969482422,66.80999755859375,66.80999755859375,2439800
2018-02-14,69.81999969482422,69.94000244140625,67.69000244140625,67.75,3010000
2018-02-15,71.56999969482422,71.98999786376953,70.44999694824219,71.41999816894531,3058900
2018-02-16,71.23999786376953,72.12000274658203,71.05000305175781,71.12999725341797,2566100
2018-02-20,70.62999725341797,71.02999877929688,70.08000183105469,70.80999755859375,2859800
2018-02-21,71.27999877929688,72.91999816894531,71.25,71.77999877929688,4680200
2018-02-22,71.16000366210938,71.9000015258789,71.04000091552734,71.41999816894531,2891200
2018-02-23,72.33999633789062,72.37000274658203,71.52999877929688,71.83999633789062,2126700
2018-02-26,73.0,73.08999633789062,72.08000183105469,72.56999969482422,2381400
2018-02-27,70.20999908447266,71.76000213623047,70.19000244140625,71.70999908447266,2673500
2018-02-28,69.19999694824219,70.23999786376953,69.16000366210938,70.20999908447266,2697500
2018-03-01,68.9800033569336,70.47000122070312,68.31999969482422,70.20999908447266,4062300
2018-03-02,68.9800033569336,69.18000030517578,67.22000122070312,67.86000061035156,3887100
2018-03-05,69.06999969482422,69.23999786376953,67.8499984741211,67.87999725341797,3053700
2018-03-06,69.7699966430664,70.2300033569336,69.37000274658203,70.19999694824219,2160500
2018-03-07,69.9800033569336,70.04000091552734,69.0,69.23999786376953,1696900
2018-03-08,70.26000213623047,70.62000274658203,69.87999725341797,70.51000213623047,2025100
2018-03-09,72.0999984741211,72.13999938964844,70.97000122070312,71.0999984741211,2546500
2018-03-12,72.38999938964844,72.56999969482422,71.86000061035156,72.31999969482422,3245200
2018-03-13,71.18000030517578,72.72000122070312,70.94000244140625,72.61000061035156,3202400
2018-03-14,71.7300033569336,72.19999694824219,71.1500015258789,71.98999786376953,2259300
2018-03-15,72.54000091552734,73.08999633789062,72.1500015258789,72.70999908447266,2239800
2018-03-16,72.63999938964844,72.7699966430664,72.27999877929688,72.44999694824219,2074000
2018-03-19,71.56999969482422,72.19000244140625,71.11000061035156,72.18000030517578,2063200
2018-03-20,72.86000061035156,73.08000183105469,72.44000244140625,72.5,1628500
2018-03-21,72.18000030517578,72.62999725341797,71.70999908447266,72.05000305175781,2972500
2018-03-22,68.52999877929688,70.05999755859375,68.43000030517578,69.6500015258789,8353800
2018-03-23,67.08999633789062,68.80000305175781,67.0199966430664,68.69000244140625,5446100
2018-03-26,69.79000091552734,69.91000366210938,68.13999938964844,69.05999755859375,3166500
2018-03-27,68.31999969482422,70.19000244140625,67.91999816894531,70.0999984741211,3543100
2018-03-28,67.36000061035156,67.83000183105469,66.7699966430664,67.76000213623047,4932100
2018-03-29,68.56999969482422,68.91999816894531,67.54000091552734,67.66000366210938,4175500
2018-04-02,66.91000366210938,68.4000015258789,66.18000030517578,67.9000015258789,4245200
2018-04-03,67.54000091552734,68.01000213623047,66.94000244140625,67.77999877929688,3896300
2018-04-04,67.6500015258789,67.72000122070312,65.38999938964844,65.43000030517578,3907400
2018-04-05,67.83000183105469,68.30000305175781,67.56999969482422,67.94999694824219,2523800
2018-04-06,66.19999694824219,67.58999633789062,65.7699966430664,66.83999633789062,4731200
2018-04-09,67.06999969482422,67.95999908447266,66.76000213623047,67.16000366210938,2090900
2018-04-10,69.08000183105469,69.30000305175781,68.44999694824219,68.80000305175781,3401100
2018-04-11,69.01000213623047,69.37999725341797,68.6500015258789,68.80999755859375,2191900
2018-04-12,69.0999984741211,69.33000183105469,68.69999694824219,68.87999725341797,2018900
2018-04-13,67.83000183105469,68.7699966430664,67.5199966430664,68.72000122070312,2095900
2018-04-16,67.4800033569336,67.5,66.8499984741211,67.06999969482422,1548900
2018-04-17,67.7699966430664,67.97000122070312,66.98999786376953,67.05000305175781,2385400
2018-04-18,67.76000213623047,68.0,67.06999969482422,67.3499984741211,2669800
2018-04-19,67.75,68.33999633789062,67.4800033569336,68.25,1687000
2018-04-20,66.8499984741211,67.2300033569336,66.5,67.2300033569336,3236900
2018-04-23,66.44999694824219,66.98999786376953,66.2300033569336,66.7300033569336,2717200
2018-04-24,66.47000122070312,67.79000091552734,66.1500015258789,67.58000183105469,6349700
2018-04-25,66.02999877929688,66.22000122070312,65.41000366210938,66.19000244140625,3107600
2018-04-26,66.63999938964844,66.70999908447266,65.97000122070312,66.11000061035156,4172200
2018-04-27,66.95999908447266,67.0199966430664,66.30999755859375,66.80000305175781,2270300
2018-04-30,66.8499984741211,67.69000244140625,66.83999633789062,67.55000305175781,3032400
2018-05-01,66.98999786376953,67.05000305175781,66.13999938964844,66.69000244140625,1892800
2018-05-02,66.81999969482422,67.36000061035156,66.7300033569336,67.36000061035156,2893700
2018-05-03,66.5,66.76000213623047,65.29000091552734,66.45999908447266,4148400
2018-05-04,67.19999694824219,67.48999786376953,65.79000091552734,65.91000366210938,2228100
2018-05-07,67.3499984741211,67.56999969482422,66.87000274658203,66.87000274658203,2284600
2018-05-08,68.2699966430664,68.30999755859375,67.54000091552734,67.9800033569336,2807000
2018-05-09,68.61000061035156,68.79000091552734,68.19000244140625,68.58999633789062,1958300
2018-05-10,69.80999755859375,70.12000274658203,69.08000183105469,69.08000183105469,4326200
2018-05-11,69.73999786376953,70.01000213623047,69.47000122070312,69.98999786376953,1998700
2018-05-14,70.33999633789062,70.8499984741211,70.25,70.41999816894531,1977800
2018-05-15,69.04000091552734,69.19000244140625,68.6500015258789,69.0999984741211,4178800
2018-05-16,70.5,70.5999984741211,69.76000213623047,69.87000274658203,4384100
2018-05-17,69.48999786376953,70.0999984741211,69.30999755859375,69.70999908447266,2177700
2018-05-18,69.16000366210938,69.41999816894531,69.04000091552734,69.38999938964844,2271800
2018-05-21,69.69000244140625,70.06999969482422,69.41999816894531,69.9000015258789,1585600
2018-05-22,69.36000061035156,70.13999938964844,69.29000091552734,69.80000305175781,1957900
2018-05-23,69.30000305175781,69.33999633789062,68.5,68.55000305175781,3745400
2018-05-24,69.0199966430664,69.25,68.31999969482422,69.12000274658203,2258800
2018-05-25,69.18000030517578,69.19999694824219,68.69999694824219,68.80000305175781,1978100
2018-05-29,67.97000122070312,68.9000015258789,67.58000183105469,68.62999725341797,3885100
2018-05-30,68.2699966430664,68.43000030517578,67.73999786376953,68.08000183105469,3169300
2018-05-31,68.83000183105469,69.19999694824219,68.41999816894531,68.62999725341797,4541500
2018-06-01,69.87000274658203,70.0199966430664,69.05999755859375,69.20999908447266,4120600
2018-06-04,71.05999755859375,71.16000366210938,70.45999908447266,70.56999969482422,2615700
2018-06-05,71.23999786376953,71.45999908447266,70.91999816894531,71.3499984741211,2916700
2018-06-06,72.13999938964844,72.1500015258789,71.43000030517578,71.54000091552734,3075900
2018-06-07,71.30999755859375,72.16000366210938,70.80999755859375,72.16000366210938,6287400
2018-06-08,71.08999633789062,71.38999938964844,70.41000366210938,70.55000305175781,2683100
2018-06-11,71.12000274658203,71.31999969482422,71.0199966430664,71.12000274658203,2136300
2018-06-12,71.43000030517578,71.5,70.98999786376953,71.31999969482422,2594300
2018-06-13,70.4800033569336,71.19999694824219,70.25,71.16999816894531,4181800
2018-06-14,70.45999908447266,70.81999969482422,70.33000183105469,70.6500015258789,4424200
2018-06-15,70.16000366210938,70.16999816894531,69.41999816894531,69.61000061035156,3549800
2018-06-18,69.47000122070312,69.52999877929688,68.72000122070312,69.19000244140625,3560200
2018-06-19,67.87999725341797,67.94000244140625,67.02999877929688,67.51000213623047,4598000
2018-06-20,67.8499984741211,68.13999938964844,67.68000030517578,68.0199966430664,2489000
2018-06-21,66.54000091552734,67.4000015258789,66.45999908447266,67.4000015258789,4710300
2018-06-22,67.06999969482422,67.45999908447266,66.94000244140625,67.37000274658203,3463500
2018-06-25,65.29000091552734,66.0,64.62000274658203,66.0,5407200
2018-06-26,65.08999633789062,65.55000305175781,64.80000305175781,65.41000366210938,3300100
2018-06-27,63.040000915527344,64.80999755859375,62.93999862670898,64.75,5021300
2018-06-28,63.650001525878906,63.709999084472656,62.619998931884766,62.93999862670898,4629500
2018-06-29,64.5999984741211,65.01000213623047,64.41999816894531,64.4800033569336,5055900
2018-07-02,63.68000030517578,63.77999877929688,63.09000015258789,63.43000030517578,4761200
2018-07-03,63.540000915527344,64.31999969482422,63.5099983215332,64.2699966430664,2338700
2018-07-05,63.06999969482422,63.560001373291016,62.59000015258789,63.52999877929688,5197700
2018-07-06,64.04000091552734,64.2699966430664,62.93000030517578,62.959999084472656,4724200
2018-07-09,65.4000015258789,65.44000244140625,64.83000183105469,65.08999633789062,4306400
2018-07-10,64.70999908447266,64.86000061035156,64.16999816894531,64.76000213623047,3427700
2018-07-11,63.43999862670898,63.93000030517578,63.220001220703125,63.52000045776367,4928800
2018-07-12,64.69999694824219,64.7699966430664,64.36000061035156,64.4800033569336,4065000
2018-07-13,64.5999984741211,64.76000213623047,64.2300033569336,64.4800033569336,2960000
2018-07-16,64.1500015258789,64.33000183105469,63.9900016784668,64.27999877929688,1798800
2018-07-17,64.2300033569336,64.33999633789062,63.369998931884766,63.5,2671500
2018-07-18,64.08000183105469,64.13999938964844,63.59999847412109,63.84000015258789,2196700
2018-07-19,62.84999847412109,63.34999847412109,62.75,63.16999816894531,3281000
2018-07-20,63.65999984741211,63.77999877929688,63.27999877929688,63.34000015258789,2333500
2018-07-23,63.34999847412109,63.470001220703125,63.11000061035156,63.400001525878906,2662400
2018-07-24,64.62000274658203,65.16000366210938,64.47000122070312,64.83000183105469,5316800
2018-07-25,65.94000244140625,65.97000122070312,64.91000366210938,64.94999694824219,3387000
2018-07-26,64.7300033569336,64.9800033569336,64.58000183105469,64.61000061035156,2570800
2018-07-27,64.2699966430664,64.9800033569336,63.86000061035156,64.97000122070312,3575300
2018-07-30,63.619998931884766,64.36000061035156,63.290000915527344,64.30000305175781,2523900
2018-07-31,63.81999969482422,64.04000091552734,63.130001068115234,63.52000045776367,4227400
2018-08-01,62.68000030517578,63.11000061035156,62.38999938964844,62.79999923706055,3821100
2018-08-02,61.86000061035156,61.93000030517578,61.0,61.2599983215332,6077300
2018-08-03,61.72999954223633,61.95000076293945,61.2599983215332,61.2599983215332,3327500
2018-08-06,61.220001220703125,61.34000015258789,60.970001220703125,61.18999862670898,3046300
2018-08-07,62.290000915527344,62.56999969482422,61.18999862670898,61.18999862670898,3086400
2018-08-08,62.04999923706055,62.09000015258789,61.61000061035156,62.08000183105469,3216600
2018-08-09,62.68000030517578,63.209999084472656,62.61000061035156,62.86000061035156,2106300
2018-08-10,62.15999984741211,62.25,61.66999816894531,61.900001525878906,7214600
2018-08-13,61.25,61.79999923706055,61.09999847412109,61.7400016784668,3293100
2018-08-14,60.400001525878906,60.59999847412109,60.09000015258789,60.459999084472656,4185600
2018-08-15,58.18000030517578,58.27999877929688,57.31999969482422,57.709999084472656,9672000
2018-08-16,58.790000915527344,59.33000183105469,58.630001068115234,58.630001068115234,7221700
2018-08-17,59.59000015258789,59.869998931884766,58.150001525878906,58.45000076293945,6330200
2018-08-20,60.11000061035156,60.13999938964844,59.720001220703125,59.86000061035156,4273400
2018-08-21,61.08000183105469,61.220001220703125,60.83000183105469,60.83000183105469,3819600
2018-08-22,61.43000030517578,61.56999969482422,61.18999862670898,61.34000015258789,5344100
2018-08-23,60.29999923706055,61.61000061035156,60.220001220703125,61.5099983215332,5979300
2018-08-24,61.209999084472656,61.27999877929688,60.84000015258789,60.88999938964844,2968000
2018-08-27,62.43999862670898,62.81999969482422,62.20000076293945,62.20000076293945,3541200
2018-08-28,62.06999969482422,62.72999954223633,61.91999816894531,62.619998931884766,2295900
2018-08-29,62.619998931884766,62.63999938964844,61.869998931884766,62.09999847412109,3161800
2018-08-30,60.61000061035156,61.619998931884766,60.380001068115234,61.619998931884766,7490000
2018-08-31,60.7400016784668,60.97999954223633,60.22999954223633,60.27999877929688,5008700
2018-09-04,59.9900016784668,60.41999816894531,59.68000030517578,60.41999816894531,4054000
2018-09-05,58.400001525878906,59.02999877929688,58.29999923706055,59.02999877929688,4119300
2018-09-06,58.18999862670898,58.72999954223633,57.72999954223633,58.43000030517578,8305200
2018-09-07,57.869998931884766,58.43000030517578,57.52999877929688,57.630001068115234,4786600
2018-09-10,56.880001068115234,57.619998931884766,56.75,57.619998931884766,4009900
2018-09-11,56.79999923706055,56.84000015258789,55.75,55.88999938964844,6782200
2018-09-12,57.2400016784668,57.630001068115234,55.97999954223633,56.2400016784668,6588600
2018-09-13,58.709999084472656,59.119998931884766,58.31999969482422,58.59000015258789,6496000
2018-09-14,58.16999816894531,58.86000061035156,57.810001373291016,58.72999954223633,9617900
2018-09-17,57.400001525878906,57.83000183105469,57.27999877929688,57.650001525878906,4956800
2018-09-18,58.04999923706055,58.22999954223633,57.790000915527344,57.79999923706055,3617500
2018-09-19,59.40999984741211,59.59999847412109,58.79999923706055,58.81999969482422,3662200
2018-09-20,60.060001373291016,60.15999984741211,59.63999938964844,59.95000076293945,4271400
2018-09-21,60.61000061035156,61.11000061035156,60.52000045776367,61.11000061035156,3768100
2018-09-24,59.68000030517578,59.79999923706055,59.33000183105469,59.68000030517578,4508800
2018-09-25,59.90999984741211,60.09999847412109,59.77000045776367,59.93000030517578,2386500
2018-09-26,60.22999954223633,60.95000076293945,60.119998931884766,60.2400016784668,3794300
2018-09-27,60.2599983215332,60.52999877929688,60.040000915527344,60.16999816894531,7060600
2018-09-28,59.88999938964844,60.220001220703125,59.65999984741211,59.880001068115234,4219800
2018-10-01,59.900001525878906,60.29999923706055,59.790000915527344,60.20000076293945,1990200
2018-10-02,58.5,58.83000183105469,58.29999923706055,58.619998931884766,4583400
2018-10-03,58.2400016784668,58.970001220703125,58.09999847412109,58.93999862670898,2509700
2018-10-04,56.709999084472656,57.650001525878906,56.400001525878906,57.619998931884766,5371700
2018-10-05,56.630001068115234,56.95000076293945,55.9900016784668,56.880001068115234,5333100
2018-10-08,55.93000030517578,56.0,55.11000061035156,55.38999938964844,6018400
2018-10-09,55.34999847412109,55.77999877929688,55.150001525878906,55.43000030517578,5872100
2018-10-10,53.459999084472656,55.06999969482422,53.43000030517578,55.060001373291016,8105200
2018-10-11,53.25,53.880001068115234,52.369998931884766,52.900001525878906,15237400
2018-10-12,55.06999969482422,55.220001220703125,54.18999862670898,54.81999969482422,12703000
2018-10-15,54.02000045776367,54.459999084472656,53.75,54.119998931884766,4313900
2018-10-16,55.130001068115234,55.22999954223633,54.2400016784668,54.2400016784668,6645100
2018-10-17,54.459999084472656,54.970001220703125,54.16999816894531,54.970001220703125,4243900
2018-10-18,52.77999877929688,53.720001220703125,52.4900016784668,53.720001220703125,7049200
2018-10-19,53.54999923706055,54.31999969482422,53.38999938964844,53.86000061035156,3797600
2018-10-22,55.2599983215332,55.630001068115234,54.93000030517578,55.470001220703125,3819700
2018-10-23,54.2400016784668,54.59999847412109,53.040000915527344,53.22999954223633,9492800
2018-10-24,52.220001220703125,53.93000030517578,52.15999984741211,53.83000183105469,6448400
2018-10-25,53.43000030517578,53.7599983215332,52.68999862670898,52.7400016784668,5732400
2018-10-26,52.5099983215332,53.18000030517578,51.83000183105469,52.040000915527344,10403400
2018-10-29,51.04999923706055,52.58000183105469,50.45000076293945,52.5,7091000
2018-10-30,51.86000061035156,51.900001525878906,50.9900016784668,51.27000045776367,5894100
2018-10-31,53.25,53.619998931884766,52.84999847412109,52.90999984741211,5927300
2018-11-01,55.97999954223633,56.130001068115234,53.790000915527344,54.310001373291016,7917200
2018-11-02,56.09000015258789,57.41999816894531,55.40999984741211,57.150001525878906,9263400
2018-11-05,55.93000030517578,56.20000076293945,55.630001068115234,55.77000045776367,7186100
2018-11-06,55.86000061035156,56.18000030517578,55.61000061035156,55.72999954223633,5065800
2018-11-07,57.2400016784668,57.27999877929688,56.38999938964844,56.75,4668500
2018-11-08,55.5,56.43999862670898,55.16999816894531,56.2400016784668,7687500
2018-11-09,53.93999862670898,54.27000045776367,53.400001525878906,54.27000045776367,9213700
2018-11-12,53.25,53.93999862670898,52.9900016784668,53.90999984741211,4394500
2018-11-13,54.560001373291016,55.310001373291016,54.11000061035156,54.209999084472656,8353500
2018-11-14,55.08000183105469,55.560001373291016,54.59000015258789,55.25,9553800
2018-11-15,56.400001525878906,56.84999847412109,55.18999862670898,55.2599983215332,10665600
2018-11-16,56.45000076293945,56.810001373291016,55.54999923706055,55.97999954223633,7042900
2018-11-19,55.25,56.02999877929688,55.11000061035156,55.970001220703125,4551400
2018-11-20,54.11000061035156,54.66999816894531,53.79999923706055,54.22999954223633,8038600
2018-11-21,55.400001525878906,55.959999084472656,55.310001373291016,55.40999984741211,15802200
2018-11-23,54.77000045776367,55.09999847412109,54.59000015258789,54.59000015258789,3826700
2018-11-26,56.060001373291016,56.25,55.77000045776367,55.810001373291016,4183000
2018-11-27,56.16999816894531,56.220001220703125,55.41999816894531,55.630001068115234,6900600
2018-11-28,57.68999862670898,57.75,56.36000061035156,56.79999923706055,8557300
2018-11-29,56.58000183105469,56.959999084472656,56.150001525878906,56.84000015258789,7271700
2018-11-30,57.47999954223633,57.47999954223633,56.5099983215332,56.84000015258789,6371700
2018-12-03,58.540000915527344,59.15999984741211,58.29999923706055,59.09000015258789,10825000
2018-12-04,57.41999816894531,58.88999938964844,57.13999938964844,58.70000076293945,9613300
2018-12-06,56.36000061035156,56.380001068115234,55.15999984741211,55.38999938964844,11101100
2018-12-07,55.36000061035156,56.709999084472656,55.13999938964844,56.209999084472656,9028900
2018-12-10,55.0,55.22999954223633,54.0099983215332,54.84999847412109,15673700
2018-12-11,55.45000076293945,55.95000076293945,55.0,55.83000183105469,10682300
2018-12-12,56.11000061035156,56.93000030517578,56.09999847412109,56.61000061035156,6754700
2018-12-13,56.36000061035156,56.75,56.2599983215332,56.56999969482422,6584200
2018-12-14,55.56999969482422,55.97999954223633,55.27000045776367,55.43999862670898,7810500
2018-12-17,54.470001220703125,55.34999847412109,54.15999984741211,55.15999984741211,6668800
2018-12-18,53.58000183105469,54.25,53.52999877929688,54.02999877929688,11285800
2018-12-19,52.4900016784668,53.93999862670898,51.93000030517578,53.65999984741211,14559800
2018-12-20,52.41999816894531,52.900001525878906,51.970001220703125,52.560001373291016,13879500
2018-12-21,52.060001373291016,53.02999877929688,51.77999877929688,52.77000045776367,11842800
2018-12-24,51.630001068115234,52.41999816894531,51.59999847412109,51.63999938964844,6789100
2018-12-26,52.95000076293945,52.97999954223633,51.2599983215332,51.970001220703125,8240200
2018-12-27,52.650001525878906,52.66999816894531,51.54999923706055,51.84999847412109,10565600
2018-12-28,52.77999877929688,53.2400016784668,52.54999923706055,52.90999984741211,7006300
2018-12-31,52.619998931884766,53.540000915527344,52.43000030517578,53.540000915527344,4108300
2019-01-02,52.33000183105469,52.38999938964844,51.540000915527344,51.59999847412109,5273700
2019-01-03,51.0,51.63999938964844,50.86000061035156,51.540000915527344,5205200
2019-01-04,53.06999969482422,53.459999084472656,52.02000045776367,52.18000030517578,6800800
2019-01-07,53.58000183105469,53.720001220703125,52.86000061035156,53.04999923706055,4869900
2019-01-08,53.9900016784668,54.15999984741211,53.380001068115234,53.91999816894531,5193300
2019-01-09,55.20000076293945,55.619998931884766,54.66999816894531,54.709999084472656,5413000
2019-01-10,55.650001525878906,55.709999084472656,54.880001068115234,55.02999877929688,5387200
2019-01-11,55.27999877929688,55.400001525878906,55.0099983215332,55.15999984741211,2988500
2019-01-14,54.619998931884766,54.88999938964844,54.27999877929688,54.34999847412109,3316000
2019-01-15,55.27000045776367,55.61000061035156,55.040000915527344,55.06999969482422,3613100
2019-01-16,56.09000015258789,56.38999938964844,55.720001220703125,55.720001220703125,5601200
2019-01-17,56.45000076293945,56.880001068115234,55.619998931884766,55.68000030517578,6630500
2019-01-18,57.150001525878906,57.400001525878906,56.709999084472656,56.97999954223633,9746700
2019-01-22,55.66999816894531,56.22999954223633,55.2599983215332,56.18000030517578,5015700
2019-01-23,56.08000183105469,56.34000015258789,55.66999816894531,56.27999877929688,3333100
2019-01-24,56.81999969482422,56.880001068115234,56.150001525878906,56.290000915527344,5210800
2019-01-25,57.84000015258789,58.06999969482422,57.52999877929688,57.52999877929688,10608500
2019-01-28,57.38999938964844,57.40999984741211,56.81999969482422,57.130001068115234,11184200
2019-01-29,57.369998931884766,57.709999084472656,57.18999862670898,57.560001373291016,5331600
2019-01-30,58.56999969482422,58.709999084472656,57.68000030517578,57.83000183105469,10403200
2019-01-31,59.310001373291016,59.34000015258789,58.72999954223633,58.810001373291016,12018800
2019-02-01,58.95000076293945,59.11000061035156,58.70000076293945,58.88999938964844,4206500
2019-02-04,59.119998931884766,59.25,58.790000915527344,58.810001373291016,3000000
2019-02-05,60.20000076293945,60.27999877929688,59.310001373291016,59.470001220703125,4077900
2019-02-06,59.58000183105469,60.27000045776367,59.43000030517578,60.27000045776367,4407500
2019-02-07,58.709999084472656,59.380001068115234,58.09999847412109,59.02999877929688,4338200
2019-02-08,58.77000045776367,58.86000061035156,58.220001220703125,58.47999954223633,4471600
2019-02-11,58.95000076293945,59.38999938964844,58.91999816894531,59.27000045776367,3372600
2019-02-12,59.16999816894531,59.52999877929688,59.13999938964844,59.380001068115234,8323900
2019-02-13,59.5,59.9900016784668,59.40999984741211,59.900001525878906,4980300
2019-02-14,59.209999084472656,59.41999816894531,58.75,59.060001373291016,7886000
2019-02-15,58.79999923706055,59.08000183105469,58.56999969482422,58.97999954223633,4874200
2019-02-19,59.540000915527344,59.720001220703125,58.77000045776367,58.790000915527344,3993300
2019-02-20,59.90999984741211,60.34999847412109,59.7599983215332,59.83000183105469,5303000
2019-02-21,59.77999877929688,60.09000015258789,59.56999969482422,60.08000183105469,3305300
2019-02-22,60.93000030517578,60.93000030517578,60.43999862670898,60.68000030517578,4058300
2019-02-25,62.04999923706055,62.31999969482422,61.90999984741211,62.04999923706055,6194800
2019-02-26,61.84000015258789,61.9900016784668,61.2599983215332,61.36000061035156,7357400
2019-02-27,61.11000061035156,61.33000183105469,60.81999969482422,61.13999938964844,5015800
2019-02-28,60.709999084472656,60.93999862670898,60.43999862670898,60.81999969482422,7722100
2019-03-01,61.209999084472656,61.59000015258789,60.97999954223633,61.54999923706055,6852300
2019-03-04,61.86000061035156,62.22999954223633,61.150001525878906,62.08000183105469,7798900
2019-03-05,62.86000061035156,63.040000915527344,62.27000045776367,62.400001525878906,5015800
2019-03-06,62.38999938964844,62.90999984741211,62.34000015258789,62.77999877929688,6902000
2019-03-07,60.68000030517578,61.65999984741211,60.52000045776367,61.65999984741211,8914700
2019-03-08,59.61000061035156,59.720001220703125,59.11000061035156,59.2599983215332,6023400
2019-03-11,61.13999938964844,61.27000045776367,60.4900016784668,60.560001373291016,2952600
2019-03-12,61.65999984741211,61.720001220703125,61.290000915527344,61.650001525878906,3587900
2019-03-13,61.41999816894531,61.72999954223633,61.380001068115234,61.560001373291016,5291600
2019-03-14,61.040000915527344,61.18000030517578,60.7400016784668,61.130001068115234,3929600
2019-03-15,61.83000183105469,61.970001220703125,61.5,61.61000061035156,3328900
2019-03-18,62.66999816894531,62.81999969482422,62.41999816894531,62.68000030517578,3355800
2019-03-19,62.869998931884766,63.09999847412109,62.619998931884766,62.900001525878906,5318000
2019-03-20,62.68999862670898,63.2400016784668,61.95000076293945,62.5099983215332,11815800
2019-03-21,62.77999877929688,62.77999877929688,61.900001525878906,61.97999954223633,8753300
2019-03-22,60.84999847412109,61.93000030517578,60.810001373291016,61.79999923706055,8321400
2019-03-25,60.95000076293945,61.11000061035156,60.45000076293945,60.459999084472656,5212200
2019-03-26,60.93999862670898,61.2400016784668,60.65999984741211,61.02000045776367,2983500
2019-03-27,60.88999938964844,61.25,60.68999862670898,60.970001220703125,5560000
2019-03-28,61.2599983215332,61.34999847412109,60.81999969482422,61.15999984741211,3100200
2019-03-29,62.43000030517578,62.54999923706055,61.869998931884766,62.09000015258789,10658500
2019-04-01,63.34999847412109,63.5,62.9900016784668,63.27000045776367,4755300
2019-04-02,63.119998931884766,63.33000183105469,62.970001220703125,63.27000045776367,3576200
2019-04-03,63.540000915527344,64.16000366210938,63.40999984741211,63.720001220703125,7579300
2019-04-04,64.19000244140625,64.26000213623047,63.61000061035156,63.68999862670898,5272900
2019-04-05,64.91999816894531,64.93000030517578,64.44000244140625,64.5199966430664,4684000
2019-04-08,64.8499984741211,64.98999786376953,64.41999816894531,64.73999786376953,4702400
2019-04-09,64.81999969482422,65.01000213623047,64.73999786376953,64.87999725341797,3582100
2019-04-10,64.95999908447266,65.01000213623047,64.62000274658203,64.91000366210938,2748800
2019-04-11,64.0999984741211,64.33000183105469,63.90999984741211,64.30000305175781,3615000
2019-04-12,65.02999877929688,65.22000122070312,64.87000274658203,65.04000091552734,5174800
2019-04-15,64.0,64.56999969482422,63.720001220703125,64.56999969482422,4998900
2019-04-16,64.72000122070312,64.83999633789062,64.47000122070312,64.7699966430664,2983500
2019-04-17,64.87000274658203,65.25,64.72000122070312,65.19000244140625,7598300
2019-04-18,64.88999938964844,65.01000213623047,64.55999755859375,64.83999633789062,6202500
2019-04-22,64.37999725341797,64.43000030517578,63.90999984741211,64.1500015258789,4085200
2019-04-23,64.41000366210938,64.5999984741211,64.13999938964844,64.16999816894531,7673700
2019-04-24,63.56999969482422,64.2300033569336,63.43999862670898,64.2300033569336,6810000
2019-04-25,63.2599983215332,63.290000915527344,62.68999862670898,63.02999877929688,3023800
2019-04-26,63.560001373291016,63.619998931884766,63.119998931884766,63.459999084472656,3128800
2019-04-29,63.720001220703125,63.810001373291016,63.59000015258789,63.65999984741211,2179200
2019-04-30,63.52000045776367,63.79999923706055,63.18000030517578,63.5,5778300
2019-05-01,63.40999984741211,64.48999786376953,63.36000061035156,63.72999954223633,5808100
2019-05-02,63.47999954223633,63.93000030517578,63.09000015258789,63.5,3863200
2019-05-03,64.58000183105469,64.62000274658203,64.05000305175781,64.08999633789062,3684500
2019-05-06,62.720001220703125,62.86000061035156,61.59000015258789,61.630001068115234,9614500
2019-05-07,60.810001373291016,61.84999847412109,60.38999938964844,61.81999969482422,8795300
2019-05-08,60.75,61.2599983215332,60.4900016784668,60.880001068115234,7267700
2019-05-09,59.7400016784668,60.18000030517578,58.630001068115234,59.119998931884766,13634100
2019-05-10,60.130001068115234,60.41999816894531,59.119998931884766,60.02999877929688,6979400
2019-05-13,57.84000015258789,58.31999969482422,57.459999084472656,58.04999923706055,13706300
2019-05-14,58.810001373291016,59.150001525878906,58.45000076293945,58.79999923706055,6666500
2019-05-15,59.34999847412109,59.5099983215332,58.86000061035156,58.9900016784668,6651800
2019-05-16,59.59000015258789,59.970001220703125,59.47999954223633,59.630001068115234,4915800
2019-05-17,57.68000030517578,58.15999984741211,57.59000015258789,57.93000030517578,6899000
2019-05-20,56.0099983215332,56.5,55.91999816894531,56.4900016784668,4959500
2019-05-21,56.86000061035156,56.93999862670898,56.5,56.7599983215332,5400700
2019-05-22,56.25,56.52000045776367,56.08000183105469,56.45000076293945,4089300
2019-05-23,55.20000076293945,55.43999862670898,54.91999816894531,55.13999938964844,6022400
2019-05-24,54.880001068115234,55.560001373291016,54.810001373291016,55.43999862670898,7047600
2019-05-28,55.310001373291016,55.84000015258789,55.18999862670898,55.68999862670898,4792800
2019-05-29,55.47999954223633,55.54999923706055,55.02999877929688,55.130001068115234,4316800
2019-05-30,55.45000076293945,55.58000183105469,55.220001220703125,55.380001068115234,4112600
2019-05-31,55.33000183105469,55.43999862670898,54.93000030517578,55.0,4520300
2019-06-03,55.68000030517578,55.90999984741211,55.40999984741211,55.65999984741211,3306200
2019-06-04,55.65999984741211,55.720001220703125,55.150001525878906,55.18000030517578,5214500
2019-06-05,55.18000030517578,55.72999954223633,54.810001373291016,55.65999984741211,5108100
2019-06-06,55.209999084472656,55.29999923706055,54.93999862670898,55.09000015258789,3191800
2019-06-07,55.81999969482422,56.400001525878906,55.61000061035156,55.630001068115234,4358500
2019-06-10,56.810001373291016,57.150001525878906,56.52000045776367,56.650001525878906,3277400
2019-06-11,57.61000061035156,57.959999084472656,57.41999816894531,57.79999923706055,4131800
2019-06-12,56.540000915527344,56.86000061035156,56.369998931884766,56.75,2301900
2019-06-13,56.650001525878906,56.95000076293945,56.45000076293945,56.869998931884766,3869200
2019-06-14,55.9900016784668,56.27000045776367,55.95000076293945,56.27000045776367,3157500
2019-06-17,55.97999954223633,56.20000076293945,55.77999877929688,55.810001373291016,1904300
2019-06-18,57.79999923706055,58.15999984741211,56.709999084472656,56.709999084472656,4832400
2019-06-19,58.369998931884766,58.630001068115234,57.79999923706055,58.20000076293945,6326200
2019-06-20,59.33000183105469,59.7400016784668,59.0099983215332,59.630001068115234,3884600
2019-06-21,59.0,59.29999923706055,58.91999816894531,59.02999877929688,3202800
2019-06-24,58.9900016784668,59.22999954223633,58.900001525878906,59.20000076293945,2251600
2019-06-25,58.04999923706055,58.5,57.970001220703125,58.470001220703125,4116900
2019-06-26,58.900001525878906,59.119998931884766,58.77000045776367,58.77000045776367,3128300
2019-06-27,59.47999954223633,59.540000915527344,59.15999984741211,59.2599983215332,2006500
2019-06-28,59.45000076293945,59.5,59.220001220703125,59.47999954223633,2915200
2019-07-01,60.63999938964844,61.40999984741211,60.459999084472656,61.119998931884766,5174300
2019-07-02,60.61000061035156,60.79999923706055,60.43999862670898,60.709999084472656,4473400
2019-07-03,60.38999938964844,60.41999816894531,60.16999816894531,60.33000183105469,986100
2019-07-05,59.650001525878906,59.880001068115234,59.5,59.880001068115234,3385100
2019-07-08,58.90999984741211,59.13999938964844,58.790000915527344,59.119998931884766,2365100
2019-07-09,58.7599983215332,58.81999969482422,58.31999969482422,58.41999816894531,1600600
2019-07-10,58.91999816894531,59.5099983215332,58.84999847412109,59.310001373291016,2044600
2019-07-11,58.63999938964844,59.02999877929688,58.45000076293945,59.0,2465400
2019-07-12,58.90999984741211,58.97999954223633,58.75,58.84999847412109,1778600
2019-07-15,59.459999084472656,59.5,59.09999847412109,59.27000045776367,981800
2019-07-16,59.400001525878906,59.7599983215332,59.38999938964844,59.630001068115234,3189900
2019-07-17,59.25,59.630001068115234,59.22999954223633,59.47999954223633,1265400
2019-07-18,59.33000183105469,59.400001525878906,58.959999084472656,59.09999847412109,3332600
2019-07-19,59.33000183105469,59.900001525878906,59.33000183105469,59.86000061035156,2214300
2019-07-22,59.09000015258789,59.369998931884766,59.040000915527344,59.25,1296800
2019-07-23,59.75,59.77000045776367,59.31999969482422,59.380001068115234,2221400
2019-07-24,60.13999938964844,60.18000030517578,59.77999877929688,59.77999877929688,3845600
2019-07-25,59.79999923706055,60.220001220703125,59.58000183105469,60.220001220703125,5053000
2019-07-26,59.91999816894531,60.0,59.72999954223633,59.95000076293945,1581600
2019-07-29,59.560001373291016,59.81999969482422,59.369998931884766,59.720001220703125,1152400
2019-07-30,59.11000061035156,59.18999862670898,58.900001525878906,59.130001068115234,2329500
2019-07-31,58.470001220703125,58.97999954223633,57.68000030517578,58.97999954223633,3353400
2019-08-01,56.65999984741211,59.09999847412109,56.540000915527344,58.7400016784668,9553400
2019-08-02,56.0,56.630001068115234,55.90999984741211,56.56999969482422,7446400
2019-08-05,53.47999954223633,54.31999969482422,53.119998931884766,54.2400016784668,10459000
2019-08-06,54.16999816894531,54.68000030517578,53.91999816894531,54.4900016784668,6984300
2019-08-07,54.650001525878906,54.65999984741211,53.58000183105469,53.84999847412109,4529300
2019-08-08,55.380001068115234,55.380001068115234,54.810001373291016,55.06999969482422,2650000
2019-08-09,54.61000061035156,54.90999984741211,54.29999923706055,54.810001373291016,2739100
2019-08-12,54.040000915527344,54.22999954223633,53.77000045776367,53.97999954223633,2671000
2019-08-13,55.150001525878906,55.77999877929688,53.84999847412109,53.970001220703125,6398400
2019-08-14,53.56999969482422,54.0099983215332,53.4900016784668,53.810001373291016,5399000
2019-08-15,54.33000183105469,54.59000015258789,54.0,54.4900016784668,3651800
2019-08-16,55.369998931884766,55.4900016784668,54.7599983215332,54.84999847412109,1902200
2019-08-19,56.40999984741211,56.7599983215332,56.290000915527344,56.619998931884766,2333400
2019-08-20,56.31999969482422,56.650001525878906,56.29999923706055,56.52999877929688,2039500
2019-08-21,56.709999084472656,57.0,56.54999923706055,56.959999084472656,3274100
2019-08-22,56.09999847412109,56.470001220703125,55.83000183105469,56.41999816894531,1521000
2019-08-23,54.7599983215332,56.27000045776367,54.65999984741211,55.790000915527344,5302700
2019-08-26,55.34999847412109,55.52000045776367,55.18999862670898,55.43999862670898,3426600
2019-08-27,55.5,56.04999923706055,55.5,55.84999847412109,2187000
2019-08-28,55.61000061035156,55.66999816894531,55.060001373291016,55.220001220703125,1419800
2019-08-29,56.2400016784668,56.43999862670898,55.959999084472656,56.11000061035156,1748900
2019-08-30,56.41999816894531,56.5099983215332,56.06999969482422,56.5099983215332,1918900
2019-09-03,56.22999954223633,56.380001068115234,56.08000183105469,56.18999862670898,1940100
2019-09-04,57.220001220703125,57.380001068115234,57.119998931884766,57.27000045776367,3243700
2019-09-05,58.25,58.34000015258789,58.0,58.0,5898100
2019-09-06,58.27999877929688,58.470001220703125,58.22999954223633,58.43999862670898,1879900
2019-09-09,58.58000183105469,58.66999816894531,58.310001373291016,58.41999816894531,4604800
2019-09-10,58.34999847412109,58.54999923706055,58.08000183105469,58.47999954223633,3278800
2019-09-11,58.93999862670898,59.06999969482422,58.4900016784668,58.720001220703125,5166200
2019-09-12,59.380001068115234,59.83000183105469,59.04999923706055,59.33000183105469,5524800
2019-09-13,59.81999969482422,59.93999862670898,59.709999084472656,59.77999877929688,2838500
2019-09-16,59.18999862670898,59.369998931884766,58.97999954223633,59.2599983215332,2282900
2019-09-17,59.04999923706055,59.09000015258789,58.5099983215332,58.540000915527344,2379600
2019-09-18,58.7599983215332,58.93999862670898,58.34000015258789,58.93000030517578,2599200
2019-09-19,58.52999877929688,59.0,58.459999084472656,58.72999954223633,5134200
2019-09-20,58.20000076293945,58.7400016784668,57.93999862670898,58.59000015258789,3527900
2019-09-23,57.83000183105469,57.93000030517578,57.630001068115234,57.83000183105469,1837900
2019-09-24,56.84999847412109,57.77999877929688,56.790000915527344,57.77999877929688,6998900
2019-09-25,57.18000030517578,57.2400016784668,56.47999954223633,56.68000030517578,2635300
2019-09-26,56.77999877929688,57.119998931884766,56.66999816894531,56.970001220703125,3124100
2019-09-27,55.540000915527344,57.040000915527344,55.18999862670898,56.869998931884766,5490900
2019-09-30,56.08000183105469,56.5099983215332,56.0,56.29999923706055,3181100
2019-10-01,55.77999877929688,56.25,55.52000045776367,56.25,3805600
2019-10-02,55.77000045776367,55.81999969482422,55.380001068115234,55.56999969482422,3243400
2019-10-03,56.75,56.75,55.93000030517578,56.13999938964844,2552700
2019-10-04,56.68999862670898,56.77000045776367,56.150001525878906,56.40999984741211,2057400
2019-10-07,56.27999877929688,56.68999862670898,56.15999984741211,56.29999923706055,4023900
2019-10-08,55.369998931884766,55.93999862670898,55.34999847412109,55.79999923706055,5895400
2019-10-09,56.130001068115234,56.380001068115234,55.93000030517578,56.18999862670898,4039000
2019-10-10,56.900001525878906,57.13999938964844,56.45000076293945,56.45000076293945,3175100
2019-10-11,58.0099983215332,58.58000183105469,57.869998931884766,57.959999084472656,6033900
2019-10-14,57.79999923706055,58.18000030517578,57.790000915527344,58.11000061035156,2203500
2019-10-15,58.4900016784668,58.68000030517578,58.040000915527344,58.09999847412109,2327800
2019-10-16,58.59000015258789,58.68000030517578,58.27999877929688,58.400001525878906,2020900
2019-10-17,58.68000030517578,58.970001220703125,58.630001068115234,58.970001220703125,2672700
2019-10-18,57.72999954223633,58.560001373291016,57.72999954223633,58.45000076293945,4157600
2019-10-21,58.380001068115234,58.45000076293945,58.08000183105469,58.18999862670898,2430100
2019-10-22,58.0,58.4900016784668,57.86000061035156,58.33000183105469,1882100
2019-10-23,57.77000045776367,57.77000045776367,57.40999984741211,57.56999969482422,1810300
2019-10-24,57.95000076293945,58.06999969482422,57.810001373291016,58.0,2487800
2019-10-25,58.59000015258789,58.63999938964844,58.0099983215332,58.02999877929688,2152300
2019-10-28,59.31999969482422,59.43000030517578,59.060001373291016,59.06999969482422,2937100
2019-10-29,58.68000030517578,58.810001373291016,58.540000915527344,58.68000030517578,2594000
2019-10-30,58.68999862670898,58.70000076293945,58.06999969482422,58.34999847412109,2677500
2019-10-31,58.470001220703125,58.7599983215332,58.18000030517578,58.68999862670898,2635700
2019-11-01,59.369998931884766,59.65999984741211,59.20000076293945,59.29999923706055,3282900
2019-11-04,60.36000061035156,60.52999877929688,60.130001068115234,60.38999938964844,3182900
2019-11-05,60.70000076293945,60.84000015258789,60.45000076293945,60.75,1934300
2019-11-06,60.709999084472656,60.93999862670898,60.52000045776367,60.869998931884766,3434700
2019-11-07,61.43999862670898,61.70000076293945,61.220001220703125,61.34999847412109,4872800
2019-11-08,61.130001068115234,61.27999877929688,60.880001068115234,61.18999862670898,7074500
2019-11-11,60.38999938964844,60.40999984741211,59.88999938964844,59.9900016784668,2899200
2019-11-12,60.0,60.2599983215332,59.790000915527344,60.119998931884766,3324400
2019-11-13,59.13999938964844,59.36000061035156,58.959999084472656,59.27000045776367,2519400
2019-11-14,59.04999923706055,59.150001525878906,58.72999954223633,59.0099983215332,3358200
2019-11-15,59.16999816894531,59.25,59.02000045776367,59.08000183105469,2026100
2019-11-18,59.29999923706055,59.59999847412109,59.2400016784668,59.52000045776367,1438400
2019-11-19,59.90999984741211,60.34000015258789,59.75,60.34000015258789,1967500
2019-11-20,59.29999923706055,59.65999984741211,59.09000015258789,59.63999938964844,3546500
2019-11-21,59.34000015258789,59.400001525878906,59.04999923706055,59.20000076293945,2153500
2019-11-22,59.43000030517578,59.43000030517578,59.15999984741211,59.41999816894531,1271300
2019-11-25,60.470001220703125,60.47999954223633,59.93000030517578,60.04999923706055,2100200
2019-11-26,60.59999847412109,60.68000030517578,60.09999847412109,60.290000915527344,2981500
2019-11-27,60.81999969482422,60.86000061035156,60.459999084472656,60.59000015258789,1977300
2019-11-29,59.65999984741211,59.810001373291016,59.56999969482422,59.72999954223633,1358000
2019-12-02,59.4900016784668,59.790000915527344,59.2400016784668,59.75,9411300
2019-12-03,59.18000030517578,59.18000030517578,58.41999816894531,58.79999923706055,2420300
2019-12-04,59.43999862670898,59.68000030517578,59.400001525878906,59.54999923706055,1760700
2019-12-05,60.0099983215332,60.15999984741211,59.63999938964844,59.70000076293945,6221900
2019-12-06,60.5,60.619998931884766,60.380001068115234,60.560001373291016,2347600
2019-12-09,59.97999954223633,60.56999969482422,59.97999954223633,60.310001373291016,1368800
2019-12-10,60.33000183105469,60.52000045776367,60.20000076293945,60.34999847412109,1817400
2019-12-11,61.33000183105469,61.45000076293945,60.7400016784668,60.79999923706055,3653300
2019-12-12,62.34000015258789,62.43000030517578,61.27999877929688,61.33000183105469,4390500
2019-12-13,62.11000061035156,63.06999969482422,62.060001373291016,62.52000045776367,5114900
2019-12-16,62.43000030517578,62.619998931884766,62.27000045776367,62.310001373291016,3004600
2019-12-17,63.130001068115234,63.2400016784668,62.86000061035156,63.0,2729100
2019-12-18,63.40999984741211,63.459999084472656,63.25,63.310001373291016,3405600
2019-12-19,63.25,63.31999969482422,63.040000915527344,63.060001373291016,2177700
2019-12-20,63.540000915527344,63.61000061035156,63.310001373291016,63.43999862670898,4130200
2019-12-23,63.58000183105469,63.630001068115234,63.43000030517578,63.56999969482422,2217200
2019-12-24,63.619998931884766,63.75,63.5099983215332,63.68000030517578,684800
2019-12-26,64.19000244140625,64.22000122070312,63.869998931884766,63.90999984741211,1022500
2019-12-27,64.2699966430664,64.58000183105469,64.20999908447266,64.58000183105469,1617400
2019-12-30,64.0,64.58999633789062,63.91999816894531,64.58000183105469,1974100
2019-12-31,64.08999633789062,64.20999908447266,63.84999847412109,64.02999877929688,2037200
2020-01-02,66.2300033569336,66.2300033569336,65.27999877929688,65.27999877929688,2800400
2020-01-03,64.98999786376953,65.45999908447266,64.94000244140625,65.06999969482422,2822500
2020-01-06,64.87999725341797,64.91000366210938,64.55000305175781,64.62000274658203,3343900
2020-01-07,65.16000366210938,65.27999877929688,64.88999938964844,65.12999725341797,2145400
2020-01-08,65.3499984741211,65.73999786376953,64.70999908447266,64.80999755859375,5414100
2020-01-09,66.05999755859375,66.16999816894531,65.9000015258789,66.0199966430664,2893400
2020-01-10,66.48999786376953,66.66999816894531,66.19000244140625,66.37999725341797,2263800
2020-01-13,67.77999877929688,67.83999633789062,67.0199966430664,67.18000030517578,2720300
2020-01-14,67.01000213623047,67.23999786376953,66.7300033569336,67.20999908447266,4242800
2020-01-15,66.73999786376953,66.97000122070312,66.58999633789062,66.81999969482422,2822700
2020-01-16,67.1500015258789,67.1500015258789,66.88999938964844,67.0999984741211,4338800
2020-01-17,67.44000244140625,67.5,67.22000122070312,67.41000366210938,2311000
2020-01-21,65.0,65.36000061035156,64.94000244140625,65.13999938964844,7652200
2020-01-22,65.3499984741211,65.95999908447266,65.19999694824219,65.91999816894531,2984200
2020-01-23,64.5,64.61000061035156,63.61000061035156,63.900001525878906,11900400
2020-01-24,63.400001525878906,64.41000366210938,63.0099983215332,64.33999633789062,3696200
2020-01-27,61.0,61.45000076293945,59.560001373291016,59.7599983215332,18990400
2020-01-28,61.61000061035156,61.77999877929688,60.84999847412109,61.290000915527344,8922600
2020-01-29,62.209999084472656,62.560001373291016,62.0,62.380001068115234,4466800
2020-01-30,61.2599983215332,61.310001373291016,60.27000045776367,60.7400016784668,5025100
2020-01-31,60.11000061035156,60.27000045776367,59.70000076293945,60.220001220703125,4111000
2020-02-03,60.970001220703125,61.310001373291016,60.38999938964844,60.38999938964844,3176100
2020-02-04,63.310001373291016,63.650001525878906,62.95000076293945,63.0099983215332,6925900
2020-02-05,63.29999923706055,64.38999938964844,63.09000015258789,64.37000274658203,4459100
2020-02-06,63.61000061035156,64.02999877929688,63.56999969482422,64.01000213623047,3950100
2020-02-07,62.95000076293945,63.34999847412109,62.79999923706055,63.310001373291016,3110500
2020-02-10,63.63999938964844,63.65999984741211,63.09999847412109,63.15999984741211,2920500
2020-02-11,64.52999877929688,64.94999694824219,64.4000015258789,64.56999969482422,3131200
2020-02-12,65.77999877929688,65.77999877929688,65.08000183105469,65.20999908447266,3707600
2020-02-13,64.87999725341797,65.27999877929688,64.72000122070312,64.87000274658203,3315300
2020-02-14,64.81999969482422,65.19999694824219,64.56999969482422,65.1500015258789,2375900
2020-02-18,64.81999969482422,64.94000244140625,64.63999938964844,64.81999969482422,2435500
2020-02-19,65.30000305175781,65.45999908447266,65.2300033569336,65.23999786376953,1866600
2020-02-20,64.55999755859375,65.30000305175781,64.31999969482422,65.25,3246600
2020-02-21,64.30999755859375,64.7300033569336,64.13999938964844,64.69000244140625,7434000
2020-02-24,62.15999984741211,62.540000915527344,61.56999969482422,61.77000045776367,7396500
2020-02-25,61.79999923706055,63.119998931884766,61.77000045776367,63.06999969482422,10603200
2020-02-26,62.54999923706055,63.33000183105469,62.54999923706055,62.65999984741211,9460100
2020-02-27,61.810001373291016,62.959999084472656,61.40999984741211,62.209999084472656,14489900
2020-02-28,62.130001068115234,62.130001068115234,59.93000030517578,60.29999923706055,16712200
2020-03-02,62.959999084472656,62.970001220703125,61.810001373291016,62.40999984741211,12549600
2020-03-03,62.61000061035156,63.72999954223633,62.02000045776367,63.08000183105469,9593300
2020-03-04,63.619998931884766,63.720001220703125,63.130001068115234,63.220001220703125,4727000
2020-03-05,63.47999954223633,64.19999694824219,63.2400016784668,63.619998931884766,6988700
2020-03-06,62.11000061035156,62.470001220703125,61.380001068115234,62.209999084472656,4778000
2020-03-09,59.66999816894531,60.33000183105469,58.61000061035156,59.15999984741211,6047800
2020-03-10,61.959999084472656,61.970001220703125,60.630001068115234,61.70000076293945,5946400
2020-03-11,59.84000015258789,60.7599983215332,59.4900016784668,60.310001373291016,4993900
2020-03-12,55.34000015258789,56.34999847412109,54.58000183105469,55.810001373291016,6742800
2020-03-13,58.2599983215332,59.20000076293945,55.970001220703125,59.20000076293945,5513500
2020-03-16,52.56999969482422,54.68999862670898,50.0,50.20000076293945,4673800
2020-03-17,55.18000030517578,55.5,52.869998931884766,53.59999847412109,4897700
2020-03-18,52.36000061035156,53.34000015258789,50.59999847412109,51.72999954223633,8332000
2020-03-19,52.7400016784668,53.66999816894531,51.59999847412109,52.310001373291016,5921900
2020-03-20,52.59999847412109,54.75,52.5099983215332,54.56999969482422,10475500
2020-03-23,52.77999877929688,53.33000183105469,51.63999938964844,52.86000061035156,3624500
2020-03-24,55.90999984741211,56.11000061035156,54.970001220703125,55.369998931884766,4538600
2020-03-25,57.0099983215332,57.869998931884766,55.9900016784668,56.36000061035156,5461500
2020-03-26,58.79999923706055,58.900001525878906,56.77999877929688,57.040000915527344,8277000
2020-03-27,55.86000061035156,56.59000015258789,55.7400016784668,56.060001373291016,5377100
2020-03-30,57.119998931884766,57.119998931884766,55.900001525878906,56.29999923706055,4007400
2020-03-31,57.25,57.81999969482422,56.90999984741211,56.93000030517578,3751800
2020-04-01,55.209999084472656,56.63999938964844,55.209999084472656,56.20000076293945,3258400
2020-04-02,56.869998931884766,57.040000915527344,56.02000045776367,56.130001068115234,3861300
2020-04-03,56.20000076293945,57.09000015258789,55.95000076293945,56.900001525878906,3424600
2020-04-06,58.40999984741211,58.47999954223633,57.560001373291016,57.880001068115234,4778900
2020-04-07,58.41999816894531,59.79999923706055,58.220001220703125,59.79999923706055,4721200
2020-04-08,58.470001220703125,58.619998931884766,57.90999984741211,58.400001525878906,3019500
2020-04-09,58.38999938964844,59.27000045776367,58.18000030517578,58.790000915527344,3419300
2020-04-13,58.4900016784668,58.619998931884766,57.880001068115234,58.400001525878906,2014000
2020-04-14,59.7400016784668,60.0099983215332,59.58000183105469,59.58000183105469,3723200
2020-04-15,59.040000915527344,59.2400016784668,58.4900016784668,58.65999984741211,3600900
2020-04-16,59.70000076293945,59.86000061035156,59.400001525878906,59.61000061035156,3841500
2020-04-17,60.16999816894531,60.59999847412109,59.810001373291016,60.52999877929688,2980200
2020-04-20,60.08000183105469,60.68000030517578,59.88999938964844,59.91999816894531,2749200
2020-04-21,58.65999984741211,59.18000030517578,58.470001220703125,59.06999969482422,3188500
2020-04-22,59.95000076293945,60.220001220703125,59.900001525878906,60.13999938964844,1620300
2020-04-23,59.5099983215332,60.43999862670898,59.459999084472656,60.209999084472656,2687000
2020-04-24,59.65999984741211,59.869998931884766,59.25,59.86000061035156,1227200
2020-04-27,60.5099983215332,60.560001373291016,60.209999084472656,60.400001525878906,5079700
2020-04-28,60.31999969482422,61.34999847412109,60.27999877929688,61.290000915527344,6184600
2020-04-29,61.34000015258789,61.52999877929688,60.88999938964844,61.0,3224200
2020-04-30,59.97999954223633,61.36000061035156,59.59999847412109,61.130001068115234,4178200
2020-05-01,57.68999862670898,58.65999984741211,57.56999969482422,58.58000183105469,5072900
2020-05-04,57.900001525878906,57.91999816894531,57.5,57.79999923706055,2678700
2020-05-05,58.709999084472656,59.08000183105469,58.630001068115234,58.790000915527344,2567400
2020-05-06,59.13999938964844,59.75,59.09999847412109,59.5099983215332,1558200
2020-05-07,59.630001068115234,59.810001373291016,59.369998931884766,59.66999816894531,1581400
2020-05-08,61.04999923706055,61.20000076293945,60.45000076293945,60.619998931884766,2317300
2020-05-11,61.22999954223633,61.41999816894531,60.959999084472656,60.97999954223633,3385100
2020-05-12,60.7599983215332,61.810001373291016,60.7599983215332,61.4900016784668,5519100
2020-05-13,61.0,61.900001525878906,60.59000015258789,61.65999984741211,4296100
2020-05-14,60.83000183105469,60.93000030517578,59.540000915527344,59.81999969482422,4846800
2020-05-15,60.310001373291016,60.369998931884766,59.88999938964844,59.95000076293945,2515100
2020-05-18,62.70000076293945,62.86000061035156,61.81999969482422,61.880001068115234,4352200
2020-05-19,62.47999954223633,63.13999938964844,62.45000076293945,62.63999938964844,2462300
2020-05-20,62.88999938964844,63.59000015258789,62.290000915527344,63.380001068115234,4230700
2020-05-21,61.34999847412109,61.81999969482422,61.02999877929688,61.52999877929688,4021600
2020-05-22,59.08000183105469,59.91999816894531,59.0099983215332,59.91999816894531,7005100
2020-05-26,60.16999816894531,61.08000183105469,60.06999969482422,60.66999816894531,6472400
2020-05-27,59.68000030517578,60.22999954223633,59.18000030517578,60.22999954223633,6224400
2020-05-28,59.2400016784668,60.11000061035156,59.18000030517578,59.66999816894531,9012300
2020-05-29,61.0,61.11000061035156,59.470001220703125,59.93000030517578,5976900
2020-06-01,62.06999969482422,62.09000015258789,61.31999969482422,61.36000061035156,3584800
2020-06-02,63.43000030517578,63.540000915527344,62.470001220703125,62.54999923706055,2957100
2020-06-03,64.33000183105469,64.4800033569336,63.65999984741211,63.869998931884766,3387900
2020-06-04,63.61000061035156,64.13999938964844,63.310001373291016,63.720001220703125,2165900
2020-06-05,64.69999694824219,64.98999786376953,64.56999969482422,64.6500015258789,4795400
2020-06-08,64.5199966430664,64.5199966430664,63.90999984741211,64.38999938964844,3295900
2020-06-09,64.44000244140625,64.54000091552734,63.77000045776367,63.93000030517578,6750900
2020-06-10,65.27999877929688,65.55000305175781,64.5999984741211,64.87999725341797,5596600
2020-06-11,62.810001373291016,64.04000091552734,62.720001220703125,63.720001220703125,7865500
2020-06-12,63.77000045776367,64.23999786376953,62.970001220703125,64.16999816894531,4047500
2020-06-15,63.45000076293945,63.630001068115234,62.290000915527344,62.470001220703125,6041400
2020-06-16,64.25,65.12999725341797,63.790000915527344,65.05000305175781,5347700
2020-06-17,64.79000091552734,65.01000213623047,64.48999786376953,64.58000183105469,2829800
2020-06-18,65.16000366210938,65.37999725341797,64.93000030517578,64.93000030517578,2305400
2020-06-19,65.08000183105469,65.9800033569336,64.93000030517578,65.9800033569336,5134400
2020-06-22,65.97000122070312,65.97000122070312,65.30999755859375,65.55000305175781,4003500
2020-06-23,66.91999816894531,67.22000122070312,66.77999877929688,66.83999633789062,2636200
2020-06-24,66.30000305175781,66.91000366210938,65.69999694824219,66.58999633789062,2249200
2020-06-25,66.05999755859375,66.19000244140625,65.62999725341797,66.0,1636500
2020-06-26,65.58999633789062,66.16999816894531,65.2300033569336,66.1500015258789,2384800
2020-06-29,65.56999969482422,65.63999938964844,64.97000122070312,65.45999908447266,2702800
2020-06-30,65.44999694824219,65.81999969482422,65.19000244140625,65.75,2358700
2020-07-01,66.02999877929688,66.47000122070312,65.81999969482422,65.91999816894531,2946200
2020-07-02,68.23999786376953,68.4000015258789,67.73999786376953,67.95999908447266,4727400
2020-07-06,73.19999694824219,73.25,72.08999633789062,72.29000091552734,5194500
2020-07-07,71.77999877929688,72.51000213623047,71.76000213623047,72.0,5283400
2020-07-08,74.87000274658203,74.93000030517578,73.45999908447266,73.5999984741211,4557600
2020-07-09,75.05000305175781,76.27999877929688,74.47000122070312,76.22000122070312,9225400
2020-07-10,74.37000274658203,74.68000030517578,73.80000305175781,74.58999633789062,7432000
2020-07-13,73.5199966430664,75.45999908447266,73.37000274658203,74.94000244140625,5407000
2020-07-14,72.87999725341797,73.04000091552734,71.66000366210938,72.2300033569336,6293600
2020-07-15,72.98999786376953,73.38999938964844,72.62000274658203,73.18000030517578,3568000
2020-07-16,70.76000213623047,70.91999816894531,70.12999725341797,70.29000091552734,3728100
2020-07-17,71.1500015258789,71.41000366210938,70.77999877929688,71.41000366210938,2652700
2020-07-20,72.69000244140625,72.79000091552734,71.91999816894531,72.23999786376953,3160300
2020-07-21,73.25,74.11000061035156,73.18000030517578,74.11000061035156,3427000
2020-07-22,72.12999725341797,72.7300033569336,71.73999786376953,72.7300033569336,2902300
2020-07-23,71.93000030517578,72.91999816894531,71.54000091552734,72.47000122070312,4977200
2020-07-24,70.94000244140625,70.98999786376953,69.77999877929688,70.08999633789062,4787800
2020-07-27,71.0199966430664,71.20999908447266,70.30000305175781,70.51000213623047,2764400
2020-07-28,70.76000213623047,71.44999694824219,70.70999908447266,71.30999755859375,2753100
2020-07-29,72.08999633789062,72.20999908447266,71.70999908447266,71.80999755859375,4133200
2020-07-30,71.66000366210938,71.77999877929688,70.98999786376953,71.55000305175781,2991200
2020-07-31,71.51000213623047,71.87000274658203,70.87999725341797,71.81999969482422,3233100
2020-08-03,72.94000244140625,73.16000366210938,72.5199966430664,72.56999969482422,4624800
2020-08-04,74.01000213623047,74.02999877929688,73.41000366210938,73.4800033569336,2558300
2020-08-05,74.61000061035156,74.83000183105469,74.4000015258789,74.47000122070312,3108500
2020-08-06,74.77999877929688,74.81999969482422,73.9000015258789,74.31999969482422,4016800
2020-08-07,72.33999633789062,73.01000213623047,71.72000122070312,72.7699966430664,7227300
2020-08-10,71.9000015258789,72.1500015258789,71.27999877929688,72.04000091552734,2593800
2020-08-11,71.80999755859375,72.54000091552734,71.66999816894531,72.37999725341797,3421800
2020-08-12,72.86000061035156,73.05000305175781,72.12999725341797,72.29000091552734,3679700
2020-08-13,72.31999969482422,72.8499984741211,72.02999877929688,72.8499984741211,2828900
2020-08-14,72.27999877929688,72.5199966430664,72.01000213623047,72.44999694824219,2656500
2020-08-17,73.77999877929688,73.80999755859375,72.80999755859375,72.8499984741211,3902700
2020-08-18,74.01000213623047,74.33000183105469,73.58999633789062,74.12000274658203,5019400
2020-08-19,73.2300033569336,73.75,73.0199966430664,73.75,2804500
2020-08-20,73.44999694824219,73.48999786376953,72.51000213623047,72.80999755859375,2267300
2020-08-21,74.25,74.43000030517578,73.2699966430664,73.41000366210938,3171200
2020-08-24,75.36000061035156,75.80999755859375,75.0199966430664,75.62000274658203,2945300
2020-08-25,76.54000091552734,76.6500015258789,75.30999755859375,75.55000305175781,2760900
2020-08-26,76.81999969482422,76.93000030517578,76.19000244140625,76.55999755859375,3114100
2020-08-27,76.29000091552734,77.12000274658203,75.93000030517578,77.12000274658203,3246800
2020-08-28,77.25,77.25,76.4800033569336,76.68000030517578,2539200
2020-08-31,75.6500015258789,76.0999984741211,75.25,76.0999984741211,3369200
2020-09-01,77.33999633789062,77.41999816894531,76.4000015258789,76.43000030517578,2961600
2020-09-02,77.19000244140625,77.70999908447266,76.37000274658203,77.70999908447266,4970400
2020-09-03,75.02999877929688,76.11000061035156,74.30999755859375,76.01000213623047,4275600
2020-09-04,74.80999755859375,75.30999755859375,73.01000213623047,74.7699966430664,6215700
2020-09-08,72.63999938964844,73.25,72.18000030517578,72.47000122070312,3861900
2020-09-09,73.31999969482422,73.52999877929688,72.6500015258789,73.04000091552734,3672500
2020-09-10,71.91000366210938,73.31999969482422,71.83000183105469,73.12999725341797,2737300
2020-09-11,72.7300033569336,73.36000061035156,72.29000091552734,73.0999984741211,3897500
2020-09-14,73.80000305175781,73.91000366210938,73.43000030517578,73.72000122070312,2903600
2020-09-15,74.81999969482422,75.04000091552734,74.58999633789062,74.91000366210938,2534000
2020-09-16,74.55999755859375,75.1500015258789,74.5,75.01000213623047,3086400
2020-09-17,74.08000183105469,74.33000183105469,73.5999984741211,73.69000244140625,3380000
2020-09-18,73.98999786376953,74.5,73.73999786376953,74.5,3923900
2020-09-21,73.70999908447266,73.70999908447266,72.31999969482422,72.80000305175781,3903300
2020-09-22,73.23999786376953,73.5,72.58000183105469,73.41999816894531,1771100
2020-09-23,72.47000122070312,73.41000366210938,72.38999938964844,73.31999969482422,3493200
2020-09-24,71.88999938964844,72.25,71.27999877929688,71.47000122070312,4104300
2020-09-25,71.5999984741211,71.62999725341797,70.48999786376953,71.11000061035156,3153300
2020-09-28,72.48999786376953,72.58000183105469,72.05000305175781,72.44000244140625,2688500
2020-09-29,72.4000015258789,72.5999984741211,72.1500015258789,72.1500015258789,2400900
2020-09-30,74.16999816894531,74.37999725341797,73.18000030517578,73.23999786376953,3346000
2020-10-01,74.8499984741211,75.02999877929688,74.37999725341797,74.91000366210938,2825800
2020-10-02,73.98999786376953,74.75,73.55000305175781,73.58999633789062,2804800
2020-10-05,74.38999938964844,74.41000366210938,73.93000030517578,74.16999816894531,1668900
2020-10-06,75.04000091552734,75.66999816894531,74.66999816894531,74.81999969482422,3268900
2020-10-07,75.87999725341797,76.08999633789062,75.4000015258789,75.80000305175781,3643300
2020-10-08,76.36000061035156,76.44999694824219,75.8499984741211,76.05000305175781,4052800
2020-10-09,76.7699966430664,76.91999816894531,76.18000030517578,76.33999633789062,2834200
2020-10-12,78.30999755859375,78.52999877929688,77.7300033569336,77.94999694824219,2702400
2020-10-13,78.36000061035156,78.55999755859375,77.86000061035156,78.27999877929688,3952800
2020-10-14,77.5999984741211,78.47000122070312,77.48999786376953,78.4000015258789,4232100
2020-10-15,76.94000244140625,77.05000305175781,76.12000274658203,76.33999633789062,6204000
2020-10-16,77.80999755859375,78.08999633789062,77.4800033569336,77.7699966430664,2352600
2020-10-19,77.33999633789062,78.33000183105469,77.16999816894531,77.91999816894531,3101200
2020-10-20,78.2699966430664,78.63999938964844,77.91999816894531,77.97000122070312,2283600
2020-10-21,78.45999908447266,79.05999755859375,78.4000015258789,78.6500015258789,3996600
2020-10-22,78.22000122070312,78.79000091552734,77.87000274658203,78.66999816894531,3305100
2020-10-23,78.52999877929688,78.54000091552734,77.55000305175781,78.16000366210938,2631700
2020-10-26,77.83999633789062,78.44000244140625,77.08000183105469,77.80000305175781,5077400
2020-10-27,79.11000061035156,79.23999786376953,77.95999908447266,78.16999816894531,4546700
2020-10-28,77.55000305175781,78.33999633789062,77.29000091552734,78.2699966430664,3371900
2020-10-29,79.08999633789062,79.41000366210938,78.54000091552734,78.69999694824219,4880100
2020-10-30,77.72000122070312,78.4000015258789,77.30999755859375,78.29000091552734,6350800
2020-11-02,79.0,79.0999984741211,78.27999877929688,79.08000183105469,3664100
2020-11-03,78.0,78.48999786376953,77.16000366210938,77.80000305175781,4678700
2020-11-04,81.44000244140625,81.75,79.58999633789062,79.87000274658203,8426000
2020-11-05,82.36000061035156,82.94000244140625,81.37999725341797,82.94000244140625,4419800
2020-11-06,82.80999755859375,83.08999633789062,81.70999908447266,82.12000274658203,4868800
2020-11-09,82.05000305175781,84.72000122070312,81.94000244140625,84.66999816894531,8125800
2020-11-10,79.33999633789062,80.87000274658203,78.94000244140625,80.69999694824219,6510300
2020-11-11,79.68000030517578,79.87999725341797,78.2699966430664,78.45999908447266,6074700
2020-11-12,79.73999786376953,81.12000274658203,79.54000091552734,80.69000244140625,4288700
2020-11-13,80.45999908447266,81.04000091552734,79.83000183105469,80.69999694824219,3928500
2020-11-16,80.66000366210938,81.02999877929688,80.3499984741211,80.69000244140625,5444200
2020-11-17,80.31999969482422,80.56999969482422,79.91000366210938,80.19999694824219,2447200
2020-11-18,79.87000274658203,80.52999877929688,79.62000274658203,80.45999908447266,3685600
2020-11-19,80.27999877929688,80.45999908447266,79.47000122070312,79.51000213623047,3531700
2020-11-20,81.5,81.69000244140625,80.75,80.9000015258789,1974000
2020-11-23,81.12999725341797,81.98999786376953,80.83000183105469,81.95999908447266,2759000
2020-11-24,82.05000305175781,82.05000305175781,81.20999908447266,81.91999816894531,5010500
2020-11-25,81.23999786376953,81.26000213623047,80.68000030517578,80.83999633789062,3289000
2020-11-27,82.43000030517578,82.62000274658203,82.16999816894531,82.37999725341797,2017100
2020-11-30,79.80999755859375,81.08000183105469,79.75,81.08000183105469,4330800
2020-12-01,80.44000244140625,81.06999969482422,80.31999969482422,81.0,3189000
2020-12-02,79.95999908447266,80.12000274658203,79.23999786376953,79.66000366210938,7132000
2020-12-03,80.69999694824219,81.08000183105469,80.3499984741211,80.36000061035156,3883500
2020-12-04,80.73999786376953,81.19999694824219,80.5199966430664,81.12000274658203,3346900
2020-12-07,80.33000183105469,80.58000183105469,80.01000213623047,80.06999969482422,3645600
2020-12-08,80.58000183105469,80.58999633789062,79.91999816894531,80.33000183105469,2285100
2020-12-09,79.23999786376953,80.37999725341797,79.0,80.33999633789062,3168700
2020-12-10,80.3499984741211,80.4800033569336,79.08000183105469,79.19999694824219,3015200
2020-12-11,79.5999984741211,79.91999816894531,79.41999816894531,79.69000244140625,3044900
2020-12-14,78.52999877929688,79.02999877929688,78.4800033569336,79.02999877929688,3099200
2020-12-15,78.87000274658203,78.9000015258789,78.30000305175781,78.70999908447266,2957900
2020-12-16,79.51000213623047,79.70999908447266,79.16000366210938,79.30000305175781,2635300
2020-12-17,80.38999938964844,80.56999969482422,79.97000122070312,80.43000030517578,2740500
2020-12-18,80.33999633789062,80.47000122070312,80.04000091552734,80.29000091552734,3930200
2020-12-21,79.95999908447266,80.22000122070312,79.13999938964844,79.27999877929688,3117200
2020-12-22,79.33999633789062,79.83000183105469,79.22000122070312,79.81999969482422,3216600
2020-12-23,79.80000305175781,80.04000091552734,79.51000213623047,80.04000091552734,1827900
2020-12-24,77.62000274658203,78.47000122070312,77.0,78.23999786376953,3093200
2020-12-28,77.4000015258789,77.80000305175781,77.06999969482422,77.5,4229300
2020-12-29,79.16000366210938,79.30999755859375,78.19999694824219,78.36000061035156,3199900
2020-12-30,80.91999816894531,81.13999938964844,80.41999816894531,80.69999694824219,3483000
2020-12-31,80.97000122070312,81.83999633789062,80.44999694824219,81.77999877929688,2780600
2021-01-04,81.23999786376953,82.26000213623047,80.87999725341797,81.94999694824219,4094900
2021-01-05,83.8499984741211,83.87999725341797,82.16999816894531,82.22000122070312,4352700
2021-01-06,82.12000274658203,83.83999633789062,81.9000015258789,83.48999786376953,5475100
2021-01-07,82.75,82.83999633789062,81.76000213623047,82.7300033569336,3910600
2021-01-08,85.44999694824219,85.47000122070312,83.37000274658203,83.62000274658203,4722700
2021-01-11,83.62999725341797,84.43000030517578,83.58999633789062,84.11000061035156,3127800
2021-01-12,84.5999984741211,85.13999938964844,84.31999969482422,84.56999969482422,3701000
2021-01-13,85.30999755859375,85.93000030517578,84.41999816894531,84.72000122070312,3375900
2021-01-14,85.83000183105469,86.68000030517578,85.76000213623047,86.62000274658203,4308900
2021-01-15,85.6500015258789,86.2699966430664,85.44000244140625,86.05999755859375,4764300
2021-01-19,88.72000122070312,88.81999969482422,88.29000091552734,88.61000061035156,3258500
2021-01-20,91.4000015258789,91.58999633789062,90.76000213623048,91.3000030517578,3896200
2021-01-21,91.0999984741211,91.25,90.37000274658205,91.1999969482422,5170600
2021-01-22,91.05999755859376,91.41999816894533,90.3000030517578,90.33000183105467,5298400
2021-01-25,92.91000366210938,94.02999877929688,92.19000244140624,93.6500015258789,7669100
2021-01-26,92.0500030517578,92.12000274658205,91.5,92.01000213623048,3707100
2021-01-27,89.12000274658203,90.23999786376952,89.06999969482422,89.6500015258789,4253200
2021-01-28,89.0999984741211,89.41999816894531,88.01000213623047,88.2300033569336,5149000
2021-01-29,87.5199966430664,88.55999755859375,87.08000183105469,87.91999816894531,3139800
2021-02-01,90.08999633789062,90.18000030517578,89.04000091552734,89.44000244140625,3221500
2021-02-02,90.98999786376952,91.2699966430664,90.38999938964844,91.26000213623048,3243000
2021-02-03,91.8000030517578,92.26000213623048,91.55999755859376,91.98999786376952,5760000
2021-02-04,91.83000183105467,91.91999816894533,91.36000061035156,91.87000274658205,3044000
2021-02-05,92.4000015258789,92.44000244140624,91.62999725341795,92.01000213623048,2437100
2021-02-08,92.5199966430664,92.70999908447266,92.26000213623048,92.43000030517578,2178400
2021-02-09,94.27999877929688,94.37999725341795,93.05999755859376,93.05999755859376,3790900
2021-02-10,95.0500030517578,95.97000122070312,94.25,95.5999984741211,3915000
2021-02-11,96.51000213623048,97.01000213623048,96.02999877929688,96.1999969482422,5547300
2021-02-12,96.37999725341795,96.87000274658205,95.6999969482422,96.22000122070312,2014700
2021-02-16,96.55999755859376,97.25,96.33999633789062,97.0,2647700
2021-02-17,97.19000244140624,97.5500030517578,96.44000244140624,97.37999725341795,2851400
2021-02-18,94.9000015258789,94.95999908447266,93.70999908447266,94.58999633789062,3643400
2021-02-19,95.6500015258789,96.2699966430664,95.41999816894533,95.9499969482422,2200700
2021-02-22,91.7300033569336,92.95999908447266,91.68000030517578,92.47000122070312,5747600
2021-02-23,91.93000030517578,92.26000213623048,88.8499984741211,90.5500030517578,4944200
2021-02-24,90.08999633789062,90.12999725341795,88.4000015258789,89.62000274658203,4760500
2021-02-25,88.0999984741211,90.33000183105467,87.91999816894531,90.08999633789062,4982000
2021-02-26,87.11000061035156,87.9800033569336,86.31999969482422,87.37999725341797,6173900
2021-03-01,89.80999755859375,89.91999816894531,88.70999908447266,88.86000061035156,2652100
2021-03-02,87.91999816894531,89.0,87.87999725341797,88.9000015258789,2659600
2021-03-03,87.5,89.30000305175781,87.22000122070312,88.94999694824219,6228300
2021-03-04,84.80000305175781,86.62999725341797,84.06999969482422,86.16999816894531,6769800
2021-03-05,85.19000244140625,85.69000244140625,83.05000305175781,85.69000244140625,7831100
2021-03-08,81.27999877929688,82.7699966430664,81.1500015258789,82.6500015258789,6116400
2021-03-09,84.5999984741211,85.01000213623047,83.08000183105469,83.12999725341797,5983900
2021-03-10,83.12000274658203,85.2300033569336,82.79000091552734,85.2300033569336,4991400
2021-03-11,86.94000244140625,87.0,85.41000366210938,85.88999938964844,6417100
2021-03-12,84.55000305175781,84.58999633789062,83.69000244140625,84.19999694824219,4716500
2021-03-15,84.36000061035156,84.43000030517578,83.2699966430664,83.70999908447266,3146300
2021-03-16,84.87000274658203,85.37999725341797,84.44999694824219,84.7699966430664,2728300
2021-03-17,85.0999984741211,85.55000305175781,83.63999938964844,84.18000030517578,4135100
2021-03-18,84.29000091552734,85.12000274658203,84.16999816894531,85.0,4567900
2021-03-19,84.9000015258789,84.91000366210938,83.62999725341797,83.94000244140625,3765400
2021-03-22,84.5999984741211,84.87000274658203,84.16999816894531,84.63999938964844,2254200
2021-03-23,82.91999816894531,83.62000274658203,82.88999938964844,83.27999877929688,3206700
2021-03-24,79.33999633789062,81.88999938964844,79.33000183105469,81.88999938964844,5656700
2021-03-25,79.33000183105469,80.04000091552734,79.0,79.12000274658203,5498800
2021-03-26,81.3499984741211,81.43000030517578,79.04000091552734,80.0999984741211,4782400
2021-03-29,80.7699966430664,81.16000366210938,80.37000274658203,80.63999938964844,4169600
2021-03-30,81.54000091552734,81.69000244140625,80.51000213623047,80.94999694824219,3104200
2021-03-31,81.69999694824219,81.9800033569336,81.16999816894531,81.26000213623047,5859600
2021-04-01,82.91999816894531,83.94999694824219,82.8499984741211,83.8499984741211,2819900
2021-04-05,83.0999984741211,83.76000213623047,82.86000061035156,83.76000213623047,1763100
2021-04-06,83.94999694824219,84.45999908447266,82.73999786376953,83.0199966430664,2787300
2021-04-07,81.54000091552734,81.79000091552734,81.05000305175781,81.31999969482422,4670400
2021-04-08,82.61000061035156,83.04000091552734,82.51000213623047,82.83999633789062,3393000
2021-04-09,81.37999725341797,81.52999877929688,81.12000274658203,81.43000030517578,3090600
2021-04-12,81.5,81.58999633789062,80.98999786376953,81.33000183105469,3080900
2021-04-13,81.66000366210938,81.9000015258789,81.0199966430664,81.0199966430664,2466900
2021-04-14,81.5199966430664,82.52999877929688,81.41000366210938,82.26000213623047,5205300
2021-04-15,81.80000305175781,82.0199966430664,81.62999725341797,81.80000305175781,2589000
2021-04-16,82.19000244140625,82.4800033569336,81.88999938964844,82.47000122070312,1837100
2021-04-19,82.16000366210938,82.51000213623047,81.70999908447266,82.25,1860600
2021-04-20,81.4800033569336,82.43000030517578,81.12999725341797,82.04000091552734,2404500
2021-04-21,82.12999725341797,82.19000244140625,80.93000030517578,81.26000213623047,2186500
2021-04-22,82.5199966430664,83.04000091552734,82.11000061035156,82.36000061035156,2247300
2021-04-23,83.79000091552734,83.98999786376953,83.3499984741211,83.44999694824219,2079500
2021-04-26,82.87000274658203,83.0,82.33000183105469,82.4000015258789,2211600
2021-04-27,83.23999786376953,83.4800033569336,82.9800033569336,83.19000244140625,1517900
2021-04-28,83.73999786376953,84.20999908447266,83.4800033569336,83.5999984741211,1858500
2021-04-29,83.30000305175781,84.2300033569336,82.58999633789062,84.12000274658203,3060800
2021-04-30,81.9800033569336,82.54000091552734,81.83000183105469,82.20999908447266,2312000
2021-05-03,81.7699966430664,82.5199966430664,81.63999938964844,81.91000366210938,4148800
2021-05-04,80.79000091552734,81.69999694824219,80.25,81.63999938964844,2285400
2021-05-05,80.76000213623047,81.4000015258789,80.72000122070312,81.2300033569336,1603200
2021-05-06,80.8499984741211,81.16000366210938,80.37999725341797,81.0,2707800
2021-05-07,80.7699966430664,81.4000015258789,80.66999816894531,80.86000061035156,2815700
2021-05-10,78.3499984741211,79.94999694824219,78.33000183105469,79.94999694824219,4374700
2021-05-11,78.94999694824219,79.04000091552734,76.93000030517578,77.0,2960700
2021-05-12,78.0,79.06999969482422,77.83000183105469,78.80000305175781,3450300
2021-05-13,76.69000244140625,78.1500015258789,76.20999908447266,77.93000030517578,4691600
2021-05-14,78.23999786376953,78.45999908447266,77.22000122070312,77.69999694824219,2884400
2021-05-17,79.0999984741211,79.2699966430664,78.62000274658203,78.77999877929688,2632600
2021-05-18,79.9000015258789,80.38999938964844,79.4800033569336,79.52999877929688,4744800
2021-05-19,79.94999694824219,80.0999984741211,78.91999816894531,78.97000122070312,3462200
2021-05-20,80.56999969482422,80.79000091552734,80.05999755859375,80.26000213623047,2337300
2021-05-21,79.37999725341797,80.30999755859375,79.26000213623047,80.30999755859375,3093800
2021-05-24,79.5999984741211,79.9000015258789,79.2699966430664,79.58999633789062,2288100
2021-05-25,81.29000091552734,81.70999908447266,81.08000183105469,81.20999908447266,2082200
2021-05-26,81.81999969482422,81.94999694824219,81.54000091552734,81.87999725341797,1990700
2021-05-27,82.16999816894531,82.16999816894531,81.5199966430664,81.9800033569336,3152100
2021-05-28,81.83999633789062,82.0999984741211,81.3499984741211,81.36000061035156,1932200
2021-06-01,84.08000183105469,84.2300033569336,83.45999908447266,84.22000122070312,2134600
2021-06-02,83.66000366210938,83.83999633789062,83.36000061035156,83.83999633789062,5909600
2021-06-03,82.01000213623047,82.52999877929688,81.8499984741211,82.37000274658203,3329800
2021-06-04,82.69999694824219,82.7699966430664,82.37999725341797,82.41000366210938,2164200
2021-06-07,81.95999908447266,82.0999984741211,81.4800033569336,82.06999969482422,2299800
2021-06-08,81.4800033569336,81.83000183105469,81.12999725341797,81.7699966430664,1420700
2021-06-09,81.36000061035156,82.08000183105469,81.3499984741211,81.66000366210938,1773300
2021-06-10,81.76000213623047,81.88999938964844,81.2300033569336,81.52999877929688,2355000
2021-06-11,81.4800033569336,81.5199966430664,81.0999984741211,81.5,2283100
2021-06-14,81.6500015258789,81.83999633789062,81.2300033569336,81.48999786376953,3208900
2021-06-15,80.43000030517578,81.19000244140625,80.43000030517578,81.19000244140625,2545700
2021-06-16,79.18000030517578,80.19000244140625,79.0,79.86000061035156,3779200
2021-06-17,80.43000030517578,80.63999938964844,79.7300033569336,79.95999908447266,3719300
2021-06-18,80.31999969482422,80.63999938964844,80.22000122070312,80.37999725341797,2900800
2021-06-21,80.2699966430664,80.31999969482422,79.54000091552734,80.02999877929688,2150400
2021-06-22,79.69000244140625,79.83999633789062,79.43000030517578,79.7300033569336,5028700
2021-06-23,80.72000122070312,81.25,80.52999877929688,80.54000091552734,4122100
2021-06-24,81.63999938964844,81.75,81.05999755859375,81.18000030517578,2200800
2021-06-25,83.0199966430664,83.11000061035156,82.43000030517578,82.80999755859375,4143900
2021-06-28,83.51000213623047,83.70999908447266,83.26000213623047,83.31999969482422,3038300
2021-06-29,83.31999969482422,83.3499984741211,82.33999633789062,82.66999816894531,2432200
2021-06-30,82.44000244140625,82.7699966430664,82.31999969482422,82.51000213623047,3496700
2021-07-01,81.7699966430664,82.72000122070312,81.30999755859375,82.48999786376953,2665900
2021-07-02,80.56999969482422,80.81999969482422,80.27999877929688,80.80000305175781,2202300
2021-07-06,78.33000183105469,79.0199966430664,78.11000061035156,78.81999969482422,3017400
2021-07-07,78.01000213623047,79.08000183105469,77.9000015258789,78.9800033569336,3733700
2021-07-08,75.75,76.02999877929688,75.19000244140625,75.51000213623047,6318800
2021-07-09,77.7300033569336,77.91000366210938,76.7300033569336,77.0,2423100
2021-07-12,77.47000122070312,77.61000061035156,77.04000091552734,77.5,1611000
2021-07-13,78.33000183105469,78.95999908447266,78.11000061035156,78.18000030517578,2531800
2021-07-14,78.2300033569336,79.01000213623047,78.12999725341797,79.01000213623047,2930600
2021-07-15,78.94999694824219,79.41000366210938,78.62999725341797,78.86000061035156,3869200
2021-07-16,78.01000213623047,79.0,77.83999633789062,78.94999694824219,5161500
2021-07-19,76.97000122070312,76.97000122070312,76.19999694824219,76.63999938964844,4207000
2021-07-20,76.83999633789062,77.08999633789062,76.12000274658203,76.36000061035156,2928400
2021-07-21,77.54000091552734,77.54000091552734,76.41999816894531,76.58999633789062,2217300
2021-07-22,77.52999877929688,77.79000091552734,77.2300033569336,77.5999984741211,4602900
2021-07-23,74.83999633789062,75.38999938964844,74.18000030517578,75.31999969482422,4977200
2021-07-26,70.62999725341797,72.11000061035156,70.37999725341797,71.41000366210938,7900100
2021-07-27,67.79000091552734,67.98999786376953,66.16000366210938,67.5,10704500
2021-07-28,71.9800033569336,72.23999786376953,69.87999725341797,69.94000244140625,8115000
2021-07-29,71.72000122070312,72.63999938964844,71.1500015258789,72.63999938964844,7454400
2021-07-30,71.2699966430664,71.5199966430664,70.30999755859375,70.44000244140625,3813100
2021-08-02,72.22000122070312,72.62999725341797,71.7300033569336,71.87000274658203,4496500
2021-08-03,71.37000274658203,71.4000015258789,70.8499984741211,71.36000061035156,3266200
2021-08-04,72.4000015258789,72.8499984741211,72.13999938964844,72.19000244140625,3759400
2021-08-05,71.55999755859375,71.91999816894531,71.27999877929688,71.52999877929688,2555500
2021-08-06,70.68000030517578,71.47000122070312,70.43000030517578,71.47000122070312,4227100
2021-08-09,71.94000244140625,72.16000366210938,71.27999877929688,71.38999938964844,3707500
2021-08-10,72.58000183105469,73.13999938964844,72.38999938964844,73.08999633789062,2834600
2021-08-11,72.75,73.36000061035156,72.4000015258789,73.30000305175781,2118400
2021-08-12,71.58000183105469,71.95999908447266,71.33999633789062,71.86000061035156,3210600
2021-08-13,71.19999694824219,71.41000366210938,70.86000061035156,71.30999755859375,3218900
2021-08-16,69.83999633789062,70.13999938964844,69.5199966430664,70.06999969482422,2830100
2021-08-17,67.83999633789062,68.5199966430664,67.55999755859375,67.69000244140625,6179000
2021-08-18,68.30000305175781,69.01000213623047,68.30000305175781,68.4800033569336,5291900
2021-08-19,66.55000305175781,67.26000213623047,66.33000183105469,66.79000091552734,5138800
2021-08-20,66.12999725341797,66.93000030517578,65.93000030517578,65.98999786376953,4402100
2021-08-23,67.56999969482422,67.66000366210938,66.5199966430664,66.80000305175781,7938200
2021-08-24,70.5199966430664,70.56999969482422,69.5,69.56999969482422,6184400
2021-08-25,69.98999786376953,70.0999984741211,69.58000183105469,70.0999984741211,4689600
2021-08-26,68.91000366210938,69.5,68.8499984741211,69.37000274658203,2567700
2021-08-27,68.9800033569336,69.2300033569336,68.6500015258789,69.12999725341797,2435600
2021-08-30,69.23999786376953,69.31999969482422,68.25,68.80999755859375,3894900
2021-08-31,70.79000091552734,70.91000366210938,70.27999877929688,70.5,4682500
2021-09-01,72.5999984741211,72.88999938964844,71.37999725341797,71.51000213623047,5959700
2021-09-02,72.08999633789062,72.68000030517578,71.95999908447266,72.66000366210938,2611600
2021-09-03,72.04000091552734,72.20999908447266,71.63999938964844,71.73999786376953,2135400
2021-09-07,73.94000244140625,74.18000030517578,73.37000274658203,73.5,4905700
2021-09-08,72.80000305175781,73.83999633789062,72.5,73.83999633789062,6991000
2021-09-09,72.1500015258789,72.4000015258789,71.4000015258789,71.58999633789062,4915800
2021-09-10,71.88999938964844,73.04000091552734,71.8499984741211,72.87999725341797,3977900
2021-09-13,71.61000061035156,71.86000061035156,70.94000244140625,71.56999969482422,4682000
2021-09-14,70.11000061035156,70.72000122070312,70.0,70.58999633789062,3491100
2021-09-15,69.3499984741211,69.41999816894531,68.55999755859375,69.25,4459000
2021-09-16,68.16000366210938,68.37999725341797,67.66000366210938,68.0199966430664,3795900
2021-09-17,68.91000366210938,69.2300033569336,68.58000183105469,69.08999633789062,4563000
2021-09-20,66.16000366210938,67.08999633789062,65.55999755859375,66.76000213623047,6667000
2021-09-21,66.83999633789062,67.0199966430664,66.54000091552734,66.79000091552734,3893800
2021-09-22,68.16000366210938,68.80000305175781,67.63999938964844,67.69000244140625,6003300
2021-09-23,68.0,68.05999755859375,67.4800033569336,67.8499984741211,4944500
2021-09-24,66.61000061035156,67.0,66.43000030517578,66.98999786376953,2946800
2021-09-27,67.55000305175781,67.69000244140625,66.36000061035156,66.70999908447266,4451400
2021-09-28,67.37000274658203,68.05999755859375,66.98999786376953,67.83000183105469,5041000
2021-09-29,66.61000061035156,67.55000305175781,66.56999969482422,67.23999786376953,3871100
2021-09-30,67.52999877929688,68.01000213623047,67.2699966430664,67.29000091552734,5731900
2021-10-01,66.87000274658203,67.62000274658203,66.30000305175781,67.37000274658203,3444900
2021-10-04,65.44999694824219,66.05999755859375,64.94999694824219,65.9800033569336,6013400
2021-10-05,66.16000366210938,66.47000122070312,65.51000213623047,65.61000061035156,2575400
2021-10-06,65.94999694824219,66.06999969482422,65.0199966430664,65.11000061035156,3374400
2021-10-07,68.63999938964844,68.98999786376953,67.48999786376953,67.61000061035156,6029000
2021-10-08,69.16999816894531,69.36000061035156,68.62000274658203,68.98999786376953,3413200
2021-10-11,69.02999877929688,70.12999725341797,68.98999786376953,70.0999984741211,4222000
2021-10-12,68.5999984741211,69.45999908447266,68.55000305175781,69.16999816894531,4475300
2021-10-13,70.20999908447266,70.3499984741211,69.4000015258789,69.4800033569336,4418100
2021-10-14,69.68000030517578,70.19000244140625,69.2300033569336,70.0199966430664,4913600
2021-10-15,70.43000030517578,70.76000213623047,69.81999969482422,70.01000213623047,4521800
2021-10-18,70.73999786376953,71.08000183105469,70.30000305175781,70.36000061035156,3210600
2021-10-19,72.55000305175781,72.62000274658203,71.51000213623047,71.66999816894531,4018800
2021-10-20,72.61000061035156,73.12999725341797,72.27999877929688,73.05000305175781,2887800
2021-10-21,72.47000122070312,72.72000122070312,72.19000244140625,72.23999786376953,5384200
2021-10-22,72.4800033569336,73.47000122070312,72.22000122070312,72.91999816894531,5271400
2021-10-25,72.72000122070312,72.83999633789062,72.08999633789062,72.6500015258789,2778700
2021-10-26,71.12000274658203,72.36000061035156,70.98999786376953,72.33000183105469,4076300
2021-10-27,70.3499984741211,71.16000366210938,70.25,70.4000015258789,7822100
2021-10-28,70.4000015258789,70.43000030517578,69.5999984741211,70.0199966430664,3993900
2021-10-29,69.23999786376953,69.88999938964844,68.8499984741211,69.77999877929688,5052100
2021-11-01,70.31999969482422,70.33000183105469,68.86000061035156,68.87999725341797,4839500
2021-11-02,68.33000183105469,68.87999725341797,68.19000244140625,68.87999725341797,4242000
2021-11-03,69.0,69.06999969482422,68.36000061035156,68.72000122070312,3618900
2021-11-04,68.7699966430664,69.63999938964844,68.52999877929688,69.56999969482422,3237200
2021-11-05,67.6500015258789,68.55999755859375,67.37999725341797,68.4800033569336,3719500
2021-11-08,68.31999969482422,68.37000274658203,67.97000122070312,68.20999908447266,3031100
2021-11-09,67.76000213623047,68.5,67.56999969482422,68.04000091552734,2947200
2021-11-10,68.41999816894531,69.0199966430664,67.95999908447266,68.37999725341797,4091100
2021-11-11,70.6500015258789,70.66000366210938,69.75,69.83999633789062,5030800
2021-11-12,70.66000366210938,70.79000091552734,70.0999984741211,70.41999816894531,11464500
2021-11-15,70.13999938964844,70.72000122070312,70.04000091552734,70.66000366210938,4468300
2021-11-16,70.98999786376953,71.19000244140625,70.55000305175781,71.01000213623047,4268500
2021-11-17,70.2699966430664,71.2300033569336,70.01000213623047,71.2300033569336,3761300
2021-11-18,68.31999969482422,68.9000015258789,67.91999816894531,68.83999633789062,5744900
2021-11-19,68.68000030517578,69.30000305175781,68.56999969482422,68.88999938964844,3180700
2021-11-22,67.94999694824219,68.70999908447266,67.58000183105469,68.5,3826400
2021-11-23,67.48999786376953,68.30999755859375,67.19000244140625,67.8499984741211,4972600
2021-11-24,67.73999786376953,67.76000213623047,66.87000274658203,67.20999908447266,3936700
2021-11-26,65.9800033569336,66.36000061035156,65.45999908447266,66.13999938964844,4824100
2021-11-29,65.56999969482422,66.0999984741211,65.29000091552734,66.06999969482422,5398700
2021-11-30,65.20999908447266,65.87000274658203,64.55000305175781,65.58999633789062,6595700
2021-12-01,64.75,66.3499984741211,64.75,65.93000030517578,6474500
2021-12-02,64.94999694824219,65.91000366210938,64.29000091552734,65.20999908447266,8347500
2021-12-03,63.09000015258789,64.72000122070312,62.68000030517578,64.56999969482422,10263200
2021-12-06,64.12000274658203,64.19000244140625,62.41999816894531,62.84000015258789,6943500
2021-12-07,65.33999633789062,65.58999633789062,65.05999755859375,65.31999969482422,5310400
2021-12-08,65.94000244140625,66.26000213623047,65.1500015258789,65.45999908447266,6329100
2021-12-09,65.9000015258789,66.62000274658203,65.70999908447266,66.05000305175781,3800000
2021-12-10,65.9000015258789,66.11000061035156,65.55000305175781,65.73999786376953,8905400
2021-12-13,64.3499984741211,65.01000213623047,63.95000076293945,64.94999694824219,4671700
2021-12-14,64.16999816894531,64.30999755859375,63.400001525878906,63.400001525878906,5881700
2021-12-15,62.65999984741211,63.13999938964844,61.709999084472656,63.0,6740300
2021-12-16,62.83000183105469,63.97999954223633,62.709999084472656,63.43000030517578,5365700
2021-12-17,62.09000015258789,62.43999862670898,61.2400016784668,61.65999984741211,4705500
2021-12-20,60.70000076293945,61.02000045776367,60.33000183105469,60.91999816894531,5045200
2021-12-21,62.540000915527344,62.61000061035156,61.29999923706055,61.45000076293945,4084900
2021-12-22,62.31999969482422,62.34000015258789,61.54999923706055,61.97999954223633,3825700
2021-12-23,62.72999954223633,62.93999862670898,62.0099983215332,62.290000915527344,2903800
2021-12-27,62.52000045776367,63.18000030517578,62.16999816894531,62.27999877929688,3397000
2021-12-28,61.880001068115234,62.2400016784668,61.75,62.130001068115234,3585600
2021-12-29,60.959999084472656,61.40999984741211,60.5099983215332,61.220001220703125,3005700
2021-12-30,63.150001525878906,63.5,61.0,61.13999938964844,6932100
2021-12-31,62.77000045776367,63.52000045776367,62.630001068115234,63.0,4054200
2022-01-03,62.7599983215332,62.880001068115234,61.84000015258789,62.65999984741211,4064700
2022-01-04,61.59000015258789,62.27000045776367,61.27000045776367,62.27000045776367,7281500
2022-01-05,60.20000076293945,61.58000183105469,60.18999862670898,60.63999938964844,8029400
2022-01-06,61.02000045776367,61.38999938964844,60.220001220703125,60.41999816894531,8462600
2022-01-07,61.9900016784668,62.41999816894531,61.4900016784668,61.56999969482422,8083600
2022-01-10,62.130001068115234,62.5,61.54999923706055,62.27999877929688,8030700
2022-01-11,63.79999923706055,63.810001373291016,62.22999954223633,62.459999084472656,8570600
2022-01-12,65.18000030517578,65.33000183105469,64.58000183105469,65.0999984741211,8486600
2022-01-13,63.20000076293945,64.27999877929688,63.150001525878906,64.2699966430664,8757300
2022-01-14,63.68000030517578,63.93999862670898,63.13999938964844,63.40999984741211,4300800
2022-01-18,62.880001068115234,63.31999969482422,62.20000076293945,62.470001220703125,8542600
2022-01-19,63.18999862670898,63.70000076293945,63.08000183105469,63.43999862670898,5376300
2022-01-20,64.83000183105469,66.05999755859375,64.70999908447266,65.51000213623047,7343600
2022-01-21,63.52000045776367,64.83000183105469,63.40999984741211,64.77999877929688,4778400
2022-01-24,62.61000061035156,62.77999877929688,61.25,62.61000061035156,8126300
2022-01-25,62.34000015258789,62.75,61.84000015258789,62.09999847412109,5214400
2022-01-26,61.18000030517578,62.83000183105469,61.130001068115234,62.810001373291016,5304600
2022-01-27,59.95000076293945,60.84000015258789,59.93000030517578,60.790000915527344,5673400
2022-01-28,59.810001373291016,59.810001373291016,58.709999084472656,59.47999954223633,4444900
2022-01-31,62.59999847412109,62.70000076293945,60.66999816894531,60.709999084472656,5763700
2022-02-01,62.9900016784668,63.11000061035156,62.209999084472656,62.869998931884766,5772000
2022-02-02,62.45000076293945,63.41999816894531,61.97999954223633,63.41999816894531,4615200
2022-02-03,62.02999877929688,62.560001373291016,61.65999984741211,61.970001220703125,5875700
2022-02-04,62.400001525878906,62.70000076293945,61.66999816894531,61.88999938964844,7585100
2022-02-07,61.970001220703125,62.29999923706055,61.7400016784668,62.09000015258789,5616000
2022-02-08,62.65999984741211,62.709999084472656,61.59999847412109,61.68000030517578,5382900
2022-02-09,64.04000091552734,64.04000091552734,63.11000061035156,63.22999954223633,4349500
2022-02-10,63.5,64.4800033569336,63.15999984741211,63.29999923706055,7773600
2022-02-11,62.220001220703125,63.63999938964844,62.060001373291016,63.33000183105469,6856800
2022-02-14,61.7400016784668,62.060001373291016,61.34000015258789,61.93000030517578,5290600
2022-02-15,63.15999984741211,63.18999862670898,62.38999938964844,62.43999862670898,4296500
2022-02-16,63.25,63.619998931884766,62.720001220703125,63.02999877929688,5437300
2022-02-17,62.7599983215332,63.66999816894531,62.58000183105469,63.18999862670898,5221000
2022-02-18,61.56999969482422,62.150001525878906,61.20000076293945,62.150001525878906,6563800
2022-02-22,59.91999816894531,60.52000045776367,59.59999847412109,60.060001373291016,5980000
2022-02-23,59.27000045776367,60.470001220703125,59.150001525878906,60.43000030517578,4409100
2022-02-24,58.959999084472656,58.9900016784668,56.630001068115234,56.630001068115234,8537800
2022-02-25,59.27000045776367,59.310001373291016,58.02999877929688,58.72999954223633,6373300
2022-02-28,58.61000061035156,58.95000076293945,58.130001068115234,58.22999954223633,8670000
2022-03-01,58.59000015258789,59.27999877929688,58.34999847412109,58.5,4531900
2022-03-02,58.15999984741211,58.59000015258789,57.540000915527344,58.59000015258789,4447100
2022-03-03,56.630001068115234,57.90999984741211,56.54999923706055,57.79999923706055,5702500
2022-03-04,55.470001220703125,56.2599983215332,55.119998931884766,55.79999923706055,5480200
2022-03-07,53.36000061035156,54.75,53.29999923706055,54.27000045776367,9935100
2022-03-08,52.709999084472656,53.58000183105469,52.15999984741211,53.02999877929688,6787700
2022-03-09,53.7400016784668,53.810001373291016,52.7400016784668,53.0099983215332,5066500
2022-03-10,51.380001068115234,52.04999923706055,51.09000015258789,52.040000915527344,5610300
2022-03-11,49.09999847412109,51.720001220703125,49.09000015258789,51.54999923706055,7009600
2022-03-14,45.56999969482422,47.310001373291016,45.40999984741211,46.709999084472656,9771000
2022-03-15,45.22999954223633,45.810001373291016,43.59000015258789,43.93999862670898,13852200
2022-03-16,54.70000076293945,54.77000045776367,50.29999923706055,50.900001525878906,25402100
2022-03-17,52.63999938964844,52.91999816894531,51.52000045776367,52.91999816894531,11296300
2022-03-18,55.060001373291016,55.68999862670898,52.43000030517578,52.72999954223633,11023400
2022-03-21,53.0,53.709999084472656,52.150001525878906,53.29999923706055,7318700
2022-03-22,55.040000915527344,55.52999877929688,54.41999816894531,54.68999862670898,7449000
2022-03-23,54.68999862670898,55.75,53.65999984741211,54.130001068115234,9578300
2022-03-24,54.18000030517578,54.36000061035156,53.369998931884766,54.13999938964844,4996200
2022-03-25,53.09000015258789,53.18999862670898,52.459999084472656,52.86000061035156,7741200
2022-03-28,53.709999084472656,53.88999938964844,53.02000045776367,53.43000030517578,7063400
2022-03-29,54.72999954223633,55.27999877929688,54.52000045776367,54.869998931884766,6270300
2022-03-30,54.84000015258789,55.619998931884766,54.619998931884766,54.70000076293945,7363100
2022-03-31,52.88999938964844,54.119998931884766,52.86000061035156,54.09999847412109,7191500
2022-04-01,54.75,55.75,54.400001525878906,55.290000915527344,7358100
2022-04-04,56.4900016784668,56.560001373291016,55.56999969482422,56.02000045776367,7039500
2022-04-05,54.91999816894531,56.22999954223633,54.83000183105469,56.15999984741211,7947500
2022-04-06,54.02000045776367,54.540000915527344,53.650001525878906,54.41999816894531,7034500
2022-04-07,53.06999969482422,53.720001220703125,52.7599983215332,53.66999816894531,7805100
2022-04-08,53.209999084472656,53.70000076293945,53.06999969482422,53.369998931884766,6575600
2022-04-11,51.93999862670898,52.63999938964844,51.75,52.02999877929688,7080200
2022-04-12,51.880001068115234,52.77000045776367,51.75,52.540000915527344,7016700
2022-04-13,52.7400016784668,52.88999938964844,51.90999984741211,52.130001068115234,5486000
2022-04-14,52.209999084472656,52.810001373291016,52.209999084472656,52.7400016784668,4299200
2022-04-18,51.810001373291016,52.040000915527344,51.130001068115234,51.7400016784668,5457700
2022-04-19,51.459999084472656,51.5099983215332,50.560001373291016,51.15999984741211,5139600
2022-04-20,49.900001525878906,51.060001373291016,49.88999938964844,51.040000915527344,6499900
2022-04-21,48.18999862670898,49.68999862670898,48.02000045776367,49.47999954223633,9068600
2022-04-22,48.4900016784668,49.77999877929688,48.41999816894531,48.79999923706055,7805200
2022-04-25,47.560001373291016,47.59000015258789,46.540000915527344,46.709999084472656,10316500
2022-04-26,46.5,47.31999969482422,46.5,47.310001373291016,7848900
2022-04-27,48.15999984741211,48.58000183105469,47.619998931884766,47.720001220703125,10182300
2022-04-28,48.650001525878906,48.72999954223633,47.7400016784668,48.68000030517578,9053700
2022-04-29,50.459999084472656,51.77999877929688,50.40999984741211,51.41999816894531,8894400
2022-05-02,50.72999954223633,50.93000030517578,49.790000915527344,50.209999084472656,7650700
2022-05-03,51.34000015258789,51.58000183105469,50.93999862670898,51.15999984741211,5607500
2022-05-04,51.56999969482422,51.650001525878906,50.040000915527344,50.41999816894531,8076600
2022-05-05,48.970001220703125,50.25,48.5,50.06999969482422,6976700
2022-05-06,47.52000045776367,48.470001220703125,47.34999847412109,48.380001068115234,6663300
2022-05-09,45.77999877929688,46.93999862670898,45.59999847412109,46.43999862670898,7080100
2022-05-10,46.45000076293945,47.09000015258789,45.84999847412109,47.04999923706055,7989600
2022-05-11,46.400001525878906,47.86000061035156,46.27999877929688,47.400001525878906,7296100
2022-05-12,46.45000076293945,47.09000015258789,45.59000015258789,46.13999938964844,7825300
2022-05-13,48.31999969482422,48.380001068115234,47.290000915527344,47.38999938964844,6738100
2022-05-16,48.22999954223633,48.61000061035156,47.90999984741211,48.18000030517578,3768600
2022-05-17,49.75,50.290000915527344,49.130001068115234,49.97999954223633,6708300
2022-05-18,48.380001068115234,49.4900016784668,48.27000045776367,49.11000061035156,4198900
2022-05-19,49.56999969482422,49.810001373291016,48.75,48.77999877929688,5614800
2022-05-20,49.7400016784668,50.5,48.93999862670898,50.18999862670898,8578000
2022-05-23,49.7599983215332,49.790000915527344,49.27999877929688,49.70000076293945,9497300
2022-05-24,47.84999847412109,48.52999877929688,47.54999923706055,48.5099983215332,5059700
2022-05-25,48.29999923706055,48.43000030517578,47.86000061035156,48.08000183105469,5252000
2022-05-26,49.970001220703125,50.11000061035156,48.47999954223633,48.5,4507800
2022-05-27,50.209999084472656,50.220001220703125,49.470001220703125,50.119998931884766,3705900
2022-05-31,51.790000915527344,52.52999877929688,51.72999954223633,52.5,5564600
2022-06-01,51.290000915527344,52.22999954223633,50.9900016784668,52.04999923706055,5433300
2022-06-02,52.720001220703125,52.7400016784668,51.540000915527344,51.63999938964844,3891500
2022-06-03,51.90999984741211,52.470001220703125,51.7599983215332,52.470001220703125,7120800
2022-06-06,53.13999938964844,53.93000030517578,52.90999984741211,53.630001068115234,9634800
2022-06-07,54.09999847412109,54.16999816894531,52.97999954223633,53.18000030517578,5846200
2022-06-08,55.81999969482422,56.02999877929688,54.77000045776367,55.040000915527344,9869800
2022-06-09,53.31999969482422,54.63999938964844,53.31999969482422,54.29999923706055,7112300
2022-06-10,53.45000076293945,54.29999923706055,53.08000183105469,54.06999969482422,5760000
2022-06-13,51.150001525878906,52.43999862670898,50.880001068115234,52.04999923706055,11384600
2022-06-14,52.77000045776367,53.0099983215332,51.88999938964844,52.02000045776367,5581300
2022-06-15,53.79999923706055,54.11000061035156,52.91999816894531,53.47999954223633,6722900
2022-06-16,51.880001068115234,52.34999847412109,51.470001220703125,52.0,8916000
2022-06-17,52.77999877929688,53.84000015258789,52.29999923706055,53.709999084472656,9535800
2022-06-21,54.20000076293945,54.400001525878906,53.72999954223633,53.959999084472656,4974100
2022-06-22,53.36000061035156,53.83000183105469,53.09999847412109,53.209999084472656,7296800
2022-06-23,54.310001373291016,54.7599983215332,53.66999816894531,54.20000076293945,6715200
2022-06-24,55.810001373291016,55.88999938964844,55.20000076293945,55.34999847412109,9490000
2022-06-27,55.959999084472656,56.720001220703125,55.86000061035156,56.65999984741211,3645900
2022-06-28,55.970001220703125,57.08000183105469,55.869998931884766,56.790000915527344,12642600
2022-06-29,55.65999984741211,55.77000045776367,55.22999954223633,55.52999877929688,10368800
2022-06-30,55.810001373291016,55.810001373291016,54.709999084472656,55.33000183105469,6830100
2022-07-01,55.83000183105469,56.0,55.09000015258789,55.61000061035156,5773400
2022-07-05,55.619998931884766,55.68000030517578,54.33000183105469,54.650001525878906,9887800
2022-07-06,54.790000915527344,55.13999938964844,54.18999862670898,55.04999923706055,7464000
2022-07-07,56.02000045776367,56.2599983215332,55.400001525878906,55.41999816894531,6054900
2022-07-08,55.52000045776367,55.93000030517578,55.119998931884766,55.540000915527344,4812100
2022-07-11,53.04999923706055,53.720001220703125,52.900001525878906,53.720001220703125,10709400
2022-07-12,52.77999877929688,53.060001373291016,52.400001525878906,52.79999923706055,7591800
2022-07-13,52.540000915527344,52.9900016784668,51.77000045776367,51.84000015258789,5223500
2022-07-14,51.900001525878906,52.29999923706055,51.56999969482422,52.25,5568000
2022-07-15,51.310001373291016,51.31999969482422,50.38999938964844,51.22999954223633,4988100
2022-07-18,52.150001525878906,52.970001220703125,52.02000045776367,52.4900016784668,3035800
2022-07-19,52.630001068115234,52.68000030517578,52.13999938964844,52.45000076293945,2855300
2022-07-20,52.209999084472656,52.65999984741211,51.95000076293945,52.38999938964844,4598900
2022-07-21,52.56999969482422,52.59999847412109,52.08000183105469,52.08000183105469,4782200
2022-07-22,51.36000061035156,52.22999954223633,51.18999862670898,52.22999954223633,3909100
2022-07-25,51.59999847412109,51.68000030517578,51.22999954223633,51.470001220703125,3619300
2022-07-26,51.380001068115234,52.20000076293945,51.27999877929688,51.970001220703125,4279900
2022-07-27,51.88999938964844,51.970001220703125,51.02000045776367,51.58000183105469,3839200
2022-07-28,51.310001373291016,51.720001220703125,50.56999969482422,51.650001525878906,4346800
2022-07-29,49.68999862670898,49.79999923706055,49.27000045776367,49.68000030517578,6680100
2022-08-01,49.11000061035156,49.34999847412109,48.56999969482422,49.13999938964844,6965800
2022-08-02,48.83000183105469,49.52999877929688,48.119998931884766,48.209999084472656,10898700
2022-08-03,49.25,49.36000061035156,48.5,48.83000183105469,3761300
2022-08-04,50.0,50.59999847412109,49.7599983215332,50.16999816894531,3510600
2022-08-05,49.61000061035156,49.709999084472656,49.20000076293945,49.43000030517578,3103800
2022-08-08,49.2400016784668,49.709999084472656,49.150001525878906,49.47999954223633,3392300
2022-08-09,48.95000076293945,49.40999984741211,48.84000015258789,49.18999862670898,1918400
2022-08-10,48.95000076293945,49.02999877929688,48.220001220703125,48.68999862670898,3476500
2022-08-11,49.84000015258789,50.720001220703125,49.650001525878906,49.65999984741211,6143400
2022-08-12,49.97999954223633,49.97999954223633,49.150001525878906,49.29999923706055,3757900
2022-08-15,49.75,49.869998931884766,49.33000183105469,49.619998931884766,3507900
2022-08-16,49.45000076293945,49.630001068115234,49.220001220703125,49.290000915527344,3171200
2022-08-17,49.29999923706055,49.59000015258789,49.18000030517578,49.29999923706055,4349100
2022-08-18,48.81999969482422,49.09000015258789,48.5,49.09000015258789,3438700
2022-08-19,48.470001220703125,48.84999847412109,48.34999847412109,48.65999984741211,2024500
2022-08-22,48.65999984741211,48.880001068115234,48.4900016784668,48.5099983215332,2633100
2022-08-23,48.75,48.84000015258789,48.119998931884766,48.650001525878906,4784900
2022-08-24,48.75,49.20000076293945,47.650001525878906,47.869998931884766,6425000
2022-08-25,50.790000915527344,50.810001373291016,49.619998931884766,49.84000015258789,4284200
2022-08-26,50.380001068115234,51.93000030517578,50.29999923706055,51.81999969482422,8153700
2022-08-29,49.95000076293945,50.869998931884766,49.93000030517578,50.27000045776367,7296200
2022-08-30,48.790000915527344,49.7599983215332,48.59000015258789,49.650001525878906,5177700
2022-08-31,49.68999862670898,50.33000183105469,49.52999877929688,49.790000915527344,5880900
2022-09-01,49.220001220703125,49.33000183105469,48.68000030517578,49.150001525878906,5208800
2022-09-02,48.31999969482422,48.93000030517578,48.27000045776367,48.81999969482422,3178000
2022-09-06,47.38999938964844,47.91999816894531,47.369998931884766,47.900001525878906,3567100
2022-09-07,48.04999923706055,48.11000061035156,47.34999847412109,47.43000030517578,3858500
2022-09-08,47.43000030517578,47.52000045776367,47.0099983215332,47.29999923706055,3110700
2022-09-09,48.36000061035156,48.59999847412109,48.22999954223633,48.25,2615100
2022-09-12,49.060001373291016,49.08000183105469,48.43000030517578,48.61000061035156,3795400
2022-09-13,47.43000030517578,48.15999984741211,47.34999847412109,47.86000061035156,6516100
2022-09-14,47.5099983215332,47.59000015258789,47.18000030517578,47.43999862670898,3784000
2022-09-15,47.119998931884766,47.630001068115234,47.0099983215332,47.2400016784668,2999300
2022-09-16,46.18999862670898,46.4900016784668,45.9900016784668,46.43999862670898,3569700
2022-09-19,46.29999923706055,46.29999923706055,45.81999969482422,45.83000183105469,2632900
2022-09-20,46.02000045776367,46.380001068115234,45.88999938964844,46.130001068115234,2771300
2022-09-21,44.65999984741211,45.470001220703125,44.650001525878906,45.43000030517578,5910300
2022-09-22,44.400001525878906,44.959999084472656,44.380001068115234,44.77999877929688,2633200
2022-09-23,43.58000183105469,43.72999954223633,43.34000015258789,43.630001068115234,4648000
2022-09-26,43.790000915527344,44.290000915527344,43.77999877929688,44.09000015258789,4799700
2022-09-27,43.619998931884766,44.52999877929688,43.45000076293945,44.09000015258789,6612100
2022-09-28,43.959999084472656,44.09000015258789,43.0,43.119998931884766,5736800
2022-09-29,42.880001068115234,42.959999084472656,42.34999847412109,42.93000030517578,13591100
2022-09-30,42.560001373291016,43.02999877929688,42.369998931884766,42.369998931884766,7496800
2022-10-03,42.79999923706055,42.93000030517578,42.22999954223633,42.59000015258789,4384900
2022-10-04,44.5099983215332,44.81999969482422,43.66999816894531,43.66999816894531,8652400
2022-10-05,44.72999954223633,44.9900016784668,44.36000061035156,44.68000030517578,3551800
2022-10-06,44.27000045776367,44.75,44.20000076293945,44.40999984741211,2388500
2022-10-07,43.09999847412109,43.7400016784668,43.0,43.52000045776367,2848900
2022-10-10,41.63999938964844,42.220001220703125,41.459999084472656,42.20000076293945,3039600
2022-10-11,40.63999938964844,41.130001068115234,40.369998931884766,41.02000045776367,4599800
2022-10-12,40.630001068115234,41.02000045776367,40.45000076293945,40.560001373291016,5221200
2022-10-13,40.45000076293945,40.68000030517578,39.209999084472656,39.38999938964844,5174700
2022-10-14,39.959999084472656,41.16999816894531,39.93999862670898,41.16999816894531,5510000
2022-10-17,41.130001068115234,41.41999816894531,40.869998931884766,40.869998931884766,4318200
2022-10-18,40.97999954223633,41.7599983215332,40.7400016784668,41.66999816894531,4112000
2022-10-19,39.29999923706055,40.08000183105469,39.16999816894531,39.93999862670898,7809300
2022-10-20,39.540000915527344,40.33000183105469,39.45000076293945,39.45000076293945,5444000
2022-10-21,39.900001525878906,39.93000030517578,39.06999969482422,39.310001373291016,9635600
2022-10-24,36.04999923706055,36.540000915527344,35.02000045776367,36.52999877929688,13315900
2022-10-25,36.70000076293945,37.06999969482422,36.4900016784668,36.65999984741211,9024900
2022-10-26,38.33000183105469,38.68999862670898,37.040000915527344,37.130001068115234,9498700
2022-10-27,37.36000061035156,37.970001220703125,37.29999923706055,37.52999877929688,6128600
2022-10-28,36.2599983215332,36.290000915527344,35.7599983215332,36.0,5454800
2022-10-31,35.58000183105469,35.900001525878906,35.400001525878906,35.45000076293945,3229100
2022-11-01,37.119998931884766,37.84999847412109,37.09999847412109,37.75,5664500
2022-11-02,37.41999816894531,38.2599983215332,37.380001068115234,37.72999954223633,6992400
2022-11-03,37.93000030517578,38.13999938964844,36.900001525878906,37.0099983215332,5309500
2022-11-04,40.68999862670898,40.70000076293945,39.68999862670898,40.59000015258789,13989100
2022-11-07,40.65999984741211,41.310001373291016,40.5,41.119998931884766,5617500
2022-11-08,40.59999847412109,40.81999969482422,39.93999862670898,40.34999847412109,5047100
2022-11-09,39.06999969482422,39.7400016784668,39.02000045776367,39.66999816894531,9278600
2022-11-10,41.25,41.310001373291016,40.650001525878906,40.77999877929688,6802300
2022-11-11,42.869998931884766,43.130001068115234,42.459999084472656,42.68000030517578,9263100
2022-11-14,43.150001525878906,43.63999938964844,42.97999954223633,43.40999984741211,8635600
2022-11-15,45.310001373291016,45.68999862670898,44.93000030517578,45.4900016784668,8561500
2022-11-16,44.5,45.0099983215332,44.34999847412109,44.97999954223633,3297300
2022-11-17,45.310001373291016,45.34999847412109,43.5,43.5,8967700
2022-11-18,44.060001373291016,44.47999954223633,43.900001525878906,44.45000076293945,3947800
2022-11-21,43.33000183105469,43.709999084472656,43.150001525878906,43.4900016784668,10434900
2022-11-22,42.90999984741211,43.02000045776367,42.5099983215332,42.65999984741211,6164500
2022-11-23,43.36000061035156,43.4900016784668,43.09000015258789,43.22999954223633,4572900
2022-11-25,42.56999969482422,42.79999923706055,42.540000915527344,42.72999954223633,1249700
2022-11-28,43.04999923706055,43.52999877929688,42.470001220703125,42.47999954223633,5757500
2022-11-29,44.91999816894531,45.18999862670898,44.65999984741211,44.84999847412109,6642400
2022-11-30,47.0099983215332,47.41999816894531,46.34000015258789,46.41999816894531,9146800
2022-12-01,46.619998931884766,47.02999877929688,46.380001068115234,46.72999954223633,7402000
2022-12-02,47.7599983215332,48.02999877929688,46.220001220703125,46.29999923706055,3596800
2022-12-05,47.709999084472656,48.66999816894531,47.54999923706055,48.630001068115234,8553700
2022-12-06,48.369998931884766,48.68000030517578,47.91999816894531,48.54999923706055,3323300
2022-12-07,47.59000015258789,47.810001373291016,47.08000183105469,47.36000061035156,8222300
2022-12-08,49.060001373291016,49.220001220703125,48.56999969482422,48.75,4679200
2022-12-09,48.7400016784668,49.5,48.709999084472656,49.43999862670898,6086500
2022-12-12,48.31999969482422,48.41999816894531,47.72999954223633,48.40999984741211,6786500
2022-12-13,48.02000045776367,49.2400016784668,47.81999969482422,48.7400016784668,5730600
2022-12-14,48.34999847412109,48.54999923706055,47.900001525878906,48.220001220703125,4807300
2022-12-15,47.290000915527344,48.77000045776367,47.09000015258789,48.4900016784668,10502000
2022-12-16,47.34000015258789,47.970001220703125,47.33000183105469,47.59999847412109,5315700
2022-12-19,46.970001220703125,47.54999923706055,46.90999984741211,47.5099983215332,3376600
2022-12-20,46.369998931884766,46.81999969482422,46.130001068115234,46.209999084472656,3825600
2022-12-21,47.34999847412109,47.43999862670898,46.36000061035156,46.630001068115234,4592700
2022-12-22,47.040000915527344,47.619998931884766,46.65999984741211,47.43000030517578,3347600
2022-12-23,46.7599983215332,47.31999969482422,46.66999816894531,47.20000076293945,3143000
2022-12-27,48.59999847412109,48.90999984741211,47.68000030517578,47.77999877929688,4831300
2022-12-28,47.15999984741211,48.22999954223633,47.11000061035156,48.16999816894531,4851200
2022-12-29,48.38999938964844,48.47999954223633,47.709999084472656,47.93000030517578,2566800
2022-12-30,47.5,48.150001525878906,47.43999862670898,47.790000915527344,3666300
2023-01-03,49.11000061035156,49.59000015258789,48.77999877929688,48.83000183105469,4002200
2023-01-04,52.0099983215332,52.040000915527344,50.459999084472656,50.79999923706055,9712700
2023-01-05,51.970001220703125,52.130001068115234,51.290000915527344,51.38999938964844,12129700
2023-01-06,52.2599983215332,52.310001373291016,51.2599983215332,51.77000045776367,15193300
2023-01-09,52.45000076293945,53.08000183105469,52.41999816894531,52.970001220703125,6413900
2023-01-10,52.97999954223633,53.060001373291016,52.310001373291016,52.709999084472656,4868100
2023-01-11,53.40999984741211,53.54999923706055,52.84999847412109,53.09999847412109,5823200
2023-01-12,53.02000045776367,53.119998931884766,52.41999816894531,53.06999969482422,6921700
2023-01-13,53.880001068115234,53.91999816894531,53.369998931884766,53.400001525878906,8974400
2023-01-17,53.220001220703125,53.43000030517578,52.93000030517578,53.400001525878906,7903700
2023-01-18,52.560001373291016,53.75,52.54999923706055,53.65999984741211,5989100
2023-01-19,53.52999877929688,53.66999816894531,53.09000015258789,53.18999862670898,5886300
2023-01-20,54.68000030517578,54.720001220703125,54.02999877929688,54.16999816894531,3935700
2023-01-23,55.31999969482422,55.58000183105469,54.84999847412109,55.02000045776367,5234400
2023-01-24,55.2599983215332,55.34999847412109,54.88999938964844,54.90999984741211,5704900
2023-01-25,55.400001525878906,55.41999816894531,54.619998931884766,55.13999938964844,3670300
2023-01-26,56.20000076293945,56.2400016784668,55.70000076293945,56.02999877929688,4879000
2023-01-27,56.06999969482422,56.29999923706055,55.72999954223633,56.29999923706055,6945200
2023-01-30,53.959999084472656,54.41999816894531,53.7400016784668,54.369998931884766,6598900
2023-01-31,53.58000183105469,53.869998931884766,53.22999954223633,53.459999084472656,5509700
2023-02-01,54.81999969482422,55.02000045776367,54.0,54.38999938964844,6992800
2023-02-02,53.83000183105469,54.459999084472656,53.560001373291016,54.45000076293945,5146200
2023-02-03,52.540000915527344,53.4900016784668,52.470001220703125,53.150001525878906,6347100
2023-02-06,51.84999847412109,51.93000030517578,51.15999984741211,51.369998931884766,4538800
2023-02-07,52.11000061035156,52.34999847412109,51.52999877929688,52.220001220703125,4796000
2023-02-08,51.59999847412109,51.959999084472656,51.310001373291016,51.84999847412109,4664300
2023-02-09,52.68000030517578,53.209999084472656,52.5099983215332,53.0099983215332,4148600
2023-02-10,51.29999923706055,51.81999969482422,51.02999877929688,51.66999816894531,2782000
2023-02-13,52.220001220703125,52.45000076293945,51.79999923706055,52.0099983215332,3377700
2023-02-14,51.75,51.880001068115234,51.0099983215332,51.43999862670898,2967300
2023-02-15,51.34000015258789,51.34999847412109,50.81999969482422,50.959999084472656,2400100
2023-02-16,51.27000045776367,51.56999969482422,50.790000915527344,51.0099983215332,3136600
2023-02-17,50.2400016784668,50.38999938964844,49.9900016784668,50.36000061035156,6800000
2023-02-21,49.70000076293945,50.25,49.65999984741211,49.81999969482422,5727200
2023-02-22,49.400001525878906,49.790000915527344,49.20000076293945,49.619998931884766,3358600
2023-02-23,49.119998931884766,50.20000076293945,48.84999847412109,50.09000015258789,4616600
2023-02-24,47.7599983215332,48.209999084472656,47.47999954223633,47.93999862670898,9942400
2023-02-27,48.369998931884766,48.47999954223633,48.130001068115234,48.459999084472656,3866700
2023-02-28,47.86000061035156,48.31999969482422,47.7599983215332,47.900001525878906,2974900
2023-03-01,49.709999084472656,50.11000061035156,49.58000183105469,50.0,4884100
2023-03-02,50.41999816894531,50.5099983215332,49.41999816894531,49.56999969482422,4228100
2023-03-03,50.5099983215332,50.61000061035156,50.209999084472656,50.33000183105469,5067500
2023-03-06,49.84000015258789,50.34999847412109,49.79999923706055,50.15999984741211,5301900
2023-03-07,48.75,49.41999816894531,48.709999084472656,49.41999816894531,4433900
2023-03-08,48.380001068115234,48.52999877929688,48.18999862670898,48.33000183105469,5183600
2023-03-09,46.66999816894531,47.630001068115234,46.540000915527344,47.61000061035156,7684400
2023-03-10,46.72999954223633,47.04999923706055,46.38999938964844,46.61000061035156,7513800
2023-03-13,47.130001068115234,47.470001220703125,46.72999954223633,46.7599983215332,5361500
2023-03-14,47.38999938964844,47.43999862670898,46.880001068115234,47.060001373291016,4946300
2023-03-15,46.63999938964844,46.709999084472656,46.130001068115234,46.4900016784668,4174800
2023-03-16,47.18999862670898,47.220001220703125,46.310001373291016,46.45000076293945,3497800
2023-03-17,47.040000915527344,47.54999923706055,46.7400016784668,47.36000061035156,2578800
2023-03-20,46.86000061035156,47.18999862670898,46.29999923706055,46.45000076293945,2617800
2023-03-21,47.59000015258789,47.7599983215332,47.2599983215332,47.47999954223633,2112800
2023-03-22,47.72999954223633,48.38999938964844,47.66999816894531,47.959999084472656,6206400
2023-03-23,49.040000915527344,49.68000030517578,48.68999862670898,49.09999847412109,4413900
2023-03-24,48.790000915527344,48.9900016784668,48.5099983215332,48.619998931884766,2449500
2023-03-27,48.08000183105469,48.20000076293945,47.77000045776367,48.06999969482422,2856900
2023-03-28,49.650001525878906,49.68000030517578,49.02000045776367,49.150001525878906,4563100
2023-03-29,49.650001525878906,49.810001373291016,49.150001525878906,49.400001525878906,3163300
2023-03-30,50.380001068115234,50.560001373291016,49.95000076293945,50.09999847412109,3955800
2023-03-31,49.88999938964844,50.27000045776367,49.77000045776367,50.150001525878906,4899100
2023-04-03,49.880001068115234,50.09999847412109,49.720001220703125,49.91999816894531,2869300
2023-04-04,49.720001220703125,49.79999923706055,49.310001373291016,49.47999954223633,3387600
2023-04-05,49.130001068115234,49.56999969482422,48.84999847412109,49.560001373291016,4694500
2023-04-06,49.72999954223633,49.91999816894531,49.09999847412109,49.209999084472656,2912900
2023-04-10,49.52999877929688,49.59999847412109,49.22999954223633,49.36000061035156,2836700
2023-04-11,49.560001373291016,49.9900016784668,49.4900016784668,49.880001068115234,2908100
2023-04-12,48.25,49.2400016784668,48.11000061035156,49.150001525878906,5170700
2023-04-13,49.2599983215332,49.40999984741211,49.06999969482422,49.130001068115234,4129800
2023-04-14,48.84000015258789,49.209999084472656,48.630001068115234,49.060001373291016,2917300
2023-04-17,49.86000061035156,49.91999816894531,49.59000015258789,49.77000045776367,2590600
2023-04-18,49.70000076293945,50.130001068115234,49.61000061035156,50.06999969482422,3546900
2023-04-19,49.150001525878906,49.220001220703125,48.91999816894531,49.0099983215332,4505600
2023-04-20,48.77000045776367,49.31999969482422,48.560001373291016,49.06999969482422,4773700
2023-04-21,47.9900016784668,48.09999847412109,47.650001525878906,47.95000076293945,3223700
2023-04-24,47.380001068115234,47.66999816894531,47.18999862670898,47.61000061035156,2694900
2023-04-25,46.13999938964844,46.59999847412109,46.02000045776367,46.59999847412109,4332200
2023-04-26,46.83000183105469,47.36000061035156,46.810001373291016,47.290000915527344,8079600
2023-04-27,47.470001220703125,47.59000015258789,46.93999862670898,47.0099983215332,2774800
2023-04-28,47.720001220703125,47.810001373291016,47.369998931884766,47.4900016784668,2608500
2023-05-01,47.52999877929688,47.93000030517578,47.5099983215332,47.54999923706055,2517500
2023-05-02,46.65999984741211,47.11000061035156,46.400001525878906,47.11000061035156,3199900
2023-05-03,46.56999969482422,46.83000183105469,46.40999984741211,46.61000061035156,3639500
2023-05-04,47.36000061035156,47.56999969482422,47.11000061035156,47.11000061035156,3642200
2023-05-05,47.880001068115234,47.95000076293945,47.380001068115234,47.61000061035156,2253900
2023-05-08,47.9900016784668,48.220001220703125,47.83000183105469,48.220001220703125,2057800
2023-05-09,47.22999954223633,47.310001373291016,46.83000183105469,46.900001525878906,4104700
2023-05-10,47.04999923706055,47.2400016784668,46.7400016784668,46.91999816894531,5067400
2023-05-11,47.41999816894531,47.47999954223633,46.84000015258789,46.91999816894531,5339000
2023-05-12,46.220001220703125,46.68999862670898,46.119998931884766,46.68999862670898,3969600
2023-05-15,48.08000183105469,48.18000030517578,47.209999084472656,47.34999847412109,5419800
2023-05-16,47.59999847412109,47.720001220703125,47.290000915527344,47.31999969482422,3323000
2023-05-17,47.2599983215332,47.290000915527344,46.79999923706055,46.84000015258789,3167500
2023-05-18,46.41999816894531,47.09000015258789,46.18000030517578,47.02000045776367,3484200
2023-05-19,46.2599983215332,46.369998931884766,46.09000015258789,46.22999954223633,2916500
2023-05-22,46.90999984741211,47.33000183105469,46.83000183105469,46.83000183105469,2108000
2023-05-23,45.619998931884766,46.20000076293945,45.61000061035156,46.09999847412109,2985000
2023-05-24,44.790000915527344,45.290000915527344,44.68000030517578,45.130001068115234,4108100
2023-05-25,43.88999938964844,44.4900016784668,43.81999969482422,44.40999984741211,4634600
2023-05-26,44.68000030517578,44.81999969482422,44.09999847412109,44.18999862670898,3491200
2023-05-30,43.43000030517578,44.119998931884766,43.22999954223633,44.0099983215332,3966500
2023-05-31,43.2400016784668,43.29999923706055,42.58000183105469,43.20000076293945,5089600
2023-06-01,44.34000015258789,44.47999954223633,43.220001220703125,43.27000045776367,5603100
2023-06-02,45.52000045776367,45.83000183105469,45.45000076293945,45.45000076293945,6350400
2023-06-05,45.310001373291016,45.43999862670898,45.02999877929688,45.2599983215332,3035100
2023-06-06,45.9900016784668,46.119998931884766,45.02000045776367,45.119998931884766,3212300
2023-06-07,45.02000045776367,45.68999862670898,44.95000076293945,45.27000045776367,3257900
2023-06-08,45.54999923706055,45.68999862670898,45.27999877929688,45.27999877929688,1687500
2023-06-09,45.4900016784668,45.869998931884766,45.470001220703125,45.70000076293945,4292500
2023-06-12,45.4900016784668,45.720001220703125,45.47999954223633,45.68999862670898,2712900
2023-06-13,46.119998931884766,46.47999954223633,46.0099983215332,46.18000030517578,3259900
2023-06-14,46.84000015258789,47.06999969482422,46.150001525878906,46.150001525878906,7845400
2023-06-15,47.77000045776367,47.77000045776367,47.33000183105469,47.59999847412109,4381100
2023-06-16,47.63999938964844,48.2400016784668,47.45000076293945,48.2400016784668,3702800
2023-06-20,45.70000076293945,46.43000030517578,45.630001068115234,46.34000015258789,4815100
2023-06-21,45.310001373291016,45.63999938964844,45.15999984741211,45.41999816894531,2682300
2023-06-22,45.130001068115234,45.27000045776367,44.86000061035156,45.150001525878906,2168500
2023-06-23,44.18000030517578,44.5,44.040000915527344,44.43000030517578,2802100
2023-06-26,44.36000061035156,44.68999862670898,44.31999969482422,44.41999816894531,1503200
2023-06-27,45.34000015258789,45.380001068115234,45.08000183105469,45.130001068115234,2817800
2023-06-28,44.97999954223633,44.9900016784668,44.66999816894531,44.9900016784668,2884100
2023-06-29,44.29999923706055,44.400001525878906,44.18999862670898,44.27000045776367,4563600
2023-06-30,44.7400016784668,44.959999084472656,44.58000183105469,44.70000076293945,6786700
2023-07-03,45.470001220703125,45.88999938964844,45.34999847412109,45.56999969482422,2822000
2023-07-05,45.09999847412109,45.22999954223633,44.91999816894531,45.15999984741211,2832300
2023-07-06,43.9900016784668,44.27999877929688,43.77000045776367,44.119998931884766,3217800
2023-07-07,44.91999816894531,45.18000030517578,44.22999954223633,44.25,3600500
2023-07-10,44.93000030517578,45.06999969482422,44.459999084472656,44.52000045776367,4103100
2023-07-11,45.310001373291016,45.380001068115234,44.77000045776367,45.09000015258789,4287200
2023-07-12,46.4900016784668,46.619998931884766,45.93000030517578,46.0,5709900
2023-07-13,47.45000076293945,47.52000045776367,46.91999816894531,46.91999816894531,6535000
2023-07-14,46.63999938964844,46.86000061035156,46.5099983215332,46.84000015258789,3415900
2023-07-17,46.380001068115234,46.47999954223633,45.79999923706055,46.130001068115234,2485900
2023-07-18,45.43000030517578,45.90999984741211,45.13999938964844,45.77000045776367,2915900
2023-07-19,45.59999847412109,46.209999084472656,45.56999969482422,45.86000061035156,3198200
2023-07-20,45.38999938964844,45.619998931884766,45.2400016784668,45.400001525878906,3158600
2023-07-21,45.380001068115234,45.77999877929688,45.27000045776367,45.709999084472656,1774700
2023-07-24,46.38999938964844,46.75,45.04999923706055,45.18000030517578,14755500
2023-07-25,46.95000076293945,47.7599983215332,46.900001525878906,47.59000015258789,3766900
2023-07-26,47.66999816894531,47.75,46.75,46.7599983215332,5130200
2023-07-27,46.97999954223633,47.709999084472656,46.900001525878906,47.68000030517578,2640000
2023-07-28,49.47999954223633,49.4900016784668,48.79999923706055,48.880001068115234,3536100
2023-07-31,49.79999923706055,49.93999862670898,49.22999954223633,49.41999816894531,4208500
2023-08-01,48.709999084472656,49.09000015258789,48.59999847412109,48.959999084472656,3426900
2023-08-02,47.310001373291016,47.93000030517578,47.16999816894531,47.900001525878906,4403300
2023-08-03,48.45000076293945,48.68999862670898,48.06999969482422,48.13999938964844,4949400
2023-08-04,47.95000076293945,48.52000045776367,47.869998931884766,48.43999862670898,5666800
2023-08-07,47.4900016784668,47.95000076293945,47.15999984741211,47.95000076293945,2870500
2023-08-08,46.72999954223633,46.790000915527344,46.220001220703125,46.5,4664600
2023-08-09,46.88999938964844,47.220001220703125,46.54999923706055,47.130001068115234,2129500
2023-08-10,47.220001220703125,48.060001373291016,47.060001373291016,47.38999938964844,3378300
2023-08-11,45.84000015258789,46.04999923706055,45.5,46.02999877929688,3057100
2023-08-14,45.5099983215332,45.68000030517578,45.0099983215332,45.2599983215332,3335800
2023-08-15,44.7599983215332,45.20000076293945,44.63999938964844,45.20000076293945,7746200
2023-08-16,43.93999862670898,44.290000915527344,43.869998931884766,44.0,3214500
2023-08-17,44.380001068115234,44.959999084472656,44.310001373291016,44.91999816894531,4017500
2023-08-18,43.31999969482422,43.52000045776367,43.119998931884766,43.29999923706055,3712200
2023-08-21,43.2400016784668,43.25,42.81999969482422,42.959999084472656,4838700
2023-08-22,43.119998931884766,43.540000915527344,42.970001220703125,43.470001220703125,4251800
2023-08-23,43.720001220703125,43.83000183105469,43.209999084472656,43.2400016784668,3785900
2023-08-24,43.7599983215332,44.18000030517578,43.66999816894531,44.0099983215332,3612100
2023-08-25,43.7599983215332,43.81999969482422,43.2400016784668,43.810001373291016,2172500
2023-08-28,44.650001525878906,44.79999923706055,44.25,44.40999984741211,3300200
2023-08-29,45.619998931884766,45.720001220703125,45.0,45.22999954223633,4572900
2023-08-30,45.369998931884766,45.459999084472656,45.0,45.04999923706055,4913000
2023-08-31,44.90999984741211,45.15999984741211,44.720001220703125,45.06999969482422,3163800
2023-09-01,45.88999938964844,46.43999862670898,45.63999938964844,45.66999816894531,3720400
2023-09-05,45.31999969482422,45.59999847412109,45.18999862670898,45.52999877929688,2544100
2023-09-06,45.34000015258789,45.77999877929688,45.209999084472656,45.36000061035156,1370300
2023-09-07,43.9900016784668,44.27000045776367,43.79999923706055,44.27000045776367,4678100
2023-09-08,43.88999938964844,44.04999923706055,43.630001068115234,43.90999984741211,2844400
2023-09-11,44.61000061035156,44.790000915527344,44.38999938964844,44.65999984741211,2801000
2023-09-12,44.61000061035156,44.77000045776367,44.33000183105469,44.33000183105469,3194000
2023-09-13,44.27000045776367,44.470001220703125,44.20000076293945,44.29999923706055,1265300
2023-09-14,44.5099983215332,44.63999938964844,44.27999877929688,44.41999816894531,2001300
2023-09-15,44.220001220703125,44.470001220703125,44.09999847412109,44.369998931884766,1909000
2023-09-18,44.13999938964844,44.15999984741211,43.790000915527344,44.0,2058500
2023-09-19,43.86000061035156,44.20000076293945,43.810001373291016,44.06999969482422,1892400
2023-09-20,43.52999877929688,44.02999877929688,43.52999877929688,43.86000061035156,1801500
2023-09-21,42.68999862670898,42.86000061035156,42.63999938964844,42.68999862670898,1839400
2023-09-22,44.02999877929688,44.25,43.959999084472656,44.22999954223633,3688800
2023-09-25,43.40999984741211,43.47999954223633,43.09000015258789,43.13999938964844,5561400
2023-09-26,42.90999984741211,43.15999984741211,42.84000015258789,42.93999862670898,3113400
2023-09-27,43.04999923706055,43.119998931884766,42.77999877929688,43.060001373291016,3678000
2023-09-28,42.959999084472656,42.97999954223633,42.58000183105469,42.70000076293945,3651900
2023-09-29,43.290000915527344,43.70000076293945,43.20000076293945,43.650001525878906,2550800
2023-10-02,43.09000015258789,43.31999969482422,42.95000076293945,43.18000030517578,3502500
2023-10-03,42.2400016784668,42.38999938964844,42.13999938964844,42.20000076293945,3898900
2023-10-04,41.93999862670898,42.13999938964844,41.86000061035156,42.06999969482422,2358000
2023-10-05,42.18000030517578,42.209999084472656,41.84000015258789,42.0,1653700
2023-10-06,43.119998931884766,43.25,42.380001068115234,42.380001068115234,3540600
2023-10-09,43.08000183105469,43.11000061035156,42.68999862670898,42.72999954223633,1757500
2023-10-10,43.90999984741211,44.0,43.38999938964844,43.38999938964844,5328900
2023-10-11,44.25,44.56999969482422,44.09000015258789,44.29999923706055,2673200
2023-10-12,43.45000076293945,44.380001068115234,43.380001068115234,44.33000183105469,2605600
2023-10-13,43.16999816894531,43.45000076293945,43.0099983215332,43.119998931884766,1703800
2023-10-16,43.290000915527344,43.43999862670898,42.65999984741211,42.83000183105469,2267600
2023-10-17,42.97999954223633,43.13999938964844,42.68000030517578,42.709999084472656,1685600
2023-10-18,42.2400016784668,42.560001373291016,42.150001525878906,42.4900016784668,2161000
2023-10-19,41.66999816894531,41.91999816894531,41.54999923706055,41.68999862670898,4228400
2023-10-20,40.91999816894531,41.31999969482422,40.90999984741211,41.119998931884766,3381200
2023-10-23,41.15999984741211,41.27000045776367,40.540000915527344,40.79999923706055,2233200
2023-10-24,42.34000015258789,42.47999954223633,41.27000045776367,41.27000045776367,4791100
2023-10-25,41.70000076293945,42.0,41.45000076293945,41.630001068115234,4722800
2023-10-26,41.709999084472656,41.88999938964844,41.459999084472656,41.58000183105469,5584100
2023-10-27,41.91999816894531,42.52000045776367,41.86000061035156,42.400001525878906,2040200
2023-10-30,42.459999084472656,42.77999877929688,42.2599983215332,42.70000076293945,5701800
2023-10-31,41.810001373291016,41.90999984741211,41.27000045776367,41.7400016784668,3686000
2023-11-01,41.79999923706055,41.810001373291016,41.400001525878906,41.63999938964844,3509300
2023-11-02,42.150001525878906,42.27999877929688,41.93999862670898,42.209999084472656,4554600
2023-11-03,43.25,43.43000030517578,42.93000030517578,42.93000030517578,4005800
2023-11-06,43.5099983215332,43.880001068115234,43.45000076293945,43.880001068115234,3768800
2023-11-07,43.43999862670898,43.4900016784668,42.93000030517578,43.220001220703125,2453600
2023-11-08,43.16999816894531,43.45000076293945,43.06999969482422,43.209999084472656,2213600
2023-11-09,42.59999847412109,43.220001220703125,42.5099983215332,43.0099983215332,3049700
2023-11-10,42.5,42.540000915527344,42.20000076293945,42.34999847412109,3537200
2023-11-13,42.91999816894531,43.25,42.65999984741211,42.810001373291016,2293000
2023-11-14,43.959999084472656,44.04999923706055,43.290000915527344,43.400001525878906,5317400
2023-11-15,44.880001068115234,45.2400016784668,44.56999969482422,44.66999816894531,6253200
2023-11-16,43.22999954223633,43.70000076293945,43.02000045776367,43.25,11004700
2023-11-17,43.27000045776367,43.5099983215332,43.08000183105469,43.29999923706055,9526300
2023-11-20,44.220001220703125,44.310001373291016,43.720001220703125,43.7400016784668,3535100
2023-11-21,43.470001220703125,43.90999984741211,43.38999938964844,43.68999862670898,4236900
2023-11-22,43.43000030517578,43.68000030517578,43.22999954223633,43.52999877929688,2837800
2023-11-24,43.650001525878906,43.70000076293945,43.29999923706055,43.36000061035156,2640600
2023-11-27,43.130001068115234,43.25,43.06999969482422,43.20000076293945,2809500
2023-11-28,43.25,43.31999969482422,43.0,43.119998931884766,4648200
2023-11-29,42.41999816894531,42.75,42.38999938964844,42.45000076293945,4071400
2023-11-30,42.68000030517578,42.77999877929688,42.25,42.68000030517578,3829900
2023-12-01,42.310001373291016,42.31999969482422,41.810001373291016,42.02999877929688,3490700
2023-12-04,41.61000061035156,41.79999923706055,41.5099983215332,41.630001068115234,2795100
2023-12-05,40.900001525878906,40.95000076293945,40.65999984741211,40.720001220703125,3263100
2023-12-06,40.880001068115234,41.31999969482422,40.880001068115234,41.15999984741211,2605200
2023-12-07,40.91999816894531,40.970001220703125,40.7599983215332,40.880001068115234,2916900
2023-12-08,40.45000076293945,40.65999984741211,40.380001068115234,40.52999877929688,3990300
2023-12-11,40.77999877929688,40.810001373291016,40.34999847412109,40.459999084472656,5448800
2023-12-12,41.0,41.0,40.59000015258789,40.790000915527344,6537200
2023-12-13,40.91999816894531,40.91999816894531,40.15999984741211,40.54999923706055,4744400
2023-12-14,41.33000183105469,41.41999816894531,40.86000061035156,40.86000061035156,9270800
2023-12-15,41.20000076293945,41.619998931884766,41.16999816894531,41.470001220703125,5106200
2023-12-18,40.86000061035156,41.02000045776367,40.68000030517578,41.0,4907400
2023-12-19,41.34999847412109,41.45000076293945,41.040000915527344,41.040000915527344,5778700
2023-12-20,39.27999877929688,39.88999938964844,39.25,39.880001068115234,10883900
2023-12-21,40.369998931884766,40.400001525878906,39.900001525878906,40.0,8862300
2023-12-22,39.290000915527344,39.45000076293945,38.84999847412109,38.93999862670898,7499200
2023-12-26,39.56999969482422,39.83000183105469,39.380001068115234,39.540000915527344,5995700
2023-12-27,39.52999877929688,39.650001525878906,39.34999847412109,39.56999969482422,5423900
2023-12-28,40.459999084472656,40.720001220703125,40.290000915527344,40.290000915527344,4833900
2023-12-29,40.7400016784668,40.880001068115234,40.47999954223633,40.540000915527344,3253200
2024-01-02,39.709999084472656,39.9900016784668,39.650001525878906,39.93999862670898,4159400
2024-01-03,40.27000045776367,40.310001373291016,39.66999816894531,39.68000030517578,3616900
2024-01-04,39.77000045776367,40.04999923706055,39.72999954223633,39.880001068115234,3790100
2024-01-05,39.43000030517578,39.77000045776367,39.40999984741211,39.61000061035156,3828500
2024-01-08,39.02999877929688,39.060001373291016,38.560001373291016,38.56999969482422,3123400
2024-01-09,38.47999954223633,38.54999923706055,38.29999923706055,38.40999984741211,3116800
2024-01-10,38.43999862670898,38.56999969482422,38.31999969482422,38.47999954223633,4002000
2024-01-11,38.900001525878906,38.97999954223633,38.59000015258789,38.86000061035156,4658300
2024-01-12,38.77999877929688,39.2400016784668,38.77999877929688,39.0,3522200
2024-01-16,37.650001525878906,38.13999938964844,37.59999847412109,38.13999938964844,9380000
2024-01-17,36.79999923706055,36.83000183105469,36.34999847412109,36.41999816894531,5656300
2024-01-18,36.93000030517578,37.15999984741211,36.83000183105469,37.06999969482422,5033000
2024-01-19,37.040000915527344,37.13999938964844,36.33000183105469,36.52999877929688,6784800
2024-01-22,36.08000183105469,36.130001068115234,35.58000183105469,35.68000030517578,5515600
2024-01-23,37.43999862670898,37.54999923706055,37.119998931884766,37.130001068115234,6993900
2024-01-24,38.38999938964844,38.81999969482422,38.2599983215332,38.790000915527344,18850800
2024-01-25,38.459999084472656,38.91999816894531,38.27999877929688,38.720001220703125,4215500
2024-01-26,38.16999816894531,38.29999923706055,37.900001525878906,38.02999877929688,2834500
2024-01-29,37.47999954223633,37.95000076293945,37.209999084472656,37.91999816894531,5345300
2024-01-30,36.77999877929688,36.880001068115234,36.61000061035156,36.709999084472656,3558000
2024-01-31,36.540000915527344,36.93999862670898,36.2599983215332,36.310001373291016,5526700
2024-02-01,36.68999862670898,36.900001525878906,36.5099983215332,36.709999084472656,3518500
2024-02-02,36.040000915527344,36.20000076293945,35.900001525878906,36.04999923706055,4990500
2024-02-05,36.52000045776367,36.59999847412109,36.060001373291016,36.18999862670898,3355100
2024-02-06,38.5099983215332,38.52999877929688,37.68000030517578,37.97999954223633,6308400
2024-02-07,37.97999954223633,38.18000030517578,37.75,37.869998931884766,4591400
2024-02-08,37.290000915527344,37.68999862670898,37.290000915527344,37.68000030517578,5766100
2024-02-09,37.63999938964844,37.66999816894531,37.0099983215332,37.36000061035156,3502500
2024-02-12,38.25,38.630001068115234,37.81999969482422,37.91999816894531,3732000
2024-02-13,37.45000076293945,38.150001525878906,37.34999847412109,37.81999969482422,4904300
2024-02-14,38.09000015258789,38.09999847412109,37.75,37.93000030517578,4842000
2024-02-15,38.18999862670898,38.2400016784668,37.970001220703125,38.040000915527344,2580800
2024-02-16,38.790000915527344,39.13999938964844,38.77000045776367,38.93999862670898,3138300
2024-02-20,38.470001220703125,38.869998931884766,38.27999877929688,38.77999877929688,2806100
2024-02-21,39.27999877929688,39.619998931884766,39.119998931884766,39.290000915527344,3192200
2024-02-22,39.77000045776367,39.869998931884766,39.459999084472656,39.810001373291016,3510000
2024-02-23,39.900001525878906,40.18999862670898,39.72999954223633,40.11000061035156,6138800
2024-02-26,39.54999923706055,39.86000061035156,39.540000915527344,39.66999816894531,7433100
2024-02-27,40.09000015258789,40.20000076293945,40.02000045776367,40.08000183105469,7335100
2024-02-28,38.90999984741211,39.27999877929688,38.86000061035156,39.27999877929688,5005600
2024-02-29,38.9900016784668,39.400001525878906,38.91999816894531,39.400001525878906,5122300
2024-03-01,39.630001068115234,39.72999954223633,39.43999862670898,39.5099983215332,4125600
2024-03-04,38.90999984741211,39.43999862670898,38.84000015258789,39.43999862670898,7162300
2024-03-05,38.47999954223633,38.77999877929688,38.400001525878906,38.56999969482422,7768300
2024-03-06,39.08000183105469,39.41999816894531,39.04999923706055,39.290000915527344,4142600
2024-03-07,38.83000183105469,38.84999847412109,38.56999969482422,38.709999084472656,2357800
2024-03-08,38.959999084472656,39.11000061035156,38.77999877929688,38.97999954223633,2251700
2024-03-11,39.810001373291016,40.09000015258789,39.650001525878906,39.68000030517578,4101500
2024-03-12,40.630001068115234,40.66999816894531,40.33000183105469,40.45000076293945,4427100
2024-03-13,40.77999877929688,41.18000030517578,40.75,40.83000183105469,4396400
2024-03-14,40.16999816894531,40.5099983215332,40.040000915527344,40.45000076293945,6139900
2024-03-15,40.04999923706055,40.290000915527344,40.02999877929688,40.18000030517578,1850100
2024-03-18,40.29999923706055,40.47999954223633,40.22999954223633,40.41999816894531,3215700
2024-03-19,40.04999923706055,40.130001068115234,39.7599983215332,39.93999862670898,2134200
2024-03-20,40.45000076293945,40.59000015258789,40.119998931884766,40.34000015258789,4009600
2024-03-21,40.09999847412109,40.43000030517578,40.08000183105469,40.41999816894531,3386100
2024-03-22,39.52999877929688,39.65999984741211,39.40999984741211,39.56999969482422,4453800
2024-03-25,39.45000076293945,39.650001525878906,39.380001068115234,39.5,2485100
2024-03-26,39.58000183105469,39.72999954223633,39.52999877929688,39.66999816894531,1905400
2024-03-27,39.52000045776367,39.52000045776367,39.18999862670898,39.27000045776367,5201600
2024-03-28,39.72999954223633,39.93999862670898,39.650001525878906,39.650001525878906,3321200
2024-04-01,40.380001068115234,40.619998931884766,40.18999862670898,40.220001220703125,4871400
2024-04-02,40.5,40.72999954223633,40.380001068115234,40.459999084472656,3541900
2024-04-03,40.380001068115234,40.43999862670898,40.09999847412109,40.18000030517578,2925800
2024-04-04,40.220001220703125,40.720001220703125,40.15999984741211,40.709999084472656,3092100
2024-04-05,39.95000076293945,40.060001373291016,39.84999847412109,39.91999816894531,2390700
2024-04-08,40.13999938964844,40.34000015258789,40.09000015258789,40.130001068115234,2542400
2024-04-09,40.5,40.5099983215332,40.290000915527344,40.310001373291016,1663100
2024-04-10,40.22999954223633,40.459999084472656,40.08000183105469,40.22999954223633,2347900
2024-04-11,40.540000915527344,40.7599983215332,40.31999969482422,40.68000030517578,3249000
2024-04-12,39.27999877929688,39.86000061035156,39.2400016784668,39.86000061035156,4123200
2024-04-15,39.43000030517578,39.84000015258789,39.290000915527344,39.81999969482422,2464400
2024-04-16,38.970001220703125,39.20000076293945,38.83000183105469,38.9900016784668,2766000
2024-04-17,39.040000915527344,39.310001373291016,38.9900016784668,39.310001373291016,1913500
2024-04-18,39.540000915527344,39.70000076293945,39.40999984741211,39.459999084472656,1844000
2024-04-19,39.40999984741211,39.43999862670898,39.22999954223633,39.29999923706055,1500700
2024-04-22,40.18999862670898,40.22999954223633,39.52000045776367,39.59999847412109,2561500
2024-04-23,40.709999084472656,40.72999954223633,40.38999938964844,40.470001220703125,2122200
2024-04-24,41.34000015258789,41.380001068115234,41.13999938964844,41.27999877929688,1929500
2024-04-25,41.54999923706055,41.58000183105469,41.09000015258789,41.119998931884766,1999600
2024-04-26,42.34999847412109,42.59999847412109,42.209999084472656,42.369998931884766,3653400
2024-04-29,42.77000045776367,42.77999877929688,42.38999938964844,42.459999084472656,3975500
2024-04-30,41.869998931884766,42.310001373291016,41.86000061035156,42.25,7042100
2024-05-01,42.16999816894531,42.5,41.900001525878906,42.0099983215332,2921700
2024-05-02,44.470001220703125,44.68999862670898,43.34000015258789,43.34000015258789,6135900
2024-05-03,44.77000045776367,44.790000915527344,44.34000015258789,44.58000183105469,4491000
2024-05-06,44.72999954223633,45.02000045776367,44.56999969482422,44.84999847412109,1851400
2024-05-07,44.2400016784668,44.34999847412109,44.15999984741211,44.29999923706055,3911000
2024-05-08,43.93999862670898,43.970001220703125,43.52999877929688,43.52999877929688,2281700
2024-05-09,44.88999938964844,44.970001220703125,44.61000061035156,44.81999969482422,3585100
2024-05-10,45.18000030517578,45.4900016784668,45.06999969482422,45.41999816894531,3211400
2024-05-13,46.09999847412109,46.209999084472656,45.709999084472656,45.7400016784668,3412900
2024-05-14,45.880001068115234,46.02000045776367,45.720001220703125,45.810001373291016,2899300
2024-05-15,46.2599983215332,46.31999969482422,45.86000061035156,46.31999969482422,2624800
2024-05-16,47.130001068115234,47.18000030517578,46.36000061035156,46.52000045776367,5301900
2024-05-17,47.43999862670898,47.68999862670898,47.0,47.16999816894531,5945900
2024-05-20,47.040000915527344,47.2400016784668,46.900001525878906,47.04999923706055,2680300
2024-05-21,46.27000045776367,46.4900016784668,46.11000061035156,46.36000061035156,2345500
2024-05-22,45.88999938964844,46.34000015258789,45.84000015258789,46.27000045776367,2336500
2024-05-23,45.04999923706055,45.68999862670898,44.93000030517578,45.560001373291016,3201400
2024-05-24,44.970001220703125,45.150001525878906,44.790000915527344,44.86000061035156,4713100
2024-05-28,45.0,45.33000183105469,44.869998931884766,45.16999816894531,2823100
2024-05-29,44.5,44.54999923706055,44.22999954223633,44.310001373291016,2100800
2024-05-30,44.619998931884766,44.68000030517578,44.11000061035156,44.119998931884766,2343600
2024-05-31,43.81999969482422,43.86000061035156,43.5,43.7599983215332,3562600
2024-06-03,43.97999954223633,44.36000061035156,43.709999084472656,44.2400016784668,2572700
2024-06-04,44.310001373291016,44.540000915527344,44.11000061035156,44.43999862670898,2206300
2024-06-05,44.52000045776367,44.52000045776367,44.220001220703125,44.43000030517578,2046100
2024-06-06,44.56999969482422,44.59999847412109,44.290000915527344,44.54999923706055,4465600
2024-06-07,43.630001068115234,44.040000915527344,43.59000015258789,43.90999984741211,2286700
2024-06-10,43.95000076293945,44.02000045776367,43.540000915527344,43.77000045776367,1198700
2024-06-11,43.29999923706055,43.560001373291016,43.16999816894531,43.54999923706055,2828000
2024-06-12,43.380001068115234,43.65999984741211,43.33000183105469,43.58000183105469,3472500
2024-06-13,43.380001068115234,43.7599983215332,43.22999954223633,43.58000183105469,3891900
2024-06-14,43.130001068115234,43.2599983215332,43.0,43.18999862670898,2720900
2024-06-17,43.4900016784668,43.540000915527344,43.22999954223633,43.29999923706055,1426800
2024-06-18,43.52999877929688,43.65999984741211,43.27000045776367,43.34999847412109,1550600
2024-06-20,43.630001068115234,43.810001373291016,43.43000030517578,43.619998931884766,3613300
2024-06-21,43.119998931884766,43.31999969482422,43.06999969482422,43.2400016784668,2467300
2024-06-24,43.40999984741211,43.75,43.25,43.25,1576100
2024-06-25,42.959999084472656,43.20000076293945,42.93000030517578,43.119998931884766,2227200
2024-06-26,43.040000915527344,43.130001068115234,42.90999984741211,43.060001373291016,1596300
2024-06-27,42.11000061035156,42.56999969482422,42.06999969482422,42.56999969482422,2006100
2024-06-28,42.16999816894531,42.41999816894531,42.119998931884766,42.34999847412109,2402300
2024-07-01,42.380001068115234,42.63999938964844,42.31999969482422,42.52999877929688,1410400
2024-07-02,42.650001525878906,42.650001525878906,42.27999877929688,42.41999816894531,1836500
2024-07-03,43.369998931884766,43.45000076293945,42.970001220703125,42.970001220703125,2055300
2024-07-05,42.70000076293945,42.7599983215332,42.36000061035156,42.65999984741211,3199800
2024-07-08,42.31999969482422,42.40999984741211,42.209999084472656,42.40999984741211,2218100
2024-07-09,42.869998931884766,42.93000030517578,42.36000061035156,42.38999938964844,1638500
2024-07-10,42.70000076293945,42.79999923706055,42.560001373291016,42.630001068115234,1846900
2024-07-11,43.56999969482422,43.77000045776367,43.38999938964844,43.40999984741211,1544300
2024-07-12,44.0099983215332,44.4900016784668,43.9900016784668,44.25,2513000
2024-07-15,43.08000183105469,43.45000076293945,43.060001373291016,43.43000030517578,2321400
2024-07-16,43.060001373291016,43.09000015258789,42.68000030517578,42.72999954223633,4050400
2024-07-17,42.47999954223633,42.77999877929688,42.369998931884766,42.77000045776367,4426200
2024-07-18,42.16999816894531,42.7599983215332,42.13999938964844,42.5099983215332,2494500
2024-07-19,42.02000045776367,42.15999984741211,41.97999954223633,42.08000183105469,2179800
2024-07-22,42.77000045776367,42.88999938964844,42.56999969482422,42.619998931884766,1467200
2024-07-23,41.93999862670898,41.9900016784668,41.79999923706055,41.900001525878906,3183700
2024-07-24,41.470001220703125,41.91999816894531,41.43999862670898,41.75,7626900
2024-07-25,40.95000076293945,41.27000045776367,40.93999862670898,41.040000915527344,12533100
2024-07-26,41.25,41.369998931884766,40.900001525878906,40.97999954223633,2578700
2024-07-29,41.130001068115234,41.2400016784668,41.040000915527344,41.130001068115234,2787100
2024-07-30,40.72999954223633,40.880001068115234,40.68000030517578,40.880001068115234,1745500
2024-07-31,41.52000045776367,41.95000076293945,41.45000076293945,41.77999877929688,4654100
2024-08-01,40.959999084472656,41.54999923706055,40.900001525878906,41.5,3237200
2024-08-02,40.81999969482422,40.84999847412109,40.52999877929688,40.7599983215332,2229200
2024-08-05,40.619998931884766,40.75,39.95000076293945,40.0,4954500
2024-08-06,40.560001373291016,40.79999923706055,40.18999862670898,40.20000076293945,2106800
2024-08-07,40.77000045776367,41.25,40.68999862670898,41.18000030517578,4212300
2024-08-08,41.68000030517578,41.72999954223633,41.20000076293945,41.20000076293945,1537800
2024-08-09,41.5099983215332,41.54999923706055,41.290000915527344,41.459999084472656,1093100
2024-08-12,41.93999862670898,42.08000183105469,41.65999984741211,41.66999816894531,3018200
2024-08-13,42.16999816894531,42.209999084472656,41.959999084472656,42.02999877929688,1419200
2024-08-14,41.310001373291016,41.869998931884766,41.06999969482422,41.83000183105469,1665700
2024-08-15,41.91999816894531,42.11000061035156,41.650001525878906,41.66999816894531,3474800
2024-08-16,42.59999847412109,42.65999984741211,42.18999862670898,42.18999862670898,1442000
2024-08-19,42.90999984741211,43.09000015258789,42.75,42.77000045776367,1792600
2024-08-20,41.90999984741211,42.43999862670898,41.869998931884766,42.43000030517578,2255500
2024-08-21,42.38999938964844,42.43000030517578,42.0,42.0,1137200
2024-08-22,42.040000915527344,42.470001220703125,41.95000076293945,42.470001220703125,2256300
2024-08-23,42.52000045776367,42.65999984741211,42.209999084472656,42.34999847412109,1529400
2024-08-26,41.70000076293945,41.93000030517578,41.59000015258789,41.86000061035156,1468900
2024-08-27,41.86000061035156,42.130001068115234,41.79999923706055,42.02999877929688,1286400
2024-08-28,41.06999969482422,41.4900016784668,41.0,41.47999954223633,2555900
2024-08-29,41.52999877929688,41.650001525878906,41.43999862670898,41.47999954223633,2104900
2024-08-30,41.83000183105469,42.150001525878906,41.650001525878906,42.150001525878906,3306100
2024-09-03,41.33000183105469,41.470001220703125,41.220001220703125,41.31999969482422,1621600
2024-09-04,41.18999862670898,41.43000030517578,41.15999984741211,41.31999969482422,1725500
2024-09-05,41.150001525878906,41.380001068115234,41.060001373291016,41.18000030517578,2280200
2024-09-06,40.709999084472656,41.11000061035156,40.619998931884766,41.0099983215332,2054000
2024-09-09,40.619998931884766,40.720001220703125,40.380001068115234,40.41999816894531,1395900
2024-09-10,40.43000030517578,40.54999923706055,40.25,40.54999923706055,2074600
2024-09-11,40.77999877929688,40.83000183105469,40.369998931884766,40.45000076293945,1820300
2024-09-12,40.77000045776367,40.81999969482422,40.54999923706055,40.59999847412109,925000
2024-09-13,40.900001525878906,40.95000076293945,40.7400016784668,40.90999984741211,1735900
2024-09-16,41.09999847412109,41.18000030517578,41.02999877929688,41.119998931884766,973400
2024-09-17,41.470001220703125,41.72999954223633,41.43999862670898,41.43999862670898,1380900
2024-09-18,41.27000045776367,41.630001068115234,41.25,41.61000061035156,1632900
2024-09-19,42.650001525878906,42.709999084472656,42.16999816894531,42.38999938964844,1553100
2024-09-20,42.65999984741211,42.959999084472656,42.58000183105469,42.900001525878906,2685000
2024-09-23,43.27999877929688,43.560001373291016,42.9900016784668,43.0099983215332,1592900
2024-09-24,47.15999984741211,47.290000915527344,45.7599983215332,45.95000076293945,16430600
2024-09-25,46.08000183105469,46.41999816894531,45.79999923706055,45.88999938964844,7315400
2024-09-26,50.09999847412109,50.369998931884766,49.18999862670898,50.0,11895500
2024-09-27,50.9900016784668,51.33000183105469,50.29999923706055,50.400001525878906,14573500
2024-09-30,50.90999984741211,52.45000076293945,50.81999969482422,52.40999984741211,11650900
2024-10-01,52.97999954223633,53.0,50.93999862670898,51.2599983215332,8637000
2024-10-02,56.47999954223633,56.52000045776367,54.97999954223633,56.0,16841200
2024-10-03,54.9900016784668,55.540000915527344,54.119998931884766,54.369998931884766,12097000
2024-10-04,57.0,57.06999969482422,56.29999923706055,56.7599983215332,9799100
2024-10-07,59.66999816894531,59.790000915527344,57.5099983215332,58.290000915527344,21376000
2024-10-08,53.220001220703125,53.68999862670898,51.880001068115234,53.16999816894531,13902400
2024-10-09,51.970001220703125,52.36000061035156,50.810001373291016,51.060001373291016,12398400
2024-10-10,52.34999847412109,52.81999969482422,51.630001068115234,52.59000015258789,5989200
2024-10-11,52.63999938964844,52.97999954223633,51.220001220703125,51.5,8901300
2024-10-14,51.58000183105469,52.79999923706055,51.369998931884766,51.83000183105469,6446900
2024-10-15,49.040000915527344,50.290000915527344,48.81999969482422,50.119998931884766,14678500
2024-10-16,49.70000076293945,50.08000183105469,49.43999862670898,49.59999847412109,3032800
2024-10-17,48.36000061035156,48.709999084472656,48.119998931884766,48.709999084472656,4333700
2024-10-18,50.4900016784668,51.0,50.33000183105469,50.970001220703125,4327900
2024-10-21,49.900001525878906,50.09999847412109,49.5,49.77000045776367,3074000
2024-10-22,50.380001068115234,50.84999847412109,50.060001373291016,50.119998931884766,2965600
2024-10-23,50.09000015258789,50.77999877929688,49.9900016784668,50.70000076293945,2404700
2024-10-24,49.720001220703125,49.9900016784668,49.34999847412109,49.77000045776367,2067700
2024-10-25,49.84999847412109,50.400001525878906,49.81999969482422,50.27999877929688,2507800
2024-10-28,50.560001373291016,50.790000915527344,50.0,50.0099983215332,3348300
2024-10-29,50.06999969482422,50.790000915527344,50.0,50.72999954223633,3343100
2024-10-30,49.459999084472656,49.650001525878906,49.04999923706055,49.220001220703125,2307300
2024-10-31,49.25,49.34000015258789,48.77999877929688,49.2400016784668,4569700
2024-11-01,49.47999954223633,49.88999938964844,49.400001525878906,49.75,3045100
2024-11-04,49.84999847412109,50.459999084472656,49.84000015258789,49.959999084472656,1590800
2024-11-05,51.02999877929688,51.31999969482422,50.7599983215332,51.02999877929688,3222300
2024-11-06,49.650001525878906,50.02000045776367,49.0099983215332,49.38999938964844,13273500
2024-11-07,52.33000183105469,52.70000076293945,51.68000030517578,51.84999847412109,16886100
2024-11-08,49.459999084472656,50.31999969482422,49.119998931884766,50.0,5625000
2024-11-11,49.470001220703125,49.86000061035156,49.400001525878906,49.810001373291016,5297300
2024-11-12,47.86000061035156,48.43000030517578,47.720001220703125,48.2599983215332,5531400
2024-11-13,47.7599983215332,48.45000076293945,47.68000030517578,48.380001068115234,3551200
2024-11-14,47.34999847412109,47.68999862670898,47.18000030517578,47.56999969482422,2422700
2024-11-15,47.380001068115234,47.5099983215332,47.16999816894531,47.43999862670898,3279100
2024-11-18,48.040000915527344,48.09999847412109,47.68999862670898,47.7599983215332,1379400
2024-11-19,47.68999862670898,47.810001373291016,47.59999847412109,47.709999084472656,1599500
2024-11-20,47.97999954223633,48.02999877929688,47.79999923706055,47.959999084472656,1516200
2024-11-21,47.59000015258789,47.790000915527344,47.5099983215332,47.63999938964844,1904000
2024-11-22,46.47999954223633,46.560001373291016,46.27999877929688,46.5,2954100
2024-11-25,46.380001068115234,46.5,46.18000030517578,46.27999877929688,2544800
2024-11-26,46.09999847412109,46.43000030517578,45.93999862670898,46.400001525878906,1622700
2024-11-27,47.2400016784668,47.47999954223633,47.11000061035156,47.31999969482422,2072300
2024-11-29,47.31999969482422,47.34000015258789,46.77000045776367,46.95000076293945,1543000
2024-12-02,47.380001068115234,47.470001220703125,47.04999923706055,47.29999923706055,2084600
2024-12-03,47.560001373291016,47.77999877929688,47.43999862670898,47.470001220703125,2114600
2024-12-04,47.09000015258789,47.5099983215332,47.02000045776367,47.47999954223633,3281900
2024-12-05,47.38999938964844,47.52000045776367,47.2599983215332,47.290000915527344,1072300
2024-12-06,47.810001373291016,48.18000030517578,47.79999923706055,48.09999847412109,2047100
2024-12-09,51.52000045776367,52.220001220703125,51.04999923706055,51.08000183105469,13323900
2024-12-10,49.18999862670898,49.52000045776367,49.040000915527344,49.369998931884766,7387100
2024-12-11,48.84000015258789,48.900001525878906,48.5099983215332,48.900001525878906,5404500
2024-12-12,48.84999847412109,49.13999938964844,48.630001068115234,48.79999923706055,2721600
2024-12-13,48.220001220703125,48.34999847412109,47.93999862670898,48.34999847412109,2063800
2024-12-16,47.4900016784668,47.84999847412109,47.459999084472656,47.619998931884766,1675200
2024-12-17,47.220001220703125,47.31999969482422,46.709999084472656,46.75,2795700
2024-12-18,46.38999938964844,47.209999084472656,46.369998931884766,47.08000183105469,1696100
2024-12-19,46.720001220703125,47.06999969482422,46.720001220703125,47.04999923706055,1738800
2024-12-20,47.09999847412109,47.290000915527344,46.720001220703125,46.79999923706055,2358300
2024-12-23,47.290000915527344,47.369998931884766,46.90999984741211,47.060001373291016,1159800
2024-12-24,47.709999084472656,47.77000045776367,47.560001373291016,47.66999816894531,695200
2024-12-26,47.83000183105469,48.119998931884766,47.540000915527344,47.68000030517578,801000
2024-12-27,47.470001220703125,47.5099983215332,47.2400016784668,47.400001525878906,1326800
2024-12-30,46.95000076293945,47.25,46.880001068115234,47.25,1688200
2024-12-31,46.86000061035156,47.02999877929688,46.72999954223633,46.90999984741211,1417100
2025-01-02,46.02000045776367,46.36000061035156,45.9900016784668,46.27000045776367,2955000
2025-01-03,46.38999938964844,46.38999938964844,46.11000061035156,46.27000045776367,1446400
2025-01-06,45.619998931884766,46.81999969482422,45.43000030517578,46.709999084472656,3479800
2025-01-07,45.2400016784668,45.63999938964844,45.16999816894531,45.45000076293945,2081000
2025-01-08,44.93000030517578,44.9900016784668,44.58000183105469,44.720001220703125,3759200
2025-01-10,43.709999084472656,44.290000915527344,43.70000076293945,44.22999954223633,3669800
2025-01-13,43.869998931884766,44.06999969482422,43.709999084472656,43.77000045776367,6034700
2025-01-14,44.83000183105469,45.09000015258789,44.77000045776367,44.959999084472656,4489900
2025-01-15,45.310001373291016,45.380001068115234,45.119998931884766,45.34999847412109,1158200
2025-01-16,45.27999877929688,45.38999938964844,45.18000030517578,45.34000015258789,937700
2025-01-17,46.209999084472656,46.630001068115234,45.560001373291016,45.58000183105469,2633100
2025-01-21,46.5099983215332,46.810001373291016,46.2400016784668,46.72999954223633,2444100
2025-01-22,46.310001373291016,46.400001525878906,45.97999954223633,46.290000915527344,867800
2025-01-23,46.25,46.290000915527344,45.90999984741211,46.09999847412109,1134800
2025-01-24,47.38999938964844,47.45000076293945,46.79999923706055,46.880001068115234,1445600
2025-01-27,47.7400016784668,47.970001220703125,47.5,47.869998931884766,1770400
2025-01-28,48.400001525878906,48.41999816894531,47.33000183105469,47.81999969482422,5882400
2025-01-29,48.25,48.9900016784668,48.20000076293945,48.72999954223633,5474900
2025-01-30,49.43000030517578,49.7400016784668,48.380001068115234,48.40999984741211,2949200
2025-01-31,48.40999984741211,49.43999862670898,48.2599983215332,49.43999862670898,5019900
2025-02-03,48.08000183105469,48.56999969482422,47.34999847412109,47.41999816894531,4381800
2025-02-04,49.290000915527344,49.70000076293945,48.90999984741211,49.02999877929688,2013200
2025-02-05,48.459999084472656,48.790000915527344,48.43999862670898,48.619998931884766,2427600
2025-02-06,49.119998931884766,49.34000015258789,48.959999084472656,49.16999816894531,1650200
2025-02-07,49.72999954223633,50.56999969482422,49.70000076293945,50.08000183105469,8219600
2025-02-10,51.0099983215332,51.060001373291016,50.540000915527344,50.810001373291016,3502000
2025-02-11,50.540000915527344,50.900001525878906,50.20000076293945,50.43000030517578,1951600
2025-02-12,51.869998931884766,52.18999862670898,51.08000183105469,51.22999954223633,9574100
2025-02-13,51.84999847412109,51.880001068115234,50.83000183105469,50.959999084472656,5028400
2025-02-14,53.459999084472656,53.68999862670898,53.040000915527344,53.61000061035156,3644900
2025-02-18,53.9900016784668,54.25,53.63999938964844,54.20000076293945,3009600
2025-02-19,53.72999954223633,54.02000045776367,53.58000183105469,53.970001220703125,3368200
2025-02-20,54.72999954223633,55.59000015258789,54.11000061035156,54.68000030517578,3157400
2025-02-21,55.77000045776367,56.459999084472656,55.43000030517578,55.77000045776367,8286900
2025-02-24,53.59000015258789,54.869998931884766,53.5,54.81999969482422,6656700
2025-02-25,54.060001373291016,54.2599983215332,53.720001220703125,54.15999984741211,4083900
2025-02-26,55.400001525878906,55.93999862670898,55.209999084472656,55.68999862670898,5227400
2025-02-27,54.90999984741211,55.5,54.619998931884766,55.09999847412109,4044900
2025-02-28,53.58000183105469,53.75,53.18000030517578,53.400001525878906,4069700
2025-03-03,52.810001373291016,53.83000183105469,52.630001068115234,53.7599983215332,2052000
2025-03-04,53.59999847412109,54.0,52.84000015258789,53.27000045776367,3192900
2025-03-05,56.220001220703125,56.369998931884766,54.77000045776367,54.90999984741211,4292900
2025-03-06,56.52999877929688,57.290000915527344,56.29999923706055,57.02999877929688,4175400
2025-03-07,56.5,57.08000183105469,56.15999984741211,56.61000061035156,2774400
2025-03-10,54.790000915527344,55.59999847412109,54.5099983215332,55.31999969482422,2947600
2025-03-11,55.83000183105469,56.38999938964844,55.34000015258789,55.83000183105469,3445100
2025-03-12,55.630001068115234,55.68999862670898,55.06999969482422,55.59000015258789,2778000
2025-03-13,55.77000045776367,56.02999877929688,54.970001220703125,55.04999923706055,1841700
2025-03-14,57.369998931884766,57.459999084472656,57.02999877929688,57.34000015258789,2967200
2025-03-17,58.650001525878906,58.790000915527344,57.29999923706055,57.369998931884766,2770900
2025-03-18,58.36000061035156,58.75,58.11000061035156,58.7400016784668,3789800
2025-03-19,58.310001373291016,58.90999984741211,58.04999923706055,58.90999984741211,2050400
2025-03-20,56.68999862670898,56.97999954223633,56.43000030517578,56.63999938964844,3756000
2025-03-21,55.650001525878906,55.88999938964844,55.38999938964844,55.54999923706055,5199000
2025-03-24,55.61000061035156,56.08000183105469,55.52000045776367,56.04999923706055,9497800
2025-03-25,55.0,55.72999954223633,54.970001220703125,55.310001373291016,6650700
2025-03-26,55.0,55.43999862670898,54.77000045776367,55.18000030517578,4844000
2025-03-27,55.810001373291016,56.060001373291016,55.25,55.34000015258789,2084700
2025-03-28,54.56999969482422,55.06999969482422,54.470001220703125,55.040000915527344,1830800
2025-03-31,54.400001525878906,54.54999923706055,53.81999969482422,54.119998931884766,2352800
2025-04-01,54.54999923706055,54.72999954223633,54.15999984741211,54.43999862670898,1788400
2025-04-02,54.15999984741211,54.540000915527344,54.02999877929688,54.5099983215332,2183300
2025-04-03,53.66999816894531,53.83000183105469,53.11000061035156,53.11000061035156,4003800
2025-04-04,50.0,50.95000076293945,48.84999847412109,50.650001525878906,10895400
2025-04-07,46.0,48.720001220703125,45.209999084472656,46.810001373291016,10303900
2025-04-08,45.220001220703125,47.91999816894531,44.709999084472656,47.91999816894531,5635400
2025-04-09,48.060001373291016,48.310001373291016,45.93999862670898,46.540000915527344,8924600
2025-04-10,47.97999954223633,48.72999954223633,47.25,48.54999923706055,7991000
2025-04-11,49.68000030517578,49.790000915527344,48.45000076293945,48.84999847412109,3751100
2025-04-14,50.560001373291016,51.08000183105469,50.33000183105469,50.33000183105469,4133600
2025-04-15,50.16999816894531,50.52000045776367,50.08000183105469,50.40999984741211,1722200
2025-04-16,49.15999984741211,49.720001220703125,48.95000076293945,49.41999816894531,2033100
2025-04-17,49.290000915527344,50.0,49.2400016784668,49.84000015258789,1729300
2025-04-21,49.38999938964844,49.619998931884766,48.95000076293945,49.619998931884766,1252000
2025-04-22,50.900001525878906,51.290000915527344,50.459999084472656,50.56999969482422,1457400
2025-04-23,51.65999984741211,52.5,51.619998931884766,51.86000061035156,3504500
2025-04-24,51.970001220703125,52.11000061035156,51.459999084472656,51.61000061035156,1223200
2025-04-25,51.90999984741211,51.959999084472656,51.650001525878906,51.68999862670898,1997100
2025-04-28,51.84999847412109,52.040000915527344,51.61000061035156,51.79999923706055,1849600
2025-04-29,51.68000030517578,51.83000183105469,51.59999847412109,51.709999084472656,1506700
2025-04-30,51.65999984741211,51.77999877929688,51.310001373291016,51.7400016784668,1403800
2025-05-01,51.59000015258789,51.84000015258789,51.47999954223633,51.75,1070600
2025-05-02,53.41999816894531,53.540000915527344,53.0,53.38999938964844,2455000
2025-05-05,53.400001525878906,53.59000015258789,53.18000030517578,53.20000076293945,1190100
2025-05-06,53.95000076293945,54.18000030517578,53.720001220703125,53.7599983215332,2230500
2025-05-07,52.68999862670898,53.0099983215332,52.65999984741211,52.970001220703125,6795000
2025-05-08,53.45000076293945,53.68000030517578,53.06999969482422,53.43000030517578,2105500
2025-05-09,53.25,53.720001220703125,53.220001220703125,53.68000030517578,1084300
2025-05-12,55.060001373291016,55.25,54.72999954223633,55.15999984741211,3050500
2025-05-13,54.70000076293945,55.09000015258789,54.33000183105469,54.45000076293945,3537900
2025-05-14,55.59999847412109,55.84000015258789,55.38999938964844,55.7400016784668,2304100
2025-05-15,54.56999969482422,54.77999877929688,54.27000045776367,54.720001220703125,1759900
2025-05-16,54.41999816894531,54.59999847412109,54.34999847412109,54.5099983215332,1490100
2025-05-19,54.70000076293945,54.720001220703125,54.150001525878906,54.2599983215332,1736400
2025-05-20,55.20000076293945,55.20000076293945,54.93000030517578,55.0099983215332,2662700
2025-05-21,54.9900016784668,55.65999984741211,54.880001068115234,55.459999084472656,2317100
2025-05-22,54.75,54.880001068115234,54.619998931884766,54.68999862670898,1741700
2025-05-23,54.77999877929688,54.869998931884766,54.400001525878906,54.47999954223633,1685300
2025-05-27,54.040000915527344,54.06999969482422,53.83000183105469,53.959999084472656,2513300
2025-05-28,53.33000183105469,53.619998931884766,53.290000915527344,53.619998931884766,2340300
2025-05-29,53.86000061035156,54.2400016784668,53.72999954223633,54.150001525878906,3158700
2025-05-30,52.81999969482422,53.22999954223633,52.52999877929688,53.22999954223633,2665000
2025-06-02,53.2599983215332,53.29999923706055,52.869998931884766,53.119998931884766,4035400
2025-06-03,53.7599983215332,53.86000061035156,53.54999923706055,53.77000045776367,1408700
2025-06-04,54.790000915527344,54.84999847412109,54.27000045776367,54.34000015258789,1720200
2025-06-05,54.9900016784668,55.27999877929688,54.72999954223633,55.150001525878906,1711200
2025-06-06,54.91999816894531,54.959999084472656,54.45000076293945,54.58000183105469,1914900
2025-06-09,55.52000045776367,55.619998931884766,55.25,55.290000915527344,1587400
2025-06-10,55.68999862670898,55.72999954223633,55.2599983215332,55.52999877929688,1867600
2025-06-11,55.86000061035156,56.18000030517578,55.810001373291016,56.0,1337900
2025-06-12,55.790000915527344,55.86000061035156,55.630001068115234,55.70000076293945,1228300
2025-06-13,54.77000045776367,55.09000015258789,54.65999984741211,54.79999923706055,1898900
2025-06-16,55.0099983215332,55.34999847412109,54.970001220703125,55.0099983215332,2035100
2025-06-17,54.43999862670898,54.869998931884766,54.43000030517578,54.77999877929688,1927200
2025-06-18,53.93000030517578,54.20000076293945,53.810001373291016,54.130001068115234,2254200
2025-06-20,53.5,53.95000076293945,53.470001220703125,53.95000076293945,1215700
2025-06-23,54.130001068115234,54.15999984741211,53.650001525878906,53.83000183105469,1829100
2025-06-24,55.56999969482422,55.59000015258789,54.790000915527344,54.869998931884766,1409600
2025-06-25,55.52999877929688,55.720001220703125,55.41999816894531,55.709999084472656,2834200
2025-06-26,55.540000915527344,55.709999084472656,55.33000183105469,55.400001525878906,1832000
2025-06-27,55.18000030517578,55.38999938964844,55.0099983215332,55.209999084472656,1273600
2025-06-30,55.09999847412109,55.150001525878906,54.630001068115234,54.83000183105469,1169400
2025-07-01,55.27000045776367,55.38999938964844,55.02999877929688,55.08000183105469,1446700
2025-07-02,55.0,55.0,54.70000076293945,54.91999816894531,1688500
2025-07-03,54.720001220703125,54.869998931884766,54.54999923706055,54.68000030517578,2230200
2025-07-07,54.619998931884766,55.0099983215332,54.540000915527344,54.59000015258789,2329900
2025-07-08,55.130001068115234,55.31999969482422,55.0,55.15999984741211,1832000
2025-07-09,54.58000183105469,54.810001373291016,54.40999984741211,54.810001373291016,2595000
2025-07-10,55.0099983215332,55.04999923706055,54.63999938964844,54.900001525878906,715700
2025-07-11,54.95000076293945,55.209999084472656,54.900001525878906,55.150001525878906,704200
2025-07-14,55.54999923706055,55.59000015258789,55.25,55.34000015258789,1121100
2025-07-15,56.68000030517578,56.77000045776367,56.02999877929688,56.33000183105469,2827900
2025-07-16,56.5099983215332,56.560001373291016,56.04999923706055,56.290000915527344,1372400
2025-07-17,56.91999816894531,56.959999084472656,56.29999923706055,56.31999969482422,1325300
2025-07-18,57.45000076293945,57.93999862670898,57.43000030517578,57.58000183105469,1754300
2025-07-21,57.810001373291016,58.08000183105469,57.5099983215332,57.68999862670898,1695300
2025-07-22,58.66999816894531,58.720001220703125,58.02000045776367,58.209999084472656,4269900
2025-07-23,59.25,59.36000061035156,59.08000183105469,59.16999816894531,6193700
2025-07-24,59.18000030517578,59.5,59.040000915527344,59.43000030517578,3532200
2025-07-25,58.93000030517578,58.970001220703125,58.540000915527344,58.72999954223633,3979700
2025-07-28,58.70000076293945,59.09999847412109,58.59999847412109,59.0,1511900
2025-07-29,58.560001373291016,59.09999847412109,58.52000045776367,59.06999969482422,2267000
2025-07-30,57.88999938964844,58.34999847412109,57.77999877929688,58.11000061035156,2798000
2025-07-31,57.43000030517578,57.68999862670898,57.18000030517578,57.29999923706055,3082700
2025-08-01,56.52000045776367,56.709999084472656,56.22999954223633,56.68999862670898,3036700
2025-08-04,57.470001220703125,57.709999084472656,57.29999923706055,57.54999923706055,2482500
2025-08-05,57.86000061035156,58.119998931884766,57.810001373291016,58.02999877929688,1337100
2025-08-06,58.36000061035156,58.400001525878906,57.88999938964844,58.130001068115234,1643000
2025-08-07,58.20000076293945,58.45000076293945,58.02000045776367,58.34999847412109,1947600
2025-08-08,58.18999862670898,58.18999862670898,57.900001525878906,58.0099983215332,1274600
2025-08-11,57.81999969482422,58.18999862670898,57.630001068115234,58.02999877929688,2122100
2025-08-12,58.72999954223633,58.810001373291016,58.04999923706055,58.06999969482422,3443700
2025-08-13,60.560001373291016,60.58000183105469,60.15999984741211,60.16999816894531,5343000
2025-08-14,59.29999923706055,59.630001068115234,59.150001525878906,59.4900016784668,3268200
2025-08-15,59.68000030517578,59.84999847412109,59.560001373291016,59.70000076293945,1732900
2025-08-18,60.040000915527344,60.16999816894531,59.90999984741211,60.0,2936400
2025-08-19,59.59000015258789,60.06999969482422,59.5,59.880001068115234,2821600
2025-08-20,59.91999816894531,60.0,59.56999969482422,59.81999969482422,2115400
2025-08-21,60.0,60.09999847412109,59.68999862670898,59.68999862670898,1703700
2025-08-22,61.56999969482422,61.650001525878906,60.68000030517578,60.7599983215332,2661100
2025-08-25,61.540000915527344,62.15999984741211,61.540000915527344,61.81999969482422,2747400
2025-08-26,61.619998931884766,62.040000915527344,61.54999923706055,61.75,2084500
2025-08-27,60.02000045776367,60.060001373291016,59.77000045776367,60.0,2162000
2025-08-28,60.45000076293945,60.5099983215332,59.90999984741211,60.02999877929688,1882800
2025-08-29,61.310001373291016,61.45000076293945,60.86000061035156,60.90999984741211,4727100
2025-09-02,61.63999938964844,61.66999816894531,60.72999954223633,60.88999938964844,3852200
2025-09-03,61.33000183105469,61.43000030517578,61.0099983215332,61.16999816894531,2140600
2025-09-04,60.29999923706055,60.38999938964844,59.900001525878906,60.31999969482422,6878800
2025-09-05,61.34999847412109,61.54999923706055,61.04999923706055,61.5099983215332,3564200
2025-09-08,62.29999923706055,62.310001373291016,61.83000183105469,62.040000915527344,1910200
2025-09-09,62.970001220703125,63.150001525878906,62.59000015258789,62.7400016784668,6756300
2025-09-10,62.540000915527344,63.09000015258789,62.52999877929688,63.09000015258789,2548100
2025-09-11,64.20999908447266,64.23999786376953,63.25,63.27000045776367,3177800
2025-09-12,63.95000076293945,64.13999938964844,63.77999877929688,64.08999633789062,1622700
2025-09-15,64.43000030517578,64.5999984741211,64.30000305175781,64.56999969482422,1672800
2025-09-16,64.86000061035156,64.93000030517578,64.13999938964844,64.23999786376953,1967200
2025-09-17,65.80000305175781,65.94999694824219,65.37999725341797,65.7300033569336,2566800
2025-09-18,64.75,64.91000366210938,64.44999694824219,64.70999908447266,2748900
2025-09-19,64.44000244140625,65.0199966430664,64.44000244140625,64.9000015258789,4182600
2025-09-22,64.43000030517578,64.66999816894531,64.29000091552734,64.41999816894531,3235500
2025-09-23,63.65999984741211,64.16999816894531,63.650001525878906,63.970001220703125,3823100
2025-09-24,64.58000183105469,65.01000213623047,64.54000091552734,64.66999816894531,3733400
2025-09-25,64.76000213623047,64.91999816894531,64.43000030517578,64.72000122070312,2747600
2025-09-26,64.31999969482422,64.4000015258789,63.869998931884766,64.0999984741211,3090800
2025-09-29,65.52999877929688,65.76000213623047,65.36000061035156,65.55999755859375,1442600
2025-09-30,65.8499984741211,66.29000091552734,65.68000030517578,66.13999938964844,2685200
2025-10-01,66.25,66.33000183105469,65.88999938964844,65.9000015258789,2313000
2025-10-02,66.98999786376953,67.37000274658203,66.79000091552734,67.19000244140625,3956200
2025-10-03,66.55000305175781,66.88999938964844,66.37000274658203,66.87000274658203,1543000
2025-10-06,66.63999938964844,66.83000183105469,66.2699966430664,66.37000274658203,2179900
2025-10-07,65.80999755859375,66.7699966430664,65.69000244140625,66.69999694824219,3126000
2025-10-08,66.12999725341797,66.18000030517578,65.66000366210938,65.9800033569336,1898700
2025-10-09,65.12000274658203,66.16000366210938,64.93000030517578,66.12999725341797,1800900
2025-10-10,61.38999938964844,65.0,61.0,64.58000183105469,16704800
2025-10-13,63.29999923706055,63.720001220703125,63.15999984741211,63.58000183105469,3781600
2025-10-14,62.58000183105469,63.16999816894531,62.02000045776367,62.09999847412109,9046100
2025-10-15,63.25,63.630001068115234,62.900001525878906,63.38999938964844,2824200
2025-10-16,63.400001525878906,63.810001373291016,63.22999954223633,63.540000915527344,2644800
2025-10-17,63.310001373291016,63.45000076293945,62.36000061035156,62.400001525878906,2798600
2025-10-20,64.12000274658203,64.25,63.15999984741211,63.27999877929688,2049000
2025-10-21,63.43999862670898,63.7599983215332,63.369998931884766,63.7599983215332,2064600
2025-10-22,63.02999877929688,63.560001373291016,62.540000915527344,63.2400016784668,2384300
2025-10-23,64.11000061035156,64.4000015258789,63.63999938964844,63.720001220703125,1829200
2025-10-24,64.51000213623047,64.7300033569336,64.4800033569336,64.69999694824219,1324200
2025-10-27,65.58999633789062,65.72000122070312,65.48999786376953,65.70999908447266,1747400
2025-10-28,65.12000274658203,65.20999908447266,64.75,64.9000015258789,2830200
2025-10-29,65.48999786376953,65.83999633789062,65.0999984741211,65.5999984741211,3591600
2025-10-30,64.37999725341797,64.70999908447266,64.22000122070312,64.37000274658203,2722900
2025-10-31,63.56999969482422,63.7400016784668,63.09000015258789,63.43000030517578,2778100
2025-11-03,63.54999923706055,63.630001068115234,63.209999084472656,63.59999847412109,1593900
2025-11-04,62.72999954223633,63.18999862670898,62.59000015258789,62.65999984741211,1944900
2025-11-05,63.36000061035156,63.52000045776367,62.900001525878906,63.0,1609400
2025-11-06,63.970001220703125,64.52999877929688,63.7599983215332,64.25,3534900
2025-11-07,63.61000061035156,63.61000061035156,62.83000183105469,63.16999816894531,2008400
2025-11-10,64.69999694824219,64.7699966430664,64.25,64.5,1666300
2025-11-11,64.52999877929688,64.9000015258789,64.5,64.7300033569336,1396700
2025-11-12,64.58000183105469,64.80999755859375,64.27999877929688,64.7699966430664,2076300
2025-11-13,64.45999908447266,65.37000274658203,64.0199966430664,65.33999633789062,3934200
2025-11-14,63.5,64.2300033569336,63.09000015258789,63.58000183105469,3836700
2025-11-17,62.77999877929688,63.84000015258789,62.59000015258789,63.040000915527344,1810000
2025-11-18,62.41999816894531,62.619998931884766,62.02000045776367,62.11000061035156,4478700
2025-11-19,61.90999984741211,62.2599983215332,61.7400016784668,62.09000015258789,2087100
2025-11-20,60.880001068115234,62.36000061035156,60.84000015258789,62.150001525878906,1970900
2025-11-21,60.91999816894531,61.22999954223633,60.06999969482422,60.27999877929688,2692500
2025-11-24,61.959999084472656,62.02999877929688,61.54999923706055,61.56999969482422,2497200
2025-11-25,62.20000076293945,62.560001373291016,61.959999084472656,62.4900016784668,1403700
2025-11-26,61.90999984741211,62.36000061035156,61.34999847412109,62.04999923706055,2477600
2025-11-28,62.20000076293945,62.310001373291016,61.93999862670898,62.040000915527344,945100
2025-12-01,62.65999984741211,62.91999816894531,62.36000061035156,62.38999938964844,2286700
2025-12-02,62.2400016784668,62.34999847412109,61.90999984741211,62.34999847412109,2073100
2025-12-03,61.880001068115234,61.90999984741211,61.459999084472656,61.54999923706055,3221700
2025-12-04,61.97999954223633,62.02999877929688,61.7599983215332,62.0,3253600
2025-12-05,62.65999984741211,62.790000915527344,62.4900016784668,62.66999816894531,3323400
2025-12-08,62.220001220703125,62.290000915527344,61.95000076293945,62.27999877929688,2696200
2025-12-09,61.34999847412109,61.43000030517578,61.06999969482422,61.220001220703125,2834900
2025-12-10,61.810001373291016,62.040000915527344,61.45000076293945,61.56999969482422,1782300
2025-12-11,61.68999862670898,61.75,61.16999816894531,61.40999984741211,2737100
2025-12-12,61.52000045776367,62.2599983215332,61.27000045776367,62.08000183105469,2339700
2025-12-15,60.869998931884766,61.459999084472656,60.81999969482422,61.310001373291016,2348500
2025-12-16,59.70000076293945,59.75,59.290000915527344,59.52000045776367,3367200
2025-12-17,59.470001220703125,60.34000015258789,59.43999862670898,60.22999954223633,2643000
2025-12-18,59.9900016784668,60.36000061035156,59.970001220703125,60.150001525878906,2913400
2025-12-19,60.630001068115234,60.869998931884766,60.4900016784668,60.56999969482422,1780000
2025-12-22,60.88999938964844,61.0099983215332,60.619998931884766,60.720001220703125,2600100
2025-12-23,60.66999816894531,60.66999816894531,60.209999084472656,60.459999084472656,1219400
2025-12-24,60.61000061035156,60.7400016784668,60.58000183105469,60.61000061035156,1159700
2025-12-26,61.27000045776367,61.27999877929688,60.810001373291016,60.880001068115234,981500
2025-12-29,60.369998931884766,60.380001068115234,60.06999969482422,60.09999847412109,3676000
2025-12-30,60.58000183105469,60.77000045776367,60.52000045776367,60.650001525878906,1684800
2025-12-31,60.06999969482422,60.29999923706055,59.95000076293945,60.29999923706055,1186100
2026-01-02,62.2400016784668,62.29999923706055,61.75,61.83000183105469,3187000
2026-01-05,62.66999816894531,62.68999862670898,61.75,61.959999084472656,3309800
2026-01-06,62.709999084472656,63.18000030517578,62.70000076293945,62.95000076293945,2999900
2026-01-07,61.880001068115234,62.2400016784668,61.880001068115234,62.209999084472656,2576300
2026-01-08,62.27999877929688,62.310001373291016,61.4900016784668,61.52000045776367,2388100
2026-01-09,62.220001220703125,62.29999923706055,61.810001373291016,62.20000076293945,1760500
2026-01-12,64.26000213623047,64.31999969482422,62.97999954223633,63.02000045776367,3459300
2026-01-13,63.52000045776367,63.880001068115234,63.2400016784668,63.7400016784668,2550700
2026-01-14,63.54999923706055,63.59999847412109,63.220001220703125,63.38999938964844,5400800
2026-01-15,63.59000015258789,63.880001068115234,62.97999954223633,63.31999969482422,3054700
2026-01-16,62.52000045776367,62.93999862670898,62.18000030517578,62.90999984741211,2265700
2026-01-20,61.650001525878906,62.27999877929688,61.58000183105469,61.84999847412109,2877700
2026-01-21,62.4900016784668,62.75,62.06999969482422,62.4900016784668,4120500
2026-01-22,62.77999877929688,63.150001525878906,62.720001220703125,62.81999969482422,2527200
2026-01-23,62.7400016784668,62.77999877929688,62.310001373291016,62.560001373291016,2493800
2026-01-26,62.65999984741211,62.86000061035156,62.380001068115234,62.5,2987700
2026-01-27,63.290000915527344,63.38999938964844,63.04999923706055,63.27999877929688,2110000
2026-01-28,63.90999984741211,64.2300033569336,63.630001068115234,64.19000244140625,3109500
2026-01-29,64.2300033569336,64.91000366210938,63.43999862670898,64.62000274658203,4582400
2026-01-30,62.400001525878906,63.29999923706055,61.959999084472656,63.09999847412109,4691600
2026-02-02,61.61000061035156,61.90999984741211,61.459999084472656,61.63999938964844,3441400
2026-02-03,61.06999969482422,61.380001068115234,60.5099983215332,61.13999938964844,4704200
2026-02-04,60.310001373291016,60.970001220703125,59.93999862670898,60.959999084472656,6893000
2026-02-05,60.09999847412109,60.95000076293945,60.040000915527344,60.709999084472656,4829000
2026-02-06,61.66999816894531,61.66999816894531,60.880001068115234,60.900001525878906,2760800
2026-02-09,61.970001220703125,62.09999847412109,61.459999084472656,61.63999938964844,3245700
2026-02-10,61.9900016784668,62.2400016784668,61.630001068115234,61.869998931884766,1777300
2026-02-11,61.93000030517578,62.02000045776367,61.33000183105469,61.7599983215332,1984000
2026-02-12,60.58000183105469,61.5099983215332,60.27000045776367,61.43999862670898,4028600
2026-02-13,60.34999847412109,60.52999877929688,59.869998931884766,60.040000915527344,4307500
2026-02-17,60.61000061035156,60.79999923706055,60.11000061035156,60.52000045776367,2146400
2026-02-18,60.95000076293945,61.2400016784668,60.84999847412109,60.93999862670898,3467900
2026-02-19,60.720001220703125,60.810001373291016,60.43000030517578,60.720001220703125,1852100
2026-02-20,61.0099983215332,61.040000915527344,59.68000030517578,59.68000030517578,3762600
2026-02-23,60.7599983215332,61.41999816894531,60.70000076293945,61.310001373291016,1753700
2026-02-24,60.43000030517578,60.59999847412109,60.08000183105469,60.11000061035156,5163100
2026-02-25,60.66999816894531,60.72999954223633,60.20000076293945,60.650001525878906,2896700
2026-02-26,59.22999954223633,59.45000076293945,58.810001373291016,59.31999969482422,3088200
2026-02-27,59.060001373291016,59.31999969482422,58.95000076293945,59.130001068115234,3239500
2026-03-02,58.5099983215332,58.72999954223633,57.86000061035156,57.869998931884766,5836600
2026-03-03,56.900001525878906,57.150001525878906,55.77000045776367,56.4900016784668,12731300
2026-03-04,57.130001068115234,57.2400016784668,56.65999984741211,57.0,4000300
2026-03-05,56.18000030517578,56.56999969482422,55.83000183105469,56.18000030517578,10528100
2026-03-06,56.720001220703125,56.95000076293945,56.209999084472656,56.400001525878906,5015200
2026-03-09,57.66999816894531,57.77999877929688,56.47999954223633,56.7400016784668,6791500
2026-03-10,58.70000076293945,59.400001525878906,58.15999984741211,58.290000915527344,5579400
2026-03-11,58.310001373291016,58.47999954223633,58.0099983215332,58.34999847412109,5535200
2026-03-12,57.68000030517578,58.119998931884766,57.52000045776367,57.95000076293945,3950900
2026-03-13,57.77999877929688,58.43999862670898,57.66999816894531,58.13999938964844,4262500
2026-03-16,58.70000076293945,58.84999847412109,58.540000915527344,58.59000015258789,5554900
2026-03-17,58.43999862670898,58.790000915527344,58.369998931884766,58.709999084472656,4365900
2026-03-18,57.22999954223633,58.09999847412109,57.209999084472656,57.95000076293945,2640200
2026-03-19,56.810001373291016,57.09000015258789,55.9900016784668,56.20000076293945,8388500
2026-03-20,55.209999084472656,56.040000915527344,55.09999847412109,56.0,3866300
2026-03-23,55.59000015258789,56.18000030517578,55.310001373291016,55.5,5937800
2026-03-24,55.63999938964844,55.83000183105469,55.2599983215332,55.38999938964844,3765500
2026-03-25,56.650001525878906,56.81999969482422,56.36000061035156,56.52000045776367,3527300
2026-03-26,55.040000915527344,55.70000076293945,55.0,55.27999877929688,4258700
2026-03-27,54.81999969482422,55.2599983215332,54.7599983215332,55.22999954223633,2993400
2026-03-30,54.95000076293945,55.33000183105469,54.77999877929688,55.220001220703125,2785700
2026-03-31,56.18000030517578,56.25,54.91999816894531,55.0,5779400
2026-04-01,56.0,56.5,55.900001525878906,56.09999847412109,9765100
2026-04-02,55.84000015258789,56.060001373291016,55.20000076293945,55.27999877929688,2053200
2026-04-06,55.83000183105469,56.119998931884766,55.52999877929688,55.52999877929688,1807600
2026-04-07,55.61000061035156,55.68999862670898,55.02000045776367,55.5099983215332,4716400
2026-04-08,57.29999923706055,57.72999954223633,57.130001068115234,57.61000061035156,2685400
2026-04-09,57.209999084472656,57.22999954223633,56.560001373291016,56.91999816894531,1928700
2026-04-10,57.18000030517578,57.560001373291016,57.09999847412109,57.43999862670898,1560900
2026-04-13,57.34999847412109,57.380001068115234,56.65999984741211,56.68000030517578,2228900
2026-04-14,58.02000045776367,58.119998931884766,57.52999877929688,57.54999923706055,3899100
2026-04-15,58.02999877929688,58.06999969482422,57.61000061035156,57.709999084472656,1579200
2026-04-16,58.68999862670898,59.02999877929688,58.47999954223633,58.77999877929688,2984800
2026-04-17,59.290000915527344,59.720001220703125,59.09000015258789,59.290000915527344,2253900
2026-04-20,59.29999923706055,59.40999984741211,58.97999954223633,59.15999984741211,1304000
2026-04-21,58.15999984741211,59.02000045776367,58.060001373291016,58.970001220703125,2052700
2026-04-22,58.29999923706055,58.5099983215332,58.18000030517578,58.400001525878906,1703400
2026-04-23,57.27000045776367,57.72999954223633,56.84000015258789,57.63999938964844,2484600
2026-04-24,57.810001373291016,57.86000061035156,57.36000061035156,57.540000915527344,2775200
2026-04-27,57.119998931884766,57.290000915527344,57.02000045776367,57.18000030517578,1871300
2026-04-28,56.7599983215332,56.83000183105469,56.5099983215332,56.560001373291016,2243000
2026-04-29,56.83000183105469,57.18000030517578,56.720001220703125,57.11000061035156,1849300
2026-04-30,57.56999969482422,57.68999862670898,56.790000915527344,56.86000061035156,1101200
2026-05-01,57.720001220703125,58.0099983215332,57.54999923706055,57.56999969482422,1563200
2026-05-04,57.29999923706055,57.68999862670898,57.18000030517578,57.369998931884766,1250800
2026-05-05,57.220001220703125,57.540000915527344,57.220001220703125,57.5099983215332,1190000
2026-05-06,58.709999084472656,58.83000183105469,57.77999877929688,57.869998931884766,5770100
2026-05-07,58.33000183105469,59.04999923706055,58.27999877929688,59.0,3926900
2026-05-08,58.31999969482422,58.88999938964844,58.18999862670898,58.70000076293945,3610100
2026-05-11,58.70000076293945,58.90999984741211,58.650001525878906,58.72999954223633,2936100
2026-05-12,58.209999084472656,58.52000045776367,57.869998931884766,58.41999816894531,2126400
2026-05-13,59.790000915527344,59.93000030517578,58.04999923706055,58.06999969482422,5579500
2026-05-14,58.09999847412109,58.36000061035156,57.790000915527344,58.18999862670898,3783400
2026-05-15,56.63999938964844,57.130001068115234,56.619998931884766,57.060001373291016,3881500
2026-05-18,56.36000061035156,56.66999816894531,56.20000076293945,56.630001068115234,2387900
2026-05-19,56.58000183105469,56.709999084472656,56.36000061035156,56.40999984741211,2399200
2026-05-20,56.619998931884766,56.720001220703125,56.11000061035156,56.54999923706055,1752900
2026-05-21,55.959999084472656,56.06999969482422,55.27000045776367,55.52999877929688,1524400
2026-05-22,55.540000915527344,55.63999938964844,54.86000061035156,54.93000030517578,3010000
2026-05-26,56.09999847412109,56.11000061035156,55.84999847412109,55.84999847412109,3227900
2026-05-27,55.459999084472656,55.54999923706055,55.09999847412109,55.15999984741211,3008300
2026-05-28,54.9900016784668,55.08000183105469,54.459999084472656,54.540000915527344,3961100
2026-05-29,55.09999847412109,55.41999816894531,54.900001525878906,55.02999877929688,3804300
2026-06-01,55.400001525878906,55.63999938964844,55.040000915527344,55.18000030517578,3318800
2026-06-02,57.18999862670898,57.619998931884766,57.06999969482422,57.27999877929688,3470700
2026-06-03,55.97999954223633,56.45000076293945,55.93000030517578,56.34000015258789,2953400
2026-06-04,55.72999954223633,56.31999969482422,55.70000076293945,55.97999954223633,2238900
2026-06-05,54.43999862670898,55.18999862670898,54.09999847412109,55.11000061035156,5929400
2026-06-08,53.93000030517578,54.52000045776367,53.90999984741211,54.34999847412109,2485700
2026-06-09,54.29999923706055,54.869998931884766,53.7599983215332,54.720001220703125,3394800
2026-06-10,54.11000061035156,54.61000061035156,54.08000183105469,54.27000045776367,2562100
2026-06-11,54.34000015258789,54.400001525878906,53.400001525878906,53.5,4608500
2026-06-12,54.83000183105469,54.869998931884766,54.5,54.83000183105469,1973200
2026-06-15,54.93000030517578,55.150001525878906,54.81999969482422,55.02999877929688,1789900
2026-06-16,54.130001068115234,54.150001525878906,53.84999847412109,54.0099983215332,6040300
2026-06-17,53.0,53.9900016784668,52.875,53.68999862670898,4248503
2026-06-18,52.77000045776367,52.91999816894531,52.6150016784668,52.88999938964844,2281550
2026-06-22,52.86000061035156,53.15499877929688,52.650001525878906,52.790000915527344,1863245
2026-06-23,51.810001373291016,52.0099983215332,51.61000061035156,51.61000061035156,1853884
2026-06-24,51.43000030517578,51.7400016784668,51.34000015258789,51.43000030517578,5873440
2026-06-25,50.77999877929688,51.209999084472656,50.560001373291016,51.119998931884766,3091594
2026-06-26,50.47999954223633,50.58000183105469,49.880001068115234,49.880001068115234,4109774
