Date,Close,High,Low,Open,Volume
1996-08-30,4.8125,4.84375,4.8125,4.84375,46800
1996-09-03,4.75,4.75,4.71875,4.75,20000
1996-09-04,4.78125,4.78125,4.78125,4.78125,2000
1996-09-05,4.71875,4.78125,4.71875,4.78125,24800
1996-09-06,4.75,4.78125,4.75,4.75,9600
1996-09-09,4.78125,4.78125,4.78125,4.78125,2000
1996-09-10,4.78125,4.78125,4.78125,4.78125,400
1996-09-11,4.84375,4.84375,4.78125,4.78125,30000
1996-09-12,4.9375,4.9375,4.875,4.875,154400
1996-09-13,5.03125,5.03125,4.9375,4.9375,220400
1996-09-16,5.03125,5.0625,5.03125,5.03125,85600
1996-09-17,5.03125,5.0625,5.0,5.0625,18400
1996-09-18,5.09375,5.09375,5.03125,5.03125,24800
1996-09-19,5.15625,5.15625,5.09375,5.125,187600
1996-09-20,5.28125,5.28125,5.1875,5.21875,148400
1996-09-23,5.28125,5.28125,5.28125,5.28125,67600
1996-09-24,5.34375,5.375,5.28125,5.28125,93600
1996-09-25,5.34375,5.34375,5.34375,5.34375,36800
1996-09-26,5.09375,5.34375,5.09375,5.3125,79200
1996-09-27,5.0625,5.125,4.9375,5.125,66400
1996-09-30,5.09375,5.09375,5.0625,5.0625,15200
1996-10-01,5.09375,5.09375,5.0625,5.09375,363200
1996-10-02,5.28125,5.28125,5.15625,5.15625,239200
1996-10-03,5.3125,5.3125,5.25,5.28125,104000
1996-10-04,5.4375,5.4375,5.34375,5.34375,135600
1996-10-07,5.5,5.5625,5.5,5.5,62800
1996-10-08,5.53125,5.5625,5.5,5.5,112000
1996-10-09,5.5,5.53125,5.5,5.53125,35600
1996-10-10,5.53125,5.5625,5.46875,5.46875,172800
1996-10-11,5.625,5.625,5.5625,5.5625,31200
1996-10-14,5.6875,5.6875,5.625,5.625,30400
1996-10-15,5.5625,5.75,5.53125,5.75,126400
1996-10-16,5.53125,5.5625,5.46875,5.53125,73600
1996-10-17,5.5625,5.5625,5.5,5.53125,130400
1996-10-18,5.65625,5.6875,5.53125,5.5625,124400
1996-10-21,5.71875,5.71875,5.625,5.625,209600
1996-10-22,5.75,5.84375,5.6875,5.71875,344400
1996-10-23,5.78125,5.78125,5.6875,5.78125,598000
1996-10-24,5.75,5.8125,5.75,5.78125,298800
1996-10-25,5.78125,5.8125,5.75,5.78125,77600
1996-10-28,5.75,5.84375,5.75,5.78125,105200
1996-10-29,5.78125,5.8125,5.75,5.78125,565600
1996-10-30,5.78125,5.8125,5.75,5.78125,121600
1996-10-31,5.84375,5.84375,5.78125,5.78125,36400
1996-11-01,6.0,6.03125,5.84375,5.84375,536400
1996-11-04,6.21875,6.21875,6.03125,6.03125,152000
1996-11-05,6.46875,6.5625,6.3125,6.375,699200
1996-11-06,6.65625,6.75,6.46875,6.46875,490000
1996-11-07,6.5,6.65625,6.46875,6.65625,314400
1996-11-08,6.46875,6.53125,6.40625,6.53125,143600
1996-11-11,6.5,6.5,6.40625,6.46875,61200
1996-11-12,6.28125,6.5,6.25,6.5,98400
1996-11-13,6.125,6.28125,6.0,6.28125,224000
1996-11-14,6.34375,6.40625,6.0625,6.15625,171600
1996-11-15,6.5,6.5625,6.3125,6.375,172400
1996-11-18,6.4375,6.5,6.4375,6.5,36400
1996-11-19,6.5625,6.5625,6.4375,6.4375,154400
1996-11-20,6.625,6.65625,6.5625,6.5625,216800
1996-11-21,6.4375,6.59375,6.375,6.59375,146000
1996-11-22,6.40625,6.5,6.375,6.40625,92800
1996-11-25,6.6875,6.71875,6.375,6.375,177200
1996-11-26,6.71875,6.875,6.6875,6.75,178400
1996-11-27,6.84375,6.84375,6.6875,6.71875,101600
1996-11-29,6.65625,6.84375,6.65625,6.84375,101600
1996-12-02,6.46875,6.6875,6.4375,6.6875,142400
1996-12-03,6.5,6.5625,6.46875,6.53125,56000
1996-12-04,6.34375,6.46875,6.3125,6.46875,79600
1996-12-05,6.09375,6.34375,6.0,6.34375,188400
1996-12-06,6.09375,6.125,5.78125,5.84375,407600
1996-12-09,6.34375,6.375,6.21875,6.21875,150800
1996-12-10,6.40625,6.46875,6.375,6.40625,138000
1996-12-11,6.15625,6.28125,6.09375,6.09375,160400
1996-12-12,6.03125,6.1875,6.03125,6.1875,82000
1996-12-13,6.15625,6.15625,6.03125,6.03125,75200
1996-12-16,6.09375,6.125,6.0625,6.125,94400
1996-12-17,6.15625,6.1875,6.03125,6.0625,142800
1996-12-18,6.125,6.1875,6.09375,6.125,49600
1996-12-19,6.40625,6.40625,6.125,6.125,158400
1996-12-20,6.34375,6.4375,6.28125,6.4375,128400
1996-12-23,6.3125,6.375,6.28125,6.3125,51200
1996-12-24,6.34375,6.375,6.3125,6.34375,16400
1996-12-26,6.34375,6.375,6.34375,6.34375,14400
1996-12-27,6.40625,6.4375,6.375,6.375,56000
1996-12-30,6.53125,6.625,6.5,6.5625,146800
1996-12-31,6.375,6.53125,6.375,6.5,138400
1997-01-02,6.3125,6.40625,6.1875,6.375,57600
1997-01-03,6.34375,6.40625,6.3125,6.3125,81200
1997-01-06,6.40625,6.4375,6.34375,6.34375,50800
1997-01-07,6.4375,6.4375,6.34375,6.40625,44800
1997-01-08,6.4375,6.46875,6.40625,6.4375,361600
1997-01-09,6.5,6.5,6.46875,6.46875,19600
1997-01-10,6.40625,6.46875,6.40625,6.4375,96000
1997-01-13,6.5,6.5,6.4375,6.4375,27200
1997-01-14,6.53125,6.53125,6.5,6.5,181600
1997-01-15,6.6875,6.6875,6.5,6.5,46400
1997-01-16,6.8125,6.8125,6.71875,6.71875,119600
1997-01-17,6.84375,6.90625,6.84375,6.84375,138000
1997-01-20,6.84375,6.84375,6.8125,6.8125,240800
1997-01-21,6.8125,6.84375,6.8125,6.84375,50000
1997-01-22,6.84375,6.84375,6.8125,6.8125,36400
1997-01-23,6.84375,6.9375,6.84375,6.84375,102400
1997-01-24,6.84375,6.84375,6.78125,6.8125,58000
1997-01-27,6.8125,6.84375,6.8125,6.8125,23600
1997-01-28,6.875,6.9375,6.84375,6.84375,43600
1997-01-29,6.90625,6.90625,6.84375,6.875,33600
1997-01-30,6.90625,6.90625,6.84375,6.90625,36800
1997-01-31,6.875,6.9375,6.875,6.90625,46000
1997-02-03,7.0,7.03125,6.90625,6.90625,68400
1997-02-04,7.15625,7.15625,7.03125,7.03125,154400
1997-02-05,7.09375,7.25,7.09375,7.15625,308800
1997-02-06,7.0625,7.125,7.03125,7.125,72000
1997-02-07,7.15625,7.15625,7.03125,7.09375,170000
1997-02-10,7.21875,7.21875,7.1875,7.1875,64800
1997-02-11,7.28125,7.4375,7.25,7.25,154000
1997-02-12,7.28125,7.3125,7.25,7.3125,98000
1997-02-13,7.375,7.40625,7.25,7.25,88800
1997-02-14,7.3125,7.40625,7.3125,7.40625,89200
1997-02-18,7.34375,7.34375,7.25,7.25,53200
1997-02-19,7.3125,7.375,7.3125,7.375,339600
1997-02-20,7.03125,7.3125,7.0,7.28125,207600
1997-02-21,7.0,7.0625,6.96875,7.0625,219200
1997-02-24,7.0625,7.0625,6.875,7.0,411200
1997-02-25,7.28125,7.28125,7.09375,7.09375,208000
1997-02-26,7.21875,7.3125,7.15625,7.3125,194000
1997-02-27,7.125,7.1875,6.9375,7.1875,262000
1997-02-28,7.03125,7.09375,7.0,7.09375,48000
1997-03-03,6.9375,7.0,6.90625,7.0,146400
1997-03-04,7.0,7.03125,6.96875,6.96875,21600
1997-03-05,7.09375,7.125,7.0625,7.0625,138400
1997-03-06,7.125,7.25,7.125,7.15625,145600
1997-03-07,7.1875,7.21875,7.125,7.125,82000
1997-03-10,7.375,7.375,7.15625,7.1875,1348800
1997-03-11,7.21875,7.5,7.21875,7.40625,290000
1997-03-12,7.125,7.15625,7.09375,7.15625,606000
1997-03-13,7.0,7.0625,6.96875,7.0625,234000
1997-03-14,7.0,7.0625,6.96875,7.0,378400
1997-03-17,6.9375,6.96875,6.90625,6.9375,190000
1997-03-18,6.90625,6.9375,6.84375,6.875,131200
1997-03-19,6.84375,6.875,6.84375,6.84375,83200
1997-03-20,6.8125,6.875,6.78125,6.875,40400
1997-03-21,6.8125,6.8125,6.75,6.8125,124000
1997-03-24,6.96875,7.03125,6.8125,6.8125,154800
1997-03-25,6.90625,7.09375,6.90625,7.0,50000
1997-03-26,6.84375,6.9375,6.84375,6.9375,82800
1997-03-27,6.5,6.8125,6.5,6.8125,126800
1997-03-31,6.28125,6.5,6.28125,6.5,132400
1997-04-01,6.34375,6.4375,6.25,6.25,117200
1997-04-02,6.28125,6.34375,6.15625,6.3125,70400
1997-04-03,6.25,6.375,6.25,6.28125,56400
1997-04-04,6.375,6.375,6.28125,6.28125,30400
1997-04-07,6.53125,6.59375,6.40625,6.40625,105600
1997-04-08,6.5625,6.5625,6.5,6.53125,70000
1997-04-09,6.5625,6.59375,6.5625,6.59375,30000
1997-04-10,6.53125,6.5625,6.5,6.5,22000
1997-04-11,6.3125,6.46875,6.3125,6.46875,23600
1997-04-14,6.34375,6.375,6.28125,6.34375,22800
1997-04-15,6.59375,6.625,6.46875,6.46875,43600
1997-04-16,6.78125,6.78125,6.59375,6.625,62400
1997-04-17,6.71875,6.78125,6.71875,6.71875,65200
1997-04-18,6.71875,6.75,6.71875,6.71875,12400
1997-04-21,6.78125,6.8125,6.75,6.78125,144400
1997-04-22,7.03125,7.03125,6.75,6.78125,60400
1997-04-23,7.03125,7.09375,6.96875,7.0,86400
1997-04-24,7.0,7.09375,6.9375,7.0625,60400
1997-04-25,6.9375,6.96875,6.90625,6.96875,164800
1997-04-28,6.875,6.96875,6.875,6.96875,28800
1997-04-29,7.0625,7.09375,7.0,7.0,159200
1997-04-30,7.0625,7.09375,7.0,7.03125,88000
1997-05-01,7.21875,7.21875,7.03125,7.03125,111600
1997-05-02,7.4375,7.4375,7.21875,7.21875,286400
1997-05-05,7.375,7.4375,7.28125,7.375,194400
1997-05-06,7.25,7.3125,7.25,7.28125,44400
1997-05-07,7.21875,7.28125,7.1875,7.25,77600
1997-05-08,7.34375,7.4375,7.1875,7.1875,84000
1997-05-09,7.40625,7.46875,7.34375,7.375,165600
1997-05-12,7.40625,7.4375,7.34375,7.40625,44000
1997-05-13,7.34375,7.40625,7.34375,7.375,32800
1997-05-14,7.34375,7.4375,7.34375,7.40625,36400
1997-05-15,7.5,7.5,7.3125,7.3125,41600
1997-05-16,7.40625,7.5,7.40625,7.5,66800
1997-05-19,7.5,7.5,7.40625,7.40625,72000
1997-05-20,7.46875,7.46875,7.3125,7.4375,114800
1997-05-21,7.5,7.5625,7.46875,7.5,128000
1997-05-22,7.53125,7.53125,7.46875,7.5,81200
1997-05-23,7.65625,7.65625,7.5,7.5,84000
1997-05-27,7.65625,7.75,7.625,7.71875,98000
1997-05-28,7.59375,7.65625,7.53125,7.65625,78800
1997-05-29,7.5,7.625,7.46875,7.625,57600
1997-05-30,7.5625,7.59375,7.34375,7.375,60800
1997-06-02,7.625,7.625,7.5625,7.5625,40800
1997-06-03,7.6875,7.71875,7.625,7.625,44400
1997-06-04,7.71875,7.75,7.6875,7.6875,15600
1997-06-05,7.6875,7.78125,7.6875,7.6875,56800
1997-06-06,7.6875,7.6875,7.59375,7.65625,34000
1997-06-09,7.5625,7.625,7.53125,7.625,50400
1997-06-10,7.5,7.59375,7.5,7.5625,27200
1997-06-11,7.4375,7.53125,7.4375,7.53125,29600
1997-06-12,7.6875,7.6875,7.46875,7.46875,66800
1997-06-13,7.6875,7.875,7.6875,7.75,80800
1997-06-16,7.71875,7.71875,7.6875,7.6875,25600
1997-06-17,7.65625,7.6875,7.5625,7.625,152800
1997-06-18,7.59375,7.625,7.59375,7.625,245600
1997-06-19,7.6875,7.71875,7.59375,7.625,69200
1997-06-20,7.65625,7.65625,7.59375,7.625,26000
1997-06-23,7.59375,7.6875,7.59375,7.625,70800
1997-06-24,7.75,7.75,7.59375,7.609375,115200
1997-06-25,7.734375,7.859375,7.734375,7.78125,118000
1997-06-26,7.6875,7.75,7.671875,7.71875,46000
1997-06-27,7.53125,7.65625,7.53125,7.65625,69600
1997-06-30,7.40625,7.625,7.40625,7.625,50800
1997-07-01,7.46875,7.46875,7.34375,7.34375,44400
1997-07-02,7.578125,7.59375,7.484375,7.5,44000
1997-07-03,7.71875,7.75,7.640625,7.640625,166800
1997-07-07,7.515625,7.703125,7.515625,7.65625,132800
1997-07-08,7.65625,7.65625,7.515625,7.5625,58000
1997-07-09,7.65625,7.734375,7.625,7.71875,66000
1997-07-10,7.65625,7.671875,7.625,7.625,83600
1997-07-11,7.71875,7.71875,7.6875,7.6875,28400
1997-07-14,7.734375,7.75,7.703125,7.71875,81200
1997-07-15,7.6875,7.75,7.625,7.75,50400
1997-07-16,7.921875,7.9375,7.71875,7.71875,97600
1997-07-17,8.015625,8.046875,7.96875,7.96875,306000
1997-07-18,8.015625,8.0625,7.90625,8.0625,129200
1997-07-21,7.875,8.0,7.84375,8.0,49600
1997-07-22,8.0625,8.0625,7.875,7.921875,42400
1997-07-23,8.078125,8.140625,8.0625,8.125,163600
1997-07-24,8.0,8.140625,8.0,8.140625,97200
1997-07-25,7.9375,8.03125,7.9375,8.03125,28400
1997-07-28,7.890625,8.0,7.875,8.0,68000
1997-07-29,7.796875,7.921875,7.796875,7.890625,18400
1997-07-30,7.9375,7.9375,7.765625,7.8125,57200
1997-07-31,8.078125,8.09375,7.96875,7.984375,374000
1997-08-01,7.890625,8.0625,7.890625,8.0625,68800
1997-08-04,8.03125,8.03125,7.9375,7.9375,24800
1997-08-05,7.953125,8.015625,7.953125,8.015625,44800
1997-08-06,8.03125,8.0625,7.9375,7.9375,70800
1997-08-07,7.9375,8.125,7.9375,8.09375,54400
1997-08-08,7.71875,7.890625,7.71875,7.890625,77600
1997-08-11,7.65625,7.765625,7.578125,7.765625,46800
1997-08-12,7.5625,7.6875,7.5,7.6875,44400
1997-08-13,7.4375,7.625,7.40625,7.625,121600
1997-08-14,7.484375,7.546875,7.46875,7.5,54800
1997-08-15,7.375,7.453125,7.34375,7.453125,53600
1997-08-18,7.34375,7.375,7.125,7.375,178800
1997-08-19,7.4375,7.46875,7.3125,7.40625,78400
1997-08-20,7.515625,7.53125,7.4375,7.4375,175600
1997-08-21,7.375,7.5,7.375,7.5,107200
1997-08-22,7.40625,7.40625,7.21875,7.28125,54400
1997-08-25,7.546875,7.5625,7.453125,7.46875,62800
1997-08-26,7.578125,7.703125,7.546875,7.546875,54400
1997-08-27,7.59375,7.59375,7.5,7.5625,94400
1997-08-28,7.5625,7.65625,7.5,7.5625,77200
1997-08-29,7.5625,7.59375,7.546875,7.5625,50000
1997-09-02,7.65625,7.6875,7.59375,7.59375,34000
1997-09-03,7.703125,7.75,7.6875,7.6875,37200
1997-09-04,7.78125,7.828125,7.734375,7.734375,38800
1997-09-05,7.671875,7.828125,7.59375,7.828125,31600
1997-09-08,7.78125,7.8125,7.671875,7.703125,44800
1997-09-09,7.828125,7.84375,7.734375,7.78125,50000
1997-09-10,7.9375,7.953125,7.78125,7.78125,27600
1997-09-11,7.921875,7.9375,7.8125,7.9375,17600
1997-09-12,8.03125,8.0625,7.953125,7.953125,84000
1997-09-15,8.125,8.125,8.0625,8.0625,31200
1997-09-16,8.375,8.4375,8.125,8.125,74800
1997-09-17,8.375,8.453125,8.375,8.390625,118400
1997-09-18,8.359375,8.453125,8.359375,8.40625,77600
1997-09-19,8.40625,8.40625,8.359375,8.390625,29600
1997-09-22,8.53125,8.53125,8.40625,8.40625,107600
1997-09-23,8.46875,8.53125,8.46875,8.53125,84000
1997-09-24,8.59375,8.59375,8.5,8.5,162800
1997-09-25,8.546875,8.59375,8.546875,8.5625,69200
1997-09-26,8.484375,8.5,8.4375,8.5,17600
1997-09-29,8.5625,8.578125,8.5,8.5,38800
1997-09-30,8.53125,8.5625,8.53125,8.546875,15200
1997-10-01,8.515625,8.546875,8.4375,8.546875,34000
1997-10-02,8.609375,8.6875,8.53125,8.53125,59600
1997-10-03,8.875,9.0,8.75,8.875,136800
1997-10-06,9.3125,9.34375,8.96875,8.96875,280400
1997-10-07,9.390625,9.453125,9.34375,9.34375,104400
1997-10-08,9.328125,9.375,9.171875,9.375,338800
1997-10-09,9.109375,9.25,9.078125,9.25,160000
1997-10-10,8.875,9.0,8.78125,9.0,66800
1997-10-13,8.984375,8.984375,8.84375,8.84375,52800
1997-10-14,8.875,8.953125,8.859375,8.953125,51200
1997-10-15,8.75,8.875,8.75,8.875,28800
1997-10-16,8.65625,8.859375,8.65625,8.75,152000
1997-10-17,8.515625,8.5625,8.4375,8.5625,106000
1997-10-20,8.765625,8.765625,8.546875,8.5625,51600
1997-10-21,9.0625,9.0625,8.828125,8.828125,82800
1997-10-22,9.15625,9.171875,8.90625,9.0625,152400
1997-10-23,9.140625,9.25,9.015625,9.015625,216800
1997-10-24,9.09375,9.296875,9.09375,9.28125,78800
1997-10-27,8.59375,9.078125,8.59375,9.046875,138400
1997-10-28,8.75,8.75,8.125,8.125,241200
1997-10-29,9.015625,9.125,8.734375,8.734375,194400
1997-10-30,8.984375,9.03125,8.8125,8.984375,86000
1997-10-31,9.125,9.140625,9.03125,9.0625,77600
1997-11-03,9.453125,9.484375,9.359375,9.40625,302000
1997-11-04,9.546875,9.546875,9.390625,9.4375,40400
1997-11-05,9.65625,9.75,9.546875,9.5625,118800
1997-11-06,9.703125,9.8125,9.609375,9.609375,66800
1997-11-07,9.5,9.578125,9.46875,9.5,77200
1997-11-10,9.390625,9.5625,9.390625,9.53125,18000
1997-11-11,9.296875,9.4375,9.265625,9.4375,52800
1997-11-12,9.09375,9.234375,9.09375,9.234375,115200
1997-11-13,9.03125,9.09375,8.890625,9.09375,114000
1997-11-14,9.125,9.125,9.0,9.046875,20400
1997-11-17,9.40625,9.453125,9.15625,9.15625,49200
1997-11-18,9.34375,9.4375,9.34375,9.4375,20800
1997-11-19,9.25,9.34375,9.25,9.34375,13200
1997-11-20,9.3125,9.3125,9.265625,9.265625,21600
1997-11-21,9.578125,9.578125,9.375,9.375,48800
1997-11-24,9.515625,9.546875,9.5,9.515625,40400
1997-11-25,9.328125,9.515625,9.328125,9.515625,73200
1997-11-26,8.96875,9.328125,8.9375,9.296875,95200
1997-11-28,8.890625,8.90625,8.8125,8.90625,329600
1997-12-01,9.28125,9.34375,8.9375,9.0,94000
1997-12-02,9.40625,9.484375,9.28125,9.28125,33600
1997-12-03,9.328125,9.40625,9.3125,9.40625,440000
1997-12-04,9.25,9.34375,9.25,9.3125,67200
1997-12-05,9.34375,9.34375,9.1875,9.25,336800
1997-12-08,9.5,9.53125,9.390625,9.390625,69600
1997-12-09,9.65625,9.6875,9.46875,9.46875,52000
1997-12-10,9.53125,9.65625,9.484375,9.59375,48400
1997-12-11,9.34375,9.515625,9.25,9.515625,59200
1997-12-12,9.515625,9.546875,9.3125,9.375,60800
1997-12-15,9.53125,9.59375,9.453125,9.53125,30400
1997-12-16,9.484375,9.625,9.484375,9.53125,26000
1997-12-17,9.484375,9.5,9.4375,9.5,75600
1997-12-18,9.4375,9.5,9.421875,9.484375,42800
1997-12-19,9.390625,9.390625,9.15625,9.28125,66000
1997-12-22,9.28125,9.34375,9.234375,9.34375,36400
1997-12-23,9.1875,9.328125,9.1875,9.25,29600
1997-12-24,9.09375,9.1875,9.09375,9.1875,14400
1997-12-26,9.0625,9.09375,9.03125,9.09375,19600
1997-12-29,9.34375,9.34375,9.125,9.125,55600
1997-12-30,9.390625,9.40625,9.328125,9.375,103200
1997-12-31,9.421875,9.53125,9.390625,9.390625,82000
1998-01-02,9.46875,9.46875,9.4375,9.4375,30400
1998-01-05,9.78125,9.953125,9.46875,9.46875,96400
1998-01-06,9.734375,9.796875,9.65625,9.71875,154400
1998-01-07,9.46875,9.6875,9.40625,9.6875,189200
1998-01-08,9.28125,9.453125,9.28125,9.421875,131600
1998-01-09,9.0625,9.375,9.0625,9.375,86400
1998-01-12,9.03125,9.03125,8.75,8.8125,114800
1998-01-13,9.140625,9.234375,9.09375,9.09375,57600
1998-01-14,9.109375,9.25,9.0625,9.25,58000
1998-01-15,8.859375,9.0625,8.84375,9.0625,39200
1998-01-16,8.9375,8.96875,8.75,8.9375,301200
1998-01-20,8.984375,9.09375,8.984375,9.0,75600
1998-01-21,8.9375,8.984375,8.859375,8.90625,85200
1998-01-22,8.53125,8.953125,8.53125,8.953125,132000
1998-01-23,9.28125,9.53125,9.125,9.4375,506000
1998-01-26,9.84375,9.9375,9.5625,9.5625,222400
1998-01-27,9.8125,9.890625,9.765625,9.84375,78800
1998-01-28,9.515625,9.84375,9.5,9.8125,125200
1998-01-29,9.25,9.4375,9.203125,9.421875,110400
1998-01-30,9.203125,9.234375,9.03125,9.234375,136000
1998-02-02,9.40625,9.484375,9.34375,9.34375,123200
1998-02-03,9.59375,9.609375,9.4375,9.4375,62400
1998-02-04,9.390625,9.59375,9.34375,9.5625,72800
1998-02-05,9.5625,9.640625,9.4375,9.4375,15200
1998-02-06,9.78125,9.796875,9.609375,9.609375,110800
1998-02-09,10.0,10.03125,9.765625,9.765625,97600
1998-02-10,10.0625,10.1875,9.984375,10.0,82000
1998-02-11,10.078125,10.125,10.0,10.015625,107600
1998-02-12,10.328125,10.328125,10.015625,10.015625,53200
1998-02-13,10.625,10.625,10.1875,10.234375,61600
1998-02-17,10.5,10.65625,10.5,10.625,112400
1998-02-18,10.46875,10.5,10.40625,10.5,118800
1998-02-19,10.359375,10.46875,10.28125,10.46875,57600
1998-02-20,10.5625,10.6875,10.296875,10.375,58800
1998-02-23,10.875,10.875,10.671875,10.71875,117600
1998-02-24,10.984375,11.1875,10.890625,11.0,174800
1998-02-25,10.859375,11.0,10.734375,11.0,43600
1998-02-26,10.78125,10.921875,10.703125,10.84375,42000
1998-02-27,10.59375,10.828125,10.59375,10.765625,78400
1998-03-02,10.4375,10.5625,10.4375,10.5625,80800
1998-03-03,10.390625,10.4375,10.28125,10.4375,106400
1998-03-04,10.390625,10.4375,10.359375,10.359375,39600
1998-03-05,10.515625,10.5625,10.34375,10.359375,71200
1998-03-06,10.5625,10.703125,10.5,10.6875,28000
1998-03-09,10.6875,10.71875,10.59375,10.59375,36000
1998-03-10,11.0,11.0,10.75,10.75,46000
1998-03-11,11.171875,11.203125,11.0,11.0,77600
1998-03-12,11.421875,11.453125,11.234375,11.234375,111600
1998-03-13,11.265625,11.578125,11.265625,11.46875,132800
1998-03-16,11.328125,11.375,11.265625,11.3125,86000
1998-03-17,11.40625,11.40625,11.265625,11.328125,36000
1998-03-18,11.265625,11.390625,11.25,11.359375,60400
1998-03-19,11.28125,11.328125,11.25,11.25,71200
1998-03-20,11.25,11.484375,11.21875,11.25,105600
1998-03-23,11.09375,11.1875,10.953125,11.1875,83600
1998-03-24,11.078125,11.125,11.015625,11.09375,70000
1998-03-25,11.15625,11.3125,11.140625,11.140625,143200
1998-03-26,11.046875,11.125,11.03125,11.125,34000
1998-03-27,11.046875,11.078125,10.90625,11.0625,51600
1998-03-30,10.859375,11.0,10.859375,11.0,27200
1998-03-31,10.84375,10.96875,10.8125,10.859375,116400
1998-04-01,10.8125,10.9375,10.71875,10.890625,143200
1998-04-02,10.75,10.796875,10.65625,10.796875,131600
1998-04-03,10.90625,10.90625,10.75,10.8125,333600
1998-04-06,11.21875,11.234375,11.0,11.0,140000
1998-04-07,11.34375,11.375,11.25,11.25,202800
1998-04-08,11.265625,11.34375,11.21875,11.34375,26000
1998-04-09,11.5,11.5,11.28125,11.28125,600000
1998-04-13,11.875,11.90625,11.625,11.625,628800
1998-04-14,12.578125,12.640625,12.0,12.0,569200
1998-04-15,12.40625,12.96875,12.375,12.84375,552800
1998-04-16,12.75,13.0625,12.125,12.1875,525200
1998-04-17,12.0625,12.75,11.96875,12.75,890000
1998-04-20,11.78125,12.0,11.625,12.0,527600
1998-04-21,11.65625,11.78125,11.515625,11.625,226800
1998-04-22,11.5625,11.8125,11.53125,11.671875,139200
1998-04-23,11.421875,11.5625,11.359375,11.515625,62000
1998-04-24,11.078125,11.3125,10.9375,11.3125,148800
1998-04-27,10.953125,10.96875,10.6875,10.875,286400
1998-04-28,11.0625,11.234375,11.03125,11.15625,206400
1998-04-29,11.265625,11.3125,11.0625,11.09375,64800
1998-04-30,11.421875,11.5,11.40625,11.40625,116800
1998-05-01,11.390625,11.46875,11.328125,11.4375,310000
1998-05-04,11.25,11.390625,11.25,11.390625,120400
1998-05-05,11.046875,11.1875,11.0,11.1875,73600
1998-05-06,11.0,11.09375,10.90625,11.09375,100000
1998-05-07,10.96875,11.0625,10.90625,11.0625,75200
1998-05-08,11.15625,11.234375,11.0,11.0,201200
1998-05-11,11.25,11.328125,11.21875,11.21875,37200
1998-05-12,11.28125,11.296875,11.109375,11.203125,52400
1998-05-13,11.1875,11.34375,11.125,11.28125,88000
1998-05-14,11.0625,11.140625,11.015625,11.015625,74400
1998-05-15,11.015625,11.0625,10.953125,11.0625,85200
1998-05-18,10.90625,11.015625,10.890625,11.015625,15200
1998-05-19,11.0,11.046875,10.9375,10.9375,158800
1998-05-20,11.0,11.078125,11.0,11.03125,60400
1998-05-21,11.15625,11.15625,11.015625,11.015625,34800
1998-05-22,11.03125,11.15625,11.015625,11.15625,20000
1998-05-26,11.0,11.25,11.0,11.21875,44400
1998-05-27,10.71875,10.875,10.4375,10.796875,212000
1998-05-28,10.953125,10.953125,10.578125,10.75,164400
1998-05-29,11.203125,11.328125,11.203125,11.21875,137600
1998-06-01,11.203125,11.25,11.140625,11.140625,250000
1998-06-02,11.328125,11.390625,11.3125,11.34375,234000
1998-06-03,11.46875,11.5,11.375,11.375,40800
1998-06-04,11.3125,11.484375,11.3125,11.484375,81200
1998-06-05,11.265625,11.34375,11.265625,11.34375,95200
1998-06-08,11.453125,11.5,11.328125,11.328125,152000
1998-06-09,11.390625,11.46875,11.359375,11.4375,114000
1998-06-10,11.1875,11.34375,11.171875,11.34375,169600
1998-06-11,10.953125,11.1875,10.953125,11.1875,332400
1998-06-12,11.140625,11.140625,10.890625,11.0,210800
1998-06-15,11.0,11.15625,10.9375,11.0,35600
1998-06-16,11.0,11.09375,10.96875,11.078125,69600
1998-06-17,11.125,11.171875,11.0625,11.0625,100800
1998-06-18,10.96875,11.09375,10.96875,11.09375,23600
1998-06-19,10.953125,11.03125,10.890625,11.03125,44800
1998-06-22,10.890625,10.96875,10.84375,10.9375,99600
1998-06-23,10.828125,10.90625,10.765625,10.828125,34400
1998-06-24,10.953125,10.953125,10.796875,10.859375,16800
1998-06-25,11.265625,11.40625,11.015625,11.015625,102800
1998-06-26,11.28125,11.328125,11.234375,11.265625,31600
1998-06-29,11.515625,11.625,11.328125,11.328125,60800
1998-06-30,11.328125,11.5,11.3125,11.5,132400
1998-07-01,11.4375,11.46875,11.359375,11.359375,22800
1998-07-02,11.484375,11.484375,11.390625,11.4375,188800
1998-07-06,11.4375,11.46875,11.375,11.421875,136800
1998-07-07,11.4375,11.546875,11.4375,11.4375,80400
1998-07-08,11.34375,11.390625,11.3125,11.390625,55600
1998-07-09,11.15625,11.328125,11.09375,11.328125,83200
1998-07-10,11.03125,11.125,10.90625,11.125,212800
1998-07-13,11.0625,11.0625,10.96875,10.96875,9600
1998-07-14,11.1875,11.203125,11.046875,11.046875,119600
1998-07-15,11.125,11.21875,11.125,11.171875,495600
1998-07-16,11.15625,11.171875,11.046875,11.109375,122800
1998-07-17,11.234375,11.25,11.15625,11.171875,36800
1998-07-20,11.21875,11.296875,11.203125,11.296875,51200
1998-07-21,11.0625,11.25,11.0625,11.21875,115600
1998-07-22,10.90625,11.0,10.875,11.0,49600
1998-07-23,10.796875,10.90625,10.796875,10.90625,109600
1998-07-24,10.609375,10.8125,10.5625,10.8125,104000
1998-07-27,10.3125,10.546875,10.234375,10.546875,78400
1998-07-28,10.234375,10.3125,10.15625,10.28125,186800
1998-07-29,10.25,10.34375,10.171875,10.28125,98400
1998-07-30,10.25,10.25,10.1875,10.25,34400
1998-07-31,9.875,10.3125,9.859375,10.28125,137200
1998-08-03,9.609375,9.8125,9.609375,9.8125,78400
1998-08-04,9.09375,9.640625,9.09375,9.625,296800
1998-08-05,9.328125,9.40625,9.0625,9.0625,181600
1998-08-06,9.28125,9.390625,9.234375,9.265625,106400
1998-08-07,8.65625,8.84375,8.546875,8.84375,353600
1998-08-10,8.375,8.6875,8.375,8.625,175200
1998-08-11,8.125,8.203125,7.9375,7.953125,208800
1998-08-12,8.390625,8.484375,8.296875,8.40625,130400
1998-08-13,8.15625,8.5625,8.15625,8.4375,182000
1998-08-14,8.09375,8.3125,8.015625,8.3125,173200
1998-08-17,8.3125,8.3125,7.921875,8.03125,102000
1998-08-18,8.34375,8.453125,8.34375,8.34375,59200
1998-08-19,8.203125,8.421875,8.125,8.375,184000
1998-08-20,7.96875,8.234375,7.96875,8.125,65200
1998-08-21,7.625,7.703125,7.359375,7.703125,207600
1998-08-24,7.390625,7.5625,7.265625,7.5625,74800
1998-08-25,7.4375,7.5625,7.4375,7.515625,72000
1998-08-26,7.09375,7.21875,7.015625,7.21875,116800
1998-08-27,6.53125,6.84375,6.28125,6.8125,290000
1998-08-28,6.484375,6.703125,6.40625,6.59375,376800
1998-08-31,6.375,6.609375,6.375,6.5,230800
1998-09-01,6.578125,6.953125,6.34375,6.34375,483200
1998-09-02,6.609375,7.125,6.546875,6.546875,182800
1998-09-03,6.375,6.671875,6.375,6.5625,360400
1998-09-04,6.3125,6.4375,6.09375,6.40625,640000
1998-09-08,6.96875,7.015625,6.546875,6.625,173600
1998-09-09,6.828125,6.953125,6.828125,6.9375,159200
1998-09-10,6.90625,6.90625,6.671875,6.71875,374000
1998-09-11,7.34375,7.40625,6.75,6.875,147200
1998-09-14,7.546875,7.6875,7.53125,7.53125,156800
1998-09-15,7.484375,7.59375,7.3125,7.515625,75600
1998-09-16,7.53125,7.609375,7.4375,7.484375,114400
1998-09-17,6.90625,7.125,6.90625,6.96875,672800
1998-09-18,6.90625,6.953125,6.6875,6.9375,171200
1998-09-21,6.9375,6.9375,6.734375,6.75,65600
1998-09-22,6.984375,7.03125,6.9375,7.015625,73200
1998-09-23,7.375,7.40625,7.0,7.03125,194400
1998-09-24,7.15625,7.40625,7.125,7.390625,109600
1998-09-25,6.875,7.0,6.859375,6.90625,126400
1998-09-28,6.921875,6.96875,6.828125,6.9375,67200
1998-09-29,6.875,7.046875,6.875,6.953125,76400
1998-09-30,6.65625,6.84375,6.625,6.84375,36800
1998-10-01,6.28125,6.53125,6.25,6.53125,116400
1998-10-02,6.265625,6.375,6.09375,6.265625,126000
1998-10-05,6.078125,6.28125,6.03125,6.265625,83600
1998-10-06,6.484375,6.484375,6.203125,6.21875,103600
1998-10-07,6.75,6.875,6.484375,6.484375,184400
1998-10-08,6.6875,6.75,6.5,6.5625,61200
1998-10-09,6.796875,6.859375,6.671875,6.71875,48800
1998-10-12,6.875,6.984375,6.8125,6.921875,112400
1998-10-13,6.984375,6.984375,6.828125,6.828125,77600
1998-10-14,7.25,7.296875,6.921875,6.921875,131600
1998-10-15,7.53125,7.546875,7.21875,7.234375,217600
1998-10-16,7.328125,7.484375,7.265625,7.46875,135600
1998-10-19,7.21875,7.265625,7.15625,7.265625,84400
1998-10-20,6.9375,7.25,6.9375,7.25,120400
1998-10-21,6.71875,6.9375,6.578125,6.9375,102400
1998-10-22,6.8125,6.828125,6.703125,6.734375,46000
1998-10-23,6.71875,6.828125,6.71875,6.8125,63600
1998-10-26,6.96875,7.0625,6.78125,6.78125,122800
1998-10-27,7.046875,7.1875,6.96875,7.03125,165200
1998-10-28,7.171875,7.1875,6.953125,7.015625,119200
1998-10-29,7.25,7.25,7.015625,7.0625,54000
1998-10-30,7.5,7.65625,7.375,7.40625,122800
1998-11-02,7.65625,7.78125,7.5,7.515625,139200
1998-11-03,7.625,7.6875,7.546875,7.625,48000
1998-11-04,7.703125,7.8125,7.671875,7.75,74400
1998-11-05,7.53125,7.578125,7.359375,7.515625,111600
1998-11-06,7.375,7.5,7.328125,7.46875,48400
1998-11-09,7.21875,7.390625,7.21875,7.375,96000
1998-11-10,7.125,7.203125,7.046875,7.203125,73200
1998-11-11,7.125,7.1875,7.125,7.171875,36400
1998-11-12,7.0,7.140625,7.0,7.0625,46000
1998-11-13,7.109375,7.125,6.90625,7.015625,46800
1998-11-16,7.265625,7.3125,7.21875,7.265625,44800
1998-11-17,7.3125,7.4375,7.140625,7.203125,42000
1998-11-18,7.25,7.328125,7.21875,7.25,39200
1998-11-19,7.4375,7.5,7.328125,7.328125,130800
1998-11-20,8.09375,8.125,7.625,7.625,176400
1998-11-23,8.8125,8.8125,8.59375,8.625,240400
1998-11-24,8.59375,8.75,8.5,8.75,66800
1998-11-25,8.453125,8.484375,8.28125,8.484375,50800
1998-11-27,8.4375,8.5,8.359375,8.453125,42400
1998-11-30,8.375,8.4375,8.140625,8.3125,99600
1998-12-01,8.703125,8.71875,8.3125,8.3125,90000
1998-12-02,8.5,8.703125,8.359375,8.640625,107600
1998-12-03,8.21875,8.5625,8.171875,8.46875,163600
1998-12-04,8.359375,8.40625,8.28125,8.40625,182800
1998-12-07,8.15625,8.390625,8.140625,8.34375,74400
1998-12-08,8.15625,8.21875,8.09375,8.21875,151600
1998-12-09,8.21875,8.25,8.125,8.125,118400
1998-12-10,8.15625,8.25,8.15625,8.25,55600
1998-12-11,8.171875,8.1875,8.0625,8.09375,29200
1998-12-14,8.109375,8.3125,8.03125,8.03125,117600
1998-12-15,8.015625,8.171875,8.015625,8.125,55600
1998-12-16,8.046875,8.109375,7.8125,8.078125,68000
1998-12-17,7.96875,8.015625,7.9375,8.0,108000
1998-12-18,8.234375,8.234375,8.09375,8.09375,142400
1998-12-21,8.25,8.4375,8.1875,8.1875,140000
1998-12-22,8.171875,8.28125,8.125,8.28125,40000
1998-12-23,8.25,8.265625,8.0625,8.21875,100400
1998-12-24,8.390625,8.46875,8.25,8.28125,109600
1998-12-28,8.875,9.484375,8.390625,8.421875,610000
1998-12-29,8.65625,8.75,8.53125,8.71875,421600
1998-12-30,8.65625,8.796875,8.59375,8.6875,238800
1998-12-31,8.8125,8.84375,8.625,8.65625,186800
1999-01-04,9.015625,9.171875,8.9375,9.03125,298000
1999-01-05,9.484375,9.5625,9.046875,9.046875,378400
1999-01-06,9.609375,9.8125,9.609375,9.75,299200
1999-01-07,9.53125,9.71875,9.484375,9.546875,264400
1999-01-08,9.609375,9.75,9.515625,9.734375,576400
1999-01-11,9.640625,9.71875,9.5,9.671875,192400
1999-01-12,9.578125,9.65625,9.546875,9.625,226000
1999-01-13,9.265625,9.375,9.0,9.0,335600
1999-01-14,9.03125,9.328125,8.96875,9.328125,348000
1999-01-15,9.421875,9.46875,9.125,9.15625,233600
1999-01-19,9.640625,9.6875,9.5625,9.609375,320800
1999-01-20,9.984375,10.03125,9.671875,9.75,395600
1999-01-21,9.921875,10.171875,9.921875,10.109375,432800
1999-01-22,9.890625,9.90625,9.625,9.75,394800
1999-01-25,9.90625,9.96875,9.84375,9.921875,193600
1999-01-26,10.09375,10.09375,9.84375,9.96875,306800
1999-01-27,10.1875,10.453125,10.15625,10.296875,667200
1999-01-28,10.34375,10.34375,10.0625,10.1875,948800
1999-01-29,10.46875,10.65625,10.421875,10.484375,742000
1999-02-01,10.78125,11.0,10.59375,10.625,1945600
1999-02-02,10.546875,10.875,10.4375,10.859375,1039600
1999-02-03,11.09375,11.171875,10.421875,10.5,1518400
1999-02-04,11.09375,11.8125,11.015625,11.625,2526400
1999-02-05,10.9375,11.21875,10.859375,11.15625,632000
1999-02-08,10.828125,11.15625,10.796875,11.15625,592800
1999-02-09,10.515625,10.859375,10.375,10.859375,523200
1999-02-10,10.1875,10.5,10.046875,10.5,397200
1999-02-11,10.421875,10.5625,10.25,10.3125,295600
1999-02-12,10.265625,10.4375,10.21875,10.40625,222800
1999-02-16,10.5625,10.8125,10.515625,10.5625,387200
1999-02-17,10.90625,11.03125,10.515625,10.515625,486000
1999-02-18,11.15625,11.171875,10.96875,11.03125,594400
1999-02-19,11.03125,11.3125,10.953125,11.3125,755600
1999-02-22,11.0,11.0,10.875,10.984375,791200
1999-02-23,10.90625,11.015625,10.828125,11.015625,675200
1999-02-24,10.5625,10.9375,10.4375,10.875,383200
1999-02-25,10.28125,10.5,10.09375,10.5,475200
1999-02-26,10.3125,10.359375,10.1875,10.25,326800
1999-03-01,10.25,10.34375,10.03125,10.34375,280000
1999-03-02,10.015625,10.3125,10.015625,10.203125,307600
1999-03-03,9.828125,10.0625,9.78125,10.015625,231600
1999-03-04,10.0,10.09375,9.875,9.875,229200
1999-03-05,10.390625,10.390625,10.1875,10.234375,327600
1999-03-08,10.46875,10.515625,10.34375,10.421875,576800
1999-03-09,10.578125,10.640625,10.375,10.4375,350000
1999-03-10,10.71875,10.859375,10.53125,10.578125,515200
1999-03-11,10.734375,10.90625,10.640625,10.75,488800
1999-03-12,10.53125,10.828125,10.53125,10.75,351200
1999-03-15,10.609375,10.65625,10.484375,10.546875,244000
1999-03-16,10.28125,10.59375,10.28125,10.5625,406800
1999-03-17,10.265625,10.4375,10.234375,10.4375,182400
1999-03-18,10.40625,10.484375,10.25,10.359375,246000
1999-03-19,10.515625,10.546875,10.34375,10.390625,354000
1999-03-22,10.78125,10.828125,10.5625,10.5625,222800
1999-03-23,10.609375,10.734375,10.5,10.71875,234000
1999-03-24,10.609375,10.671875,10.484375,10.609375,281200
1999-03-25,10.8125,10.84375,10.578125,10.578125,698000
1999-03-26,10.8125,10.84375,10.625,10.75,383600
1999-03-29,11.265625,11.265625,10.890625,10.890625,453200
1999-03-30,11.5625,11.578125,11.21875,11.25,746400
1999-03-31,11.484375,11.734375,11.296875,11.6875,692800
1999-04-01,11.6875,11.703125,11.5625,11.625,462000
1999-04-05,11.953125,11.984375,11.796875,11.796875,652400
1999-04-06,12.585938453674316,12.828125,11.921875,11.953125,1468400
1999-04-07,13.03125,13.3125,12.8125,12.828125,2005600
1999-04-08,13.359375,13.5,13.28125,13.28125,2186000
1999-04-09,13.46875,13.46875,13.21875,13.359375,1880800
1999-04-12,14.46875,15.0,13.71875,13.734375,13077200
1999-04-13,14.609375,15.25,14.0625,15.125,10525600
1999-04-14,13.875,14.859375,13.6875,14.59375,5144000
1999-04-15,13.53125,14.125,12.875,14.125,4450400
1999-04-16,13.109375,13.625,12.828125,13.53125,1802000
1999-04-19,12.15625,13.1875,12.046875,13.171875,2933600
1999-04-20,12.5625,12.6875,12.0625,12.09375,2390400
1999-04-21,13.375,13.40625,12.53125,12.53125,1706400
1999-04-22,13.1875,14.0,13.1875,13.78125,1686800
1999-04-23,13.21875,13.34375,13.0625,13.203125,798800
1999-04-26,13.5,13.5,13.140625,13.28125,1598800
1999-04-27,13.640625,13.75,13.5,13.71875,1505600
1999-04-28,13.5,13.734375,13.453125,13.578125,702400
1999-04-29,13.46875,13.625,13.375,13.53125,1483600
1999-04-30,13.359375,13.65625,13.09375,13.609375,1183200
1999-05-03,13.640625,13.875,13.53125,13.625,2363200
1999-05-04,13.21875,13.625,13.203125,13.625,1280400
1999-05-05,12.890625,13.28125,12.78125,13.28125,1390400
1999-05-06,12.640625,12.890625,12.5,12.875,993200
1999-05-07,13.0,13.0,12.59375,12.640625,1014400
1999-05-10,13.4375,13.4375,12.6875,13.125,933600
1999-05-11,13.59375,14.0,13.4375,13.4375,1955600
1999-05-12,13.515625,13.671875,13.4375,13.65625,1111200
1999-05-13,13.515625,13.640625,13.453125,13.5625,1300400
1999-05-14,13.0625,13.46875,13.0625,13.28125,1732000
1999-05-17,13.09375,13.09375,12.8125,13.015625,825200
1999-05-18,13.25,13.46875,13.09375,13.09375,724800
1999-05-19,13.453125,13.46875,13.265625,13.375,583600
1999-05-20,13.5,13.703125,13.5,13.6875,644400
1999-05-21,13.59375,13.59375,13.4375,13.5625,601200
1999-05-24,13.15625,13.625,13.125,13.59375,382400
1999-05-25,12.875,13.28125,12.875,13.15625,442000
1999-05-26,12.78125,13.09375,12.625,13.09375,882800
1999-05-27,12.90625,13.28125,12.734375,12.75,1485600
1999-05-28,13.25,13.46875,13.046875,13.046875,876000
1999-06-01,13.234375,13.5,13.140625,13.4375,811200
1999-06-02,12.90625,13.171875,12.78125,13.125,890800
1999-06-03,12.796875,13.03125,12.765625,13.03125,512400
1999-06-04,13.046875,13.046875,12.890625,12.90625,254400
1999-06-07,13.375,13.4375,13.0625,13.109375,466000
1999-06-08,13.078125,13.46875,13.03125,13.421875,738800
1999-06-09,12.828125,13.140625,12.78125,13.140625,992000
1999-06-10,12.75,12.875,12.65625,12.875,373200
1999-06-11,12.59375,12.90625,12.5625,12.84375,372400
1999-06-14,12.0,12.65625,11.96875,12.5625,1325600
1999-06-15,11.8125,12.21875,11.75,12.0625,1423600
1999-06-16,12.59375,12.59375,12.0,12.125,1514800
1999-06-17,12.484375,12.6875,12.390625,12.40625,676400
1999-06-18,12.375,12.484375,12.296875,12.484375,412800
1999-06-21,12.328125,12.4375,12.0625,12.4375,566400
1999-06-22,12.6875,12.84375,12.1875,12.328125,1312000
1999-06-23,12.265625,12.859375,12.21875,12.6875,1746400
1999-06-24,11.859375,12.21875,11.734375,12.203125,790400
1999-06-25,11.734375,12.0,11.6875,11.9375,346000
1999-06-28,11.375,11.8125,11.34375,11.796875,932800
1999-06-29,11.140625,11.359375,11.0,11.359375,2730400
1999-06-30,11.375,11.46875,11.0625,11.15625,1874800
1999-07-01,11.5,11.59375,11.484375,11.5,950400
1999-07-02,11.75,11.8125,11.4375,11.5625,662400
1999-07-06,11.96875,12.515625,11.875,11.9375,730800
1999-07-07,11.734375,12.0625,11.65625,11.90625,319600
1999-07-08,11.453125,11.671875,11.40625,11.671875,253600
1999-07-09,11.546875,11.859375,11.421875,11.5,236800
1999-07-12,11.515625,11.59375,11.421875,11.59375,359600
1999-07-13,11.390625,11.453125,11.265625,11.453125,223600
1999-07-14,11.3125,11.59375,11.15625,11.484375,572800
1999-07-15,11.46875,11.53125,11.390625,11.390625,636800
1999-07-16,11.28125,11.4375,11.265625,11.328125,385600
1999-07-19,11.1875,11.421875,11.046875,11.421875,594000
1999-07-20,11.109375,11.3125,11.09375,11.125,307200
1999-07-21,10.921875,11.09375,10.875,11.046875,1721600
1999-07-22,10.8125,11.0,10.75,10.875,835200
1999-07-23,10.34375,10.84375,10.328125,10.765625,839200
1999-07-26,9.625,9.9375,9.625,9.9375,2715600
1999-07-27,9.796875,9.84375,9.5625,9.8125,2971600
1999-07-28,9.984375,10.140625,9.8125,9.875,856400
1999-07-29,9.984375,10.03125,9.78125,9.8125,742400
1999-07-30,9.875,10.09375,9.859375,9.96875,333200
1999-08-02,9.78125,9.984375,9.75,9.8125,325600
1999-08-03,9.53125,10.15625,9.46875,10.015625,839600
1999-08-04,9.625,9.78125,9.5625,9.75,347400
1999-08-05,9.5625,9.71875,9.375,9.625,292400
1999-08-06,9.0,9.46875,8.9375,9.40625,583400
1999-08-09,8.5625,8.9375,8.5625,8.625,871400
1999-08-10,8.625,8.625,8.1875,8.34375,746200
1999-08-11,9.25,9.5625,8.625,8.625,546600
1999-08-12,9.5625,9.6875,9.34375,9.375,848200
1999-08-13,9.9375,9.9375,9.625,9.84375,279400
1999-08-16,10.125,10.1875,9.9375,9.9375,467600
1999-08-17,10.125,10.40625,10.0,10.25,224200
1999-08-18,10.03125,10.15625,9.8125,10.0,211800
1999-08-19,9.875,10.25,9.84375,10.0625,1375200
1999-08-20,9.875,9.9375,9.8125,9.9375,247000
1999-08-23,10.21875,10.375,10.03125,10.125,457000
1999-08-24,10.65625,10.6875,10.0625,10.1875,530000
1999-08-25,10.625,10.84375,10.53125,10.65625,362800
1999-08-26,10.3125,10.53125,10.3125,10.5,204000
1999-08-27,10.21875,10.375,10.15625,10.3125,179000
1999-08-30,10.0,10.21875,10.0,10.1875,210400
1999-08-31,9.75,10.03125,9.75,10.03125,283600
1999-09-01,9.90625,10.0,9.84375,9.875,194800
1999-09-02,9.71875,9.8125,9.65625,9.71875,167400
1999-09-03,10.125,10.15625,9.90625,10.03125,337000
1999-09-07,10.25,10.28125,10.15625,10.1875,217400
1999-09-08,10.125,10.25,10.03125,10.09375,313000
1999-09-09,10.0625,10.21875,10.0,10.1875,250000
1999-09-10,10.4375,10.4375,10.15625,10.28125,394800
1999-09-13,10.28125,10.34375,10.1875,10.3125,182000
1999-09-14,10.03125,10.125,9.9375,10.09375,276600
1999-09-15,10.03125,10.21875,9.9375,10.15625,270000
1999-09-16,9.71875,10.0,9.65625,9.96875,431000
1999-09-17,9.96875,10.09375,9.875,9.875,250800
1999-09-20,9.9375,10.0625,9.875,10.0625,194200
1999-09-21,9.78125,9.875,9.71875,9.84375,131400
1999-09-22,9.6875,9.90625,9.6875,9.90625,162000
1999-09-23,9.6875,9.8125,9.53125,9.78125,222600
1999-09-24,9.59375,9.59375,9.3125,9.59375,178600
1999-09-27,9.65625,9.875,9.5625,9.5625,277200
1999-09-28,9.625,9.75,9.40625,9.75,250000
1999-09-29,9.5625,9.625,9.46875,9.5625,260200
1999-09-30,9.75,9.8125,9.5,9.53125,1041600
1999-10-01,9.6875,9.78125,9.625,9.71875,324800
1999-10-04,10.0625,10.0625,9.75,9.75,1045000
1999-10-05,10.28125,10.4375,10.03125,10.0625,934000
1999-10-06,10.5,10.65625,10.3125,10.3125,630200
1999-10-07,10.65625,10.75,10.5,10.5625,487400
1999-10-08,10.625,10.75,10.4375,10.75,472200
1999-10-11,10.5,10.5,10.25,10.3125,169600
1999-10-12,10.28125,10.5,10.25,10.5,290600
1999-10-13,10.125,10.1875,10.03125,10.1875,310200
1999-10-14,10.15625,10.15625,9.9375,10.09375,221200
1999-10-15,10.09375,10.1875,9.8125,9.96875,434200
1999-10-18,10.25,10.25,10.0,10.0625,268400
1999-10-19,10.53125,10.6875,10.375,10.375,215800
1999-10-20,10.78125,10.8125,10.5625,10.78125,233000
1999-10-21,10.78125,10.8125,10.625,10.65625,157600
1999-10-22,10.8125,10.9375,10.78125,10.8125,330200
1999-10-25,10.53125,10.75,10.5,10.75,218400
1999-10-26,10.84375,10.96875,10.5625,10.59375,258200
1999-10-27,10.90625,11.09375,10.75,10.96875,213400
1999-10-28,11.28125,11.28125,11.0625,11.125,368400
1999-10-29,11.53125,11.71875,11.375,11.40625,379800
1999-11-01,11.4375,11.59375,11.40625,11.53125,316400
1999-11-02,11.46875,11.46875,11.25,11.40625,191000
1999-11-03,11.40625,11.53125,11.34375,11.5,151200
1999-11-04,11.1875,11.53125,11.1875,11.46875,174200
1999-11-05,11.4375,11.65625,11.3125,11.59375,302000
1999-11-08,11.46875,11.5625,11.34375,11.4375,209000
1999-11-09,11.5,11.5625,11.4375,11.46875,142000
1999-11-10,11.75,11.84375,11.4375,11.46875,193200
1999-11-11,11.84375,11.875,11.75,11.8125,194800
1999-11-12,12.03125,12.03125,11.90625,11.9375,256400
1999-11-15,12.53125,12.53125,12.15625,12.15625,507000
1999-11-16,12.34375,12.75,12.21875,12.59375,503000
1999-11-17,12.375,12.4375,12.0625,12.28125,210600
1999-11-18,12.3125,12.5625,12.1875,12.5,202000
1999-11-19,12.3125,12.53125,12.25,12.28125,236000
1999-11-22,12.0,12.46875,11.9375,12.3125,181400
1999-11-23,12.125,12.1875,11.8125,12.0,228600
1999-11-24,12.25,12.3125,11.90625,12.09375,133200
1999-11-26,12.40625,12.6875,12.40625,12.53125,175800
1999-11-29,12.09375,12.40625,12.0,12.40625,190600
1999-11-30,12.0625,12.15625,11.875,12.03125,144800
1999-12-01,12.3125,12.3125,12.0,12.0,188200
1999-12-02,12.1875,12.3125,12.03125,12.28125,159200
1999-12-03,12.4375,12.4375,12.21875,12.28125,386000
1999-12-06,12.59375,12.59375,12.03125,12.4375,308600
1999-12-07,12.375,12.6875,12.25,12.59375,214600
1999-12-08,12.25,12.46875,12.1875,12.375,194600
1999-12-09,12.5625,12.5625,12.28125,12.34375,280600
1999-12-10,12.5625,12.6875,12.5,12.625,273000
1999-12-13,12.5,12.5625,12.40625,12.5625,168200
1999-12-14,12.15625,12.4375,12.09375,12.375,181400
1999-12-15,11.96875,12.09375,11.8125,12.09375,151400
1999-12-16,12.15625,12.1875,12.03125,12.03125,149000
1999-12-17,12.53125,12.59375,12.28125,12.28125,310600
1999-12-20,12.71875,12.75,12.40625,12.5625,311800
1999-12-21,12.75,12.9375,12.65625,12.65625,231400
1999-12-22,12.6875,12.78125,12.625,12.71875,94400
1999-12-23,12.9375,12.96875,12.65625,12.6875,194800
1999-12-27,13.125,13.25,12.96875,13.0,283400
1999-12-28,13.40625,13.4375,13.0,13.09375,244400
1999-12-29,13.625,13.78125,13.5625,13.5625,294000
1999-12-30,13.375,13.6875,13.28125,13.6875,163800
1999-12-31,13.5,13.625,13.3125,13.3125,158200
2000-01-03,13.1875,13.6875,13.03125,13.46875,416400
2000-01-04,13.0625,13.0625,12.65625,12.875,341800
2000-01-05,12.6875,12.9375,12.59375,12.9375,151800
2000-01-06,12.40625,12.5625,12.125,12.5625,179400
2000-01-07,12.21875,12.40625,11.9375,12.40625,234400
2000-01-10,12.09375,12.34375,12.03125,12.34375,162600
2000-01-11,11.71875,12.0,11.5625,12.0,215000
2000-01-12,11.96875,12.0,11.5625,11.6875,156200
2000-01-13,12.40625,12.4375,12.21875,12.25,209800
2000-01-14,12.5625,12.8125,12.5,12.625,150400
2000-01-18,12.4375,12.78125,12.375,12.75,178800
2000-01-19,12.21875,12.5625,12.15625,12.4375,163600
2000-01-20,12.40625,12.53125,12.1875,12.21875,131600
2000-01-21,12.0625,12.40625,11.96875,12.3125,134400
2000-01-24,11.5625,12.09375,11.40625,12.0625,540000
2000-01-25,12.125,12.15625,11.5625,11.6875,271600
2000-01-26,12.625,12.625,12.0625,12.25,363200
2000-01-27,13.15625,13.96875,12.71875,12.71875,797200
2000-01-28,12.71875,13.03125,12.5,13.03125,167400
2000-01-31,12.625,12.78125,12.5,12.6875,149200
2000-02-01,12.75,12.78125,12.53125,12.625,146400
2000-02-02,12.4375,12.75,12.34375,12.65625,286400
2000-02-03,12.09375,12.5625,12.09375,12.40625,230200
2000-02-04,12.40625,12.4375,12.1875,12.21875,151800
2000-02-07,12.28125,12.625,12.0,12.5,117000
2000-02-08,12.46875,12.75,12.375,12.4375,286800
2000-02-09,12.1875,12.53125,12.15625,12.5,212800
2000-02-10,12.09375,12.34375,12.0,12.15625,104800
2000-02-11,11.96875,12.15625,11.84375,12.15625,127200
2000-02-14,12.125,12.34375,11.9375,11.96875,188400
2000-02-15,12.3125,12.375,12.03125,12.0625,201400
2000-02-16,12.71875,12.71875,12.375,12.375,205000
2000-02-17,12.625,12.96875,12.53125,12.78125,288200
2000-02-18,12.65625,12.84375,12.59375,12.6875,210000
2000-02-22,12.6875,12.96875,12.6875,12.71875,258800
2000-02-23,12.65625,12.8125,12.5625,12.75,103400
2000-02-24,12.4375,12.75,12.34375,12.6875,165000
2000-02-25,12.5625,12.65625,12.46875,12.46875,135000
2000-02-28,12.875,12.96875,12.375,12.5625,190400
2000-02-29,12.6875,13.0,12.59375,12.9375,156400
2000-03-01,12.78125,12.84375,12.6875,12.71875,77800
2000-03-02,12.5,12.78125,12.40625,12.78125,234000
2000-03-03,12.625,12.84375,12.59375,12.625,177800
2000-03-06,12.125,12.5625,12.0,12.5625,124800
2000-03-07,11.6875,12.125,11.59375,12.125,171400
2000-03-08,11.59375,11.75,11.46875,11.75,221000
2000-03-09,11.71875,11.71875,11.5625,11.625,118200
2000-03-10,11.96875,12.0625,11.5625,11.65625,148200
2000-03-13,12.40625,12.4375,11.875,11.875,133000
2000-03-14,12.1875,12.375,12.125,12.375,125200
2000-03-15,12.0,12.1875,11.9375,12.1875,148200
2000-03-16,12.46875,12.5,12.09375,12.09375,176400
2000-03-17,12.40625,12.59375,12.25,12.59375,155400
2000-03-20,12.6875,12.71875,12.4375,12.46875,177600
2000-03-21,12.59375,12.75,12.5,12.65625,268200
2000-03-22,12.875,12.96875,12.59375,12.59375,166000
2000-03-23,13.15625,13.375,12.65625,12.8125,302400
2000-03-24,13.34375,13.375,13.0625,13.15625,189200
2000-03-27,13.0625,13.6875,13.0,13.46875,297800
2000-03-28,13.1875,13.25,12.875,13.0,196200
2000-03-29,13.3125,13.34375,13.09375,13.09375,153600
2000-03-30,13.5625,13.75,13.34375,13.34375,282800
2000-03-31,13.34375,13.65625,13.1875,13.625,164600
2000-04-03,13.0,13.6875,13.0,13.3125,190000
2000-04-04,12.40625,13.34375,12.0,13.15625,351200
2000-04-05,12.125,12.375,11.9375,12.375,362400
2000-04-06,12.09375,12.3125,12.0,12.1875,172800
2000-04-07,12.125,12.15625,12.0,12.125,129800
2000-04-10,12.15625,12.34375,12.03125,12.3125,282600
2000-04-11,12.15625,12.21875,12.0625,12.09375,115000
2000-04-12,12.65625,12.875,12.28125,12.28125,293200
2000-04-13,12.75,12.84375,12.5625,12.625,111600
2000-04-14,12.09375,12.625,11.875,12.40625,368200
2000-04-17,12.0625,12.0625,11.46875,11.8125,223400
2000-04-18,11.9375,12.09375,11.84375,12.03125,447200
2000-04-19,11.65625,11.9375,11.625,11.875,106200
2000-04-20,11.875,11.9375,11.625,11.625,79800
2000-04-24,11.75,11.78125,11.6875,11.75,215600
2000-04-25,11.84375,11.90625,11.71875,11.8125,102400
2000-04-26,11.59375,11.875,11.5,11.8125,149600
2000-04-27,11.53125,11.625,11.375,11.375,107000
2000-04-28,11.5625,11.65625,11.5,11.5,254800
2000-05-01,11.71875,11.75,11.5625,11.625,122000
2000-05-02,12.09375,12.09375,11.65625,11.65625,118800
2000-05-03,12.1875,12.1875,11.9375,12.0625,205600
2000-05-04,12.21875,12.25,11.875,12.1875,115800
2000-05-05,12.3125,12.375,12.0625,12.09375,147000
2000-05-08,12.3125,12.5,12.15625,12.1875,94600
2000-05-09,12.59375,12.65625,12.21875,12.21875,151600
2000-05-10,12.15625,12.65625,12.125,12.5625,168600
2000-05-11,12.21875,12.375,12.125,12.25,120000
2000-05-12,12.09375,12.3125,12.09375,12.21875,111800
2000-05-15,12.53125,12.59375,12.09375,12.09375,102000
2000-05-16,12.375,12.75,12.28125,12.625,120600
2000-05-17,12.46875,12.5625,12.1875,12.3125,131600
2000-05-18,12.375,12.5625,12.28125,12.53125,86800
2000-05-19,12.3125,12.5,12.28125,12.34375,85000
2000-05-22,12.09375,12.375,11.9375,12.25,68200
2000-05-23,11.9375,12.3125,11.90625,12.3125,107000
2000-05-24,12.0625,12.15625,11.875,11.9375,157400
2000-05-25,11.96875,12.1875,11.96875,12.0625,138600
2000-05-26,12.0,12.09375,11.84375,12.03125,157000
2000-05-30,12.21875,12.3125,12.125,12.1875,89600
2000-05-31,12.28125,12.375,12.21875,12.21875,134000
2000-06-01,12.6875,12.6875,12.375,12.375,131600
2000-06-02,13.1875,13.21875,12.8125,12.8125,450200
2000-06-05,12.9375,13.15625,12.875,13.125,103400
2000-06-06,12.6875,12.90625,12.59375,12.90625,63200
2000-06-07,12.71875,12.71875,12.53125,12.5625,163000
2000-06-08,12.78125,12.84375,12.5625,12.65625,61400
2000-06-09,12.90625,12.96875,12.84375,12.875,93000
2000-06-12,12.90625,12.9375,12.65625,12.9375,127400
2000-06-13,12.5625,12.875,12.5625,12.875,121800
2000-06-14,12.75,12.75,12.5,12.5625,74200
2000-06-15,12.5,12.75,12.40625,12.75,292200
2000-06-16,12.25,12.5,12.1875,12.4375,70600
2000-06-19,12.6875,12.6875,12.25,12.25,117200
2000-06-20,12.6875,12.75,12.46875,12.75,65600
2000-06-21,12.53125,12.5625,12.5,12.5625,41400
2000-06-22,12.625,12.6875,12.4375,12.53125,69000
2000-06-23,12.625,12.84375,12.5625,12.5625,499000
2000-06-26,12.59375,12.78125,12.5625,12.65625,137200
2000-06-27,12.5625,12.78125,12.5625,12.59375,54800
2000-06-28,12.46875,12.5,12.40625,12.5,54600
2000-06-29,12.1875,12.40625,12.125,12.375,60400
2000-06-30,12.15625,12.3125,12.15625,12.1875,54400
2000-07-03,12.34375,12.46875,12.25,12.25,38600
2000-07-05,12.21875,12.28125,12.125,12.15625,54600
2000-07-06,12.1875,12.25,12.125,12.21875,75000
2000-07-07,12.0625,12.125,11.84375,12.125,122000
2000-07-10,12.0,12.15625,12.0,12.0,219000
2000-07-11,11.9375,12.0625,11.875,11.9375,120000
2000-07-12,12.0625,12.09375,11.90625,11.96875,122400
2000-07-13,12.0,12.125,11.9375,12.0625,117600
2000-07-14,11.875,12.03125,11.78125,12.0,112000
2000-07-17,12.0,12.03125,11.90625,11.90625,78800
2000-07-18,11.875,12.0,11.8125,12.0,23200
2000-07-19,11.90625,12.0,11.875,11.9375,76600
2000-07-20,11.875,11.96875,11.8125,11.84375,109200
2000-07-21,11.90625,11.9375,11.8125,11.8125,79600
2000-07-24,12.25,12.25,11.9375,11.9375,87000
2000-07-25,12.25,12.34375,12.1875,12.21875,108400
2000-07-26,12.28125,12.375,12.21875,12.3125,102400
2000-07-27,12.09375,12.5,12.09375,12.1875,129600
2000-07-28,11.875,12.1875,11.84375,12.125,57600
2000-07-31,11.9375,11.9375,11.8125,11.8125,69400
2000-08-01,11.9375,11.96875,11.875,11.9375,68800
2000-08-02,12.0625,12.0625,11.9375,12.0,42200
2000-08-03,12.0,12.125,11.9375,11.9375,37800
2000-08-04,12.03125,12.09375,12.0,12.0,73800
2000-08-07,12.125,12.125,12.0,12.09375,52200
2000-08-08,12.03125,12.09375,11.96875,12.03125,56600
2000-08-09,12.0625,12.125,12.0,12.03125,62800
2000-08-10,12.03125,12.09375,11.96875,12.0625,56400
2000-08-11,12.25,12.25,11.96875,11.96875,97400
2000-08-14,12.65625,12.65625,12.125,12.25,207800
2000-08-15,12.59375,12.6875,12.53125,12.625,222000
2000-08-16,12.96875,13.0625,12.59375,12.6875,189200
2000-08-17,13.34375,13.4375,13.21875,13.34375,357200
2000-08-18,13.4375,13.5,13.375,13.4375,192200
2000-08-21,13.28125,13.5,13.15625,13.46875,129200
2000-08-22,13.4375,13.53125,13.15625,13.28125,279000
2000-08-23,13.3125,13.34375,13.03125,13.25,70800
2000-08-24,13.4375,13.4375,13.28125,13.28125,98600
2000-08-25,13.71875,13.71875,13.375,13.375,154800
2000-08-28,13.890625,14.15625,13.6875,13.6875,192600
2000-08-29,13.9375,14.0,13.84375,14.0,70800
2000-08-30,14.3125,14.3125,13.84375,13.9375,113200
2000-08-31,14.28125,14.34375,14.21875,14.3125,145600
2000-09-01,14.375,14.4375,14.3125,14.40625,39000
2000-09-05,14.3125,14.375,14.21875,14.375,84600
2000-09-06,14.21875,14.3125,13.96875,14.28125,188800
2000-09-07,14.28125,14.40625,14.15625,14.15625,84200
2000-09-08,14.28125,14.3125,14.15625,14.28125,47400
2000-09-11,14.375,14.375,14.125,14.15625,142600
2000-09-12,14.84375,15.0,14.28125,14.28125,234800
2000-09-13,14.96875,15.21875,14.71875,14.71875,174400
2000-09-14,15.125,15.125,14.9375,15.0,136400
2000-09-15,15.0625,15.15625,14.96875,15.125,66600
2000-09-18,14.875,14.96875,14.8125,14.90625,72200
2000-09-19,15.40625,15.40625,14.75,14.75,171600
2000-09-20,15.09375,15.5625,15.0,15.3125,184400
2000-09-21,14.90625,14.96875,14.5625,14.96875,79800
2000-09-22,14.5,14.65625,14.4375,14.53125,123600
2000-09-25,14.625,14.8125,14.5,14.5,289000
2000-09-26,14.78125,14.875,14.5625,14.625,73000
2000-09-27,14.6875,14.8125,14.625,14.8125,36200
2000-09-28,14.96875,15.0625,14.5625,14.59375,213800
2000-09-29,14.75,15.0,14.6875,14.84375,53000
2000-10-02,14.71875,14.90625,14.71875,14.84375,50400
2000-10-03,14.75,14.84375,14.59375,14.78125,111200
2000-10-04,15.21875,15.3125,14.8125,14.8125,101200
2000-10-05,15.53125,15.5625,15.15625,15.21875,152000
2000-10-06,15.125,15.53125,15.0,15.53125,120000
2000-10-09,14.875,15.0,14.8125,14.875,57400
2000-10-10,14.40625,15.0,14.40625,15.0,200000
2000-10-11,13.75,14.15625,13.625,14.15625,175600
2000-10-12,13.1875,13.8125,13.09375,13.8125,282200
2000-10-13,13.34375,13.34375,13.0,13.09375,1316200
2000-10-16,12.90625,13.25,12.875,13.25,341000
2000-10-17,12.46875,12.96875,12.375,12.96875,721000
2000-10-18,12.34375,12.40625,12.0625,12.28125,244600
2000-10-19,12.71875,13.0625,12.5,12.625,143000
2000-10-20,13.125,13.125,12.71875,12.75,410000
2000-10-23,13.4375,13.5625,13.1875,13.1875,152600
2000-10-24,13.84375,14.09375,13.4375,13.4375,191400
2000-10-25,13.5,13.75,13.375,13.71875,1885200
2000-10-26,13.375,13.75,13.28125,13.625,159800
2000-10-27,13.71875,13.8125,13.34375,13.5,155200
2000-10-30,13.75,14.0,13.5625,13.625,86800
2000-10-31,13.78125,13.84375,13.65625,13.71875,56400
2000-11-01,13.5625,13.84375,13.5625,13.78125,102800
2000-11-02,13.78125,13.875,13.5,13.5,79200
2000-11-03,14.03125,14.09375,13.78125,13.84375,58600
2000-11-06,14.375,14.5625,14.125,14.125,87800
2000-11-07,14.40625,14.5625,14.28125,14.375,66400
2000-11-08,14.25,14.4375,14.25,14.4375,244000
2000-11-09,14.0,14.28125,14.0,14.1875,87600
2000-11-10,13.53125,13.9375,13.3125,13.75,223800
2000-11-13,13.15625,13.25,12.9375,13.21875,111000
2000-11-14,13.4375,13.65625,13.3125,13.3125,145200
2000-11-15,12.6875,13.375,12.625,13.375,285000
2000-11-16,12.53125,12.75,12.34375,12.75,226000
2000-11-17,12.78125,12.78125,12.5,12.5625,141600
2000-11-20,12.5,12.78125,12.40625,12.78125,82000
2000-11-21,12.8125,12.9375,12.5,12.53125,330600
2000-11-22,12.5,12.75,12.46875,12.65625,178000
2000-11-24,12.9375,13.0,12.8125,12.8125,97200
2000-11-27,13.21875,13.25,13.09375,13.125,90400
2000-11-28,13.3125,13.5,13.25,13.25,140600
2000-11-29,13.125,13.375,13.09375,13.28125,117000
2000-11-30,12.96875,13.25,12.71875,13.09375,180000
2000-12-01,12.75,13.03125,12.65625,13.03125,74000
2000-12-04,13.03125,13.03125,12.71875,12.78125,127800
2000-12-05,13.71875,13.8125,13.0625,13.09375,249200
2000-12-06,13.59375,14.0,13.5625,13.65625,159600
2000-12-07,13.8125,14.0,13.5,13.53125,662200
2000-12-08,14.375,14.46875,13.875,14.03125,158400
2000-12-11,14.75,14.75,14.25,14.3125,1045000
2000-12-12,14.34375,14.5625,14.21875,14.5625,49000
2000-12-13,13.84375,14.40625,13.75,14.34375,126800
2000-12-14,13.3125,13.71875,13.1875,13.71875,1662400
2000-12-15,13.15625,13.34375,12.84375,13.03125,136600
2000-12-18,13.5625,13.5625,13.25,13.25,67200
2000-12-19,13.71875,14.0,13.34375,13.34375,176000
2000-12-20,13.46875,13.5625,13.375,13.46875,98400
2000-12-21,13.71875,13.78125,13.34375,13.34375,110600
2000-12-22,13.90625,13.96875,13.75,13.75,111200
2000-12-26,14.0,14.0,13.75,13.875,36200
2000-12-27,14.3125,14.3125,13.9375,13.96875,100600
2000-12-28,14.25,14.4375,14.1875,14.3125,70600
2000-12-29,14.5,14.65625,14.3125,14.3125,138800
2001-01-02,13.96875,14.53125,13.90625,14.375,114600
2001-01-03,14.8125,14.8125,13.6875,13.8125,313800
2001-01-04,15.03125,15.03125,14.6875,14.6875,667000
2001-01-05,14.53125,14.875,14.4375,14.875,449000
2001-01-08,14.4375,14.65625,14.25,14.53125,154800
2001-01-09,14.40625,14.5625,14.3125,14.5,62200
2001-01-10,14.4375,14.46875,14.15625,14.375,182200
2001-01-11,14.59375,14.75,14.46875,14.46875,179400
2001-01-12,14.28125,14.625,14.25,14.59375,118400
2001-01-16,14.3125,14.34375,14.21875,14.28125,79000
2001-01-17,14.1875,14.34375,14.125,14.34375,129000
2001-01-18,14.0,14.1875,14.0,14.125,174400
2001-01-19,14.09375,14.15625,13.9375,14.0625,202000
2001-01-22,14.3125,14.34375,14.0,14.0,76400
2001-01-23,14.40625,14.59375,14.375,14.46875,103800
2001-01-24,14.46875,14.46875,14.28125,14.4375,126800
2001-01-25,14.625,14.78125,14.4375,14.46875,137000
2001-01-26,14.4375,14.625,14.28125,14.625,81400
2001-01-29,14.600000381469728,14.699999809265137,14.449999809265137,14.449999809265137,77600
2001-01-30,14.789999961853027,14.84000015258789,14.515000343322754,14.614999771118164,118000
2001-01-31,14.744999885559082,14.93000030517578,14.710000038146973,14.789999961853027,221200
2001-02-01,14.734999656677246,14.90999984741211,14.729999542236328,14.760000228881836,110800
2001-02-02,14.80500030517578,15.164999961853027,14.739999771118164,14.739999771118164,256200
2001-02-05,15.045000076293944,15.0649995803833,14.84000015258789,14.84000015258789,195800
2001-02-06,14.800000190734863,15.06999969482422,14.744999885559082,14.9399995803833,354000
2001-02-07,14.69499969482422,14.84000015258789,14.640000343322754,14.800000190734863,693800
2001-02-08,14.59000015258789,14.69499969482422,14.59000015258789,14.69499969482422,135400
2001-02-09,14.479999542236328,14.539999961853027,14.404999732971191,14.524999618530272,72600
2001-02-12,14.5,14.5,14.350000381469728,14.43000030517578,191200
2001-02-13,14.119999885559082,14.65999984741211,14.119999885559082,14.53499984741211,172000
2001-02-14,13.774999618530272,14.140000343322754,13.649999618530272,14.140000343322754,193400
2001-02-15,13.69499969482422,14.125,13.600000381469728,14.024999618530272,240400
2001-02-16,13.75,13.78499984741211,13.25,13.30500030517578,206400
2001-02-20,13.55500030517578,13.854999542236328,13.55500030517578,13.789999961853027,150000
2001-02-21,13.324999809265137,13.5,13.210000038146973,13.44499969482422,185200
2001-02-22,13.289999961853027,13.399999618530272,12.90999984741211,13.329999923706056,265600
2001-02-23,12.975000381469728,13.229999542236328,12.75,13.119999885559082,357600
2001-02-26,13.475000381469728,13.475000381469728,13.0,13.045000076293944,80200
2001-02-27,13.399999618530272,13.574999809265137,13.074999809265137,13.135000228881836,183600
2001-02-28,13.34000015258789,13.5,13.130000114440918,13.345000267028809,301800
2001-03-01,13.170000076293944,13.375,12.9399995803833,13.375,245800
2001-03-02,13.100000381469728,13.449999809265137,13.0,13.010000228881836,270400
2001-03-05,13.350000381469728,13.489999771118164,13.1899995803833,13.1899995803833,141200
2001-03-06,13.5600004196167,13.6850004196167,13.44499969482422,13.545000076293944,169400
2001-03-07,13.854999542236328,13.9350004196167,13.550000190734863,13.550000190734863,128800
2001-03-08,13.760000228881836,13.864999771118164,13.65999984741211,13.800000190734863,157000
2001-03-09,13.585000038146973,13.725000381469728,13.56999969482422,13.710000038146973,144000
2001-03-12,13.03499984741211,13.460000038146973,13.0,13.385000228881836,196400
2001-03-13,13.390000343322754,13.4350004196167,12.854999542236328,13.0,196600
2001-03-14,12.864999771118164,13.359999656677246,12.8149995803833,13.045000076293944,282000
2001-03-15,13.175000190734863,13.175000190734863,12.890000343322754,12.94499969482422,127800
2001-03-16,12.774999618530272,13.05500030517578,12.670000076293944,13.05500030517578,242200
2001-03-19,13.06999969482422,13.199999809265137,12.755000114440918,12.800000190734863,323800
2001-03-20,12.824999809265137,13.274999618530272,12.81999969482422,13.140000343322754,207800
2001-03-21,12.68000030517578,12.80500030517578,12.649999618530272,12.80500030517578,226600
2001-03-22,12.4399995803833,12.529999732971191,11.979999542236328,12.475000381469728,936600
2001-03-23,12.625,12.734999656677246,12.4350004196167,12.4350004196167,224200
2001-03-26,13.104999542236328,13.145000457763672,12.824999809265137,12.824999809265137,149000
2001-03-27,13.104999542236328,13.229999542236328,12.914999961853027,13.0,113800
2001-03-28,12.80500030517578,12.9399995803833,12.710000038146973,12.8149995803833,144600
2001-03-29,12.5600004196167,12.800000190734863,12.545000076293944,12.65999984741211,136400
2001-03-30,12.585000038146973,12.654999732971191,12.505000114440918,12.625,126000
2001-04-02,12.539999961853027,12.729999542236328,12.53499984741211,12.585000038146973,152000
2001-04-03,12.31999969482422,12.625,12.25,12.475000381469728,206400
2001-04-04,12.199999809265137,12.399999618530272,12.175000190734863,12.335000038146973,153200
2001-04-05,12.529999732971191,12.539999961853027,12.25,12.274999618530272,210000
2001-04-06,12.40999984741211,12.765000343322754,12.390000343322754,12.53499984741211,282000
2001-04-09,12.574999809265137,12.574999809265137,12.475000381469728,12.5,157400
2001-04-10,12.94499969482422,13.0,12.664999961853027,12.71500015258789,125800
2001-04-11,12.524999618530272,13.029999732971191,12.489999771118164,12.94499969482422,127600
2001-04-12,12.43000030517578,12.475000381469728,12.300000190734863,12.390000343322754,230400
2001-04-16,12.529999732971191,12.529999732971191,12.34000015258789,12.399999618530272,114400
2001-04-17,12.274999618530272,12.574999809265137,12.274999618530272,12.574999809265137,109600
2001-04-18,12.6899995803833,12.720000267028809,12.18000030517578,12.300000190734863,389400
2001-04-19,12.864999771118164,12.920000076293944,12.670000076293944,12.6899995803833,135600
2001-04-20,12.710000038146973,12.869999885559082,12.69499969482422,12.75,58200
2001-04-23,12.550000190734863,12.739999771118164,12.505000114440918,12.725000381469728,172200
2001-04-24,12.484999656677246,12.574999809265137,12.475000381469728,12.5,90400
2001-04-25,12.539999961853027,12.609999656677246,12.489999771118164,12.53499984741211,71400
2001-04-26,12.710000038146973,12.8100004196167,12.604999542236328,12.604999542236328,58800
2001-04-27,12.69499969482422,12.800000190734863,12.609999656677246,12.675000190734863,147800
2001-04-30,12.725000381469728,12.925000190734863,12.654999732971191,12.739999771118164,58200
2001-05-01,12.755000114440918,12.795000076293944,12.604999542236328,12.725000381469728,400600
2001-05-02,12.729999542236328,12.850000381469728,12.6899995803833,12.75,100600
2001-05-03,12.539999961853027,12.744999885559082,12.484999656677246,12.729999542236328,109000
2001-05-04,12.755000114440918,12.8100004196167,12.505000114440918,12.515000343322754,66200
2001-05-07,12.69499969482422,12.829999923706056,12.670000076293944,12.78499984741211,87400
2001-05-08,12.800000190734863,12.875,12.6899995803833,12.75,274400
2001-05-09,13.039999961853027,13.09000015258789,12.729999542236328,12.760000228881836,172800
2001-05-10,13.175000190734863,13.204999923706056,13.119999885559082,13.140000343322754,73400
2001-05-11,12.9399995803833,13.19499969482422,12.845000267028809,13.164999961853027,140600
2001-05-14,12.890000343322754,12.920000076293944,12.829999923706056,12.875,136000
2001-05-15,12.9399995803833,12.994999885559082,12.854999542236328,12.899999618530272,121000
2001-05-16,13.005000114440918,13.020000457763672,12.800000190734863,12.850000381469728,172200
2001-05-17,13.125,13.149999618530272,12.920000076293944,13.039999961853027,143600
2001-05-18,13.050000190734863,13.09000015258789,13.010000228881836,13.045000076293944,53600
2001-05-21,12.994999885559082,13.125,12.899999618530272,13.024999618530272,79200
2001-05-22,12.885000228881836,13.0600004196167,12.8149995803833,13.050000190734863,90200
2001-05-23,12.84000015258789,12.925000190734863,12.800000190734863,12.850000381469728,74200
2001-05-24,13.095000267028809,13.149999618530272,12.81999969482422,12.850000381469728,105400
2001-05-25,12.96500015258789,13.164999961853027,12.890000343322754,13.024999618530272,61000
2001-05-29,12.960000038146973,13.06999969482422,12.850000381469728,13.06999969482422,94200
2001-05-30,12.654999732971191,12.989999771118164,12.649999618530272,12.925000190734863,115600
2001-05-31,12.984999656677246,13.18000030517578,12.734999656677246,12.75,113800
2001-06-01,13.244999885559082,13.25,13.050000190734863,13.050000190734863,135600
2001-06-04,13.385000228881836,13.539999961853027,13.3100004196167,13.3100004196167,123400
2001-06-05,13.505000114440918,13.585000038146973,13.425000190734863,13.4350004196167,91000
2001-06-06,13.4399995803833,13.5600004196167,13.350000381469728,13.524999618530272,75600
2001-06-07,13.574999809265137,13.609999656677246,13.5,13.5,99200
2001-06-08,13.56999969482422,13.744999885559082,13.529999732971191,13.529999732971191,71000
2001-06-11,13.619999885559082,13.69499969482422,13.585000038146973,13.619999885559082,61200
2001-06-12,13.595000267028809,13.619999885559082,13.454999923706056,13.520000457763672,175000
2001-06-13,13.710000038146973,13.885000228881836,13.619999885559082,13.640000343322754,204200
2001-06-14,13.369999885559082,13.654999732971191,13.3100004196167,13.654999732971191,57800
2001-06-15,13.085000038146973,13.25,13.05500030517578,13.25,172000
2001-06-18,12.925000190734863,13.18000030517578,12.875,13.100000381469728,55800
2001-06-19,12.925000190734863,13.220000267028809,12.8100004196167,13.220000267028809,161600
2001-06-20,13.100000381469728,13.125,12.93000030517578,12.975000381469728,113800
2001-06-21,13.479999542236328,13.520000457763672,13.095000267028809,13.095000267028809,225000
2001-06-22,13.395000457763672,13.46500015258789,13.345000267028809,13.420000076293944,105200
2001-06-25,13.515000343322754,13.550000190734863,13.399999618530272,13.475000381469728,62200
2001-06-26,13.104999542236328,13.449999809265137,13.0649995803833,13.449999809265137,144000
2001-06-27,12.59000015258789,12.875,12.515000343322754,12.875,582000
2001-06-28,12.53499984741211,12.6850004196167,12.505000114440918,12.529999732971191,124000
2001-06-29,12.795000076293944,12.845000267028809,12.604999542236328,12.619999885559082,132200
2001-07-02,12.649999618530272,12.90999984741211,12.625,12.824999809265137,76000
2001-07-03,12.890000343322754,13.085000038146973,12.739999771118164,12.774999618530272,116200
2001-07-05,12.94499969482422,13.050000190734863,12.9399995803833,12.9399995803833,117000
2001-07-06,12.725000381469728,12.94499969482422,12.664999961853027,12.9399995803833,72800
2001-07-09,12.890000343322754,12.899999618530272,12.675000190734863,12.720000267028809,244800
2001-07-10,12.975000381469728,13.05500030517578,12.899999618530272,12.920000076293944,219600
2001-07-11,12.869999885559082,12.925000190734863,12.829999923706056,12.914999961853027,202800
2001-07-12,13.079999923706056,13.100000381469728,12.949999809265137,12.949999809265137,125000
2001-07-13,13.220000267028809,13.220000267028809,13.03499984741211,13.079999923706056,91800
2001-07-16,13.0,13.199999809265137,13.0,13.175000190734863,104200
2001-07-17,13.050000190734863,13.06999969482422,12.904999732971191,12.9350004196167,46200
2001-07-18,12.854999542236328,13.015000343322754,12.739999771118164,12.989999771118164,73600
2001-07-19,12.68000030517578,12.9399995803833,12.609999656677246,12.925000190734863,77800
2001-07-20,12.720000267028809,12.729999542236328,12.050000190734863,12.670000076293944,78800
2001-07-23,12.640000343322754,12.739999771118164,12.55500030517578,12.704999923706056,67800
2001-07-24,12.625,12.734999656677246,12.59000015258789,12.600000381469728,62400
2001-07-25,12.5649995803833,12.654999732971191,12.399999618530272,12.604999542236328,100400
2001-07-26,12.574999809265137,12.609999656677246,12.375,12.539999961853027,175400
2001-07-27,12.65999984741211,12.65999984741211,12.505000114440918,12.505000114440918,72000
2001-07-30,12.6899995803833,12.890000343322754,12.664999961853027,12.68000030517578,62400
2001-07-31,12.800000190734863,12.835000038146973,12.635000228881836,12.710000038146973,92600
2001-08-01,12.710000038146973,12.835000038146973,12.65999984741211,12.789999961853027,71600
2001-08-02,12.630000114440918,12.75,12.479999542236328,12.71500015258789,106400
2001-08-03,12.720000267028809,12.720000267028809,12.524999618530272,12.645000457763672,41200
2001-08-06,12.595000267028809,12.699999809265137,12.55500030517578,12.675000190734863,33000
2001-08-07,12.75,12.80500030517578,12.595000267028809,12.595000267028809,95200
2001-08-08,12.609999656677246,12.850000381469728,12.609999656677246,12.699999809265137,80000
2001-08-09,12.704999923706056,12.729999542236328,12.604999542236328,12.635000228881836,48000
2001-08-10,12.609999656677246,12.710000038146973,12.600000381469728,12.68000030517578,46800
2001-08-13,12.579999923706056,12.75,12.5,12.649999618530272,502600
2001-08-14,12.760000228881836,12.789999961853027,12.625,12.649999618530272,74200
2001-08-15,12.6850004196167,12.800000190734863,12.68000030517578,12.725000381469728,311200
2001-08-16,12.774999618530272,12.800000190734863,12.675000190734863,12.6850004196167,76200
2001-08-17,12.649999618530272,12.75,12.595000267028809,12.630000114440918,84000
2001-08-20,12.80500030517578,12.875,12.5,12.5600004196167,118800
2001-08-21,12.654999732971191,12.80500030517578,12.625,12.78499984741211,64000
2001-08-22,12.71500015258789,12.760000228881836,12.59000015258789,12.654999732971191,49000
2001-08-23,13.234999656677246,13.300000190734863,12.895000457763672,12.899999618530272,189000
2001-08-24,13.489999771118164,13.510000228881836,13.210000038146973,13.210000038146973,164600
2001-08-27,13.984999656677246,14.029999732971191,13.545000076293944,13.56999969482422,291400
2001-08-28,13.725000381469728,14.4399995803833,13.725000381469728,14.095000267028809,349000
2001-08-29,13.449999809265137,13.864999771118164,13.420000076293944,13.854999542236328,254000
2001-08-30,13.56999969482422,13.614999771118164,13.345000267028809,13.425000190734863,128400
2001-08-31,13.4350004196167,13.664999961853027,13.4350004196167,13.510000228881836,309200
2001-09-04,13.505000114440918,13.704999923706056,13.385000228881836,13.385000228881836,64000
2001-09-05,13.579999923706056,13.640000343322754,13.43000030517578,13.489999771118164,95600
2001-09-06,13.609999656677246,13.75,13.475000381469728,13.475000381469728,109200
2001-09-07,13.420000076293944,13.494999885559082,13.350000381469728,13.489999771118164,72200
2001-09-10,13.510000228881836,13.529999732971191,13.204999923706056,13.350000381469728,81000
2001-09-17,12.645000457763672,12.824999809265137,12.4350004196167,12.524999618530272,239600
2001-09-18,12.44499969482422,12.734999656677246,12.420000076293944,12.574999809265137,113200
2001-09-19,12.104999542236328,12.489999771118164,11.960000038146973,12.425000190734863,188000
2001-09-20,11.65999984741211,12.05500030517578,11.65999984741211,11.850000381469728,168800
2001-09-21,11.404999732971191,11.65999984741211,11.210000038146973,11.484999656677246,214400
2001-09-24,11.890000343322754,11.94499969482422,11.550000190734863,11.604999542236328,169800
2001-09-25,11.920000076293944,12.079999923706056,11.770000457763672,11.949999809265137,168800
2001-09-26,12.050000190734863,12.100000381469728,11.904999732971191,11.960000038146973,230000
2001-09-27,12.050000190734863,12.050000190734863,11.84000015258789,11.93000030517578,96200
2001-09-28,12.3100004196167,12.31999969482422,12.109999656677246,12.109999656677246,149200
2001-10-01,12.484999656677246,12.529999732971191,12.21500015258789,12.300000190734863,83600
2001-10-02,12.505000114440918,12.635000228881836,12.375,12.484999656677246,74400
2001-10-03,12.770000457763672,12.925000190734863,12.404999732971191,12.4350004196167,109600
2001-10-04,12.4350004196167,12.850000381469728,12.4350004196167,12.8100004196167,124000
2001-10-05,12.329999923706056,12.4350004196167,12.164999961853027,12.4350004196167,151800
2001-10-08,12.255000114440918,12.399999618530272,12.25,12.399999618530272,78200
2001-10-09,12.19499969482422,12.255000114440918,12.130000114440918,12.255000114440918,97800
2001-10-10,12.135000228881836,12.30500030517578,12.09000015258789,12.225000381469728,45800
2001-10-11,11.84000015258789,12.149999618530272,11.80500030517578,12.149999618530272,219400
2001-10-12,11.779999732971191,11.859999656677246,11.640000343322754,11.850000381469728,156000
2001-10-15,11.84000015258789,11.875,11.739999771118164,11.779999732971191,63000
2001-10-16,11.789999961853027,11.880000114440918,11.755000114440918,11.829999923706056,66200
2001-10-17,11.664999961853027,11.864999771118164,11.649999618530272,11.75,96800
2001-10-18,11.56999969482422,11.675000190734863,11.539999961853027,11.675000190734863,63800
2001-10-19,11.600000381469728,11.600000381469728,11.505000114440918,11.550000190734863,62600
2001-10-22,11.404999732971191,11.550000190734863,11.3100004196167,11.550000190734863,67200
2001-10-23,11.3100004196167,11.635000228881836,11.3100004196167,11.494999885559082,73800
2001-10-24,11.364999771118164,11.454999923706056,11.260000228881836,11.385000228881836,88200
2001-10-25,11.529999732971191,11.529999732971191,11.255000114440918,11.345000267028809,82600
2001-10-26,11.6850004196167,11.744999885559082,11.454999923706056,11.475000381469728,59800
2001-10-29,11.329999923706056,11.625,11.289999961853027,11.625,40800
2001-10-30,11.234999656677246,11.350000381469728,11.100000381469728,11.220000267028809,61000
2001-10-31,11.255000114440918,11.335000038146973,11.18000030517578,11.274999618530272,118200
2001-11-01,11.71500015258789,11.71500015258789,11.135000228881836,11.274999618530272,178400
2001-11-02,11.81999969482422,11.960000038146973,11.760000228881836,11.824999809265137,248800
2001-11-05,12.020000457763672,12.079999923706056,11.875,11.875,111800
2001-11-06,12.130000114440918,12.175000190734863,11.94499969482422,12.010000228881836,78800
2001-11-07,11.979999542236328,12.399999618530272,11.960000038146973,12.015000343322754,151000
2001-11-08,11.949999809265137,12.19499969482422,11.90999984741211,11.975000381469728,89400
2001-11-09,12.109999656677246,12.125,11.864999771118164,11.960000038146973,59600
2001-11-12,12.0649995803833,12.125,11.869999885559082,12.024999618530272,51600
2001-11-13,12.19499969482422,12.270000457763672,12.125,12.175000190734863,50200
2001-11-14,12.289999961853027,12.380000114440918,12.130000114440918,12.244999885559082,81000
2001-11-15,12.154999732971191,12.489999771118164,12.154999732971191,12.25,117800
2001-11-16,12.020000457763672,12.225000381469728,11.84000015258789,12.225000381469728,107400
2001-11-19,12.229999542236328,12.300000190734863,12.050000190734863,12.050000190734863,60000
2001-11-20,12.020000457763672,12.149999618530272,11.954999923706056,12.130000114440918,129000
2001-11-21,11.93000030517578,12.050000190734863,11.81999969482422,11.975000381469728,90400
2001-11-23,12.100000381469728,12.109999656677246,11.989999771118164,12.024999618530272,160200
2001-11-26,12.390000343322754,12.44499969482422,12.135000228881836,12.135000228881836,114800
2001-11-27,12.43000030517578,12.494999885559082,12.354999542236328,12.40999984741211,100400
2001-11-28,12.260000228881836,12.475000381469728,12.260000228881836,12.375,163400
2001-11-29,12.5600004196167,12.625,12.3149995803833,12.3149995803833,120800
2001-11-30,12.5649995803833,12.600000381469728,12.489999771118164,12.5,66400
2001-12-03,12.414999961853027,12.5,12.295000076293944,12.390000343322754,63200
2001-12-04,12.69499969482422,12.699999809265137,12.414999961853027,12.414999961853027,80600
2001-12-05,12.975000381469728,12.979999542236328,12.69499969482422,12.69499969482422,104800
2001-12-06,13.010000228881836,13.15999984741211,12.960000038146973,12.960000038146973,82000
2001-12-07,13.095000267028809,13.1850004196167,12.975000381469728,12.975000381469728,75000
2001-12-10,12.93000030517578,13.135000228881836,12.93000030517578,12.975000381469728,33600
2001-12-11,12.835000038146973,13.020000457763672,12.670000076293944,12.899999618530272,60400
2001-12-12,13.095000267028809,13.114999771118164,12.835000038146973,12.835000038146973,49200
2001-12-13,12.90999984741211,13.135000228881836,12.845000267028809,12.975000381469728,65600
2001-12-14,12.93000030517578,12.989999771118164,12.824999809265137,12.975000381469728,36200
2001-12-17,13.3100004196167,13.3100004196167,12.9350004196167,12.9350004196167,61600
2001-12-18,13.204999923706056,13.28499984741211,13.15999984741211,13.164999961853027,72600
2001-12-19,13.045000076293944,13.229999542236328,13.039999961853027,13.100000381469728,122200
2001-12-20,12.859999656677246,13.039999961853027,12.835000038146973,13.03499984741211,84200
2001-12-21,12.760000228881836,12.925000190734863,12.6899995803833,12.899999618530272,89600
2001-12-24,12.6850004196167,12.71500015258789,12.579999923706056,12.645000457763672,40800
2001-12-26,12.725000381469728,12.800000190734863,12.675000190734863,12.75,45600
2001-12-27,12.904999732971191,12.979999542236328,12.699999809265137,12.699999809265137,87600
2001-12-28,12.949999809265137,13.0,12.875,12.949999809265137,64400
2001-12-31,12.869999885559082,12.94499969482422,12.770000457763672,12.925000190734863,52800
2002-01-02,12.645000457763672,12.869999885559082,12.5649995803833,12.869999885559082,153400
2002-01-03,12.989999771118164,13.0600004196167,12.640000343322754,12.645000457763672,108200
2002-01-04,13.100000381469728,13.1899995803833,12.920000076293944,12.925000190734863,120200
2002-01-07,13.255000114440918,13.3100004196167,13.074999809265137,13.074999809265137,94600
2002-01-08,13.25,13.395000457763672,13.1850004196167,13.260000228881836,90800
2002-01-09,13.404999732971191,13.515000343322754,13.225000381469728,13.225000381469728,89200
2002-01-10,13.279999732971191,13.40999984741211,13.279999732971191,13.300000190734863,39000
2002-01-11,13.210000038146973,13.34000015258789,13.1899995803833,13.25,49200
2002-01-14,13.210000038146973,13.28499984741211,13.104999542236328,13.175000190734863,78400
2002-01-15,13.350000381469728,13.425000190734863,13.145000457763672,13.145000457763672,96600
2002-01-16,13.119999885559082,13.350000381469728,13.0649995803833,13.350000381469728,102000
2002-01-17,13.154999732971191,13.154999732971191,12.94499969482422,13.074999809265137,81600
2002-01-18,13.045000076293944,13.170000076293944,13.020000457763672,13.050000190734863,53000
2002-01-22,13.145000457763672,13.244999885559082,13.050000190734863,13.050000190734863,94600
2002-01-23,13.550000190734863,13.550000190734863,13.164999961853027,13.1850004196167,159400
2002-01-24,13.475000381469728,13.600000381469728,13.449999809265137,13.520000457763672,50600
2002-01-25,13.350000381469728,13.449999809265137,13.31999969482422,13.375,52200
2002-01-28,13.460000038146973,13.479999542236328,13.270000457763672,13.324999809265137,54800
2002-01-29,13.229999542236328,13.704999923706056,13.229999542236328,13.579999923706056,96800
2002-01-30,13.1850004196167,13.229999542236328,13.0,13.229999542236328,665800
2002-01-31,13.375,13.414999961853027,13.21500015258789,13.260000228881836,61400
2002-02-01,13.524999618530272,13.55500030517578,13.380000114440918,13.380000114440918,51400
2002-02-04,13.19499969482422,13.425000190734863,13.164999961853027,13.425000190734863,238600
2002-02-05,13.039999961853027,13.085000038146973,12.800000190734863,12.800000190734863,86200
2002-02-06,12.75,13.015000343322754,12.675000190734863,13.015000343322754,132200
2002-02-07,12.984999656677246,13.074999809265137,12.75,12.75,121400
2002-02-08,13.015000343322754,13.100000381469728,12.96500015258789,12.975000381469728,220800
2002-02-11,13.164999961853027,13.28499984741211,13.100000381469728,13.100000381469728,62600
2002-02-12,13.050000190734863,13.199999809265137,12.975000381469728,13.050000190734863,207800
2002-02-13,13.109999656677246,13.109999656677246,12.949999809265137,13.050000190734863,28800
2002-02-14,13.125,13.255000114440918,13.050000190734863,13.074999809265137,68800
2002-02-15,13.039999961853027,13.145000457763672,12.989999771118164,13.130000114440918,34200
2002-02-19,12.9399995803833,13.029999732971191,12.859999656677246,13.010000228881836,46200
2002-02-20,12.864999771118164,12.885000228881836,12.755000114440918,12.875,73200
2002-02-21,12.625,12.850000381469728,12.625,12.850000381469728,77800
2002-02-22,12.6899995803833,12.829999923706056,12.68000030517578,12.720000267028809,24800
2002-02-25,12.994999885559082,13.015000343322754,12.649999618530272,12.649999618530272,77600
2002-02-26,13.024999618530272,13.145000457763672,12.925000190734863,12.925000190734863,64600
2002-02-27,13.125,13.28499984741211,12.899999618530272,13.0,114800
2002-02-28,13.239999771118164,13.329999923706056,13.1850004196167,13.199999809265137,114000
2002-03-01,13.425000190734863,13.5,13.3100004196167,13.3100004196167,104800
2002-03-04,13.75,13.81999969482422,13.489999771118164,13.520000457763672,159000
2002-03-05,13.649999618530272,13.800000190734863,13.59000015258789,13.774999618530272,60600
2002-03-06,13.845000267028809,13.90999984741211,13.545000076293944,13.600000381469728,143400
2002-03-07,13.765000343322754,13.899999618530272,13.725000381469728,13.845000267028809,88400
2002-03-08,13.720000267028809,13.899999618530272,13.68000030517578,13.800000190734863,95400
2002-03-11,13.649999618530272,13.729999542236328,13.539999961853027,13.649999618530272,65800
2002-03-12,13.520000457763672,13.5600004196167,13.4399995803833,13.449999809265137,53600
2002-03-13,13.46500015258789,13.53499984741211,13.380000114440918,13.425000190734863,32200
2002-03-14,13.55500030517578,13.585000038146973,13.4350004196167,13.454999923706056,96000
2002-03-15,13.699999809265137,13.699999809265137,13.5,13.5,43600
2002-03-18,13.739999771118164,13.800000190734863,13.670000076293944,13.670000076293944,150800
2002-03-19,13.774999618530272,13.854999542236328,13.6850004196167,13.729999542236328,37600
2002-03-20,13.760000228881836,13.800000190734863,13.71500015258789,13.75,61600
2002-03-21,13.699999809265137,13.779999732971191,13.6850004196167,13.725000381469728,54600
2002-03-22,13.68000030517578,13.725000381469728,13.600000381469728,13.670000076293944,33400
2002-03-25,13.574999809265137,13.720000267028809,13.5649995803833,13.65999984741211,38400
2002-03-26,13.53499984741211,13.550000190734863,13.44499969482422,13.449999809265137,27200
2002-03-27,13.614999771118164,13.654999732971191,13.539999961853027,13.550000190734863,73800
2002-03-28,13.710000038146973,13.9350004196167,13.574999809265137,13.574999809265137,138400
2002-04-01,13.664999961853027,13.699999809265137,13.53499984741211,13.550000190734863,45000
2002-04-02,13.725000381469728,13.864999771118164,13.619999885559082,13.619999885559082,37200
2002-04-03,13.765000343322754,13.835000038146973,13.710000038146973,13.75,47600
2002-04-04,13.710000038146973,13.864999771118164,13.654999732971191,13.699999809265137,55800
2002-04-05,13.760000228881836,13.824999809265137,13.725000381469728,13.774999618530272,95800
2002-04-08,13.770000457763672,13.850000381469728,13.6850004196167,13.699999809265137,98400
2002-04-09,13.71500015258789,13.755000114440918,13.574999809265137,13.755000114440918,56000
2002-04-10,13.96500015258789,13.96500015258789,13.71500015258789,13.75,87200
2002-04-11,13.850000381469728,14.15999984741211,13.80500030517578,13.975000381469728,80800
2002-04-12,13.824999809265137,13.984999656677246,13.824999809265137,13.94499969482422,51200
2002-04-15,13.885000228881836,13.90999984741211,13.69499969482422,13.774999618530272,31000
2002-04-16,13.994999885559082,14.125,13.9350004196167,13.970000267028809,42600
2002-04-17,14.020000457763672,14.05500030517578,13.970000267028809,13.970000267028809,34000
2002-04-18,14.024999618530272,14.05500030517578,13.895000457763672,14.024999618530272,69400
2002-04-19,14.300000190734863,14.300000190734863,14.024999618530272,14.024999618530272,98200
2002-04-22,14.140000343322754,14.244999885559082,14.109999656677246,14.199999809265137,41000
2002-04-23,13.824999809265137,14.114999771118164,13.770000457763672,14.100000381469728,60200
2002-04-24,13.6850004196167,13.859999656677246,13.68000030517578,13.850000381469728,50200
2002-04-25,13.619999885559082,13.880000114440918,13.539999961853027,13.675000190734863,53000
2002-04-26,13.494999885559082,13.640000343322754,13.399999618530272,13.524999618530272,35600
2002-04-29,13.295000076293944,13.4399995803833,13.239999771118164,13.40999984741211,72000
2002-04-30,13.295000076293944,13.425000190734863,13.255000114440918,13.329999923706056,72400
2002-05-01,12.984999656677246,12.989999771118164,12.829999923706056,12.875,164400
2002-05-02,13.06999969482422,13.204999923706056,12.96500015258789,12.984999656677246,43400
2002-05-03,13.119999885559082,13.15999984741211,13.024999618530272,13.06999969482422,35000
2002-05-06,12.8100004196167,13.100000381469728,12.8100004196167,13.100000381469728,89200
2002-05-07,12.81999969482422,12.859999656677246,12.755000114440918,12.789999961853027,167800
2002-05-08,12.899999618530272,13.0649995803833,12.859999656677246,12.984999656677246,67600
2002-05-09,12.765000343322754,12.899999618530272,12.675000190734863,12.899999618530272,31600
2002-05-10,12.960000038146973,13.045000076293944,12.779999732971191,12.835000038146973,58000
2002-05-13,13.050000190734863,13.170000076293944,12.9399995803833,12.9399995803833,147400
2002-05-14,12.989999771118164,13.109999656677246,12.899999618530272,13.109999656677246,165800
2002-05-15,12.979999542236328,13.109999656677246,12.899999618530272,12.925000190734863,65200
2002-05-16,12.914999961853027,13.03499984741211,12.904999732971191,12.9399995803833,87200
2002-05-17,12.505000114440918,12.704999923706056,12.5,12.625,308000
2002-05-20,12.494999885559082,12.550000190734863,12.4399995803833,12.524999618530272,48200
2002-05-21,12.670000076293944,12.6850004196167,12.414999961853027,12.4399995803833,189200
2002-05-22,12.5,12.725000381469728,12.449999809265137,12.725000381469728,98600
2002-05-23,12.529999732971191,12.579999923706056,12.449999809265137,12.524999618530272,84000
2002-05-24,12.5,12.529999732971191,12.460000038146973,12.489999771118164,24000
2002-05-28,12.539999961853027,12.630000114440918,12.404999732971191,12.55500030517578,63000
2002-05-29,12.399999618530272,12.5,12.364999771118164,12.5,63600
2002-05-30,12.614999771118164,12.6850004196167,12.34000015258789,12.359999656677246,99800
2002-05-31,12.649999618530272,12.760000228881836,12.574999809265137,12.574999809265137,67600
2002-06-03,12.414999961853027,12.604999542236328,12.395000457763672,12.604999542236328,94400
2002-06-04,12.300000190734863,12.414999961853027,12.199999809265137,12.399999618530272,73800
2002-06-05,12.204999923706056,12.25,12.125,12.204999923706056,80000
2002-06-06,12.100000381469728,12.270000457763672,12.100000381469728,12.175000190734863,41800
2002-06-07,12.104999542236328,12.1850004196167,12.045000076293944,12.05500030517578,44200
2002-06-10,12.039999961853027,12.225000381469728,11.984999656677246,12.125,64600
2002-06-11,11.720000267028809,12.024999618530272,11.699999809265137,11.975000381469728,148800
2002-06-12,11.609999656677246,11.850000381469728,11.545000076293944,11.699999809265137,125200
2002-06-13,11.515000343322754,11.635000228881836,11.505000114440918,11.574999809265137,54000
2002-06-14,11.414999961853027,11.4350004196167,11.234999656677246,11.425000190734863,210800
2002-06-17,11.524999618530272,11.53499984741211,11.255000114440918,11.414999961853027,180200
2002-06-18,11.295000076293944,11.520000457763672,11.279999732971191,11.520000457763672,85000
2002-06-19,11.130000114440918,11.329999923706056,11.100000381469728,11.225000381469728,159400
2002-06-20,11.21500015258789,11.414999961853027,11.074999809265137,11.149999618530272,230800
2002-06-21,11.18000030517578,11.380000114440918,11.135000228881836,11.239999771118164,110000
2002-06-24,11.029999732971191,11.225000381469728,11.0,11.225000381469728,104000
2002-06-25,10.975000381469728,11.135000228881836,10.850000381469728,11.100000381469728,164000
2002-06-26,11.375,11.390000343322754,10.760000228881836,10.760000228881836,508600
2002-06-27,11.755000114440918,11.899999618530272,11.5600004196167,11.56999969482422,156000
2002-06-28,11.75,11.994999885559082,11.734999656677246,11.850000381469728,102600
2002-07-01,11.704999923706056,11.800000190734863,11.675000190734863,11.699999809265137,31000
2002-07-02,11.30500030517578,11.729999542236328,11.100000381469728,11.725000381469728,142600
2002-07-03,11.3100004196167,11.364999771118164,11.045000076293944,11.244999885559082,139400
2002-07-05,11.595000267028809,11.595000267028809,11.364999771118164,11.364999771118164,34600
2002-07-08,11.414999961853027,11.619999885559082,11.380000114440918,11.595000267028809,89800
2002-07-09,11.100000381469728,11.4399995803833,11.039999961853027,11.399999618530272,96000
2002-07-10,10.81999969482422,11.09000015258789,10.725000381469728,11.039999961853027,189400
2002-07-11,10.774999618530272,10.8149995803833,10.654999732971191,10.8149995803833,89800
2002-07-12,10.574999809265137,10.774999618530272,10.574999809265137,10.774999618530272,76600
2002-07-15,10.515000343322754,10.609999656677246,10.359999656677246,10.609999656677246,154000
2002-07-16,10.524999618530272,10.585000038146973,10.390000343322754,10.414999961853027,85200
2002-07-17,10.484999656677246,10.614999771118164,10.369999885559082,10.550000190734863,129800
2002-07-18,10.850000381469728,10.93000030517578,10.375,10.375,252200
2002-07-19,10.119999885559082,10.75,10.079999923706056,10.75,209400
2002-07-22,9.675000190734863,10.024999618530272,9.640000343322754,10.0,444000
2002-07-23,9.529999732971191,9.90999984741211,9.484999656677246,9.649999618530272,320800
2002-07-24,10.274999618530272,10.335000038146973,9.225000381469728,9.25,365400
2002-07-25,10.104999542236328,10.550000190734863,10.079999923706056,10.225000381469728,240000
2002-07-26,9.880000114440918,10.1899995803833,9.84000015258789,10.125,99800
2002-07-29,10.100000381469728,10.350000381469728,10.0,10.0,240600
2002-07-30,10.170000076293944,10.234999656677246,9.975000381469728,10.024999618530272,130200
2002-07-31,10.385000228881836,10.4350004196167,10.06999969482422,10.130000114440918,208600
2002-08-01,10.454999923706056,10.55500030517578,10.234999656677246,10.329999923706056,180600
2002-08-02,10.46500015258789,10.510000228881836,10.335000038146973,10.420000076293944,126200
2002-08-05,10.0,10.550000190734863,9.96500015258789,10.5,95600
2002-08-06,10.574999809265137,10.609999656677246,10.324999809265137,10.324999809265137,147400
2002-08-07,10.619999885559082,10.78499984741211,10.40999984741211,10.550000190734863,124200
2002-08-08,10.824999809265137,10.895000457763672,10.619999885559082,10.729999542236328,124600
2002-08-09,11.0,11.05500030517578,10.789999961853027,10.800000190734863,75000
2002-08-12,10.850000381469728,10.979999542236328,10.789999961853027,10.979999542236328,252000
2002-08-13,10.835000038146973,10.984999656677246,10.80500030517578,10.80500030517578,76200
2002-08-14,10.914999961853027,10.914999961853027,10.625,10.800000190734863,343200
2002-08-15,10.9399995803833,11.074999809265137,10.80500030517578,10.890000343322754,86200
2002-08-16,10.979999542236328,11.104999542236328,10.850000381469728,10.9350004196167,45400
2002-08-19,11.029999732971191,11.104999542236328,10.9399995803833,10.989999771118164,90600
2002-08-20,11.225000381469728,11.274999618530272,11.029999732971191,11.029999732971191,119200
2002-08-21,11.204999923706056,11.44499969482422,11.104999542236328,11.274999618530272,179800
2002-08-22,11.095000267028809,11.300000190734863,11.0,11.1850004196167,208000
2002-08-23,10.920000076293944,11.0600004196167,10.90999984741211,11.0600004196167,86800
2002-08-26,11.06999969482422,11.149999618530272,10.885000228881836,10.960000038146973,72000
2002-08-27,11.09000015258789,11.204999923706056,11.039999961853027,11.104999542236328,66000
2002-08-28,11.06999969482422,11.06999969482422,11.06999969482422,11.06999969482422,300800
2002-08-29,11.119999885559082,11.149999618530272,10.949999809265137,11.010000228881836,40000
2002-08-30,11.085000038146973,11.234999656677246,11.050000190734863,11.06999969482422,45800
2002-09-03,10.859999656677246,10.994999885559082,10.859999656677246,10.994999885559082,106800
2002-09-04,10.739999771118164,10.875,10.65999984741211,10.850000381469728,69400
2002-09-05,10.604999542236328,10.6850004196167,10.545000076293944,10.574999809265137,77200
2002-09-06,10.625,10.760000228881836,10.619999885559082,10.6899995803833,92000
2002-09-09,10.520000457763672,10.640000343322754,10.489999771118164,10.625,394000
2002-09-10,10.30500030517578,10.529999732971191,10.210000038146973,10.524999618530272,121200
2002-09-11,10.31999969482422,10.494999885559082,10.3149995803833,10.475000381469728,90200
2002-09-12,10.0,10.295000076293944,9.994999885559082,10.28499984741211,102000
2002-09-13,9.975000381469728,10.0,9.864999771118164,9.960000038146973,91400
2002-09-16,9.875,9.989999771118164,9.845000267028809,9.975000381469728,64600
2002-09-17,9.524999618530272,9.914999961853027,9.479999542236328,9.899999618530272,573600
2002-09-18,9.31999969482422,9.524999618530272,9.164999961853027,9.524999618530272,189400
2002-09-19,8.96500015258789,9.28499984741211,8.9350004196167,9.28499984741211,110000
2002-09-20,8.9350004196167,9.095000267028809,8.850000381469727,8.984999656677246,125000
2002-09-23,8.78499984741211,8.875,8.5,8.875,157200
2002-09-24,8.729999542236328,9.0,8.614999771118164,8.649999618530273,127600
2002-09-25,8.8100004196167,9.0,8.795000076293945,9.0,132200
2002-09-26,8.984999656677246,9.024999618530272,8.84000015258789,8.899999618530273,203800
2002-09-27,8.725000381469727,9.005000114440918,8.725000381469727,9.0,106200
2002-09-30,8.805000305175781,8.994999885559082,8.600000381469727,8.720000267028809,201400
2002-10-01,8.78499984741211,8.805000305175781,8.524999618530273,8.744999885559082,185400
2002-10-02,8.579999923706055,8.800000190734863,8.505000114440918,8.675000190734863,166000
2002-10-03,8.1899995803833,8.5,8.130000114440918,8.399999618530273,344200
2002-10-04,7.940000057220459,8.279999732971191,7.940000057220459,8.1899995803833,220200
2002-10-07,8.135000228881836,8.28499984741211,7.885000228881836,7.889999866485596,277800
2002-10-08,8.604999542236328,8.729999542236328,8.140000343322754,8.244999885559082,303600
2002-10-09,8.390000343322754,8.704999923706055,8.359999656677246,8.489999771118164,182200
2002-10-10,8.65999984741211,8.720000267028809,8.40999984741211,8.40999984741211,106000
2002-10-11,9.170000076293944,9.170000076293944,8.90999984741211,8.975000381469727,141800
2002-10-14,9.039999961853027,9.170000076293944,9.005000114440918,9.119999885559082,59800
2002-10-15,9.699999809265137,9.81999969482422,9.614999771118164,9.744999885559082,161000
2002-10-16,9.595000267028809,9.609999656677246,9.399999618530272,9.399999618530272,96000
2002-10-17,10.19499969482422,10.229999542236328,9.949999809265137,10.100000381469728,155800
2002-10-18,10.289999961853027,10.359999656677246,10.050000190734863,10.125,68200
2002-10-21,10.350000381469728,10.350000381469728,10.074999809265137,10.204999923706056,96600
2002-10-22,10.020000457763672,10.295000076293944,9.94499969482422,10.1899995803833,93400
2002-10-23,10.170000076293944,10.170000076293944,9.78499984741211,10.020000457763672,63600
2002-10-24,10.324999809265137,10.475000381469728,10.149999618530272,10.260000228881836,99000
2002-10-25,10.164999961853027,10.274999618530272,10.050000190734863,10.274999618530272,79000
2002-10-28,10.039999961853027,10.25,9.949999809265137,10.25,142200
2002-10-29,9.675000190734863,9.90999984741211,9.59000015258789,9.880000114440918,86600
2002-10-30,9.71500015258789,9.78499984741211,9.585000038146973,9.6850004196167,102000
2002-10-31,9.5649995803833,9.875,9.550000190734863,9.774999618530272,71400
2002-11-01,9.625,9.720000267028809,9.449999809265137,9.56999969482422,125600
2002-11-04,10.050000190734863,10.100000381469728,9.800000190734863,9.800000190734863,50600
2002-11-05,9.489999771118164,9.515000343322754,9.100000381469728,9.100000381469728,271600
2002-11-06,9.4350004196167,9.704999923706056,9.350000381469728,9.550000190734863,130000
2002-11-07,9.390000343322754,9.484999656677246,9.345000267028809,9.399999618530272,78600
2002-11-08,9.25,9.364999771118164,9.25,9.364999771118164,50200
2002-11-11,9.104999542236328,9.204999923706056,9.029999732971191,9.145000457763672,30400
2002-11-12,8.960000038146973,9.074999809265137,8.885000228881836,9.045000076293944,94400
2002-11-13,9.020000457763672,9.079999923706056,8.880000114440918,8.949999809265137,57400
2002-11-14,9.164999961853027,9.19499969482422,9.074999809265137,9.100000381469728,72800
2002-11-15,9.350000381469728,9.350000381469728,9.05500030517578,9.100000381469728,41400
2002-11-18,9.484999656677246,9.484999656677246,9.350000381469728,9.350000381469728,53000
2002-11-19,9.550000190734863,9.609999656677246,9.420000076293944,9.460000038146973,132200
2002-11-20,9.8100004196167,9.904999732971191,9.550000190734863,9.56999969482422,84600
2002-11-21,10.19499969482422,10.21500015258789,10.0,10.0,94800
2002-11-22,10.3100004196167,10.425000190734863,10.100000381469728,10.25,168000
2002-11-25,10.425000190734863,10.55500030517578,10.3100004196167,10.3100004196167,72400
2002-11-26,10.1899995803833,10.510000228881836,10.164999961853027,10.43000030517578,179800
2002-11-27,10.399999618530272,10.68000030517578,10.199999809265137,10.199999809265137,129800
2002-11-29,10.744999885559082,10.765000343322754,10.654999732971191,10.744999885559082,85000
2002-12-02,10.949999809265137,11.0,10.800000190734863,10.854999542236328,186600
2002-12-03,11.03499984741211,11.050000190734863,10.899999618530272,10.954999923706056,177600
2002-12-04,11.0,11.0,10.779999732971191,10.949999809265137,82600
2002-12-05,10.8100004196167,10.994999885559082,10.720000267028809,10.994999885559082,60200
2002-12-06,10.760000228881836,10.829999923706056,10.649999618530272,10.6850004196167,85800
2002-12-09,10.545000076293944,10.875,10.539999961853027,10.875,151000
2002-12-10,10.604999542236328,10.720000267028809,10.510000228881836,10.625,67000
2002-12-11,10.789999961853027,10.789999961853027,10.59000015258789,10.6850004196167,55400
2002-12-12,10.895000457763672,11.010000228881836,10.729999542236328,10.789999961853027,101400
2002-12-13,11.024999618530272,11.079999923706056,10.93000030517578,10.93000030517578,72000
2002-12-16,11.300000190734863,11.3149995803833,11.079999923706056,11.079999923706056,106200
2002-12-17,11.19499969482422,11.3149995803833,11.109999656677246,11.300000190734863,89200
2002-12-18,11.100000381469728,11.149999618530272,10.899999618530272,11.149999618530272,172000
2002-12-19,10.989999771118164,11.244999885559082,10.925000190734863,11.074999809265137,53200
2002-12-20,11.229999542236328,11.25,11.010000228881836,11.170000076293944,163000
2002-12-23,11.239999771118164,11.404999732971191,11.239999771118164,11.239999771118164,51000
2002-12-24,11.18000030517578,11.260000228881836,11.18000030517578,11.239999771118164,9400
2002-12-26,11.050000190734863,11.220000267028809,11.050000190734863,11.18000030517578,22600
2002-12-27,10.8100004196167,11.050000190734863,10.789999961853027,11.050000190734863,75200
2002-12-30,10.8100004196167,10.880000114440918,10.675000190734863,10.875,59600
2002-12-31,10.824999809265137,10.96500015258789,10.760000228881836,10.760000228881836,166400
2003-01-02,11.024999618530272,11.114999771118164,10.859999656677246,10.875,86200
2003-01-03,11.154999732971191,11.164999961853027,10.93000030517578,11.074999809265137,120800
2003-01-06,11.359999656677246,11.390000343322754,11.154999732971191,11.154999732971191,71800
2003-01-07,11.30500030517578,11.420000076293944,11.239999771118164,11.359999656677246,85800
2003-01-08,11.175000190734863,11.364999771118164,11.149999618530272,11.295000076293944,77000
2003-01-09,11.25,11.350000381469728,11.130000114440918,11.265000343322754,36000
2003-01-10,11.3149995803833,11.364999771118164,11.229999542236328,11.25,107200
2003-01-13,11.380000114440918,11.460000038146973,11.300000190734863,11.324999809265137,116000
2003-01-14,11.255000114440918,11.4350004196167,11.234999656677246,11.390000343322754,73600
2003-01-15,11.15999984741211,11.350000381469728,11.15999984741211,11.289999961853027,49800
2003-01-16,11.145000457763672,11.210000038146973,11.135000228881836,11.135000228881836,43400
2003-01-17,11.085000038146973,11.140000343322754,11.039999961853027,11.109999656677246,33400
2003-01-21,11.0600004196167,11.225000381469728,11.050000190734863,11.204999923706056,48400
2003-01-22,11.03499984741211,11.135000228881836,10.949999809265137,11.029999732971191,63200
2003-01-23,11.140000343322754,11.225000381469728,11.024999618530272,11.225000381469728,52000
2003-01-24,10.949999809265137,11.109999656677246,10.899999618530272,11.109999656677246,95200
2003-01-27,10.649999618530272,10.789999961853027,10.645000457763672,10.789999961853027,190400
2003-01-28,10.53499984741211,10.725000381469728,10.5,10.699999809265137,79400
2003-01-29,10.515000343322754,10.53499984741211,10.25,10.40999984741211,114000
2003-01-30,10.46500015258789,10.635000228881836,10.359999656677246,10.539999961853027,61400
2003-01-31,10.654999732971191,10.68000030517578,10.414999961853027,10.449999809265137,88000
2003-02-03,10.80500030517578,10.81999969482422,10.579999923706056,10.654999732971191,65200
2003-02-04,10.835000038146973,10.885000228881836,10.720000267028809,10.78499984741211,84800
2003-02-05,10.720000267028809,10.854999542236328,10.720000267028809,10.854999542236328,92800
2003-02-06,10.68000030517578,10.729999542236328,10.630000114440918,10.725000381469728,26400
2003-02-07,10.630000114440918,10.770000457763672,10.630000114440918,10.71500015258789,27200
2003-02-10,10.46500015258789,10.579999923706056,10.425000190734863,10.579999923706056,45400
2003-02-11,10.529999732971191,10.635000228881836,10.479999542236328,10.489999771118164,43800
2003-02-12,10.595000267028809,10.640000343322754,10.5,10.5,74200
2003-02-13,10.904999732971191,10.94499969482422,10.625,10.645000457763672,68600
2003-02-14,11.0,11.0600004196167,10.885000228881836,10.885000228881836,62800
2003-02-18,11.350000381469728,11.484999656677246,11.274999618530272,11.274999618530272,103200
2003-02-19,11.170000076293944,11.28499984741211,11.170000076293944,11.274999618530272,59200
2003-02-20,11.244999885559082,11.300000190734863,11.145000457763672,11.220000267028809,77600
2003-02-21,11.19499969482422,11.239999771118164,11.140000343322754,11.234999656677246,34600
2003-02-24,11.125,11.25,11.085000038146973,11.25,39400
2003-02-25,11.399999618530272,11.40999984741211,10.979999542236328,11.125,126000
2003-02-26,11.255000114440918,11.390000343322754,11.220000267028809,11.329999923706056,119600
2003-02-27,11.545000076293944,11.635000228881836,11.385000228881836,11.385000228881836,281800
2003-02-28,11.274999618530272,11.625,11.255000114440918,11.579999923706056,273000
2003-03-03,11.045000076293944,11.324999809265137,10.954999923706056,11.28499984741211,258800
2003-03-04,10.899999618530272,11.100000381469728,10.869999885559082,11.020000457763672,239800
2003-03-05,11.03499984741211,11.125,10.895000457763672,10.904999732971191,126600
2003-03-06,10.854999542236328,10.994999885559082,10.850000381469728,10.96500015258789,134200
2003-03-07,10.895000457763672,10.970000267028809,10.774999618530272,10.84000015258789,137200
2003-03-10,10.84000015258789,10.890000343322754,10.704999923706056,10.890000343322754,170600
2003-03-11,10.920000076293944,11.020000457763672,10.8149995803833,10.875,85800
2003-03-12,10.765000343322754,10.984999656677246,10.670000076293944,10.81999969482422,144200
2003-03-13,10.899999618530272,10.975000381469728,10.8149995803833,10.845000267028809,82600
2003-03-14,11.15999984741211,11.170000076293944,10.914999961853027,10.914999961853027,92000
2003-03-17,11.369999885559082,11.449999809265137,11.039999961853027,11.050000190734863,345400
2003-03-18,11.260000228881836,11.44499969482422,11.225000381469728,11.329999923706056,193400
2003-03-19,11.265000343322754,11.28499984741211,11.145000457763672,11.1899995803833,100400
2003-03-20,11.380000114440918,11.43000030517578,11.21500015258789,11.21500015258789,107400
2003-03-21,11.524999618530272,11.550000190734863,11.375,11.414999961853027,134600
2003-03-24,11.4399995803833,11.489999771118164,11.354999542236328,11.489999771118164,114600
2003-03-25,11.329999923706056,11.4399995803833,11.199999809265137,11.4399995803833,160600
2003-03-26,11.34000015258789,11.46500015258789,11.289999961853027,11.399999618530272,153400
2003-03-27,11.375,11.44499969482422,11.28499984741211,11.3149995803833,95600
2003-03-28,11.25,11.359999656677246,11.1899995803833,11.274999618530272,73200
2003-03-31,11.079999923706056,11.149999618530272,11.03499984741211,11.149999618530272,139800
2003-04-01,11.03499984741211,11.170000076293944,10.970000267028809,11.104999542236328,175000
2003-04-02,11.274999618530272,11.31999969482422,11.100000381469728,11.145000457763672,147400
2003-04-03,11.135000228881836,11.18000030517578,11.09000015258789,11.149999618530272,87000
2003-04-04,11.170000076293944,11.244999885559082,11.039999961853027,11.140000343322754,241200
2003-04-07,11.135000228881836,11.25,11.109999656677246,11.220000267028809,184200
2003-04-08,11.395000457763672,11.395000457763672,11.170000076293944,11.170000076293944,121200
2003-04-09,11.46500015258789,11.5,11.350000381469728,11.350000381469728,85800
2003-04-10,11.654999732971191,11.664999961853027,11.460000038146973,11.545000076293944,145400
2003-04-11,11.734999656677246,11.774999618530272,11.635000228881836,11.645000457763672,104400
2003-04-14,11.800000190734863,11.800000190734863,11.670000076293944,11.75,67400
2003-04-15,11.920000076293944,11.94499969482422,11.765000343322754,11.779999732971191,119600
2003-04-16,11.755000114440918,11.970000267028809,11.755000114440918,11.899999618530272,71000
2003-04-17,11.93000030517578,11.954999923706056,11.75,11.774999618530272,90200
2003-04-21,11.920000076293944,11.984999656677246,11.829999923706056,11.829999923706056,30400
2003-04-22,12.109999656677246,12.109999656677246,11.869999885559082,11.93000030517578,115800
2003-04-23,12.050000190734863,12.125,12.020000457763672,12.050000190734863,173800
2003-04-24,11.789999961853027,11.949999809265137,11.78499984741211,11.949999809265137,86000
2003-04-25,11.6850004196167,11.78499984741211,11.600000381469728,11.725000381469728,177200
2003-04-28,11.69499969482422,11.81999969482422,11.68000030517578,11.81999969482422,121000
2003-04-29,11.664999961853027,11.779999732971191,11.654999732971191,11.704999923706056,110200
2003-04-30,11.795000076293944,11.824999809265137,11.725000381469728,11.725000381469728,120800
2003-05-01,12.039999961853027,12.0649995803833,11.850000381469728,11.875,158800
2003-05-02,12.154999732971191,12.1899995803833,12.010000228881836,12.010000228881836,241400
2003-05-05,12.359999656677246,12.395000457763672,12.1899995803833,12.1899995803833,120600
2003-05-06,12.619999885559082,12.630000114440918,12.364999771118164,12.364999771118164,185400
2003-05-07,12.369999885559082,12.524999618530272,12.354999542236328,12.5,96200
2003-05-08,12.3100004196167,12.460000038146973,12.260000228881836,12.425000190734863,108000
2003-05-09,12.475000381469728,12.484999656677246,12.274999618530272,12.274999618530272,72400
2003-05-12,12.630000114440918,12.640000343322754,12.425000190734863,12.425000190734863,321800
2003-05-13,12.635000228881836,12.75,12.524999618530272,12.524999618530272,47200
2003-05-14,12.829999923706056,12.869999885559082,12.585000038146973,12.645000457763672,152400
2003-05-15,13.085000038146973,13.234999656677246,12.885000228881836,12.885000228881836,164400
2003-05-16,13.359999656677246,13.385000228881836,13.170000076293944,13.170000076293944,200600
2003-05-19,13.104999542236328,13.414999961853027,13.074999809265137,13.414999961853027,164800
2003-05-20,13.574999809265137,13.619999885559082,13.34000015258789,13.359999656677246,197000
2003-05-21,13.494999885559082,13.574999809265137,13.420000076293944,13.550000190734863,79800
2003-05-22,12.960000038146973,13.5,12.93000030517578,13.5,356600
2003-05-23,12.854999542236328,12.890000343322754,12.625,12.885000228881836,332200
2003-05-27,12.960000038146973,12.989999771118164,12.824999809265137,12.895000457763672,158800
2003-05-28,12.824999809265137,12.975000381469728,12.795000076293944,12.920000076293944,152400
2003-05-29,12.875,13.045000076293944,12.78499984741211,12.885000228881836,103200
2003-05-30,12.869999885559082,13.029999732971191,12.8100004196167,12.899999618530272,348800
2003-06-02,12.984999656677246,13.039999961853027,12.80500030517578,12.80500030517578,138600
2003-06-03,12.975000381469728,13.005000114440918,12.854999542236328,13.0,737400
2003-06-04,13.46500015258789,13.5,13.05500030517578,13.074999809265137,132800
2003-06-05,13.704999923706056,13.744999885559082,13.425000190734863,13.5,142000
2003-06-06,13.56999969482422,13.854999542236328,13.55500030517578,13.80500030517578,142000
2003-06-09,13.399999618530272,13.524999618530272,13.3100004196167,13.524999618530272,134000
2003-06-10,13.640000343322754,13.649999618530272,13.414999961853027,13.425000190734863,142400
2003-06-11,13.949999809265137,13.984999656677246,13.664999961853027,13.729999542236328,108800
2003-06-12,14.050000190734863,14.100000381469728,13.885000228881836,13.975000381469728,101400
2003-06-13,14.09000015258789,14.154999732971191,13.949999809265137,14.024999618530272,155000
2003-06-16,14.28499984741211,14.354999542236328,14.09000015258789,14.09000015258789,106200
2003-06-17,14.170000076293944,14.199999809265137,14.09000015258789,14.1899995803833,133400
2003-06-18,14.130000114440918,14.170000076293944,14.06999969482422,14.135000228881836,47800
2003-06-19,14.050000190734863,14.125,13.869999885559082,13.975000381469728,228200
2003-06-20,13.975000381469728,14.079999923706056,13.859999656677246,14.03499984741211,138400
2003-06-23,14.0,14.05500030517578,13.93000030517578,13.994999885559082,129800
2003-06-24,13.96500015258789,14.020000457763672,13.9399995803833,13.954999923706056,176800
2003-06-25,13.994999885559082,14.164999961853027,13.920000076293944,14.020000457763672,77400
2003-06-26,13.835000038146973,13.9399995803833,13.699999809265137,13.895000457763672,257800
2003-06-27,13.9399995803833,13.954999923706056,13.789999961853027,13.835000038146973,93200
2003-06-30,13.890000343322754,13.920000076293944,13.765000343322754,13.850000381469728,54200
2003-07-01,13.81999969482422,13.859999656677246,13.725000381469728,13.859999656677246,30200
2003-07-02,13.859999656677246,13.90999984741211,13.800000190734863,13.875,70000
2003-07-03,13.845000267028809,13.869999885559082,13.710000038146973,13.800000190734863,39200
2003-07-07,13.90999984741211,13.914999961853027,13.774999618530272,13.8100004196167,152800
2003-07-08,13.795000076293944,13.829999923706056,13.675000190734863,13.829999923706056,82000
2003-07-09,13.699999809265137,13.75,13.619999885559082,13.75,60000
2003-07-10,13.645000457763672,13.670000076293944,13.574999809265137,13.619999885559082,120000
2003-07-11,13.744999885559082,13.779999732971191,13.635000228881836,13.635000228881836,53200
2003-07-14,13.850000381469728,13.989999771118164,13.824999809265137,13.824999809265137,92000
2003-07-15,13.69499969482422,13.8100004196167,13.675000190734863,13.8100004196167,70600
2003-07-16,13.69499969482422,13.699999809265137,13.649999618530272,13.6899995803833,79000
2003-07-17,13.614999771118164,13.65999984741211,13.4399995803833,13.574999809265137,95200
2003-07-18,13.31999969482422,13.56999969482422,13.300000190734863,13.56999969482422,71800
2003-07-21,13.300000190734863,13.324999809265137,13.279999732971191,13.300000190734863,65800
2003-07-22,13.300000190734863,13.324999809265137,13.164999961853027,13.260000228881836,122400
2003-07-23,13.5600004196167,13.574999809265137,13.350000381469728,13.350000381469728,79800
2003-07-24,13.539999961853027,13.845000267028809,13.524999618530272,13.550000190734863,109000
2003-07-25,13.78499984741211,13.854999542236328,13.625,13.625,58000
2003-07-28,13.744999885559082,13.890000343322754,13.734999656677246,13.789999961853027,77800
2003-07-29,13.484999656677246,13.75,13.479999542236328,13.75,95400
2003-07-30,13.21500015258789,13.359999656677246,13.119999885559082,13.359999656677246,95800
2003-07-31,13.3149995803833,13.375,13.149999618530272,13.210000038146973,108200
2003-08-01,13.40999984741211,13.425000190734863,13.289999961853027,13.324999809265137,86800
2003-08-04,13.234999656677246,13.414999961853027,13.204999923706056,13.350000381469728,40800
2003-08-05,13.1850004196167,13.359999656677246,13.164999961853027,13.289999961853027,111200
2003-08-06,13.05500030517578,13.140000343322754,12.880000114440918,13.024999618530272,155200
2003-08-07,13.274999618530272,13.300000190734863,13.029999732971191,13.029999732971191,108600
2003-08-08,13.359999656677246,13.449999809265137,13.289999961853027,13.289999961853027,153200
2003-08-11,13.779999732971191,13.829999923706056,13.40999984741211,13.40999984741211,155000
2003-08-12,13.829999923706056,13.899999618530272,13.75,13.779999732971191,57200
2003-08-13,13.989999771118164,14.0,13.84000015258789,13.84000015258789,221200
2003-08-14,13.699999809265137,13.914999961853027,13.625,13.914999961853027,110200
2003-08-15,13.824999809265137,13.824999809265137,13.699999809265137,13.734999656677246,48800
2003-08-18,13.90999984741211,13.925000190734863,13.824999809265137,13.824999809265137,75400
2003-08-19,13.994999885559082,14.079999923706056,13.835000038146973,13.885000228881836,160000
2003-08-20,13.744999885559082,13.9399995803833,13.65999984741211,13.895000457763672,77000
2003-08-21,13.6899995803833,13.829999923706056,13.654999732971191,13.75,135200
2003-08-22,13.579999923706056,13.6899995803833,13.470000267028809,13.6899995803833,80000
2003-08-25,13.734999656677246,13.795000076293944,13.5649995803833,13.595000267028809,70400
2003-08-26,13.93000030517578,14.03499984741211,13.734999656677246,13.734999656677246,114400
2003-08-27,13.9350004196167,13.979999542236328,13.80500030517578,13.9350004196167,78200
2003-08-28,14.100000381469728,14.19499969482422,13.875,13.970000267028809,208600
2003-08-29,14.100000381469728,14.239999771118164,14.024999618530272,14.114999771118164,171400
2003-09-02,14.15999984741211,14.164999961853027,14.03499984741211,14.09000015258789,132400
2003-09-03,14.220000267028809,14.30500030517578,14.18000030517578,14.199999809265137,107600
2003-09-04,14.265000343322754,14.329999923706056,14.15999984741211,14.255000114440918,87000
2003-09-05,14.289999961853027,14.364999771118164,14.1850004196167,14.25,54800
2003-09-08,14.15999984741211,14.274999618530272,14.114999771118164,14.274999618530272,72600
2003-09-09,14.18000030517578,14.244999885559082,14.100000381469728,14.244999885559082,53600
2003-09-10,14.15999984741211,14.265000343322754,14.109999656677246,14.109999656677246,107200
2003-09-11,13.984999656677246,14.149999618530272,13.914999961853027,14.149999618530272,162400
2003-09-12,14.104999542236328,14.175000190734863,13.979999542236328,13.994999885559082,64400
2003-09-15,14.199999809265137,14.210000038146973,14.100000381469728,14.149999618530272,45600
2003-09-16,14.18000030517578,14.1899995803833,14.100000381469728,14.135000228881836,105400
2003-09-17,14.244999885559082,14.274999618530272,14.164999961853027,14.19499969482422,69200
2003-09-18,14.390000343322754,14.399999618530272,14.229999542236328,14.274999618530272,96400
2003-09-19,14.460000038146973,14.595000267028809,14.4399995803833,14.494999885559082,137200
2003-09-22,14.350000381469728,14.475000381469728,14.34000015258789,14.460000038146973,74200
2003-09-23,14.399999618530272,14.449999809265137,14.204999923706056,14.255000114440918,71600
2003-09-24,14.479999542236328,14.484999656677246,14.345000267028809,14.449999809265137,58400
2003-09-25,14.335000038146973,14.449999809265137,14.279999732971191,14.449999809265137,76000
2003-09-26,14.25,14.324999809265137,14.18000030517578,14.324999809265137,113200
2003-09-29,14.25,14.324999809265137,14.220000267028809,14.270000457763672,97400
2003-09-30,14.149999618530272,14.300000190734863,14.145000457763672,14.274999618530272,108600
2003-10-01,14.520000457763672,14.520000457763672,14.210000038146973,14.225000381469728,92200
2003-10-02,14.729999542236328,14.765000343322754,14.494999885559082,14.494999885559082,195600
2003-10-03,14.579999923706056,14.795000076293944,14.53499984741211,14.729999542236328,99400
2003-10-06,14.744999885559082,14.81999969482422,14.59000015258789,14.600000381469728,82600
2003-10-07,15.05500030517578,15.175000190734863,14.845000267028809,14.845000267028809,163200
2003-10-08,15.100000381469728,15.19499969482422,15.050000190734863,15.050000190734863,106800
2003-10-09,15.479999542236328,15.595000267028809,15.300000190734863,15.350000381469728,213400
2003-10-10,15.80500030517578,15.875,15.704999923706056,15.789999961853027,296600
2003-10-13,15.800000190734863,15.859999656677246,15.78499984741211,15.80500030517578,45400
2003-10-14,16.05500030517578,16.06999969482422,15.84000015258789,15.84000015258789,245000
2003-10-15,16.385000228881836,16.530000686645508,16.110000610351562,16.114999771118164,352800
2003-10-16,16.260000228881836,16.385000228881836,16.204999923706055,16.3799991607666,194000
2003-10-17,16.100000381469727,16.225000381469727,16.014999389648438,16.219999313354492,64600
2003-10-20,16.170000076293945,16.190000534057617,16.014999389648438,16.100000381469727,149800
2003-10-21,16.19499969482422,16.299999237060547,16.030000686645508,16.049999237060547,92600
2003-10-22,16.354999542236328,16.415000915527344,16.190000534057617,16.190000534057617,162800
2003-10-23,16.295000076293945,16.325000762939453,16.225000381469727,16.229999542236328,94600
2003-10-24,16.200000762939453,16.325000762939453,16.049999237060547,16.325000762939453,84800
2003-10-27,16.204999923706055,16.350000381469727,16.204999923706055,16.2450008392334,109800
2003-10-28,16.375,16.385000228881836,16.165000915527344,16.209999084472656,73200
2003-10-29,16.645000457763672,16.739999771118164,16.25,16.364999771118164,791800
2003-10-30,16.59000015258789,16.690000534057617,16.40999984741211,16.674999237060547,162000
2003-10-31,16.645000457763672,16.780000686645508,16.56999969482422,16.575000762939453,115000
2003-11-03,16.639999389648438,16.739999771118164,16.600000381469727,16.600000381469727,221600
2003-11-04,16.614999771118164,16.684999465942383,16.545000076293945,16.604999542236328,160800
2003-11-05,16.7549991607666,16.780000686645508,16.59000015258789,16.59000015258789,219000
2003-11-06,16.450000762939453,16.604999542236328,16.424999237060547,16.600000381469727,102400
2003-11-07,16.524999618530273,16.625,16.5,16.579999923706055,78400
2003-11-10,16.360000610351562,16.739999771118164,16.31999969482422,16.600000381469727,146800
2003-11-11,16.360000610351562,16.454999923706055,16.209999084472656,16.3799991607666,152800
2003-11-12,16.415000915527344,16.565000534057617,16.375,16.479999542236328,114200
2003-11-13,16.450000762939453,16.565000534057617,16.420000076293945,16.420000076293945,73800
2003-11-14,16.18000030517578,16.549999237060547,16.174999237060547,16.459999084472656,143200
2003-11-17,16.100000381469727,16.209999084472656,15.949999809265137,16.209999084472656,167600
2003-11-18,15.954999923706056,16.165000915527344,15.890000343322754,16.139999389648438,82400
2003-11-19,16.084999084472656,16.149999618530273,15.9399995803833,15.975000381469728,122000
2003-11-20,16.329999923706055,16.459999084472656,16.125,16.125,113200
2003-11-21,16.434999465942383,16.5,16.344999313354492,16.350000381469727,65600
2003-11-24,16.405000686645508,16.549999237060547,16.239999771118164,16.479999542236328,100200
2003-11-25,16.219999313354492,16.479999542236328,16.125,16.325000762939453,93400
2003-11-26,16.1299991607666,16.295000076293945,15.9350004196167,16.295000076293945,321200
2003-11-28,15.744999885559082,16.125,15.65999984741211,16.125,227400
2003-12-01,15.984999656677246,16.03499984741211,15.8100004196167,15.8100004196167,162400
2003-12-02,16.084999084472656,16.1200008392334,15.984999656677246,16.010000228881836,180400
2003-12-03,16.024999618530273,16.125,16.020000457763672,16.100000381469727,47200
2003-12-04,15.81999969482422,16.065000534057617,15.774999618530272,16.049999237060547,83800
2003-12-05,15.854999542236328,16.0,15.835000038146973,16.0,93000
2003-12-08,15.869999885559082,15.960000038146973,15.795000076293944,15.920000076293944,99800
2003-12-09,15.630000114440918,15.84000015258789,15.625,15.84000015258789,151200
2003-12-10,15.619999885559082,15.699999809265137,15.520000457763672,15.600000381469728,155200
2003-12-11,15.604999542236328,15.6850004196167,15.369999885559082,15.399999618530272,112000
2003-12-12,15.899999618530272,15.9399995803833,15.630000114440918,15.675000190734863,63000
2003-12-15,15.975000381469728,16.104999542236328,15.8100004196167,16.040000915527344,188400
2003-12-16,16.110000610351562,16.139999389648438,15.859999656677246,15.875,178800
2003-12-17,16.229999542236328,16.260000228881836,16.03499984741211,16.049999237060547,241400
2003-12-18,16.239999771118164,16.274999618530273,16.18000030517578,16.260000228881836,121200
2003-12-19,16.084999084472656,16.235000610351562,16.014999389648438,16.174999237060547,83000
2003-12-22,16.2450008392334,16.28499984741211,16.059999465942383,16.059999465942383,193800
2003-12-23,16.290000915527344,16.375,16.174999237060547,16.174999237060547,131200
2003-12-24,16.44499969482422,16.44499969482422,16.34000015258789,16.350000381469727,124600
2003-12-26,16.46500015258789,16.46500015258789,16.375,16.375,26000
2003-12-29,16.610000610351562,16.6200008392334,16.364999771118164,16.405000686645508,65800
2003-12-30,16.795000076293945,16.8799991607666,16.594999313354492,16.604999542236328,105600
2003-12-31,16.709999084472656,16.875,16.65999984741211,16.825000762939453,97400
2004-01-02,16.975000381469727,17.049999237060547,16.795000076293945,16.875,95600
2004-01-05,17.264999389648438,17.315000534057617,17.100000381469727,17.100000381469727,113800
2004-01-06,17.31999969482422,17.31999969482422,17.079999923706055,17.25,184600
2004-01-07,17.030000686645508,17.264999389648438,17.0,17.264999389648438,105600
2004-01-08,16.96500015258789,17.135000228881836,16.815000534057617,17.1299991607666,261000
2004-01-09,16.93000030517578,17.03499984741211,16.8700008392334,16.96500015258789,78400
2004-01-12,16.8799991607666,16.934999465942383,16.815000534057617,16.924999237060547,48000
2004-01-13,17.549999237060547,17.614999771118164,17.420000076293945,17.420000076293945,354000
2004-01-14,17.530000686645508,17.55500030517578,17.28499984741211,17.385000228881836,112600
2004-01-15,17.56999969482422,17.600000381469727,17.40999984741211,17.475000381469727,130200
2004-01-16,17.674999237060547,17.69499969482422,17.469999313354492,17.56999969482422,135200
2004-01-20,17.65999984741211,17.71500015258789,17.274999618530273,17.344999313354492,169400
2004-01-21,17.19499969482422,17.4950008392334,17.065000534057617,17.4950008392334,195800
2004-01-22,17.290000915527344,17.375,17.1299991607666,17.1299991607666,160400
2004-01-23,17.100000381469727,17.329999923706055,16.950000762939453,17.274999618530273,243800
2004-01-26,16.854999542236328,17.065000534057617,16.760000228881836,17.065000534057617,197200
2004-01-27,16.90999984741211,16.959999084472656,16.860000610351562,16.934999465942383,142000
2004-01-28,16.389999389648438,16.71500015258789,16.389999389648438,16.71500015258789,187000
2004-01-29,16.440000534057617,16.485000610351562,16.375,16.459999084472656,239600
2004-01-30,16.360000610351562,16.46500015258789,16.295000076293945,16.46500015258789,86800
2004-02-02,16.43000030517578,16.46500015258789,16.299999237060547,16.309999465942383,100400
2004-02-03,16.479999542236328,16.59000015258789,16.420000076293945,16.5,66600
2004-02-04,16.405000686645508,16.575000762939453,16.3700008392334,16.575000762939453,49600
2004-02-05,16.415000915527344,16.600000381469727,16.385000228881836,16.459999084472656,72400
2004-02-06,16.59000015258789,16.725000381469727,16.469999313354492,16.53499984741211,83400
2004-02-09,16.700000762939453,16.725000381469727,16.614999771118164,16.674999237060547,78400
2004-02-10,16.834999084472656,16.854999542236328,16.69499969482422,16.75,113400
2004-02-11,17.059999465942383,17.145000457763672,16.80500030517578,16.850000381469727,206000
2004-02-12,16.889999389648438,17.065000534057617,16.854999542236328,17.0,81800
2004-02-13,16.93000030517578,17.084999084472656,16.860000610351562,16.975000381469727,84600
2004-02-17,17.170000076293945,17.264999389648438,17.06999969482422,17.149999618530273,112400
2004-02-18,16.795000076293945,17.15999984741211,16.795000076293945,17.125,93600
2004-02-19,16.719999313354492,16.905000686645508,16.704999923706055,16.850000381469727,86400
2004-02-20,16.514999389648438,16.719999313354492,16.450000762939453,16.719999313354492,92200
2004-02-23,16.475000381469727,16.610000610351562,16.450000762939453,16.610000610351562,67600
2004-02-24,16.5049991607666,16.565000534057617,16.459999084472656,16.5049991607666,101200
2004-02-25,16.354999542236328,16.434999465942383,16.329999923706055,16.424999237060547,83600
2004-02-26,16.65999984741211,16.78499984741211,16.549999237060547,16.559999465942383,139400
2004-02-27,16.78499984741211,16.799999237060547,16.549999237060547,16.739999771118164,210400
2004-03-01,16.739999771118164,16.899999618530273,16.735000610351562,16.864999771118164,78600
2004-03-02,16.625,16.795000076293945,16.604999542236328,16.725000381469727,71000
2004-03-03,16.96500015258789,17.0,16.540000915527344,16.559999465942383,139400
2004-03-04,16.9950008392334,17.190000534057617,16.959999084472656,16.96500015258789,152000
2004-03-05,17.270000457763672,17.295000076293945,17.020000457763672,17.020000457763672,104600
2004-03-08,17.420000076293945,17.520000457763672,17.270000457763672,17.270000457763672,151000
2004-03-09,17.549999237060547,17.594999313354492,17.399999618530273,17.424999237060547,141400
2004-03-10,17.440000534057617,17.610000610351562,17.434999465942383,17.575000762939453,193800
2004-03-11,17.399999618530273,17.46500015258789,17.155000686645508,17.25,206800
2004-03-12,17.350000381469727,17.350000381469727,17.19499969482422,17.270000457763672,99200
2004-03-15,17.209999084472656,17.350000381469727,17.200000762939453,17.350000381469727,110800
2004-03-16,17.395000457763672,17.5,17.219999313354492,17.2549991607666,115400
2004-03-17,17.575000762939453,17.665000915527344,17.290000915527344,17.350000381469727,155200
2004-03-18,17.700000762939453,17.75,17.549999237060547,17.559999465942383,88400
2004-03-19,17.684999465942383,17.854999542236328,17.59000015258789,17.600000381469727,102200
2004-03-22,17.575000762939453,17.735000610351562,17.53499984741211,17.604999542236328,85800
2004-03-23,17.315000534057617,17.575000762939453,17.30500030517578,17.565000534057617,159000
2004-03-24,17.1299991607666,17.2549991607666,17.104999542236328,17.2549991607666,66200
2004-03-25,17.44499969482422,17.485000610351562,17.149999618530273,17.149999618530273,59800
2004-03-26,17.405000686645508,17.625,17.405000686645508,17.545000076293945,107200
2004-03-29,17.579999923706055,17.649999618530273,17.4950008392334,17.510000228881836,75800
2004-03-30,17.719999313354492,17.739999771118164,17.5,17.59000015258789,73600
2004-03-31,17.575000762939453,17.75,17.5049991607666,17.649999618530273,64200
2004-04-01,17.725000381469727,17.725000381469727,17.514999389648438,17.549999237060547,76600
2004-04-02,17.96500015258789,18.1299991607666,17.6299991607666,17.739999771118164,110600
2004-04-05,18.2450008392334,18.325000762939453,17.875,17.924999237060547,110000
2004-04-06,18.28499984741211,18.34499931335449,18.19499969482422,18.200000762939453,77600
2004-04-07,18.325000762939453,18.32999992370605,18.09499931335449,18.28499984741211,78000
2004-04-08,17.985000610351562,18.19499969482422,17.885000228881836,18.170000076293945,83000
2004-04-12,17.94499969482422,18.040000915527344,17.899999618530273,17.899999618530273,78000
2004-04-13,17.6200008392334,18.05500030517578,17.579999923706055,17.96500015258789,82400
2004-04-14,17.170000076293945,17.399999618530273,17.05500030517578,17.274999618530273,171200
2004-04-15,16.975000381469727,17.219999313354492,16.795000076293945,17.200000762939453,163000
2004-04-16,17.024999618530273,17.06999969482422,16.96500015258789,16.9950008392334,102600
2004-04-19,17.165000915527344,17.200000762939453,16.950000762939453,17.075000762939453,46800
2004-04-20,16.790000915527344,17.100000381469727,16.78499984741211,17.100000381469727,58600
2004-04-21,16.545000076293945,16.78499984741211,16.5049991607666,16.739999771118164,54000
2004-04-22,16.514999389648438,16.68000030517578,16.43000030517578,16.600000381469727,164400
2004-04-23,16.40999984741211,16.514999389648438,16.299999237060547,16.510000228881836,76600
2004-04-26,16.434999465942383,16.645000457763672,16.375,16.424999237060547,63800
2004-04-27,16.350000381469727,16.475000381469727,16.309999465942383,16.450000762939453,50200
2004-04-28,16.155000686645508,16.309999465942383,15.914999961853027,16.024999618530273,241600
2004-04-29,16.174999237060547,16.375,16.100000381469727,16.235000610351562,96000
2004-04-30,16.1299991607666,16.239999771118164,16.0,16.200000762939453,101000
2004-05-03,16.2450008392334,16.325000762939453,16.174999237060547,16.25,33000
2004-05-04,16.55500030517578,16.59000015258789,16.325000762939453,16.399999618530273,78800
2004-05-05,16.575000762939453,16.604999542236328,16.459999084472656,16.5,48200
2004-05-06,16.469999313354492,16.5049991607666,16.334999084472656,16.475000381469727,94600
2004-05-07,16.170000076293945,16.375,16.110000610351562,16.375,76600
2004-05-10,15.899999618530272,16.010000228881836,15.824999809265137,15.920000076293944,103400
2004-05-11,15.895000457763672,15.989999771118164,15.829999923706056,15.975000381469728,86200
2004-05-12,15.875,15.875,15.630000114440918,15.800000190734863,43000
2004-05-13,15.81999969482422,15.869999885559082,15.654999732971191,15.869999885559082,69800
2004-05-14,15.739999771118164,15.864999771118164,15.725000381469728,15.75,19000
2004-05-17,15.59000015258789,15.824999809265137,15.579999923706056,15.795000076293944,38400
2004-05-18,15.744999885559082,15.765000343322754,15.625,15.625,45000
2004-05-19,16.049999237060547,16.229999542236328,16.0049991607666,16.040000915527344,67600
2004-05-20,16.09000015258789,16.204999923706055,16.024999618530273,16.075000762939453,231600
2004-05-21,16.18000030517578,16.209999084472656,16.049999237060547,16.09000015258789,39800
2004-05-24,16.204999923706055,16.31999969482422,16.165000915527344,16.25,14400
2004-05-25,16.3700008392334,16.385000228881836,16.165000915527344,16.25,32000
2004-05-26,16.260000228881836,16.584999084472656,16.229999542236328,16.565000534057617,71200
2004-05-27,16.43000030517578,16.510000228881836,16.21500015258789,16.459999084472656,112000
2004-05-28,16.774999618530273,16.78499984741211,16.3700008392334,16.424999237060547,69200
2004-06-01,16.71500015258789,16.71500015258789,16.350000381469727,16.5,143200
2004-06-02,16.854999542236328,16.899999618530273,16.7549991607666,16.829999923706055,103200
2004-06-03,16.764999389648438,16.9950008392334,16.764999389648438,16.899999618530273,127800
2004-06-04,17.040000915527344,17.075000762939453,17.0,17.0,92600
2004-06-07,17.170000076293945,17.174999237060547,17.059999465942383,17.139999389648438,50800
2004-06-08,17.264999389648438,17.264999389648438,17.049999237060547,17.049999237060547,49400
2004-06-09,16.885000228881836,17.165000915527344,16.81999969482422,17.110000610351562,123200
2004-06-10,16.7549991607666,16.854999542236328,16.7450008392334,16.854999542236328,46400
2004-06-14,16.450000762939453,16.649999618530273,16.40999984741211,16.649999618530273,94200
2004-06-15,16.385000228881836,16.43000030517578,16.235000610351562,16.3700008392334,78200
2004-06-16,16.329999923706055,16.334999084472656,16.19499969482422,16.28499984741211,81000
2004-06-17,16.415000915527344,16.415000915527344,16.2450008392334,16.309999465942383,58600
2004-06-18,16.270000457763672,16.53499984741211,16.25,16.434999465942383,44200
2004-06-21,16.239999771118164,16.309999465942383,16.19499969482422,16.290000915527344,58000
2004-06-22,16.364999771118164,16.454999923706055,16.274999618530273,16.30500030517578,256800
2004-06-23,16.40999984741211,16.4950008392334,16.295000076293945,16.4950008392334,118200
2004-06-24,16.385000228881836,16.59000015258789,16.385000228881836,16.524999618530273,43600
2004-06-25,16.290000915527344,16.440000534057617,16.280000686645508,16.385000228881836,72000
2004-06-28,16.28499984741211,16.399999618530273,16.274999618530273,16.329999923706055,220800
2004-06-29,16.149999618530273,16.3799991607666,16.05500030517578,16.295000076293945,202600
2004-06-30,16.09000015258789,16.174999237060547,15.904999732971191,16.125,189200
2004-07-01,16.139999389648438,16.235000610351562,15.970000267028809,16.104999542236328,64200
2004-07-02,16.225000381469727,16.354999542236328,16.03499984741211,16.139999389648438,109000
2004-07-06,16.299999237060547,16.405000686645508,16.139999389648438,16.405000686645508,54800
2004-07-07,16.360000610351562,16.5,16.299999237060547,16.299999237060547,85600
2004-07-08,16.325000762939453,16.405000686645508,16.239999771118164,16.395000457763672,67200
2004-07-09,16.540000915527344,16.545000076293945,16.315000534057617,16.315000534057617,95800
2004-07-12,16.55500030517578,16.575000762939453,16.405000686645508,16.55500030517578,52600
2004-07-13,16.645000457763672,16.645000457763672,16.3799991607666,16.485000610351562,66000
2004-07-14,16.65999984741211,16.75,16.53499984741211,16.53499984741211,73200
2004-07-15,16.364999771118164,16.639999389648438,16.364999771118164,16.639999389648438,55600
2004-07-16,16.3700008392334,16.604999542236328,16.299999237060547,16.575000762939453,47600
2004-07-19,16.59000015258789,16.600000381469727,16.399999618530273,16.40999984741211,76200
2004-07-20,16.635000228881836,16.65999984741211,16.399999618530273,16.485000610351562,103800
2004-07-21,16.6200008392334,16.700000762939453,16.520000457763672,16.584999084472656,61800
2004-07-22,16.684999465942383,16.799999237060547,16.59000015258789,16.59000015258789,92200
2004-07-23,16.645000457763672,16.729999542236328,16.579999923706055,16.684999465942383,52800
2004-07-26,16.389999389648438,16.649999618530273,16.354999542236328,16.575000762939453,66800
2004-07-27,16.329999923706055,16.399999618530273,16.225000381469727,16.354999542236328,118200
2004-07-28,16.420000076293945,16.479999542236328,16.30500030517578,16.350000381469727,74400
2004-07-29,16.690000534057617,16.690000534057617,16.454999923706055,16.485000610351562,38200
2004-07-30,16.670000076293945,16.739999771118164,16.59000015258789,16.65999984741211,62000
2004-08-02,16.559999465942383,16.559999465942383,16.524999618530273,16.549999237060547,43200
2004-08-03,16.864999771118164,16.915000915527344,16.684999465942383,16.684999465942383,97000
2004-08-04,16.7549991607666,16.924999237060547,16.75,16.764999389648438,66400
2004-08-05,16.489999771118164,16.739999771118164,16.46500015258789,16.719999313354492,40800
2004-08-06,16.424999237060547,16.68000030517578,16.354999542236328,16.549999237060547,76400
2004-08-09,16.264999389648438,16.46500015258789,16.229999542236328,16.44499969482422,73000
2004-08-10,16.459999084472656,16.459999084472656,16.270000457763672,16.290000915527344,108200
2004-08-11,16.420000076293945,16.43000030517578,16.299999237060547,16.350000381469727,12000
2004-08-12,16.31999969482422,16.459999084472656,16.290000915527344,16.3700008392334,67400
2004-08-13,16.71500015258789,16.71500015258789,16.46500015258789,16.4950008392334,56400
2004-08-16,16.905000686645508,16.924999237060547,16.649999618530273,16.649999618530273,53400
2004-08-17,16.989999771118164,17.03499984741211,16.934999465942383,16.940000534057617,69200
2004-08-18,16.885000228881836,16.989999771118164,16.84000015258789,16.950000762939453,38400
2004-08-19,17.010000228881836,17.059999465942383,16.760000228881836,16.875,94600
2004-08-20,17.049999237060547,17.104999542236328,16.959999084472656,17.010000228881836,36200
2004-08-23,17.03499984741211,17.09000015258789,16.950000762939453,17.0,50000
2004-08-24,17.594999313354492,17.649999618530273,17.315000534057617,17.315000534057617,250400
2004-08-25,17.084999084472656,17.395000457763672,17.03499984741211,17.389999389648438,365800
2004-08-26,16.674999237060547,16.954999923706055,16.594999313354492,16.954999923706055,645200
2004-08-27,17.079999923706055,17.079999923706055,16.864999771118164,16.899999618530273,464400
2004-08-30,17.260000228881836,17.31999969482422,17.0049991607666,17.079999923706055,298800
2004-08-31,17.389999389648438,17.395000457763672,17.15999984741211,17.239999771118164,108400
2004-09-01,17.420000076293945,17.454999923706055,17.30500030517578,17.389999389648438,126600
2004-09-02,17.344999313354492,17.475000381469727,17.344999313354492,17.40999984741211,263800
2004-09-03,17.520000457763672,17.520000457763672,17.290000915527344,17.325000762939453,96800
2004-09-07,17.7549991607666,17.770000457763672,17.559999465942383,17.559999465942383,158800
2004-09-08,17.645000457763672,17.71500015258789,17.59000015258789,17.59000015258789,139600
2004-09-09,17.7549991607666,17.795000076293945,17.594999313354492,17.649999618530273,174600
2004-09-10,17.735000610351562,17.829999923706055,17.65999984741211,17.760000228881836,60200
2004-09-13,17.895000457763672,17.924999237060547,17.65999984741211,17.700000762939453,108800
2004-09-14,17.825000762939453,17.920000076293945,17.760000228881836,17.760000228881836,216800
2004-09-15,17.600000381469727,17.725000381469727,17.559999465942383,17.725000381469727,142200
2004-09-16,17.920000076293945,17.920000076293945,17.610000610351562,17.625,158400
2004-09-17,17.959999084472656,17.9950008392334,17.75,17.774999618530273,163800
2004-09-20,17.915000915527344,17.959999084472656,17.81999969482422,17.84000015258789,187400
2004-09-21,18.165000915527344,18.165000915527344,17.915000915527344,17.915000915527344,220800
2004-09-22,18.30500030517578,18.31999969482422,18.14999961853028,18.165000915527344,194400
2004-09-23,18.309999465942383,18.350000381469727,18.21500015258789,18.25,148800
2004-09-24,18.28499984741211,18.3799991607666,18.1299991607666,18.309999465942383,252400
2004-09-27,18.155000686645508,18.26499938964844,18.09000015258789,18.200000762939453,107400
2004-09-28,18.02499961853028,18.165000915527344,18.02499961853028,18.100000381469727,117800
2004-09-29,18.174999237060547,18.18000030517578,17.985000610351562,18.084999084472656,115000
2004-09-30,18.145000457763672,18.270000457763672,18.049999237060547,18.100000381469727,131200
2004-10-01,18.479999542236328,18.489999771118164,18.25,18.25,243200
2004-10-04,18.479999542236328,18.51499938964844,18.354999542236328,18.38999938964844,142600
2004-10-05,18.64999961853028,18.70499992370605,18.450000762939453,18.479999542236328,139800
2004-10-06,18.71500015258789,18.75,18.625,18.64999961853028,201800
2004-10-07,18.68000030517578,18.875,18.674999237060547,18.780000686645508,145200
2004-10-08,18.920000076293945,19.0,18.84000015258789,18.84000015258789,133600
2004-10-11,18.80500030517578,18.950000762939453,18.799999237060547,18.950000762939453,23800
2004-10-12,19.05500030517578,19.05500030517578,18.78499984741211,18.81999969482422,129200
2004-10-13,19.145000457763672,19.174999237060547,18.98500061035156,19.0,147200
2004-10-14,19.270000457763672,19.5049991607666,19.14999961853028,19.14999961853028,201000
2004-10-15,19.6200008392334,19.674999237060547,19.14999961853028,19.270000457763672,183600
2004-10-18,19.40999984741211,19.89999961853028,19.39999961853028,19.6200008392334,140400
2004-10-19,19.28499984741211,19.76499938964844,19.25,19.575000762939453,177600
2004-10-20,19.38999938964844,19.520000457763672,19.325000762939453,19.39999961853028,232600
2004-10-21,19.5,19.540000915527344,19.299999237060547,19.424999237060547,197800
2004-10-22,19.5049991607666,19.739999771118164,19.48500061035156,19.5,191600
2004-10-25,19.405000686645508,19.559999465942383,19.21999931335449,19.520000457763672,196200
2004-10-26,19.53499984741211,19.68000030517578,19.30500030517578,19.30500030517578,175200
2004-10-27,19.56999969482422,19.6200008392334,19.415000915527344,19.549999237060547,158400
2004-10-28,19.834999084472656,19.8700008392334,19.565000534057617,19.565000534057617,204400
2004-10-29,20.09000015258789,20.13999938964844,19.84499931335449,19.8700008392334,172200
2004-11-01,19.809999465942383,19.934999465942383,19.75,19.934999465942383,140200
2004-11-02,19.8700008392334,19.93000030517578,19.780000686645508,19.815000534057617,211400
2004-11-03,19.98500061035156,20.25,19.98500061035156,20.200000762939453,128400
2004-11-04,19.975000381469727,20.09000015258789,19.90999984741211,20.020000457763672,116200
2004-11-05,20.165000915527344,20.200000762939453,20.030000686645508,20.030000686645508,321200
2004-11-08,20.1299991607666,20.14999961853028,20.049999237060547,20.11000061035156,2835400
2004-11-09,20.09499931335449,20.225000381469727,19.9950008392334,20.114999771118164,315200
2004-11-10,20.020000457763672,20.14999961853028,20.0049991607666,20.049999237060547,157800
2004-11-11,20.065000534057617,20.104999542236328,19.96500015258789,20.0,127800
2004-11-12,20.0,20.165000915527344,19.950000762939453,20.05500030517578,175200
2004-11-15,20.104999542236328,20.200000762939453,19.905000686645508,19.924999237060547,493000
2004-11-16,20.184999465942383,20.2450008392334,20.07999992370605,20.11000061035156,133800
2004-11-17,20.309999465942383,20.48500061035156,20.27499961853028,20.44499969482422,169800
2004-11-18,20.045000076293945,20.309999465942383,19.920000076293945,20.309999465942383,370400
2004-11-19,20.075000762939453,20.1299991607666,19.959999084472656,20.059999465942383,260400
2004-11-22,20.190000534057617,20.21999931335449,20.07999992370605,20.145000457763672,254400
2004-11-23,19.864999771118164,20.209999084472656,19.834999084472656,20.209999084472656,140600
2004-11-24,19.854999542236328,19.864999771118164,19.5,19.864999771118164,165800
2004-11-26,20.34000015258789,20.375,20.07999992370605,20.145000457763672,141800
2004-11-29,20.14999961853028,20.2450008392334,20.11000061035156,20.225000381469727,123200
2004-11-30,20.104999542236328,20.125,19.8799991607666,20.09000015258789,358600
2004-12-01,20.420000076293945,20.424999237060547,20.174999237060547,20.190000534057617,200400
2004-12-02,20.540000915527344,20.63500022888184,20.44499969482422,20.44499969482422,218000
2004-12-03,20.645000457763672,20.64999961853028,20.354999542236328,20.4950008392334,142200
2004-12-06,20.51499938964844,20.565000534057617,20.34000015258789,20.520000457763672,386800
2004-12-07,20.43000030517578,20.46999931335449,20.350000381469727,20.45499992370605,141800
2004-12-08,20.30500030517578,20.315000534057617,20.0,20.13999938964844,110200
2004-12-09,20.21999931335449,20.28499984741211,20.0049991607666,20.13500022888184,143400
2004-12-10,20.09000015258789,20.174999237060547,20.0,20.09000015258789,129000
2004-12-13,20.18000030517578,20.18000030517578,19.940000534057617,20.0,149200
2004-12-14,19.975000381469727,19.989999771118164,19.76000022888184,19.88500022888184,252600
2004-12-15,20.084999084472656,20.100000381469727,19.94499969482422,19.94499969482422,145600
2004-12-16,19.98500061035156,20.065000534057617,19.950000762939453,20.049999237060547,132600
2004-12-17,20.15999984741211,20.21999931335449,20.03499984741211,20.155000686645508,196600
2004-12-20,20.11000061035156,20.21500015258789,19.924999237060547,19.924999237060547,175400
2004-12-21,20.20499992370605,20.28499984741211,20.15999984741211,20.15999984741211,90200
2004-12-22,20.059999465942383,20.15999984741211,20.0049991607666,20.075000762939453,113200
2004-12-23,20.01000022888184,20.114999771118164,19.96500015258789,20.059999465942383,125400
2004-12-27,19.934999465942383,20.14999961853028,19.934999465942383,20.02499961853028,82600
2004-12-28,20.125,20.19499969482422,19.93000030517578,19.93000030517578,108600
2004-12-29,20.52499961853028,20.530000686645508,20.184999465942383,20.184999465942383,223800
2004-12-30,20.73500061035156,20.7549991607666,20.479999542236328,20.549999237060547,183800
2004-12-31,20.84000015258789,20.84499931335449,20.71999931335449,20.73500061035156,145400
2005-01-03,20.51499938964844,20.84000015258789,20.43000030517578,20.84000015258789,78600
2005-01-04,20.40999984741211,20.475000381469727,20.325000762939453,20.450000762939453,134600
2005-01-05,20.14999961853028,20.354999542236328,20.14999961853028,20.325000762939453,69200
2005-01-06,19.920000076293945,20.075000762939453,19.875,20.02499961853028,300800
2005-01-07,19.77499961853028,20.170000076293945,19.625,20.114999771118164,165200
2005-01-10,20.049999237060547,20.114999771118164,19.82999992370605,19.864999771118164,132600
2005-01-11,19.96500015258789,20.200000762939453,19.934999465942383,20.06999969482422,355000
2005-01-12,20.23500061035156,20.295000076293945,20.14999961853028,20.18000030517578,309000
2005-01-13,20.145000457763672,20.15999984741211,20.059999465942383,20.15999984741211,210000
2005-01-14,19.95499992370605,20.0,19.850000381469727,19.8799991607666,176200
2005-01-18,20.02499961853028,20.075000762939453,19.7450008392334,19.82999992370605,789000
2005-01-19,19.98500061035156,20.01499938964844,19.90999984741211,20.01499938964844,84600
2005-01-20,20.01499938964844,20.03499984741211,19.84499931335449,19.86000061035156,213200
2005-01-21,20.075000762939453,20.299999237060547,20.06999969482422,20.170000076293945,344000
2005-01-24,19.93000030517578,20.075000762939453,19.8799991607666,20.0,291800
2005-01-25,19.80500030517578,19.82999992370605,19.71999931335449,19.809999465942383,202200
2005-01-26,19.934999465942383,20.030000686645508,19.850000381469727,19.850000381469727,104200
2005-01-27,19.850000381469727,19.95499992370605,19.799999237060547,19.850000381469727,128200
2005-01-28,19.489999771118164,19.76499938964844,19.46500015258789,19.76000022888184,139600
2005-01-31,19.459999084472656,19.5,19.364999771118164,19.5,141400
2005-02-01,19.65999984741211,19.674999237060547,19.395000457763672,19.395000457763672,177800
2005-02-02,19.73500061035156,19.76000022888184,19.540000915527344,19.65999984741211,135800
2005-02-03,19.6200008392334,19.63500022888184,19.530000686645508,19.61000061035156,83000
2005-02-04,19.479999542236328,19.520000457763672,19.39999961853028,19.520000457763672,123600
2005-02-07,19.780000686645508,19.834999084472656,19.375,19.479999542236328,404600
2005-02-08,19.799999237060547,19.854999542236328,19.7450008392334,19.780000686645508,193200
2005-02-09,19.77499961853028,19.82999992370605,19.73500061035156,19.77499961853028,190000
2005-02-10,20.049999237060547,20.07999992370605,19.799999237060547,19.799999237060547,208800
2005-02-11,20.084999084472656,20.14999961853028,20.0,20.0,204200
2005-02-14,20.21500015258789,20.229999542236328,20.104999542236328,20.114999771118164,101600
2005-02-15,20.31999969482422,20.36000061035156,20.15999984741211,20.165000915527344,122600
2005-02-16,20.25,20.420000076293945,20.14999961853028,20.325000762939453,136000
2005-02-17,20.440000534057617,20.44499969482422,20.23500061035156,20.28499984741211,263600
2005-02-18,20.434999465942383,20.520000457763672,20.34499931335449,20.39999961853028,187600
2005-02-22,20.415000915527344,20.565000534057617,20.415000915527344,20.450000762939453,358800
2005-02-23,20.295000076293945,20.309999465942383,20.084999084472656,20.209999084472656,218400
2005-02-24,20.18000030517578,20.21999931335449,19.8700008392334,20.21999931335449,678600
2005-02-25,20.299999237060547,20.5,20.18000030517578,20.18000030517578,256200
2005-02-28,20.46999931335449,20.59000015258789,20.395000457763672,20.549999237060547,305000
2005-03-01,20.38999938964844,20.59000015258789,20.350000381469727,20.5049991607666,4461200
2005-03-02,20.625,20.665000915527344,20.334999084472656,20.479999542236328,3108600
2005-03-03,20.63500022888184,20.71999931335449,20.55500030517578,20.559999465942383,778400
2005-03-04,20.549999237060547,20.84000015258789,20.5049991607666,20.700000762939453,2105200
2005-03-07,20.450000762939453,20.600000381469727,20.43000030517578,20.4950008392334,2238400
2005-03-08,20.795000076293945,20.875,20.55500030517578,20.6200008392334,3029800
2005-03-09,20.799999237060547,20.94499969482422,20.700000762939453,20.700000762939453,1770800
2005-03-10,20.80500030517578,20.96500015258789,20.799999237060547,20.854999542236328,863000
2005-03-11,20.780000686645508,20.8700008392334,20.7450008392334,20.7450008392334,1093600
2005-03-14,20.76499938964844,20.850000381469727,20.71500015258789,20.809999465942383,1001600
2005-03-15,20.63999938964844,20.81999969482422,20.63999938964844,20.75,1085800
2005-03-16,20.670000076293945,20.799999237060547,20.665000915527344,20.7450008392334,1376400
2005-03-17,20.645000457763672,20.71500015258789,20.625,20.655000686645508,1367600
2005-03-18,20.565000534057617,20.7450008392334,20.549999237060547,20.549999237060547,1004000
2005-03-21,20.46999931335449,20.600000381469727,20.43000030517578,20.600000381469727,304000
2005-03-22,20.479999542236328,20.75,20.450000762939453,20.545000076293945,571800
2005-03-23,20.2450008392334,20.38999938964844,20.2450008392334,20.309999465942383,518200
2005-03-24,20.21500015258789,20.39999961853028,20.21500015258789,20.354999542236328,517200
2005-03-28,20.20499992370605,20.270000457763672,20.100000381469727,20.190000534057617,410600
2005-03-29,20.32999992370605,20.45499992370605,20.299999237060547,20.30500030517578,421600
2005-03-30,20.334999084472656,20.415000915527344,20.2549991607666,20.34499931335449,147400
2005-03-31,20.674999237060547,20.73500061035156,20.530000686645508,20.559999465942383,440400
2005-04-01,20.545000076293945,20.7549991607666,20.434999465942383,20.71500015258789,265800
2005-04-04,20.440000534057617,20.479999542236328,20.295000076293945,20.3700008392334,177400
2005-04-05,20.64999961853028,20.64999961853028,20.44499969482422,20.5049991607666,205000
2005-04-06,20.545000076293945,20.64999961853028,20.44499969482422,20.575000762939453,293600
2005-04-07,20.364999771118164,20.559999465942383,20.299999237060547,20.46999931335449,253600
2005-04-08,20.38999938964844,20.459999084472656,20.23500061035156,20.270000457763672,275600
2005-04-11,20.3799991607666,20.43000030517578,20.30500030517578,20.350000381469727,216200
2005-04-12,20.450000762939453,20.5049991607666,20.299999237060547,20.420000076293945,226600
2005-04-13,20.57999992370605,20.674999237060547,20.450000762939453,20.450000762939453,300800
2005-04-14,20.38500022888184,20.51000022888184,20.32999992370605,20.434999465942383,134200
2005-04-15,20.1299991607666,20.440000534057617,20.125,20.38500022888184,240400
2005-04-18,20.07999992370605,20.25,20.01000022888184,20.020000457763672,165400
2005-04-19,20.125,20.25,19.9950008392334,20.13999938964844,682400
2005-04-20,19.905000686645508,20.104999542236328,19.895000457763672,19.93000030517578,254400
2005-04-21,19.88999938964844,20.0,19.81999969482422,19.959999084472656,516600
2005-04-22,19.920000076293945,20.049999237060547,19.875,19.924999237060547,210800
2005-04-25,19.895000457763672,19.940000534057617,19.834999084472656,19.84499931335449,244800
2005-04-26,19.850000381469727,19.895000457763672,19.78499984741211,19.834999084472656,213800
2005-04-27,19.94499969482422,19.9950008392334,19.809999465942383,19.82999992370605,263200
2005-04-28,20.100000381469727,20.1200008392334,19.875,19.895000457763672,264400
2005-04-29,19.9950008392334,20.18000030517578,19.920000076293945,20.114999771118164,667000
2005-05-02,20.09499931335449,20.14999961853028,20.01000022888184,20.030000686645508,674200
2005-05-03,20.07999992370605,20.1200008392334,20.0,20.0,130000
2005-05-04,20.34499931335449,20.3700008392334,20.114999771118164,20.114999771118164,349000
2005-05-05,20.26499938964844,20.405000686645508,20.23500061035156,20.34000015258789,140800
2005-05-06,20.375,20.420000076293945,20.295000076293945,20.295000076293945,248200
2005-05-09,20.625,20.690000534057617,20.434999465942383,20.434999465942383,464200
2005-05-10,20.690000534057617,20.75,20.665000915527344,20.69499969482422,239200
2005-05-11,20.38999938964844,20.655000686645508,20.350000381469727,20.655000686645508,148600
2005-05-12,20.31999969482422,20.450000762939453,20.18000030517578,20.395000457763672,211200
2005-05-13,20.0049991607666,20.2549991607666,19.959999084472656,20.200000762939453,362000
2005-05-16,20.09499931335449,20.15999984741211,19.96500015258789,19.96500015258789,184400
2005-05-17,20.11000061035156,20.165000915527344,20.045000076293945,20.084999084472656,109200
2005-05-18,20.26499938964844,20.32999992370605,20.19499969482422,20.19499969482422,175800
2005-05-19,20.38999938964844,20.38999938964844,20.225000381469727,20.225000381469727,290200
2005-05-20,20.424999237060547,20.46999931335449,20.26000022888184,20.290000915527344,338600
2005-05-23,20.280000686645508,20.364999771118164,20.174999237060547,20.200000762939453,390800
2005-05-24,20.530000686645508,20.57999992370605,20.405000686645508,20.405000686645508,994000
2005-05-25,20.405000686645508,20.559999465942383,20.375,20.549999237060547,279800
2005-05-26,20.559999465942383,20.59000015258789,20.23500061035156,20.325000762939453,276400
2005-05-27,20.674999237060547,20.854999542236328,20.645000457763672,20.75,524600
2005-05-31,21.26499938964844,21.38999938964844,21.045000076293945,21.114999771118164,1680400
2005-06-01,21.27499961853028,21.459999084472656,21.184999465942383,21.459999084472656,243800
2005-06-02,21.280000686645508,21.420000076293945,21.075000762939453,21.14999961853028,121600
2005-06-03,21.459999084472656,21.46999931335449,21.280000686645508,21.34499931335449,179600
2005-06-06,21.434999465942383,21.4950008392334,21.3700008392334,21.45499992370605,99600
2005-06-07,21.354999542236328,21.61000061035156,21.334999084472656,21.434999465942383,549800
2005-06-08,21.3700008392334,21.575000762939453,21.350000381469727,21.424999237060547,143600
2005-06-09,21.26000022888184,21.375,21.209999084472656,21.31999969482422,138200
2005-06-10,21.28499984741211,21.459999084472656,21.27499961853028,21.424999237060547,95000
2005-06-13,21.165000915527344,21.19499969482422,21.05500030517578,21.19499969482422,234800
2005-06-14,21.0,21.059999465942383,20.895000457763672,21.049999237060547,225600
2005-06-15,21.30500030517578,21.39999961853028,21.065000534057617,21.174999237060547,233200
2005-06-16,21.375,21.479999542236328,21.299999237060547,21.30500030517578,127600
2005-06-17,21.530000686645508,21.565000534057617,21.395000457763672,21.43000030517578,478400
2005-06-20,21.674999237060547,21.674999237060547,21.559999465942383,21.59000015258789,618400
2005-06-21,21.80500030517578,21.9950008392334,21.68000030517578,21.68000030517578,500800
2005-06-22,22.075000762939453,22.2450008392334,21.86000061035156,21.86000061035156,1197200
2005-06-23,22.334999084472656,22.565000534057617,22.07999992370605,22.15999984741211,650800
2005-06-24,22.170000076293945,22.53499984741211,22.170000076293945,22.30500030517578,538400
2005-06-27,22.26000022888184,22.475000381469727,22.174999237060547,22.229999542236328,129800
2005-06-28,22.625,22.790000915527344,22.23500061035156,22.270000457763672,355200
2005-06-29,22.625,22.725000381469727,22.46999931335449,22.6200008392334,143600
2005-06-30,22.30500030517578,22.7450008392334,22.23500061035156,22.674999237060547,229600
2005-07-01,22.155000686645508,22.34499931335449,22.0,22.18000030517578,147400
2005-07-05,21.920000076293945,22.030000686645508,21.875,22.030000686645508,443400
2005-07-06,22.059999465942383,22.15999984741211,21.915000915527344,21.915000915527344,220200
2005-07-07,22.170000076293945,22.299999237060547,21.934999465942383,21.934999465942383,169600
2005-07-08,22.6299991607666,22.68000030517578,22.30500030517578,22.30500030517578,129200
2005-07-11,22.600000381469727,22.86000061035156,22.600000381469727,22.75,152800
2005-07-12,22.90999984741211,23.020000457763672,22.729999542236328,22.76499938964844,190000
2005-07-13,22.950000762939453,23.03499984741211,22.924999237060547,22.940000534057617,111600
2005-07-14,23.07999992370605,23.21999931335449,23.06999969482422,23.1200008392334,104000
2005-07-15,22.915000915527344,23.06999969482422,22.88500022888184,23.065000534057617,63600
2005-07-18,23.155000686645508,23.290000915527344,23.084999084472656,23.084999084472656,106000
2005-07-19,22.95499992370605,23.18000030517578,22.940000534057617,23.075000762939453,121600
2005-07-20,23.20499992370605,23.225000381469727,22.940000534057617,22.95499992370605,252600
2005-07-21,23.3700008392334,23.604999542236328,23.315000534057617,23.325000762939453,131800
2005-07-22,23.270000457763672,23.475000381469727,23.23500061035156,23.3700008392334,731200
2005-07-25,23.325000762939453,23.434999465942383,23.25,23.30500030517578,142400
2005-07-26,23.145000457763672,23.25,22.96999931335449,23.25,179800
2005-07-27,23.13500022888184,23.299999237060547,22.9950008392334,23.045000076293945,665600
2005-07-28,23.045000076293945,23.18000030517578,22.95499992370605,23.145000457763672,193000
2005-07-29,22.854999542236328,23.125,22.790000915527344,23.045000076293945,625400
2005-08-01,22.924999237060547,23.0049991607666,22.795000076293945,22.89999961853028,67600
2005-08-02,23.3799991607666,23.38999938964844,23.049999237060547,23.049999237060547,654000
2005-08-03,22.88500022888184,23.26499938964844,22.64999961853028,22.95499992370605,691200
2005-08-04,22.549999237060547,22.7549991607666,22.375,22.725000381469727,800000
2005-08-05,22.325000762939453,22.51000022888184,22.28499984741211,22.475000381469727,138600
2005-08-08,22.350000381469727,22.51499938964844,22.325000762939453,22.424999237060547,117000
2005-08-09,22.690000534057617,22.799999237060547,22.32999992370605,22.3799991607666,157400
2005-08-10,22.73500061035156,22.959999084472656,22.68000030517578,22.780000686645508,139400
2005-08-11,22.9950008392334,23.09000015258789,22.875,22.875,135800
2005-08-12,23.15999984741211,23.23500061035156,22.979999542236328,23.030000686645508,145600
2005-08-15,23.225000381469727,23.25,23.049999237060547,23.15999984741211,112400
2005-08-16,23.19499969482422,23.450000762939453,23.14999961853028,23.14999961853028,93200
2005-08-17,23.125,23.20499992370605,22.8799991607666,23.03499984741211,74400
2005-08-18,22.7549991607666,23.084999084472656,22.725000381469727,23.065000534057617,124200
2005-08-19,23.100000381469727,23.125,22.850000381469727,22.8799991607666,91200
2005-08-22,23.165000915527344,23.354999542236328,23.075000762939453,23.18000030517578,129800
2005-08-23,23.049999237060547,23.225000381469727,23.049999237060547,23.170000076293945,160800
2005-08-24,23.14999961853028,23.26499938964844,23.059999465942383,23.059999465942383,140800
2005-08-25,23.27499961853028,23.540000915527344,23.14999961853028,23.14999961853028,589000
2005-08-26,23.100000381469727,23.46999931335449,23.045000076293945,23.38999938964844,573200
2005-08-29,23.299999237060547,23.32999992370605,23.030000686645508,23.100000381469727,66200
2005-08-30,23.489999771118164,23.51499938964844,23.114999771118164,23.155000686645508,582200
2005-08-31,23.59499931335449,23.76000022888184,23.45499992370605,23.48500061035156,686800
2005-09-01,23.875,24.049999237060547,23.420000076293945,23.475000381469727,208600
2005-09-02,23.795000076293945,23.875,23.65999984741211,23.690000534057617,650400
2005-09-06,23.850000381469727,23.940000534057617,23.7450008392334,23.795000076293945,705800
2005-09-07,23.89999961853028,23.96999931335449,23.80500030517578,23.81999969482422,863400
2005-09-08,23.799999237060547,23.975000381469727,23.780000686645508,23.924999237060547,697000
2005-09-09,23.915000915527344,24.059999465942383,23.875,23.98500061035156,800000
2005-09-12,23.80500030517578,23.834999084472656,23.674999237060547,23.825000762939453,1037800
2005-09-13,23.8799991607666,23.93000030517578,23.7549991607666,23.7549991607666,732600
2005-09-14,23.84499931335449,24.01499938964844,23.809999465942383,23.8799991607666,738000
2005-09-15,23.739999771118164,23.790000915527344,23.530000686645508,23.790000915527344,770200
2005-09-16,24.0,24.040000915527344,23.84499931335449,23.84499931335449,171200
2005-09-19,24.20499992370605,24.25,23.9950008392334,23.9950008392334,160200
2005-09-20,24.165000915527344,24.40999984741211,24.145000457763672,24.2549991607666,131000
2005-09-21,24.114999771118164,24.21999931335449,24.065000534057617,24.19499969482422,190000
2005-09-22,24.145000457763672,24.299999237060547,24.09499931335449,24.114999771118164,150000
2005-09-23,24.225000381469727,24.32999992370605,24.059999465942383,24.13500022888184,105400
2005-09-26,24.39999961853028,24.475000381469727,24.14999961853028,24.200000762939453,84000
2005-09-27,24.94499969482422,24.94499969482422,24.280000686645508,24.30500030517578,279800
2005-09-28,24.5049991607666,25.065000534057617,24.459999084472656,25.049999237060547,158200
2005-09-29,24.56999969482422,24.76000022888184,24.405000686645508,24.5049991607666,135000
2005-09-30,24.65999984741211,24.89999961853028,24.59499931335449,24.725000381469727,159800
2005-10-03,24.790000915527344,24.875,24.559999465942383,24.70499992370605,94200
2005-10-04,24.71500015258789,24.71500015258789,24.56999969482422,24.63500022888184,535400
2005-10-05,24.334999084472656,24.655000686645508,24.270000457763672,24.64999961853028,614600
2005-10-06,24.15999984741211,24.440000534057617,23.959999084472656,24.434999465942383,186800
2005-10-07,24.2549991607666,24.34000015258789,24.19499969482422,24.209999084472656,85000
2005-10-10,24.27499961853028,24.415000915527344,24.184999465942383,24.2549991607666,40200
2005-10-11,24.049999237060547,24.25,23.959999084472656,24.200000762939453,136000
2005-10-12,24.065000534057617,24.34000015258789,23.96500015258789,24.26000022888184,160800
2005-10-13,24.084999084472656,24.125,23.584999084472656,23.924999237060547,209200
2005-10-14,24.020000457763672,24.09000015258789,23.875,24.07999992370605,121000
2005-10-17,23.9950008392334,24.209999084472656,23.790000915527344,24.15999984741211,152000
2005-10-18,23.920000076293945,24.11000061035156,23.700000762939453,23.82999992370605,110800
2005-10-19,24.030000686645508,24.07999992370605,23.825000762939453,23.920000076293945,193200
2005-10-20,23.7450008392334,24.030000686645508,23.64999961853028,24.030000686645508,260200
2005-10-21,23.48500061035156,23.71999931335449,23.48500061035156,23.63500022888184,135000
2005-10-24,23.40999984741211,23.549999237060547,23.25,23.549999237060547,206800
2005-10-25,23.3700008392334,23.565000534057617,23.299999237060547,23.5,100400
2005-10-26,23.51000022888184,23.614999771118164,23.38500022888184,23.405000686645508,86400
2005-10-27,23.530000686645508,23.709999084472656,23.3799991607666,23.575000762939453,113200
2005-10-28,23.520000457763672,23.55500030517578,23.39999961853028,23.540000915527344,175000
2005-10-31,23.655000686645508,23.799999237060547,23.57999992370605,23.57999992370605,95600
2005-11-01,23.684999465942383,23.7450008392334,23.489999771118164,23.6200008392334,88800
2005-11-02,23.71500015258789,23.76000022888184,23.57999992370605,23.63500022888184,111000
2005-11-03,23.584999084472656,23.76000022888184,23.5,23.7549991607666,129200
2005-11-04,23.64999961853028,23.725000381469727,23.5049991607666,23.59000015258789,96200
2005-11-07,23.75,23.799999237060547,23.59499931335449,23.63999938964844,76200
2005-11-08,23.725000381469727,23.78499984741211,23.565000534057617,23.6299991607666,141400
2005-11-09,24.170000076293945,24.174999237060547,23.645000457763672,23.670000076293945,371400
2005-11-10,24.350000381469727,24.489999771118164,24.170000076293945,24.21999931335449,177000
2005-11-11,24.48500061035156,24.48500061035156,24.299999237060547,24.350000381469727,66000
2005-11-14,24.290000915527344,24.395000457763672,24.15999984741211,24.364999771118164,91600
2005-11-15,24.325000762939453,24.34000015258789,24.15999984741211,24.290000915527344,105000
2005-11-16,24.31999969482422,24.424999237060547,24.25,24.27499961853028,70000
2005-11-17,24.46999931335449,24.5049991607666,24.354999542236328,24.354999542236328,88800
2005-11-18,24.3700008392334,24.545000076293945,24.3700008392334,24.459999084472656,196800
2005-11-21,24.950000762939453,24.959999084472656,24.52499961853028,24.604999542236328,190600
2005-11-22,25.334999084472656,25.4950008392334,24.875,24.975000381469727,316000
2005-11-23,25.420000076293945,25.55500030517578,25.1299991607666,25.34000015258789,193000
2005-11-25,26.424999237060547,26.43000030517578,26.045000076293945,26.209999084472656,225000
2005-11-28,26.059999465942383,26.57999992370605,26.01000022888184,26.23500061035156,295600
2005-11-29,26.06999969482422,26.334999084472656,26.049999237060547,26.184999465942383,172200
2005-11-30,25.920000076293945,26.299999237060547,25.86000061035156,26.170000076293945,124400
2005-12-01,25.739999771118164,25.825000762939453,25.475000381469727,25.80500030517578,184600
2005-12-02,25.989999771118164,26.05500030517578,25.61000061035156,25.850000381469727,159600
2005-12-05,26.114999771118164,26.174999237060547,25.924999237060547,26.059999465942383,132000
2005-12-06,26.125,26.26499938964844,26.09000015258789,26.100000381469727,127600
2005-12-07,25.905000686645508,26.05500030517578,25.88500022888184,26.01000022888184,108400
2005-12-08,25.739999771118164,25.959999084472656,25.70499992370605,25.89999961853028,188600
2005-12-09,25.864999771118164,26.049999237060547,25.684999465942383,25.739999771118164,115800
2005-12-12,25.924999237060547,25.975000381469727,25.725000381469727,25.96999931335449,115400
2005-12-13,25.665000915527344,25.86000061035156,25.625,25.7450008392334,82000
2005-12-14,25.600000381469727,25.864999771118164,25.600000381469727,25.670000076293945,204000
2005-12-15,25.290000915527344,25.549999237060547,25.209999084472656,25.530000686645508,134600
2005-12-16,25.684999465942383,25.770000457763672,25.36000061035156,25.36000061035156,124200
2005-12-19,25.625,25.854999542236328,25.600000381469727,25.780000686645508,84000
2005-12-20,25.64999961853028,25.665000915527344,25.4950008392334,25.56999969482422,100800
2005-12-21,26.19499969482422,26.20499992370605,25.59000015258789,25.63500022888184,241600
2005-12-22,26.184999465942383,26.28499984741211,26.045000076293945,26.229999542236328,291800
2005-12-23,26.27499961853028,26.309999465942383,26.100000381469727,26.100000381469727,51400
2005-12-27,26.100000381469727,26.28499984741211,26.06999969482422,26.229999542236328,37400
2005-12-28,26.424999237060547,26.51000022888184,26.2450008392334,26.2450008392334,245000
2005-12-29,26.315000534057617,26.46500015258789,26.26499938964844,26.405000686645508,98400
2005-12-30,26.350000381469727,26.440000534057617,26.125,26.299999237060547,98800
2006-01-03,26.77499961853028,26.8700008392334,26.225000381469727,26.295000076293945,201200
2006-01-04,27.229999542236328,27.280000686645508,26.780000686645508,26.809999465942383,195400
2006-01-05,26.709999084472656,26.940000534057617,26.61000061035156,26.8799991607666,216000
2006-01-06,26.674999237060547,26.795000076293945,26.51000022888184,26.600000381469727,153200
2006-01-09,26.59000015258789,26.71500015258789,26.354999542236328,26.43000030517578,158200
2006-01-10,26.55500030517578,26.614999771118164,26.31999969482422,26.51499938964844,117400
2006-01-11,26.52499961853028,26.77499961853028,26.5,26.700000762939453,157800
2006-01-12,26.43000030517578,26.7450008392334,26.415000915527344,26.5,115400
2006-01-13,26.3700008392334,26.674999237060547,26.299999237060547,26.434999465942383,149200
2006-01-17,26.3700008392334,26.71999931335449,26.299999237060547,26.6200008392334,167600
2006-01-18,25.94499969482422,26.06999969482422,25.7450008392334,26.01499938964844,114200
2006-01-19,25.979999542236328,26.03499984741211,25.76499938964844,25.920000076293945,88800
2006-01-20,26.270000457763672,26.440000534057617,26.14999961853028,26.18000030517578,145000
2006-01-23,26.55500030517578,26.684999465942383,26.200000762939453,26.200000762939453,172000
2006-01-24,26.665000915527344,26.77499961853028,26.3700008392334,26.375,183600
2006-01-25,26.5049991607666,26.82999992370605,26.434999465942383,26.68000030517578,136400
2006-01-26,26.420000076293945,26.63500022888184,26.295000076293945,26.575000762939453,132200
2006-01-27,26.434999465942383,26.545000076293945,26.375,26.545000076293945,106200
2006-01-30,26.52499961853028,26.71999931335449,26.450000762939453,26.479999542236328,125400
2006-01-31,26.56999969482422,26.71999931335449,26.475000381469727,26.52499961853028,169200
2006-02-01,26.69499969482422,26.80500030517578,26.489999771118164,26.63500022888184,143400
2006-02-02,26.71999931335449,26.834999084472656,26.5049991607666,26.690000534057617,175200
2006-02-03,26.709999084472656,26.75,26.44499969482422,26.61000061035156,147200
2006-02-06,26.76499938964844,26.825000762939453,26.584999084472656,26.725000381469727,72600
2006-02-07,26.549999237060547,26.69499969482422,26.5,26.674999237060547,208200
2006-02-08,26.5,26.690000534057617,26.39999961853028,26.584999084472656,108800
2006-02-09,26.95499992370605,27.0,26.625,26.625,149200
2006-02-10,27.065000534057617,27.06999969482422,26.7450008392334,26.940000534057617,125400
2006-02-13,27.15999984741211,27.239999771118164,26.89999961853028,27.02499961853028,219400
2006-02-14,27.46500015258789,27.575000762939453,27.125,27.125,223000
2006-02-15,27.540000915527344,27.65999984741211,27.325000762939453,27.530000686645508,116400
2006-02-16,27.565000534057617,27.69499969482422,27.51499938964844,27.549999237060547,129800
2006-02-17,27.75,27.795000076293945,27.56999969482422,27.604999542236328,296600
2006-02-21,27.81999969482422,27.8700008392334,27.71500015258789,27.84499931335449,86200
2006-02-22,28.065000534057617,28.065000534057617,27.69499969482422,27.69499969482422,119400
2006-02-23,28.184999465942383,28.405000686645508,28.09000015258789,28.190000534057617,142800
2006-02-24,28.364999771118164,28.48500061035156,28.11000061035156,28.21500015258789,148600
2006-02-27,28.809999465942383,28.850000381469727,28.44499969482422,28.44499969482422,142200
2006-02-28,28.71999931335449,28.89999961853028,28.53499984741211,28.82999992370605,192800
2006-03-01,28.71500015258789,28.850000381469727,28.65999984741211,28.75,116400
2006-03-02,28.88500022888184,29.03499984741211,28.809999465942383,28.809999465942383,146400
2006-03-03,28.8799991607666,28.95499992370605,28.6200008392334,28.75,131000
2006-03-06,28.864999771118164,28.924999237060547,28.625,28.864999771118164,179600
2006-03-07,28.46999931335449,28.6299991607666,28.299999237060547,28.6299991607666,160800
2006-03-08,28.23500061035156,28.450000762939453,28.200000762939453,28.31999969482422,152400
2006-03-09,28.28499984741211,28.375,28.155000686645508,28.200000762939453,95000
2006-03-10,28.53499984741211,28.795000076293945,28.209999084472656,28.209999084472656,160000
2006-03-13,28.575000762939453,28.600000381469727,28.38500022888184,28.565000534057617,124400
2006-03-14,28.38500022888184,28.655000686645508,28.270000457763672,28.3700008392334,179800
2006-03-15,28.350000381469727,28.55500030517578,28.25,28.40999984741211,191800
2006-03-16,28.270000457763672,28.415000915527344,28.170000076293945,28.34000015258789,184400
2006-03-17,27.88500022888184,28.21500015258789,27.86000061035156,28.21500015258789,155600
2006-03-20,28.11000061035156,28.200000762939453,27.75,27.790000915527344,95800
2006-03-21,28.114999771118164,28.174999237060547,27.975000381469727,28.065000534057617,103200
2006-03-22,27.989999771118164,28.049999237060547,27.799999237060547,28.02499961853028,111800
2006-03-23,27.96500015258789,28.075000762939453,27.6200008392334,27.90999984741211,132600
2006-03-24,28.13500022888184,28.174999237060547,27.780000686645508,27.8700008392334,124000
2006-03-27,27.959999084472656,28.09000015258789,27.924999237060547,27.96500015258789,152200
2006-03-28,27.89999961853028,28.104999542236328,27.8700008392334,27.924999237060547,130800
2006-03-29,28.01000022888184,28.049999237060547,27.854999542236328,27.89999961853028,121200
2006-03-30,28.354999542236328,28.459999084472656,28.225000381469727,28.225000381469727,172200
2006-03-31,27.850000381469727,28.075000762939453,27.75,28.075000762939453,206200
2006-04-03,27.65999984741211,27.86000061035156,27.6299991607666,27.77499961853028,124600
2006-04-04,27.790000915527344,27.825000762939453,27.575000762939453,27.73500061035156,105800
2006-04-05,27.76000022888184,27.809999465942383,27.6200008392334,27.725000381469727,108200
2006-04-06,27.850000381469727,28.02499961853028,27.795000076293945,27.854999542236328,143200
2006-04-07,28.020000457763672,28.165000915527344,27.979999542236328,28.02499961853028,128600
2006-04-10,27.95499992370605,28.11000061035156,27.86000061035156,28.104999542236328,87600
2006-04-11,27.799999237060547,27.98500061035156,27.70499992370605,27.934999465942383,154400
2006-04-12,27.440000534057617,27.76499938964844,27.36000061035156,27.76499938964844,151800
2006-04-13,27.670000076293945,27.68000030517578,27.405000686645508,27.440000534057617,75000
2006-04-17,27.7549991607666,27.979999542236328,27.71500015258789,27.71500015258789,133200
2006-04-18,27.875,27.924999237060547,27.709999084472656,27.76499938964844,84400
2006-04-19,28.09000015258789,28.13999938964844,27.854999542236328,27.875,88000
2006-04-20,27.670000076293945,28.07999992370605,27.645000457763672,28.040000915527344,97000
2006-04-21,27.934999465942383,27.950000762939453,27.725000381469727,27.78499984741211,61600
2006-04-24,27.6299991607666,27.934999465942383,27.604999542236328,27.934999465942383,96200
2006-04-25,27.80500030517578,27.905000686645508,27.65999984741211,27.65999984741211,92400
2006-04-26,28.0,28.01499938964844,27.88500022888184,27.95499992370605,81600
2006-04-27,28.190000534057617,28.21500015258789,27.850000381469727,28.03499984741211,132000
2006-04-28,27.940000534057617,28.27499961853028,27.90999984741211,28.209999084472656,161200
2006-05-01,28.125,28.239999771118164,27.979999542236328,28.075000762939453,141400
2006-05-02,28.1299991607666,28.239999771118164,28.040000915527344,28.19499969482422,149800
2006-05-03,28.209999084472656,28.364999771118164,28.075000762939453,28.100000381469727,179800
2006-05-04,28.01000022888184,28.295000076293945,28.0,28.18000030517578,154600
2006-05-05,28.645000457763672,28.700000762939453,28.125,28.125,197000
2006-05-08,28.290000915527344,28.709999084472656,28.049999237060547,28.600000381469727,239600
2006-05-09,28.114999771118164,28.46500015258789,28.040000915527344,28.325000762939453,109000
2006-05-10,28.15999984741211,28.354999542236328,27.96500015258789,28.075000762939453,131600
2006-05-11,27.375,28.19499969482422,27.170000076293945,28.190000534057617,389400
2006-05-12,28.045000076293945,28.05500030517578,27.01000022888184,27.43000030517578,490200
2006-05-15,28.040000915527344,28.06999969482422,27.6299991607666,27.75,272200
2006-05-16,28.315000534057617,28.395000457763672,28.059999465942383,28.14999961853028,159800
2006-05-17,27.90999984741211,28.26000022888184,27.725000381469727,28.2549991607666,225800
2006-05-18,27.309999465942383,27.93000030517578,27.030000686645508,27.89999961853028,626600
2006-05-19,27.55500030517578,27.780000686645508,27.040000915527344,27.1299991607666,338400
2006-05-22,27.2450008392334,27.5,27.059999465942383,27.45499992370605,175000
2006-05-23,27.18000030517578,27.4950008392334,27.125,27.290000915527344,273600
2006-05-24,27.684999465942383,27.690000534057617,26.924999237060547,27.145000457763672,319800
2006-05-25,27.59000015258789,27.684999465942383,27.07999992370605,27.684999465942383,875200
2006-05-26,27.239999771118164,27.59000015258789,27.13999938964844,27.56999969482422,712200
2006-05-30,27.165000915527344,27.354999542236328,27.07999992370605,27.34000015258789,282800
2006-05-31,27.114999771118164,27.299999237060547,26.895000457763672,27.21999931335449,196200
2006-06-01,27.3700008392334,27.38999938964844,26.77499961853028,26.84000015258789,183800
2006-06-02,27.3700008392334,27.55500030517578,27.28499984741211,27.479999542236328,183200
2006-06-05,26.895000457763672,27.334999084472656,26.88999938964844,27.27499961853028,127200
2006-06-06,26.64999961853028,26.795000076293945,26.184999465942383,26.790000915527344,271200
2006-06-07,26.63500022888184,26.825000762939453,26.625,26.625,223000
2006-06-08,26.520000457763672,26.70499992370605,26.25,26.55500030517578,347000
2006-06-09,26.78499984741211,26.9950008392334,26.655000686645508,26.729999542236328,139400
2006-06-12,26.88500022888184,27.06999969482422,26.674999237060547,26.9950008392334,246200
2006-06-13,25.700000762939453,26.38999938964844,25.479999542236328,26.290000915527344,347000
2006-06-14,25.334999084472656,25.95499992370605,25.26000022888184,25.795000076293945,347000
2006-06-15,25.3799991607666,25.415000915527344,25.0049991607666,25.315000534057617,504400
2006-06-16,25.34000015258789,25.55500030517578,25.059999465942383,25.155000686645508,295200
2006-06-19,25.299999237060547,25.5049991607666,25.045000076293945,25.34499931335449,267200
2006-06-20,25.21999931335449,25.434999465942383,25.09499931335449,25.34499931335449,147600
2006-06-21,25.26000022888184,25.614999771118164,25.114999771118164,25.450000762939453,197400
2006-06-22,25.48500061035156,25.51000022888184,25.170000076293945,25.26000022888184,351000
2006-06-23,25.06999969482422,25.27499961853028,24.920000076293945,25.27499961853028,877200
2006-06-26,25.520000457763672,25.520000457763672,25.184999465942383,25.184999465942383,923800
2006-06-27,25.15999984741211,25.489999771118164,24.989999771118164,25.489999771118164,841200
2006-06-28,25.184999465942383,25.309999465942383,24.950000762939453,25.165000915527344,188000
2006-06-29,25.73500061035156,25.77499961853028,25.25,25.350000381469727,879000
2006-06-30,25.38500022888184,25.934999465942383,25.34499931335449,25.799999237060547,338200
2006-07-03,25.76000022888184,25.76000022888184,25.5,25.700000762939453,96800
2006-07-05,25.25,25.68000030517578,25.18000030517578,25.674999237060547,866400
2006-07-06,25.280000686645508,25.475000381469727,25.200000762939453,25.280000686645508,184400
2006-07-07,25.46999931335449,25.4950008392334,25.21500015258789,25.280000686645508,195400
2006-07-10,25.6200008392334,25.645000457763672,25.170000076293945,25.34499931335449,279600
2006-07-11,25.989999771118164,26.145000457763672,25.6200008392334,25.6200008392334,464200
2006-07-12,25.739999771118164,26.084999084472656,25.57999992370605,25.975000381469727,256400
2006-07-13,25.405000686645508,25.690000534057617,25.325000762939453,25.665000915527344,302600
2006-07-14,25.440000534057617,25.549999237060547,25.25,25.424999237060547,307800
2006-07-17,24.924999237060547,25.5,24.89999961853028,25.3700008392334,214600
2006-07-18,25.045000076293945,25.104999542236328,24.76000022888184,25.01000022888184,187800
2006-07-19,25.53499984741211,25.6299991607666,24.940000534057617,25.040000915527344,300400
2006-07-20,25.364999771118164,25.709999084472656,25.334999084472656,25.4950008392334,128200
2006-07-21,25.475000381469727,25.545000076293945,25.3700008392334,25.420000076293945,104800
2006-07-24,25.709999084472656,25.729999542236328,25.475000381469727,25.4950008392334,156000
2006-07-25,25.905000686645508,26.0049991607666,25.7549991607666,25.77499961853028,192200
2006-07-26,26.28499984741211,26.31999969482422,25.795000076293945,25.989999771118164,246800
2006-07-27,25.864999771118164,26.520000457763672,25.809999465942383,26.44499969482422,193600
2006-07-28,25.81999969482422,26.23500061035156,25.78499984741211,26.09000015258789,223200
2006-07-31,25.625,26.07999992370605,25.51000022888184,25.93000030517578,226000
2006-08-01,25.584999084472656,25.69499969482422,25.309999465942383,25.46999931335449,170400
2006-08-02,25.69499969482422,25.934999465942383,25.63500022888184,25.799999237060547,146000
2006-08-03,25.975000381469727,26.11000061035156,25.559999465942383,25.600000381469727,124400
2006-08-04,26.065000534057617,26.170000076293945,25.80500030517578,25.959999084472656,184000
2006-08-07,26.01499938964844,26.145000457763672,25.93000030517578,26.145000457763672,72800
2006-08-08,26.27499961853028,26.38500022888184,26.059999465942383,26.1200008392334,229200
2006-08-09,26.26499938964844,26.59000015258789,26.184999465942383,26.334999084472656,255000
2006-08-10,26.155000686645508,26.334999084472656,25.93000030517578,26.26499938964844,140600
2006-08-11,26.084999084472656,26.299999237060547,26.02499961853028,26.13999938964844,185600
2006-08-14,25.959999084472656,26.229999542236328,25.84499931335449,26.13999938964844,125000
2006-08-15,26.364999771118164,26.395000457763672,26.125,26.145000457763672,143200
2006-08-16,27.06999969482422,27.11000061035156,26.6299991607666,26.690000534057617,276400
2006-08-17,27.614999771118164,27.690000534057617,27.065000534057617,27.065000534057617,357200
2006-08-18,27.5049991607666,27.8700008392334,27.30500030517578,27.59000015258789,220800
2006-08-21,28.28499984741211,28.375,27.725000381469727,27.725000381469727,347800
2006-08-22,28.51000022888184,28.780000686645508,28.3700008392334,28.5,313800
2006-08-23,28.53499984741211,28.84499931335449,28.32999992370605,28.700000762939453,195600
2006-08-24,28.725000381469727,28.94499969482422,28.63500022888184,28.850000381469727,225800
2006-08-25,28.875,28.895000457763672,28.530000686645508,28.76499938964844,243400
2006-08-28,29.209999084472656,29.38500022888184,28.809999465942383,28.8700008392334,309800
2006-08-29,28.76499938964844,29.350000381469727,28.700000762939453,29.350000381469727,242800
2006-08-30,28.850000381469727,28.90999984741211,28.48500061035156,28.90999984741211,240200
2006-08-31,28.924999237060547,29.06999969482422,28.77499961853028,28.89999961853028,162400
2006-09-01,28.989999771118164,29.065000534057617,28.854999542236328,28.975000381469727,114600
2006-09-05,28.96999931335449,29.104999542236328,28.78499984741211,28.80500030517578,178200
2006-09-06,28.950000762939453,29.020000457763672,28.725000381469727,28.940000534057617,153200
2006-09-07,28.709999084472656,28.924999237060547,28.520000457763672,28.815000534057617,1347800
2006-09-08,28.6200008392334,28.64999961853028,28.459999084472656,28.545000076293945,157000
2006-09-11,28.520000457763672,28.63999938964844,28.315000534057617,28.6299991607666,152200
2006-09-12,28.46500015258789,28.61000061035156,28.27499961853028,28.364999771118164,213400
2006-09-13,28.395000457763672,28.420000076293945,28.01000022888184,28.155000686645508,149800
2006-09-14,28.45499992370605,28.64999961853028,28.3700008392334,28.5,127400
2006-09-15,28.645000457763672,28.725000381469727,28.40999984741211,28.479999542236328,166800
2006-09-18,28.850000381469727,28.88500022888184,28.53499984741211,28.604999542236328,193000
2006-09-19,28.825000762939453,28.89999961853028,28.63500022888184,28.63500022888184,151000
2006-09-20,29.104999542236328,29.27499961853028,28.920000076293945,28.940000534057617,194600
2006-09-21,29.290000915527344,29.73500061035156,29.209999084472656,29.23500061035156,318200
2006-09-22,29.364999771118164,29.520000457763672,29.31999969482422,29.5,163800
2006-09-25,29.59000015258789,29.725000381469727,29.32999992370605,29.3700008392334,190800
2006-09-26,29.4950008392334,29.709999084472656,29.30500030517578,29.63500022888184,214200
2006-09-27,29.670000076293945,29.96999931335449,29.350000381469727,29.39999961853028,261400
2006-09-28,30.084999084472656,30.1299991607666,29.75,29.75,235000
2006-09-29,29.56999969482422,29.915000915527344,29.56999969482422,29.8700008392334,225400
2006-10-02,30.28499984741211,30.28499984741211,29.6200008392334,29.6299991607666,273800
2006-10-03,29.895000457763672,30.18000030517578,29.809999465942383,30.03499984741211,219400
2006-10-04,29.799999237060547,29.940000534057617,29.424999237060547,29.790000915527344,262800
2006-10-05,29.51000022888184,29.89999961853028,29.3799991607666,29.799999237060547,240200
2006-10-06,29.475000381469727,29.56999969482422,29.38999938964844,29.56999969482422,154400
2006-10-09,29.565000534057617,29.655000686645508,29.440000534057617,29.450000762939453,52600
2006-10-10,29.125,29.559999465942383,29.030000686645508,29.53499984741211,186800
2006-10-11,28.290000915527344,28.934999465942383,28.165000915527344,28.84499931335449,475600
2006-10-12,28.184999465942383,28.364999771118164,27.920000076293945,28.299999237060547,354200
2006-10-13,28.03499984741211,28.07999992370605,27.825000762939453,28.065000534057617,216400
2006-10-16,28.14999961853028,28.295000076293945,27.924999237060547,28.280000686645508,146000
2006-10-17,27.89999961853028,28.229999542236328,27.815000534057617,28.174999237060547,152600
2006-10-18,27.809999465942383,28.02499961853028,27.655000686645508,27.96999931335449,158800
2006-10-19,28.229999542236328,28.270000457763672,27.7549991607666,27.825000762939453,215000
2006-10-20,28.309999465942383,28.48500061035156,28.174999237060547,28.39999961853028,168000
2006-10-23,28.434999465942383,28.604999542236328,28.270000457763672,28.270000457763672,169600
2006-10-24,28.3700008392334,28.420000076293945,28.13999938964844,28.420000076293945,132000
2006-10-25,28.57999992370605,28.684999465942383,28.15999984741211,28.309999465942383,189200
2006-10-26,28.790000915527344,28.905000686645508,28.5049991607666,28.52499961853028,143800
2006-10-27,28.80500030517578,29.0,28.780000686645508,28.94499969482422,117200
2006-10-30,28.684999465942383,28.75,28.530000686645508,28.645000457763672,119600
2006-10-31,28.96500015258789,29.09499931335449,28.684999465942383,28.684999465942383,188000
2006-11-01,28.88500022888184,29.174999237060547,28.56999969482422,28.600000381469727,172200
2006-11-02,29.5,29.63500022888184,28.979999542236328,29.059999465942383,348600
2006-11-03,29.5049991607666,29.834999084472656,29.334999084472656,29.700000762939453,231400
2006-11-06,29.614999771118164,29.700000762939453,29.51000022888184,29.549999237060547,143400
2006-11-07,29.670000076293945,29.77499961853028,29.56999969482422,29.68000030517578,122400
2006-11-08,29.625,29.665000915527344,29.5,29.56999969482422,154400
2006-11-09,29.700000762939453,29.850000381469727,29.51499938964844,29.584999084472656,129400
2006-11-10,29.600000381469727,29.76000022888184,29.52499961853028,29.65999984741211,113400
2006-11-13,29.280000686645508,29.540000915527344,29.270000457763672,29.540000915527344,151600
2006-11-14,29.325000762939453,29.46500015258789,29.1200008392334,29.39999961853028,218000
2006-11-15,29.53499984741211,29.575000762939453,29.225000381469727,29.28499984741211,119200
2006-11-16,29.65999984741211,29.815000534057617,29.459999084472656,29.600000381469727,113400
2006-11-17,29.56999969482422,29.71500015258789,29.315000534057617,29.565000534057617,116600
2006-11-20,29.3799991607666,29.6299991607666,29.23500061035156,29.34499931335449,136600
2006-11-21,29.575000762939453,29.670000076293945,29.270000457763672,29.43000030517578,175600
2006-11-22,29.584999084472656,29.700000762939453,29.55500030517578,29.700000762939453,131200
2006-11-24,29.96500015258789,29.9950008392334,29.834999084472656,29.864999771118164,94200
2006-11-27,29.799999237060547,30.05500030517578,29.6299991607666,29.98500061035156,221600
2006-11-28,29.479999542236328,29.875,29.440000534057617,29.674999237060547,224200
2006-11-29,29.239999771118164,29.434999465942383,29.0,29.43000030517578,270400
2006-11-30,29.30500030517578,29.5,29.170000076293945,29.2549991607666,176000
2006-12-01,29.299999237060547,29.3700008392334,28.9950008392334,29.354999542236328,167800
2006-12-04,29.55500030517578,29.559999465942383,29.31999969482422,29.424999237060547,140800
2006-12-05,29.61000061035156,29.75,29.405000686645508,29.51000022888184,120400
2006-12-06,29.475000381469727,29.81999969482422,29.424999237060547,29.56999969482422,160600
2006-12-07,29.584999084472656,29.63500022888184,29.4950008392334,29.5,109600
2006-12-08,29.350000381469727,29.5,29.0,29.34000015258789,305200
2006-12-11,29.364999771118164,29.46999931335449,29.15999984741211,29.325000762939453,294000
2006-12-12,29.375,29.5,29.040000915527344,29.049999237060547,141000
2006-12-13,29.174999237060547,29.57999992370605,29.09000015258789,29.450000762939453,142200
2006-12-14,29.325000762939453,29.395000457763672,29.104999542236328,29.1200008392334,120600
2006-12-15,29.290000915527344,29.51499938964844,29.18000030517578,29.38500022888184,114800
2006-12-18,29.309999465942383,29.53499984741211,29.09000015258789,29.309999465942383,754200
2006-12-19,29.405000686645508,29.559999465942383,29.15999984741211,29.184999465942383,717000
2006-12-20,29.575000762939453,29.8700008392334,29.4950008392334,29.4950008392334,706600
2006-12-21,29.364999771118164,29.559999465942383,29.32999992370605,29.559999465942383,592200
2006-12-22,29.565000534057617,29.56999969482422,29.26499938964844,29.39999961853028,377200
2006-12-26,29.565000534057617,29.655000686645508,29.530000686645508,29.53499984741211,46800
2006-12-27,29.834999084472656,29.915000915527344,29.6299991607666,29.6299991607666,612000
2006-12-28,30.100000381469727,30.239999771118164,29.82999992370605,29.82999992370605,798800
2006-12-29,29.934999465942383,30.13999938964844,29.93000030517578,30.01499938964844,127800
2007-01-03,29.71999931335449,29.905000686645508,29.65999984741211,29.69499969482422,955400
2007-01-04,29.63500022888184,29.770000457763672,29.545000076293945,29.725000381469727,762400
2007-01-05,29.52499961853028,29.665000915527344,29.44499969482422,29.63500022888184,234800
2007-01-08,29.55500030517578,29.69499969482422,29.420000076293945,29.549999237060547,239200
2007-01-09,29.309999465942383,29.575000762939453,29.280000686645508,29.5,334000
2007-01-10,29.104999542236328,29.229999542236328,29.0,29.209999084472656,203600
2007-01-11,29.114999771118164,29.25,29.03499984741211,29.11000061035156,183000
2007-01-12,29.38999938964844,29.53499984741211,29.364999771118164,29.3700008392334,199000
2007-01-16,29.420000076293945,29.7450008392334,29.38500022888184,29.549999237060547,210200
2007-01-17,29.5,29.57999992370605,29.315000534057617,29.3700008392334,162400
2007-01-18,29.3799991607666,29.549999237060547,29.34000015258789,29.530000686645508,260000
2007-01-19,29.459999084472656,29.57999992370605,29.350000381469727,29.350000381469727,138000
2007-01-22,29.065000534057617,29.530000686645508,29.020000457763672,29.530000686645508,233000
2007-01-23,29.15999984741211,29.23500061035156,28.875,29.01499938964844,146800
2007-01-24,29.52499961853028,29.61000061035156,29.170000076293945,29.170000076293945,149000
2007-01-25,29.565000534057617,29.76000022888184,29.4950008392334,29.63999938964844,645400
2007-01-26,29.709999084472656,29.795000076293945,29.59000015258789,29.600000381469727,306600
2007-01-29,29.38999938964844,29.780000686645508,29.290000915527344,29.729999542236328,582400
2007-01-30,29.489999771118164,29.489999771118164,29.21500015258789,29.354999542236328,549400
2007-01-31,29.63999938964844,29.73500061035156,29.43000030517578,29.440000534057617,236400
2007-02-01,29.69499969482422,29.88500022888184,29.63999938964844,29.69499969482422,207400
2007-02-02,29.395000457763672,29.645000457763672,29.350000381469727,29.530000686645508,231800
2007-02-05,29.6299991607666,29.63999938964844,29.34499931335449,29.364999771118164,162800
2007-02-06,29.6299991607666,29.690000534057617,29.530000686645508,29.6299991607666,126400
2007-02-07,29.61000061035156,29.71999931335449,29.56999969482422,29.70499992370605,122200
2007-02-08,29.7450008392334,29.7450008392334,29.450000762939453,29.575000762939453,188800
2007-02-09,29.795000076293945,29.90999984741211,29.729999542236328,29.739999771118164,159600
2007-02-12,29.604999542236328,29.90999984741211,29.475000381469727,29.88999938964844,157000
2007-02-13,29.864999771118164,29.934999465942383,29.709999084472656,29.709999084472656,107000
2007-02-14,29.825000762939453,29.924999237060547,29.76000022888184,29.90999984741211,192800
2007-02-15,30.02499961853028,30.02499961853028,29.88999938964844,29.89999961853028,201000
2007-02-16,29.98500061035156,30.02499961853028,29.895000457763672,29.9950008392334,83400
2007-02-20,29.854999542236328,29.875,29.670000076293945,29.770000457763672,263600
2007-02-21,30.26000022888184,30.30500030517578,29.975000381469727,29.975000381469727,196000
2007-02-22,30.434999465942383,30.725000381469727,30.3700008392334,30.684999465942383,266400
2007-02-23,30.52499961853028,30.725000381469727,30.424999237060547,30.6299991607666,194600
2007-02-26,30.575000762939453,30.684999465942383,30.51499938964844,30.584999084472656,413800
2007-02-27,29.975000381469727,30.405000686645508,29.739999771118164,30.405000686645508,437000
2007-02-28,29.875,30.084999084472656,29.7549991607666,29.979999542236328,347800
2007-03-01,29.684999465942383,29.73500061035156,29.06999969482422,29.479999542236328,435800
2007-03-02,29.46999931335449,29.920000076293945,29.420000076293945,29.549999237060547,297200
2007-03-05,28.86000061035156,29.26499938964844,28.825000762939453,29.1299991607666,404200
2007-03-06,29.31999969482422,29.375,28.975000381469727,29.145000457763672,271600
2007-03-07,29.295000076293945,29.575000762939453,29.27499961853028,29.299999237060547,196000
2007-03-08,29.34000015258789,29.434999465942383,29.28499984741211,29.28499984741211,186400
2007-03-09,29.7450008392334,29.795000076293945,29.479999542236328,29.479999542236328,135400
2007-03-12,29.6200008392334,29.834999084472656,29.559999465942383,29.80500030517578,151400
2007-03-13,29.114999771118164,29.700000762939453,29.075000762939453,29.614999771118164,211400
2007-03-14,28.77499961853028,29.045000076293945,28.565000534057617,29.01000022888184,291200
2007-03-15,28.915000915527344,29.104999542236328,28.78499984741211,28.790000915527344,197600
2007-03-16,28.975000381469727,29.309999465942383,28.88999938964844,29.0,264200
2007-03-19,29.405000686645508,29.5,29.0049991607666,29.0049991607666,236200
2007-03-20,29.770000457763672,29.90999984741211,29.56999969482422,29.56999969482422,296600
2007-03-21,30.34000015258789,30.40999984741211,29.790000915527344,29.795000076293945,310400
2007-03-22,30.09000015258789,30.44499969482422,30.0049991607666,30.32999992370605,181600
2007-03-23,30.114999771118164,30.23500061035156,29.975000381469727,30.049999237060547,131800
2007-03-26,30.165000915527344,30.26000022888184,29.9950008392334,30.174999237060547,253800
2007-03-27,30.2549991607666,30.30500030517578,30.19499969482422,30.209999084472656,124400
2007-03-28,29.9950008392334,30.290000915527344,29.98500061035156,30.15999984741211,187000
2007-03-29,30.165000915527344,30.20499992370605,30.075000762939453,30.170000076293945,166800
2007-03-30,30.20499992370605,30.280000686645508,29.979999542236328,30.190000534057617,228200
2007-04-02,29.80500030517578,30.049999237060547,29.71500015258789,30.049999237060547,211000
2007-04-03,29.950000762939453,30.125,29.790000915527344,29.82999992370605,132800
2007-04-04,29.95499992370605,30.020000457763672,29.795000076293945,30.01000022888184,130000
2007-04-05,30.100000381469727,30.270000457763672,30.065000534057617,30.184999465942383,145000
2007-04-09,30.170000076293945,30.23500061035156,30.040000915527344,30.075000762939453,113800
2007-04-10,30.05500030517578,30.280000686645508,29.975000381469727,30.280000686645508,169400
2007-04-11,30.325000762939453,30.5,30.040000915527344,30.125,308200
2007-04-12,30.450000762939453,30.614999771118164,30.27499961853028,30.3700008392334,347200
2007-04-13,30.31999969482422,30.395000457763672,30.15999984741211,30.395000457763672,136800
2007-04-16,30.52499961853028,30.61000061035156,30.375,30.44499969482422,158000
2007-04-17,30.4950008392334,30.55500030517578,30.40999984741211,30.4950008392334,135400
2007-04-18,30.78499984741211,30.84000015258789,30.440000534057617,30.440000534057617,196000
2007-04-19,30.55500030517578,30.78499984741211,30.530000686645508,30.684999465942383,134400
2007-04-20,30.614999771118164,30.82999992370605,30.545000076293945,30.82999992370605,158600
2007-04-23,30.52499961853028,30.684999465942383,30.415000915527344,30.6299991607666,167600
2007-04-24,30.350000381469727,30.559999465942383,30.27499961853028,30.450000762939453,196600
2007-04-25,30.63999938964844,30.63999938964844,30.3799991607666,30.55500030517578,222800
2007-04-26,30.424999237060547,30.729999542236328,30.415000915527344,30.6299991607666,154400
2007-04-27,30.725000381469727,30.770000457763672,30.315000534057617,30.44499969482422,302000
2007-04-30,30.559999465942383,30.940000534057617,30.51499938964844,30.82999992370605,262400
2007-05-01,30.23500061035156,30.834999084472656,30.01499938964844,30.75,311800
2007-05-02,30.600000381469727,30.64999961853028,30.1200008392334,30.270000457763672,241400
2007-05-03,30.795000076293945,30.809999465942383,30.604999542236328,30.674999237060547,216600
2007-05-04,31.03499984741211,31.13999938964844,30.864999771118164,30.8799991607666,162200
2007-05-07,31.229999542236328,31.299999237060547,31.01000022888184,31.200000762939453,177000
2007-05-08,31.375,31.3799991607666,31.0049991607666,31.02499961853028,136200
2007-05-09,31.375,31.5,31.065000534057617,31.25,237800
2007-05-10,31.28499984741211,31.43000030517578,31.170000076293945,31.32999992370605,219200
2007-05-11,31.39999961853028,31.39999961853028,31.049999237060547,31.1200008392334,159400
2007-05-14,31.51000022888184,31.71500015258789,31.315000534057617,31.44499969482422,223600
2007-05-15,31.875,32.07500076293945,31.65999984741211,31.709999084472656,164600
2007-05-16,32.10499954223633,32.10499954223633,31.850000381469727,31.850000381469727,373000
2007-05-17,32.244998931884766,32.26499938964844,32.025001525878906,32.099998474121094,133200
2007-05-18,32.27000045776367,32.415000915527344,32.1349983215332,32.375,142200
2007-05-21,32.45000076293945,32.54499816894531,32.22999954223633,32.22999954223633,142200
2007-05-22,32.334999084472656,32.51499938964844,32.220001220703125,32.43000030517578,184600
2007-05-23,32.540000915527344,32.7400016784668,32.415000915527344,32.46500015258789,167200
2007-05-24,32.58000183105469,33.18000030517578,32.564998626708984,33.13999938964844,552800
2007-05-25,33.474998474121094,33.68000030517578,32.810001373291016,32.810001373291016,492600
2007-05-29,34.15999984741211,34.75,33.63999938964844,33.654998779296875,587000
2007-05-30,34.79499816894531,34.814998626708984,33.970001220703125,34.15999984741211,571800
2007-05-31,34.540000915527344,35.0,34.46500015258789,34.814998626708984,345400
2007-06-01,35.040000915527344,35.130001068115234,34.439998626708984,34.53499984741211,279200
2007-06-04,34.84000015258789,34.95000076293945,34.64500045776367,34.95000076293945,313000
2007-06-05,34.80500030517578,34.85499954223633,34.689998626708984,34.85499954223633,328400
2007-06-06,34.56999969482422,35.005001068115234,34.42499923706055,34.994998931884766,206000
2007-06-07,33.91999816894531,34.845001220703125,33.915000915527344,34.560001373291016,374000
2007-06-08,34.380001068115234,34.45000076293945,33.80500030517578,33.80500030517578,283600
2007-06-11,34.64500045776367,34.720001220703125,34.28499984741211,34.39500045776367,154600
2007-06-12,33.89500045776367,34.525001525878906,33.86000061035156,34.3650016784668,418000
2007-06-13,34.275001525878906,34.404998779296875,33.83000183105469,33.834999084472656,427600
2007-06-14,34.03499984741211,34.415000915527344,33.7599983215332,34.275001525878906,339200
2007-06-15,34.244998931884766,34.45500183105469,33.939998626708984,34.244998931884766,304200
2007-06-18,34.15999984741211,34.33000183105469,34.07500076293945,34.154998779296875,167800
2007-06-19,34.5,34.54499816894531,34.09000015258789,34.16999816894531,317000
2007-06-20,34.23500061035156,34.70000076293945,34.095001220703125,34.349998474121094,409800
2007-06-21,33.939998626708984,34.029998779296875,33.654998779296875,34.029998779296875,428800
2007-06-22,34.005001068115234,34.11000061035156,33.83000183105469,33.939998626708984,367000
2007-06-25,33.875,34.310001373291016,33.79999923706055,33.900001525878906,308800
2007-06-26,33.7599983215332,34.334999084472656,33.65999984741211,34.040000915527344,449400
2007-06-27,33.56999969482422,33.77000045776367,33.3650016784668,33.67499923706055,274400
2007-06-28,34.404998779296875,34.564998626708984,33.78499984741211,33.80500030517578,390600
2007-06-29,34.244998931884766,34.45500183105469,34.125,34.314998626708984,220400
2007-07-02,34.35499954223633,34.375,34.05500030517578,34.05500030517578,136400
2007-07-03,34.34000015258789,34.625,34.29999923706055,34.345001220703125,118600
2007-07-05,34.53499984741211,34.78499984741211,34.244998931884766,34.48500061035156,221600
2007-07-06,34.79499816894531,34.904998779296875,34.5099983215332,34.595001220703125,244600
2007-07-09,34.790000915527344,34.97999954223633,34.7599983215332,34.849998474121094,265800
2007-07-10,34.540000915527344,34.79999923706055,34.42499923706055,34.625,270400
2007-07-11,34.22999954223633,34.459999084472656,34.1349983215332,34.25,343200
2007-07-12,34.75,34.75,34.334999084472656,34.42499923706055,348400
2007-07-13,34.845001220703125,34.96500015258789,34.595001220703125,34.75,244600
2007-07-16,34.875,34.900001525878906,34.55500030517578,34.709999084472656,308000
2007-07-17,34.94499969482422,35.05500030517578,34.724998474121094,34.744998931884766,578400
2007-07-18,35.0,35.07500076293945,34.63999938964844,34.849998474121094,429000
2007-07-19,35.05500030517578,35.150001525878906,34.900001525878906,35.01499938964844,650600
2007-07-20,34.95000076293945,35.32500076293945,34.88999938964844,35.01499938964844,461800
2007-07-23,34.83000183105469,35.19499969482422,34.654998779296875,35.19499969482422,372800
2007-07-24,34.54499816894531,35.07500076293945,34.494998931884766,34.939998626708984,429200
2007-07-25,34.345001220703125,34.69499969482422,33.939998626708984,34.505001068115234,477400
2007-07-26,33.220001220703125,34.03499984741211,32.61000061035156,33.95500183105469,1417200
2007-07-27,32.75,33.439998626708984,32.70000076293945,33.005001068115234,663800
2007-07-30,32.20000076293945,32.875,31.94499969482422,32.875,740600
2007-07-31,32.060001373291016,32.70000076293945,31.850000381469727,32.66999816894531,785000
2007-08-01,32.14500045776367,32.30500030517578,31.63500022888184,31.80500030517578,628800
2007-08-02,32.86000061035156,33.0,32.290000915527344,32.40999984741211,483600
2007-08-03,32.3650016784668,33.02000045776367,32.33000183105469,32.95000076293945,583600
2007-08-06,32.845001220703125,32.845001220703125,32.08000183105469,32.369998931884766,265200
2007-08-07,32.755001068115234,33.16999816894531,32.25,32.95000076293945,625000
2007-08-08,33.70000076293945,33.92499923706055,33.23500061035156,33.23500061035156,714600
2007-08-09,32.224998474121094,33.2599983215332,32.11000061035156,32.51499938964844,1022600
2007-08-10,31.84499931335449,32.27000045776367,31.424999237060547,31.670000076293945,1097800
2007-08-13,31.549999237060547,32.994998931884766,31.5,32.529998779296875,623800
2007-08-14,30.770000457763672,31.48500061035156,30.38500022888184,31.459999084472656,934600
2007-08-15,30.25,31.2450008392334,30.09000015258789,30.39999961853028,552600
2007-08-16,31.190000534057617,31.38500022888184,29.71500015258789,30.09499931335449,1275800
2007-08-17,32.10499954223633,32.96500015258789,31.8700008392334,32.45000076293945,687200
2007-08-20,32.0,32.51499938964844,31.350000381469727,32.3849983215332,763000
2007-08-21,32.2400016784668,32.2400016784668,31.78499984741211,31.95499992370605,531000
2007-08-22,32.67499923706055,32.95500183105469,32.41999816894531,32.91999816894531,435000
2007-08-23,33.3650016784668,33.7599983215332,32.9900016784668,33.744998931884766,601600
2007-08-24,33.8849983215332,33.92499923706055,33.31999969482422,33.619998931884766,439000
2007-08-27,33.78499984741211,34.095001220703125,33.59000015258789,33.91999816894531,312000
2007-08-28,33.334999084472656,33.775001525878906,33.21500015258789,33.290000915527344,951000
2007-08-29,33.970001220703125,34.060001373291016,33.540000915527344,33.689998626708984,408800
2007-08-30,33.98500061035156,34.224998474121094,33.630001068115234,33.630001068115234,393200
2007-08-31,34.17499923706055,34.45000076293945,33.95500183105469,34.404998779296875,402800
2007-09-04,34.5099983215332,34.68000030517578,34.099998474121094,34.43000030517578,298200
2007-09-05,34.40999984741211,34.69499969482422,34.130001068115234,34.185001373291016,707600
2007-09-06,34.26499938964844,34.26499938964844,33.900001525878906,34.25,286200
2007-09-07,33.974998474121094,34.279998779296875,33.58000183105469,33.60499954223633,724000
2007-09-10,33.974998474121094,34.2400016784668,33.58000183105469,33.95500183105469,615800
2007-09-11,34.584999084472656,34.68000030517578,34.375,34.494998931884766,320400
2007-09-12,34.654998779296875,34.720001220703125,34.404998779296875,34.584999084472656,360200
2007-09-13,35.20000076293945,35.42499923706055,34.83000183105469,34.83000183105469,512200
2007-09-14,35.130001068115234,35.18000030517578,34.935001373291016,35.1150016784668,439600
2007-09-17,35.06999969482422,35.244998931884766,34.869998931884766,35.185001373291016,235200
2007-09-18,35.88999938964844,35.91999816894531,35.209999084472656,35.255001068115234,612000
2007-09-19,36.02999877929688,36.31999969482422,35.94499969482422,36.005001068115234,368000
2007-09-20,36.43000030517578,36.709999084472656,36.30500030517578,36.6150016784668,576800
2007-09-21,36.790000915527344,36.880001068115234,36.560001373291016,36.86000061035156,292400
2007-09-24,36.9900016784668,37.20500183105469,36.72499847412109,36.755001068115234,277400
2007-09-25,37.125,37.25,37.005001068115234,37.119998931884766,255800
2007-09-26,37.42499923706055,37.60499954223633,37.1150016784668,37.505001068115234,300600
2007-09-27,38.09999847412109,38.31499862670898,37.70500183105469,37.71500015258789,448000
2007-09-28,38.34000015258789,38.81499862670898,37.98500061035156,38.10499954223633,712400
2007-10-01,38.470001220703125,38.540000915527344,38.14500045776367,38.27999877929688,380400
2007-10-02,36.32500076293945,36.94499969482422,36.084999084472656,36.38999938964844,25521400
2007-10-03,35.65999984741211,36.790000915527344,35.540000915527344,36.54999923706055,10883800
2007-10-04,36.470001220703125,36.56499862670898,35.564998626708984,35.775001525878906,5959800
2007-10-05,37.20500183105469,37.43000030517578,36.47999954223633,36.47999954223633,7448800
2007-10-08,36.81999969482422,37.20500183105469,36.67499923706055,37.20500183105469,1556800
2007-10-09,37.38999938964844,37.505001068115234,36.8650016784668,36.994998931884766,3506600
2007-10-10,37.28499984741211,37.3849983215332,37.06499862670898,37.2599983215332,2318400
2007-10-11,37.345001220703125,37.755001068115234,37.220001220703125,37.5099983215332,2882200
2007-10-12,37.400001525878906,37.720001220703125,37.150001525878906,37.5,2629200
2007-10-15,36.93000030517578,37.540000915527344,36.77999877929688,37.48500061035156,3288000
2007-10-16,36.35499954223633,36.93000030517578,36.34000015258789,36.8650016784668,3685400
2007-10-17,36.47499847412109,36.72999954223633,36.18999862670898,36.45000076293945,4545200
2007-10-18,36.08000183105469,36.34000015258789,35.88999938964844,36.220001220703125,5762800
2007-10-19,35.744998931884766,36.369998931884766,35.58000183105469,36.31999969482422,3825600
2007-10-22,35.59000015258789,35.66999816894531,35.005001068115234,35.165000915527344,1748400
2007-10-23,35.775001525878906,36.27000045776367,35.76499938964844,36.25,4681000
2007-10-24,35.1349983215332,35.70000076293945,34.82500076293945,35.630001068115234,3317800
2007-10-25,35.38999938964844,35.91999816894531,35.095001220703125,35.34000015258789,6327600
2007-10-26,35.68000030517578,35.869998931884766,35.345001220703125,35.790000915527344,3950200
2007-10-29,36.54499816894531,36.61000061035156,35.90999984741211,35.98500061035156,3923000
2007-10-30,36.76499938964844,36.994998931884766,36.4900016784668,36.4900016784668,4115000
2007-10-31,37.70000076293945,37.78499984741211,36.86000061035156,37.10499954223633,3846400
2007-11-01,36.70000076293945,37.40999984741211,36.6150016784668,37.31499862670898,3539600
2007-11-02,37.15499877929688,37.53499984741211,36.75,37.53499984741211,4621200
2007-11-05,37.21500015258789,37.5,36.53499984741211,36.53499984741211,2530200
2007-11-06,37.494998931884766,37.70500183105469,37.209999084472656,37.66999816894531,11430000
2007-11-07,36.40999984741211,37.59000015258789,36.38999938964844,37.38999938964844,4413200
2007-11-08,35.880001068115234,36.72499847412109,35.05500030517578,36.369998931884766,5576000
2007-11-09,35.154998779296875,35.904998779296875,34.915000915527344,34.915000915527344,9376200
2007-11-12,34.21500015258789,35.125,34.17499923706055,34.92499923706055,3553400
2007-11-13,35.130001068115234,35.25,34.45000076293945,34.95500183105469,3439400
2007-11-14,34.939998626708984,36.04999923706055,34.900001525878906,35.54499816894531,3231600
2007-11-15,33.67499923706055,34.619998931884766,33.5,34.4900016784668,3595800
2007-11-16,34.130001068115234,34.15999984741211,33.47999954223633,33.76499938964844,3274400
2007-11-19,33.4900016784668,34.03499984741211,33.33000183105469,33.849998474121094,1960600
2007-11-20,33.650001525878906,33.91999816894531,33.005001068115234,33.30500030517578,3533400
2007-11-21,32.95500183105469,33.209999084472656,32.69499969482422,32.86000061035156,2165400
2007-11-23,33.39500045776367,33.59000015258789,33.16999816894531,33.32500076293945,652000
2007-11-26,32.47999954223633,33.63999938964844,32.435001373291016,33.63999938964844,1846400
2007-11-27,33.77000045776367,33.83000183105469,32.45500183105469,32.45500183105469,3033400
2007-11-28,35.790000915527344,35.939998626708984,33.91999816894531,33.91999816894531,4943200
2007-11-29,35.90999984741211,36.45000076293945,35.6349983215332,35.779998779296875,4971000
2007-11-30,37.42499923706055,37.5,36.3650016784668,36.525001525878906,4908200
2007-12-03,37.165000915527344,37.31999969482422,36.92499923706055,37.0,2668600
2007-12-04,36.42499923706055,36.755001068115234,36.27000045776367,36.755001068115234,2411000
2007-12-05,36.27999877929688,36.77999877929688,35.939998626708984,36.73500061035156,2146200
2007-12-06,35.81999969482422,36.47999954223633,35.525001525878906,36.47999954223633,2880800
2007-12-07,36.20000076293945,36.43999862670898,35.880001068115234,36.25,1592000
2007-12-10,36.42499923706055,36.53499984741211,36.20000076293945,36.22499847412109,1516800
2007-12-11,35.7400016784668,36.86000061035156,35.68000030517578,36.20000076293945,2449200
2007-12-12,35.810001373291016,36.55500030517578,35.435001373291016,36.52000045776367,3950200
2007-12-13,35.70500183105469,35.814998626708984,35.17499923706055,35.584999084472656,6080600
2007-12-14,35.59000015258789,35.834999084472656,35.150001525878906,35.334999084472656,1698400
2007-12-17,35.0099983215332,35.845001220703125,35.0099983215332,35.494998931884766,1689000
2007-12-18,34.97999954223633,35.209999084472656,34.6349983215332,35.07500076293945,1777000
2007-12-19,34.94499969482422,35.459999084472656,34.904998779296875,35.064998626708984,2101400
2007-12-20,34.43000030517578,35.52000045776367,34.40999984741211,35.47999954223633,2638000
2007-12-21,34.92499923706055,34.95500183105469,34.165000915527344,34.165000915527344,2316600
2007-12-24,35.415000915527344,35.45000076293945,35.0,35.029998779296875,604800
2007-12-26,35.07500076293945,35.29999923706055,35.0,35.29999923706055,530400
2007-12-27,34.97999954223633,35.369998931884766,34.93000030517578,35.2400016784668,3954600
2007-12-28,35.255001068115234,35.44499969482422,35.13999938964844,35.244998931884766,829200
2007-12-31,34.974998474121094,35.43000030517578,34.95000076293945,35.36000061035156,635800
2008-01-02,34.380001068115234,34.970001220703125,34.224998474121094,34.96500015258789,1784600
2008-01-03,34.27000045776367,34.52000045776367,33.845001220703125,34.45000076293945,1763600
2008-01-04,33.4900016784668,34.01499938964844,33.40999984741211,33.98500061035156,2030800
2008-01-07,32.689998626708984,33.79499816894531,32.3849983215332,33.29999923706055,9169600
2008-01-08,32.349998474121094,33.38999938964844,32.30500030517578,32.814998626708984,5282200
2008-01-09,32.79999923706055,32.994998931884766,32.21500015258789,32.46500015258789,3418000
2008-01-10,33.505001068115234,33.77000045776367,32.53499984741211,32.97999954223633,2646600
2008-01-11,33.275001525878906,33.68000030517578,32.689998626708984,33.05500030517578,2313600
2008-01-14,32.619998931884766,33.79999923706055,32.54999923706055,33.79999923706055,1667000
2008-01-15,32.060001373291016,32.564998626708984,32.060001373291016,32.564998626708984,3002200
2008-01-16,32.40999984741211,32.7599983215332,31.4950008392334,31.88999938964844,2648000
2008-01-17,31.670000076293945,32.869998931884766,31.540000915527344,31.98500061035156,3313000
2008-01-18,31.395000457763672,32.189998626708984,31.03499984741211,32.03499984741211,2967000
2008-01-22,31.614999771118164,31.850000381469727,29.530000686645508,29.530000686645508,4866600
2008-01-23,33.369998931884766,33.40999984741211,30.584999084472656,30.584999084472656,4752200
2008-01-24,33.5099983215332,33.8849983215332,33.02000045776367,33.744998931884766,2709600
2008-01-25,32.90999984741211,34.01499938964844,32.67499923706055,34.01499938964844,4492600
2008-01-28,33.3849983215332,33.39500045776367,32.599998474121094,32.845001220703125,5086800
2008-01-29,34.125,34.15999984741211,33.4900016784668,33.79499816894531,2895200
2008-01-30,33.75,34.66999816894531,33.689998626708984,34.16999816894531,4128400
2008-01-31,33.849998474121094,34.17499923706055,32.904998779296875,33.5,5083200
2008-02-01,34.724998474121094,34.744998931884766,33.80500030517578,34.19499969482422,4095400
2008-02-04,34.21500015258789,34.790000915527344,34.119998931884766,34.790000915527344,3629400
2008-02-05,33.025001525878906,33.814998626708984,33.0,33.66999816894531,7612000
2008-02-06,33.029998779296875,33.599998474121094,32.93000030517578,33.404998779296875,2766200
2008-02-07,33.334999084472656,33.65999984741211,32.8849983215332,32.994998931884766,2623800
2008-02-08,33.31999969482422,33.90999984741211,33.07500076293945,33.5,2368000
2008-02-11,33.21500015258789,33.54499816894531,32.939998626708984,33.54499816894531,1758200
2008-02-12,32.97999954223633,33.709999084472656,32.744998931884766,33.64500045776367,4079800
2008-02-13,33.34000015258789,33.34000015258789,32.76499938964844,33.005001068115234,2907800
2008-02-14,32.75,33.41999816894531,32.75,33.34000015258789,1570200
2008-02-15,32.654998779296875,32.83000183105469,32.290000915527344,32.80500030517578,1887400
2008-02-19,32.3650016784668,32.94499969482422,32.314998626708984,32.7599983215332,2624000
2008-02-20,33.07500076293945,33.220001220703125,32.244998931884766,32.28499984741211,3376600
2008-02-21,32.724998474121094,33.255001068115234,32.724998474121094,33.244998931884766,2147600
2008-02-22,33.20500183105469,33.23500061035156,32.400001525878906,32.79999923706055,2297200
2008-02-25,33.755001068115234,33.8650016784668,33.17499923706055,33.43000030517578,2623200
2008-02-26,34.5099983215332,34.619998931884766,33.7400016784668,33.75,4691200
2008-02-27,34.53499984741211,34.84000015258789,34.3650016784668,34.45000076293945,2269800
2008-02-28,34.334999084472656,34.71500015258789,34.14500045776367,34.53499984741211,3641600
2008-02-29,33.51499938964844,34.2400016784668,33.279998779296875,33.974998474121094,3107800
2008-03-03,32.41999816894531,33.595001220703125,32.0099983215332,33.45000076293945,3558400
2008-03-04,32.21500015258789,32.28499984741211,31.57999992370605,32.279998779296875,4233000
2008-03-05,32.68000030517578,32.96500015258789,32.21500015258789,32.625,3259800
2008-03-06,31.415000915527344,32.5,31.3700008392334,32.3849983215332,3744400
2008-03-07,31.729999542236328,32.224998474121094,31.13500022888184,31.424999237060547,4906800
2008-03-10,30.934999465942383,31.90999984741211,30.875,31.905000686645508,3718200
2008-03-11,32.130001068115234,32.185001373291016,31.21999931335449,31.26000022888184,4025200
2008-03-12,32.06999969482422,32.625,31.88500022888184,32.220001220703125,4161400
2008-03-13,32.125,32.35499954223633,31.48500061035156,31.850000381469727,4296400
2008-03-14,31.09000015258789,32.03499984741211,30.9950008392334,32.02000045776367,8250600
2008-03-17,30.145000457763672,30.434999465942383,29.434999465942383,30.049999237060547,9315000
2008-03-18,31.799999237060547,31.84000015258789,30.15999984741211,30.184999465942383,5356600
2008-03-19,30.59000015258789,32.334999084472656,30.584999084472656,31.6200008392334,6803400
2008-03-20,30.959999084472656,31.229999542236328,29.69499969482422,30.81999969482422,7116000
2008-03-24,31.40999984741211,31.86000061035156,31.114999771118164,31.239999771118164,4911800
2008-03-25,31.600000381469727,31.71500015258789,31.05500030517578,31.420000076293945,4691400
2008-03-26,31.065000534057617,31.52499961853028,30.63500022888184,31.27499961853028,4638800
2008-03-27,31.09000015258789,31.415000915527344,30.940000534057617,31.19499969482422,5941800
2008-03-28,29.645000457763672,31.36000061035156,29.575000762939453,31.190000534057617,15646200
2008-03-31,30.674999237060547,30.78499984741211,29.674999237060547,29.854999542236328,7364800
2008-04-01,31.540000915527344,31.545000076293945,30.625,30.625,8838400
2008-04-02,31.40999984741211,32.03499984741211,31.239999771118164,31.75,3437600
2008-04-03,31.790000915527344,32.025001525878906,31.395000457763672,31.434999465942383,3510600
2008-04-04,31.315000534057617,32.029998779296875,31.315000534057617,31.70499992370605,2100400
2008-04-07,31.2450008392334,31.584999084472656,31.13500022888184,31.34000015258789,2335600
2008-04-08,31.145000457763672,31.299999237060547,30.86000061035156,31.174999237060547,2109600
2008-04-09,30.655000686645508,31.14999961853028,30.43000030517578,31.06999969482422,2359200
2008-04-10,30.934999465942383,31.06999969482422,30.38999938964844,30.790000915527344,2395000
2008-04-11,30.78499984741211,30.95499992370605,30.53499984741211,30.6200008392334,1884000
2008-04-14,30.825000762939453,30.975000381469727,30.63999938964844,30.86000061035156,3324200
2008-04-15,30.915000915527344,31.11000061035156,30.7450008392334,31.059999465942383,4329200
2008-04-16,31.57999992370605,31.63999938964844,31.280000686645508,31.5,2688600
2008-04-17,31.530000686645508,31.709999084472656,31.20499992370605,31.309999465942383,1688400
2008-04-18,32.34000015258789,32.57500076293945,31.69499969482422,31.875,2720800
2008-04-21,32.38999938964844,32.8849983215332,31.690000534057617,31.690000534057617,2825600
2008-04-22,31.934999465942383,32.400001525878906,31.69499969482422,31.86000061035156,1929000
2008-04-23,31.5049991607666,31.709999084472656,31.325000762939453,31.709999084472656,2051000
2008-04-24,32.51499938964844,32.720001220703125,31.315000534057617,31.52499961853028,2761800
2008-04-25,32.45000076293945,32.599998474121094,32.130001068115234,32.595001220703125,2973200
2008-04-28,32.76499938964844,33.0,32.2400016784668,32.375,2500400
2008-04-29,32.599998474121094,32.935001373291016,32.459999084472656,32.57500076293945,1445400
2008-04-30,32.8650016784668,33.30500030517578,32.65999984741211,32.84000015258789,2576000
2008-05-01,33.415000915527344,33.5,32.45000076293945,32.529998779296875,1887800
2008-05-02,33.72999954223633,33.89500045776367,33.33000183105469,33.720001220703125,2191200
2008-05-05,33.244998931884766,33.73500061035156,33.15999984741211,33.73500061035156,2754400
2008-05-06,33.60499954223633,33.744998931884766,32.834999084472656,32.834999084472656,1419200
2008-05-07,33.154998779296875,33.61000061035156,33.150001525878906,33.53499984741211,1418800
2008-05-08,32.834999084472656,33.119998931884766,32.814998626708984,32.994998931884766,1188000
2008-05-09,33.349998474121094,33.709999084472656,32.66999816894531,32.66999816894531,1426400
2008-05-12,33.369998931884766,33.64500045776367,33.130001068115234,33.23500061035156,875600
2008-05-13,33.369998931884766,33.4900016784668,33.275001525878906,33.32500076293945,895800
2008-05-14,33.650001525878906,33.939998626708984,33.380001068115234,33.380001068115234,910200
2008-05-15,34.314998626708984,34.3849983215332,33.6349983215332,33.6349983215332,1167400
2008-05-16,34.540000915527344,34.76499938964844,34.279998779296875,34.60499954223633,1579600
2008-05-19,34.52000045776367,34.86000061035156,34.3849983215332,34.584999084472656,774000
2008-05-20,34.46500015258789,34.75,34.345001220703125,34.345001220703125,1527000
2008-05-21,34.130001068115234,35.0,34.02000045776367,34.6150016784668,1844400
2008-05-22,34.810001373291016,35.40999984741211,34.095001220703125,34.2599983215332,2049600
2008-05-23,34.650001525878906,34.90999984741211,34.3650016784668,34.66999816894531,1359400
2008-05-27,34.44499969482422,34.97999954223633,34.279998779296875,34.52000045776367,1371000
2008-05-28,34.560001373291016,35.19499969482422,33.625,34.79999923706055,4146200
2008-05-29,35.29999923706055,35.349998474121094,34.71500015258789,34.71500015258789,1966400
2008-05-30,36.119998931884766,36.25,35.224998474121094,35.51499938964844,2810400
2008-06-02,35.42499923706055,35.875,35.209999084472656,35.7400016784668,3543200
2008-06-03,34.70500183105469,35.28499984741211,34.4900016784668,35.275001525878906,2205200
2008-06-04,34.244998931884766,34.564998626708984,34.084999084472656,34.564998626708984,1757400
2008-06-05,34.55500030517578,34.685001373291016,34.20500183105469,34.279998779296875,1283000
2008-06-06,33.86000061035156,34.369998931884766,33.720001220703125,34.345001220703125,1937400
2008-06-09,33.66999816894531,34.025001525878906,33.525001525878906,33.82500076293945,1817800
2008-06-10,33.369998931884766,33.71500015258789,33.15999984741211,33.584999084472656,1946400
2008-06-11,33.0,33.685001373291016,33.0,33.26499938964844,1834000
2008-06-12,32.77000045776367,33.25,32.630001068115234,33.01499938964844,1851400
2008-06-13,33.040000915527344,33.119998931884766,32.6150016784668,32.81999969482422,1283600
2008-06-16,33.70500183105469,33.814998626708984,33.064998626708984,33.314998626708984,1680400
2008-06-17,33.790000915527344,34.15999984741211,33.75,34.06999969482422,1736000
2008-06-18,33.28499984741211,33.78499984741211,33.04999923706055,33.78499984741211,1416600
2008-06-19,32.67499923706055,33.29999923706055,32.55500030517578,33.2599983215332,1951000
2008-06-20,32.01499938964844,32.459999084472656,32.01499938964844,32.3650016784668,2219600
2008-06-23,31.565000534057617,32.29999923706055,31.44499969482422,31.959999084472656,1342600
2008-06-24,31.6299991607666,32.025001525878906,31.1299991607666,31.5,2254800
2008-06-25,32.029998779296875,32.459999084472656,31.959999084472656,31.98500061035156,1490800
2008-06-26,31.46999931335449,31.9950008392334,31.20499992370605,31.9950008392334,1561600
2008-06-27,31.68000030517578,31.834999084472656,31.23500061035156,31.604999542236328,2604000
2008-06-30,31.13500022888184,32.244998931884766,31.01499938964844,32.244998931884766,1909200
2008-07-01,31.51000022888184,31.57999992370605,30.7549991607666,30.77499961853028,1317200
2008-07-02,30.82999992370605,32.255001068115234,30.780000686645508,32.0,1873200
2008-07-03,30.70499992370605,31.02499961853028,30.459999084472656,30.770000457763672,1442000
2008-07-07,30.43000030517578,30.950000762939453,30.125,30.520000457763672,1936200
2008-07-08,30.780000686645508,31.075000762939453,30.299999237060547,30.299999237060547,2874600
2008-07-09,30.309999465942383,31.209999084472656,30.25,31.114999771118164,1851800
2008-07-10,29.77499961853028,30.38999938964844,29.600000381469727,30.38999938964844,3092200
2008-07-11,29.09499931335449,29.559999465942383,29.03499984741211,29.520000457763672,3430400
2008-07-14,27.7450008392334,29.684999465942383,27.690000534057617,29.190000534057617,4047800
2008-07-15,26.6200008392334,27.549999237060547,26.5049991607666,27.5,7556200
2008-07-16,28.790000915527344,28.799999237060547,26.52499961853028,26.52499961853028,3733000
2008-07-17,28.979999542236328,29.90999984741211,28.6200008392334,29.59499931335449,3020600
2008-07-18,29.225000381469727,29.38500022888184,29.030000686645508,29.125,1934600
2008-07-21,29.604999542236328,30.44499969482422,29.15999984741211,29.450000762939453,3109200
2008-07-22,30.420000076293945,30.5049991607666,28.864999771118164,29.25,2673400
2008-07-23,31.2450008392334,31.48500061035156,30.15999984741211,30.575000762939453,2934200
2008-07-24,29.655000686645508,31.334999084472656,29.604999542236328,31.045000076293945,2195600
2008-07-25,29.645000457763672,29.959999084472656,29.2549991607666,29.959999084472656,1698600
2008-07-28,29.06999969482422,29.895000457763672,29.0,29.690000534057617,1125800
2008-07-29,30.11000061035156,30.14999961853028,28.9950008392334,28.9950008392334,1369200
2008-07-30,30.229999542236328,30.53499984741211,29.64999961853028,30.174999237060547,1730600
2008-07-31,30.3799991607666,30.770000457763672,29.57999992370605,29.725000381469727,1521400
2008-08-01,30.09000015258789,30.63999938964844,29.739999771118164,30.6299991607666,1413600
2008-08-04,29.604999542236328,30.184999465942383,29.450000762939453,29.71999931335449,770600
2008-08-05,30.405000686645508,30.46500015258789,29.5,29.68000030517578,1297200
2008-08-06,30.3700008392334,30.3799991607666,29.77499961853028,30.104999542236328,1006200
2008-08-07,29.3799991607666,30.23500061035156,29.32999992370605,29.920000076293945,1187000
2008-08-08,29.44499969482422,29.53499984741211,28.76499938964844,29.0,1933000
2008-08-11,29.780000686645508,29.915000915527344,29.18000030517578,29.530000686645508,1427200
2008-08-12,29.655000686645508,30.065000534057617,29.44499969482422,29.815000534057617,1637200
2008-08-13,29.145000457763672,29.27499961853028,28.549999237060547,29.18000030517578,1306400
2008-08-14,29.51499938964844,29.6299991607666,28.88500022888184,29.13500022888184,1253000
2008-08-15,29.5049991607666,29.780000686645508,29.18000030517578,29.63500022888184,899200
2008-08-18,29.075000762939453,29.729999542236328,28.93000030517578,29.48500061035156,782800
2008-08-19,27.84000015258789,28.834999084472656,27.77499961853028,28.834999084472656,1708800
2008-08-20,28.13500022888184,28.21999931335449,27.32999992370605,27.98500061035156,1563600
2008-08-21,28.3799991607666,28.770000457763672,27.88500022888184,27.924999237060547,1338600
2008-08-22,28.3700008392334,28.70499992370605,28.1200008392334,28.479999542236328,1043400
2008-08-25,27.670000076293945,28.21999931335449,27.65999984741211,27.88500022888184,1050800
2008-08-26,27.795000076293945,27.88500022888184,27.350000381469727,27.420000076293945,1082000
2008-08-27,28.38500022888184,28.61000061035156,27.895000457763672,27.89999961853028,1105600
2008-08-28,29.68000030517578,29.809999465942383,28.549999237060547,28.549999237060547,1776400
2008-08-29,29.125,29.56999969482422,29.0,29.420000076293945,1243200
2008-09-02,28.89999961853028,29.7549991607666,28.825000762939453,29.40999984741211,1641600
2008-09-03,29.21999931335449,29.34000015258789,28.55500030517578,28.975000381469727,2433200
2008-09-04,28.57999992370605,29.475000381469727,28.5,29.100000381469727,2247400
2008-09-05,28.709999084472656,28.780000686645508,28.209999084472656,28.48500061035156,1911000
2008-09-08,29.395000457763672,30.32999992370605,29.170000076293945,29.78499984741211,2742600
2008-09-09,28.8799991607666,30.01000022888184,28.690000534057617,29.32999992370605,3737400
2008-09-10,29.434999465942383,29.84499931335449,29.01000022888184,29.280000686645508,2533400
2008-09-11,29.26499938964844,29.26499938964844,28.684999465942383,28.8700008392334,3035600
2008-09-12,29.27499961853028,29.415000915527344,28.864999771118164,29.09499931335449,3888400
2008-09-15,28.674999237060547,29.0049991607666,27.7549991607666,27.7549991607666,3100600
2008-09-16,28.290000915527344,28.315000534057617,27.46999931335449,27.46999931335449,3600000
2008-09-17,26.71500015258789,28.1200008392334,26.2549991607666,28.1200008392334,4372800
2008-09-18,28.625,28.850000381469727,27.165000915527344,27.27499961853028,5230000
2008-09-19,30.75,31.450000762939453,28.770000457763672,30.2549991607666,4549800
2008-09-22,30.415000915527344,31.424999237060547,30.295000076293945,30.75,1385400
2008-09-23,30.700000762939453,30.96500015258789,29.96500015258789,30.295000076293945,1390200
2008-09-24,31.0,31.0,30.100000381469727,30.45499992370605,666000
2008-09-25,31.0,31.295000076293945,30.059999465942383,31.295000076293945,1927200
2008-09-26,30.70499992370605,30.920000076293945,30.03499984741211,30.03499984741211,1370600
2008-09-29,28.875,30.729999542236328,28.27499961853028,30.729999542236328,1220000
2008-09-30,30.4950008392334,30.75,28.614999771118164,29.334999084472656,798400
2008-10-01,29.434999465942383,30.049999237060547,29.36000061035156,30.049999237060547,871000
2008-10-02,28.059999465942383,29.200000762939453,28.01499938964844,29.200000762939453,1317200
2008-10-03,27.575000762939453,29.01499938964844,27.315000534057617,28.39999961853028,1185600
2008-10-06,27.049999237060547,27.77499961853028,24.915000915527344,27.295000076293945,1613400
2008-10-07,24.875,26.795000076293945,24.875,26.5,1054000
2008-10-08,25.0,26.15999984741211,22.88999938964844,23.75,2067600
2008-10-09,22.89999961853028,25.84499931335449,22.674999237060547,25.51499938964844,4110400
2008-10-10,22.225000381469727,22.940000534057617,20.96500015258789,20.989999771118164,5405600
2008-10-13,25.11000061035156,25.11000061035156,23.040000915527344,23.5,448200
2008-10-14,25.299999237060547,27.70499992370605,24.20499992370605,25.614999771118164,5315400
2008-10-15,23.545000076293945,25.315000534057617,23.520000457763672,24.450000762939453,3157800
2008-10-16,23.90999984741211,24.950000762939453,22.86000061035156,24.950000762939453,3750600
2008-10-17,24.030000686645508,25.030000686645508,23.200000762939453,23.549999237060547,3955000
2008-10-20,24.5,24.75,24.13999938964844,24.614999771118164,5061800
2008-10-21,23.459999084472656,24.78499984741211,23.424999237060547,24.100000381469727,2745600
2008-10-22,22.20499992370605,23.11000061035156,22.049999237060547,23.0049991607666,2970800
2008-10-23,22.520000457763672,22.59000015258789,21.434999465942383,22.2450008392334,4042800
2008-10-24,21.77499961853028,22.45499992370605,20.96999931335449,20.96999931335449,3889600
2008-10-27,20.559999465942383,22.53499984741211,20.38500022888184,21.45499992370605,2941000
2008-10-28,21.395000457763672,21.395000457763672,20.155000686645508,21.165000915527344,4003200
2008-10-29,21.934999465942383,22.670000076293945,21.28499984741211,21.475000381469727,3510400
2008-10-30,23.1299991607666,23.13500022888184,22.280000686645508,22.795000076293945,2673000
2008-10-31,23.520000457763672,23.76000022888184,22.63999938964844,22.80500030517578,3958400
2008-11-03,24.100000381469727,24.2450008392334,23.45499992370605,23.815000534057617,2492400
2008-11-04,25.334999084472656,25.34000015258789,24.459999084472656,24.799999237060547,2298800
2008-11-05,24.44499969482422,25.43000030517578,24.40999984741211,25.229999542236328,2143000
2008-11-06,23.76499938964844,24.75,23.39999961853028,24.01000022888184,3165200
2008-11-07,24.13500022888184,24.5,23.8700008392334,24.040000915527344,1730600
2008-11-10,23.75,24.520000457763672,23.614999771118164,24.44499969482422,1720000
2008-11-11,23.065000534057617,23.57999992370605,22.84499931335449,23.55500030517578,2186200
2008-11-12,21.405000686645508,22.700000762939453,21.239999771118164,22.549999237060547,2301600
2008-11-13,22.59499931335449,22.61000061035156,20.59499931335449,21.71500015258789,4481600
2008-11-14,21.799999237060547,22.51499938964844,21.75,22.1200008392334,2661000
2008-11-17,21.13500022888184,21.700000762939453,21.03499984741211,21.59499931335449,2916400
2008-11-18,21.145000457763672,21.665000915527344,20.55500030517578,21.14999961853028,3909400
2008-11-19,19.81999969482422,21.040000915527344,19.81999969482422,20.96500015258789,4657800
2008-11-20,16.799999237060547,19.23500061035156,16.190000534057617,19.23500061035156,8637400
2008-11-21,16.280000686645508,17.30500030517578,15.21500015258789,17.125,9829000
2008-11-24,17.434999465942383,17.854999542236328,15.25,16.389999389648438,5449400
2008-11-25,16.690000534057617,16.75,15.93000030517578,16.469999313354492,6006800
2008-11-26,17.03499984741211,17.2450008392334,16.31999969482422,16.924999237060547,3348400
2008-11-28,17.635000228881836,17.704999923706055,16.885000228881836,16.885000228881836,1383800
2008-12-01,16.899999618530273,17.7549991607666,16.854999542236328,17.7549991607666,4025200
2008-12-02,16.510000228881836,17.295000076293945,16.18000030517578,17.295000076293945,4562200
2008-12-03,16.94499969482422,17.010000228881836,15.890000343322754,16.0049991607666,3679000
2008-12-04,16.2549991607666,17.299999237060547,16.1200008392334,16.655000686645508,4299800
2008-12-05,16.9950008392334,17.0049991607666,15.75,15.859999656677246,4331400
2008-12-08,18.07999992370605,18.3700008392334,17.565000534057617,17.655000686645508,4470800
2008-12-09,16.700000762939453,17.6299991607666,16.649999618530273,17.6299991607666,4279000
2008-12-10,16.809999465942383,17.174999237060547,16.34000015258789,17.174999237060547,2894400
2008-12-11,16.360000610351562,17.329999923706055,16.190000534057617,16.770000457763672,2908200
2008-12-12,16.790000915527344,16.850000381469727,15.864999771118164,16.0049991607666,3088800
2008-12-15,16.375,16.8799991607666,16.174999237060547,16.875,2210200
2008-12-16,17.290000915527344,17.364999771118164,15.93000030517578,16.6299991607666,4084600
2008-12-17,16.735000610351562,17.024999618530273,16.434999465942383,16.75,2875200
2008-12-18,16.950000762939453,17.174999237060547,16.524999618530273,16.905000686645508,3705000
2008-12-19,17.045000076293945,17.200000762939453,16.5049991607666,17.06999969482422,3237000
2008-12-22,16.815000534057617,17.34000015258789,16.55500030517578,17.2549991607666,2326600
2008-12-23,16.514999389648438,17.110000610351562,16.415000915527344,16.860000610351562,2578200
2008-12-24,16.594999313354492,16.649999618530273,16.309999465942383,16.334999084472656,721600
2008-12-26,16.375,16.540000915527344,16.204999923706055,16.479999542236328,754400
2008-12-29,16.760000228881836,16.84000015258789,16.31999969482422,16.53499984741211,2420000
2008-12-30,17.440000534057617,17.459999084472656,16.53499984741211,16.774999618530273,2640600
2008-12-31,17.934999465942383,17.96500015258789,17.375,17.594999313354492,2745400
2009-01-02,18.07999992370605,18.13999938964844,17.28499984741211,17.739999771118164,1697800
2009-01-05,19.01499938964844,19.075000762939453,18.03499984741211,18.1200008392334,3446000
2009-01-06,19.540000915527344,19.71999931335449,19.07999992370605,19.07999992370605,2908800
2009-01-07,19.02499961853028,19.655000686645508,19.0049991607666,19.655000686645508,1855600
2009-01-08,19.725000381469727,19.799999237060547,18.799999237060547,18.934999465942383,3044200
2009-01-09,19.31999969482422,19.80500030517578,19.26000022888184,19.59000015258789,2739600
2009-01-12,18.51000022888184,19.30500030517578,18.350000381469727,19.25,2578600
2009-01-13,18.565000534057617,18.645000457763672,18.059999465942383,18.229999542236328,4135600
2009-01-14,17.530000686645508,18.45499992370605,17.399999618530273,18.45499992370605,3806400
2009-01-15,17.579999923706055,17.825000762939453,16.875,17.584999084472656,3966000
2009-01-16,17.545000076293945,18.174999237060547,16.700000762939453,18.020000457763672,5451400
2009-01-20,15.595000267028809,16.979999542236328,15.53499984741211,16.979999542236328,5034600
2009-01-21,16.454999923706055,16.469999313354492,15.279999732971191,15.899999618530272,4591200
2009-01-22,15.795000076293944,16.334999084472656,15.585000038146973,16.0,5086000
2009-01-23,15.75,16.040000915527344,15.30500030517578,15.5,6006600
2009-01-26,16.059999465942383,16.424999237060547,15.800000190734863,16.100000381469727,4160200
2009-01-27,16.25,16.264999389648438,15.885000228881836,16.145000457763672,3276200
2009-01-28,17.399999618530273,17.655000686645508,17.020000457763672,17.020000457763672,5582200
2009-01-29,16.399999618530273,17.25,16.315000534057617,17.165000915527344,3163400
2009-01-30,16.135000228881836,16.325000762939453,15.885000228881836,16.260000228881836,5189200
2009-02-02,15.770000457763672,15.994999885559082,15.529999732971191,15.994999885559082,3348000
2009-02-03,16.014999389648438,16.084999084472656,15.595000267028809,15.96500015258789,2768200
2009-02-04,15.6899995803833,16.28499984741211,15.574999809265137,15.949999809265137,3735600
2009-02-05,15.890000343322754,15.979999542236328,15.345000267028809,15.704999923706056,3694600
2009-02-06,16.290000915527344,16.540000915527344,15.30500030517578,15.30500030517578,4143200
2009-02-09,16.725000381469727,16.920000076293945,16.145000457763672,16.40999984741211,3464200
2009-02-10,15.704999923706056,16.719999313354492,15.574999809265137,16.719999313354492,5352400
2009-02-11,15.795000076293944,16.010000228881836,15.604999542236328,15.800000190734863,5523000
2009-02-12,15.324999809265137,15.619999885559082,14.789999961853027,15.614999771118164,6466800
2009-02-13,15.05500030517578,15.420000076293944,15.0,15.295000076293944,3236000
2009-02-17,13.93000030517578,14.864999771118164,13.925000190734863,14.864999771118164,4190600
2009-02-18,13.774999618530272,14.1850004196167,13.420000076293944,14.175000190734863,4227600
2009-02-19,13.734999656677246,14.1899995803833,13.579999923706056,14.0649995803833,3970600
2009-02-20,13.3149995803833,13.619999885559082,12.93000030517578,13.619999885559082,6737800
2009-02-23,13.100000381469728,13.800000190734863,13.06999969482422,13.550000190734863,6188600
2009-02-24,14.109999656677246,14.140000343322754,13.0600004196167,13.204999923706056,5065800
2009-02-25,14.335000038146973,14.9399995803833,13.31999969482422,14.154999732971191,10410600
2009-02-26,15.095000267028809,15.494999885559082,14.734999656677246,14.920000076293944,6592000
2009-02-27,14.670000076293944,15.0,14.25,14.75,7085000
2009-03-02,13.914999961853027,14.229999542236328,13.550000190734863,14.125,6387200
2009-03-03,13.729999542236328,14.404999732971191,13.55500030517578,14.25,6027200
2009-03-04,14.145000457763672,14.265000343322754,13.454999923706056,14.140000343322754,5283800
2009-03-05,13.635000228881836,14.039999961853027,13.53499984741211,13.744999885559082,5659400
2009-03-06,13.800000190734863,14.104999542236328,13.479999542236328,13.890000343322754,6073000
2009-03-09,13.31999969482422,13.734999656677246,13.19499969482422,13.539999961853027,8284600
2009-03-10,14.994999885559082,15.0,13.44499969482422,13.44499969482422,7881800
2009-03-11,15.40999984741211,15.800000190734863,15.0,15.140000343322754,8858000
2009-03-12,16.139999389648438,16.145000457763672,15.229999542236328,15.335000038146973,7280200
2009-03-13,16.200000762939453,16.510000228881836,15.765000343322754,16.25,6769800
2009-03-16,16.575000762939453,17.5049991607666,16.5,16.575000762939453,7831400
2009-03-17,17.114999771118164,17.114999771118164,16.43000030517578,16.7549991607666,6910600
2009-03-18,17.264999389648438,17.559999465942383,16.4950008392334,16.9950008392334,8708600
2009-03-19,16.860000610351562,17.940000534057617,16.834999084472656,17.690000534057617,5800600
2009-03-20,16.655000686645508,17.03499984741211,16.46500015258789,16.979999542236328,4606800
2009-03-23,18.405000686645508,18.44499969482422,17.270000457763672,17.3799991607666,6051400
2009-03-24,17.670000076293945,18.28499984741211,17.600000381469727,18.280000686645508,5578400
2009-03-25,17.954999923706055,18.52499961853028,17.344999313354492,18.05500030517578,6545400
2009-03-26,17.969999313354492,18.21500015258789,17.649999618530273,18.21500015258789,5648600
2009-03-27,17.625,17.93000030517578,17.434999465942383,17.7549991607666,3867600
2009-03-30,16.459999084472656,17.2450008392334,16.3799991607666,17.2450008392334,4460600
2009-03-31,17.290000915527344,17.5049991607666,16.854999542236328,16.915000915527344,4818000
2009-04-01,17.6299991607666,17.719999313354492,16.6299991607666,16.899999618530273,4188600
2009-04-02,18.07999992370605,18.46999931335449,18.02499961853028,18.18000030517578,4002400
2009-04-03,18.76499938964844,18.770000457763672,18.030000686645508,18.030000686645508,4195600
2009-04-06,18.450000762939453,18.625,17.989999771118164,18.475000381469727,3213400
2009-04-07,17.985000610351562,18.20499992370605,17.700000762939453,18.059999465942383,2871600
2009-04-08,17.940000534057617,18.165000915527344,17.725000381469727,17.96500015258789,2635400
2009-04-09,18.98500061035156,19.07999992370605,18.559999465942383,18.6299991607666,3862200
2009-04-13,19.5,19.684999465942383,18.770000457763672,18.770000457763672,3515000
2009-04-14,19.549999237060547,20.200000762939453,19.520000457763672,19.709999084472656,5335200
2009-04-15,19.915000915527344,19.959999084472656,19.309999465942383,19.51499938964844,3446000
2009-04-16,20.27499961853028,20.420000076293945,19.690000534057617,20.299999237060547,3919200
2009-04-17,20.36000061035156,20.604999542236328,20.030000686645508,20.100000381469727,2919600
2009-04-20,19.01499938964844,19.78499984741211,18.96500015258789,19.78499984741211,3096600
2009-04-21,19.5049991607666,19.565000534057617,18.350000381469727,18.915000915527344,4439200
2009-04-22,19.104999542236328,19.670000076293945,19.104999542236328,19.19499969482422,3628600
2009-04-23,19.834999084472656,19.834999084472656,19.209999084472656,19.350000381469727,3540400
2009-04-24,20.049999237060547,20.26499938964844,19.799999237060547,20.049999237060547,3954800
2009-04-27,19.520000457763672,20.114999771118164,19.479999542236328,19.70499992370605,2768000
2009-04-28,19.31999969482422,19.614999771118164,19.059999465942383,19.165000915527344,2953600
2009-04-29,19.86000061035156,19.989999771118164,19.625,19.84000015258789,2607800
2009-04-30,19.709999084472656,20.440000534057617,19.700000762939453,20.23500061035156,3546200
2009-05-01,19.9950008392334,20.09499931335449,19.6299991607666,19.84499931335449,2850600
2009-05-04,20.940000534057617,20.940000534057617,20.23500061035156,20.46500015258789,3600400
2009-05-05,21.420000076293945,21.59499931335449,20.80500030517578,20.95499992370605,3320000
2009-05-06,22.1200008392334,22.20499992370605,21.53499984741211,21.690000534057617,3291600
2009-05-07,21.239999771118164,22.739999771118164,21.059999465942383,22.375,4131200
2009-05-08,22.0,22.045000076293945,21.02499961853028,21.75,3711600
2009-05-11,21.59000015258789,21.84499931335449,21.21500015258789,21.70499992370605,2351400
2009-05-12,21.20499992370605,21.96500015258789,20.76000022888184,21.96500015258789,2859800
2009-05-13,20.075000762939453,20.88999938964844,20.030000686645508,20.7450008392334,4448000
2009-05-14,20.52499961853028,20.809999465942383,20.165000915527344,20.200000762939453,3852000
2009-05-15,20.290000915527344,20.71500015258789,20.174999237060547,20.48500061035156,2598400
2009-05-18,21.100000381469727,21.125,20.39999961853028,20.625,1959200
2009-05-19,21.5049991607666,21.76000022888184,20.94499969482422,21.280000686645508,4093400
2009-05-20,21.8799991607666,22.225000381469727,21.77499961853028,21.920000076293945,4039000
2009-05-21,21.354999542236328,21.604999542236328,21.209999084472656,21.45499992370605,2828400
2009-05-22,21.434999465942383,21.94499969482422,21.299999237060547,21.604999542236328,2297400
2009-05-26,23.21999931335449,23.21999931335449,21.5,21.5,5573400
2009-05-27,22.5049991607666,23.34499931335449,22.44499969482422,23.209999084472656,4989200
2009-05-28,24.14999961853028,24.26499938964844,22.940000534057617,23.420000076293945,4826400
2009-05-29,25.45499992370605,25.4950008392334,24.229999542236328,24.5,5773000
2009-06-01,25.94499969482422,26.350000381469727,25.59000015258789,25.68000030517578,5770800
2009-06-02,26.700000762939453,26.875,25.905000686645508,26.030000686645508,4410600
2009-06-03,25.52499961853028,26.23500061035156,25.354999542236328,26.19499969482422,4464800
2009-06-04,26.19499969482422,26.2450008392334,25.614999771118164,25.665000915527344,3766000
2009-06-05,25.940000534057617,26.475000381469727,25.614999771118164,26.475000381469727,3986800
2009-06-08,26.325000762939453,26.420000076293945,25.655000686645508,25.725000381469727,2809600
2009-06-09,26.145000457763672,26.8799991607666,26.09499931335449,26.795000076293945,4262400
2009-06-10,25.834999084472656,26.405000686645508,25.45499992370605,26.31999969482422,4208600
2009-06-11,26.01499938964844,26.28499984741211,25.934999465942383,25.950000762939453,3376400
2009-06-12,25.739999771118164,25.80500030517578,25.5,25.75,2015000
2009-06-15,25.11000061035156,25.459999084472656,24.645000457763672,25.25,3283000
2009-06-16,24.920000076293945,25.45499992370605,24.770000457763672,25.34499931335449,2059400
2009-06-17,24.959999084472656,25.190000534057617,24.46999931335449,24.834999084472656,2868400
2009-06-18,25.190000534057617,25.350000381469727,24.76000022888184,24.95499992370605,1875200
2009-06-19,25.614999771118164,25.65999984741211,25.354999542236328,25.51499938964844,2185400
2009-06-22,24.71500015258789,25.05500030517578,24.52499961853028,25.040000915527344,2829800
2009-06-23,24.30500030517578,24.98500061035156,23.89999961853028,24.790000915527344,3294000
2009-06-24,24.684999465942383,24.8700008392334,24.395000457763672,24.6299991607666,2422200
2009-06-25,25.32999992370605,25.334999084472656,24.32999992370605,24.420000076293945,2543200
2009-06-26,26.209999084472656,26.34499931335449,25.239999771118164,25.39999961853028,3523600
2009-06-29,26.4950008392334,26.709999084472656,26.14999961853028,26.209999084472656,2552800
2009-06-30,25.854999542236328,26.61000061035156,25.76000022888184,26.440000534057617,3145800
2009-07-01,25.90999984741211,26.39999961853028,25.864999771118164,26.059999465942383,1097000
2009-07-02,24.75,25.82999992370605,24.75,25.68000030517578,1730400
2009-07-06,25.21999931335449,25.545000076293945,24.8799991607666,24.8799991607666,2416600
2009-07-07,24.61000061035156,25.459999084472656,24.600000381469727,25.30500030517578,2750600
2009-07-08,24.14999961853028,24.94499969482422,23.75,24.6299991607666,4443400
2009-07-09,24.26000022888184,24.479999542236328,23.950000762939453,24.45499992370605,2681800
2009-07-10,24.299999237060547,24.39999961853028,23.905000686645508,23.959999084472656,1774600
2009-07-13,25.239999771118164,25.2450008392334,24.13999938964844,24.5,2067400
2009-07-14,25.940000534057617,26.01499938964844,25.45499992370605,25.489999771118164,3023400
2009-07-15,26.924999237060547,27.05500030517578,26.450000762939453,26.450000762939453,2595800
2009-07-16,26.80500030517578,27.020000457763672,26.56999969482422,26.56999969482422,1927800
2009-07-17,26.825000762939453,26.950000762939453,26.59000015258789,26.770000457763672,1710600
2009-07-20,27.299999237060547,27.39999961853028,26.959999084472656,27.020000457763672,2021000
2009-07-21,27.059999465942383,27.59000015258789,26.875,27.5049991607666,2862200
2009-07-22,27.26000022888184,27.80500030517578,26.850000381469727,26.850000381469727,3407000
2009-07-23,28.26499938964844,28.30500030517578,27.209999084472656,27.209999084472656,2458000
2009-07-24,28.70499992370605,28.73500061035156,27.98500061035156,28.315000534057617,2457600
2009-07-27,29.13500022888184,29.34499931335449,28.575000762939453,28.729999542236328,2287000
2009-07-28,28.795000076293945,29.145000457763672,28.57999992370605,28.76499938964844,2643000
2009-07-29,28.3700008392334,28.489999771118164,27.96999931335449,28.420000076293945,2309800
2009-07-30,28.559999465942383,28.86000061035156,28.39999961853028,28.684999465942383,1670400
2009-07-31,29.31999969482422,29.56999969482422,28.559999465942383,28.559999465942383,2034800
2009-08-03,30.155000686645508,30.21999931335449,29.575000762939453,29.575000762939453,1564000
2009-08-04,30.125,30.315000534057617,29.575000762939453,30.145000457763672,1820600
2009-08-05,30.309999465942383,30.645000457763672,30.03499984741211,30.03499984741211,2255800
2009-08-06,29.3799991607666,30.64999961853028,29.2549991607666,30.604999542236328,3890600
2009-08-07,29.434999465942383,29.780000686645508,29.25,29.709999084472656,2711000
2009-08-10,29.049999237060547,29.38500022888184,28.84499931335449,29.2549991607666,1517800
2009-08-11,28.11000061035156,28.68000030517578,27.940000534057617,28.55500030517578,2201000
2009-08-12,28.64999961853028,28.940000534057617,28.01499938964844,28.21500015258789,1925400
2009-08-13,29.114999771118164,29.28499984741211,28.540000915527344,28.905000686645508,1692600
2009-08-14,28.80500030517578,29.31999969482422,28.350000381469727,29.18000030517578,1858400
2009-08-17,28.09000015258789,28.225000381469727,27.600000381469727,28.01000022888184,1637400
2009-08-18,28.405000686645508,28.53499984741211,28.01000022888184,28.01000022888184,1961400
2009-08-19,28.975000381469727,29.07999992370605,27.76000022888184,27.854999542236328,2183600
2009-08-20,29.100000381469727,29.15999984741211,28.86000061035156,28.90999984741211,1511200
2009-08-21,29.5049991607666,29.61000061035156,29.174999237060547,29.295000076293945,2050600
2009-08-24,29.38999938964844,30.020000457763672,29.170000076293945,29.70499992370605,2230200
2009-08-25,30.239999771118164,30.459999084472656,29.45499992370605,29.45499992370605,1854200
2009-08-26,30.27499961853028,30.46999931335449,29.475000381469727,30.0049991607666,2624600
2009-08-27,31.3700008392334,32.10499954223633,30.645000457763672,31.19499969482422,4071000
2009-08-28,30.799999237060547,31.56999969482422,30.69499969482422,31.450000762939453,2304000
2009-08-31,30.84000015258789,30.895000457763672,30.0,30.100000381469727,3242800
2009-09-01,29.905000686645508,31.19499969482422,29.8799991607666,30.834999084472656,4463400
2009-09-02,29.174999237060547,29.68000030517578,29.165000915527344,29.51000022888184,3145000
2009-09-03,29.864999771118164,29.88500022888184,29.270000457763672,29.44499969482422,2537800
2009-09-04,30.924999237060547,30.924999237060547,30.174999237060547,30.174999237060547,2804800
2009-09-08,31.174999237060547,31.809999465942383,30.875,31.65999984741211,3130000
2009-09-09,30.770000457763672,31.350000381469727,30.61000061035156,31.23500061035156,3311000
2009-09-10,30.864999771118164,30.95499992370605,30.53499984741211,30.80500030517578,2088600
2009-09-11,30.920000076293945,31.06999969482422,30.700000762939453,30.8700008392334,2294400
2009-09-14,30.979999542236328,31.02499961853028,30.3799991607666,30.3799991607666,1958200
2009-09-15,31.68000030517578,31.7549991607666,30.96500015258789,31.190000534057617,2551400
2009-09-16,32.165000915527344,32.20000076293945,31.690000534057617,31.815000534057617,2413800
2009-09-17,32.025001525878906,32.30500030517578,31.864999771118164,31.975000381469727,4051600
2009-09-18,32.10499954223633,32.150001525878906,31.895000457763672,32.1349983215332,2181000
2009-09-21,31.53499984741211,31.875,31.36000061035156,31.875,2009200
2009-09-22,32.19499969482422,32.25,31.7450008392334,31.93000030517578,2408200
2009-09-23,31.975000381469727,32.64500045776367,31.86000061035156,32.27000045776367,4029200
2009-09-24,31.165000915527344,32.18000030517578,30.9950008392334,32.1150016784668,2279600
2009-09-25,30.8799991607666,31.424999237060547,30.684999465942383,31.045000076293945,1657200
2009-09-28,31.670000076293945,31.75,30.854999542236328,30.940000534057617,1069200
2009-09-29,31.98500061035156,32.03499984741211,31.53499984741211,31.81999969482422,1726600
2009-09-30,32.224998474121094,32.435001373291016,31.76499938964844,32.25,2212600
2009-10-01,30.80500030517578,32.19499969482422,30.7450008392334,32.17499923706055,2612400
2009-10-02,30.049999237060547,30.63999938964844,29.96500015258789,30.170000076293945,2662600
2009-10-05,30.670000076293945,30.8799991607666,30.184999465942383,30.780000686645508,1949400
2009-10-06,30.61000061035156,31.559999465942383,30.334999084472656,30.9950008392334,2233600
2009-10-07,30.959999084472656,31.075000762939453,30.434999465942383,30.68000030517578,1520400
2009-10-08,31.155000686645508,31.36000061035156,30.975000381469727,31.2549991607666,1401400
2009-10-09,31.59499931335449,31.68000030517578,31.27499961853028,31.40999984741211,1148600
2009-10-12,31.684999465942383,31.88500022888184,31.55500030517578,31.770000457763672,465000
2009-10-13,31.239999771118164,31.850000381469727,31.19499969482422,31.545000076293945,1800400
2009-10-14,32.029998779296875,32.05500030517578,31.540000915527344,31.61000061035156,1714200
2009-10-15,31.84499931335449,32.095001220703125,31.645000457763672,31.81999969482422,1308600
2009-10-16,31.434999465942383,31.670000076293945,31.299999237060547,31.5,1444600
2009-10-19,31.82999992370605,31.915000915527344,31.375,31.46999931335449,1251200
2009-10-20,31.084999084472656,31.69499969482422,30.940000534057617,31.69499969482422,1716200
2009-10-21,30.71999931335449,31.459999084472656,30.559999465942383,30.975000381469727,3086600
2009-10-22,31.290000915527344,31.364999771118164,30.39999961853028,30.51499938964844,2083000
2009-10-23,30.82999992370605,31.34499931335449,30.549999237060547,31.31999969482422,1491600
2009-10-26,30.280000686645508,31.040000915527344,30.065000534057617,30.86000061035156,2089200
2009-10-27,29.209999084472656,30.26000022888184,29.15999984741211,30.26000022888184,2869400
2009-10-28,28.95499992370605,29.270000457763672,28.415000915527344,28.95499992370605,2643400
2009-10-29,29.645000457763672,29.71999931335449,28.89999961853028,29.21999931335449,1998200
2009-10-30,28.6200008392334,29.45499992370605,28.299999237060547,29.45499992370605,3500800
2009-11-02,28.9950008392334,29.100000381469727,28.520000457763672,28.725000381469727,2993800
2009-11-03,29.59499931335449,29.68000030517578,28.63500022888184,28.63500022888184,2301000
2009-11-04,29.59499931335449,30.21999931335449,29.575000762939453,29.950000762939453,2151800
2009-11-05,30.31999969482422,30.350000381469727,29.56999969482422,29.604999542236328,1466600
2009-11-06,29.9950008392334,30.440000534057617,29.684999465942383,29.93000030517578,1160800
2009-11-09,31.46500015258789,31.46500015258789,30.77499961853028,30.77499961853028,1411200
2009-11-10,31.5,31.70499992370605,31.225000381469727,31.225000381469727,1466800
2009-11-11,31.48500061035156,32.095001220703125,31.39999961853028,31.854999542236328,1657400
2009-11-12,31.489999771118164,31.75,31.354999542236328,31.44499969482422,2468400
2009-11-13,31.729999542236328,31.8700008392334,31.39999961853028,31.665000915527344,1630400
2009-11-16,31.979999542236328,32.33000183105469,31.780000686645508,32.0099983215332,1495000
2009-11-17,32.1349983215332,32.15999984741211,31.63999938964844,31.770000457763672,1270600
2009-11-18,32.369998931884766,32.42499923706055,32.064998626708984,32.209999084472656,1217400
2009-11-19,31.88999938964844,32.21500015258789,31.52499961853028,32.130001068115234,1385200
2009-11-20,31.440000534057617,31.65999984741211,31.30500030517578,31.625,1101800
2009-11-23,31.809999465942383,32.125,31.64999961853028,32.09000015258789,1481400
2009-11-24,31.73500061035156,31.95499992370605,31.395000457763672,31.90999984741211,2001000
2009-11-25,32.084999084472656,32.31999969482422,32.01499938964844,32.02000045776367,1484400
2009-11-27,31.145000457763672,31.36000061035156,30.375,30.48500061035156,891200
2009-11-30,31.520000457763672,31.6200008392334,31.239999771118164,31.239999771118164,1806000
2009-12-01,32.220001220703125,32.29499816894531,31.795000076293945,31.93000030517578,1645600
2009-12-02,32.22999954223633,32.459999084472656,32.09000015258789,32.31999969482422,1558200
2009-12-03,31.290000915527344,32.45000076293945,31.290000915527344,32.119998931884766,1952600
2009-12-04,30.915000915527344,32.0099983215332,30.625,31.8700008392334,2394000
2009-12-07,31.405000686645508,31.729999542236328,30.915000915527344,30.975000381469727,1548600
2009-12-08,30.88500022888184,31.125,30.5049991607666,31.059999465942383,1501200
2009-12-09,31.145000457763672,31.20499992370605,30.26000022888184,31.01000022888184,2303600
2009-12-10,31.0049991607666,31.36000061035156,30.76000022888184,31.28499984741211,1105400
2009-12-11,31.1299991607666,31.145000457763672,30.864999771118164,30.96999931335449,979800
2009-12-14,31.3700008392334,31.545000076293945,31.01000022888184,31.09499931335449,1009000
2009-12-15,30.709999084472656,31.225000381469727,30.655000686645508,31.225000381469727,1132800
2009-12-16,30.559999465942383,30.934999465942383,30.309999465942383,30.82999992370605,1765000
2009-12-17,30.030000686645508,30.440000534057617,29.934999465942383,30.18000030517578,1363800
2009-12-18,30.01499938964844,30.23500061035156,29.68000030517578,30.09000015258789,1294200
2009-12-21,30.51000022888184,30.64999961853028,30.34499931335449,30.364999771118164,816000
2009-12-22,30.94499969482422,31.02499961853028,30.450000762939453,30.700000762939453,1324200
2009-12-23,30.864999771118164,31.315000534057617,30.815000534057617,31.174999237060547,916000
2009-12-24,31.049999237060547,31.075000762939453,30.82999992370605,30.88999938964844,427400
2009-12-28,30.854999542236328,31.20499992370605,30.69499969482422,31.05500030517578,674400
2009-12-29,31.229999542236328,31.48500061035156,31.0,31.0,961000
2009-12-30,30.9950008392334,31.13999938964844,30.88500022888184,31.01000022888184,609400
2009-12-31,31.36000061035156,31.51499938964844,31.165000915527344,31.165000915527344,1077400
2010-01-04,31.45499992370605,31.64999961853028,31.200000762939453,31.63500022888184,1412800
2010-01-05,31.31999969482422,31.700000762939453,31.2549991607666,31.6299991607666,1144800
2010-01-06,31.209999084472656,31.450000762939453,31.13999938964844,31.309999465942383,824400
2010-01-07,30.799999237060547,31.21999931335449,30.76499938964844,31.21999931335449,1829800
2010-01-08,30.895000457763672,30.979999542236328,30.690000534057617,30.825000762939453,1285800
2010-01-11,31.020000457763672,31.13999938964844,30.834999084472656,31.045000076293945,1089800
2010-01-12,30.8700008392334,30.88500022888184,30.600000381469727,30.815000534057617,1113000
2010-01-13,31.19499969482422,31.334999084472656,30.71500015258789,30.88999938964844,1136800
2010-01-14,31.420000076293945,31.489999771118164,31.030000686645508,31.270000457763672,716800
2010-01-15,30.81999969482422,31.45499992370605,30.700000762939453,31.325000762939453,1348400
2010-01-19,31.100000381469727,31.27499961853028,30.84499931335449,30.895000457763672,1478000
2010-01-20,30.55500030517578,30.625,30.225000381469727,30.540000915527344,1163800
2010-01-21,29.57999992370605,30.479999542236328,29.549999237060547,30.415000915527344,2192600
2010-01-22,29.190000534057617,29.46999931335449,28.89999961853028,29.39999961853028,2602200
2010-01-25,29.46500015258789,29.68000030517578,28.95499992370605,29.34000015258789,1904800
2010-01-26,29.38999938964844,29.739999771118164,28.924999237060547,29.200000762939453,1648000
2010-01-27,29.559999465942383,29.63500022888184,29.25,29.43000030517578,1798800
2010-01-28,29.59000015258789,29.940000534057617,29.325000762939453,29.75,2245000
2010-01-29,29.479999542236328,29.86000061035156,29.375,29.61000061035156,1999200
2010-02-01,29.924999237060547,29.95499992370605,29.51499938964844,29.69499969482422,1808800
2010-02-02,30.125,30.174999237060547,29.81999969482422,29.940000534057617,2110000
2010-02-03,29.8700008392334,30.07999992370605,29.6200008392334,29.924999237060547,1716800
2010-02-04,29.225000381469727,29.700000762939453,29.184999465942383,29.700000762939453,2611800
2010-02-05,29.450000762939453,29.450000762939453,28.89999961853028,29.170000076293945,2875000
2010-02-08,29.2549991607666,29.69499969482422,29.14999961853028,29.39999961853028,1730400
2010-02-09,29.780000686645508,30.05500030517578,29.489999771118164,29.684999465942383,2582000
2010-02-10,30.270000457763672,30.3700008392334,29.76000022888184,29.76000022888184,1955600
2010-02-11,31.01000022888184,31.13500022888184,30.19499969482422,30.364999771118164,2499200
2010-02-12,31.049999237060547,31.06999969482422,30.670000076293945,30.815000534057617,1731000
2010-02-16,31.479999542236328,31.57999992370605,31.21500015258789,31.2450008392334,1438000
2010-02-17,31.61000061035156,31.81999969482422,31.43000030517578,31.489999771118164,1183200
2010-02-18,31.7450008392334,31.834999084472656,31.57999992370605,31.655000686645508,1359400
2010-02-19,31.934999465942383,32.02000045776367,31.479999542236328,31.545000076293945,1983200
2010-02-22,31.80500030517578,32.08000183105469,31.674999237060547,31.95499992370605,1168000
2010-02-23,31.209999084472656,31.799999237060547,31.049999237060547,31.674999237060547,2019400
2010-02-24,31.415000915527344,31.59000015258789,31.13500022888184,31.2450008392334,1506400
2010-02-25,31.600000381469727,31.69499969482422,30.729999542236328,30.854999542236328,1794000
2010-02-26,31.94499969482422,32.05500030517578,31.489999771118164,31.690000534057617,1629000
2010-03-01,32.380001068115234,32.41999816894531,32.09000015258789,32.09000015258789,1472800
2010-03-02,32.91999816894531,33.09000015258789,32.6349983215332,32.7400016784668,1954600
2010-03-03,33.099998474121094,33.314998626708984,32.90999984741211,33.095001220703125,1667600
2010-03-04,33.84000015258789,33.939998626708984,33.560001373291016,33.73500061035156,2183800
2010-03-05,34.44499969482422,34.525001525878906,34.040000915527344,34.15999984741211,2464800
2010-03-08,34.494998931884766,34.77000045776367,34.41999816894531,34.630001068115234,1707400
2010-03-09,34.27000045776367,34.654998779296875,34.14500045776367,34.43000030517578,1704400
2010-03-10,34.60499954223633,34.72999954223633,34.189998626708984,34.189998626708984,1413800
2010-03-11,34.88999938964844,34.88999938964844,34.209999084472656,34.44499969482422,1572200
2010-03-12,35.39500045776367,35.54999923706055,35.05500030517578,35.05500030517578,1795400
2010-03-15,35.915000915527344,35.96500015258789,35.34000015258789,35.415000915527344,1735800
2010-03-16,36.97999954223633,36.994998931884766,36.09000015258789,36.20500183105469,3914000
2010-03-17,36.86000061035156,37.13999938964844,36.709999084472656,37.03499984741211,2268400
2010-03-18,36.59000015258789,36.86000061035156,36.375,36.755001068115234,1884400
2010-03-19,36.755001068115234,36.869998931884766,36.42499923706055,36.755001068115234,2076000
2010-03-22,37.08000183105469,37.15999984741211,36.29999923706055,36.32500076293945,1980800
2010-03-23,37.459999084472656,37.52999877929688,37.19499969482422,37.19499969482422,2578400
2010-03-24,37.04999923706055,37.20000076293945,36.90999984741211,37.15999984741211,1677600
2010-03-25,37.310001373291016,37.72999954223633,37.209999084472656,37.334999084472656,2696400
2010-03-26,37.025001525878906,37.36000061035156,36.560001373291016,37.29499816894531,3040000
2010-03-29,37.02999877929688,37.27000045776367,36.69499969482422,37.23500061035156,3487800
2010-03-30,37.25,37.31999969482422,37.05500030517578,37.05500030517578,2049800
2010-03-31,37.290000915527344,37.400001525878906,37.0,37.36000061035156,2197800
2010-04-01,37.255001068115234,37.345001220703125,36.869998931884766,37.21500015258789,2047600
2010-04-05,36.834999084472656,37.40999984741211,36.7400016784668,37.40999984741211,1679600
2010-04-06,37.060001373291016,37.25,36.720001220703125,36.775001525878906,1779000
2010-04-07,36.505001068115234,37.08000183105469,36.3650016784668,36.869998931884766,1605000
2010-04-08,36.90999984741211,37.04499816894531,35.95000076293945,36.209999084472656,1333800
2010-04-09,36.93999862670898,37.13999938964844,36.72499847412109,36.82500076293945,1152000
2010-04-12,37.09000015258789,37.26499938964844,36.77999877929688,36.81499862670898,778200
2010-04-13,37.20000076293945,37.27999877929688,36.81999969482422,36.959999084472656,1299200
2010-04-14,38.31999969482422,38.459999084472656,37.34999847412109,37.34999847412109,2362400
2010-04-15,38.32500076293945,38.78499984741211,38.005001068115234,38.244998931884766,1925000
2010-04-16,37.56499862670898,38.54999923706055,37.47999954223633,38.275001525878906,2627000
2010-04-19,37.845001220703125,37.8849983215332,37.05500030517578,37.3650016784668,1866000
2010-04-20,38.20500183105469,38.630001068115234,38.13999938964844,38.29999923706055,2155800
2010-04-21,38.32500076293945,38.4900016784668,37.92499923706055,38.29999923706055,1782800
2010-04-22,38.41999816894531,38.45500183105469,37.79499816894531,38.02000045776367,1735600
2010-04-23,38.400001525878906,38.52999877929688,38.04999923706055,38.290000915527344,1399800
2010-04-26,38.2599983215332,38.58000183105469,38.19499969482422,38.400001525878906,1382000
2010-04-27,37.084999084472656,38.26499938964844,37.040000915527344,38.005001068115234,2287800
2010-04-28,37.04999923706055,37.375,36.75,37.345001220703125,2264800
2010-04-29,37.744998931884766,38.060001373291016,37.27000045776367,37.29999923706055,1815000
2010-04-30,37.22999954223633,37.90499877929688,37.165000915527344,37.8849983215332,1654600
2010-05-03,37.45500183105469,37.665000915527344,37.31499862670898,37.619998931884766,1125200
2010-05-04,36.470001220703125,37.119998931884766,36.20000076293945,37.119998931884766,1921400
2010-05-05,35.72999954223633,36.125,35.32500076293945,35.900001525878906,2031000
2010-05-06,34.279998779296875,35.47999954223633,32.28499984741211,35.380001068115234,4845800
2010-05-07,34.38999938964844,34.814998626708984,33.529998779296875,34.650001525878906,5620800
2010-05-10,36.02000045776367,36.619998931884766,35.61000061035156,36.15999984741211,2628000
2010-05-11,36.07500076293945,36.630001068115234,35.78499984741211,35.8650016784668,2569800
2010-05-12,36.744998931884766,36.775001525878906,36.13999938964844,36.43000030517578,2107000
2010-05-13,36.40999984741211,37.05500030517578,36.334999084472656,36.73500061035156,2163000
2010-05-14,35.44499969482422,36.005001068115234,34.97999954223633,36.005001068115234,2003000
2010-05-17,34.935001373291016,35.5099983215332,34.29499816894531,35.505001068115234,2476800
2010-05-18,34.755001068115234,35.619998931884766,34.5099983215332,35.47999954223633,2284600
2010-05-19,34.79499816894531,35.125,33.939998626708984,34.39500045776367,3264000
2010-05-20,32.904998779296875,33.845001220703125,32.834999084472656,33.755001068115234,5758400
2010-05-21,33.72999954223633,33.72999954223633,32.224998474121094,32.720001220703125,4888600
2010-05-24,33.290000915527344,33.939998626708984,33.26499938964844,33.82500076293945,1718400
2010-05-25,33.65999984741211,33.665000915527344,32.20000076293945,32.55500030517578,3972600
2010-05-26,34.17499923706055,34.60499954223633,33.94499969482422,34.275001525878906,3745800
2010-05-27,34.900001525878906,35.06999969482422,34.369998931884766,34.505001068115234,2743600
2010-05-28,34.23500061035156,35.244998931884766,34.099998474121094,35.03499984741211,2569600
2010-06-01,33.56999969482422,34.584999084472656,33.54499816894531,33.75,2818000
2010-06-02,34.349998474121094,34.415000915527344,33.810001373291016,34.13999938964844,2422000
2010-06-03,34.25,34.564998626708984,33.900001525878906,34.2599983215332,2519800
2010-06-04,33.060001373291016,34.01499938964844,32.939998626708984,33.57500076293945,2596200
2010-06-07,32.790000915527344,33.42499923706055,32.779998779296875,33.220001220703125,2853000
2010-06-08,33.25,33.26499938964844,32.20000076293945,33.04499816894531,3082800
2010-06-09,33.04499816894531,33.810001373291016,32.91999816894531,33.619998931884766,2147800
2010-06-10,34.0099983215332,34.02000045776367,33.54999923706055,33.76499938964844,1786200
2010-06-11,34.099998474121094,34.13999938964844,33.6349983215332,33.724998474121094,1852800
2010-06-14,34.51499938964844,35.11000061035156,34.375,34.44499969482422,2324200
2010-06-15,35.72999954223633,35.779998779296875,34.70500183105469,34.724998474121094,2587000
2010-06-16,35.689998626708984,35.869998931884766,35.36000061035156,35.415000915527344,2024200
2010-06-17,35.564998626708984,35.8849983215332,35.25,35.8849983215332,1521000
2010-06-18,35.94499969482422,35.98500061035156,35.529998779296875,35.529998779296875,1312600
2010-06-21,35.9900016784668,36.59999847412109,35.79999923706055,36.415000915527344,1502200
2010-06-22,35.51499938964844,36.290000915527344,35.439998626708984,36.15499877929688,1813200
2010-06-23,34.91999816894531,35.18000030517578,34.31999969482422,34.95500183105469,2873800
2010-06-24,34.334999084472656,34.720001220703125,34.18000030517578,34.70500183105469,2122000
2010-06-25,34.45500183105469,34.619998931884766,34.1150016784668,34.560001373291016,1967200
2010-06-28,34.209999084472656,34.59000015258789,34.099998474121094,34.59000015258789,1658600
2010-06-29,32.625,33.529998779296875,32.43000030517578,33.470001220703125,3993400
2010-06-30,32.45500183105469,33.084999084472656,32.345001220703125,32.58000183105469,3198200
2010-07-01,32.04999923706055,32.66999816894531,31.459999084472656,32.224998474121094,1557800
2010-07-02,32.1349983215332,32.625,31.920000076293945,32.400001525878906,2407200
2010-07-06,33.13999938964844,33.224998474121094,32.6150016784668,32.685001373291016,3032600
2010-07-07,33.84000015258789,33.904998779296875,33.16999816894531,33.220001220703125,2645800
2010-07-08,33.935001373291016,34.48500061035156,33.435001373291016,34.400001525878906,2423600
2010-07-09,34.57500076293945,34.70000076293945,34.14500045776367,34.21500015258789,1835600
2010-07-12,34.564998626708984,34.78499984741211,34.29999923706055,34.560001373291016,1726400
2010-07-13,35.084999084472656,35.314998626708984,34.89500045776367,35.04499816894531,1906800
2010-07-14,35.0,35.33000183105469,34.755001068115234,35.01499938964844,1867200
2010-07-15,35.0,35.02000045776367,34.25,35.02000045776367,1802400
2010-07-16,34.04999923706055,34.78499984741211,34.0,34.78499984741211,2385800
2010-07-19,33.84000015258789,34.334999084472656,33.58000183105469,34.099998474121094,1851600
2010-07-20,34.29999923706055,34.30500030517578,33.2400016784668,33.28499984741211,1632400
2010-07-21,33.654998779296875,34.63999938964844,33.595001220703125,34.54999923706055,1865000
2010-07-22,34.220001220703125,34.45500183105469,34.03499984741211,34.060001373291016,1273200
2010-07-23,34.650001525878906,34.70500183105469,34.09000015258789,34.275001525878906,1454000
2010-07-26,35.36000061035156,35.375,34.650001525878906,34.720001220703125,1319600
2010-07-27,35.599998474121094,36.04499816894531,35.4900016784668,35.75,1685200
2010-07-28,35.810001373291016,36.0,35.540000915527344,35.540000915527344,1681800
2010-07-29,35.70500183105469,36.30500030517578,35.46500015258789,36.150001525878906,1600000
2010-07-30,35.595001220703125,35.900001525878906,35.025001525878906,35.5,1411000
2010-08-02,36.18000030517578,36.33000183105469,36.0,36.119998931884766,987400
2010-08-03,35.970001220703125,36.3849983215332,35.849998474121094,36.150001525878906,1652800
2010-08-04,36.42499923706055,36.5,35.875,36.025001525878906,1439400
2010-08-05,36.025001525878906,36.46500015258789,35.94499969482422,36.45000076293945,1240800
2010-08-06,35.560001373291016,35.7599983215332,35.025001525878906,35.685001373291016,1597000
2010-08-09,35.849998474121094,35.95500183105469,35.45500183105469,35.68000030517578,831000
2010-08-10,35.595001220703125,35.810001373291016,35.150001525878906,35.334999084472656,1235800
2010-08-11,34.310001373291016,34.959999084472656,34.209999084472656,34.959999084472656,1455400
2010-08-12,33.95000076293945,34.165000915527344,33.650001525878906,34.165000915527344,1394200
2010-08-13,34.08000183105469,34.255001068115234,33.849998474121094,33.94499969482422,1604000
2010-08-16,33.94499969482422,34.060001373291016,33.76499938964844,33.85499954223633,1000000
2010-08-17,34.310001373291016,34.54999923706055,33.869998931884766,34.47999954223633,1073600
2010-08-18,34.619998931884766,34.790000915527344,33.970001220703125,34.48500061035156,1376000
2010-08-19,33.82500076293945,34.51499938964844,33.66999816894531,34.48500061035156,1601000
2010-08-20,33.6150016784668,33.689998626708984,33.125,33.56999969482422,1319400
2010-08-23,33.525001525878906,33.8849983215332,33.415000915527344,33.82500076293945,1218800
2010-08-24,32.7400016784668,33.095001220703125,32.6349983215332,33.095001220703125,2416400
2010-08-25,32.75,32.88999938964844,32.040000915527344,32.5,2711600
2010-08-26,32.595001220703125,33.20500183105469,32.525001525878906,32.900001525878906,2007800
2010-08-27,34.01499938964844,34.11000061035156,32.41999816894531,32.689998626708984,2340200
2010-08-30,33.810001373291016,34.41999816894531,33.77000045776367,33.98500061035156,1871400
2010-08-31,33.755001068115234,34.23500061035156,33.470001220703125,33.69499969482422,1720800
2010-09-01,34.275001525878906,34.584999084472656,34.185001373291016,34.435001373291016,2107200
2010-09-02,34.68000030517578,34.70000076293945,34.19499969482422,34.380001068115234,1446400
2026-06-03,112.36000061035156,113.61499786376952,112.36000061035156,112.88999938964844,2156204
2026-06-04,113.75,114.5500030517578,112.6500015258789,112.94000244140624,1184414
2026-06-05,113.16000366210938,114.30999755859376,112.8000030517578,113.83999633789062,1737400
2026-06-08,114.16999816894533,114.52999877929688,113.5999984741211,113.86000061035156,873906
2026-06-09,114.63999938964844,115.37000274658205,113.4250030517578,115.0199966430664,1700139
2026-06-10,114.5,115.61000061035156,114.1750030517578,114.7300033569336,1687044
2026-06-11,116.25,116.41999816894533,114.43000030517578,115.0,1638352
2026-06-12,117.33000183105467,117.9499969482422,116.66500091552734,116.97000122070312,1692182
2026-06-15,117.33999633789062,118.5500030517578,116.4000015258789,118.36000061035156,1609192
2026-06-16,118.20999908447266,118.5999984741211,116.9800033569336,117.9800033569336,1377857
2026-06-17,118.5,119.63500213623047,117.08000183105469,117.05999755859375,1487900
