Function,"Symbol, Signal, Signal Date/Price[$]",Exit Signal Date/Price[$],Current Mark to Market and Holding Period,"Win Rate [%], History Tested, Number of Trades","Interval, Confirmation Status",Cancellation Level/Date,"Today Trading Date/Price[$], Today price vs Signal",Trading Days between Signal and Today Date,Signal Open Price,Signal Type,Track Level/Price($),Price on Latest Trading day vs Track Level,"Reference Upmove or Downmove start Date/Price($), end Date/Price($)",Backtested Returns(Win Trades) [%] (Max/Min/Avg),"Backtested Max Loss [%], Backtested Worst Single MTM during Hold Period [%]",Backtested Holding Period(Win Trades) (days) (Max/Min/Avg),Target Exit Date(Win Trades) (Max/Min/Avg),Backtested Strategy CAGR [%],CAGR of Buy and Hold [%],CAGR difference (Strategy - Buy and Hold) [%],Backtested Strategy Sharpe Ratio,Sharpe Ratio of Buy and Hold,Targets (Historic Rise or Fall to Pivot/Avg % Gain of Historic Winning trades/Function Specific Target/Horizontal/F-Stack 1/F-Stack 2/EMA 200) [$],Stop Loss (Recent Extrema/Horizontal/F-Stack 1/F-Stack 2/F-Track 1/F-Track 2/EMA 200) [$],Latest Past 6 Months Performance[%]/No. of Analysed Trades/Avg Holding Period (days) (Across ALL Assets),Forward Testing Win Rate[%]/No. of Analysed Trades/Avg Holding Period (days) (Across ALL Assets),"Level, Trendpulse start Date/Price($)",Trendpulse Breakout Date/Price($),Earliest Unconfirmed Signal Date/Price($),Time from Latest Trading day to Trendpulse Breakout day/Earliest Unconfirmed Signal day/Confirmed Signal day,% Change in Price on Latest Trading day vs Price on Trendpulse Breakout day/Earliest Unconfirmed Signal day/Confirmed Signal day,TrendPulse Start/End (Date and Price($)),Divergence Start/End (Date and Price [$]),Divergence Duration (days) (Max/Min/Avg),"Sigmashell, Success Rate of Past Analysis [%]",Spread,"Divergence observed with, Signal Type","Divergence Start (Date, Price)"
FRACTAL TRACK,"PPH, Long, 2026-05-17 (Price: 100.84)",No Exit Yet,"3.26%, 9 days","93.75%, Past 20 years, 16","Weekly, was CONFIRMED on 2026-05-17",Already confirmed,"2026-05-26 (Price: 104.13), 3.26% above",9 days,100.07,Upmove Bounce Back,38.2% (Price: 99.2444),4.92% above,"2025-04-13 (Price: 77.67), 2026-02-22 (Price: 112.58)",17.44%/6.28%/14.88%,"9.84%, 28.32%",6.1 years/3.3 months/1.7 year,2035-01-30/2026-10-07/2028-10-19,8.15%,3.85%,4.3%,0.85,0.15,103.9459/115.845/121.79/No Horizontal Resistance/120.2747/126.127/No EMA 200 Target,99.84/72.54/100.0174/96.0365/No F-Track Level/No F-Track Level/99.34,89.09%/55/1.4 year (Across ALL Assets),61.63%/172/7.4 months (Across ALL Assets),No Information,No Information,No Information,No Information,No Information,No Information,No Information,No Information,No Information,No Information,No Information,No Information
FRACTAL TRACK,"ATD.TO, Long, 2026-05-17 (Price: 78.46)",No Exit Yet,"-2.04%, 9 days","92.31%, Past 20 years, 13","Weekly, was CONFIRMED on 2026-05-17",Already confirmed,"2026-05-26 (Price: 76.86), 2.04% below",9 days,79.1,Upmove Bounce Back,50% (Price: 75.77),1.44% above,"2025-03-23 (Price: 65.95), 2026-03-01 (Price: 85.59)",25.17%/0.64%/14.06%,"2.07%, 20.51%",2.2 years/28 days/6.8 months,2029-07-07/2026-06-26/2027-03-08,9.98%,10.71%,-0.73%,0.97,0.57,87.4437/89.4915/90.24/85.53/85.3936/96.14/No EMA 200 Target,70.84/45.49/59.8475/53.4732/No F-Track Level/No F-Track Level/75.48,89.09%/55/1.4 year (Across ALL Assets),61.63%/172/7.4 months (Across ALL Assets),No Information,No Information,No Information,No Information,No Information,No Information,No Information,No Information,No Information,No Information,No Information,No Information
FRACTAL TRACK,"RELIANCE.NS, Long, 2026-04-26 (Price: 1327.8)",No Exit Yet,"2.15%, 1 month","91.3%, Past 20 years, 23","Weekly, was CONFIRMED on 2026-04-26",Already confirmed,"2026-05-26 (Price: 1356.3), 2.15% above",1 month,1363.2,Upmove Bounce Back,61.8% (Price: 1304.6849),3.96% above,"2025-04-13 (Price: 1114.85), 2026-01-11 (Price: 1611.8)",23.63%/4.72%/16.53%,"1.69%, 20.86%",2.6 years/14 days/6.7 months,2030-01-10/2026-05-16/2027-02-11,15.03%,9.05%,5.98%,1.32,0.46,1418.0904/1547.2853/1625.97/1610.3/1879.7264/2065.5547/1429.86,1200.1/1024.7604/1288.3015/1032.6763/No F-Track Level/No F-Track Level/No EMA 200 Stop Loss,89.09%/55/1.4 year (Across ALL Assets),61.63%/172/7.4 months (Across ALL Assets),No Information,No Information,No Information,No Information,No Information,No Information,No Information,No Information,No Information,No Information,No Information,No Information
FRACTAL TRACK,"BABA, Long, 2026-04-26 (Price: 135.82)",No Exit Yet,"-4.68%, 1 month","100.0%, Past 11 years, 9","Weekly, was CONFIRMED on 2026-04-26",Already confirmed,"2026-05-26 (Price: 129.47), 4.68% below",1 month,140.465,Upmove Bounce Back,38.2% (Price: 117.1824),10.49% above,"2024-01-28 (Price: 66.63), 2025-03-23 (Price: 148.43)",32.92%/16.45%/22.55%,"-0.0%, 31.31%",1.2 year/1.6 month/5.5 months,2028-01-11/2026-07-04/2026-12-20,16.77%,2.08%,14.69%,1.15,0.18,148.7365/166.4474/184.9/181.595/399.1612/524.2534/149.54,122.05/67.495/No F-Stack Support/No F-Stack Support/No F-Track Level/No F-Track Level/No EMA 200 Stop Loss,89.09%/55/1.4 year (Across ALL Assets),61.63%/172/7.4 months (Across ALL Assets),No Information,No Information,No Information,No Information,No Information,No Information,No Information,No Information,No Information,No Information,No Information,No Information
FRACTAL TRACK,"NVDA, Long, 2026-04-19 (Price: 201.68)",No Exit Yet,"6.54%, 1.2 month","100.0%, Past 20 years, 9","Weekly, was CONFIRMED on 2026-04-19",Already confirmed,"2026-05-26 (Price: 214.86), 6.54% above",1.2 month,186.03,Upmove Bounce Back,38.2% (Price: 164.2223),30.83% above,"2025-04-13 (Price: 86.62), 2025-11-02 (Price: 212.19)",23.94%/15.21%/19.58%,"0%, 43.1%",3.7 years/21 days/1 year,2031-07-31/2026-05-19/2027-09-22,15.33%,23.78%,-8.45%,2.53,0.99,239.495/241.1689/277.02/No Horizontal Resistance/239.8943/283.6698/No EMA 200 Target,167.52/13.9695/176.5924/152.8996/No F-Track Level/No F-Track Level/187.2,89.09%/55/1.4 year (Across ALL Assets),61.63%/172/7.4 months (Across ALL Assets),No Information,No Information,No Information,No Information,No Information,No Information,No Information,No Information,No Information,No Information,No Information,No Information
FRACTAL TRACK,"HDFCBANK.NS, Long, 2026-04-19 (Price: 799.9)",No Exit Yet,"-2.63%, 1.2 month","83.33%, Past 20 years, 18","Weekly, was CONFIRMED on 2026-04-19",Already confirmed,"2026-05-26 (Price: 778.9), 2.63% below",1.2 month,791.5,Upmove Bounce Back,38.2% (Price: 719.293),8.29% above,"2016-03-06 (Price: 232.0), 2025-10-26 (Price: 1020.5)",22.05%/6.26%/16.11%,"4.97%, 33.13%",1.6 year/2.6 months/7.6 months,2028-07-31/2026-08-09/2027-03-15,12.07%,10.58%,1.49%,1.38,0.56,877.1703/928.7639/1273.0/1009.6/1098.0619/1180.6259/921.39,750.9/640.9/765.1075/697.8792/No F-Track Level/No F-Track Level/No EMA 200 Stop Loss,89.09%/55/1.4 year (Across ALL Assets),61.63%/172/7.4 months (Across ALL Assets),No Information,No Information,No Information,No Information,No Information,No Information,No Information,No Information,No Information,No Information,No Information,No Information
FRACTAL TRACK,"QQQ, Long, 2026-04-19 (Price: 648.85)",No Exit Yet,"12.55%, 1.2 month","100.0%, Past 20 years, 12","Weekly, was CONFIRMED on 2026-04-19",Already confirmed,"2026-05-26 (Price: 730.28), 12.55% above",1.2 month,609.48,Upmove Bounce Back,23.66% (Price: 546.4514),33.64% above,"2022-10-16 (Price: 254.26), 2025-11-02 (Price: 637.01)",16.98%/4.94%/15.15%,"0%, 27.94%",1.9 year/3 months/7.8 months,2029-01-03/2026-08-27/2027-03-23,12.1%,10.4%,1.7%,3.99,0.65,729.9563/747.1508/878.5/No Horizontal Resistance/836.2536/910.0135/No EMA 200 Target,562.58/256.995/610.7303/563.3658/No F-Track Level/No F-Track Level/615.47,89.09%/55/1.4 year (Across ALL Assets),61.63%/172/7.4 months (Across ALL Assets),No Information,No Information,No Information,No Information,No Information,No Information,No Information,No Information,No Information,No Information,No Information,No Information
FRACTAL TRACK,"GBPUSD=X, Long, 2026-04-19 (Price: 1.3516)",No Exit Yet,"-0.49%, 1.2 month","100.0%, Past 20 years, 13","Weekly, was CONFIRMED on 2026-04-19",Already confirmed,"2026-05-26 (Price: 1.345), 0.49% below",1.2 month,1.339,Upmove Bounce Back,50% (Price: 1.343),0.15% above,"2025-11-09 (Price: 1.3012), 2026-02-01 (Price: 1.3847)",2.17%/1.1%/1.64%,"-0.0%, 8.98%",2.9 years/7.9 months/1.8 year,2030-06-09/2027-03-28/2028-11-12,3.11%,-1.16%,4.27%,-0.32,-0.6,No Target/1.3738/1.4/1.364/2.4421/3.2078/No EMA 200 Target,1.32/1.1912/No F-Stack Support/No F-Stack Support/No F-Track Level/No F-Track Level/1.34,89.09%/55/1.4 year (Across ALL Assets),61.63%/172/7.4 months (Across ALL Assets),No Information,No Information,No Information,No Information,No Information,No Information,No Information,No Information,No Information,No Information,No Information,No Information
FRACTAL TRACK,"KWEB, Long, 2026-04-19 (Price: 30.45)",No Exit Yet,"-10.48%, 1.2 month","100.0%, Past 12 years, 9","Weekly, was CONFIRMED on 2026-04-19",Already confirmed,"2026-05-26 (Price: 27.26), 10.48% below",1.2 month,28.35,Upmove Bounce Back,78.6% (Price: 27.1066),0.57% above,"2024-01-28 (Price: 22.68), 2025-10-05 (Price: 43.365)",30.12%/15.07%/18.79%,"-0.0%, 42.44%",2.3 years/1.6 month/9.6 months,2029-07-29/2026-06-27/2027-06-10,12.25%,0.44%,11.81%,1.18,0.07,No Target/36.1716/42.86/54.865/112.1402/127.8094/35.02,27.91/24.5062/No F-Stack Support/No F-Stack Support/No F-Track Level/No F-Track Level/No EMA 200 Stop Loss,89.09%/55/1.4 year (Across ALL Assets),61.63%/172/7.4 months (Across ALL Assets),No Information,No Information,No Information,No Information,No Information,No Information,No Information,No Information,No Information,No Information,No Information,No Information
FRACTAL TRACK,"GILD, Long, 2026-04-19 (Price: 137.64)",No Exit Yet,"-2.84%, 1.2 month","77.78%, Past 20 years, 9","Weekly, was CONFIRMED on 2026-04-19",Already confirmed,"2026-05-26 (Price: 133.73), 2.84% below",1.2 month,137.99,Upmove Bounce Back,23.66% (Price: 134.7609),0.76% below,"2024-06-02 (Price: 62.07), 2026-02-15 (Price: 157.29)",18.17%/15.12%/16.36%,"14.97%, 50.63%",9.3 years/1.9 month/3.1 years,2039-07-29/2026-07-10/2030-09-21,2.03%,8.23%,-6.2%,-0.14,0.43,No Target/160.1579/194.77/No Horizontal Resistance/154.7608/163.0355/No EMA 200 Target,134.25/57.18/121.083/104.5806/No F-Track Level/No F-Track Level/128.43,89.09%/55/1.4 year (Across ALL Assets),61.63%/172/7.4 months (Across ALL Assets),No Information,No Information,No Information,No Information,No Information,No Information,No Information,No Information,No Information,No Information,No Information,No Information
FRACTAL TRACK,"AIA.NZ, Long, 2026-04-19 (Price: 8.18)",No Exit Yet,"1.22%, 1.2 month","93.75%, Past 20 years, 16","Weekly, was CONFIRMED on 2026-04-19",Already confirmed,"2026-05-26 (Price: 8.28), 1.22% above",1.2 month,8.25,Upmove Bounce Back,78.6% (Price: 7.7534),6.79% above,"2025-07-20 (Price: 7.365), 2026-03-01 (Price: 9.18)",20.53%/2.63%/14.41%,"4.23%, 18.81%",2.3 years/2.1 months/1.1 year,2029-07-29/2026-07-19/2027-11-13,8.91%,4.78%,4.13%,0.79,0.23,8.571/9.3587/9.27/8.953/11.1706/12.8535/No EMA 200 Target,7.97/7.0/7.3934/6.6643/No F-Track Level/No F-Track Level/8.14,89.09%/55/1.4 year (Across ALL Assets),61.63%/172/7.4 months (Across ALL Assets),No Information,No Information,No Information,No Information,No Information,No Information,No Information,No Information,No Information,No Information,No Information,No Information
FRACTAL TRACK,"FRW.NZ, Long, 2026-04-19 (Price: 12.25)",No Exit Yet,"7.35%, 1.2 month","100.0%, Past 20 years, 14","Weekly, was CONFIRMED on 2026-04-19",Already confirmed,"2026-05-26 (Price: 13.15), 7.35% above",1.2 month,12.92,Upmove Bounce Back,23.66% (Price: 12.0583),9.05% above,"2003-10-19 (Price: 1.76), 2026-02-15 (Price: 15.25)",20.66%/2.33%/13.82%,"0%, 39.81%",3.7 years/3.7 months/1.1 year,2031-07-31/2026-09-26/2027-11-13,9.27%,4.4%,4.87%,1.81,0.2,12.4938/13.9429/20.34/14.94/16.2179/21.849/13.39,10.0/7.405/11.0078/7.8689/No F-Track Level/No F-Track Level/No EMA 200 Stop Loss,89.09%/55/1.4 year (Across ALL Assets),61.63%/172/7.4 months (Across ALL Assets),No Information,No Information,No Information,No Information,No Information,No Information,No Information,No Information,No Information,No Information,No Information,No Information
FRACTAL TRACK,"BDL.NS, Long, 2026-04-19 (Price: 1380.7)",No Exit Yet,"-3.68%, 1.2 month","85.71%, Past 8 years, 7","Weekly, was CONFIRMED on 2026-04-19",Already confirmed,"2026-05-26 (Price: 1329.9), 3.68% below",1.2 month,1316.0,Upmove Bounce Back,61.8% (Price: 1079.0012),23.25% above,"2023-10-29 (Price: 450.0), 2025-06-01 (Price: 2096.6001)",25.67%/16.13%/20.09%,"7.93%, 41.95%",5.8 months/1.6 month/3.9 months,2026-12-27/2026-06-27/2026-10-05,11.07%,18.53%,-7.46%,0.58,0.79,1554.3921/1658.0826/2368.66/1627.1/2336.9032/2616.0038/1431.58,1136.9/184.5375/1355.4768/1101.1152/No F-Track Level/No F-Track Level/No EMA 200 Stop Loss,89.09%/55/1.4 year (Across ALL Assets),61.63%/172/7.4 months (Across ALL Assets),No Information,No Information,No Information,No Information,No Information,No Information,No Information,No Information,No Information,No Information,No Information,No Information
FRACTAL TRACK,"BRK-B, Long, 2026-04-12 (Price: 479.9)",No Exit Yet,"0.78%, 1.5 month","95.65%, Past 20 years, 23","Weekly, was CONFIRMED on 2026-04-12",Already confirmed,"2026-05-26 (Price: 483.62), 0.78% above",1.5 month,475.66,Upmove Bounce Back,61.8% (Price: 478.7441),1.02% above,"2025-08-10 (Price: 455.19), 2025-11-30 (Price: 516.85)",19.45%/0.58%/14.32%,"0.28%, 26.48%",2.7 years/2.3 months/8.9 months,2030-02-17/2026-07-20/2027-05-03,11.09%,7.45%,3.64%,1.52,0.41,518.6279/548.6217/516.9/512.2133/630.85/709.9376/490.36,468.49/268.082/449.7662/405.99/No F-Track Level/No F-Track Level/No EMA 200 Stop Loss,89.09%/55/1.4 year (Across ALL Assets),61.63%/172/7.4 months (Across ALL Assets),No Information,No Information,No Information,No Information,No Information,No Information,No Information,No Information,No Information,No Information,No Information,No Information
FRACTAL TRACK,"FXI, Long, 2026-04-12 (Price: 36.25)",No Exit Yet,"-1.38%, 1.5 month","94.44%, Past 20 years, 18","Weekly, was CONFIRMED on 2026-04-12",Already confirmed,"2026-05-26 (Price: 35.75), 1.38% below",1.5 month,35.34,Upmove Bounce Back,38.2% (Price: 33.9245),5.38% above,"2024-01-28 (Price: 20.86), 2025-10-05 (Price: 42.0)",20.93%/0.55%/14.97%,"1.3%, 33.51%",4.3 years/2.3 months/1.8 year,2032-06-01/2026-07-20/2028-11-05,9.45%,1.08%,8.37%,0.97,0.04,37.5622/41.6766/48.93/42.105/90.5742/95.3274/38.56,34.85/20.865/No F-Stack Support/No F-Stack Support/No F-Track Level/No F-Track Level/No EMA 200 Stop Loss,89.09%/55/1.4 year (Across ALL Assets),61.63%/172/7.4 months (Across ALL Assets),No Information,No Information,No Information,No Information,No Information,No Information,No Information,No Information,No Information,No Information,No Information,No Information
FRACTAL TRACK,"GLD, Long, 2026-04-12 (Price: 437.13)",No Exit Yet,"-5.29%, 1.5 month","90.91%, Past 20 years, 11","Weekly, was CONFIRMED on 2026-04-12",Already confirmed,"2026-05-26 (Price: 414.0), 5.29% below",1.5 month,428.87,Upmove Bounce Back,23.66% (Price: 398.8103),3.81% above,"2005-02-13 (Price: 41.02), 2026-02-01 (Price: 509.7)",18.81%/2.16%/13.22%,"1.62%, 41.35%",8.4 years/3.5 months/3.7 years,2038-04-09/2026-09-11/2031-07-24,2.32%,6.39%,-4.07%,-0.13,0.37,471.6633/494.9186/718.34/No Horizontal Resistance/520.3579/624.146/No EMA 200 Target,413.38/150.8/424.4974/381.6561/No F-Track Level/No F-Track Level/400.62,89.09%/55/1.4 year (Across ALL Assets),61.63%/172/7.4 months (Across ALL Assets),No Information,No Information,No Information,No Information,No Information,No Information,No Information,No Information,No Information,No Information,No Information,No Information
FRACTAL TRACK,"EFN.TO, Long, 2026-04-12 (Price: 32.09)",No Exit Yet,"-13.06%, 1.5 month","90.0%, Past 20 years, 10","Weekly, was CONFIRMED on 2026-04-12",Already confirmed,"2026-05-26 (Price: 27.9), 13.06% below",1.5 month,30.62,Upmove Bounce Back,23.66% (Price: 29.9672),6.9% below,"2018-03-18 (Price: 3.21), 2025-11-02 (Price: 38.26)",27.12%/15.11%/17.81%,"4.16%, 79.1%",4.3 years/2.6 months/1 year,2032-06-01/2026-08-02/2027-09-15,7.3%,9.59%,-2.29%,0.41,0.48,35.7836/37.8052/53.12/34.925/45.1741/70.5281/34.5,30.11/12.67/29.5041/No stop loss/No F-Track Level/No F-Track Level/No EMA 200 Stop Loss,89.09%/55/1.4 year (Across ALL Assets),61.63%/172/7.4 months (Across ALL Assets),No Information,No Information,No Information,No Information,No Information,No Information,No Information,No Information,No Information,No Information,No Information,No Information
FRACTAL TRACK,"XLU, Long, 2026-04-05 (Price: 46.34)",No Exit Yet,"-2.18%, 1.7 month","100.0%, Past 20 years, 21","Weekly, was CONFIRMED on 2026-04-05",Already confirmed,"2026-05-26 (Price: 45.33), 2.18% below",1.7 month,46.17,Upmove Bounce Back,23.66% (Price: 44.8922),0.98% above,"2025-04-13 (Price: 35.51), 2026-03-01 (Price: 47.8)",18.94%/4.73%/14.27%,"0%, 42.71%",6.5 years/4.2 months/1.3 year,2035-07-16/2026-10-04/2028-02-11,10.6%,3.87%,6.73%,1.88,0.16,47.7163/52.9527/53.71/No Horizontal Resistance/49.4858/65.2454/No EMA 200 Target,42.51/29.8725/43.7042/35.4254/No F-Track Level/No F-Track Level/44.42,89.09%/55/1.4 year (Across ALL Assets),61.63%/172/7.4 months (Across ALL Assets),No Information,No Information,No Information,No Information,No Information,No Information,No Information,No Information,No Information,No Information,No Information,No Information
FRACTAL TRACK,"NFLX, Long, 2026-03-15 (Price: 95.31)",No Exit Yet,"-8.01%, 2.4 months","100.0%, Past 20 years, 12","Weekly, was CONFIRMED on 2026-03-15",Already confirmed,"2026-05-26 (Price: 87.68), 8.01% below",2.4 months,97.7,Upmove Bounce Back,50% (Price: 75.193),16.61% above,"2022-05-15 (Price: 16.271), 2025-07-06 (Price: 134.115)",29.59%/15.11%/21.13%,"-0.0%, 70.87%",2.7 years/21 days/10 months,2030-01-20/2026-04-14/2027-05-23,16.94%,20.5%,-3.56%,1.94,0.85,116.9454/115.449/166.02/No Horizontal Resistance/139.352/152.4292/101.73,76.87/34.8663/86.4764/77.567/No F-Track Level/No F-Track Level/No EMA 200 Stop Loss,89.09%/55/1.4 year (Across ALL Assets),61.63%/172/7.4 months (Across ALL Assets),No Information,No Information,No Information,No Information,No Information,No Information,No Information,No Information,No Information,No Information,No Information,No Information
FRACTAL TRACK,"CEN.NZ, Long, 2026-03-08 (Price: 9.4)",No Exit Yet,"-0.53%, 2.6 months","84.62%, Past 20 years, 13","Weekly, was CONFIRMED on 2026-03-08",Already confirmed,"2026-05-26 (Price: 9.35), 0.53% below",2.6 months,9.25,Upmove Bounce Back,38.2% (Price: 9.1207),2.51% above,"2024-09-29 (Price: 7.86), 2025-11-30 (Price: 9.9)",20.53%/10.13%/16.11%,"6.36%, 45.18%",11.3 years/6.5 months/3.9 years,2042-04-25/2026-12-15/2031-10-01,3.06%,1.18%,1.88%,-0.01,-0.02,9.7638/10.9143/10.62/9.85/11.2606/15.4512/No EMA 200 Target,9.25/6.86/8.6706/No stop loss/No F-Track Level/No F-Track Level/9.33,89.09%/55/1.4 year (Across ALL Assets),61.63%/172/7.4 months (Across ALL Assets),No Information,No Information,No Information,No Information,No Information,No Information,No Information,No Information,No Information,No Information,No Information,No Information
FRACTAL TRACK,"RELIANCE.NS, Long, 2026-02-22 (Price: 1419.4)",No Exit Yet,"-4.45%, 3.1 months","91.3%, Past 20 years, 23","Weekly, was CONFIRMED on 2026-02-22",Already confirmed,"2026-05-26 (Price: 1356.3), 4.45% below",3.1 months,1420.1,Upmove Bounce Back,23.66% (Price: 1325.1633),2.35% above,"2020-03-29 (Price: 400.3177), 2026-01-11 (Price: 1611.8)",23.63%/4.72%/16.53%,"1.69%, 20.86%",2.6 years/14 days/6.7 months,2029-11-08/2026-03-14/2026-12-10,15.03%,9.05%,5.98%,1.32,0.46,1515.9192/1654.0268/2146.29/1610.3/1879.7264/2065.5547/1429.86,1386.1/1006.0696/1375.0525/1288.3015/No F-Track Level/No F-Track Level/No EMA 200 Stop Loss,89.09%/55/1.4 year (Across ALL Assets),61.63%/172/7.4 months (Across ALL Assets),No Information,No Information,No Information,No Information,No Information,No Information,No Information,No Information,No Information,No Information,No Information,No Information
FRACTAL TRACK,"EFN.TO, Long, 2026-02-08 (Price: 35.44)",No Exit Yet,"-21.28%, 3.6 months","90.0%, Past 20 years, 10","Weekly, was CONFIRMED on 2026-02-08",Already confirmed,"2026-05-26 (Price: 27.9), 21.28% below",3.6 months,34.42,Upmove Bounce Back,38.2% (Price: 33.1947),15.95% below,"2025-02-09 (Price: 25.0), 2025-11-02 (Price: 38.26)",27.12%/15.11%/17.81%,"4.16%, 79.1%",4.3 years/2.6 months/1 year,2032-03-30/2026-05-31/2027-07-14,7.3%,9.59%,-2.29%,0.41,0.48,39.5191/41.7519/43.4/No Horizontal Resistance/45.1741/70.5281/No EMA 200 Target,34.35/12.67/29.5041/No stop loss/No F-Track Level/No F-Track Level/34.5,89.09%/55/1.4 year (Across ALL Assets),61.63%/172/7.4 months (Across ALL Assets),No Information,No Information,No Information,No Information,No Information,No Information,No Information,No Information,No Information,No Information,No Information,No Information
FRACTAL TRACK,"BABA, Long, 2026-01-25 (Price: 173.23)",No Exit Yet,"-25.26%, 4 months","100.0%, Past 11 years, 9","Weekly, was CONFIRMED on 2026-01-25",Already confirmed,"2026-05-26 (Price: 129.47), 25.26% below",4 months,161.83,Upmove Bounce Back,38.2% (Price: 144.5227),10.42% below,"2024-01-28 (Price: 66.63), 2025-10-05 (Price: 192.67)",32.92%/16.45%/22.55%,"-0.0%, 31.31%",1.2 year/1.6 month/5.5 months,2027-10-12/2026-04-04/2026-09-20,16.77%,2.08%,14.69%,1.15,0.18,189.7042/212.2934/248.85/No Horizontal Resistance/399.1612/524.2534/No EMA 200 Target,149.79/67.495/144.416/No stop loss/No F-Track Level/No F-Track Level/149.54,89.09%/55/1.4 year (Across ALL Assets),61.63%/172/7.4 months (Across ALL Assets),No Information,No Information,No Information,No Information,No Information,No Information,No Information,No Information,No Information,No Information,No Information,No Information
FRACTAL TRACK,"KWEB, Long, 2026-01-18 (Price: 35.71)",No Exit Yet,"-23.66%, 4.3 months","100.0%, Past 12 years, 9","Weekly, was CONFIRMED on 2026-01-18",Already confirmed,"2026-05-26 (Price: 27.26), 23.66% below",4.3 months,36.765,Upmove Bounce Back,38.2% (Price: 33.3776),18.33% below,"2022-10-30 (Price: 17.22), 2025-10-05 (Price: 43.365)",30.12%/15.07%/18.79%,"-0.0%, 42.44%",2.3 years/1.6 month/9.6 months,2029-04-29/2026-03-28/2027-03-11,12.25%,0.44%,11.81%,1.18,0.07,No Target/42.4199/51.4/54.865/112.1402/127.8094/No EMA 200 Target,34.83/24.5062/No F-Stack Support/No F-Stack Support/No F-Track Level/No F-Track Level/35.02,89.09%/55/1.4 year (Across ALL Assets),61.63%/172/7.4 months (Across ALL Assets),No Information,No Information,No Information,No Information,No Information,No Information,No Information,No Information,No Information,No Information,No Information,No Information
FRACTAL TRACK,"BDL.NS, Long, 2026-01-04 (Price: 1495.0)",No Exit Yet,"-11.04%, 4.7 months","85.71%, Past 8 years, 7","Weekly, was CONFIRMED on 2026-01-04",Already confirmed,"2026-05-26 (Price: 1329.9), 11.04% below",4.7 months,1498.0,Upmove Bounce Back,38.2% (Price: 1323.4512),0.49% above,"2020-03-29 (Price: 72.65), 2025-06-01 (Price: 2096.6001)",25.67%/16.13%/20.09%,"7.93%, 41.95%",5.8 months/1.6 month/3.9 months,2026-09-13/2026-03-14/2026-06-22,11.07%,18.53%,-7.46%,0.58,0.79,1683.071/1795.3455/2709.37/1643.7/2355.3598/2625.1645/No EMA 200 Target,1373.1/184.5375/1479.6462/1355.4768/No F-Track Level/No F-Track Level/1431.58,89.09%/55/1.4 year (Across ALL Assets),61.63%/172/7.4 months (Across ALL Assets),No Information,No Information,No Information,No Information,No Information,No Information,No Information,No Information,No Information,No Information,No Information,No Information
FRACTAL TRACK,"TRI.TO, Long, 2025-12-28 (Price: 181.76)",No Exit Yet,"-36.41%, 5 months","92.31%, Past 20 years, 13","Weekly, was CONFIRMED on 2025-12-28",Already confirmed,"2026-05-26 (Price: 115.59), 36.41% below",5 months,182.27,Upmove Bounce Back,88.6% (Price: 178.5402),35.26% below,"2023-10-29 (Price: 163.01), 2025-07-20 (Price: 299.24)",17.45%/1.4%/11.27%,"1.51%, 22.04%",1.5 year/1.6 month/5.6 months,2028-02-18/2026-03-07/2026-08-28,8.85%,4.54%,4.31%,0.91,0.21,213.0772/202.2444/263.5/240.8933/293.2329/455.2123/No EMA 200 Target,179.89/116.89/131.2534/93.0152/No F-Track Level/No F-Track Level/173.87,89.09%/55/1.4 year (Across ALL Assets),61.63%/172/7.4 months (Across ALL Assets),No Information,No Information,No Information,No Information,No Information,No Information,No Information,No Information,No Information,No Information,No Information,No Information
FRACTAL TRACK,"BTC-USD, Long, 2025-12-07 (Price: 90405.6406)",No Exit Yet,"-14.54%, 5.7 months","83.33%, Past 11 years, 6","Weekly, was CONFIRMED on 2025-12-07",Already confirmed,"2026-05-26 (Price: 77262.7891), 14.54% below",5.7 months,90389.1094,Upmove Bounce Back,38.2% (Price: 79559.2742),2.89% below,"2020-03-15 (Price: 4106.981), 2025-10-12 (Price: 126198.0703)",23.7%/15.62%/20.0%,"5.43%, 65.2%",2 years/14 days/6.6 months,2028-10-14/2025-12-27/2026-09-19,17.51%,37.63%,-20.12%,0.97,1.37,No Target/108486.7687/163660.29/124582.2656/128919.9935/139224.439/No EMA 200 Target,86805.01/18304.4229/89236.7557/81023.3741/No F-Track Level/No F-Track Level/81774.66,89.09%/55/1.4 year (Across ALL Assets),61.63%/172/7.4 months (Across ALL Assets),No Information,No Information,No Information,No Information,No Information,No Information,No Information,No Information,No Information,No Information,No Information,No Information
FRACTAL TRACK,"CRM, Long, 2025-12-07 (Price: 260.57)",No Exit Yet,"-31.27%, 5.7 months","96.15%, Past 20 years, 26","Weekly, was CONFIRMED on 2025-12-07",Already confirmed,"2026-05-26 (Price: 179.08), 31.27% below",5.7 months,228.67,Upmove Bounce Back,61.8% (Price: 219.0361),18.24% below,"2022-12-25 (Price: 126.34), 2024-12-08 (Price: 369.0)",20.66%/6.06%/15.55%,"5.25%, 41.38%",1.4 year/2.3 months/6.4 months,2027-12-05/2026-03-16/2026-09-11,15.57%,11.74%,3.83%,1.41,0.56,No Target/301.0886/406.17/368.045/354.7868/402.2468/No EMA 200 Target,227.11/156.1/253.2538/209.3181/No F-Track Level/No F-Track Level/222.07,89.09%/55/1.4 year (Across ALL Assets),61.63%/172/7.4 months (Across ALL Assets),No Information,No Information,No Information,No Information,No Information,No Information,No Information,No Information,No Information,No Information,No Information,No Information
FRACTAL TRACK,"GBPUSD=X, Long, 2025-11-23 (Price: 1.3085)",No Exit Yet,"2.79%, 6.1 months","100.0%, Past 20 years, 13","Weekly, was CONFIRMED on 2025-11-23",Already confirmed,"2026-05-26 (Price: 1.345), 2.79% above",6.1 months,1.3157,Upmove Bounce Back,38.2% (Price: 1.3144),2.33% above,"2025-01-19 (Price: 1.2101), 2025-07-06 (Price: 1.3789)",2.17%/1.1%/1.64%,"-0.0%, 8.98%",2.9 years/7.9 months/1.8 year,2030-01-13/2026-11-01/2028-06-18,3.11%,-1.16%,4.27%,-0.32,-0.6,No Target/1.33/1.41/1.4232/2.4421/3.2078/1.34,1.22/1.1912/No F-Stack Support/No F-Stack Support/No F-Track Level/No F-Track Level/No EMA 200 Stop Loss,89.09%/55/1.4 year (Across ALL Assets),61.63%/172/7.4 months (Across ALL Assets),No Information,No Information,No Information,No Information,No Information,No Information,No Information,No Information,No Information,No Information,No Information,No Information
FRACTAL TRACK,"KXS.TO, Long, 2025-11-23 (Price: 176.3)",No Exit Yet,"-18.53%, 6.1 months","90.0%, Past 11 years, 10","Weekly, was CONFIRMED on 2025-11-23",Already confirmed,"2026-05-26 (Price: 143.64), 18.53% below",6.1 months,172.62,Upmove Bounce Back,50% (Price: 165.965),13.45% below,"2022-06-19 (Price: 119.48), 2025-08-03 (Price: 212.45)",23.49%/6.23%/17.06%,"14.59%, 37.82%",1.4 year/1.6 month/9.6 months,2027-11-21/2026-01-31/2027-01-14,13.07%,15.1%,-2.03%,0.66,0.71,178.9445/206.3768/232.08/209.885/227.7644/245.4058/No EMA 200 Target,169.84/126.33/176.1333/151.1683/No F-Track Level/No F-Track Level/161.4,89.09%/55/1.4 year (Across ALL Assets),61.63%/172/7.4 months (Across ALL Assets),No Information,No Information,No Information,No Information,No Information,No Information,No Information,No Information,No Information,No Information,No Information,No Information
FRACTAL TRACK,"CNU.NZ, Long, 2025-11-02 (Price: 9.36)",No Exit Yet,"5.34%, 6.8 months","100.0%, Past 14 years, 11","Weekly, was CONFIRMED on 2025-11-02",Already confirmed,"2026-05-26 (Price: 9.86), 5.34% above",6.8 months,9.2,Upmove Bounce Back,38.2% (Price: 9.046),9.0% above,"2025-03-23 (Price: 7.535), 2025-09-07 (Price: 9.98)",29.62%/5.27%/16.24%,"0%, 27.27%",3.8 years/2.1 months/1.1 year,2031-04-06/2026-02-01/2027-05-29,13.11%,5.54%,7.57%,1.48,0.28,10.1771/10.8801/10.83/No Horizontal Resistance/10.0225/12.705/9.48,9.2/6.0983/9.3249/7.51/No F-Track Level/No F-Track Level/No EMA 200 Stop Loss,89.09%/55/1.4 year (Across ALL Assets),61.63%/172/7.4 months (Across ALL Assets),No Information,No Information,No Information,No Information,No Information,No Information,No Information,No Information,No Information,No Information,No Information,No Information
FRACTAL TRACK,"TRI.TO, Long, 2025-10-26 (Price: 227.55)",No Exit Yet,"-49.2%, 7.1 months","92.31%, Past 20 years, 13","Weekly, was CONFIRMED on 2025-10-26",Already confirmed,"2026-05-26 (Price: 115.59), 49.2% below",7.1 months,222.85,Upmove Bounce Back,38.2% (Price: 205.33),43.71% below,"2018-05-13 (Price: 53.4023), 2025-07-20 (Price: 299.24)",17.45%/1.4%/11.27%,"1.51%, 22.04%",1.5 year/1.6 month/5.6 months,2027-12-17/2026-01-03/2026-06-26,8.85%,4.54%,4.31%,0.91,0.21,266.7569/253.1949/375.05/240.8933/293.2329/316.3836/No EMA 200 Target,212.03/116.89/193.124/131.2534/No F-Track Level/No F-Track Level/173.87,89.09%/55/1.4 year (Across ALL Assets),61.63%/172/7.4 months (Across ALL Assets),No Information,No Information,No Information,No Information,No Information,No Information,No Information,No Information,No Information,No Information,No Information,No Information
FRACTAL TRACK,"BYDDY, Long, 2025-10-26 (Price: 13.37)",No Exit Yet,"-11.59%, 7.1 months","94.74%, Past 16 years, 19","Weekly, was CONFIRMED on 2025-10-26",Already confirmed,"2026-05-26 (Price: 11.82), 11.59% below",7.1 months,13.5,Upmove Bounce Back,38.2% (Price: 12.8378),7.93% below,"2015-08-30 (Price: 1.17), 2025-05-25 (Price: 20.05)",25.49%/15.19%/19.68%,"18.72%, 52.39%",2.6 years/1.2 month/9.4 months,2029-07-12/2025-12-17/2026-12-08,15.76%,6.59%,9.17%,0.95,0.38,16.9077/16.0012/24.7/13.9472/17.0759/19.2153/No EMA 200 Target,13.12/7.1075/12.4728/9.6555/No F-Track Level/No F-Track Level/13.02,89.09%/55/1.4 year (Across ALL Assets),61.63%/172/7.4 months (Across ALL Assets),No Information,No Information,No Information,No Information,No Information,No Information,No Information,No Information,No Information,No Information,No Information,No Information
FRACTAL TRACK,"CRM, Long, 2025-10-19 (Price: 243.08)",No Exit Yet,"-26.33%, 7.3 months","96.15%, Past 20 years, 26","Weekly, was CONFIRMED on 2025-10-19",Already confirmed,"2026-05-26 (Price: 179.08), 26.33% below",7.3 months,242.89,Upmove Bounce Back,38.2% (Price: 237.0276),24.45% below,"2011-12-25 (Price: 23.5225), 2024-12-08 (Price: 369.0)",20.66%/6.06%/15.55%,"5.25%, 41.38%",1.4 year/2.3 months/6.4 months,2027-10-17/2026-01-26/2026-07-24,15.57%,11.74%,3.83%,1.41,0.56,No Target/280.8789/450.37/368.045/354.7868/400.2507/No EMA 200 Target,240.36/156.1/209.3181/186.7031/No F-Track Level/No F-Track Level/222.07,89.09%/55/1.4 year (Across ALL Assets),61.63%/172/7.4 months (Across ALL Assets),No Information,No Information,No Information,No Information,No Information,No Information,No Information,No Information,No Information,No Information,No Information,No Information
FRACTAL TRACK,"KXS.TO, Long, 2025-10-12 (Price: 182.12)",No Exit Yet,"-21.13%, 7.5 months","90.0%, Past 11 years, 10","Weekly, was CONFIRMED on 2025-10-12",Already confirmed,"2026-05-26 (Price: 143.64), 21.13% below",7.5 months,185.01,Upmove Bounce Back,50% (Price: 170.79),15.9% below,"2023-10-29 (Price: 129.13), 2025-08-03 (Price: 212.45)",23.49%/6.23%/17.06%,"14.59%, 37.82%",1.4 year/1.6 month/9.6 months,2027-10-10/2025-12-20/2026-12-03,13.07%,15.1%,-2.03%,0.66,0.71,184.8518/213.1897/232.11/209.885/222.1498/245.5558/No EMA 200 Target,175.17/125.3967/177.4966/151.1683/No F-Track Level/No F-Track Level/161.4,89.09%/55/1.4 year (Across ALL Assets),61.63%/172/7.4 months (Across ALL Assets),No Information,No Information,No Information,No Information,No Information,No Information,No Information,No Information,No Information,No Information,No Information,No Information
FRACTAL TRACK,"BYDDY, Long, 2025-09-21 (Price: 14.53)",No Exit Yet,"-18.65%, 8.2 months","94.74%, Past 16 years, 19","Weekly, was CONFIRMED on 2025-09-21",Already confirmed,"2026-05-26 (Price: 11.82), 18.65% below",8.2 months,13.89,Upmove Bounce Back,50% (Price: 12.9234),8.54% below,"2021-05-16 (Price: 5.7967), 2025-05-25 (Price: 20.05)",25.49%/15.19%/19.68%,"18.72%, 52.39%",2.6 years/1.2 month/9.4 months,2029-06-07/2025-11-12/2026-11-03,15.76%,6.59%,9.17%,0.95,0.38,18.3746/17.3895/23.08/No Horizontal Resistance/17.0759/19.2153/No EMA 200 Target,13.34/7.1075/12.4728/9.6555/No F-Track Level/No F-Track Level/13.02,89.09%/55/1.4 year (Across ALL Assets),61.63%/172/7.4 months (Across ALL Assets),No Information,No Information,No Information,No Information,No Information,No Information,No Information,No Information,No Information,No Information,No Information,No Information
FRACTAL TRACK,"BDL.NS, Long, 2025-09-14 (Price: 1566.5)",No Exit Yet,"-15.1%, 8.5 months","85.71%, Past 8 years, 7","Weekly, was CONFIRMED on 2025-09-14",Already confirmed,"2026-05-26 (Price: 1329.9), 15.1% below",8.5 months,1451.0,Upmove Bounce Back,38.2% (Price: 1446.0159),8.03% below,"2023-02-19 (Price: 393.5), 2025-06-01 (Price: 2096.6001)",25.67%/16.13%/20.09%,"7.93%, 41.95%",5.8 months/1.6 month/3.9 months,2026-05-24/2025-11-22/2026-03-02,11.07%,18.53%,-7.46%,0.58,0.79,1763.5657/1881.2099/2588.36/No Horizontal Resistance/2355.3598/2625.1645/No EMA 200 Target,1435.7/184.5375/1479.6462/1355.4768/No F-Track Level/No F-Track Level/1431.58,89.09%/55/1.4 year (Across ALL Assets),61.63%/172/7.4 months (Across ALL Assets),No Information,No Information,No Information,No Information,No Information,No Information,No Information,No Information,No Information,No Information,No Information,No Information
FRACTAL TRACK,"BBTC.NS, Long, 2025-09-14 (Price: 1879.8)",No Exit Yet,"-18.44%, 8.5 months","100.0%, Past 20 years, 18","Weekly, was CONFIRMED on 2025-09-14",Already confirmed,"2026-05-26 (Price: 1533.2), 18.44% below",8.5 months,1850.0,Upmove Bounce Back,50% (Price: 1755.0),12.64% below,"2020-03-29 (Price: 535.0), 2024-10-06 (Price: 2975.0)",31.79%/15.04%/20.57%,"-0.0%, 49.07%",5.2 years/7 days/10.7 months,2033-02-15/2025-09-24/2026-12-22,15.98%,9.54%,6.44%,1.42,0.48,2218.54/2266.4749/3343.8/No Horizontal Resistance/3412.111/3657.8738/No EMA 200 Target,1753.7/846.25/1538.0338/1057.7422/No F-Track Level/No F-Track Level/1759.19,89.09%/55/1.4 year (Across ALL Assets),61.63%/172/7.4 months (Across ALL Assets),No Information,No Information,No Information,No Information,No Information,No Information,No Information,No Information,No Information,No Information,No Information,No Information
FRACTAL TRACK,"BYDDY, Long, 2025-08-17 (Price: 14.39)",No Exit Yet,"-17.86%, 9.4 months","94.74%, Past 16 years, 19","Weekly, was CONFIRMED on 2025-08-17",Already confirmed,"2026-05-26 (Price: 11.82), 17.86% below",9.4 months,14.15,Upmove Bounce Back,50% (Price: 13.66),13.47% below,"2024-02-11 (Price: 7.27), 2025-05-25 (Price: 20.05)",25.49%/15.19%/19.68%,"18.72%, 52.39%",2.6 years/1.2 month/9.4 months,2029-05-03/2025-10-08/2026-09-29,15.76%,6.59%,9.17%,0.95,0.38,18.1976/17.222/22.06/No Horizontal Resistance/17.0759/19.2153/No EMA 200 Target,14.23/7.1075/12.4728/9.6555/No F-Track Level/No F-Track Level/13.02,89.09%/55/1.4 year (Across ALL Assets),61.63%/172/7.4 months (Across ALL Assets),No Information,No Information,No Information,No Information,No Information,No Information,No Information,No Information,No Information,No Information,No Information,No Information
FRACTAL TRACK,"CRM, Long, 2025-06-15 (Price: 258.4)",No Exit Yet,"-30.7%, 11.5 months","96.15%, Past 20 years, 26","Weekly, was CONFIRMED on 2025-06-15",Already confirmed,"2026-05-26 (Price: 179.08), 30.7% below",11.5 months,272.85,Upmove Bounce Back,38.2% (Price: 253.4183),29.33% below,"2016-12-04 (Price: 66.43), 2024-12-08 (Price: 369.0)",20.66%/6.06%/15.55%,"5.25%, 41.38%",1.4 year/2.3 months/6.4 months,2027-06-13/2025-09-22/2026-03-20,15.57%,11.74%,3.83%,1.41,0.56,No Target/298.5812/439.94/368.045/354.7868/398.5273/No EMA 200 Target,240.76/156.1/253.2538/209.3181/No F-Track Level/No F-Track Level/222.07,89.09%/55/1.4 year (Across ALL Assets),61.63%/172/7.4 months (Across ALL Assets),No Information,No Information,No Information,No Information,No Information,No Information,No Information,No Information,No Information,No Information,No Information,No Information
FRACTAL TRACK,"TCS.NS, Long, 2025-04-27 (Price: 3448.0)",No Exit Yet,"-33.98%, 1.1 year","92.31%, Past 20 years, 13","Weekly, was CONFIRMED on 2025-04-27",Already confirmed,"2026-05-26 (Price: 2276.2), 33.98% below",1.1 year,3290.1001,Upmove Bounce Back,38.2% (Price: 3010.2925),24.39% below,"2011-08-28 (Price: 451.0), 2024-09-01 (Price: 4592.25)",27.95%/0.89%/16.89%,"2.51%, 25.46%",2 years/2.6 months/9.7 months,2028-03-04/2025-08-17/2026-06-22,11.84%,8.28%,3.56%,1.01,0.43,3825.2112/4030.3672/5932.75/4543.575/5051.5642/5692.579/No EMA 200 Target,3231.5/2911.025/2637.2425/2299.5932/No F-Track Level/No F-Track Level/2895.4,89.09%/55/1.4 year (Across ALL Assets),61.63%/172/7.4 months (Across ALL Assets),No Information,No Information,No Information,No Information,No Information,No Information,No Information,No Information,No Information,No Information,No Information,No Information
FRACTAL TRACK,"CRM, Long, 2025-04-27 (Price: 267.85)",No Exit Yet,"-33.14%, 1.1 year","96.15%, Past 20 years, 26","Weekly, was CONFIRMED on 2025-04-27",Already confirmed,"2026-05-26 (Price: 179.08), 33.14% below",1.1 year,240.43,Upmove Bounce Back,38.2% (Price: 230.0303),22.15% below,"2008-11-23 (Price: 5.205), 2024-12-08 (Price: 369.0)",20.66%/6.06%/15.55%,"5.25%, 41.38%",1.4 year/2.3 months/6.4 months,2027-04-25/2025-08-04/2026-01-30,15.57%,11.74%,3.83%,1.41,0.56,No Target/309.5007/486.13/368.045/354.7868/398.5273/No EMA 200 Target,240.76/156.1/253.2538/209.3181/No F-Track Level/No F-Track Level/222.07,89.09%/55/1.4 year (Across ALL Assets),61.63%/172/7.4 months (Across ALL Assets),No Information,No Information,No Information,No Information,No Information,No Information,No Information,No Information,No Information,No Information,No Information,No Information
DELTADRIFT,"TWR.NZ, Long, 2026-05-26 (Price: 1.905)",No Exit Yet,"0.0%, 0 days","70.0%, Past 4 years, 10","Daily, is CONFIRMED on 2026-05-26",Already confirmed,"2026-05-26 (Price: 1.905), 0.0% below",0 days,1.9,No Information,No Information,No Information,No Information,4.44%/2.36%/3.29%,"10.44%, 11.77%",2.5 months/1 day/16 days,2026-09-11/2026-05-27/2026-06-18,1.86%,11.2%,-9.34%,-0.11,0.64,1.9734/1.9677/1.97/No Horizontal Resistance/6.8847/7.4549/No EMA 200 Target,1.86/0.6518/1.8838/1.6498/1.8415/1.74/1.88,79.59%/196/16 days (Across ALL Assets),75.96%/570/16 days (Across ALL Assets),No Information,No Information,No Information,No Information,No Information,No Information,No Information,No Information,No Information,No Information,No Information,No Information
DELTADRIFT,"MCD, Long, 2026-05-24 (Price: 282.27)",No Exit Yet,"-1.07%, 2 days","100.0%, Past 15 years, 5","Weekly, was CONFIRMED on 2026-05-24",Already confirmed,"2026-05-26 (Price: 279.26), 1.07% below",2 days,275.82,No Information,No Information,No Information,No Information,14.58%/3.15%/7.28%,"0%, 3.2%",1.6 month/7 days/1.1 month,2026-08-01/2026-06-03/2026-07-10,6.97%,6.06%,0.91%,1.56,0.34,327.5179/302.8193/315.17/321.444/370.0426/590.3302/307.83,275.75/230.37/254.2758/233.8976/No F-Track Level/No F-Track Level/No EMA 200 Stop Loss,82.76%/29/1.6 month (Across ALL Assets),86.61%/127/2.1 months (Across ALL Assets),No Information,No Information,No Information,No Information,No Information,No Information,No Information,No Information,No Information,No Information,No Information,No Information
DELTADRIFT,"SJ.TO, Long, 2026-05-24 (Price: 73.96)",No Exit Yet,"3.1%, 2 days","71.43%, Past 15 years, 7","Weekly, was CONFIRMED on 2026-05-24",Already confirmed,"2026-05-26 (Price: 76.25), 3.1% above",2 days,73.12,No Information,No Information,No Information,No Information,10.34%/3.91%/7.32%,"13.98%, 15.76%",5.6 months/14 days/2.3 months,2027-01-22/2026-06-13/2026-08-31,3.72%,10.65%,-6.93%,0.05,0.59,81.2007/79.3739/80.29/84.3925/95.0177/123.2166/84.92,71.28/38.015/66.807/60.0601/No F-Track Level/No F-Track Level/No EMA 200 Stop Loss,82.76%/29/1.6 month (Across ALL Assets),86.61%/127/2.1 months (Across ALL Assets),No Information,No Information,No Information,No Information,No Information,No Information,No Information,No Information,No Information,No Information,No Information,No Information
DELTADRIFT,"BYDDY, Long, 2026-05-22 (Price: 11.6)",No Exit Yet,"1.9%, 4 days","75.0%, Past 4 years, 12","Daily, was CONFIRMED on 2026-05-22",Already confirmed,"2026-05-26 (Price: 11.82), 1.9% above",4 days,11.52,No Information,No Information,No Information,No Information,42.06%/3.25%/9.48%,"19.69%, 23.05%",28 days/5 days/13 days,2026-07-01/2026-05-29/2026-06-09,9.52%,10.73%,-1.21%,0.19,0.52,13.1219/12.6997/12.91/14.0729/17.0759/19.2153/13.02,11.5/7.1633/9.6555/8.3057/No F-Track Level/No F-Track Level/No EMA 200 Stop Loss,79.59%/196/16 days (Across ALL Assets),75.96%/570/16 days (Across ALL Assets),No Information,No Information,No Information,No Information,No Information,No Information,No Information,No Information,No Information,No Information,No Information,No Information
DELTADRIFT,"XLU, Long, 2026-05-19 (Price: 44.34)",2026-05-22 (Price: 45.35),"2.28%, 3 days","92.86%, Past 4 years, 14","Daily, was CONFIRMED on 2026-05-19",Already confirmed,"2026-05-26 (Price: 45.33), 2.23% above",7 days,43.82,No Information,No Information,No Information,No Information,4.04%/1.18%/2.66%,"8.55%, 8.55%",1.3 month/1 day/13 days,2026-07-14/2026-05-20/2026-06-06,9.69%,4.86%,4.83%,0.56,0.24,46.6191/45.5194/46.07/47.3425/49.4858/65.2454/44.42,43.87/29.8725/43.7042/35.4254/No F-Track Level/No F-Track Level/No EMA 200 Stop Loss,79.59%/196/16 days (Across ALL Assets),75.96%/570/16 days (Across ALL Assets),No Information,No Information,No Information,No Information,No Information,No Information,No Information,No Information,No Information,No Information,No Information,No Information
DELTADRIFT,"VGT, Long, 2026-05-17 (Price: 113.31)",No Exit Yet,"4.18%, 9 days","100.0%, Past 15 years, 6","Weekly, was CONFIRMED on 2026-05-17",Already confirmed,"2026-05-26 (Price: 118.05), 4.18% above",9 days,112.41,No Information,No Information,No Information,No Information,11.08%/7.01%/9.17%,"-0.0%, 4.8%",1.2 month/7 days/19 days,2026-07-08/2026-05-27/2026-06-13,9.89%,2.33%,7.56%,1.84,0.31,145.762/123.7005/134.73/704.335/No Next Fib Ext/No Next Fib Ext/662.27,104.16/No Horizontal Support/85.1743/No stop loss/No F-Track Level/No F-Track Level/No EMA 200 Stop Loss,82.76%/29/1.6 month (Across ALL Assets),86.61%/127/2.1 months (Across ALL Assets),No Information,No Information,No Information,No Information,No Information,No Information,No Information,No Information,No Information,No Information,No Information,No Information
DELTADRIFT,"SPOT, Long, 2026-05-01 (Price: 441.51)",2026-05-21 (Price: 489.93),"10.97%, 20 days","70.0%, Past 4 years, 10","Daily, was CONFIRMED on 2026-05-01",Already confirmed,"2026-05-26 (Price: 529.71), 19.98% above",25 days,450.785,No Information,No Information,No Information,No Information,14.75%/3.67%/9.64%,"16.71%, 16.71%",15 days/1 day/4 days,2026-05-22/2026-05-02/2026-05-06,5.76%,8.16%,-2.4%,0.13,0.44,457.7134/484.0716/470.89/No Horizontal Resistance/854.3544/922.2645/573.78,434.2/118.6/433.8097/410.2623/No F-Track Level/No F-Track Level/No EMA 200 Stop Loss,79.59%/196/16 days (Across ALL Assets),75.96%/570/16 days (Across ALL Assets),No Information,No Information,No Information,No Information,No Information,No Information,No Information,No Information,No Information,No Information,No Information,No Information
DELTADRIFT,"GILD, Long, 2026-04-23 (Price: 133.64)",No Exit Yet,"0.07%, 1.1 month","83.33%, Past 4 years, 6","Daily, was CONFIRMED on 2026-04-23",Already confirmed,"2026-05-26 (Price: 133.73), 0.07% above",1.1 month,134.02,No Information,No Information,No Information,No Information,5.29%/2.0%/3.2%,"6.53%, 9.04%",1.3 month/15 days/28 days,2026-06-18/2026-05-14/2026-06-02,4.7%,10.22%,-5.52%,0.2,0.58,135.5778/137.9165/136.75/No Horizontal Resistance/154.7608/163.0355/No EMA 200 Target,132.9/57.18/121.083/104.5806/No F-Track Level/No F-Track Level/128.43,79.59%/196/16 days (Across ALL Assets),75.96%/570/16 days (Across ALL Assets),No Information,No Information,No Information,No Information,No Information,No Information,No Information,No Information,No Information,No Information,No Information,No Information
DELTADRIFT,"BYD.TO, Long, 2026-04-19 (Price: 167.85)",No Exit Yet,"-12.61%, 1.2 month","83.33%, Past 15 years, 6","Weekly, was CONFIRMED on 2026-04-19",Already confirmed,"2026-05-26 (Price: 146.68), 12.61% below",1.2 month,161.85,No Information,No Information,No Information,No Information,17.64%/5.39%/10.47%,"23.95%, 24.98%",5.4 months/14 days/3.1 months,2026-12-09/2026-05-09/2026-08-31,5.46%,13.53%,-8.07%,0.15,0.7,170.6699/185.4239/178.05/254.5175/367.2583/388.6839/210.63,162.27/No Horizontal Support/147.1212/139.9966/No F-Track Level/No F-Track Level/No EMA 200 Stop Loss,82.76%/29/1.6 month (Across ALL Assets),86.61%/127/2.1 months (Across ALL Assets),No Information,No Information,No Information,No Information,No Information,No Information,No Information,No Information,No Information,No Information,No Information,No Information
DELTADRIFT,"TRI.TO, Long, 2026-04-19 (Price: 127.45)",No Exit Yet,"-9.31%, 1.2 month","85.71%, Past 15 years, 7","Weekly, was CONFIRMED on 2026-04-19",Already confirmed,"2026-05-26 (Price: 115.59), 9.31% below",1.2 month,115.52,No Information,No Information,No Information,No Information,15.31%/4.48%/8.0%,"20.63%, 20.63%",1.4 year/7 days/4.5 months,2028-04-16/2026-04-29/2026-10-31,4.41%,5.25%,-0.84%,0.15,0.26,129.4127/137.646/133.53/240.8933/293.2329/372.3374/173.87,113.99/No Horizontal Support/93.0152/69.3828/No F-Track Level/No F-Track Level/No EMA 200 Stop Loss,82.76%/29/1.6 month (Across ALL Assets),86.61%/127/2.1 months (Across ALL Assets),No Information,No Information,No Information,No Information,No Information,No Information,No Information,No Information,No Information,No Information,No Information,No Information
DELTADRIFT,"BBTC.NS, Long, 2026-04-12 (Price: 1487.4)",No Exit Yet,"3.08%, 1.5 month","71.43%, Past 15 years, 7","Weekly, was CONFIRMED on 2026-04-12",Already confirmed,"2026-05-26 (Price: 1533.2), 3.08% above",1.5 month,1410.0,No Information,No Information,No Information,No Information,33.68%/7.57%/15.74%,"19.06%, 19.06%",4.9 months/7 days/2.4 months,2026-11-10/2026-04-22/2026-07-25,5.17%,14.74%,-9.57%,0.19,0.66,1689.2402/1721.5168/1705.38/2145.0/3412.111/3761.7441/1759.19,1375.0/846.25/1057.7422/973.2526/No F-Track Level/No F-Track Level/No EMA 200 Stop Loss,82.76%/29/1.6 month (Across ALL Assets),86.61%/127/2.1 months (Across ALL Assets),No Information,No Information,No Information,No Information,No Information,No Information,No Information,No Information,No Information,No Information,No Information,No Information
DELTADRIFT,"MFT.NZ, Long, 2026-04-05 (Price: 58.99)",No Exit Yet,"-1.68%, 1.7 month","88.89%, Past 15 years, 9","Weekly, was CONFIRMED on 2026-04-05",Already confirmed,"2026-05-26 (Price: 58.0), 1.68% below",1.7 month,58.89,No Information,No Information,No Information,No Information,13.39%/6.64%/8.98%,"14.48%, 14.87%",21 days/7 days/12 days,2026-05-05/2026-04-15/2026-04-22,11.35%,8.93%,2.42%,0.62,0.51,65.4258/64.2873/64.86/85.45/105.252/119.9356/62.66,58.66/55.185/54.7158/45.8971/No F-Track Level/No F-Track Level/No EMA 200 Stop Loss,82.76%/29/1.6 month (Across ALL Assets),86.61%/127/2.1 months (Across ALL Assets),No Information,No Information,No Information,No Information,No Information,No Information,No Information,No Information,No Information,No Information,No Information,No Information
DELTADRIFT,"EBO.NZ, Long, 2026-03-29 (Price: 22.6)",2026-05-26 (Price: 19.69),"-12.88%, 1.9 month","75.0%, Past 15 years, 4","Weekly, was CONFIRMED on 2026-03-29",Already confirmed,"2026-05-26 (Price: 19.69), 12.88% below",1.9 month,21.83,No Information,No Information,No Information,No Information,6.05%/4.89%/5.47%,"11.57%, 11.86%",4.9 months/7 days/2.6 months,2026-10-27/2026-04-08/2026-07-19,2.05%,5.8%,-3.75%,-0.1,0.3,23.1582/23.8362/23.5/46.625/51.6772/55.325/27.08,21.86/No Horizontal Support/21.8462/19.4238/No F-Track Level/No F-Track Level/No EMA 200 Stop Loss,82.76%/29/1.6 month (Across ALL Assets),86.61%/127/2.1 months (Across ALL Assets),No Information,No Information,No Information,No Information,No Information,No Information,No Information,No Information,No Information,No Information,No Information,No Information
DELTADRIFT,"HDFCBANK.NS, Long, 2026-03-25 (Price: 782.3)",No Exit Yet,"-0.43%, 2.1 months","75.0%, Past 4 years, 12","Daily, was CONFIRMED on 2026-03-25",Already confirmed,"2026-05-26 (Price: 778.9), 0.43% below",2.1 months,768.2,No Information,No Information,No Information,No Information,5.57%/1.67%/2.48%,"8.2%, 8.72%",2.7 months/2 days/27 days,2026-07-20/2026-03-27/2026-05-03,2.68%,1.34%,1.34%,-0.06,-0.01,799.3541/801.701/800.53/1009.6/1098.0619/1305.7899/921.39,744.15/640.9/765.1075/697.8792/No F-Track Level/No F-Track Level/No EMA 200 Stop Loss,79.59%/196/16 days (Across ALL Assets),75.96%/570/16 days (Across ALL Assets),No Information,No Information,No Information,No Information,No Information,No Information,No Information,No Information,No Information,No Information,No Information,No Information
DELTADRIFT,"TCS.NS, Long, 2026-03-08 (Price: 2557.6001)",No Exit Yet,"-11.0%, 2.6 months","80.0%, Past 15 years, 5","Weekly, was CONFIRMED on 2026-03-08",Already confirmed,"2026-05-26 (Price: 2276.2), 11.0% below",2.6 months,2592.0,No Information,No Information,No Information,No Information,14.06%/3.68%/8.22%,"14.47%, 16.73%",1.9 month/21 days/1.2 month,2026-05-29/2026-04-07/2026-04-29,4.77%,7.06%,-2.29%,0.14,0.37,2743.0261/2767.8348/2755.43/4543.575/5051.5642/5692.579/2895.4,No Recent Minima/No Horizontal Support/2286.8248/1821.1782/No F-Track Level/No F-Track Level/No EMA 200 Stop Loss,82.76%/29/1.6 month (Across ALL Assets),86.61%/127/2.1 months (Across ALL Assets),No Information,No Information,No Information,No Information,No Information,No Information,No Information,No Information,No Information,No Information,No Information,No Information
TRENDPULSE,"3033.HK, Long, 2026-05-26 (Price: 4.84)",No Exit Yet,"0.0%, 0 days","81.82%, Past 4 years, 22","Daily, is CONFIRMED on 2026-05-26",Already confirmed,"2026-05-26 (Price: 4.84), 0.0% below",0 days,4.818,No Information,No Information,No Information,No Information,31.95%/2.06%/9.94%,"29.76%, 58.41%",2.7 months/6 days/21 days,2026-09-20/2026-06-03/2026-06-25,12.46%,-5.18%,17.64%,0.2,-0.12,5.2509/5.3211/5.89/5.805/No Next Fib Ext/No Next Fib Ext/5.4,4.67/3.196/No F-Stack Support/No F-Stack Support/No stop loss/No stop loss/No EMA 200 Stop Loss,90.31%/320/1.5 month (Across ALL Assets),80.18%/757/1.6 month (Across ALL Assets),"6, 2025-10-02 (Price: 6.595)",2026-05-22 (Price: 4.756),2026-05-26 (Price: 4.84),4/0/0 days,1.77% above/0.0% below/0.0% below,2025-10-02 (Price: 6.595)/2026-05-26 (Price: 4.7136),No Information,No Information,No Information,No Information,No Information,No Information
TRENDPULSE,"TD.TO, Long, 2026-05-25 (Price: 156.56)",No Exit Yet,"-0.72%, 1 day","95.45%, Past 4 years, 22","Daily, is CONFIRMED on 2026-05-25",Already confirmed,"2026-05-26 (Price: 155.44), 0.72% below",1 day,155.77,No Information,No Information,No Information,No Information,4.43%/0.31%/2.32%,"4.88%, 19.34%",1.4 month/4 days/12 days,2026-07-24/2026-05-30/2026-06-11,5.25%,11.6%,-6.35%,0.93,0.81,162.6972/160.1922/205.85/No Horizontal Resistance/No Target/201.9998/No EMA 200 Target,142.93/74.9133/128.6672/101.1064/No F-Track Level/No F-Track Level/124.07,90.31%/320/1.5 month (Across ALL Assets),80.18%/757/1.6 month (Across ALL Assets),"4, 2020-01-20 (Price: 74.41)",2026-05-21 (Price: 153.15),2026-05-25 (Price: 156.56),5/1/1 days,1.5% above/0.72% below/0.72% below,2020-01-20 (Price: 74.41)/2026-05-25 (Price: 150.8909),No Information,No Information,No Information,No Information,No Information,No Information
TRENDPULSE,"TSLA, Long, 2026-05-24 (Price: 426.01)",No Exit Yet,"1.78%, 2 days","100.0%, Past 10 years, 20","Weekly, is CONFIRMED on 2026-05-22",Already confirmed,"2026-05-26 (Price: 433.59), 1.78% above",2 days,419.355,No Information,No Information,No Information,No Information,91.2%/12.35%/39.19%,"0%, 49.37%",8.4 months/28 days/2.2 months,2027-05-24/2026-07-03/2026-08-27,30.03%,28.37%,1.66%,1.84,1.1,666.4074/592.9633/469.7/487.1467/541.282/564.9603/No EMA 200 Target,348.95/196.47/353.8797/223.4247/No F-Track Level/No F-Track Level/410.03,88.72%/133/4.6 months (Across ALL Assets),77.24%/369/4.1 months (Across ALL Assets),"2, 2025-12-28 (Price: 498.83)",2026-05-10 (Price: 428.35),2026-05-22 (Price: 426.01),16/4/2 days,1.22% above/1.78% above/1.78% above,2025-12-28 (Price: 498.83)/2026-05-24 (Price: 381.2956),No Information,No Information,No Information,No Information,No Information,No Information
TRENDPULSE,"SPY, Long, 2026-05-24 (Price: 745.64)",No Exit Yet,"0.66%, 2 days","100.0%, Past 10 years, 24","Weekly, is CONFIRMED on 2026-05-22",Already confirmed,"2026-05-26 (Price: 750.59), 0.66% above",2 days,739.83,No Information,No Information,No Information,No Information,9.31%/2.6%/4.31%,"0%, 32.23%",8.4 months/28 days/2.5 months,2027-05-24/2026-07-03/2026-09-09,8.51%,8.18%,0.33%,2.8,0.54,809.8396/777.7771/1066.47/No Horizontal Resistance/969.1148/1522.3697/No EMA 200 Target,634.09/412.1625/627.1849/415.8599/No F-Track Level/No F-Track Level/678.85,88.72%/133/4.6 months (Across ALL Assets),77.24%/369/4.1 months (Across ALL Assets),"4, 2016-04-24 (Price: 210.92)",2026-05-24 (Price: 745.64),2026-05-20 (Price: 741.25),2/6/2 days,0.66% above/1.26% above/0.66% above,2016-04-24 (Price: 210.92)/2026-05-24 (Price: 732.6906),No Information,No Information,No Information,No Information,No Information,No Information
TRENDPULSE,"MEL.NZ, Long, 2026-05-24 (Price: 5.9)",No Exit Yet,"0.0%, 2 days","100.0%, Past 10 years, 20","Weekly, is CONFIRMED on 2026-05-22",Already confirmed,"2026-05-26 (Price: 5.9), 0.0% below",2 days,5.83,No Information,No Information,No Information,No Information,24.31%/3.73%/10.23%,"-0.0%, 22.1%",3.3 months/1.4 month/1.8 month,2026-10-14/2026-07-23/2026-08-10,11.03%,7.59%,3.44%,0.58,0.4,6.4286/6.5036/6.42/6.825/7.4565/8.4213/No EMA 200 Target,5.35/4.3875/4.5145/3.5923/No F-Track Level/No F-Track Level/5.68,88.72%/133/4.6 months (Across ALL Assets),77.24%/369/4.1 months (Across ALL Assets),"2, 2024-06-02 (Price: 6.76)",2026-05-10 (Price: 5.76),2026-05-21 (Price: 5.91),16/5/2 days,2.43% above/0.17% below/0.0% below,2024-06-02 (Price: 6.76)/2026-05-24 (Price: 5.6629),No Information,No Information,No Information,No Information,No Information,No Information
TRENDPULSE,"ETH-USD, Long, 2026-05-22 (Price: 2133.1599)",No Exit Yet,"-1.11%, 3 days","79.55%, Past 4 years, 44","Daily, is CONFIRMED on 2026-05-22",Already confirmed,"2026-05-25 (Price: 2109.5601), 1.11% below",3 days,2127.3579,No Information,No Information,No Information,No Information,39.76%/2.88%/14.04%,"30.61%, 45.7%",3 months/5 days/26 days,2026-09-29/2026-05-29/2026-06-28,37.25%,32.4%,4.85%,0.34,0.9,2556.8055/2432.6555/3825.5/4922.7188/4650.1074/4887.278/2614.53,2114.36/1370.4997/1681.3515/1567.5825/No F-Track Level/No F-Track Level/No EMA 200 Stop Loss,90.31%/320/1.5 month (Across ALL Assets),80.18%/757/1.6 month (Across ALL Assets),"0, 2025-08-24 (Price: 4953.7329)",2026-05-20 (Price: 2114.3601),2026-05-22 (Price: 2133.1599),5/3/3 days,0.23% below/1.11% below/1.11% below,2025-08-24 (Price: 4953.7329)/2026-05-22 (Price: 2077.1553),No Information,No Information,No Information,No Information,No Information,No Information
TRENDPULSE,"ARM, Long, 2026-05-22 (Price: 306.51)",No Exit Yet,"4.8%, 4 days","85.71%, Past 4 years, 7","Daily, is CONFIRMED on 2026-05-22",Already confirmed,"2026-05-26 (Price: 321.22), 4.8% above",4 days,289.0565,No Information,No Information,No Information,No Information,17.15%/3.03%/9.14%,"11.36%, 41.47%",1.8 month/10 days/25 days,2026-08-08/2026-06-05/2026-06-27,21.81%,36.96%,-15.15%,0.46,1.35,333.9733/334.525/456.34/No Horizontal Resistance/No Next Fib Ext/No Next Fib Ext/No EMA 200 Target,114.38/165.49/No F-Stack Support/No F-Stack Support/No F-Track Level/No F-Track Level/147.07,90.31%/320/1.5 month (Across ALL Assets),80.18%/757/1.6 month (Across ALL Assets),"2, 2023-09-29 (Price: 56.79)",2026-05-21 (Price: 298.23),2026-05-22 (Price: 306.51),5/4/4 days,7.71% above/4.8% above/4.8% above,2023-09-29 (Price: 56.79)/2026-05-22 (Price: 274.0693),No Information,No Information,No Information,No Information,No Information,No Information
TRENDPULSE,"HDB, Long, 2026-05-21 (Price: 24.62)",No Exit Yet,"0.73%, 5 days","78.57%, Past 4 years, 14","Daily, is CONFIRMED on 2026-05-21",Already confirmed,"2026-05-26 (Price: 24.8), 0.73% above",5 days,24.47,No Information,No Information,No Information,No Information,6.63%/0.76%/4.24%,"0.81%, 14.63%",1.2 month/6 days/20 days,2026-07-12/2026-05-29/2026-06-18,11.62%,2.46%,9.16%,0.79,0.12,25.787/25.6639/30.52/39.5717/40.717/51.346/32.59,23.88/No Horizontal Support/21.1884/14.0692/No F-Track Level/No F-Track Level/No EMA 200 Stop Loss,90.31%/320/1.5 month (Across ALL Assets),80.18%/757/1.6 month (Across ALL Assets),"2, 2026-02-03 (Price: 34.46)",2026-05-20 (Price: 24.63),2026-05-21 (Price: 24.62),6/5/5 days,0.69% above/0.73% above/0.73% above,2026-02-03 (Price: 34.46)/2026-05-21 (Price: 24.0518),No Information,No Information,No Information,No Information,No Information,No Information
TRENDPULSE,"IBIT, Long, 2026-05-21 (Price: 44.0)",No Exit Yet,"-2.3%, 5 days","100.0%, Past 4 years, 8","Daily, is CONFIRMED on 2026-05-21",Already confirmed,"2026-05-26 (Price: 42.99), 2.3% below",5 days,43.745,No Information,No Information,No Information,No Information,7.07%/4.18%/5.87%,"-0.0%, 8.48%",1.8 month/6 days/23 days,2026-08-07/2026-05-29/2026-06-23,32.48%,18.15%,14.33%,1.51,0.79,49.3416/46.5828/59.53/70.855/88.9078/123.2518/51.82,43.5/41.99/No F-Stack Support/No F-Stack Support/No F-Track Level/No F-Track Level/No EMA 200 Stop Loss,90.31%/320/1.5 month (Across ALL Assets),80.18%/757/1.6 month (Across ALL Assets),"0, 2025-08-13 (Price: 69.89)",2026-05-21 (Price: 44.0),2026-05-21 (Price: 44.0),5/5/5 days,2.3% below/2.3% below/2.3% below,2025-08-13 (Price: 69.89)/2026-05-21 (Price: 43.7366),No Information,No Information,No Information,No Information,No Information,No Information
TRENDPULSE,"PG, Long, 2026-05-21 (Price: 143.4)",No Exit Yet,"-0.31%, 5 days","75.0%, Past 4 years, 24","Daily, is CONFIRMED on 2026-05-21",Already confirmed,"2026-05-26 (Price: 142.96), 0.31% below",5 days,141.88,No Information,No Information,No Information,No Information,4.88%/0.18%/2.03%,"6.35%, 18.75%",7 months/7 days/2.1 months,2027-03-21/2026-05-31/2026-08-20,6.69%,3.03%,3.66%,0.0,0.09,145.8665/146.311/157.48/179.4533/186.6499/209.3631/149.9,141.3/137.0167/140.2317/117.5404/No F-Track Level/No F-Track Level/No EMA 200 Stop Loss,90.31%/320/1.5 month (Across ALL Assets),80.18%/757/1.6 month (Across ALL Assets),"6, 2026-02-24 (Price: 166.87)",2026-05-21 (Price: 143.4),2026-05-21 (Price: 143.4),5/5/5 days,0.31% below/0.31% below/0.31% below,2026-02-24 (Price: 166.87)/2026-05-21 (Price: 140.6009),No Information,No Information,No Information,No Information,No Information,No Information
TRENDPULSE,"TD, Long, 2026-05-21 (Price: 111.11)",No Exit Yet,"1.31%, 5 days","92.86%, Past 4 years, 28","Daily, is CONFIRMED on 2026-05-21",Already confirmed,"2026-05-26 (Price: 112.56), 1.31% above",5 days,109.04,No Information,No Information,No Information,No Information,8.73%/0.22%/2.84%,"7.15%, 16.74%",3.3 months/6 days/18 days,2026-10-11/2026-05-29/2026-06-16,11.87%,11.96%,-0.09%,0.53,0.75,117.9766/114.2655/143.45/No Horizontal Resistance/115.2091/125.1041/No EMA 200 Target,104.31/54.526/97.2953/75.6865/No F-Track Level/No F-Track Level/89.64,90.31%/320/1.5 month (Across ALL Assets),80.18%/757/1.6 month (Across ALL Assets),"6, 2020-02-11 (Price: 57.21)",2026-05-21 (Price: 111.11),2026-05-21 (Price: 111.11),5/5/5 days,1.31% above/1.31% above/1.31% above,2020-02-11 (Price: 57.21)/2026-05-21 (Price: 109.4876),No Information,No Information,No Information,No Information,No Information,No Information
TRENDPULSE,"TD.TO, Long, 2026-05-21 (Price: 153.15)",No Exit Yet,"1.5%, 5 days","95.45%, Past 4 years, 22","Daily, is CONFIRMED on 2026-05-21",Already confirmed,"2026-05-26 (Price: 155.44), 1.5% above",5 days,150.25,No Information,No Information,No Information,No Information,4.43%/0.31%/2.32%,"4.88%, 19.34%",1.4 month/4 days/12 days,2026-07-20/2026-05-26/2026-06-07,5.25%,11.6%,-6.35%,0.93,0.81,159.1535/156.7031/200.39/No Horizontal Resistance/No Target/201.9998/No EMA 200 Target,142.93/73.6233/128.6672/101.1064/No F-Track Level/No F-Track Level/123.52,90.31%/320/1.5 month (Across ALL Assets),80.18%/757/1.6 month (Across ALL Assets),"4, 2020-01-20 (Price: 74.41)",2026-05-21 (Price: 153.15),2026-05-21 (Price: 153.15),5/5/5 days,1.5% above/1.5% above/1.5% above,2020-01-20 (Price: 74.41)/2026-05-21 (Price: 150.4158),No Information,No Information,No Information,No Information,No Information,No Information
TRENDPULSE,"NVDA, Long, 2026-05-20 (Price: 223.47)",No Exit Yet,"-3.85%, 6 days","91.67%, Past 4 years, 24","Daily, is CONFIRMED on 2026-05-20",Already confirmed,"2026-05-26 (Price: 214.86), 3.85% below",6 days,223.1,No Information,No Information,No Information,No Information,19.41%/2.96%/8.95%,"6.69%, 63.72%",1.4 month/6 days/12 days,2026-07-19/2026-05-28/2026-06-06,14.93%,46.02%,-31.09%,0.77,1.8,273.4826/243.4706/353.66/No Horizontal Resistance/239.8943/283.6698/No EMA 200 Target,196.5/13.9695/176.5924/152.8996/No F-Track Level/No F-Track Level/186.65,90.31%/320/1.5 month (Across ALL Assets),80.18%/757/1.6 month (Across ALL Assets),"4, 2020-01-24 (Price: 6.4875)",2026-05-19 (Price: 220.61),2026-05-20 (Price: 223.47),7/6/6 days,2.61% below/3.85% below/3.85% below,2020-01-24 (Price: 6.4875)/2026-05-20 (Price: 220.1056),No Information,No Information,No Information,No Information,No Information,No Information
TRENDPULSE,"SUNPHARMA.NS, Long, 2026-05-18 (Price: 1905.8)",No Exit Yet,"-3.41%, 8 days","92.0%, Past 4 years, 25","Daily, is CONFIRMED on 2026-05-18",Already confirmed,"2026-05-26 (Price: 1840.8), 3.41% below",8 days,1878.2,No Information,No Information,No Information,No Information,11.76%/1.18%/3.15%,"2.03%, 13.23%",6.1 months/8 days/27 days,2027-02-07/2026-05-29/2026-06-26,17.09%,17.72%,-0.63%,0.9,1.14,2093.1401/1965.8327/1939.28/1935.175/2110.5488/2409.4589/No EMA 200 Target,1620.4/797.125/1465.6767/925.6338/No F-Track Level/No F-Track Level/1708.38,90.31%/320/1.5 month (Across ALL Assets),80.18%/757/1.6 month (Across ALL Assets),"0, 2024-09-06 (Price: 1850.0)",2026-05-14 (Price: 1863.2),2026-05-18 (Price: 1905.8),12/8/8 days,1.2% below/3.41% below/3.41% below,2024-09-06 (Price: 1850.0)/2026-05-18 (Price: 1839.2609),No Information,No Information,No Information,No Information,No Information,No Information
TRENDPULSE,"^GSPC, Long, 2026-05-17 (Price: 7408.5)",No Exit Yet,"1.49%, 9 days","100.0%, Past 10 years, 30","Weekly, is CONFIRMED on 2026-05-15",Already confirmed,"2026-05-26 (Price: 7519.1201), 1.49% above",9 days,7385.3101,No Information,No Information,No Information,No Information,6.49%/1.35%/4.0%,"-0.0%, 31.81%",7.7 months/28 days/2.5 months,2027-04-16/2026-06-26/2026-09-02,8.54%,8.2%,0.34%,1.93,0.55,7971.546/7704.84/10586.97/No Horizontal Resistance/9765.5661/10911.139/No EMA 200 Target,6368.85/4128.7074/6767.7249/6316.2337/No F-Track Level/No F-Track Level/6779.87,88.72%/133/4.6 months (Across ALL Assets),77.24%/369/4.1 months (Across ALL Assets),"4, 2016-04-24 (Price: 2111.05)",2026-05-10 (Price: 7398.9302),2026-05-17 (Price: 7408.5),16/9/9 days,1.62% above/1.49% above/1.49% above,2016-04-24 (Price: 2111.05)/2026-05-17 (Price: 7335.1064),No Information,No Information,No Information,No Information,No Information,No Information
TRENDPULSE,"CSCO, Long, 2026-05-17 (Price: 118.21)",No Exit Yet,"0.1%, 9 days","94.74%, Past 10 years, 19","Weekly, is CONFIRMED on 2026-05-15",Already confirmed,"2026-05-26 (Price: 118.33), 0.1% above",9 days,96.35,No Information,No Information,No Information,No Information,14.42%/0.74%/6.58%,"16.99%, 36.88%",8.6 months/28 days/2.8 months,2027-05-25/2026-06-26/2026-09-15,7.43%,8.35%,-0.92%,0.58,0.45,129.7118/125.9882/171.92/No Horizontal Resistance/No Target/119.2504/No EMA 200 Target,73.88/40.92/78.7458/68.2017/No F-Track Level/No F-Track Level/76.65,88.72%/133/4.6 months (Across ALL Assets),77.24%/369/4.1 months (Across ALL Assets),"2, 2016-04-03 (Price: 28.7)",2026-05-10 (Price: 96.57),2026-05-17 (Price: 118.21),16/9/9 days,22.53% above/0.1% above/0.1% above,2016-04-03 (Price: 28.7)/2026-05-17 (Price: 94.9275),No Information,No Information,No Information,No Information,No Information,No Information
TRENDPULSE,"SPY, Long, 2026-05-17 (Price: 739.17)",No Exit Yet,"1.54%, 9 days","100.0%, Past 10 years, 24","Weekly, is CONFIRMED on 2026-05-15",Already confirmed,"2026-05-26 (Price: 750.59), 1.54% above",9 days,736.45,No Information,No Information,No Information,No Information,9.31%/2.6%/4.31%,"0%, 32.23%",8.4 months/28 days/2.5 months,2027-05-17/2026-06-26/2026-09-02,8.51%,8.18%,0.33%,2.8,0.54,802.8125/771.0282/1056.12/No Horizontal Resistance/969.1148/1522.3697/No EMA 200 Target,634.09/412.1625/627.1849/415.8599/No F-Track Level/No F-Track Level/676.07,88.72%/133/4.6 months (Across ALL Assets),77.24%/369/4.1 months (Across ALL Assets),"4, 2016-04-24 (Price: 210.92)",2026-05-10 (Price: 737.62),2026-05-17 (Price: 739.17),16/9/9 days,1.76% above/1.54% above/1.54% above,2016-04-24 (Price: 210.92)/2026-05-17 (Price: 730.9072),No Information,No Information,No Information,No Information,No Information,No Information
TRENDPULSE,"BNS.TO, Long, 2026-05-15 (Price: 106.16)",2026-05-25 (Price: 110.98),"4.54%, 10 days","96.43%, Past 4 years, 28","Daily, is CONFIRMED on 2026-05-15",Already confirmed,"2026-05-26 (Price: 111.0), 4.56% above",11 days,105.4,No Information,No Information,No Information,No Information,4.49%/0.55%/2.36%,"5.65%, 21.81%",3.3 months/6 days/25 days,2026-10-05/2026-05-23/2026-06-20,4.76%,8.36%,-3.6%,0.84,0.55,113.0816/108.6654/106.25/No Horizontal Resistance/113.9126/137.6923/No EMA 200 Target,93.61/61.07/92.969/69.3218/No F-Track Level/No F-Track Level/95.59,90.31%/320/1.5 month (Across ALL Assets),80.18%/757/1.6 month (Across ALL Assets),"4, 2026-02-11 (Price: 106.31)",2026-05-13 (Price: 104.82),2026-05-15 (Price: 106.16),13/11/11 days,5.9% above/4.56% above/4.56% above,2026-02-11 (Price: 106.31)/2026-05-15 (Price: 104.9252),No Information,No Information,No Information,No Information,No Information,No Information
TRENDPULSE,"TD, Long, 2026-05-15 (Price: 107.64)",2026-05-26 (Price: 112.56),"4.57%, 11 days","92.86%, Past 4 years, 28","Daily, is CONFIRMED on 2026-05-15",Already confirmed,"2026-05-26 (Price: 112.56), 4.57% above",11 days,107.41,No Information,No Information,No Information,No Information,8.73%/0.22%/2.84%,"7.15%, 16.74%",3.3 months/6 days/18 days,2026-10-05/2026-05-23/2026-06-10,11.87%,11.96%,-0.09%,0.53,0.75,114.2922/110.697/137.9/No Horizontal Resistance/115.2091/125.1041/No EMA 200 Target,104.31/54.526/97.2953/75.6865/No F-Track Level/No F-Track Level/88.91,90.31%/320/1.5 month (Across ALL Assets),80.18%/757/1.6 month (Across ALL Assets),"6, 2020-02-11 (Price: 57.21)",2026-05-13 (Price: 106.54),2026-05-15 (Price: 107.64),13/11/11 days,5.65% above/4.57% above/4.57% above,2020-02-11 (Price: 57.21)/2026-05-15 (Price: 106.1637),No Information,No Information,No Information,No Information,No Information,No Information
TRENDPULSE,"CNQ.TO, Long, 2026-05-15 (Price: 66.08)",2026-05-22 (Price: 67.24),"1.76%, 7 days","82.61%, Past 4 years, 23","Daily, is CONFIRMED on 2026-05-15",Already confirmed,"2026-05-26 (Price: 64.74), 2.03% below",11 days,65.87,No Information,No Information,No Information,No Information,11.4%/0.32%/4.06%,"11.63%, 29.81%",1.5 month/4 days/13 days,2026-07-19/2026-05-20/2026-06-02,17.27%,23.61%,-6.34%,0.18,1.16,70.6461/68.7628/68.7/No Horizontal Resistance/68.6522/72.1856/No EMA 200 Target,60.89/34.9317/65.8353/48.4386/No F-Track Level/No F-Track Level/51.11,90.31%/320/1.5 month (Across ALL Assets),80.18%/757/1.6 month (Across ALL Assets),"2, 2026-03-19 (Price: 70.44)",2026-05-13 (Price: 64.69),2026-05-15 (Price: 66.08),13/11/11 days,0.08% above/2.03% below/2.03% below,2026-03-19 (Price: 70.44)/2026-05-15 (Price: 63.9136),No Information,No Information,No Information,No Information,No Information,No Information
TRENDPULSE,"SUNPHARMA.NS, Long, 2026-05-15 (Price: 1878.2)",No Exit Yet,"-1.99%, 11 days","92.0%, Past 4 years, 25","Daily, is CONFIRMED on 2026-05-15",Already confirmed,"2026-05-26 (Price: 1840.8), 1.99% below",11 days,1874.0,No Information,No Information,No Information,No Information,11.76%/1.18%/3.15%,"2.03%, 13.23%",6.1 months/8 days/27 days,2027-02-04/2026-05-26/2026-06-23,17.09%,17.72%,-0.63%,0.9,1.14,2062.8271/1937.3633/1895.12/1935.175/2110.5488/2409.4589/No EMA 200 Target,1620.4/797.125/1465.6767/925.6338/No F-Track Level/No F-Track Level/1707.27,90.31%/320/1.5 month (Across ALL Assets),80.18%/757/1.6 month (Across ALL Assets),"0, 2024-09-06 (Price: 1850.0)",2026-05-14 (Price: 1863.2),2026-05-15 (Price: 1878.2),12/11/11 days,1.2% below/1.99% below/1.99% below,2024-09-06 (Price: 1850.0)/2026-05-15 (Price: 1839.3478),No Information,No Information,No Information,No Information,No Information,No Information
TRENDPULSE,"GOOG, Long, 2026-05-14 (Price: 397.17)",No Exit Yet,"-3.1%, 12 days","100.0%, Past 4 years, 20","Daily, is CONFIRMED on 2026-05-14",Already confirmed,"2026-05-26 (Price: 384.84), 3.1% below",12 days,393.79,No Information,No Information,No Information,No Information,10.73%/0.12%/5.11%,"-0.0%, 25.37%",2.6 months/6 days/29 days,2026-09-03/2026-05-22/2026-06-25,19.91%,22.22%,-2.31%,1.44,1.16,No Target/417.4654/589.51/No Horizontal Resistance/505.0904/561.7053/No EMA 200 Target,273.14/84.51/365.3613/345.4418/No F-Track Level/No F-Track Level/290.27,90.31%/320/1.5 month (Across ALL Assets),80.18%/757/1.6 month (Across ALL Assets),"0, 2020-02-19 (Price: 76.6053)",2026-05-13 (Price: 399.04),2026-05-14 (Price: 397.17),13/12/12 days,3.56% below/3.1% below/3.1% below,2020-02-19 (Price: 76.6053)/2026-05-14 (Price: 382.837),No Information,No Information,No Information,No Information,No Information,No Information
TRENDPULSE,"NVDA, Long, 2026-05-14 (Price: 235.74)",No Exit Yet,"-8.86%, 12 days","91.67%, Past 4 years, 24","Daily, is CONFIRMED on 2026-05-14",Already confirmed,"2026-05-26 (Price: 214.86), 8.86% below",12 days,229.73,No Information,No Information,No Information,No Information,19.41%/2.96%/8.95%,"6.69%, 63.72%",1.4 month/6 days/12 days,2026-07-13/2026-05-22/2026-05-31,14.93%,46.02%,-31.09%,0.77,1.8,288.4986/256.8387/373.29/No Horizontal Resistance/239.8943/283.6698/No EMA 200 Target,196.5/13.9695/176.5924/152.8996/No F-Track Level/No F-Track Level/185.74,90.31%/320/1.5 month (Across ALL Assets),80.18%/757/1.6 month (Across ALL Assets),"4, 2020-01-24 (Price: 6.4875)",2026-05-12 (Price: 220.78),2026-05-14 (Price: 235.74),14/12/12 days,2.68% below/8.86% below/8.86% below,2020-01-24 (Price: 6.4875)/2026-05-14 (Price: 218.8397),No Information,No Information,No Information,No Information,No Information,No Information
TRENDPULSE,"BABA, Long, 2026-05-14 (Price: 141.12)",No Exit Yet,"-8.26%, 12 days","75.0%, Past 4 years, 28","Daily, is CONFIRMED on 2026-05-14",Already confirmed,"2026-05-26 (Price: 129.47), 8.26% below",12 days,140.98,No Information,No Information,No Information,No Information,13.07%/2.31%/7.74%,"49.23%, 66.54%",3.1 months/7 days/28 days,2026-09-25/2026-05-24/2026-06-23,-2.5%,-4.51%,2.01%,-0.15,0.02,145.9886/152.0427/142.72/181.595/395.5515/453.696/149.06,130.43/67.495/138.4263/108.0763/No F-Track Level/No F-Track Level/No EMA 200 Stop Loss,90.31%/320/1.5 month (Across ALL Assets),80.18%/757/1.6 month (Across ALL Assets),"2, 2026-04-17 (Price: 143.78)",2026-05-13 (Price: 145.81),2026-05-14 (Price: 141.12),13/12/12 days,11.21% below/8.26% below/8.26% below,2026-04-17 (Price: 143.78)/2026-05-14 (Price: 133.8496),No Information,No Information,No Information,No Information,No Information,No Information
TRENDPULSE,"CEN.NZ, Long, 2026-05-14 (Price: 9.9)",No Exit Yet,"-5.56%, 12 days","73.33%, Past 4 years, 30","Daily, is CONFIRMED on 2026-05-14",Already confirmed,"2026-05-26 (Price: 9.35), 5.56% below",12 days,9.86,No Information,No Information,No Information,No Information,7.56%/0.63%/2.89%,"7.04%, 16.17%",3.4 months/10 days/1.4 month,2026-10-08/2026-05-28/2026-07-13,1.21%,5.44%,-4.23%,0.03,0.28,10.0673/10.1861/9.99/No Horizontal Resistance/11.2606/15.4512/No EMA 200 Target,9.63/6.86/8.6706/No stop loss/No F-Track Level/No F-Track Level/9.31,90.31%/320/1.5 month (Across ALL Assets),80.18%/757/1.6 month (Across ALL Assets),"0, 2025-11-14 (Price: 9.75)",2026-05-13 (Price: 9.9),2026-05-14 (Price: 9.9),13/12/12 days,5.56% below/5.56% below/5.56% below,2025-11-14 (Price: 9.75)/2026-05-14 (Price: 9.7449),No Information,No Information,No Information,No Information,No Information,No Information
TRENDPULSE,"BBTC.NS, Long, 2026-05-14 (Price: 1537.9)",No Exit Yet,"-0.31%, 12 days","100.0%, Past 4 years, 21","Daily, is CONFIRMED on 2026-05-14",Already confirmed,"2026-05-26 (Price: 1533.2), 0.31% below",12 days,1532.5,No Information,No Information,No Information,No Information,14.78%/0.49%/8.44%,"0%, 27.11%",4.7 months/7 days/2.1 months,2026-12-04/2026-05-24/2026-08-13,13.16%,7.4%,5.76%,1.47,0.39,1608.0282/1667.6988/1756.96/2145.0/3412.111/3761.7441/1775.9,1465.6/846.25/1057.7422/973.2526/No F-Track Level/No F-Track Level/No EMA 200 Stop Loss,90.31%/320/1.5 month (Across ALL Assets),80.18%/757/1.6 month (Across ALL Assets),"2, 2026-02-11 (Price: 1903.0)",2026-05-12 (Price: 1465.6),2026-05-14 (Price: 1537.9),14/12/12 days,4.61% above/0.31% below/0.31% below,2026-02-11 (Price: 1903.0)/2026-05-14 (Price: 1463.8473),No Information,No Information,No Information,No Information,No Information,No Information
TRENDPULSE,"PPL.TO, Long, 2026-05-14 (Price: 66.72)",2026-05-22 (Price: 68.45),"2.59%, 8 days","83.33%, Past 4 years, 30","Daily, is CONFIRMED on 2026-05-14",Already confirmed,"2026-05-26 (Price: 66.69), 0.04% below",12 days,64.95,No Information,No Information,No Information,No Information,4.42%/0.77%/2.69%,"1.41%, 19.26%",4.6 months/6 days/1.4 month,2026-11-29/2026-05-22/2026-07-13,9.57%,8.52%,1.05%,0.67,0.49,69.3021/68.5148/68.19/No Horizontal Resistance/No Next Fib Ext/No Next Fib Ext/No EMA 200 Target,58.03/37.49/No F-Stack Support/No F-Stack Support/No F-Track Level/No F-Track Level/55.98,90.31%/320/1.5 month (Across ALL Assets),80.18%/757/1.6 month (Across ALL Assets),"2, 2026-03-30 (Price: 64.27)",2026-05-12 (Price: 64.05),2026-05-14 (Price: 66.72),14/12/12 days,4.12% above/0.04% below/0.04% below,2026-03-30 (Price: 64.27)/2026-05-14 (Price: 63.566),No Information,No Information,No Information,No Information,No Information,No Information
TRENDPULSE,"CSU.TO, Long, 2026-05-14 (Price: 2533.1499)",2026-05-22 (Price: 2721.48),"7.43%, 8 days","86.67%, Past 4 years, 30","Daily, is CONFIRMED on 2026-05-14",Already confirmed,"2026-05-26 (Price: 2684.28), 5.97% above",12 days,2493.8501,No Information,No Information,No Information,No Information,8.58%/1.17%/3.86%,"5.28%, 20.08%",2.8 months/6 days/29 days,2026-09-12/2026-05-22/2026-06-25,17.4%,6.79%,10.61%,0.59,0.35,2640.0488/2630.9295/4049.38/5050.3501/No Next Fib Ext/No Next Fib Ext/3285.78,2400.4/1788.955/No F-Stack Support/No F-Stack Support/No F-Track Level/No F-Track Level/No EMA 200 Stop Loss,90.31%/320/1.5 month (Across ALL Assets),80.18%/757/1.6 month (Across ALL Assets),"0, 2025-07-04 (Price: 5060.2002)",2026-05-14 (Price: 2533.1499),2026-05-14 (Price: 2533.1499),12/12/12 days,5.97% above/5.97% above/5.97% above,2025-07-04 (Price: 5060.2002)/2026-05-14 (Price: 2443.3344),No Information,No Information,No Information,No Information,No Information,No Information
TRENDPULSE,"CNQ.TO, Long, 2026-05-13 (Price: 64.69)",2026-05-21 (Price: 67.17),"3.83%, 8 days","82.61%, Past 4 years, 23","Daily, is CONFIRMED on 2026-05-13",Already confirmed,"2026-05-26 (Price: 64.74), 0.08% above",13 days,64.27,No Information,No Information,No Information,No Information,11.4%/0.32%/4.06%,"11.63%, 29.81%",1.5 month/4 days/13 days,2026-07-17/2026-05-18/2026-05-31,17.27%,23.61%,-6.34%,0.18,1.16,69.1601/67.3164/68.14/No Horizontal Resistance/68.6522/72.1856/No EMA 200 Target,60.89/34.9317/48.4386/46.0303/No F-Track Level/No F-Track Level/50.9,90.31%/320/1.5 month (Across ALL Assets),80.18%/757/1.6 month (Across ALL Assets),"2, 2026-03-19 (Price: 70.44)",2026-05-12 (Price: 64.27),2026-05-13 (Price: 64.69),14/13/13 days,0.73% above/0.08% above/0.08% above,2026-03-19 (Price: 70.44)/2026-05-13 (Price: 63.5143),No Information,No Information,No Information,No Information,No Information,No Information
TRENDPULSE,"BIPC.TO, Long, 2026-05-12 (Price: 55.53)",2026-05-25 (Price: 58.85),"5.98%, 13 days","84.62%, Past 4 years, 13","Daily, is CONFIRMED on 2026-05-12",Already confirmed,"2026-05-26 (Price: 58.03), 4.5% above",14 days,53.86,No Information,No Information,No Information,No Information,12.79%/1.44%/3.91%,"24.4%, 42.49%",2.6 months/10 days/1.1 month,2026-09-01/2026-05-26/2026-06-28,5.48%,3.48%,2.0%,0.04,0.17,59.6503/57.7012/64.24/67.0517/No Next Fib Ext/No Next Fib Ext/60.13,48.53/44.9667/No F-Stack Support/No F-Stack Support/No F-Track Level/No F-Track Level/No EMA 200 Stop Loss,90.31%/320/1.5 month (Across ALL Assets),80.18%/757/1.6 month (Across ALL Assets),"6, 2026-02-12 (Price: 70.05)",2026-05-11 (Price: 54.08),2026-05-12 (Price: 55.53),15/14/14 days,7.3% above/4.5% above/4.5% above,2026-02-12 (Price: 70.05)/2026-05-12 (Price: 53.58),No Information,No Information,No Information,No Information,No Information,No Information
TRENDPULSE,"SUNPHARMA.NS, Long, 2026-05-11 (Price: 1872.7)",No Exit Yet,"-1.7%, 15 days","92.0%, Past 4 years, 25","Daily, is CONFIRMED on 2026-05-11",Already confirmed,"2026-05-26 (Price: 1840.8), 1.7% below",15 days,1827.2,No Information,No Information,No Information,No Information,11.76%/1.18%/3.15%,"2.03%, 13.23%",6.1 months/8 days/27 days,2027-01-31/2026-05-22/2026-06-19,17.09%,17.72%,-0.63%,0.9,1.14,2056.7864/1931.6901/1886.32/1935.175/2110.5488/2409.4589/No EMA 200 Target,1620.4/797.125/1465.6767/925.6338/No F-Track Level/No F-Track Level/1704.04,90.31%/320/1.5 month (Across ALL Assets),80.18%/757/1.6 month (Across ALL Assets),"0, 2024-09-06 (Price: 1850.0)",2026-05-11 (Price: 1872.7),2026-05-11 (Price: 1872.7),15/15/15 days,1.7% below/1.7% below/1.7% below,2024-09-06 (Price: 1850.0)/2026-05-11 (Price: 1839.6957),No Information,No Information,No Information,No Information,No Information,No Information
TRENDPULSE,"QQQ, Long, 2026-05-10 (Price: 711.23)",No Exit Yet,"2.68%, 16 days","88.89%, Past 10 years, 18","Weekly, is CONFIRMED on 2026-05-08",Already confirmed,"2026-05-26 (Price: 730.28), 2.68% above",16 days,674.64,No Information,No Information,No Information,No Information,12.09%/1.74%/6.41%,"10.15%, 35.46%",4.2 months/1.2 month/2.2 months,2026-11-08/2026-07-01/2026-08-13,7.81%,12.14%,-4.33%,0.34,0.81,804.33/756.8198/1066.44/No Horizontal Resistance/836.2536/910.0135/No EMA 200 Target,562.58/256.995/610.7303/563.3658/No F-Track Level/No F-Track Level/607.31,88.72%/133/4.6 months (Across ALL Assets),77.24%/369/4.1 months (Across ALL Assets),"2, 2016-09-25 (Price: 119.22)",2026-04-26 (Price: 663.88),2026-05-08 (Price: 711.23),30/18/16 days,10.0% above/2.68% above/2.68% above,2016-09-25 (Price: 119.22)/2026-05-10 (Price: 651.38),No Information,No Information,No Information,No Information,No Information,No Information
TRENDPULSE,"ASHR, Long, 2026-05-10 (Price: 35.73)",No Exit Yet,"1.04%, 16 days","76.0%, Past 10 years, 25","Weekly, is CONFIRMED on 2026-05-08",Already confirmed,"2026-05-26 (Price: 36.1), 1.04% above",16 days,35.39,No Information,No Information,No Information,No Information,24.71%/0.16%/9.6%,"34.5%, 52.68%",10.3 months/28 days/4.5 months,2027-07-31/2026-06-19/2026-11-21,0.45%,2.08%,-1.64%,-0.12,0.08,38.0131/39.1601/37.18/39.9467/60.2967/80.3432/No EMA 200 Target,32.0/23.36/No F-Stack Support/No F-Stack Support/No F-Track Level/No F-Track Level/32.73,88.72%/133/4.6 months (Across ALL Assets),77.24%/369/4.1 months (Across ALL Assets),"2, 2025-10-05 (Price: 33.32)",2026-05-10 (Price: 35.73),2026-05-08 (Price: 35.73),16/18/16 days,1.04% above/1.04% above/1.04% above,2025-10-05 (Price: 33.32)/2026-05-10 (Price: 35.187),No Information,No Information,No Information,No Information,No Information,No Information
TRENDPULSE,"MEL.NZ, Long, 2026-05-10 (Price: 5.76)",No Exit Yet,"2.43%, 16 days","100.0%, Past 10 years, 20","Weekly, is CONFIRMED on 2026-05-08",Already confirmed,"2026-05-26 (Price: 5.9), 2.43% above",16 days,5.69,No Information,No Information,No Information,No Information,24.31%/3.73%/10.23%,"-0.0%, 22.1%",3.3 months/1.4 month/1.8 month,2026-09-30/2026-07-09/2026-07-27,11.03%,7.59%,3.44%,0.58,0.4,6.2761/6.3492/6.44/6.825/7.4565/8.4213/No EMA 200 Target,5.35/4.3875/4.5145/3.5923/No F-Track Level/No F-Track Level/5.68,88.72%/133/4.6 months (Across ALL Assets),77.24%/369/4.1 months (Across ALL Assets),"0, 2024-07-21 (Price: 6.89)",2026-05-03 (Price: 5.72),2026-05-08 (Price: 5.76),23/18/16 days,3.15% above/2.43% above/2.43% above,2024-07-21 (Price: 6.89)/2026-05-10 (Price: 5.6562),No Information,No Information,No Information,No Information,No Information,No Information
TRENDPULSE,"KXS.TO, Long, 2026-05-10 (Price: 158.73)",No Exit Yet,"-9.51%, 16 days","91.67%, Past 10 years, 12","Weekly, is CONFIRMED on 2026-05-08",Already confirmed,"2026-05-26 (Price: 143.64), 9.51% below",16 days,145.3,No Information,No Information,No Information,No Information,27.78%/4.77%/12.44%,"3.79%, 30.73%",6.1 months/1.2 month/3.5 months,2027-01-30/2026-07-01/2026-10-09,8.82%,15.1%,-6.28%,0.9,0.71,170.5395/178.476/190.96/209.885/256.6637/289.1348/164.72,123.77/118.35/151.1683/123.9058/No F-Track Level/No F-Track Level/No EMA 200 Stop Loss,88.72%/133/4.6 months (Across ALL Assets),77.24%/369/4.1 months (Across ALL Assets),"2, 2025-08-03 (Price: 212.45)",2026-05-10 (Price: 158.73),2026-05-07 (Price: 152.96),16/19/16 days,9.51% below/6.09% below/9.51% below,2025-08-03 (Price: 212.45)/2026-05-10 (Price: 139.7766),No Information,No Information,No Information,No Information,No Information,No Information
TRENDPULSE,"TSLA, Long, 2026-05-08 (Price: 428.35)",No Exit Yet,"1.22%, 18 days","80.95%, Past 4 years, 21","Daily, is CONFIRMED on 2026-05-08",Already confirmed,"2026-05-26 (Price: 433.59), 1.22% above",18 days,417.43,No Information,No Information,No Information,No Information,36.18%/0.85%/13.28%,"33.47%, 65.02%",1.6 month/6 days/19 days,2026-07-16/2026-05-16/2026-06-04,29.12%,26.43%,2.69%,0.18,1.05,471.8704/485.2349/438.33/487.1467/541.282/564.9603/No EMA 200 Target,372.8/196.47/353.8797/223.4247/No F-Track Level/No F-Track Level/404.39,90.31%/320/1.5 month (Across ALL Assets),80.18%/757/1.6 month (Across ALL Assets),"2, 2025-09-22 (Price: 444.98)",2026-05-07 (Price: 411.79),2026-05-08 (Price: 428.35),19/18/18 days,5.29% above/1.22% above/1.22% above,2025-09-22 (Price: 444.98)/2026-05-08 (Price: 404.6203),No Information,No Information,No Information,No Information,No Information,No Information
TRENDPULSE,"HDFCBANK.NS, Long, 2026-05-07 (Price: 796.05)",No Exit Yet,"-2.15%, 19 days","100.0%, Past 4 years, 19","Daily, is CONFIRMED on 2026-05-07",Already confirmed,"2026-05-26 (Price: 778.9), 2.15% below",19 days,794.0,No Information,No Information,No Information,No Information,8.15%/1.92%/3.76%,"-0.0%, 9.57%",3 months/6 days/1.2 month,2026-09-14/2026-05-15/2026-06-28,14.18%,6.24%,7.94%,1.18,0.33,816.1901/825.9815/922.26/1009.6/1098.0619/1180.6259/936.64,772.3/640.9/765.1075/697.8792/No F-Track Level/No F-Track Level/No EMA 200 Stop Loss,90.31%/320/1.5 month (Across ALL Assets),80.18%/757/1.6 month (Across ALL Assets),"4, 2026-01-05 (Price: 1006.4)",2026-05-06 (Price: 796.55),2026-05-07 (Price: 796.05),20/19/19 days,2.22% below/2.15% below/2.15% below,2026-01-05 (Price: 1006.4)/2026-05-07 (Price: 775.0131),No Information,No Information,No Information,No Information,No Information,No Information
TRENDPULSE,"CEN.NZ, Long, 2026-05-07 (Price: 9.9)",No Exit Yet,"-5.56%, 19 days","73.33%, Past 4 years, 30","Daily, is CONFIRMED on 2026-05-07",Already confirmed,"2026-05-26 (Price: 9.35), 5.56% below",19 days,9.85,No Information,No Information,No Information,No Information,7.56%/0.63%/2.89%,"7.04%, 16.17%",3.4 months/10 days/1.4 month,2026-10-01/2026-05-21/2026-07-06,1.21%,5.44%,-4.23%,0.03,0.28,10.0673/10.1861/9.99/No Horizontal Resistance/11.2606/15.4512/No EMA 200 Target,9.23/6.86/8.6706/No stop loss/No F-Track Level/No F-Track Level/9.29,90.31%/320/1.5 month (Across ALL Assets),80.18%/757/1.6 month (Across ALL Assets),"0, 2025-11-14 (Price: 9.75)",2026-05-06 (Price: 9.79),2026-05-07 (Price: 9.9),20/19/19 days,4.49% below/5.56% below/5.56% below,2025-11-14 (Price: 9.75)/2026-05-07 (Price: 9.7518),No Information,No Information,No Information,No Information,No Information,No Information
TRENDPULSE,"GOOG, Long, 2026-05-06 (Price: 395.14)",No Exit Yet,"-2.61%, 20 days","100.0%, Past 4 years, 20","Daily, is CONFIRMED on 2026-05-06",Already confirmed,"2026-05-26 (Price: 384.84), 2.61% below",20 days,389.26,No Information,No Information,No Information,No Information,10.73%/0.12%/5.11%,"-0.0%, 25.37%",2.6 months/6 days/29 days,2026-08-26/2026-05-14/2026-06-17,19.91%,22.22%,-2.31%,1.44,1.16,No Target/415.3317/586.26/No Horizontal Resistance/505.0904/561.7053/No EMA 200 Target,273.14/84.51/365.3613/345.4418/No F-Track Level/No F-Track Level/284.28,90.31%/320/1.5 month (Across ALL Assets),80.18%/757/1.6 month (Across ALL Assets),"0, 2020-02-19 (Price: 76.6053)",2026-05-04 (Price: 379.64),2026-05-06 (Price: 395.14),22/20/20 days,1.37% above/2.61% below/2.61% below,2020-02-19 (Price: 76.6053)/2026-05-06 (Price: 380.0352),No Information,No Information,No Information,No Information,No Information,No Information
TRENDPULSE,"SPY, Long, 2026-05-06 (Price: 733.83)",2026-05-26 (Price: 750.59),"2.28%, 20 days","100.0%, Past 4 years, 16","Daily, is CONFIRMED on 2026-05-06",Already confirmed,"2026-05-26 (Price: 750.59), 2.28% above",20 days,728.16,No Information,No Information,No Information,No Information,4.61%/0.75%/1.93%,"0%, 12.05%",2.5 months/4 days/21 days,2026-08-22/2026-05-11/2026-06-05,11.25%,11.35%,-0.1%,1.58,0.81,771.769/747.9929/814.03/No Horizontal Resistance/969.1148/1522.3697/No EMA 200 Target,631.97/412.1625/627.1849/415.8599/No F-Track Level/No F-Track Level/672.4,90.31%/320/1.5 month (Across ALL Assets),80.18%/757/1.6 month (Across ALL Assets),"0, 2024-11-11 (Price: 600.17)",2026-05-04 (Price: 718.01),2026-05-06 (Price: 733.83),22/20/20 days,4.54% above/2.28% above/2.28% above,2024-11-11 (Price: 600.17)/2026-05-06 (Price: 717.8514),No Information,No Information,No Information,No Information,No Information,No Information
TRENDPULSE,"GRANULES.NS, Long, 2026-05-06 (Price: 736.0)",2026-05-25 (Price: 758.4),"3.04%, 19 days","70.83%, Past 4 years, 24","Daily, is CONFIRMED on 2026-05-06",Already confirmed,"2026-05-26 (Price: 756.5), 2.79% above",20 days,714.5,No Information,No Information,No Information,No Information,9.57%/1.56%/4.34%,"15.65%, 34.75%",1.2 month/6 days/16 days,2026-06-27/2026-05-14/2026-05-29,5.43%,19.43%,-14.0%,-0.0,0.92,757.1232/767.9424/1095.4/No Horizontal Resistance/No Target/884.591/No EMA 200 Target,554.35/229.525/696.635/643.2768/No F-Track Level/No F-Track Level/561.93,90.31%/320/1.5 month (Across ALL Assets),80.18%/757/1.6 month (Across ALL Assets),"2, 2020-01-10 (Price: 137.0)",2026-05-06 (Price: 736.0),2026-05-06 (Price: 736.0),20/20/20 days,2.79% above/2.79% above/2.79% above,2020-01-10 (Price: 137.0)/2026-05-06 (Price: 714.7032),No Information,No Information,No Information,No Information,No Information,No Information
TRENDPULSE,"MEL.NZ, Long, 2026-05-03 (Price: 5.72)",No Exit Yet,"3.15%, 23 days","100.0%, Past 10 years, 20","Weekly, is CONFIRMED on 2026-05-01",Already confirmed,"2026-05-26 (Price: 5.9), 3.15% above",23 days,5.59,No Information,No Information,No Information,No Information,24.31%/3.73%/10.23%,"-0.0%, 22.1%",3.3 months/1.4 month/1.8 month,2026-09-23/2026-07-02/2026-07-20,11.03%,7.59%,3.44%,0.58,0.4,6.2325/6.3052/6.42/6.825/7.4565/8.4213/No EMA 200 Target,5.35/4.3875/4.5145/3.5923/No F-Track Level/No F-Track Level/5.67,88.72%/133/4.6 months (Across ALL Assets),77.24%/369/4.1 months (Across ALL Assets),"8, 2024-07-21 (Price: 6.89)",2026-04-19 (Price: 5.54),2026-05-01 (Price: 5.72),37/25/23 days,6.5% above/3.15% above/3.15% above,2024-07-21 (Price: 6.89)/2026-05-03 (Price: 5.4553),No Information,No Information,No Information,No Information,No Information,No Information
TRENDPULSE,"GRANULES.NS, Long, 2026-05-03 (Price: 701.0)",No Exit Yet,"7.92%, 23 days","72.73%, Past 10 years, 33","Weekly, is CONFIRMED on 2026-05-01",Already confirmed,"2026-05-26 (Price: 756.5), 7.92% above",23 days,690.0,No Information,No Information,No Information,No Information,47.31%/2.41%/11.99%,"22.94%, 56.91%",4.9 months/1.2 month/2.1 months,2026-12-01/2026-06-24/2026-08-02,16.43%,22.66%,-6.23%,0.14,0.98,849.0512/785.0499/1038.26/No Horizontal Resistance/732.8952/884.591/No EMA 200 Target,562.2/229.525/696.635/643.2768/No F-Track Level/No F-Track Level/558.35,88.72%/133/4.6 months (Across ALL Assets),77.24%/369/4.1 months (Across ALL Assets),"4, 2016-05-01 (Price: 138.9)",2026-04-26 (Price: 689.45),2026-05-03 (Price: 701.0),30/23/23 days,9.73% above/7.92% above/7.92% above,2016-05-01 (Price: 138.9)/2026-05-03 (Price: 665.9684),No Information,No Information,No Information,No Information,No Information,No Information
TRENDPULSE,"AIA.NZ, Long, 2026-05-01 (Price: 8.37)",No Exit Yet,"-1.08%, 25 days","89.47%, Past 4 years, 38","Daily, is CONFIRMED on 2026-05-01",Already confirmed,"2026-05-26 (Price: 8.28), 1.08% below",25 days,8.25,No Information,No Information,No Information,No Information,8.49%/0.39%/4.16%,"6.37%, 18.81%",4.7 months/7 days/28 days,2026-11-21/2026-05-11/2026-06-10,10.93%,4.6%,6.33%,0.64,0.22,8.7333/8.7182/8.86/8.953/11.1706/12.8535/No EMA 200 Target,8.15/7.0/7.3934/6.6643/No F-Track Level/No F-Track Level/8.08,90.31%/320/1.5 month (Across ALL Assets),80.18%/757/1.6 month (Across ALL Assets),"2, 2026-02-27 (Price: 9.18)",2026-04-30 (Price: 8.25),2026-05-01 (Price: 8.37),26/25/25 days,0.36% above/1.08% below/1.08% below,2026-02-27 (Price: 9.18)/2026-05-01 (Price: 8.1055),No Information,No Information,No Information,No Information,No Information,No Information
TRENDPULSE,"^TNX, Long, 2026-04-30 (Price: 4.39)",No Exit Yet,"2.35%, 26 days","85.71%, Past 20 years, 14","Monthly, is CONFIRMED on 2026-04-30",Already confirmed,"2026-05-26 (Price: 4.493), 2.35% above",26 days,4.293,No Information,No Information,No Information,No Information,48.31%/4.17%/29.27%,"56.79%, 83.03%",1.4 year/4.1 months/6.5 months,2028-04-27/2026-10-23/2027-02-06,0.6%,-0.57%,1.17%,0.28,0.01,5.1986/5.675/4.64/4.6918/17.4008/18.8284/No EMA 200 Target,3.96/1.6875/No F-Stack Support/No F-Stack Support/No F-Track Level/No F-Track Level/4.19,93.94%/66/10.9 months (Across ALL Assets),72.82%/195/9.4 months (Across ALL Assets),"2, 2025-01-31 (Price: 4.809)",2026-04-30 (Price: 4.39),2026-04-22 (Price: 4.294),26/34/26 days,2.35% above/4.63% above/2.35% above,2025-01-31 (Price: 4.809)/2026-04-30 (Price: 4.134),No Information,No Information,No Information,No Information,No Information,No Information
TRENDPULSE,"TRI.TO, Long, 2026-04-29 (Price: 127.74)",No Exit Yet,"-9.51%, 27 days","100.0%, Past 4 years, 25","Daily, is CONFIRMED on 2026-04-29",Already confirmed,"2026-05-26 (Price: 115.59), 9.51% below",27 days,123.06,No Information,No Information,No Information,No Information,7.54%/0.92%/4.0%,"-0.0%, 12.09%",5.6 months/4 days/1.5 month,2026-12-28/2026-05-04/2026-07-03,14.26%,3.12%,11.14%,1.14,0.12,133.6671/132.8496/189.1/240.8933/293.2329/372.3374/187.9,121.48/No Horizontal Support/93.0152/69.3828/No F-Track Level/No F-Track Level/No EMA 200 Stop Loss,90.31%/320/1.5 month (Across ALL Assets),80.18%/757/1.6 month (Across ALL Assets),"6, 2025-10-24 (Price: 230.0)",2026-04-28 (Price: 123.04),2026-04-29 (Price: 127.74),28/27/27 days,6.05% below/9.51% below/9.51% below,2025-10-24 (Price: 230.0)/2026-04-29 (Price: 120.5297),No Information,No Information,No Information,No Information,No Information,No Information
TRENDPULSE,"QQQ, Long, 2026-04-26 (Price: 663.88)",2026-05-26 (Price: 730.28),"10.0%, 1 month","88.89%, Past 10 years, 18","Weekly, is CONFIRMED on 2026-04-24",Already confirmed,"2026-05-26 (Price: 730.28), 10.0% above",1 month,648.04,No Information,No Information,No Information,No Information,12.09%/1.74%/6.41%,"10.15%, 35.46%",4.2 months/1.2 month/2.2 months,2026-10-25/2026-06-17/2026-07-30,7.81%,12.14%,-4.33%,0.34,0.81,750.7819/706.4347/990.68/No Horizontal Resistance/836.2536/910.0135/No EMA 200 Target,562.58/256.995/610.7303/563.3658/No F-Track Level/No F-Track Level/601.36,88.72%/133/4.6 months (Across ALL Assets),77.24%/369/4.1 months (Across ALL Assets),"2, 2016-09-25 (Price: 119.22)",2026-04-26 (Price: 663.88),2026-04-24 (Price: 663.88),30/32/30 days,10.0% above/10.0% above/10.0% above,2016-09-25 (Price: 119.22)/2026-04-26 (Price: 649.2686),No Information,No Information,No Information,No Information,No Information,No Information
TRENDPULSE,"NOVA.F, Long, 2026-04-26 (Price: 35.1)",2026-05-26 (Price: 37.94),"8.09%, 1 month","100.0%, Past 10 years, 17","Weekly, is CONFIRMED on 2026-04-24",Already confirmed,"2026-05-26 (Price: 37.94), 8.09% above",1 month,34.12,No Information,No Information,No Information,No Information,21.11%/2.36%/10.96%,"-0.0%, 9.84%",6.1 months/1.2 month/2.7 months,2027-01-16/2026-06-17/2026-08-21,12.8%,7.07%,5.73%,1.33,0.37,41.4004/38.947/94.57/126.5/138.0871/146.706/43.39,31.2/No Horizontal Support/33.7767/28.7825/No F-Track Level/No F-Track Level/No EMA 200 Stop Loss,88.72%/133/4.6 months (Across ALL Assets),77.24%/369/4.1 months (Across ALL Assets),"4, 2024-06-23 (Price: 134.2182)",2026-04-26 (Price: 35.1),2026-04-24 (Price: 35.1),30/32/30 days,8.09% above/8.09% above/8.09% above,2024-06-23 (Price: 134.2182)/2026-04-26 (Price: 33.237),No Information,No Information,No Information,No Information,No Information,No Information
TRENDPULSE,"TRI.TO, Long, 2026-04-21 (Price: 132.44)",No Exit Yet,"-12.72%, 1.2 month","100.0%, Past 4 years, 25","Daily, is CONFIRMED on 2026-04-21",Already confirmed,"2026-05-26 (Price: 115.59), 12.72% below",1.2 month,129.0,No Information,No Information,No Information,No Information,7.54%/0.92%/4.0%,"-0.0%, 12.09%",5.6 months/4 days/1.5 month,2026-12-20/2026-04-26/2026-06-25,14.26%,3.12%,11.14%,1.14,0.12,138.5852/137.7376/190.98/240.8933/293.2329/372.3374/192.39,115.28/No Horizontal Support/131.2534/93.0152/No F-Track Level/No F-Track Level/No EMA 200 Stop Loss,90.31%/320/1.5 month (Across ALL Assets),80.18%/757/1.6 month (Across ALL Assets),"6, 2025-10-24 (Price: 230.0)",2026-04-17 (Price: 127.45),2026-04-21 (Price: 132.44),39/35/35 days,9.31% below/12.72% below/12.72% below,2025-10-24 (Price: 230.0)/2026-04-21 (Price: 125.6663),No Information,No Information,No Information,No Information,No Information,No Information
TRENDPULSE,"AMZN, Long, 2026-04-19 (Price: 250.56)",2026-05-24 (Price: 266.32),"6.29%, 1.2 month","88.0%, Past 10 years, 25","Weekly, is CONFIRMED on 2026-04-17",Already confirmed,"2026-05-26 (Price: 265.29), 5.88% above",1.2 month,237.45,No Information,No Information,No Information,No Information,22.98%/2.35%/10.1%,"25.73%, 54.83%",1.1 year/28 days/4.9 months,2027-11-13/2026-05-29/2026-11-17,8.88%,16.61%,-7.73%,0.22,0.84,270.9055/275.8666/255.38/No Horizontal Resistance/317.6152/339.3352/No EMA 200 Target,198.79/86.995/231.81/213.1321/No F-Track Level/No F-Track Level/225.58,88.72%/133/4.6 months (Across ALL Assets),77.24%/369/4.1 months (Across ALL Assets),"2, 2025-11-09 (Price: 258.6)",2026-04-19 (Price: 250.56),2026-04-19 (Price: 250.56),37/37/37 days,5.88% above/5.88% above/5.88% above,2025-11-09 (Price: 258.6)/2026-04-19 (Price: 236.382),No Information,No Information,No Information,No Information,No Information,No Information
TRENDPULSE,"ASHR, Long, 2026-04-19 (Price: 34.78)",2026-05-26 (Price: 36.1),"3.8%, 1.2 month","76.0%, Past 10 years, 25","Weekly, is CONFIRMED on 2026-04-17",Already confirmed,"2026-05-26 (Price: 36.1), 3.8% above",1.2 month,33.85,No Information,No Information,No Information,No Information,24.71%/0.16%/9.6%,"34.5%, 52.68%",10.3 months/28 days/4.5 months,2027-07-10/2026-05-29/2026-10-31,0.45%,2.08%,-1.64%,-0.12,0.08,37.0024/38.1189/38.25/39.9467/60.2967/80.3432/No EMA 200 Target,32.0/23.68/No F-Stack Support/No F-Stack Support/No F-Track Level/No F-Track Level/32.22,88.72%/133/4.6 months (Across ALL Assets),77.24%/369/4.1 months (Across ALL Assets),"0, 2021-12-19 (Price: 40.56)",2026-04-12 (Price: 33.81),2026-04-17 (Price: 34.78),44/39/37 days,6.77% above/3.8% above/3.8% above,2021-12-19 (Price: 40.56)/2026-04-19 (Price: 33.2351),No Information,No Information,No Information,No Information,No Information,No Information
TRENDPULSE,"MEL.NZ, Long, 2026-04-19 (Price: 5.54)",2026-05-26 (Price: 5.9),"6.5%, 1.2 month","100.0%, Past 10 years, 20","Weekly, is CONFIRMED on 2026-04-17",Already confirmed,"2026-05-26 (Price: 5.9), 6.5% above",1.2 month,5.5,No Information,No Information,No Information,No Information,24.31%/3.73%/10.23%,"-0.0%, 22.1%",3.3 months/1.4 month/1.8 month,2026-09-09/2026-06-18/2026-07-06,11.03%,7.59%,3.44%,0.58,0.4,6.0364/6.1067/6.35/6.825/7.4565/8.4564/5.69,5.35/4.3875/4.8318/4.5145/No F-Track Level/No F-Track Level/No EMA 200 Stop Loss,88.72%/133/4.6 months (Across ALL Assets),77.24%/369/4.1 months (Across ALL Assets),"8, 2024-07-21 (Price: 6.89)",2026-04-19 (Price: 5.54),2026-04-15 (Price: 5.65),37/41/37 days,6.5% above/4.42% above/6.5% above,2024-07-21 (Price: 6.89)/2026-04-19 (Price: 5.4851),No Information,No Information,No Information,No Information,No Information,No Information
TRENDPULSE,"KWEB, Long, 2026-04-15 (Price: 29.64)",No Exit Yet,"-8.03%, 1.4 month","100.0%, Past 4 years, 20","Daily, is CONFIRMED on 2026-04-15",Already confirmed,"2026-05-26 (Price: 27.26), 8.03% below",1.4 month,29.27,No Information,No Information,No Information,No Information,16.07%/2.37%/6.87%,"-0.0%, 44.9%",8.5 months/4 days/2.6 months,2027-04-19/2026-04-20/2026-08-05,17.43%,-5.88%,23.31%,1.11,-0.06,30.9501/31.6763/34.49/54.865/112.1402/127.8094/35.9,27.78/24.5062/No F-Stack Support/No F-Stack Support/No F-Track Level/No F-Track Level/No EMA 200 Stop Loss,90.31%/320/1.5 month (Across ALL Assets),80.18%/757/1.6 month (Across ALL Assets),"2, 2026-01-12 (Price: 37.73)",2026-04-13 (Price: 28.72),2026-04-15 (Price: 29.64),43/41/41 days,5.08% below/8.03% below/8.03% below,2026-01-12 (Price: 37.73)/2026-04-15 (Price: 28.4624),No Information,No Information,No Information,No Information,No Information,No Information
TRENDPULSE,"NFLX, Long, 2026-04-14 (Price: 106.28)",No Exit Yet,"-17.5%, 1.4 month","84.21%, Past 4 years, 19","Daily, is CONFIRMED on 2026-04-14",Already confirmed,"2026-05-26 (Price: 87.68), 17.5% below",1.4 month,103.12,No Information,No Information,No Information,No Information,6.91%/0.45%/4.3%,"25.85%, 39.95%",2.7 months/7 days/1.6 month,2026-08-09/2026-04-24/2026-06-22,6.26%,8.49%,-2.23%,0.16,0.45,No Target/110.85/122.98/No Horizontal Resistance/139.352/152.4292/106.29,90.92/34.8663/100.8852/86.4764/No F-Track Level/No F-Track Level/No EMA 200 Stop Loss,90.31%/320/1.5 month (Across ALL Assets),80.18%/757/1.6 month (Across ALL Assets),"10, 2025-06-30 (Price: 134.115)",2026-04-13 (Price: 103.16),2026-04-14 (Price: 106.28),43/42/42 days,15.01% below/17.5% below/17.5% below,2025-06-30 (Price: 134.115)/2026-04-14 (Price: 102.9195),No Information,No Information,No Information,No Information,No Information,No Information
TRENDPULSE,"BYDDY, Long, 2026-04-14 (Price: 14.1)",No Exit Yet,"-16.17%, 1.4 month","83.33%, Past 4 years, 12","Daily, is CONFIRMED on 2026-04-14",Already confirmed,"2026-05-26 (Price: 11.82), 16.17% below",1.4 month,13.9,No Information,No Information,No Information,No Information,19.61%/4.88%/9.86%,"26.05%, 46.65%",2.7 months/6 days/1.2 month,2026-08-09/2026-04-22/2026-06-05,13.82%,24.27%,-10.45%,0.39,1.0,16.2347/15.4903/21.33/No Horizontal Resistance/17.0759/19.2153/No EMA 200 Target,12.39/7.1633/12.4728/9.6555/No F-Track Level/No F-Track Level/13.41,90.31%/320/1.5 month (Across ALL Assets),80.18%/757/1.6 month (Across ALL Assets),"2, 2020-01-17 (Price: 2.055)",2026-04-14 (Price: 14.1),2026-04-14 (Price: 14.1),42/42/42 days,16.17% below/16.17% below/16.17% below,2020-01-17 (Price: 2.055)/2026-04-14 (Price: 14.0257),No Information,No Information,No Information,No Information,No Information,No Information
TRENDPULSE,"AIA.NZ, Long, 2026-04-12 (Price: 8.25)",No Exit Yet,"0.36%, 1.5 month","100.0%, Past 10 years, 22","Weekly, is CONFIRMED on 2026-04-10",Already confirmed,"2026-05-26 (Price: 8.28), 0.36% above",1.5 month,8.1,No Information,No Information,No Information,No Information,14.03%/0.47%/6.61%,"-0.0%, 7.89%",3.5 months/28 days/2.4 months,2026-09-11/2026-05-22/2026-07-25,10.76%,5.7%,5.06%,1.18,0.29,8.9422/8.7953/8.61/8.953/11.1706/12.8535/No EMA 200 Target,7.97/7.0017/7.3934/6.6643/No F-Track Level/No F-Track Level/8.04,88.72%/133/4.6 months (Across ALL Assets),77.24%/369/4.1 months (Across ALL Assets),"6, 2025-02-09 (Price: 8.85)",2026-04-12 (Price: 8.25),2026-04-08 (Price: 8.27),44/48/44 days,0.36% above/0.12% above/0.36% above,2025-02-09 (Price: 8.85)/2026-04-12 (Price: 7.9897),No Information,No Information,No Information,No Information,No Information,No Information
TRENDPULSE,"NFLX, Long, 2026-04-10 (Price: 103.01)",No Exit Yet,"-14.88%, 1.5 month","84.21%, Past 4 years, 19","Daily, is CONFIRMED on 2026-04-10",Already confirmed,"2026-05-26 (Price: 87.68), 14.88% below",1.5 month,102.47,No Information,No Information,No Information,No Information,6.91%/0.45%/4.3%,"25.85%, 39.95%",2.7 months/7 days/1.6 month,2026-08-05/2026-04-20/2026-06-18,6.26%,8.49%,-2.23%,0.16,0.45,No Target/107.4394/121.67/No Horizontal Resistance/139.352/152.4292/106.54,90.92/34.8663/100.8852/86.4764/No F-Track Level/No F-Track Level/No EMA 200 Stop Loss,90.31%/320/1.5 month (Across ALL Assets),80.18%/757/1.6 month (Across ALL Assets),"8, 2025-06-30 (Price: 134.115)",2026-04-08 (Price: 99.39),2026-04-10 (Price: 103.01),48/46/46 days,11.78% below/14.88% below/14.88% below,2025-06-30 (Price: 134.115)/2026-04-10 (Price: 97.1447),No Information,No Information,No Information,No Information,No Information,No Information
TRENDPULSE,"^TNX, Long, 2026-03-15 (Price: 4.285)",2026-05-26 (Price: 4.493),"4.85%, 2.4 months","88.89%, Past 10 years, 18","Weekly, is CONFIRMED on 2026-03-13",Already confirmed,"2026-05-26 (Price: 4.493), 4.85% above",2.4 months,4.173,No Information,No Information,No Information,No Information,36.67%/4.7%/13.94%,"6.71%, 39.8%",11.7 months/28 days/3.1 months,2027-08-05/2026-04-24/2026-07-27,12.77%,1.53%,11.24%,0.7,0.17,4.7324/4.8823/4.6/4.6918/17.4008/18.8284/No EMA 200 Target,3.96/1.6875/No F-Stack Support/No F-Stack Support/No F-Track Level/No F-Track Level/4.2,88.72%/133/4.6 months (Across ALL Assets),77.24%/369/4.1 months (Across ALL Assets),"4, 2025-01-19 (Price: 4.809)",2026-03-08 (Price: 4.133),2026-03-11 (Price: 4.208),79/76/72 days,8.71% above/6.77% above/4.85% above,2025-01-19 (Price: 4.809)/2026-03-15 (Price: 4.0474),No Information,No Information,No Information,No Information,No Information,No Information
TRENDPULSE,"USO, Long, 2026-03-15 (Price: 119.89)",2026-05-24 (Price: 140.92),"17.54%, 2.3 months","80.0%, Past 10 years, 20","Weekly, is CONFIRMED on 2026-03-13",Already confirmed,"2026-05-26 (Price: 137.0), 14.27% above",2.4 months,119.42,No Information,No Information,No Information,No Information,57.72%/1.06%/21.93%,"70.35%, 78.81%",1.8 year/1.2 month/6.8 months,2028-10-08/2026-05-06/2027-01-04,7.54%,-3.59%,11.13%,0.24,-0.08,126.5679/146.1819/141.85/No Horizontal Resistance/No Next Fib Ext/No Next Fib Ext/No EMA 200 Target,68.03/58.7667/No F-Stack Support/No F-Stack Support/No F-Track Level/No F-Track Level/74.94,88.72%/133/4.6 months (Across ALL Assets),77.24%/369/4.1 months (Across ALL Assets),"0, 2023-10-01 (Price: 83.29)",2026-03-08 (Price: 108.77),2026-03-13 (Price: 119.89),79/74/72 days,25.95% above/14.27% above/14.27% above,2023-10-01 (Price: 83.29)/2026-03-15 (Price: 83.6838),No Information,No Information,No Information,No Information,No Information,No Information
TRENDPULSE,"SBUX, Long, 2026-03-08 (Price: 98.99)",2026-05-26 (Price: 101.42),"2.45%, 2.6 months","83.33%, Past 10 years, 18","Weekly, is CONFIRMED on 2026-03-06",Already confirmed,"2026-05-26 (Price: 101.42), 2.45% above",2.6 months,95.71,No Information,No Information,No Information,No Information,18.56%/1.11%/12.42%,"16.17%, 42.95%",4.9 months/1.2 month/3.1 months,2026-10-06/2026-04-29/2026-07-20,5.31%,8.54%,-3.23%,0.37,0.45,106.6716/111.2846/115.39/117.0525/142.4098/150.3462/No EMA 200 Target,83.97/71.675/89.1063/76.529/No F-Track Level/No F-Track Level/88.94,88.72%/133/4.6 months (Across ALL Assets),77.24%/369/4.1 months (Across ALL Assets),"0, 2021-07-25 (Price: 126.32)",2026-03-08 (Price: 98.99),2026-03-06 (Price: 98.99),79/81/79 days,2.45% above/2.45% above/2.45% above,2021-07-25 (Price: 126.32)/2026-03-08 (Price: 94.9663),No Information,No Information,No Information,No Information,No Information,No Information
TRENDPULSE,"MEL.NZ, Long, 2026-03-08 (Price: 5.63)",2026-05-26 (Price: 5.9),"4.8%, 2.6 months","100.0%, Past 10 years, 20","Weekly, is CONFIRMED on 2026-03-06",Already confirmed,"2026-05-26 (Price: 5.9), 4.8% above",2.6 months,5.6,No Information,No Information,No Information,No Information,24.31%/3.73%/10.23%,"-0.0%, 22.1%",3.3 months/1.4 month/1.8 month,2026-07-29/2026-05-07/2026-05-25,11.03%,7.59%,3.44%,0.58,0.4,6.1344/6.2059/6.39/6.825/7.4565/8.4564/5.72,5.46/4.3875/4.8318/4.5145/No F-Track Level/No F-Track Level/No EMA 200 Stop Loss,88.72%/133/4.6 months (Across ALL Assets),77.24%/369/4.1 months (Across ALL Assets),"8, 2024-07-21 (Price: 6.89)",2026-03-08 (Price: 5.63),2026-03-08 (Price: 5.63),79/79/79 days,4.8% above/4.8% above/4.8% above,2024-07-21 (Price: 6.89)/2026-03-08 (Price: 5.5745),No Information,No Information,No Information,No Information,No Information,No Information
TRENDPULSE,"TRI.TO, Long, 2026-03-06 (Price: 151.44)",No Exit Yet,"-23.67%, 2.7 months","100.0%, Past 4 years, 25","Daily, is CONFIRMED on 2026-03-06",Already confirmed,"2026-05-26 (Price: 115.59), 23.67% below",2.7 months,147.39,No Information,No Information,No Information,No Information,7.54%/0.92%/4.0%,"-0.0%, 12.09%",5.6 months/4 days/1.5 month,2026-11-04/2026-03-11/2026-05-10,14.26%,3.12%,11.14%,1.14,0.12,158.4668/157.4976/240.12/240.8933/293.2329/368.7715/214.26,110.84/126.1128/131.2534/93.0152/No F-Track Level/No F-Track Level/No EMA 200 Stop Loss,90.31%/320/1.5 month (Across ALL Assets),80.18%/757/1.6 month (Across ALL Assets),"8, 2025-07-14 (Price: 299.24)",2026-03-04 (Price: 142.92),2026-03-06 (Price: 151.44),83/81/81 days,19.12% below/23.67% below/23.67% below,2025-07-14 (Price: 299.24)/2026-03-06 (Price: 141.2558),No Information,No Information,No Information,No Information,No Information,No Information
TRENDPULSE,"GILD, Long, 2026-03-02 (Price: 150.03)",No Exit Yet,"-10.86%, 2.8 months","96.15%, Past 4 years, 26","Daily, is CONFIRMED on 2026-03-02",Already confirmed,"2026-05-26 (Price: 133.73), 10.86% below",2.8 months,147.87,No Information,No Information,No Information,No Information,8.4%/1.52%/4.01%,"5.96%, 14.16%",3.3 months/7 days/1.2 month,2026-07-23/2026-03-12/2026-04-23,14.1%,6.52%,7.58%,1.01,0.34,157.2764/156.0462/198.84/No Horizontal Resistance/No Target/154.7608/No EMA 200 Target,143.77/57.18/121.083/104.5806/No F-Track Level/No F-Track Level/120.37,90.31%/320/1.5 month (Across ALL Assets),80.18%/757/1.6 month (Across ALL Assets),"6, 2020-02-03 (Price: 68.68)",2026-02-27 (Price: 148.95),2026-03-02 (Price: 150.03),88/85/85 days,10.22% below/10.86% below/10.86% below,2020-02-03 (Price: 68.68)/2026-03-02 (Price: 147.4404),No Information,No Information,No Information,No Information,No Information,No Information
TRENDPULSE,"XIU.TO, Long, 2026-03-01 (Price: 49.71)",No Exit Yet,"2.37%, 2.9 months","100.0%, Past 10 years, 16","Weekly, is CONFIRMED on 2026-02-27",Already confirmed,"2026-05-26 (Price: 50.89), 2.37% above",2.9 months,49.56,No Information,No Information,No Information,No Information,4.78%/1.57%/2.92%,"-0.0%, 32.4%",1.1 year/28 days/3.7 months,2027-09-25/2026-04-10/2026-08-08,4.78%,4.53%,0.25%,1.33,0.22,50.6445/51.1615/67.44/No Horizontal Resistance/53.8646/79.5406/No EMA 200 Target,35.35/27.9467/37.996/28.1885/No F-Track Level/No F-Track Level/44.14,88.72%/133/4.6 months (Across ALL Assets),77.24%/369/4.1 months (Across ALL Assets),"4, 2016-03-20 (Price: 20.16)",2026-02-22 (Price: 49.57),2026-02-27 (Price: 49.71),93/88/86 days,2.66% above/2.37% above/2.37% above,2016-03-20 (Price: 20.16)/2026-03-01 (Price: 48.8542),No Information,No Information,No Information,No Information,No Information,No Information
TRENDPULSE,"AIA.NZ, Long, 2026-03-01 (Price: 9.16)",No Exit Yet,"-9.61%, 2.9 months","100.0%, Past 10 years, 22","Weekly, is CONFIRMED on 2026-02-27",Already confirmed,"2026-05-26 (Price: 8.28), 9.61% below",2.9 months,8.85,No Information,No Information,No Information,No Information,14.03%/0.47%/6.61%,"-0.0%, 7.89%",3.5 months/28 days/2.4 months,2026-07-31/2026-04-10/2026-06-13,10.76%,5.7%,5.06%,1.18,0.29,9.9285/9.7655/9.8/No Horizontal Resistance/11.1706/12.8535/No EMA 200 Target,7.47/7.0017/7.3934/6.6643/No F-Track Level/No F-Track Level/7.97,88.72%/133/4.6 months (Across ALL Assets),77.24%/369/4.1 months (Across ALL Assets),"2, 2025-06-22 (Price: 8.1)",2026-02-22 (Price: 8.88),2026-03-01 (Price: 9.16),93/86/86 days,6.76% below/9.61% below/9.61% below,2025-06-22 (Price: 8.1)/2026-03-01 (Price: 8.6371),No Information,No Information,No Information,No Information,No Information,No Information
TRENDPULSE,"CNU.NZ, Long, 2026-03-01 (Price: 9.58)",2026-05-24 (Price: 10.13),"5.74%, 2.8 months","100.0%, Past 10 years, 18","Weekly, is CONFIRMED on 2026-02-27",Already confirmed,"2026-05-26 (Price: 9.86), 2.92% above",2.9 months,9.52,No Information,No Information,No Information,No Information,11.36%/2.06%/5.35%,"-0.0%, 21.14%",1.3 year/1.2 month/8.2 months,2028-01-07/2026-04-22/2027-02-18,11.06%,5.54%,5.52%,0.7,0.28,10.3646/10.0925/9.82/9.875/No Next Fib Ext/No Next Fib Ext/No EMA 200 Target,9.13/6.0983/No F-Stack Support/No F-Stack Support/No F-Track Level/No F-Track Level/9.12,88.72%/133/4.6 months (Across ALL Assets),77.24%/369/4.1 months (Across ALL Assets),"2, 2025-09-07 (Price: 9.98)",2026-03-01 (Price: 9.58),2026-02-27 (Price: 9.58),86/88/86 days,2.92% above/2.92% above/2.92% above,2025-09-07 (Price: 9.98)/2026-03-01 (Price: 9.4764),No Information,No Information,No Information,No Information,No Information,No Information
TRENDPULSE,"SUNPHARMA.NS, Long, 2026-03-01 (Price: 1737.0)",2026-05-26 (Price: 1840.8),"5.98%, 2.9 months","95.65%, Past 10 years, 23","Weekly, is CONFIRMED on 2026-02-27",Already confirmed,"2026-05-26 (Price: 1840.8), 5.98% above",2.9 months,1732.9,No Information,No Information,No Information,No Information,16.13%/4.32%/11.36%,"35.87%, 59.81%",9.1 months/1.2 month/4 months,2027-03-31/2026-04-22/2026-08-21,2.25%,10.55%,-8.3%,0.46,0.56,1798.4898/1934.3232/1871.01/1935.175/2110.5488/2409.4589/No EMA 200 Target,1595.3/727.775/1465.6767/925.6338/No F-Track Level/No F-Track Level/1688.06,88.72%/133/4.6 months (Across ALL Assets),77.24%/369/4.1 months (Across ALL Assets),"6, 2024-10-06 (Price: 1960.35)",2026-02-22 (Price: 1724.4),2026-02-27 (Price: 1737.0),93/88/86 days,6.75% above/5.98% above/5.98% above,2024-10-06 (Price: 1960.35)/2026-03-01 (Price: 1694.7517),No Information,No Information,No Information,No Information,No Information,No Information
TRENDPULSE,"XLU, Long, 2026-02-28 (Price: 47.73)",No Exit Yet,"-5.03%, 2.9 months","86.67%, Past 20 years, 15","Monthly, is CONFIRMED on 2026-02-28",Already confirmed,"2026-05-26 (Price: 45.33), 5.03% below",2.9 months,43.3,No Information,No Information,No Information,No Information,13.3%/1.93%/8.43%,"27.25%, 40.67%",3.4 years/5.1 months/1.7 year,2031-01-05/2026-10-07/2028-08-02,2.66%,2.93%,-0.27%,-0.24,0.06,50.885/51.7536/55.04/No Horizontal Resistance/49.4858/72.2363/No EMA 200 Target,29.46/29.8725/35.4254/26.7354/No F-Track Level/No F-Track Level/42.99,93.94%/66/10.9 months (Across ALL Assets),72.82%/195/9.4 months (Across ALL Assets),"4, 2020-02-29 (Price: 35.55)",2026-02-28 (Price: 47.73),2026-02-09 (Price: 43.48),87/106/87 days,5.03% below/4.25% above/5.03% below,2020-02-29 (Price: 35.55)/2026-02-28 (Price: 43.2005),No Information,No Information,No Information,No Information,No Information,No Information
TRENDPULSE,"BYD.TO, Long, 2026-02-28 (Price: 238.09)",No Exit Yet,"-38.39%, 2.9 months","100.0%, Past 20 years, 16","Monthly, is CONFIRMED on 2026-02-28",Already confirmed,"2026-05-26 (Price: 146.68), 38.39% below",2.9 months,221.66,No Information,No Information,No Information,No Information,21.68%/5.8%/10.46%,"-0.0%, 33.29%",1.1 year/5.1 months/9.9 months,2027-09-24/2026-10-07/2027-05-04,13.56%,9.1%,4.46%,0.84,0.45,351.6589/262.9942/290.09/256.6133/367.2583/388.6839/No EMA 200 Target,192.05/188.685/229.0045/147.1212/No F-Track Level/No F-Track Level/219.24,93.94%/66/10.9 months (Across ALL Assets),72.82%/195/9.4 months (Across ALL Assets),"2, 2024-02-29 (Price: 324.75)",2026-01-31 (Price: 223.17),2026-02-26 (Price: 240.82),115/89/87 days,34.27% below/39.09% below/38.39% below,2024-02-29 (Price: 324.75)/2026-02-28 (Price: 213.2612),No Information,No Information,No Information,No Information,No Information,No Information
TRENDPULSE,"AIA.NZ, Long, 2026-02-23 (Price: 8.95)",No Exit Yet,"-7.49%, 3.1 months","89.47%, Past 4 years, 38","Daily, is CONFIRMED on 2026-02-23",Already confirmed,"2026-05-26 (Price: 8.28), 7.49% below",3.1 months,8.85,No Information,No Information,No Information,No Information,8.49%/0.39%/4.16%,"6.37%, 18.81%",4.7 months/7 days/28 days,2026-09-15/2026-03-05/2026-04-04,10.93%,4.6%,6.33%,0.64,0.22,9.3384/9.3223/9.82/No Horizontal Resistance/11.1706/12.8535/No EMA 200 Target,8.13/7.0017/7.3934/6.6643/No F-Track Level/No F-Track Level/7.94,90.31%/320/1.5 month (Across ALL Assets),80.18%/757/1.6 month (Across ALL Assets),"2, 2024-10-09 (Price: 7.5)",2026-02-20 (Price: 8.88),2026-02-23 (Price: 8.95),95/92/92 days,6.76% below/7.49% below/7.49% below,2024-10-09 (Price: 7.5)/2026-02-23 (Price: 8.7059),No Information,No Information,No Information,No Information,No Information,No Information
TRENDPULSE,"TSM, Long, 2026-02-22 (Price: 370.54)",2026-05-24 (Price: 404.52),"9.17%, 3 months","94.74%, Past 10 years, 19","Weekly, is CONFIRMED on 2026-02-20",Already confirmed,"2026-05-26 (Price: 412.32), 11.28% above",3.1 months,361.87,No Information,No Information,No Information,No Information,40.88%/7.36%/15.15%,"10.32%, 31.75%",8.9 months/28 days/3 months,2027-03-15/2026-04-03/2026-07-02,14.29%,17.0%,-2.71%,1.06,0.9,431.2345/426.6768/576.89/No Horizontal Resistance/No Target/No Target/No EMA 200 Target,275.06/83.575/272.4436/230.123/No F-Track Level/No F-Track Level/268.3,88.72%/133/4.6 months (Across ALL Assets),77.24%/369/4.1 months (Across ALL Assets),"2, 2016-04-03 (Price: 26.62)",2026-02-22 (Price: 370.54),2026-02-20 (Price: 370.54),93/95/93 days,11.28% above/11.28% above/11.28% above,2016-04-03 (Price: 26.62)/2026-02-22 (Price: 364.3362),No Information,No Information,No Information,No Information,No Information,No Information
TRENDPULSE,"GILD, Long, 2026-02-15 (Price: 154.98)",No Exit Yet,"-13.71%, 3.3 months","93.1%, Past 10 years, 29","Weekly, is CONFIRMED on 2026-02-13",Already confirmed,"2026-05-26 (Price: 133.73), 13.71% below",3.3 months,151.85,No Information,No Information,No Information,No Information,26.57%/1.39%/14.65%,"16.43%, 37.09%",1.2 year/1.2 month/4.9 months,2027-11-02/2026-04-08/2026-09-15,13.42%,9.1%,4.32%,0.92,0.48,168.5562/177.6846/186.11/No Horizontal Resistance/No Target/No Target/No EMA 200 Target,112.1/57.18/121.083/104.5806/No F-Track Level/No F-Track Level/117.95,88.72%/133/4.6 months (Across ALL Assets),77.24%/369/4.1 months (Across ALL Assets),"2, 2016-05-01 (Price: 103.1)",2026-02-01 (Price: 141.95),2026-02-13 (Price: 154.98),114/102/100 days,5.79% below/13.71% below/13.71% below,2016-05-01 (Price: 103.1)/2026-02-15 (Price: 135.6048),No Information,No Information,No Information,No Information,No Information,No Information
TRENDPULSE,"PG, Long, 2026-02-15 (Price: 160.07)",No Exit Yet,"-10.69%, 3.3 months","95.0%, Past 10 years, 20","Weekly, is CONFIRMED on 2026-02-13",Already confirmed,"2026-05-26 (Price: 142.96), 10.69% below",3.3 months,158.76,No Information,No Information,No Information,No Information,10.46%/1.7%/4.36%,"12.19%, 24.03%",1 year/28 days/4.2 months,2027-07-21/2026-03-27/2026-08-16,6.03%,3.67%,2.36%,0.38,0.13,168.7618/167.0491/172.02/179.4533/186.6499/209.3631/No EMA 200 Target,141.79/130.72/140.2317/117.5404/No F-Track Level/No F-Track Level/153.67,88.72%/133/4.6 months (Across ALL Assets),77.24%/369/4.1 months (Across ALL Assets),"2, 2025-03-09 (Price: 179.99)",2026-02-01 (Price: 151.77),2026-02-10 (Price: 159.08),114/105/100 days,5.8% below/10.13% below/10.69% below,2025-03-09 (Price: 179.99)/2026-02-15 (Price: 147.2108),No Information,No Information,No Information,No Information,No Information,No Information
TRENDPULSE,"MEL.NZ, Long, 2026-02-15 (Price: 5.76)",No Exit Yet,"2.43%, 3.3 months","100.0%, Past 10 years, 20","Weekly, is CONFIRMED on 2026-02-13",Already confirmed,"2026-05-26 (Price: 5.9), 2.43% above",3.3 months,5.65,No Information,No Information,No Information,No Information,24.31%/3.73%/10.23%,"-0.0%, 22.1%",3.3 months/1.4 month/1.8 month,2026-07-08/2026-04-16/2026-05-04,11.03%,7.59%,3.44%,0.58,0.4,6.2761/6.3492/6.44/6.825/7.4565/8.4564/No EMA 200 Target,5.46/4.3875/4.8318/4.5145/No F-Track Level/No F-Track Level/5.73,88.72%/133/4.6 months (Across ALL Assets),77.24%/369/4.1 months (Across ALL Assets),"8, 2024-07-21 (Price: 6.89)",2026-02-08 (Price: 5.71),2026-02-12 (Price: 5.79),107/103/100 days,3.33% above/1.9% above/2.43% above,2024-07-21 (Price: 6.89)/2026-02-15 (Price: 5.6192),No Information,No Information,No Information,No Information,No Information,No Information
TRENDPULSE,"FRW.NZ, Long, 2026-02-09 (Price: 15.0)",No Exit Yet,"-12.33%, 3.5 months","76.0%, Past 4 years, 25","Daily, is CONFIRMED on 2026-02-09",Already confirmed,"2026-05-26 (Price: 13.15), 12.33% below",3.5 months,14.48,No Information,No Information,No Information,No Information,6.83%/1.34%/3.66%,"18.57%, 29.85%",3.4 months/7 days/23 days,2026-07-06/2026-02-19/2026-03-14,-15.97%,8.16%,-24.13%,0.14,0.44,15.4095/15.549/15.07/No Horizontal Resistance/16.2179/21.849/No EMA 200 Target,14.1/7.405/11.0078/7.8689/No F-Track Level/No F-Track Level/12.53,90.31%/320/1.5 month (Across ALL Assets),80.18%/757/1.6 month (Across ALL Assets),"2, 2025-10-31 (Price: 14.88)",2026-02-05 (Price: 14.64),2026-02-09 (Price: 15.0),110/106/106 days,10.18% below/12.33% below/12.33% below,2025-10-31 (Price: 14.88)/2026-02-09 (Price: 14.3744),No Information,No Information,No Information,No Information,No Information,No Information
TRENDPULSE,"EEM, Long, 2026-02-08 (Price: 60.07)",2026-05-17 (Price: 65.07),"8.32%, 3.3 months","92.0%, Past 10 years, 25","Weekly, is CONFIRMED on 2026-02-06",Already confirmed,"2026-05-26 (Price: 68.4), 13.87% above",3.6 months,58.58,No Information,No Information,No Information,No Information,11.23%/1.19%/4.0%,"20.12%, 35.1%",1.4 year/28 days/3.8 months,2028-02-06/2026-03-20/2026-07-23,3.13%,1.56%,1.57%,0.12,-0.02,63.3438/62.4728/74.91/No Horizontal Resistance/No Next Fib Ext/No Next Fib Ext/No EMA 200 Target,40.58/37.485/No F-Stack Support/No F-Stack Support/No F-Track Level/No F-Track Level/51.59,88.72%/133/4.6 months (Across ALL Assets),77.24%/369/4.1 months (Across ALL Assets),"2, 2016-04-24 (Price: 35.34)",2026-02-08 (Price: 60.07),2026-02-06 (Price: 60.07),107/109/107 days,13.87% above/13.87% above/13.87% above,2016-04-24 (Price: 35.34)/2026-02-08 (Price: 58.342),No Information,No Information,No Information,No Information,No Information,No Information
TRENDPULSE,"MCD, Long, 2026-02-08 (Price: 327.16)",No Exit Yet,"-14.64%, 3.6 months","100.0%, Past 10 years, 19","Weekly, is CONFIRMED on 2026-02-06",Already confirmed,"2026-05-26 (Price: 279.26), 14.64% below",3.6 months,319.0,No Information,No Information,No Information,No Information,10.85%/1.47%/5.37%,"-0.0%, 16.82%",10.3 months/28 days/2.6 months,2027-05-01/2026-03-20/2026-05-31,8.39%,6.06%,2.33%,1.21,0.34,347.7384/344.7285/327.66/No Horizontal Resistance/370.0426/590.3302/No EMA 200 Target,303.26/228.4467/254.2758/233.8976/No F-Track Level/No F-Track Level/306.64,88.72%/133/4.6 months (Across ALL Assets),77.24%/369/4.1 months (Across ALL Assets),"4, 2025-03-16 (Price: 326.32)",2026-02-01 (Price: 315.0),2026-02-03 (Price: 319.48),114/112/107 days,11.35% below/12.59% below/14.64% below,2025-03-16 (Price: 326.32)/2026-02-08 (Price: 313.3668),No Information,No Information,No Information,No Information,No Information,No Information
TRENDPULSE,"ASHR, Long, 2026-01-31 (Price: 33.44)",No Exit Yet,"7.95%, 3.8 months","100.0%, Past 20 years, 4","Monthly, is CONFIRMED on 2026-01-31",Already confirmed,"2026-05-26 (Price: 36.1), 7.95% above",3.8 months,33.26,No Information,No Information,No Information,No Information,22.45%/22.45%/22.45%,"-0.0%, 12.65%",6.1 months/6.1 months/6.1 months,2026-10-23 (Max),6.97%,1.77%,5.2%,0.87,0.05,37.4796/40.9473/41.23/39.9467/60.2967/80.3432/No EMA 200 Target,25.82/23.68/No F-Stack Support/No F-Stack Support/No F-Track Level/No F-Track Level/30.41,93.94%/66/10.9 months (Across ALL Assets),72.82%/195/9.4 months (Across ALL Assets),"6, 2021-02-28 (Price: 46.42)",2025-12-31 (Price: 32.85),2026-01-02 (Price: 33.32),146/144/115 days,9.89% above/8.34% above/7.95% above,2021-02-28 (Price: 46.42)/2026-01-31 (Price: 32.0723),No Information,No Information,No Information,No Information,No Information,No Information
TRENDPULSE,"^STI, Long, 2026-01-25 (Price: 4891.4502)",2026-05-26 (Price: 5028.7998),"2.81%, 4 months","75.0%, Past 10 years, 24","Weekly, is CONFIRMED on 2026-01-23",Already confirmed,"2026-05-26 (Price: 5028.7998), 2.81% above",4 months,4834.46,No Information,No Information,No Information,No Information,6.67%/1.15%/3.39%,"14.46%, 29.57%",1.6 year/28 days/3.6 months,2028-05-08/2026-03-06/2026-06-30,-6.1%,2.09%,-8.19%,-0.28,-0.04,5024.9868/5057.2704/6082.24/No Horizontal Resistance/5099.1474/6233.5022/No EMA 200 Target,3512.53/3022.714/4356.5412/3433.5319/No F-Track Level/No F-Track Level/4256.79,88.72%/133/4.6 months (Across ALL Assets),77.24%/369/4.1 months (Across ALL Assets),"2, 2016-03-20 (Price: 2906.8)",2026-01-25 (Price: 4891.4502),2026-01-23 (Price: 4891.4502),121/123/121 days,2.81% above/2.81% above/2.81% above,2016-03-20 (Price: 2906.8)/2026-01-25 (Price: 4807.2086),No Information,No Information,No Information,No Information,No Information,No Information
TRENDPULSE,"DIS, Long, 2026-01-22 (Price: 113.21)",No Exit Yet,"-8.77%, 4.1 months","93.75%, Past 4 years, 16","Daily, is CONFIRMED on 2026-01-22",Already confirmed,"2026-05-26 (Price: 103.28), 8.77% below",4.1 months,113.17,No Information,No Information,No Information,No Information,9.92%/2.15%/5.66%,"3.96%, 50.6%",5 months/8 days/2.4 months,2026-08-27/2026-02-02/2026-05-06,-17.54%,-0.57%,-16.97%,0.51,-0.02,113.8779/119.6177/120.1/168.455/207.5364/245.6322/No EMA 200 Target,110.34/79.415/94.0946/88.5027/No F-Track Level/No F-Track Level/111.22,90.31%/320/1.5 month (Across ALL Assets),80.18%/757/1.6 month (Across ALL Assets),"6, 2025-06-30 (Price: 124.69)",2026-01-21 (Price: 113.19),2026-01-22 (Price: 113.21),125/124/124 days,8.76% below/8.77% below/8.77% below,2025-06-30 (Price: 124.69)/2026-01-22 (Price: 111.7386),No Information,No Information,No Information,No Information,No Information,No Information
TRENDPULSE,"AIA.NZ, Long, 2026-01-11 (Price: 8.54)",No Exit Yet,"-3.04%, 4.5 months","100.0%, Past 10 years, 22","Weekly, is CONFIRMED on 2026-01-09",Already confirmed,"2026-05-26 (Price: 8.28), 3.04% below",4.5 months,8.35,No Information,No Information,No Information,No Information,14.03%/0.47%/6.61%,"-0.0%, 7.89%",3.5 months/28 days/2.4 months,2026-06-12/2026-02-20/2026-04-25,10.76%,5.7%,5.06%,1.18,0.29,9.2565/9.1045/8.73/8.8962/11.1706/12.8535/No EMA 200 Target,7.47/7.0017/7.3934/6.6643/No F-Track Level/No F-Track Level/7.87,88.72%/133/4.6 months (Across ALL Assets),77.24%/369/4.1 months (Across ALL Assets),"4, 2025-02-09 (Price: 8.85)",2025-12-28 (Price: 8.28),2026-01-08 (Price: 8.5),149/138/135 days,0.0% below/2.59% below/3.04% below,2025-02-09 (Price: 8.85)/2026-01-11 (Price: 8.1731),No Information,No Information,No Information,No Information,No Information,No Information
TRENDPULSE,"SUNPHARMA.NS, Long, 2026-01-11 (Price: 1729.9)",2026-05-26 (Price: 1840.8),"6.41%, 4.5 months","95.65%, Past 10 years, 23","Weekly, is CONFIRMED on 2026-01-09",Already confirmed,"2026-05-26 (Price: 1840.8), 6.41% above",4.5 months,1728.0,No Information,No Information,No Information,No Information,16.13%/4.32%/11.36%,"35.87%, 59.81%",9.1 months/1.2 month/4 months,2027-02-10/2026-03-04/2026-07-03,2.25%,10.55%,-8.3%,0.46,0.56,1791.1385/1926.4166/1868.17/1935.175/2110.5488/2409.4589/No EMA 200 Target,1586.7/727.775/1465.6767/925.6338/No F-Track Level/No F-Track Level/1698.45,88.72%/133/4.6 months (Across ALL Assets),77.24%/369/4.1 months (Across ALL Assets),"6, 2024-10-06 (Price: 1960.35)",2026-01-04 (Price: 1728.0),2026-01-11 (Price: 1729.9),142/135/135 days,6.53% above/6.41% above/6.41% above,2024-10-06 (Price: 1960.35)/2026-01-11 (Price: 1720.22),No Information,No Information,No Information,No Information,No Information,No Information
TRENDPULSE,"BRK-B, Long, 2026-01-09 (Price: 499.1)",No Exit Yet,"-3.1%, 4.6 months","100.0%, Past 4 years, 20","Daily, is CONFIRMED on 2026-01-09",Already confirmed,"2026-05-26 (Price: 483.62), 3.1% below",4.6 months,498.94,No Information,No Information,No Information,No Information,5.02%/0.7%/2.78%,"-0.0%, 7.4%",2.1 months/6 days/15 days,2026-04-10/2026-01-17/2026-01-30,13.57%,12.19%,1.38%,1.66,0.86,527.3491/512.975/509.57/512.255/630.85/709.9376/No EMA 200 Target,496.12/268.082/491.88/449.7662/No F-Track Level/No F-Track Level/497.22,90.31%/320/1.5 month (Across ALL Assets),80.18%/757/1.6 month (Across ALL Assets),"2, 2025-11-14 (Price: 516.55)",2026-01-09 (Price: 499.1),2026-01-09 (Price: 499.1),137/137/137 days,3.1% below/3.1% below/3.1% below,2025-11-14 (Price: 516.55)/2026-01-09 (Price: 496.4333),No Information,No Information,No Information,No Information,No Information,No Information
TRENDPULSE,"DIS, Long, 2026-01-09 (Price: 115.88)",No Exit Yet,"-10.87%, 4.6 months","93.75%, Past 4 years, 16","Daily, is CONFIRMED on 2026-01-09",Already confirmed,"2026-05-26 (Price: 103.28), 10.87% below",4.6 months,114.31,No Information,No Information,No Information,No Information,9.92%/2.15%/5.66%,"3.96%, 50.6%",5 months/8 days/2.4 months,2026-08-14/2026-01-20/2026-04-23,-17.54%,-0.57%,-16.97%,0.51,-0.02,116.5637/122.4388/121.17/168.455/207.5364/245.6322/No EMA 200 Target,111.85/79.415/94.0946/88.5027/No F-Track Level/No F-Track Level/110.55,90.31%/320/1.5 month (Across ALL Assets),80.18%/757/1.6 month (Across ALL Assets),"6, 2025-06-30 (Price: 124.69)",2026-01-08 (Price: 114.17),2026-01-09 (Price: 115.88),138/137/137 days,9.54% below/10.87% below/10.87% below,2025-06-30 (Price: 124.69)/2026-01-09 (Price: 113.594),No Information,No Information,No Information,No Information,No Information,No Information
TRENDPULSE,"SUM.NZ, Long, 2026-01-06 (Price: 12.41)",No Exit Yet,"-36.74%, 4.7 months","100.0%, Past 4 years, 18","Daily, is CONFIRMED on 2026-01-06",Already confirmed,"2026-05-26 (Price: 7.85), 36.74% below",4.7 months,12.36,No Information,No Information,No Information,No Information,8.54%/2.04%/5.16%,"-0.0%, 20.48%",6.2 months/4 days/25 days,2026-10-02/2026-01-11/2026-02-11,15.74%,3.12%,12.62%,1.56,0.13,12.9163/13.0504/12.64/13.345/19.8479/26.5969/No EMA 200 Target,11.82/9.1367/11.0645/No stop loss/No F-Track Level/No F-Track Level/11.43,90.31%/320/1.5 month (Across ALL Assets),80.18%/757/1.6 month (Across ALL Assets),"2, 2025-11-18 (Price: 12.8)",2026-01-06 (Price: 12.41),2026-01-06 (Price: 12.41),140/140/140 days,36.74% below/36.74% below/36.74% below,2025-11-18 (Price: 12.8)/2026-01-06 (Price: 12.3236),No Information,No Information,No Information,No Information,No Information,No Information
TRENDPULSE,"MAR, Long, 2025-12-31 (Price: 310.24)",2026-05-26 (Price: 373.81),"20.49%, 4.9 months","100.0%, Past 20 years, 16","Monthly, is CONFIRMED on 2025-12-31",Already confirmed,"2026-05-26 (Price: 373.81), 20.49% above",4.9 months,302.43,No Information,No Information,No Information,No Information,30.2%/3.49%/14.0%,"0%, 34.42%",1.6 year/4.2 months/9.9 months,2028-04-13/2026-07-01/2027-03-06,8.97%,8.08%,0.89%,1.25,0.41,376.166/353.6736/311.87/No Horizontal Resistance/372.972/399.3723/No EMA 200 Target,136.01/129.12/275.4012/235.5515/No F-Track Level/No F-Track Level/267.22,93.94%/66/10.9 months (Across ALL Assets),72.82%/195/9.4 months (Across ALL Assets),"2, 2025-02-28 (Price: 307.52)",2025-11-30 (Price: 304.79),2025-12-31 (Price: 310.24),177/146/146 days,22.65% above/20.49% above/20.49% above,2025-02-28 (Price: 307.52)/2025-12-31 (Price: 259.98),No Information,No Information,No Information,No Information,No Information,No Information
TRENDPULSE,"MFT.NZ, Long, 2025-12-31 (Price: 68.62)",No Exit Yet,"-15.48%, 4.9 months","93.33%, Past 20 years, 15","Monthly, is CONFIRMED on 2025-12-31",Already confirmed,"2026-05-26 (Price: 58.0), 15.48% below",4.9 months,67.06,No Information,No Information,No Information,No Information,64.29%/5.7%/20.48%,"24.41%, 40.93%",1.8 year/5 months/8.6 months,2028-07-26/2026-08-05/2027-01-08,9.01%,11.67%,-2.66%,0.45,0.67,103.2388/82.6734/87.32/85.45/105.252/119.9356/No EMA 200 Target,55.51/55.185/54.7158/45.8971/No F-Track Level/No F-Track Level/63.85,93.94%/66/10.9 months (Across ALL Assets),72.82%/195/9.4 months (Across ALL Assets),"0, 2021-09-30 (Price: 99.78)",2025-12-31 (Price: 68.62),2025-12-31 (Price: 68.62),146/146/146 days,15.48% below/15.48% below/15.48% below,2021-09-30 (Price: 99.78)/2025-12-31 (Price: 66.51),No Information,No Information,No Information,No Information,No Information,No Information
TRENDPULSE,"^STI, Long, 2025-12-31 (Price: 4646.21)",2026-04-30 (Price: 4912.6899),"5.74%, 4 months","88.89%, Past 20 years, 9","Monthly, is CONFIRMED on 2025-12-31",Already confirmed,"2026-05-26 (Price: 5028.7998), 8.23% above",4.9 months,4531.5498,No Information,No Information,No Information,No Information,18.82%/5.74%/11.38%,"4.28%, 24.61%",7.1 months/4 months/5.3 months,2026-11-04/2026-06-22/2026-08-18,4.3%,3.1%,1.2%,0.65,0.09,5025.3407/5174.9487/6324.54/No Horizontal Resistance/5099.1474/6233.5022/No EMA 200 Target,3067.74/3046.5738/4356.5412/3433.5319/No F-Track Level/No F-Track Level/4180.18,93.94%/66/10.9 months (Across ALL Assets),72.82%/195/9.4 months (Across ALL Assets),"10, 2002-03-31 (Price: 1848.99)",2025-12-31 (Price: 4646.21),2025-12-12 (Price: 4586.4502),146/165/146 days,8.23% above/9.64% above/8.23% above,2002-03-31 (Price: 1848.99)/2025-12-31 (Price: 4519.63),No Information,No Information,No Information,No Information,No Information,No Information
TRENDPULSE,"MFT.NZ, Long, 2025-12-28 (Price: 69.01)",No Exit Yet,"-15.95%, 5 months","86.96%, Past 10 years, 23","Weekly, is CONFIRMED on 2025-12-26",Already confirmed,"2026-05-26 (Price: 58.0), 15.95% below",5 months,68.29,No Information,No Information,No Information,No Information,13.53%/1.78%/5.67%,"19.46%, 27.74%",1.2 year/1.2 month/5.4 months,2027-09-14/2026-02-18/2026-08-19,7.08%,8.93%,-1.85%,0.18,0.51,72.9574/72.9229/87.47/85.45/105.252/119.9356/No EMA 200 Target,58.66/55.185/54.7158/45.8971/No F-Track Level/No F-Track Level/63.83,88.72%/133/4.6 months (Across ALL Assets),77.24%/369/4.1 months (Across ALL Assets),"4, 2021-09-05 (Price: 99.78)",2025-12-21 (Price: 68.26),2025-12-24 (Price: 69.01),156/153/149 days,15.03% below/15.95% below/15.95% below,2021-09-05 (Price: 99.78)/2025-12-28 (Price: 66.4602),No Information,No Information,No Information,No Information,No Information,No Information
TRENDPULSE,"TRI.TO, Long, 2025-12-22 (Price: 182.89)",No Exit Yet,"-36.8%, 5.2 months","100.0%, Past 4 years, 25","Daily, is CONFIRMED on 2025-12-22",Already confirmed,"2026-05-26 (Price: 115.59), 36.8% below",5.2 months,182.27,No Information,No Information,No Information,No Information,7.54%/0.92%/4.0%,"-0.0%, 12.09%",5.6 months/4 days/1.5 month,2026-08-22/2025-12-27/2026-02-25,14.26%,3.12%,11.14%,1.14,0.12,191.3761/190.2056/252.7/240.8933/293.2329/455.2123/239.03,178.26/116.89/131.2534/93.0152/No F-Track Level/No F-Track Level/No EMA 200 Stop Loss,90.31%/320/1.5 month (Across ALL Assets),80.18%/757/1.6 month (Across ALL Assets),"4, 2025-07-14 (Price: 299.24)",2025-12-19 (Price: 182.02),2025-12-22 (Price: 182.89),158/155/155 days,36.5% below/36.8% below/36.8% below,2025-07-14 (Price: 299.24)/2025-12-22 (Price: 180.1944),No Information,No Information,No Information,No Information,No Information,No Information
TRENDPULSE,"CRM, Long, 2025-12-07 (Price: 260.57)",No Exit Yet,"-31.27%, 5.7 months","92.31%, Past 10 years, 26","Weekly, is CONFIRMED on 2025-12-05",Already confirmed,"2026-05-26 (Price: 179.08), 31.27% below",5.7 months,228.67,No Information,No Information,No Information,No Information,21.43%/3.11%/10.84%,"31.24%, 58.25%",9.8 months/1.2 month/2.8 months,2027-02-05/2026-01-28/2026-04-07,9.73%,8.31%,1.42%,0.43,0.42,288.477/288.8158/281.86/368.045/354.7868/402.2468/No EMA 200 Target,227.11/156.1/253.2538/209.3181/No F-Track Level/No F-Track Level/259.46,88.72%/133/4.6 months (Across ALL Assets),77.24%/369/4.1 months (Across ALL Assets),"4, 2025-05-18 (Price: 296.05)",2025-11-30 (Price: 230.54),2025-12-04 (Price: 247.46),177/173/170 days,22.32% below/27.63% below/31.27% below,2025-05-18 (Price: 296.05)/2025-12-07 (Price: 226.2988),No Information,No Information,No Information,No Information,No Information,No Information
TRENDPULSE,"PERSISTENT.NS, Long, 2025-12-05 (Price: 6520.5)",No Exit Yet,"-21.7%, 5.7 months","77.78%, Past 4 years, 27","Daily, is CONFIRMED on 2025-12-05",Already confirmed,"2026-05-26 (Price: 5105.7998), 21.7% below",5.7 months,6453.0,No Information,No Information,No Information,No Information,13.99%/0.64%/5.15%,"7.08%, 34.03%",3.4 months/6 days/26 days,2026-05-01/2025-12-13/2026-01-11,19.88%,40.64%,-20.76%,0.28,1.97,6942.3763/6856.3058/10210.8/No Horizontal Resistance/9957.5854/15965.083/No EMA 200 Target,6331.0/1548.5125/6244.7475/3950.0879/No F-Track Level/No F-Track Level/5542.75,90.31%/320/1.5 month (Across ALL Assets),80.18%/757/1.6 month (Across ALL Assets),"4, 2020-01-23 (Price: 370.0)",2025-12-04 (Price: 6452.0),2025-12-05 (Price: 6520.5),173/172/172 days,20.86% below/21.7% below/21.7% below,2020-01-23 (Price: 370.0)/2025-12-05 (Price: 6367.9671),No Information,No Information,No Information,No Information,No Information,No Information
TRENDPULSE,"NAUKRI.NS, Long, 2025-12-02 (Price: 1386.6)",No Exit Yet,"-29.27%, 5.8 months","96.77%, Past 4 years, 31","Daily, is CONFIRMED on 2025-12-02",Already confirmed,"2026-05-26 (Price: 980.7), 29.27% below",5.8 months,1375.0,No Information,No Information,No Information,No Information,11.41%/0.45%/4.7%,"0.68%, 29.37%",2.1 months/7 days/21 days,2026-03-03/2025-12-12/2026-01-01,17.58%,7.62%,9.96%,0.94,0.39,1440.8161/1451.7702/1406.58/1483.595/2223.4618/2377.3661/1397.42,1330.2/662.12/1095.4447/920.5126/No F-Track Level/No F-Track Level/No EMA 200 Stop Loss,90.31%/320/1.5 month (Across ALL Assets),80.18%/757/1.6 month (Across ALL Assets),"2, 2025-10-24 (Price: 1419.9)",2025-12-01 (Price: 1365.1),2025-12-02 (Price: 1386.6),176/175/175 days,28.16% below/29.27% below/29.27% below,2025-10-24 (Price: 1419.9)/2025-12-02 (Price: 1348.1),No Information,No Information,No Information,No Information,No Information,No Information
TRENDPULSE,"GOOG, Long, 2025-11-30 (Price: 320.12)",2026-05-17 (Price: 393.32),"22.87%, 5.6 months","100.0%, Past 10 years, 20","Weekly, is CONFIRMED on 2025-11-28",Already confirmed,"2026-05-26 (Price: 384.84), 20.22% above",5.9 months,311.01,No Information,No Information,No Information,No Information,19.02%/4.43%/10.08%,"-0.0%, 15.08%",4 months/1.2 month/1.7 month,2026-05-22/2026-01-21/2026-02-11,13.59%,17.02%,-3.43%,1.76,0.92,378.3178/352.3881/488.5/No Horizontal Resistance/No Target/322.8294/No EMA 200 Target,147.74/84.51/240.3589/219.0619/No F-Track Level/No F-Track Level/203.2,88.72%/133/4.6 months (Across ALL Assets),77.24%/369/4.1 months (Across ALL Assets),"2, 2016-02-07 (Price: 39.4935)",2025-11-23 (Price: 299.65),2025-11-30 (Price: 320.12),184/177/177 days,28.43% above/20.22% above/20.22% above,2016-02-07 (Price: 39.4935)/2025-11-30 (Price: 304.0583),No Information,No Information,No Information,No Information,No Information,No Information
TRENDPULSE,"HDFCBANK.NS, Long, 2025-11-30 (Price: 1007.6)",No Exit Yet,"-22.7%, 5.9 months","78.57%, Past 20 years, 14","Monthly, is CONFIRMED on 2025-11-30",Already confirmed,"2026-05-26 (Price: 778.9), 22.7% below",5.9 months,985.0,No Information,No Information,No Information,No Information,23.14%/5.97%/13.59%,"11.13%, 17.76%",1 year/5 months/7.6 months,2027-05-05/2026-07-05/2026-10-26,8.88%,12.53%,-3.65%,0.37,0.69,1159.2438/1144.5328/1604.51/1009.6/1098.0619/1305.7899/No EMA 200 Target,701.7/640.9/962.8007/765.1075/No F-Track Level/No F-Track Level/956.06,93.94%/66/10.9 months (Across ALL Assets),72.82%/195/9.4 months (Across ALL Assets),"0, 2002-02-28 (Price: 12.75)",2025-11-30 (Price: 1007.6),2025-11-28 (Price: 1007.6),177/179/177 days,22.7% below/22.7% below/22.7% below,2002-02-28 (Price: 12.75)/2025-11-30 (Price: 979.6324),No Information,No Information,No Information,No Information,No Information,No Information
TRENDPULSE,"XIU.TO, Long, 2025-11-30 (Price: 46.43)",No Exit Yet,"9.61%, 5.9 months","100.0%, Past 20 years, 14","Monthly, is CONFIRMED on 2025-11-30",Already confirmed,"2026-05-26 (Price: 50.89), 9.61% above",5.9 months,45.21,No Information,No Information,No Information,No Information,12.69%/2.94%/7.95%,"-0.0%, 19.49%",1.2 year/4 months/7 months,2027-08-17/2026-05-22/2026-09-30,5.69%,4.1%,1.59%,2.04,0.18,52.2663/50.1212/67.39/No Horizontal Resistance/53.8646/79.5406/No EMA 200 Target,28.76/27.9467/37.996/28.1885/No F-Track Level/No F-Track Level/41.03,93.94%/66/10.9 months (Across ALL Assets),72.82%/195/9.4 months (Across ALL Assets),"2, 2002-03-31 (Price: 11.5)",2025-09-30 (Price: 44.77),2025-11-24 (Price: 45.37),238/183/177 days,13.67% above/12.17% above/9.61% above,2002-03-31 (Price: 11.5)/2025-11-30 (Price: 43.425),No Information,No Information,No Information,No Information,No Information,No Information
TRENDPULSE,"EFN.TO, Long, 2025-11-30 (Price: 37.23)",No Exit Yet,"-25.06%, 5.9 months","100.0%, Past 10 years, 22","Weekly, is CONFIRMED on 2025-11-28",Already confirmed,"2026-05-26 (Price: 27.9), 25.06% below",5.9 months,36.72,No Information,No Information,No Information,No Information,26.0%/2.25%/9.22%,"-0.0%, 76.43%",6.1 months/1.4 month/2.7 months,2026-08-22/2026-01-29/2026-03-27,-1.8%,9.59%,-11.39%,0.83,0.48,39.9552/40.6626/50.03/No Horizontal Resistance/45.1741/70.5281/No EMA 200 Target,34.92/11.7733/29.5041/No stop loss/No F-Track Level/No F-Track Level/33.64,88.72%/133/4.6 months (Across ALL Assets),77.24%/369/4.1 months (Across ALL Assets),"0, 2016-05-29 (Price: 15.89)",2025-11-23 (Price: 36.72),2025-11-28 (Price: 37.23),184/179/177 days,24.02% below/25.06% below/25.06% below,2016-05-29 (Price: 15.89)/2025-11-30 (Price: 35.8961),No Information,No Information,No Information,No Information,No Information,No Information
TRENDPULSE,"SUNPHARMA.NS, Long, 2025-11-23 (Price: 1779.7)",2026-05-26 (Price: 1840.8),"3.43%, 6.1 months","95.65%, Past 10 years, 23","Weekly, is CONFIRMED on 2025-11-21",Already confirmed,"2026-05-26 (Price: 1840.8), 3.43% above",6.1 months,1765.8,No Information,No Information,No Information,No Information,16.13%/4.32%/11.36%,"35.87%, 59.81%",9.1 months/1.2 month/4 months,2026-12-23/2026-01-14/2026-05-15,2.25%,10.55%,-8.3%,0.46,0.56,1842.7014/1981.8739/1888.09/1935.175/2110.5488/2409.4589/No EMA 200 Target,1586.7/653.55/1465.6767/925.6338/No F-Track Level/No F-Track Level/1683.31,88.72%/133/4.6 months (Across ALL Assets),77.24%/369/4.1 months (Across ALL Assets),"4, 2024-10-06 (Price: 1960.35)",2025-11-16 (Price: 1757.1),2025-11-19 (Price: 1784.1),191/188/184 days,4.76% above/3.18% above/3.43% above,2024-10-06 (Price: 1960.35)/2025-11-23 (Price: 1689.6984),No Information,No Information,No Information,No Information,No Information,No Information
TRENDPULSE,"PERSISTENT.NS, Long, 2025-11-20 (Price: 6350.5)",No Exit Yet,"-19.6%, 6.2 months","77.78%, Past 4 years, 27","Daily, is CONFIRMED on 2025-11-20",Already confirmed,"2026-05-26 (Price: 5105.7998), 19.6% below",6.2 months,6316.0,No Information,No Information,No Information,No Information,13.99%/0.64%/5.15%,"7.08%, 34.03%",3.4 months/6 days/26 days,2026-04-16/2025-11-28/2025-12-27,19.88%,40.64%,-20.76%,0.28,1.97,6761.3773/6677.5508/9946.3/No Horizontal Resistance/9957.5854/15965.083/No EMA 200 Target,5781.0/1548.5125/6244.7475/3950.0879/No F-Track Level/No F-Track Level/5523.09,90.31%/320/1.5 month (Across ALL Assets),80.18%/757/1.6 month (Across ALL Assets),"2, 2020-01-16 (Price: 357.5)",2025-11-19 (Price: 6316.0),2025-11-20 (Price: 6350.5),188/187/187 days,19.16% below/19.6% below/19.6% below,2020-01-16 (Price: 357.5)/2025-11-20 (Price: 6243.5207),No Information,No Information,No Information,No Information,No Information,No Information
TRENDPULSE,"SUM.NZ, Long, 2025-11-18 (Price: 12.6)",No Exit Yet,"-37.7%, 6.3 months","100.0%, Past 4 years, 18","Daily, is CONFIRMED on 2025-11-18",Already confirmed,"2026-05-26 (Price: 7.85), 37.7% below",6.3 months,12.52,No Information,No Information,No Information,No Information,8.54%/2.04%/5.16%,"-0.0%, 20.48%",6.2 months/4 days/25 days,2026-08-14/2025-11-23/2025-12-24,15.74%,3.12%,12.62%,1.56,0.13,13.1141/13.2502/14.58/13.345/19.8479/26.5969/No EMA 200 Target,11.6/9.1367/11.0645/No stop loss/No F-Track Level/No F-Track Level/11.45,90.31%/320/1.5 month (Across ALL Assets),80.18%/757/1.6 month (Across ALL Assets),"4, 2020-01-23 (Price: 9.3)",2025-11-17 (Price: 12.65),2025-11-18 (Price: 12.6),190/189/189 days,37.94% below/37.7% below/37.7% below,2020-01-23 (Price: 9.3)/2025-11-18 (Price: 12.3204),No Information,No Information,No Information,No Information,No Information,No Information
TRENDPULSE,"BRK-B, Long, 2025-11-16 (Price: 508.94)",No Exit Yet,"-4.98%, 6.4 months","96.0%, Past 10 years, 25","Weekly, is CONFIRMED on 2025-11-14",Already confirmed,"2026-05-26 (Price: 483.62), 4.98% below",6.4 months,497.08,No Information,No Information,No Information,No Information,11.6%/2.26%/4.73%,"13.62%, 25.57%",9.8 months/1.2 month/2.2 months,2027-01-15/2026-01-07/2026-02-19,8.49%,8.58%,-0.09%,0.49,0.55,542.3774/533.0129/526.98/No Horizontal Resistance/630.85/709.9376/No EMA 200 Target,477.54/268.082/491.88/449.7662/No F-Track Level/No F-Track Level/496.0,88.72%/133/4.6 months (Across ALL Assets),77.24%/369/4.1 months (Across ALL Assets),"2, 2025-04-06 (Price: 539.0)",2025-11-16 (Price: 508.94),2025-11-12 (Price: 502.4),191/195/191 days,4.98% below/3.74% below/4.98% below,2025-04-06 (Price: 539.0)/2025-11-16 (Price: 495.9973),No Information,No Information,No Information,No Information,No Information,No Information
TRENDPULSE,"SUM.NZ, Long, 2025-11-16 (Price: 12.25)",No Exit Yet,"-35.92%, 6.4 months","72.73%, Past 10 years, 11","Weekly, is CONFIRMED on 2025-11-14",Already confirmed,"2026-05-26 (Price: 7.85), 35.92% below",6.4 months,11.86,No Information,No Information,No Information,No Information,8.29%/2.99%/5.63%,"9.39%, 47.61%",1.9 month/1.2 month/1.5 month,2026-02-06/2026-01-07/2026-01-20,-1.98%,8.68%,-10.66%,-0.08,0.46,13.3991/12.9397/12.84/13.345/19.8479/26.5969/No EMA 200 Target,10.66/9.1367/11.0645/No stop loss/No F-Track Level/No F-Track Level/11.45,88.72%/133/4.6 months (Across ALL Assets),77.24%/369/4.1 months (Across ALL Assets),"0, 2024-11-24 (Price: 13.24)",2025-11-09 (Price: 11.86),2025-11-14 (Price: 12.25),198/193/191 days,33.81% below/35.92% below/35.92% below,2024-11-24 (Price: 13.24)/2025-11-16 (Price: 11.6173),No Information,No Information,No Information,No Information,No Information,No Information
TRENDPULSE,"DIS, Long, 2025-11-12 (Price: 116.65)",No Exit Yet,"-11.46%, 6.5 months","93.75%, Past 4 years, 16","Daily, is CONFIRMED on 2025-11-12",Already confirmed,"2026-05-26 (Price: 103.28), 11.46% below",6.5 months,114.57,No Information,No Information,No Information,No Information,9.92%/2.15%/5.66%,"3.96%, 50.6%",5 months/8 days/2.4 months,2026-06-17/2025-11-23/2026-02-24,-17.54%,-0.57%,-16.97%,0.51,-0.02,117.3382/123.2524/121.47/168.455/207.5364/245.6322/No EMA 200 Target,110.24/79.415/94.0946/88.5027/No F-Track Level/No F-Track Level/110.16,90.31%/320/1.5 month (Across ALL Assets),80.18%/757/1.6 month (Across ALL Assets),"2, 2025-06-30 (Price: 124.69)",2025-11-10 (Price: 112.24),2025-11-12 (Price: 116.65),197/195/195 days,7.98% below/11.46% below/11.46% below,2025-06-30 (Price: 124.69)/2025-11-12 (Price: 112.1961),No Information,No Information,No Information,No Information,No Information,No Information
TRENDPULSE,"QQQ, Long, 2025-10-31 (Price: 629.07)",No Exit Yet,"16.09%, 6.9 months","100.0%, Past 20 years, 14","Monthly, is CONFIRMED on 2025-10-31",Already confirmed,"2026-05-26 (Price: 730.28), 16.09% above",6.9 months,597.17,No Information,No Information,No Information,No Information,16.86%/5.89%/12.1%,"-0.0%, 33.07%",2.6 years/5 months/10.6 months,2029-07-17/2026-06-05/2027-02-03,8.22%,7.93%,0.29%,2.16,0.46,726.0097/705.1875/989.24/No Horizontal Resistance/No Target/836.2536/No EMA 200 Target,468.92/256.995/563.3658/526.8888/No F-Track Level/No F-Track Level/537.0,93.94%/66/10.9 months (Across ALL Assets),72.82%/195/9.4 months (Across ALL Assets),"0, 2002-12-31 (Price: 28.79)",2025-09-30 (Price: 600.37),2025-10-31 (Price: 629.07),238/207/207 days,21.64% above/16.09% above/16.09% above,2002-12-31 (Price: 28.79)/2025-10-31 (Price: 567.9074),No Information,No Information,No Information,No Information,No Information,No Information
TRENDPULSE,"XLU, Long, 2025-10-31 (Price: 44.55)",No Exit Yet,"1.75%, 6.9 months","86.67%, Past 20 years, 15","Monthly, is CONFIRMED on 2025-10-31",Already confirmed,"2026-05-26 (Price: 45.33), 1.75% above",6.9 months,43.69,No Information,No Information,No Information,No Information,13.3%/1.93%/8.43%,"27.25%, 40.67%",3.4 years/5.1 months/1.7 year,2030-09-07/2026-06-09/2028-04-04,2.66%,2.93%,-0.27%,-0.24,0.06,47.4948/48.3056/64.39/No Horizontal Resistance/49.4858/72.2363/No EMA 200 Target,29.46/29.76/35.4254/26.7354/No F-Track Level/No F-Track Level/41.1,93.94%/66/10.9 months (Across ALL Assets),72.82%/195/9.4 months (Across ALL Assets),"0, 2003-06-30 (Price: 11.475)",2025-09-30 (Price: 43.605),2025-10-01 (Price: 44.025),238/237/207 days,3.96% above/2.96% above/1.75% above,2003-06-30 (Price: 11.475)/2025-10-31 (Price: 43.5247),No Information,No Information,No Information,No Information,No Information,No Information
TRENDPULSE,"TSM, Long, 2025-10-31 (Price: 300.43)",2026-04-30 (Price: 396.06),"31.83%, 6 months","100.0%, Past 20 years, 21","Monthly, is CONFIRMED on 2025-10-31",Already confirmed,"2026-05-26 (Price: 412.32), 37.24% above",6.9 months,278.44,No Information,No Information,No Information,No Information,62.44%/6.14%/35.19%,"-0.0%, 49.81%",1.4 year/5 months/9.2 months,2027-10-29/2026-06-05/2026-12-04,10.54%,10.95%,-0.41%,1.24,0.54,405.7307/406.1513/473.42/No Horizontal Resistance/334.306/349.9895/No EMA 200 Target,166.0/83.575/274.027/233.1074/No F-Track Level/No F-Track Level/218.77,93.94%/66/10.9 months (Across ALL Assets),72.82%/195/9.4 months (Across ALL Assets),"2, 2001-05-31 (Price: 12.1213)",2025-10-31 (Price: 300.43),2025-10-13 (Price: 302.89),207/225/207 days,37.24% above/36.13% above/37.24% above,2001-05-31 (Price: 12.1213)/2025-10-31 (Price: 284.8673),No Information,No Information,No Information,No Information,No Information,No Information
TRENDPULSE,"FRW.NZ, Long, 2025-10-31 (Price: 14.72)",No Exit Yet,"-10.67%, 6.9 months","87.5%, Past 20 years, 16","Monthly, is CONFIRMED on 2025-10-31",Already confirmed,"2026-05-26 (Price: 13.15), 10.67% below",6.9 months,13.7,No Information,No Information,No Information,No Information,25.1%/4.41%/13.53%,"3.66%, 17.71%",1.4 year/4 months/9.7 months,2027-10-29/2026-04-22/2026-12-26,10.09%,6.38%,3.71%,0.79,0.35,16.663/16.7116/15.73/No Horizontal Resistance/16.2179/21.849/No EMA 200 Target,7.7/7.405/11.0078/7.8689/No F-Track Level/No F-Track Level/11.41,93.94%/66/10.9 months (Across ALL Assets),72.82%/195/9.4 months (Across ALL Assets),"0, 2022-01-31 (Price: 13.04)",2025-08-31 (Price: 12.16),2025-10-29 (Price: 13.73),268/209/207 days,8.14% above/4.22% below/10.67% below,2022-01-31 (Price: 13.04)/2025-10-31 (Price: 11.2035),No Information,No Information,No Information,No Information,No Information,No Information
TRENDPULSE,"MU, Long, 2025-10-31 (Price: 223.77)",2026-04-30 (Price: 517.16),"131.11%, 6 months","100.0%, Past 20 years, 9","Monthly, is CONFIRMED on 2025-10-31",Already confirmed,"2026-05-26 (Price: 895.88), 300.36% above",6.9 months,165.6,No Information,No Information,No Information,No Information,251.92%/11.92%/78.11%,"0%, 56.06%",2.6 years/5 months/11.7 months,2029-07-17/2026-06-05/2027-03-23,19.12%,8.27%,10.85%,1.02,0.44,413.9521/398.5567/263.51/No Horizontal Resistance/No Target/No Target/No EMA 200 Target,76.95/48.44/164.6637/137.5765/No F-Track Level/No F-Track Level/117.49,93.94%/66/10.9 months (Across ALL Assets),72.82%/195/9.4 months (Across ALL Assets),"2, 2024-06-30 (Price: 157.54)",2025-09-30 (Price: 167.32),2025-10-31 (Price: 223.77),238/207/207 days,435.43% above/300.36% above/300.36% above,2024-06-30 (Price: 157.54)/2025-10-31 (Price: 120.62),No Information,No Information,No Information,No Information,No Information,No Information
TRENDPULSE,"HDFCBANK.NS, Long, 2025-10-29 (Price: 1007.85)",No Exit Yet,"-22.72%, 7 months","100.0%, Past 4 years, 19","Daily, is CONFIRMED on 2025-10-29",Already confirmed,"2026-05-26 (Price: 778.9), 22.72% below",7 months,1004.9,No Information,No Information,No Information,No Information,8.15%/1.92%/3.76%,"-0.0%, 9.57%",3 months/6 days/1.2 month,2026-03-08/2025-11-06/2025-12-20,14.18%,6.24%,7.94%,1.18,0.33,1033.3486/1045.7452/1223.61/No Horizontal Resistance/1098.0619/1305.7899/No EMA 200 Target,945.05/640.9/962.8007/765.1075/No F-Track Level/No F-Track Level/939.21,90.31%/320/1.5 month (Across ALL Assets),80.18%/757/1.6 month (Across ALL Assets),"2, 2020-01-13 (Price: 648.25)",2025-10-29 (Price: 1007.85),2025-10-29 (Price: 1007.85),209/209/209 days,22.72% below/22.72% below/22.72% below,2020-01-13 (Price: 648.25)/2025-10-29 (Price: 1002.0011),No Information,No Information,No Information,No Information,No Information,No Information
TRENDPULSE,"HOOD, Long, 2025-10-27 (Price: 145.86)",No Exit Yet,"-49.2%, 7 months","100.0%, Past 4 years, 25","Daily, is CONFIRMED on 2025-10-27",Already confirmed,"2026-05-26 (Price: 74.09), 49.2% below",7 months,144.99,No Information,No Information,No Information,No Information,22.22%/3.89%/10.22%,"-0.0%, 47.66%",3.7 months/6 days/29 days,2026-04-05/2025-11-04/2025-12-08,67.82%,12.33%,55.49%,1.42,0.67,175.7175/160.7669/223.48/No Horizontal Resistance/164.8517/245.4076/No EMA 200 Target,127.22/8.2917/115.0659/84.2959/No F-Track Level/No F-Track Level/79.74,90.31%/320/1.5 month (Across ALL Assets),80.18%/757/1.6 month (Across ALL Assets),"0, 2022-03-29 (Price: 16.49)",2025-10-23 (Price: 134.33),2025-10-27 (Price: 145.86),215/211/211 days,44.84% below/49.2% below/49.2% below,2022-03-29 (Price: 16.49)/2025-10-27 (Price: 132.3598),No Information,No Information,No Information,No Information,No Information,No Information
TRENDPULSE,"QQQ, Long, 2025-10-26 (Price: 617.1)",2026-05-17 (Price: 708.93),"14.88%, 6.8 months","88.89%, Past 10 years, 18","Weekly, is CONFIRMED on 2025-10-24",Already confirmed,"2026-05-26 (Price: 730.28), 18.34% above",7.1 months,607.14,No Information,No Information,No Information,No Information,12.09%/1.74%/6.41%,"10.15%, 35.46%",4.2 months/1.2 month/2.2 months,2026-04-26/2025-12-17/2026-01-29,7.81%,12.14%,-4.33%,0.34,0.81,697.8784/656.6561/920.5/No Horizontal Resistance/No Target/836.2536/No EMA 200 Target,422.67/256.995/563.3658/526.8888/No F-Track Level/No F-Track Level/533.99,88.72%/133/4.6 months (Across ALL Assets),77.24%/369/4.1 months (Across ALL Assets),"2, 2016-04-24 (Price: 111.44)",2025-10-19 (Price: 603.93),2025-10-23 (Price: 610.58),219/215/212 days,20.92% above/19.6% above/18.34% above,2016-04-24 (Price: 111.44)/2025-10-26 (Price: 596.1121),No Information,No Information,No Information,No Information,No Information,No Information
TRENDPULSE,"^NDX, Long, 2025-10-26 (Price: 25358.1602)",2026-05-17 (Price: 29125.1992),"14.86%, 6.8 months","95.0%, Past 10 years, 20","Weekly, is CONFIRMED on 2025-10-24",Already confirmed,"2026-05-26 (Price: 30001.3184), 18.31% above",7.1 months,24991.0996,No Information,No Information,No Information,No Information,11.99%/1.69%/5.82%,"10.17%, 35.49%",4.9 months/1.2 month/2.8 months,2026-05-26/2025-12-17/2026-02-24,8.22%,12.18%,-3.96%,0.62,0.81,27975.1223/26834.0051/37828.43/No Horizontal Resistance/No Target/33965.62/No EMA 200 Target,17397.7/10555.915/22796.2371/21108.1646/No F-Track Level/No F-Track Level/21943.31,88.72%/133/4.6 months (Across ALL Assets),77.24%/369/4.1 months (Across ALL Assets),"2, 2016-04-24 (Price: 4574.3799)",2025-10-19 (Price: 24817.9492),2025-10-24 (Price: 25358.1602),219/214/212 days,20.89% above/18.31% above/18.31% above,2016-04-24 (Price: 4574.3799)/2025-10-26 (Price: 24500.6763),No Information,No Information,No Information,No Information,No Information,No Information
TRENDPULSE,"EFN.TO, Long, 2025-10-26 (Price: 37.71)",No Exit Yet,"-26.01%, 7.1 months","100.0%, Past 10 years, 22","Weekly, is CONFIRMED on 2025-10-24",Already confirmed,"2026-05-26 (Price: 27.9), 26.01% below",7.1 months,37.34,No Information,No Information,No Information,No Information,26.0%/2.25%/9.22%,"-0.0%, 76.43%",6.1 months/1.4 month/2.7 months,2026-07-18/2025-12-25/2026-02-20,-1.8%,9.59%,-11.39%,0.83,0.48,40.4704/41.1869/50.8/No Horizontal Resistance/45.1741/70.5281/No EMA 200 Target,36.01/11.7733/29.5041/No stop loss/No F-Track Level/No F-Track Level/32.61,88.72%/133/4.6 months (Across ALL Assets),77.24%/369/4.1 months (Across ALL Assets),"8, 2016-05-29 (Price: 15.89)",2025-10-12 (Price: 36.73),2025-10-23 (Price: 37.42),226/215/212 days,24.04% below/25.44% below/26.01% below,2016-05-29 (Price: 15.89)/2025-10-26 (Price: 36.5305),No Information,No Information,No Information,No Information,No Information,No Information
TRENDPULSE,"HDFCBANK.NS, Long, 2025-10-20 (Price: 1002.95)",No Exit Yet,"-22.34%, 7.3 months","100.0%, Past 4 years, 19","Daily, is CONFIRMED on 2025-10-20",Already confirmed,"2026-05-26 (Price: 778.9), 22.34% below",7.3 months,997.0,No Information,No Information,No Information,No Information,8.15%/1.92%/3.76%,"-0.0%, 9.57%",3 months/6 days/1.2 month,2026-02-27/2025-10-28/2025-12-11,14.18%,6.24%,7.94%,1.18,0.33,1028.3246/1040.6609/1215.77/1004.15/1098.0619/1305.7899/No EMA 200 Target,945.05/640.9/962.8007/765.1075/No F-Track Level/No F-Track Level/935.19,90.31%/320/1.5 month (Across ALL Assets),80.18%/757/1.6 month (Across ALL Assets),"2, 2020-01-13 (Price: 648.25)",2025-10-20 (Price: 1002.95),2025-10-20 (Price: 1002.95),218/218/218 days,22.34% below/22.34% below/22.34% below,2020-01-13 (Price: 648.25)/2025-10-20 (Price: 997.0982),No Information,No Information,No Information,No Information,No Information,No Information
TRENDPULSE,"XLU, Long, 2025-10-19 (Price: 45.785)",No Exit Yet,"-0.99%, 7.3 months","82.14%, Past 10 years, 28","Weekly, is CONFIRMED on 2025-10-17",Already confirmed,"2026-05-26 (Price: 45.33), 0.99% below",7.3 months,45.13,No Information,No Information,No Information,No Information,14.1%/1.28%/7.09%,"9.77%, 32.06%",10 months/1.2 month/4 months,2026-12-27/2025-12-10/2026-04-10,5.54%,4.8%,0.74%,0.31,0.23,47.8224/49.0312/58.29/No Horizontal Resistance/49.4858/72.2363/No EMA 200 Target,41.74/29.76/35.4254/26.7354/No F-Track Level/No F-Track Level/40.73,88.72%/133/4.6 months (Across ALL Assets),77.24%/369/4.1 months (Across ALL Assets),"2, 2016-04-03 (Price: 24.94)",2025-10-12 (Price: 45.1),2025-10-19 (Price: 45.785),226/219/219 days,0.51% above/0.99% below/0.99% below,2016-04-03 (Price: 24.94)/2025-10-19 (Price: 44.9766),No Information,No Information,No Information,No Information,No Information,No Information
TRENDPULSE,"MEL.NZ, Long, 2025-10-12 (Price: 5.98)",No Exit Yet,"-1.34%, 7.5 months","100.0%, Past 10 years, 20","Weekly, is CONFIRMED on 2025-10-10",Already confirmed,"2026-05-26 (Price: 5.9), 1.34% below",7.5 months,5.9,No Information,No Information,No Information,No Information,24.31%/3.73%/10.23%,"-0.0%, 22.1%",3.3 months/1.4 month/1.8 month,2026-03-04/2025-12-11/2025-12-29,11.03%,7.59%,3.44%,0.58,0.4,6.5158/6.5918/6.45/6.825/7.4565/8.4213/No EMA 200 Target,5.56/4.3875/4.5145/3.5923/No F-Track Level/No F-Track Level/5.75,88.72%/133/4.6 months (Across ALL Assets),77.24%/369/4.1 months (Across ALL Assets),"0, 2024-06-02 (Price: 6.76)",2025-10-12 (Price: 5.98),2025-10-10 (Price: 5.98),226/228/226 days,1.34% below/1.34% below/1.34% below,2024-06-02 (Price: 6.76)/2025-10-12 (Price: 5.7725),No Information,No Information,No Information,No Information,No Information,No Information
TRENDPULSE,"NAUKRI.NS, Long, 2025-10-07 (Price: 1383.6)",No Exit Yet,"-29.12%, 7.7 months","96.77%, Past 4 years, 31","Daily, is CONFIRMED on 2025-10-07",Already confirmed,"2026-05-26 (Price: 980.7), 29.12% below",7.7 months,1379.9,No Information,No Information,No Information,No Information,11.41%/0.45%/4.7%,"0.68%, 29.37%",2.1 months/7 days/21 days,2026-01-06/2025-10-17/2025-11-06,17.58%,7.62%,9.96%,0.94,0.39,1437.6988/1448.6292/1648.91/1483.595/2223.4618/2377.3661/1446.05,1309.3/662.12/1095.4447/920.5126/No F-Track Level/No F-Track Level/No EMA 200 Stop Loss,90.31%/320/1.5 month (Across ALL Assets),80.18%/757/1.6 month (Across ALL Assets),"0, 2025-01-06 (Price: 1825.78)",2025-10-06 (Price: 1379.9),2025-10-07 (Price: 1383.6),232/231/231 days,28.93% below/29.12% below/29.12% below,2025-01-06 (Price: 1825.78)/2025-10-07 (Price: 1334.629),No Information,No Information,No Information,No Information,No Information,No Information
TRENDPULSE,"NVDA, Long, 2025-10-05 (Price: 187.62)",2026-05-17 (Price: 225.32),"20.09%, 7.5 months","86.36%, Past 10 years, 22","Weekly, is CONFIRMED on 2025-10-03",Already confirmed,"2026-05-26 (Price: 214.86), 14.52% above",7.8 months,180.43,No Information,No Information,No Information,No Information,43.5%/5.43%/14.45%,"26.78%, 65.96%",1.6 year/1.2 month/4.1 months,2028-01-17/2025-11-26/2026-03-30,14.31%,32.67%,-18.36%,0.35,1.39,214.2245/214.7311/299.24/No Horizontal Resistance/239.8943/283.6698/No EMA 200 Target,167.02/13.9695/176.5924/152.8996/No F-Track Level/No F-Track Level/143.06,88.72%/133/4.6 months (Across ALL Assets),77.24%/369/4.1 months (Across ALL Assets),"0, 2016-08-21 (Price: 1.5875)",2025-09-21 (Price: 176.67),2025-10-03 (Price: 187.62),247/235/233 days,21.62% above/14.52% above/14.52% above,2016-08-21 (Price: 1.5875)/2025-10-05 (Price: 169.339),No Information,No Information,No Information,No Information,No Information,No Information
TRENDPULSE,"EEM, Long, 2025-09-30 (Price: 53.4)",2026-04-30 (Price: 63.99),"19.83%, 7.1 months","83.33%, Past 20 years, 12","Monthly, is CONFIRMED on 2025-09-30",Already confirmed,"2026-05-26 (Price: 68.4), 28.09% above",7.9 months,49.41,No Information,No Information,No Information,No Information,23.15%/1.8%/14.25%,"17.13%, 38.01%",1.6 year/4 months/8.4 months,2028-01-12/2026-03-22/2026-09-30,2.8%,5.35%,-2.55%,0.28,0.27,63.6581/61.0095/73.28/No Horizontal Resistance/No Next Fib Ext/No Next Fib Ext/No EMA 200 Target,36.7/37.485/No F-Stack Support/No F-Stack Support/No F-Track Level/No F-Track Level/46.03,93.94%/66/10.9 months (Across ALL Assets),72.82%/195/9.4 months (Across ALL Assets),"4, 2004-04-30 (Price: 20.2667)",2025-09-30 (Price: 53.4),2025-09-29 (Price: 53.19),238/239/238 days,28.09% above/28.6% above/28.09% above,2004-04-30 (Price: 20.2667)/2025-09-30 (Price: 49.9376),No Information,No Information,No Information,No Information,No Information,No Information
TRENDPULSE,"SPY, Long, 2025-09-30 (Price: 666.18)",No Exit Yet,"12.67%, 7.9 months","80.0%, Past 20 years, 10","Monthly, is CONFIRMED on 2025-09-30",Already confirmed,"2026-05-26 (Price: 750.59), 12.67% above",7.9 months,637.5,No Information,No Information,No Information,No Information,13.4%/8.58%/11.25%,"5.51%, 13.47%",1.1 year/4 months/8.8 months,2027-04-26/2026-03-22/2026-10-17,5.38%,5.02%,0.36%,0.53,0.26,765.9071/741.1252/1004.58/No Horizontal Resistance/969.1148/1522.3697/No EMA 200 Target,554.54/412.1625/627.1849/415.8599/No F-Track Level/No F-Track Level/600.46,93.94%/66/10.9 months (Across ALL Assets),72.82%/195/9.4 months (Across ALL Assets),"0, 2003-06-30 (Price: 102.18)",2025-09-30 (Price: 666.18),2025-09-30 (Price: 666.18),238/238/238 days,12.67% above/12.67% above/12.67% above,2003-06-30 (Price: 102.18)/2025-09-30 (Price: 638.4395),No Information,No Information,No Information,No Information,No Information,No Information
TRENDPULSE,"HOOD, Long, 2025-09-30 (Price: 143.18)",No Exit Yet,"-48.25%, 7.9 months","100.0%, Past 4 years, 25","Daily, is CONFIRMED on 2025-09-30",Already confirmed,"2026-05-26 (Price: 74.09), 48.25% below",7.9 months,135.67,No Information,No Information,No Information,No Information,22.22%/3.89%/10.22%,"-0.0%, 47.66%",3.7 months/6 days/29 days,2026-03-09/2025-10-08/2025-11-11,67.82%,12.33%,55.49%,1.42,0.67,172.4889/157.813/200.38/No Horizontal Resistance/164.8517/245.4076/No EMA 200 Target,100.82/8.2917/115.0659/84.2959/No F-Track Level/No F-Track Level/70.24,90.31%/320/1.5 month (Across ALL Assets),80.18%/757/1.6 month (Across ALL Assets),"4, 2021-09-23 (Price: 47.84)",2025-09-29 (Price: 136.72),2025-09-30 (Price: 143.18),239/238/238 days,45.81% below/48.25% below/48.25% below,2021-09-23 (Price: 47.84)/2025-09-30 (Price: 131.0534),No Information,No Information,No Information,No Information,No Information,No Information
TRENDPULSE,"AEM.TO, Long, 2025-09-30 (Price: 234.4)",2026-05-26 (Price: 249.6),"6.48%, 7.9 months","94.12%, Past 20 years, 17","Monthly, is CONFIRMED on 2025-09-30",Already confirmed,"2026-05-26 (Price: 249.6), 6.48% above",7.9 months,200.18,No Information,No Information,No Information,No Information,119.13%/3.75%/48.89%,"19.32%, 59.99%",2 years/5.1 months/11.5 months,2028-08-07/2026-05-09/2027-02-11,12.24%,8.78%,3.46%,1.44,0.44,270.1226/348.9982/366.4/No Horizontal Resistance/No Target/No Target/No EMA 200 Target,61.72/60.0025/193.9088/163.0279/No F-Track Level/No F-Track Level/159.65,93.94%/66/10.9 months (Across ALL Assets),72.82%/195/9.4 months (Across ALL Assets),"2, 2001-05-31 (Price: 14.4)",2025-09-30 (Price: 234.4),2025-09-25 (Price: 223.0),238/243/238 days,6.48% above/11.93% above/6.48% above,2001-05-31 (Price: 14.4)/2025-09-30 (Price: 200.3445),No Information,No Information,No Information,No Information,No Information,No Information
TRENDPULSE,"IMO.TO, Long, 2025-09-30 (Price: 126.19)",2026-05-26 (Price: 178.33),"41.32%, 7.9 months","100.0%, Past 20 years, 23","Monthly, is CONFIRMED on 2025-09-30",Already confirmed,"2026-05-26 (Price: 178.33), 41.32% above",7.9 months,124.35,No Information,No Information,No Information,No Information,56.58%/11.5%/29.53%,"-0.0%, 64.29%",3.9 years/5.1 months/1.1 year,2031-04-25/2026-05-09/2027-04-26,9.8%,7.48%,2.32%,1.35,0.39,166.3941/163.4539/192.6/No Horizontal Resistance/129.8192/200.2184/No EMA 200 Target,88.59/60.8067/86.3092/No stop loss/No F-Track Level/No F-Track Level/104.72,93.94%/66/10.9 months (Across ALL Assets),72.82%/195/9.4 months (Across ALL Assets),"0, 2001-09-30 (Price: 15.5)",2025-09-30 (Price: 126.19),2025-09-10 (Price: 126.79),238/258/238 days,41.32% above/40.65% above/41.32% above,2001-09-30 (Price: 15.5)/2025-09-30 (Price: 122.7883),No Information,No Information,No Information,No Information,No Information,No Information
TRENDPULSE,"SONY, Long, 2025-09-26 (Price: 29.78)",2026-05-26 (Price: 22.16),"-25.59%, 8.1 months","85.0%, Past 4 years, 20","Daily, is CONFIRMED on 2025-09-26",Already confirmed,"2026-05-26 (Price: 22.16), 25.59% below",8.1 months,29.62,No Information,No Information,No Information,No Information,5.66%/0.97%/4.04%,"9.71%, 32.85%",1.5 month/7 days/21 days,2025-11-30/2025-10-06/2025-10-26,9.17%,5.34%,3.83%,0.23,0.27,31.4685/30.9831/37.0/No Horizontal Resistance/33.2191/35.3948/No EMA 200 Target,26.95/14.992/26.0795/24.8529/No F-Track Level/No F-Track Level/24.72,90.31%/320/1.5 month (Across ALL Assets),80.18%/757/1.6 month (Across ALL Assets),"2, 2022-05-04 (Price: 17.742)",2025-09-26 (Price: 29.78),2025-09-26 (Price: 29.78),242/242/242 days,25.59% below/25.59% below/25.59% below,2022-05-04 (Price: 17.742)/2025-09-26 (Price: 29.566),No Information,No Information,No Information,No Information,No Information,No Information
TRENDPULSE,"NAUKRI.NS, Long, 2025-09-21 (Price: 1376.1)",No Exit Yet,"-28.73%, 8.2 months","96.43%, Past 10 years, 28","Weekly, is CONFIRMED on 2025-09-19",Already confirmed,"2026-05-26 (Price: 980.7), 28.73% below",8.2 months,1360.0,No Information,No Information,No Information,No Information,20.0%/4.79%/10.13%,"33.02%, 50.68%",7.9 months/1.2 month/3.3 months,2026-08-30/2025-11-12/2026-02-11,9.94%,12.88%,-2.94%,0.65,0.63,1571.919/1515.4989/1645.91/1483.595/2223.4618/2377.3661/1465.78,1332.0/662.12/1095.4447/920.5126/No F-Track Level/No F-Track Level/No EMA 200 Stop Loss,88.72%/133/4.6 months (Across ALL Assets),77.24%/369/4.1 months (Across ALL Assets),"2, 2025-01-12 (Price: 1825.78)",2025-09-14 (Price: 1360.6),2025-09-17 (Price: 1375.0),254/251/247 days,27.92% below/28.68% below/28.73% below,2025-01-12 (Price: 1825.78)/2025-09-21 (Price: 1320.5183),No Information,No Information,No Information,No Information,No Information,No Information
TRENDPULSE,"JD, Long, 2025-09-14 (Price: 33.67)",No Exit Yet,"-10.93%, 8.5 months","77.78%, Past 10 years, 9","Weekly, is CONFIRMED on 2025-09-12",Already confirmed,"2026-05-26 (Price: 29.99), 10.93% below",8.5 months,31.66,No Information,No Information,No Information,No Information,21.39%/10.27%/16.02%,"63.97%, 76.21%",5.8 months/1.9 month/3.5 months,2026-05-24/2025-12-05/2026-02-13,-14.42%,2.3%,-16.72%,-0.19,0.22,34.9932/39.0639/41.34/92.73/97.2627/102.2552/35.72,30.91/24.07/No F-Stack Support/No F-Stack Support/No F-Track Level/No F-Track Level/No EMA 200 Stop Loss,88.72%/133/4.6 months (Across ALL Assets),77.24%/369/4.1 months (Across ALL Assets),"2, 2025-03-09 (Price: 46.445)",2025-08-31 (Price: 31.07),2025-09-11 (Price: 34.4),268/257/254 days,3.48% below/12.82% below/10.93% below,2025-03-09 (Price: 46.445)/2025-09-14 (Price: 29.5274),No Information,No Information,No Information,No Information,No Information,No Information
TRENDPULSE,"BYD.TO, Long, 2025-09-14 (Price: 236.56)",No Exit Yet,"-37.99%, 8.5 months","86.21%, Past 10 years, 29","Weekly, is CONFIRMED on 2025-09-12",Already confirmed,"2026-05-26 (Price: 146.68), 37.99% below",8.5 months,233.59,No Information,No Information,No Information,No Information,13.87%/2.81%/7.01%,"14.41%, 50.63%",7.2 months/28 days/4 months,2026-07-23/2025-10-24/2026-03-06,10.59%,13.53%,-2.94%,0.41,0.7,253.7343/253.1429/331.53/256.6133/367.2583/388.6839/No EMA 200 Target,187.77/198.575/229.0045/147.1212/No F-Track Level/No F-Track Level/215.55,88.72%/133/4.6 months (Across ALL Assets),77.24%/369/4.1 months (Across ALL Assets),"2, 2016-04-03 (Price: 78.27)",2025-09-14 (Price: 236.56),2025-09-09 (Price: 235.35),254/259/254 days,37.99% below/37.68% below/37.99% below,2016-04-03 (Price: 78.27)/2025-09-14 (Price: 230.5957),No Information,No Information,No Information,No Information,No Information,No Information
TRENDPULSE,"IMO.TO, Long, 2025-08-31 (Price: 124.62)",2026-05-26 (Price: 178.33),"43.1%, 8.9 months","100.0%, Past 20 years, 23","Monthly, is CONFIRMED on 2025-08-31",Already confirmed,"2026-05-26 (Price: 178.33), 43.1% above",8.9 months,114.68,No Information,No Information,No Information,No Information,56.58%/11.5%/29.53%,"-0.0%, 64.29%",3.9 years/5.1 months/1.1 year,2031-03-26/2026-04-09/2027-03-27,9.8%,7.48%,2.32%,1.35,0.39,164.3239/161.4203/134.06/No Horizontal Resistance/129.8192/200.2184/No EMA 200 Target,88.59/60.8067/86.3092/No stop loss/No F-Track Level/No F-Track Level/102.35,93.94%/66/10.9 months (Across ALL Assets),72.82%/195/9.4 months (Across ALL Assets),"2, 2024-10-31 (Price: 108.89)",2025-06-30 (Price: 108.18),2025-08-20 (Price: 115.69),330/279/268 days,64.85% above/54.14% above/43.1% above,2024-10-31 (Price: 108.89)/2025-08-31 (Price: 102.61),No Information,No Information,No Information,No Information,No Information,No Information
TRENDPULSE,"EFN.TO, Long, 2025-07-31 (Price: 36.04)",No Exit Yet,"-22.59%, 10 months","100.0%, Past 20 years, 8","Monthly, is CONFIRMED on 2025-07-31",Already confirmed,"2026-05-26 (Price: 27.9), 22.59% below",10 months,34.35,No Information,No Information,No Information,No Information,38.62%/14.85%/25.2%,"-0.0%, 79.06%",1.7 year/6.1 months/1.1 year,2028-01-03/2026-04-22/2027-02-24,5.53%,9.5%,-3.97%,1.59,0.49,40.0332/45.1221/53.85/No Horizontal Resistance/45.1741/70.5281/No EMA 200 Target,11.47/11.7733/29.5041/No stop loss/No F-Track Level/No F-Track Level/30.37,93.94%/66/10.9 months (Across ALL Assets),72.82%/195/9.4 months (Across ALL Assets),"0, 2012-08-31 (Price: 6.35)",2025-06-30 (Price: 34.11),2025-07-31 (Price: 36.04),330/299/299 days,18.21% below/22.59% below/22.59% below,2012-08-31 (Price: 6.35)/2025-07-31 (Price: 33.3871),No Information,No Information,No Information,No Information,No Information,No Information
TRENDPULSE,"TRI.TO, Long, 2025-07-31 (Price: 278.08)",No Exit Yet,"-58.43%, 10 months","100.0%, Past 20 years, 7","Monthly, is CONFIRMED on 2025-07-31",Already confirmed,"2026-05-26 (Price: 115.59), 58.43% below",10 months,274.44,No Information,No Information,No Information,No Information,32.32%/6.96%/15.68%,"-0.0%, 18.1%",1.6 year/5.1 months/8.9 months,2027-11-12/2026-03-09/2026-08-21,10.47%,4.95%,5.52%,1.06,0.24,311.1159/321.6829/419.29/No Horizontal Resistance/293.2329/455.2123/No EMA 200 Target,166.11/117.9612/193.124/131.2534/No F-Track Level/No F-Track Level/249.41,93.94%/66/10.9 months (Across ALL Assets),72.82%/195/9.4 months (Across ALL Assets),"8, 2009-05-31 (Price: 42.731)",2025-06-30 (Price: 273.84),2025-07-30 (Price: 276.23),330/300/299 days,57.79% below/58.15% below/58.43% below,2009-05-31 (Price: 42.731)/2025-07-31 (Price: 265.732),No Information,No Information,No Information,No Information,No Information,No Information
TRENDPULSE,"IMO.TO, Long, 2025-07-31 (Price: 115.53)",2026-05-26 (Price: 178.33),"54.36%, 10 months","100.0%, Past 20 years, 23","Monthly, is CONFIRMED on 2025-07-31",Already confirmed,"2026-05-26 (Price: 178.33), 54.36% above",10 months,110.11,No Information,No Information,No Information,No Information,56.58%/11.5%/29.53%,"-0.0%, 64.29%",3.9 years/5.1 months/1.1 year,2031-02-23/2026-03-09/2027-02-24,9.8%,7.48%,2.32%,1.35,0.39,152.3379/149.646/119.51/No Horizontal Resistance/125.7351/130.9032/No EMA 200 Target,88.59/60.8067/95.1616/91.2096/No F-Track Level/No F-Track Level/100.87,93.94%/66/10.9 months (Across ALL Assets),72.82%/195/9.4 months (Across ALL Assets),"2, 2024-10-31 (Price: 108.89)",2025-06-30 (Price: 108.18),2025-07-30 (Price: 116.68),330/300/299 days,64.85% above/52.84% above/54.36% above,2024-10-31 (Price: 108.89)/2025-07-31 (Price: 103.238),No Information,No Information,No Information,No Information,No Information,No Information
TRENDPULSE,"HDFCBANK.NS, Long, 2025-06-29 (Price: 1007.45)",No Exit Yet,"-22.69%, 11 months","100.0%, Past 10 years, 20","Weekly, is CONFIRMED on 2025-06-27",Already confirmed,"2026-05-26 (Price: 778.9), 22.69% below",11 months,974.2,No Information,No Information,No Information,No Information,8.76%/1.08%/4.78%,"-0.0%, 23.57%",1.3 year/28 days/4.1 months,2027-05-07/2025-08-08/2025-12-22,7.66%,9.43%,-1.77%,1.13,0.56,1108.598/1055.6061/1132.52/No Horizontal Resistance/1263.3223/2016.6114/No EMA 200 Target,818.38/640.9/797.7641/510.0332/No F-Track Level/No F-Track Level/892.58,88.72%/133/4.6 months (Across ALL Assets),77.24%/369/4.1 months (Across ALL Assets),"0, 2021-09-05 (Price: 799.0)",2025-06-22 (Price: 982.35),2025-06-25 (Price: 990.1),338/335/331 days,20.71% below/21.33% below/22.69% below,2021-09-05 (Price: 799.0)/2025-06-29 (Price: 962.8667),No Information,No Information,No Information,No Information,No Information,No Information
TRENDPULSE,"NAUKRI.NS, Long, 2025-06-29 (Price: 1508.1)",No Exit Yet,"-34.97%, 11 months","96.43%, Past 10 years, 28","Weekly, is CONFIRMED on 2025-06-27",Already confirmed,"2026-05-26 (Price: 980.7), 34.97% below",11 months,1490.0,No Information,No Information,No Information,No Information,20.0%/4.79%/10.13%,"33.02%, 50.68%",7.9 months/1.2 month/3.3 months,2026-06-07/2025-08-20/2025-11-19,9.94%,12.88%,-2.94%,0.65,0.63,1722.7026/1660.8705/1698.71/No Horizontal Resistance/2223.4618/2377.3661/1522.76,1276.51/662.12/1498.9515/1095.4447/No F-Track Level/No F-Track Level/No EMA 200 Stop Loss,88.72%/133/4.6 months (Across ALL Assets),77.24%/369/4.1 months (Across ALL Assets),"2, 2025-01-12 (Price: 1825.78)",2025-06-15 (Price: 1459.8),2025-06-27 (Price: 1508.1),345/333/331 days,32.82% below/34.97% below/34.97% below,2025-01-12 (Price: 1825.78)/2025-06-29 (Price: 1424.74),No Information,No Information,No Information,No Information,No Information,No Information
TRENDPULSE,"HDFCBANK.NS, Long, 2025-06-08 (Price: 989.35)",No Exit Yet,"-21.27%, 11.7 months","100.0%, Past 10 years, 20","Weekly, is CONFIRMED on 2025-06-06",Already confirmed,"2026-05-26 (Price: 778.9), 21.27% below",11.7 months,965.05,No Information,No Information,No Information,No Information,8.76%/1.08%/4.78%,"-0.0%, 23.57%",1.3 year/28 days/4.1 months,2027-04-16/2025-07-18/2025-12-01,7.66%,9.43%,-1.77%,1.13,0.56,1088.6807/1036.6409/1103.56/No Horizontal Resistance/1263.3223/2016.6114/No EMA 200 Target,818.38/640.9/797.7641/510.0332/No F-Track Level/No F-Track Level/880.46,88.72%/133/4.6 months (Across ALL Assets),77.24%/369/4.1 months (Across ALL Assets),"0, 2021-09-05 (Price: 799.0)",2025-06-08 (Price: 989.35),2025-06-06 (Price: 989.35),352/354/352 days,21.27% below/21.27% below/21.27% below,2021-09-05 (Price: 799.0)/2025-06-08 (Price: 960.4167),No Information,No Information,No Information,No Information,No Information,No Information
TRENDPULSE,"BTC-USD, Long, 2025-05-31 (Price: 104638.0938)",No Exit Yet,"-26.16%, 1 year","100.0%, Past 20 years, 5","Monthly, is CONFIRMED on 2025-05-31",Already confirmed,"2026-05-25 (Price: 77262.7891), 26.16% below",1 year,94212.8594,No Information,No Information,No Information,No Information,286.43%/48.3%/170.48%,"-0.0%, 15.0%",6.1 months/5.1 months/5.8 months,2026-02-20/2026-01-07/2026-02-07,56.19%,37.97%,18.22%,0.98,1.3,360750.2922/283025.1161/128503.09/108691.664/112399.9298/136097.3501/No EMA 200 Target,16547.5/18304.4229/88806.9363/81023.3741/No F-Track Level/No F-Track Level/94736.72,93.94%/66/10.9 months (Across ALL Assets),72.82%/195/9.4 months (Across ALL Assets),"0, 2021-04-30 (Price: 64863.0977)",2025-04-30 (Price: 94207.3125),2025-05-31 (Price: 104638.0938),390/359/359 days,17.99% below/26.16% below/26.16% below,2021-04-30 (Price: 64863.0977)/2025-05-31 (Price: 77304.8593),No Information,No Information,No Information,No Information,No Information,No Information
TRENDPULSE,"HDFCBANK.NS, Long, 2025-05-31 (Price: 972.45)",No Exit Yet,"-19.9%, 1 year","78.57%, Past 20 years, 14","Monthly, is CONFIRMED on 2025-05-31",Already confirmed,"2026-05-26 (Price: 778.9), 19.9% below",1 year,964.9,No Information,No Information,No Information,No Information,23.14%/5.97%/13.59%,"11.13%, 17.76%",1 year/5 months/7.6 months,2026-11-03/2026-01-03/2026-04-26,8.88%,12.53%,-3.65%,0.37,0.69,1118.8037/1104.606/1547.55/No Horizontal Resistance/1263.3223/2016.6114/No EMA 200 Target,701.7/640.9/797.7641/510.0332/No F-Track Level/No F-Track Level/876.52,93.94%/66/10.9 months (Across ALL Assets),72.82%/195/9.4 months (Across ALL Assets),"0, 2001-02-28 (Price: 13.95)",2025-05-31 (Price: 972.45),2025-05-30 (Price: 972.45),360/361/360 days,19.9% below/19.9% below/19.9% below,2001-02-28 (Price: 13.95)/2025-05-31 (Price: 958.0147),No Information,No Information,No Information,No Information,No Information,No Information
TRENDPULSE,"NFLX, Long, 2025-05-31 (Price: 120.723)",No Exit Yet,"-27.37%, 1 year","100.0%, Past 20 years, 16","Monthly, is CONFIRMED on 2025-05-31",Already confirmed,"2026-05-26 (Price: 87.68), 27.37% below",1 year,112.252,No Information,No Information,No Information,No Information,57.86%/13.34%/33.03%,"-0.0%, 41.88%",1.5 year/5.1 months/9.2 months,2027-07-22/2026-01-07/2026-07-04,18.18%,21.61%,-3.43%,1.43,0.87,191.6357/160.5978/192.9/No Horizontal Resistance/No Target/139.352/No EMA 200 Target,17.49/34.8663/100.8852/86.4764/No F-Track Level/No F-Track Level/89.19,93.94%/66/10.9 months (Across ALL Assets),72.82%/195/9.4 months (Across ALL Assets),"6, 2003-10-31 (Price: 0.4357)",2025-04-30 (Price: 113.172),2025-05-13 (Price: 113.844),391/378/360 days,22.53% below/22.98% below/27.37% below,2003-10-31 (Price: 0.4357)/2025-05-31 (Price: 94.9508),No Information,No Information,No Information,No Information,No Information,No Information
TRENDPULSE,"BEL.NS, Long, 2025-05-31 (Price: 384.6)",2026-04-30 (Price: 431.8),"12.27%, 11.1 months","100.0%, Past 20 years, 9","Monthly, is CONFIRMED on 2025-05-31",Already confirmed,"2026-05-26 (Price: 420.1), 9.23% above",1 year,310.8,No Information,No Information,No Information,No Information,70.01%/12.14%/50.91%,"0%, 18.14%",11.1 months/4.1 months/6.8 months,2026-09-25/2025-11-23/2026-03-22,20.77%,17.27%,3.5%,2.42,0.78,697.6259/580.3999/411.06/No Horizontal Resistance/No Target/456.8119/No EMA 200 Target,246.25/39.05/287.8162/240.2858/No F-Track Level/No F-Track Level/293.59,93.94%/66/10.9 months (Across ALL Assets),72.82%/195/9.4 months (Across ALL Assets),"2, 2024-07-31 (Price: 340.5)",2025-04-30 (Price: 314.1),2025-05-09 (Price: 315.85),391/382/360 days,33.75% above/33.01% above/9.23% above,2024-07-31 (Price: 340.5)/2025-05-31 (Price: 301.2),No Information,No Information,No Information,No Information,No Information,No Information
TRENDPULSE,"KXS.TO, Long, 2025-05-18 (Price: 197.98)",No Exit Yet,"-27.45%, 1 year","91.67%, Past 10 years, 12","Weekly, is CONFIRMED on 2025-05-16",Already confirmed,"2026-05-26 (Price: 143.64), 27.45% below",1 year,194.26,No Information,No Information,No Information,No Information,27.78%/4.77%/12.44%,"3.79%, 30.73%",6.1 months/1.2 month/3.5 months,2026-02-07/2025-07-09/2025-10-17,8.82%,15.1%,-6.28%,0.9,0.71,212.7097/222.6087/202.58/225.9867/222.5978/243.8843/No EMA 200 Target,155.11/125.3967/177.4966/151.1683/No F-Track Level/No F-Track Level/166.06,88.72%/133/4.6 months (Across ALL Assets),77.24%/369/4.1 months (Across ALL Assets),"0, 2023-05-07 (Price: 190.31)",2025-05-11 (Price: 192.44),2025-05-16 (Price: 197.98),380/375/373 days,25.36% below/27.45% below/27.45% below,2023-05-07 (Price: 190.31)/2025-05-18 (Price: 189.6894),No Information,No Information,No Information,No Information,No Information,No Information
TRENDPULSE,"BRK-B, Long, 2025-05-04 (Price: 539.8)",No Exit Yet,"-10.41%, 1.1 year","96.0%, Past 10 years, 25","Weekly, is CONFIRMED on 2025-05-02",Already confirmed,"2026-05-26 (Price: 483.62), 10.41% below",1.1 year,533.63,No Information,No Information,No Information,No Information,11.6%/2.26%/4.73%,"13.62%, 25.57%",9.8 months/1.2 month/2.2 months,2026-07-03/2025-06-25/2025-08-07,8.49%,8.58%,-0.09%,0.49,0.55,575.2649/565.3325/774.54/No Horizontal Resistance/No Target/630.85/No EMA 200 Target,442.66/268.082/491.88/449.7662/No F-Track Level/No F-Track Level/472.29,88.72%/133/4.6 months (Across ALL Assets),77.24%/369/4.1 months (Across ALL Assets),"4, 2015-05-17 (Price: 148.57)",2025-05-04 (Price: 539.8),2025-05-02 (Price: 539.8),387/389/387 days,10.41% below/10.41% below/10.41% below,2015-05-17 (Price: 148.57)/2025-05-04 (Price: 530.5998),No Information,No Information,No Information,No Information,No Information,No Information
TRENDPULSE,"BRK-B, Long, 2025-03-30 (Price: 526.31)",No Exit Yet,"-8.11%, 1.2 year","96.0%, Past 10 years, 25","Weekly, is CONFIRMED on 2025-03-28",Already confirmed,"2026-05-26 (Price: 483.62), 8.11% below",1.2 year,523.1,No Information,No Information,No Information,No Information,11.6%/2.26%/4.73%,"13.62%, 25.57%",9.8 months/1.2 month/2.2 months,2026-05-29/2025-05-21/2025-07-03,8.49%,8.58%,-0.09%,0.49,0.55,560.8886/551.2045/752.95/No Horizontal Resistance/533.0296/630.85/No EMA 200 Target,442.66/200.57/491.88/449.7662/No F-Track Level/No F-Track Level/459.0,88.72%/133/4.6 months (Across ALL Assets),77.24%/369/4.1 months (Across ALL Assets),"4, 2015-05-17 (Price: 148.57)",2025-03-30 (Price: 526.31),2025-03-30 (Price: 526.31),422/422/422 days,8.11% below/8.11% below/8.11% below,2015-05-17 (Price: 148.57)/2025-03-30 (Price: 522.1612),No Information,No Information,No Information,No Information,No Information,No Information
TRENDPULSE,"IHI, Long, 2025-02-28 (Price: 63.77)",2026-05-26 (Price: 50.37),"-21.01%, 1.3 year","71.43%, Past 20 years, 7","Monthly, is CONFIRMED on 2025-02-28",Already confirmed,"2026-05-26 (Price: 50.37), 21.01% below",1.3 year,63.37,No Information,No Information,No Information,No Information,16.7%/2.84%/13.93%,"21.92%, 22.64%",7.1 months/5.1 months/6.7 months,2026-01-02/2025-10-07/2025-12-16,3.99%,6.66%,-2.67%,0.06,0.39,72.1813/72.6532/68.59/66.92/68.9264/76.3906/No EMA 200 Target,45.26/46.8983/56.0899/46.1919/No F-Track Level/No F-Track Level/58.82,93.94%/66/10.9 months (Across ALL Assets),72.82%/195/9.4 months (Across ALL Assets),"2, 2022-08-31 (Price: 55.73)",2025-01-31 (Price: 63.81),2025-02-28 (Price: 63.77),480/452/452 days,21.06% below/21.01% below/21.01% below,2022-08-31 (Price: 55.73)/2025-02-28 (Price: 61.2236),No Information,No Information,No Information,No Information,No Information,No Information
TRENDPULSE,"FBU.NZ, Long, 2025-02-28 (Price: 3.39)",2026-05-26 (Price: 3.19),"-5.9%, 1.3 year","80.0%, Past 20 years, 10","Monthly, is CONFIRMED on 2025-02-28",Already confirmed,"2026-05-26 (Price: 3.19), 5.9% below",1.3 year,2.85,No Information,No Information,No Information,No Information,26.1%/3.25%/14.68%,"37.82%, 49.28%",1.3 year/5 months/10.1 months,2027-01-06/2025-10-03/2026-05-12,4.05%,0.74%,3.31%,-0.09,0.01,3.7883/3.8877/4.74/7.985/12.7156/14.3053/No EMA 200 Target,2.83/3.3133/3.1474/No stop loss/No F-Track Level/No F-Track Level/3.02,93.94%/66/10.9 months (Across ALL Assets),72.82%/195/9.4 months (Across ALL Assets),"2, 2023-08-31 (Price: 5.64)",2024-12-31 (Price: 2.85),2025-02-27 (Price: 3.27),511/453/452 days,11.93% above/2.45% below/5.9% below,2023-08-31 (Price: 5.64)/2025-02-28 (Price: 2.5338),No Information,No Information,No Information,No Information,No Information,No Information
TRENDPULSE,"EBO.NZ, Long, 2025-02-09 (Price: 41.55)",No Exit Yet,"-52.61%, 1.3 year","95.83%, Past 10 years, 24","Weekly, is CONFIRMED on 2025-02-07",Already confirmed,"2026-05-26 (Price: 19.69), 52.61% below",1.3 year,39.99,No Information,No Information,No Information,No Information,19.42%/1.19%/7.71%,"17.86%, 31.1%",1 year/1.2 month/4.2 months,2026-07-15/2025-04-02/2025-08-10,10.78%,5.8%,4.98%,0.62,0.3,43.6275/44.7535/44.76/46.625/51.6772/55.325/No EMA 200 Target,36.45/21.4/41.5494/33.2406/No F-Track Level/No F-Track Level/35.94,88.72%/133/4.6 months (Across ALL Assets),77.24%/369/4.1 months (Across ALL Assets),"2, 2024-05-05 (Price: 36.2)",2025-02-02 (Price: 40.0),2025-02-04 (Price: 41.0),478/476/471 days,50.77% below/51.98% below/52.61% below,2024-05-05 (Price: 36.2)/2025-02-09 (Price: 39.1851),No Information,No Information,No Information,No Information,No Information,No Information
TRENDPULSE,"XLY, Long, 2024-12-31 (Price: 112.175)",2026-05-26 (Price: 119.45),"6.49%, 1.4 year","93.75%, Past 20 years, 16","Monthly, is CONFIRMED on 2024-12-31",Already confirmed,"2026-05-26 (Price: 119.45), 6.49% above",1.4 year,111.935,No Information,No Information,No Information,No Information,32.13%/5.25%/17.76%,"17.44%, 51.92%",1.5 year/5.1 months/11 months,2027-02-21/2025-08-09/2026-04-22,4.49%,6.16%,-1.67%,1.01,0.34,132.961/132.0973/169.9/No Horizontal Resistance/125.4815/133.9156/No EMA 200 Target,64.58/67.241/86.1124/56.5683/No F-Track Level/No F-Track Level/96.23,93.94%/66/10.9 months (Across ALL Assets),72.82%/195/9.4 months (Across ALL Assets),"2, 2000-04-30 (Price: 15.9688)",2024-11-30 (Price: 111.15),2024-12-31 (Price: 112.175),542/511/511 days,7.47% above/6.49% above/6.49% above,2000-04-30 (Price: 15.9688)/2024-12-31 (Price: 102.765),No Information,No Information,No Information,No Information,No Information,No Information
TRENDPULSE,"GRANULES.NS, Long, 2024-12-31 (Price: 592.3)",No Exit Yet,"27.72%, 1.4 year","100.0%, Past 20 years, 17","Monthly, is CONFIRMED on 2024-12-31",Already confirmed,"2026-05-26 (Price: 756.5), 27.72% above",1.4 year,580.1,No Information,No Information,No Information,No Information,124.09%/7.62%/82.79%,"-0.0%, 48.59%",1.9 year/5.1 months/10.3 months,2027-09-17/2025-08-09/2026-03-23,25.6%,15.18%,10.42%,1.04,0.67,993.6425/1082.6652/940.0/No Horizontal Resistance/732.8952/874.0036/No EMA 200 Target,280.1/229.525/500.6768/454.1688/No F-Track Level/No F-Track Level/531.3,93.94%/66/10.9 months (Across ALL Assets),72.82%/195/9.4 months (Across ALL Assets),"6, 2006-01-31 (Price: 12.8)",2024-12-31 (Price: 592.3),2024-12-26 (Price: 592.95),511/516/511 days,27.72% above/27.58% above/27.72% above,2006-01-31 (Price: 12.8)/2024-12-31 (Price: 546.75),No Information,No Information,No Information,No Information,No Information,No Information
TRENDPULSE,"CRM, Long, 2024-12-31 (Price: 334.33)",No Exit Yet,"-46.44%, 1.4 year","100.0%, Past 20 years, 9","Monthly, is CONFIRMED on 2024-12-31",Already confirmed,"2026-05-26 (Price: 179.08), 46.44% below",1.4 year,332.0,No Information,No Information,No Information,No Information,30.75%/5.96%/26.4%,"-0.0%, 24.09%",1.1 year/5.1 months/9.1 months,2026-07-27/2025-08-09/2026-01-30,10.8%,13.06%,-2.26%,1.82,0.61,407.8826/422.5931/364.23/No Horizontal Resistance/335.5697/354.7868/No EMA 200 Target,132.59/156.1/298.121/253.2538/No F-Track Level/No F-Track Level/282.07,93.94%/66/10.9 months (Across ALL Assets),72.82%/195/9.4 months (Across ALL Assets),"0, 2020-09-30 (Price: 284.5)",2024-12-31 (Price: 334.33),2024-12-31 (Price: 334.33),511/511/511 days,46.44% below/46.44% below/46.44% below,2020-09-30 (Price: 284.5)/2024-12-31 (Price: 326.0407),No Information,No Information,No Information,No Information,No Information,No Information
TRENDPULSE,"JD, Long, 2024-10-31 (Price: 40.62)",No Exit Yet,"-26.17%, 1.6 year","100.0%, Past 20 years, 5","Monthly, is CONFIRMED on 2024-10-31",Already confirmed,"2026-05-26 (Price: 29.99), 26.17% below",1.6 year,39.79,No Information,No Information,No Information,No Information,81.07%/40.95%/56.59%,"-0.0%, 14.65%",9.2 months/5.1 months/7.1 months,2025-12-04/2025-06-09/2025-09-04,21.63%,1.01%,20.62%,0.98,0.14,74.952/63.6069/81.22/92.73/97.2627/102.2552/No EMA 200 Target,22.55/24.07/No F-Stack Support/No F-Stack Support/No F-Track Level/No F-Track Level/28.93,93.94%/66/10.9 months (Across ALL Assets),72.82%/195/9.4 months (Across ALL Assets),"0, 2021-02-28 (Price: 108.29)",2024-09-30 (Price: 40.0),2024-10-28 (Price: 41.64),603/575/572 days,25.02% below/27.98% below/26.17% below,2021-02-28 (Price: 108.29)/2024-10-31 (Price: 26.3767),No Information,No Information,No Information,No Information,No Information,No Information
TRENDPULSE,"PG, Long, 2024-09-30 (Price: 173.2)",No Exit Yet,"-17.46%, 1.7 year","92.86%, Past 20 years, 14","Monthly, is CONFIRMED on 2024-09-30",Already confirmed,"2026-05-26 (Price: 142.96), 17.46% below",1.7 year,171.03,No Information,No Information,No Information,No Information,16.93%/4.07%/9.03%,"3.8%, 22.42%",2.8 years/5.1 months/1 year,2028-09-27/2025-05-09/2026-03-05,4.95%,4.31%,0.64%,0.51,0.19,183.6613/188.84/253.33/No Horizontal Resistance/186.6499/209.3631/No EMA 200 Target,126.25/122.9033/161.0808/140.2317/No F-Track Level/No F-Track Level/162.39,93.94%/66/10.9 months (Across ALL Assets),72.82%/195/9.4 months (Across ALL Assets),"2, 2000-12-31 (Price: 39.6562)",2024-08-31 (Price: 171.54),2024-09-30 (Price: 173.2),633/603/603 days,16.66% below/17.46% below/17.46% below,2000-12-31 (Price: 39.6562)/2024-09-30 (Price: 168.2911),No Information,No Information,No Information,No Information,No Information,No Information
TRENDPULSE,"JD, Long, 2024-09-29 (Price: 39.9)",No Exit Yet,"-24.84%, 1.7 year","77.78%, Past 10 years, 9","Weekly, is CONFIRMED on 2024-09-27",Already confirmed,"2026-05-26 (Price: 29.99), 24.84% below",1.7 year,29.11,No Information,No Information,No Information,No Information,21.39%/10.27%/16.02%,"63.97%, 76.21%",5.8 months/1.9 month/3.5 months,2025-06-08/2024-12-20/2025-02-28,-14.42%,2.3%,-16.72%,-0.19,0.22,41.4681/46.292/80.93/92.73/103.1027/108.0778/No EMA 200 Target,25.16/24.07/No F-Stack Support/No F-Stack Support/No F-Track Level/No F-Track Level/27.07,88.72%/133/4.6 months (Across ALL Assets),77.24%/369/4.1 months (Across ALL Assets),"0, 2021-02-21 (Price: 108.29)",2024-09-22 (Price: 28.55),2024-09-27 (Price: 39.9),611/606/604 days,5.04% above/24.84% below/24.84% below,2021-02-21 (Price: 108.29)/2024-09-29 (Price: 27.2889),No Information,No Information,No Information,No Information,No Information,No Information
TRENDPULSE,"XLV, Long, 2024-08-31 (Price: 157.2)",2026-05-26 (Price: 148.51),"-5.53%, 1.8 year","80.95%, Past 20 years, 21","Monthly, is CONFIRMED on 2024-08-31",Already confirmed,"2026-05-26 (Price: 148.51), 5.53% below",1.8 year,150.4,No Information,No Information,No Information,No Information,11.06%/0.33%/6.16%,"7.57%, 36.99%",2.7 years/5.1 months/1.4 year,2028-07-08/2025-04-09/2026-08-29,3.06%,4.53%,-1.47%,-0.07,0.22,170.7978/166.8835/166.33/No Horizontal Resistance/No Target/174.1807/No EMA 200 Target,124.54/100.54/117.2225/81.225/No F-Track Level/No F-Track Level/143.1,93.94%/66/10.9 months (Across ALL Assets),72.82%/195/9.4 months (Across ALL Assets),"0, 2021-12-31 (Price: 141.98)",2024-08-31 (Price: 157.2),2024-08-30 (Price: 157.2),633/634/633 days,5.53% below/5.53% below/5.53% below,2021-12-31 (Price: 141.98)/2024-08-31 (Price: 149.5927),No Information,No Information,No Information,No Information,No Information,No Information
TRENDPULSE,"TCS.NS, Long, 2024-08-31 (Price: 4553.75)",No Exit Yet,"-50.01%, 1.8 year","100.0%, Past 20 years, 9","Monthly, is CONFIRMED on 2024-08-31",Already confirmed,"2026-05-26 (Price: 2276.2), 50.01% below",1.8 year,4399.3999,No Information,No Information,No Information,No Information,33.56%/4.61%/26.0%,"-0.0%, 13.31%",10.2 months/6 months/8.2 months,2025-11-17/2025-05-18/2025-08-20,11.18%,10.08%,1.1%,1.26,0.54,5348.3794/5737.725/4892.06/No Horizontal Resistance/5051.5642/5692.579/No EMA 200 Target,3004.55/2272.475/4231.4862/3595.5983/No F-Track Level/No F-Track Level/3931.21,93.94%/66/10.9 months (Across ALL Assets),72.82%/195/9.4 months (Across ALL Assets),"0, 2021-10-31 (Price: 3989.8999)",2024-08-31 (Price: 4553.75),2024-08-30 (Price: 4553.75),633/634/633 days,50.01% below/50.01% below/50.01% below,2021-10-31 (Price: 3989.8999)/2024-08-31 (Price: 4300.4138),No Information,No Information,No Information,No Information,No Information,No Information
TRENDPULSE,"INFY, Long, 2024-08-31 (Price: 23.28)",2026-04-30 (Price: 12.46),"-46.48%, 1.7 year","76.92%, Past 20 years, 13","Monthly, is CONFIRMED on 2024-08-31",Already confirmed,"2026-05-26 (Price: 12.08), 48.11% below",1.8 year,22.29,No Information,No Information,No Information,No Information,32.46%/12.69%/24.68%,"46.48%, 58.28%",1.3 year/5 months/8.6 months,2026-07-09/2025-04-05/2025-09-08,6.06%,5.08%,0.98%,0.29,0.27,24.9794/29.0255/25.15/24.21/31.8515/41.1179/No EMA 200 Target,15.54/16.315/20.4002/13.0115/No F-Track Level/No F-Track Level/18.98,93.94%/66/10.9 months (Across ALL Assets),72.82%/195/9.4 months (Across ALL Assets),"0, 2022-01-31 (Price: 26.39)",2024-07-31 (Price: 22.13),2024-08-30 (Price: 23.28),664/634/633 days,45.41% below/48.11% below/48.11% below,2022-01-31 (Price: 26.39)/2024-08-31 (Price: 19.384),No Information,No Information,No Information,No Information,No Information,No Information
TRENDPULSE,"^NSEI, Long, 2024-07-31 (Price: 24951.1504)",2026-05-26 (Price: 23913.6992),"-4.16%, 1.8 year","75.0%, Past 20 years, 8","Monthly, is CONFIRMED on 2024-07-31",Already confirmed,"2026-05-26 (Price: 23913.6992), 4.16% below",1.8 year,23992.9492,No Information,No Information,No Information,No Information,12.44%/2.54%/7.03%,"3.32%, 14.78%",1.6 year/6 months/11.3 months,2026-11-12/2025-04-17/2025-12-04,5.48%,6.07%,-0.59%,-0.01,0.32,27136.8712/26705.2163/36682.05/No Horizontal Resistance/33071.3292/48196.8152/No EMA 200 Target,15780.25/15428.8669/23723.236/17945.8431/No F-Track Level/No F-Track Level/21921.5,93.94%/66/10.9 months (Across ALL Assets),72.82%/195/9.4 months (Across ALL Assets),"10, 2010-04-30 (Price: 5399.6499)",2024-06-30 (Price: 24010.5996),2024-07-31 (Price: 24951.1504),695/664/664 days,0.4% below/4.16% below/4.16% below,2010-04-30 (Price: 5399.6499)/2024-07-31 (Price: 23464.0286),No Information,No Information,No Information,No Information,No Information,No Information
TRENDPULSE,"MEL.NZ, Long, 2024-05-31 (Price: 6.76)",No Exit Yet,"-12.72%, 2 years","88.89%, Past 20 years, 9","Monthly, is CONFIRMED on 2024-05-31",Already confirmed,"2026-05-26 (Price: 5.9), 12.72% below",2 years,5.95,No Information,No Information,No Information,No Information,24.71%/12.8%/20.43%,"24.88%, 41.24%",11.1 months/5 months/7.7 months,2025-09-25/2025-01-03/2025-04-30,7.04%,7.6%,-0.56%,0.43,0.44,8.2256/8.1411/7.61/No Horizontal Resistance/7.4565/8.4564/No EMA 200 Target,4.83/4.355/6.1182/4.8318/No F-Track Level/No F-Track Level/5.53,93.94%/66/10.9 months (Across ALL Assets),72.82%/195/9.4 months (Across ALL Assets),"2, 2022-08-31 (Price: 5.35)",2024-05-31 (Price: 6.76),2024-05-31 (Price: 6.76),725/725/725 days,12.72% below/12.72% below/12.72% below,2022-08-31 (Price: 5.35)/2024-05-31 (Price: 5.9762),No Information,No Information,No Information,No Information,No Information,No Information
TRENDPULSE,"PG, Long, 2024-04-30 (Price: 163.2)",No Exit Yet,"-12.4%, 2.1 years","92.86%, Past 20 years, 14","Monthly, is CONFIRMED on 2024-04-30",Already confirmed,"2026-05-26 (Price: 142.96), 12.4% below",2.1 years,161.78,No Information,No Information,No Information,No Information,16.93%/4.07%/9.03%,"3.8%, 22.42%",2.8 years/5.1 months/1 year,2028-04-27/2024-12-07/2025-10-03,4.95%,4.31%,0.64%,0.51,0.19,173.0573/177.937/164.49/165.125/186.6499/209.3631/No EMA 200 Target,126.25/123.62/161.0808/140.2317/No F-Track Level/No F-Track Level/153.29,93.94%/66/10.9 months (Across ALL Assets),72.82%/195/9.4 months (Across ALL Assets),"0, 2022-01-31 (Price: 165.35)",2024-04-30 (Price: 163.2),2024-04-30 (Price: 163.2),756/756/756 days,12.4% below/12.4% below/12.4% below,2022-01-31 (Price: 165.35)/2024-04-30 (Price: 155.4453),No Information,No Information,No Information,No Information,No Information,No Information
TRENDPULSE,"XLV, Long, 2024-02-29 (Price: 144.82)",2026-05-26 (Price: 148.51),"2.55%, 2.3 years","80.95%, Past 20 years, 21","Monthly, is CONFIRMED on 2024-02-29",Already confirmed,"2026-05-26 (Price: 148.51), 2.55% above",2.3 years,140.55,No Information,No Information,No Information,No Information,11.06%/0.33%/6.16%,"7.57%, 36.99%",2.7 years/5.1 months/1.4 year,2028-01-06/2024-10-07/2026-02-26,3.06%,4.53%,-1.47%,-0.07,0.22,157.3469/153.7409/146.52/No Horizontal Resistance/153.114/174.1807/No EMA 200 Target,124.54/86.68/117.2225/81.225/No F-Track Level/No F-Track Level/133.48,93.94%/66/10.9 months (Across ALL Assets),72.82%/195/9.4 months (Across ALL Assets),"0, 2021-12-31 (Price: 141.98)",2023-12-31 (Price: 136.38),2024-02-01 (Price: 142.2),877/845/817 days,8.89% above/4.44% above/2.55% above,2021-12-31 (Price: 141.98)/2024-02-29 (Price: 134.96),No Information,No Information,No Information,No Information,No Information,No Information
TRENDPULSE,"RELIANCE.NS, Long, 2024-02-29 (Price: 1460.8)",2026-05-26 (Price: 1356.3),"-7.15%, 2.3 years","84.62%, Past 20 years, 13","Monthly, is CONFIRMED on 2024-02-29",Already confirmed,"2026-05-26 (Price: 1356.3), 7.15% below",2.3 years,1435.0,No Information,No Information,No Information,No Information,42.45%/7.3%/18.13%,"0.53%, 36.79%",1.4 year/7.1 months/1.1 year,2026-02-26/2025-01-02/2025-09-24,6.85%,11.69%,-4.84%,0.87,0.6,2144.8926/1725.643/1575.43/No Horizontal Resistance/1503.6962/2250.6285/No EMA 200 Target,1071.86/853.4344/1393.886/957.4297/No F-Track Level/No F-Track Level/1244.6,93.94%/66/10.9 months (Across ALL Assets),72.82%/195/9.4 months (Across ALL Assets),"0, 2021-10-31 (Price: 1269.7476)",2024-01-31 (Price: 1426.625),2024-02-29 (Price: 1460.8),846/817/817 days,4.93% below/7.15% below/7.15% below,2021-10-31 (Price: 1269.7476)/2024-02-29 (Price: 1334.1423),No Information,No Information,No Information,No Information,No Information,No Information
TRENDPULSE,"BYD.TO, Long, 2023-12-31 (Price: 278.49)",No Exit Yet,"-47.33%, 2.4 years","100.0%, Past 20 years, 16","Monthly, is CONFIRMED on 2023-12-31",Already confirmed,"2026-05-26 (Price: 146.68), 47.33% below",2.4 years,258.84,No Information,No Information,No Information,No Information,21.68%/5.8%/10.46%,"-0.0%, 33.29%",1.1 year/5.1 months/9.9 months,2025-07-26/2024-08-08/2025-03-05,13.56%,9.1%,4.46%,0.84,0.45,411.3297/307.6201/298.58/No Horizontal Resistance/312.8053/367.2583/No EMA 200 Target,138.66/166.48/229.0045/147.1212/No F-Track Level/No F-Track Level/241.57,93.94%/66/10.9 months (Across ALL Assets),72.82%/195/9.4 months (Across ALL Assets),"0, 2021-02-28 (Price: 245.0)",2023-11-30 (Price: 258.74),2023-12-29 (Price: 278.49),908/879/877 days,43.31% below/47.33% below/47.33% below,2021-02-28 (Price: 245.0)/2023-12-31 (Price: 256.8514),No Information,No Information,No Information,No Information,No Information,No Information
OSCILLATOR DELTA,"BEL.NS, Long, 2026-05-26 (Price: 420.1)",No Exit Yet,"0.0%, 0 days","100.0%, Past 6 years, 13","Daily, is Confirmed on 2026-05-26",No Cancellation Possible,"2026-05-26 (Price: 420.1), 0.0% below",0 days,423.5,No Information,No Information,No Information,No Information,9.86%/0.3%/4.12%,"0.0%, 11.08%",1.9 month/2 days/23 days,2026-08-16/2026-05-28/2026-06-28,13.77%,42.47%,-28.7%,1.22,2.14,491.9371/437.4081/449.51/433.5/453.9486/522.5255/No EMA 200 Target,No Recent Minima/61.7416/333.1625/286.855/418.2749/384.3676/415.39,90.26%/154/25 days (Across ALL Assets),79.53%/513/25 days (Across ALL Assets),No Information,No Information,No Information,No Information,No Information,No Information,2026-05-13 (Price: 415.75)/2026-05-20 (Price: 407.0),17 days/1 day/5 days,No Information,No Information,No Information,No Information
OSCILLATOR DELTA,"HDFCBANK.NS, Long, 2026-05-25 (Price: 786.85)",No Exit Yet,"-1.01%, 1 day","80.0%, Past 6 years, 20","Daily, is Confirmed on 2026-05-25",No Cancellation Possible,"2026-05-26 (Price: 778.9), 1.01% below",1 day,776.0,No Information,No Information,No Information,No Information,6.75%/0.15%/2.38%,"12.51%, 12.74%",3.3 months/3 days/1 month,2026-10-15/2026-05-29/2026-07-07,0.18%,6.24%,-6.06%,-0.12,0.33,819.5043/805.577/826.19/1009.6/1098.0619/1180.6259/921.39,No Recent Minima/640.9/765.1075/697.8792/No F-Track Level/No F-Track Level/No EMA 200 Stop Loss,90.26%/154/25 days (Across ALL Assets),79.53%/513/25 days (Across ALL Assets),No Information,No Information,No Information,No Information,No Information,No Information,2026-05-13 (Price: 747.35)/2026-05-14 (Price: 747.0),21 days/1 day/5 days,No Information,No Information,No Information,No Information
OSCILLATOR DELTA,"PG, Long, 2026-05-22 (Price: 144.44)",No Exit Yet,"-1.02%, 4 days","88.89%, Past 6 years, 18","Daily, is Confirmed on 2026-05-22",No Cancellation Possible,"2026-05-26 (Price: 142.96), 1.02% below",4 days,143.87,No Information,No Information,No Information,No Information,5.88%/0.19%/2.64%,"11.02%, 11.43%",4.4 months/6 days/1.3 month,2026-11-29/2026-05-30/2026-07-17,5.36%,3.03%,2.33%,0.14,0.09,150.6943/148.2532/151.66/179.4533/186.6499/209.3631/149.81,No Recent Minima/137.0167/140.2317/117.5404/No F-Track Level/No F-Track Level/No EMA 200 Stop Loss,90.26%/154/25 days (Across ALL Assets),79.53%/513/25 days (Across ALL Assets),No Information,No Information,No Information,No Information,No Information,No Information,2026-05-15 (Price: 141.2)/2026-05-19 (Price: 140.85),17 days/1 day/8 days,No Information,No Information,No Information,No Information
OSCILLATOR DELTA,"SUM.NZ, Long, 2026-05-22 (Price: 7.7)",No Exit Yet,"1.95%, 4 days","84.21%, Past 6 years, 19","Daily, is Confirmed on 2026-05-22",No Cancellation Possible,"2026-05-26 (Price: 7.85), 1.95% above",4 days,7.34,No Information,No Information,No Information,No Information,8.53%/0.08%/2.55%,"11.53%, 11.95%",4.1 months/3 days/1.1 month,2026-11-14/2026-05-26/2026-07-08,3.69%,3.12%,0.57%,0.02,0.13,8.0065/7.8964/8.09/12.64/19.8479/26.5969/10.71,No Recent Minima/No Horizontal Support/No F-Stack Support/No F-Stack Support/No F-Track Level/No F-Track Level/No EMA 200 Stop Loss,90.26%/154/25 days (Across ALL Assets),79.53%/513/25 days (Across ALL Assets),No Information,No Information,No Information,No Information,No Information,No Information,2026-05-13 (Price: 7.56)/2026-05-18 (Price: 7.1),13 days/1 day/6 days,No Information,No Information,No Information,No Information
OSCILLATOR DELTA,"SJ.TO, Long, 2026-05-22 (Price: 73.96)",No Exit Yet,"3.1%, 4 days","81.82%, Past 6 years, 11","Daily, is Confirmed on 2026-05-22",No Cancellation Possible,"2026-05-26 (Price: 76.25), 3.1% above",4 days,73.14,No Information,No Information,No Information,No Information,6.5%/0.78%/2.34%,"13.62%, 14.08%",1.3 month/3 days/14 days,2026-07-17/2026-05-26/2026-06-11,2.18%,10.88%,-8.7%,-0.08,0.6,81.3042/75.6907/77.66/84.3925/95.0177/123.2166/84.92,No Recent Minima/38.015/66.807/60.0601/No F-Track Level/No F-Track Level/No EMA 200 Stop Loss,90.26%/154/25 days (Across ALL Assets),79.53%/513/25 days (Across ALL Assets),No Information,No Information,No Information,No Information,No Information,No Information,2026-05-08 (Price: 71.175)/2026-05-11 (Price: 69.94),24 days/1 day/11 days,No Information,No Information,No Information,No Information
OSCILLATOR DELTA,"INDY, Long, 2026-05-21 (Price: 42.34)",No Exit Yet,"0.99%, 5 days","89.47%, Past 6 years, 19","Daily, is Confirmed on 2026-05-21",No Cancellation Possible,"2026-05-26 (Price: 42.76), 0.99% above",5 days,41.93,No Information,No Information,No Information,No Information,6.67%/0.05%/1.45%,"10.84%, 11.43%",2.8 months/6 days/21 days,2026-09-19/2026-05-29/2026-06-20,2.73%,5.45%,-2.72%,-0.03,0.29,43.661/42.9539/44.88/54.474/60.9145/66.9383/48.67,No Recent Minima/40.634/37.969/30.3493/No F-Track Level/No F-Track Level/No EMA 200 Stop Loss,90.26%/154/25 days (Across ALL Assets),79.53%/513/25 days (Across ALL Assets),No Information,No Information,No Information,No Information,No Information,No Information,2026-05-13 (Price: 41.911)/2026-05-19 (Price: 41.69),23 days/1 day/7 days,No Information,No Information,No Information,No Information
OSCILLATOR DELTA,"GDX, Long, 2026-05-21 (Price: 85.99)",No Exit Yet,"2.92%, 5 days","95.0%, Past 6 years, 20","Daily, is Confirmed on 2026-05-21",No Cancellation Possible,"2026-05-26 (Price: 88.5), 2.92% above",5 days,84.46,No Information,No Information,No Information,No Information,11.54%/0.22%/4.6%,"10.89%, 11.2%",1.2 month/2 days/14 days,2026-07-12/2026-05-23/2026-06-10,17.44%,11.0%,6.44%,0.76,0.54,94.9674/89.9455/98.03/No Horizontal Resistance/136.5646/157.2221/No EMA 200 Target,No Recent Minima/25.645/72.73/50.0225/No F-Track Level/No F-Track Level/85.06,90.26%/154/25 days (Across ALL Assets),79.53%/513/25 days (Across ALL Assets),No Information,No Information,No Information,No Information,No Information,No Information,2026-05-05 (Price: 85.72)/2026-05-19 (Price: 83.35),12 days/1 day/5 days,No Information,No Information,No Information,No Information
OSCILLATOR DELTA,"INDA, Long, 2026-05-21 (Price: 48.03)",No Exit Yet,"1.08%, 5 days","93.75%, Past 6 years, 16","Daily, is Confirmed on 2026-05-21",No Cancellation Possible,"2026-05-26 (Price: 48.55), 1.08% above",5 days,47.55,No Information,No Information,No Information,No Information,5.29%/0.49%/2.66%,"10.42%, 10.55%",2.9 months/3 days/26 days,2026-09-24/2026-05-25/2026-06-27,9.24%,7.62%,1.62%,0.41,0.48,50.4267/49.3076/50.91/55.3975/66.8401/79.771/51.94,No Recent Minima/39.0425/45.3705/38.12/No F-Track Level/No F-Track Level/No EMA 200 Stop Loss,90.26%/154/25 days (Across ALL Assets),79.53%/513/25 days (Across ALL Assets),No Information,No Information,No Information,No Information,No Information,No Information,2026-05-13 (Price: 47.64)/2026-05-19 (Price: 47.13),23 days/1 day/9 days,No Information,No Information,No Information,No Information
OSCILLATOR DELTA,"NFLX, Long, 2026-05-07 (Price: 88.25)",No Exit Yet,"-0.65%, 19 days","80.95%, Past 6 years, 21","Daily, is Confirmed on 2026-05-07",No Cancellation Possible,"2026-05-26 (Price: 87.68), 0.65% below",19 days,88.2,No Information,No Information,No Information,No Information,23.78%/0.79%/7.14%,"35.12%, 35.12%",1.2 month/2 days/14 days,2026-06-28/2026-05-09/2026-05-27,10.76%,8.49%,2.27%,0.2,0.45,92.3448/94.551/92.66/No Horizontal Resistance/139.352/152.4292/101.73,No Recent Minima/34.8663/86.4764/77.567/No F-Track Level/No F-Track Level/No EMA 200 Stop Loss,90.26%/154/25 days (Across ALL Assets),79.53%/513/25 days (Across ALL Assets),No Information,No Information,No Information,No Information,No Information,No Information,2026-04-27 (Price: 91.3)/2026-04-28 (Price: 90.02),28 days/1 day/8 days,No Information,No Information,No Information,No Information
OSCILLATOR DELTA,"C6L.SI, Long, 2026-05-07 (Price: 6.33)",2026-05-25 (Price: 6.65),"5.06%, 18 days","87.5%, Past 6 years, 16","Daily, is Confirmed on 2026-05-07",No Cancellation Possible,"2026-05-26 (Price: 6.64), 4.9% above",19 days,6.33,No Information,No Information,No Information,No Information,9.74%/0.59%/2.64%,"10.5%, 11.94%",3.2 months/7 days/25 days,2026-09-23/2026-05-17/2026-06-12,4.92%,4.17%,0.75%,0.12,0.19,6.6895/6.4971/6.65/7.24/15.377/16.6022/6.54,No Recent Minima/4.7975/No F-Stack Support/No F-Stack Support/No F-Track Level/No F-Track Level/No EMA 200 Stop Loss,90.26%/154/25 days (Across ALL Assets),79.53%/513/25 days (Across ALL Assets),No Information,No Information,No Information,No Information,No Information,No Information,2026-04-29 (Price: 6.31)/2026-05-04 (Price: 6.27),1.2 month/1 day/11 days,No Information,No Information,No Information,No Information
SIGMASHELL,"SUM.NZ, Long, 2026-05-01 (Price: 8.2)",No Exit Yet,"-4.27%, 25 days","80.0%, Past 5 years, 15","Daily, was CONFIRMED on 2026-05-01",Already confirmed,"2026-05-26 (Price: 7.85), 4.27% below",25 days,8.16,No Information,No Information,No Information,No Information,24.21%/0.1%/9.81%,"14.49%, 34.68%",5.5 months/1.3 month/2.5 months,2026-12-25/2026-06-26/2026-08-17,7.19%,8.56%,-1.37%,0.2,0.47,8.3648/9.0044/16.1691/12.6867/16.1691/19.8479/10.71,7.99/No Horizontal Support/No F-Stack Support/No F-Stack Support/No F-Track Level/No F-Track Level/No EMA 200 Stop Loss,68.18%/44/3.8 months (Across ALL Assets),69.36%/297/3.8 months (Across ALL Assets),No Information,No Information,No Information,No Information,No Information,No Information,No Information,No Information,"-15.41, 61.37%",No Information,No Information,No Information
SIGMASHELL,"PG, Long, 2026-04-07 (Price: 141.3)",No Exit Yet,"1.17%, 1.6 month","92.31%, Past 5 years, 13","Daily, was CONFIRMED on 2026-04-07",Already confirmed,"2026-05-26 (Price: 142.96), 1.17% above",1.6 month,142.52,No Information,No Information,No Information,No Information,21.97%/0.84%/7.88%,"3.1%, 11.76%",5.3 months/1.2 month/2.4 months,2026-11-23/2026-05-29/2026-07-20,17.47%,6.21%,11.26%,0.87,0.33,145.1292/152.4344/186.6499/179.4533/186.6499/209.3631/149.81,138.04/132.4233/140.2317/117.5404/No F-Track Level/No F-Track Level/No EMA 200 Stop Loss,68.18%/44/3.8 months (Across ALL Assets),69.36%/297/3.8 months (Across ALL Assets),No Information,No Information,No Information,No Information,No Information,No Information,No Information,No Information,"-4.8, 62.5%",No Information,No Information,No Information
SIGMASHELL,"MFT.NZ, Long, 2026-04-02 (Price: 58.99)",No Exit Yet,"-1.68%, 1.8 month","72.22%, Past 5 years, 18","Daily, was CONFIRMED on 2026-04-02",Already confirmed,"2026-05-26 (Price: 58.0), 1.68% below",1.8 month,58.63,No Information,No Information,No Information,No Information,22.45%/0.83%/8.98%,"11.61%, 28.63%",7.7 months/1.4 month/4.5 months,2027-03-02/2026-06-01/2026-10-14,9.2%,9.47%,-0.27%,0.24,0.51,60.2406/64.2873/105.252/85.45/105.252/119.9356/62.66,57.21/55.185/54.7158/45.8971/No F-Track Level/No F-Track Level/No EMA 200 Stop Loss,68.18%/44/3.8 months (Across ALL Assets),69.36%/297/3.8 months (Across ALL Assets),No Information,No Information,No Information,No Information,No Information,No Information,No Information,No Information,"-4.79, 90.91%",No Information,No Information,No Information
SIGMASHELL,"BBTC.NS, Long, 2026-04-02 (Price: 1410.7)",No Exit Yet,"8.68%, 1.8 month","88.89%, Past 5 years, 9","Daily, was CONFIRMED on 2026-04-02",Already confirmed,"2026-05-26 (Price: 1533.2), 8.68% above",1.8 month,1381.1,No Information,No Information,No Information,No Information,49.05%/0.11%/13.94%,"12.49%, 27.11%",5.7 months/1.7 month/3.1 months,2026-12-05/2026-06-14/2026-08-14,19.37%,15.96%,3.41%,0.51,0.71,1528.3524/1607.3516/3412.111/2145.0/3412.111/3761.7441/1759.19,1322.0/846.25/1057.7422/973.2526/No F-Track Level/No F-Track Level/No EMA 200 Stop Loss,68.18%/44/3.8 months (Across ALL Assets),69.36%/297/3.8 months (Across ALL Assets),No Information,No Information,No Information,No Information,No Information,No Information,No Information,No Information,"-6.11, 72.22%",No Information,No Information,No Information
SIGMASHELL,"FXI, Long, 2026-04-01 (Price: 35.56)",No Exit Yet,"0.53%, 1.8 month","71.43%, Past 5 years, 21","Daily, was CONFIRMED on 2026-04-01",Already confirmed,"2026-05-26 (Price: 35.75), 0.53% above",1.8 month,35.6,No Information,No Information,No Information,No Information,31.2%/0.18%/13.43%,"12.76%, 36.5%",1.6 year/1.7 month/4 months,2028-07-13/2026-06-13/2026-09-21,23.13%,2.33%,20.8%,0.44,0.14,36.6232/40.3357/90.5742/42.105/90.5742/95.3274/38.56,34.85/20.865/No F-Stack Support/No F-Stack Support/No F-Track Level/No F-Track Level/No EMA 200 Stop Loss,68.18%/44/3.8 months (Across ALL Assets),69.36%/297/3.8 months (Across ALL Assets),No Information,No Information,No Information,No Information,No Information,No Information,No Information,No Information,"-6.98, 60.87%",No Information,No Information,No Information
SIGMASHELL,"BABA, Long, 2026-04-01 (Price: 123.73)",No Exit Yet,"4.64%, 1.8 month","75.0%, Past 5 years, 16","Daily, was CONFIRMED on 2026-04-01",Already confirmed,"2026-05-26 (Price: 129.47), 4.64% above",1.8 month,125.48,No Information,No Information,No Information,No Information,70.32%/2.42%/19.21%,"29.44%, 56.8%",1.1 year/1.6 month/4.1 months,2027-10-26/2026-06-09/2026-09-24,29.01%,2.08%,26.93%,0.36,0.19,135.6328/147.4985/399.1612/181.595/399.1612/524.2534/149.54,121.98/67.495/No F-Stack Support/No F-Stack Support/No F-Track Level/No F-Track Level/No EMA 200 Stop Loss,68.18%/44/3.8 months (Across ALL Assets),69.36%/297/3.8 months (Across ALL Assets),No Information,No Information,No Information,No Information,No Information,No Information,No Information,No Information,"-9.6, 60.42%",No Information,No Information,No Information
SIGMASHELL,"SPY, Long, 2026-04-01 (Price: 655.24)",No Exit Yet,"14.55%, 1.8 month","90.0%, Past 5 years, 10","Daily, was CONFIRMED on 2026-04-01",Already confirmed,"2026-05-26 (Price: 750.59), 14.55% above",1.8 month,653.9,No Information,No Information,No Information,No Information,11.94%/1.85%/7.44%,"0.65%, 17.02%",4.2 months/1.8 month/2.7 months,2026-09-30/2026-06-18/2026-07-27,15.1%,6.06%,9.04%,1.25,0.33,665.2652/703.9899/969.1148/693.77/969.1148/1522.3697/679.44,631.97/412.1625/627.1849/415.8599/No F-Track Level/No F-Track Level/No EMA 200 Stop Loss,68.18%/44/3.8 months (Across ALL Assets),69.36%/297/3.8 months (Across ALL Assets),No Information,No Information,No Information,No Information,No Information,No Information,No Information,No Information,"-4.8, 90.62%",No Information,No Information,No Information
SIGMASHELL,"AIA.NZ, Long, 2026-04-01 (Price: 8.0)",No Exit Yet,"3.5%, 1.8 month","85.71%, Past 5 years, 7","Daily, was CONFIRMED on 2026-04-01",Already confirmed,"2026-05-26 (Price: 8.28), 3.5% above",1.8 month,8.02,No Information,No Information,No Information,No Information,8.85%/2.77%/5.72%,"1.58%, 18.81%",1.1 year/1.8 month/5.4 months,2027-10-26/2026-06-18/2026-11-21,7.99%,6.04%,1.95%,0.77,0.31,8.2064/8.4576/11.1706/8.8962/11.1706/12.8535/8.14,7.9/7.0017/7.3934/6.6643/No F-Track Level/No F-Track Level/No EMA 200 Stop Loss,68.18%/44/3.8 months (Across ALL Assets),69.36%/297/3.8 months (Across ALL Assets),No Information,No Information,No Information,No Information,No Information,No Information,No Information,No Information,"-5.76, 100.0%",No Information,No Information,No Information
SIGMASHELL,"SUM.NZ, Long, 2026-04-01 (Price: 8.91)",No Exit Yet,"-11.9%, 1.8 month","80.0%, Past 5 years, 15","Daily, was CONFIRMED on 2026-04-01",Already confirmed,"2026-05-26 (Price: 7.85), 11.9% below",1.8 month,9.2,No Information,No Information,No Information,No Information,24.21%/0.1%/9.81%,"14.49%, 34.68%",5.5 months/1.3 month/2.5 months,2026-11-25/2026-05-27/2026-07-18,7.19%,8.56%,-1.37%,0.2,0.47,9.0891/9.7841/19.8479/12.64/19.8479/26.5969/10.71,8.88/No Horizontal Support/No F-Stack Support/No F-Stack Support/No F-Track Level/No F-Track Level/No EMA 200 Stop Loss,68.18%/44/3.8 months (Across ALL Assets),69.36%/297/3.8 months (Across ALL Assets),No Information,No Information,No Information,No Information,No Information,No Information,No Information,No Information,"-11.93, 91.67%",No Information,No Information,No Information
SIGMASHELL,"EFN.TO, Long, 2026-04-01 (Price: 30.49)",No Exit Yet,"-8.49%, 1.8 month","100.0%, Past 5 years, 4","Daily, was CONFIRMED on 2026-04-01",Already confirmed,"2026-05-26 (Price: 27.9), 8.49% below",1.8 month,30.24,No Information,No Information,No Information,No Information,14.66%/7.29%/10.96%,"-0.0%, 21.09%",7.7 months/2.7 months/5.3 months,2027-03-01/2026-07-27/2026-11-17,9.52%,9.58%,-0.06%,1.19,0.49,31.8468/33.8317/45.1741/34.925/45.1741/70.5281/34.5,29.95/12.67/29.5041/No stop loss/No F-Track Level/No F-Track Level/No EMA 200 Stop Loss,68.18%/44/3.8 months (Across ALL Assets),69.36%/297/3.8 months (Across ALL Assets),No Information,No Information,No Information,No Information,No Information,No Information,No Information,No Information,"-6.37, 68.19%",No Information,No Information,No Information
SIGMASHELL,"HDFCBANK.NS, Long, 2026-03-23 (Price: 744.15)",No Exit Yet,"4.67%, 2.1 months","100.0%, Past 5 years, 7","Daily, was CONFIRMED on 2026-03-23",Already confirmed,"2026-05-26 (Price: 778.9), 4.67% above",2.1 months,763.15,No Information,No Information,No Information,No Information,8.69%/0.8%/4.88%,"-0.0%, 22.66%",5.2 months/2.4 months/3.7 months,2026-11-03/2026-07-05/2026-08-30,6.81%,12.08%,-5.27%,0.68,0.64,759.3307/780.4645/1098.0619/1009.6/1098.0619/1305.7899/921.39,No Recent Minima/640.9/697.8792/606.5732/No F-Track Level/No F-Track Level/No EMA 200 Stop Loss,68.18%/44/3.8 months (Across ALL Assets),69.36%/297/3.8 months (Across ALL Assets),No Information,No Information,No Information,No Information,No Information,No Information,No Information,No Information,"-3.21, 100.0%",No Information,No Information,No Information
SIGMASHELL,"PERSISTENT.NS, Long, 2026-03-18 (Price: 4698.6001)",No Exit Yet,"8.67%, 2.3 months","70.0%, Past 5 years, 10","Daily, was CONFIRMED on 2026-03-18",Already confirmed,"2026-05-26 (Price: 5105.7998), 8.67% above",2.3 months,4525.6001,No Information,No Information,No Information,No Information,56.21%/4.44%/23.31%,"11.83%, 29.6%",4.9 months/1.6 month/2.7 months,2026-10-16/2026-05-26/2026-07-13,20.66%,18.38%,2.28%,0.43,0.93,4852.2443/5793.8438/9957.5854/6693.95/9957.5854/15965.083/5542.1,4529.4/1548.5125/3950.0879/2531.9096/No F-Track Level/No F-Track Level/No EMA 200 Stop Loss,68.18%/44/3.8 months (Across ALL Assets),69.36%/297/3.8 months (Across ALL Assets),No Information,No Information,No Information,No Information,No Information,No Information,No Information,No Information,"-3.61, 66.67%",No Information,No Information,No Information
SIGMASHELL,"TRI.TO, Long, 2026-03-10 (Price: 140.74)",No Exit Yet,"-17.87%, 2.6 months","85.71%, Past 5 years, 14","Daily, was CONFIRMED on 2026-03-10",Already confirmed,"2026-05-26 (Price: 115.59), 17.87% below",2.6 months,150.6,No Information,No Information,No Information,No Information,12.27%/0.96%/6.6%,"10.99%, 12.83%",2.3 months/1.2 month/1.8 month,2026-06-17/2026-05-01/2026-05-27,6.18%,4.49%,1.69%,0.16,0.21,No Target/150.0288/293.2329/240.8933/293.2329/368.7715/173.87,110.84/126.1128/131.2534/93.0152/No F-Track Level/No F-Track Level/No EMA 200 Stop Loss,68.18%/44/3.8 months (Across ALL Assets),69.36%/297/3.8 months (Across ALL Assets),No Information,No Information,No Information,No Information,No Information,No Information,No Information,No Information,"-4.64, 100.0%",No Information,No Information,No Information
SIGMASHELL,"PERSISTENT.NS, Long, 2026-03-06 (Price: 4777.5)",No Exit Yet,"6.87%, 2.7 months","70.0%, Past 5 years, 10","Daily, was CONFIRMED on 2026-03-06",Already confirmed,"2026-05-26 (Price: 5105.7998), 6.87% above",2.7 months,4648.3999,No Information,No Information,No Information,No Information,56.21%/4.44%/23.31%,"11.83%, 29.6%",4.9 months/1.6 month/2.7 months,2026-10-04/2026-05-14/2026-07-01,20.66%,18.38%,2.28%,0.43,0.93,4933.7243/5891.1352/9957.5854/6693.95/9957.5854/15965.083/5542.1,4641.7/1548.5125/3950.0879/2531.9096/No F-Track Level/No F-Track Level/No EMA 200 Stop Loss,68.18%/44/3.8 months (Across ALL Assets),69.36%/297/3.8 months (Across ALL Assets),No Information,No Information,No Information,No Information,No Information,No Information,No Information,No Information,"-5.73, 100.0%",No Information,No Information,No Information
SIGMASHELL,"SUM.NZ, Long, 2026-03-03 (Price: 10.28)",No Exit Yet,"-23.64%, 2.8 months","80.0%, Past 5 years, 15","Daily, was CONFIRMED on 2026-03-03",Already confirmed,"2026-05-26 (Price: 7.85), 23.64% below",2.8 months,10.32,No Information,No Information,No Information,No Information,24.21%/0.1%/9.81%,"14.49%, 34.68%",5.5 months/1.3 month/2.5 months,2026-10-27/2026-04-28/2026-06-19,7.19%,8.56%,-1.37%,0.2,0.47,10.4866/11.2885/19.8479/12.64/19.8479/26.5969/10.71,No Recent Minima/9.1367/No F-Stack Support/No F-Stack Support/No F-Track Level/No F-Track Level/No EMA 200 Stop Loss,68.18%/44/3.8 months (Across ALL Assets),69.36%/297/3.8 months (Across ALL Assets),No Information,No Information,No Information,No Information,No Information,No Information,No Information,No Information,"-8.89, 87.5%",No Information,No Information,No Information
SIGMASHELL,"GOOG, Long, 2026-03-02 (Price: 306.36)",2026-05-21 (Price: 383.47),"25.17%, 2.7 months","100.0%, Past 5 years, 11","Daily, was CONFIRMED on 2026-03-02",Already confirmed,"2026-05-26 (Price: 384.84), 25.62% above",2.8 months,302.965,No Information,No Information,No Information,No Information,29.4%/0.45%/12.07%,"-0.0%, 17.88%",4 months/1.2 month/2.6 months,2026-08-22/2026-04-23/2026-06-22,26.27%,17.58%,8.69%,1.07,0.9,322.2601/343.3377/345.4418/No Horizontal Resistance/345.4418/365.3613/No EMA 200 Target,302.82/84.51/285.4807/240.3589/No F-Track Level/No F-Track Level/296.97,68.18%/44/3.8 months (Across ALL Assets),69.36%/297/3.8 months (Across ALL Assets),No Information,No Information,No Information,No Information,No Information,No Information,No Information,No Information,"-3.95, 85.0%",No Information,No Information,No Information
SIGMASHELL,"HDFCBANK.NS, Long, 2026-03-02 (Price: 879.4)",No Exit Yet,"-11.43%, 2.8 months","100.0%, Past 5 years, 7","Daily, was CONFIRMED on 2026-03-02",Already confirmed,"2026-05-26 (Price: 778.9), 11.43% below",2.8 months,876.2,No Information,No Information,No Information,No Information,8.69%/0.8%/4.88%,"-0.0%, 22.66%",5.2 months/2.4 months/3.7 months,2026-10-13/2026-06-14/2026-08-09,6.81%,12.08%,-5.27%,0.68,0.64,897.3398/922.3147/1098.0619/1009.6/1098.0619/1305.7899/921.39,878.85/640.9/765.1075/697.8792/No F-Track Level/No F-Track Level/No EMA 200 Stop Loss,68.18%/44/3.8 months (Across ALL Assets),69.36%/297/3.8 months (Across ALL Assets),No Information,No Information,No Information,No Information,No Information,No Information,No Information,No Information,"-3.0, 69.44%",No Information,No Information,No Information
SIGMASHELL,"MFT.NZ, Long, 2026-03-02 (Price: 63.0)",No Exit Yet,"-7.94%, 2.8 months","72.22%, Past 5 years, 18","Daily, was CONFIRMED on 2026-03-02",Already confirmed,"2026-05-26 (Price: 58.0), 7.94% below",2.8 months,63.9,No Information,No Information,No Information,No Information,22.45%/0.83%/8.98%,"11.61%, 28.63%",7.7 months/1.4 month/4.5 months,2027-01-30/2026-05-01/2026-09-13,9.2%,9.47%,-0.27%,0.24,0.51,64.3356/68.6574/105.252/85.45/105.252/119.9356/No EMA 200 Target,62.0/55.185/54.7158/45.8971/No F-Track Level/No F-Track Level/62.66,68.18%/44/3.8 months (Across ALL Assets),69.36%/297/3.8 months (Across ALL Assets),No Information,No Information,No Information,No Information,No Information,No Information,No Information,No Information,"-4.77, 87.5%",No Information,No Information,No Information
SIGMASHELL,"BDL.NS, Long, 2026-03-02 (Price: 1268.0)",No Exit Yet,"4.88%, 2.8 months","71.43%, Past 5 years, 7","Daily, was CONFIRMED on 2026-03-02",Already confirmed,"2026-05-26 (Price: 1329.9), 4.88% above",2.8 months,1241.4,No Information,No Information,No Information,No Information,42.09%/14.5%/28.3%,"4.95%, 30.16%",3.8 months/2.4 months/3.1 months,2026-08-14/2026-06-14/2026-07-14,19.75%,18.52%,1.23%,0.4,0.83,1276.1152/1626.844/2336.9032/1643.7/2336.9032/2479.1854/1431.58,1240.1/184.5375/1101.1152/1023.7762/No F-Track Level/No F-Track Level/No EMA 200 Stop Loss,68.18%/44/3.8 months (Across ALL Assets),69.36%/297/3.8 months (Across ALL Assets),No Information,No Information,No Information,No Information,No Information,No Information,No Information,No Information,"-6.77, 78.12%",No Information,No Information,No Information
SIGMASHELL,"TRI.TO, Long, 2026-02-13 (Price: 118.45)",No Exit Yet,"-2.41%, 3.4 months","85.71%, Past 5 years, 14","Daily, was CONFIRMED on 2026-02-13",Already confirmed,"2026-05-26 (Price: 115.59), 2.41% below",3.4 months,116.96,No Information,No Information,No Information,No Information,12.27%/0.96%/6.6%,"10.99%, 12.83%",2.3 months/1.2 month/1.8 month,2026-05-23/2026-04-06/2026-05-02,6.18%,4.49%,1.69%,0.16,0.21,No Target/126.2677/293.2329/240.8933/293.2329/455.2123/173.87,116.76/No Horizontal Support/93.0152/69.3828/No F-Track Level/No F-Track Level/No EMA 200 Stop Loss,68.18%/44/3.8 months (Across ALL Assets),69.36%/297/3.8 months (Across ALL Assets),No Information,No Information,No Information,No Information,No Information,No Information,No Information,No Information,"-8.01, 100.0%",No Information,No Information,No Information
SIGMASHELL,"MFT.NZ, Long, 2026-02-04 (Price: 63.11)",No Exit Yet,"-8.1%, 3.7 months","72.22%, Past 5 years, 18","Daily, was CONFIRMED on 2026-02-04",Already confirmed,"2026-05-26 (Price: 58.0), 8.1% below",3.7 months,64.7,No Information,No Information,No Information,No Information,22.45%/0.83%/8.98%,"11.61%, 28.63%",7.7 months/1.4 month/4.5 months,2027-01-04/2026-04-05/2026-08-18,9.2%,9.47%,-0.27%,0.24,0.51,64.4479/68.7773/105.252/85.45/105.252/119.9356/No EMA 200 Target,58.66/55.185/54.7158/45.8971/No F-Track Level/No F-Track Level/62.66,68.18%/44/3.8 months (Across ALL Assets),69.36%/297/3.8 months (Across ALL Assets),No Information,No Information,No Information,No Information,No Information,No Information,No Information,No Information,"-3.11, 92.86%",No Information,No Information,No Information
SIGMASHELL,"KXS.TO, Long, 2026-02-04 (Price: 120.08)",No Exit Yet,"19.62%, 3.7 months","80.0%, Past 5 years, 5","Daily, was CONFIRMED on 2026-02-04",Already confirmed,"2026-05-26 (Price: 143.64), 19.62% above",3.7 months,124.0,No Information,No Information,No Information,No Information,48.49%/0.34%/18.96%,"0.21%, 17.79%",3.3 months/2.7 months/2.9 months,2026-06-27/2026-06-01/2026-06-10,14.01%,15.09%,-1.08%,0.51,0.72,124.583/142.8472/245.9157/209.885/245.9157/289.1348/161.4,No Recent Minima/No Horizontal Support/118.5983/No stop loss/No F-Track Level/No F-Track Level/No EMA 200 Stop Loss,68.18%/44/3.8 months (Across ALL Assets),69.36%/297/3.8 months (Across ALL Assets),No Information,No Information,No Information,No Information,No Information,No Information,No Information,No Information,"-7.38, 100.0%",No Information,No Information,No Information
SIGMASHELL,"SUM.NZ, Long, 2026-02-03 (Price: 11.49)",No Exit Yet,"-31.68%, 3.7 months","80.0%, Past 5 years, 15","Daily, was CONFIRMED on 2026-02-03",Already confirmed,"2026-05-26 (Price: 7.85), 31.68% below",3.7 months,11.71,No Information,No Information,No Information,No Information,24.21%/0.1%/9.81%,"14.49%, 34.68%",5.5 months/1.3 month/2.5 months,2026-09-29/2026-03-31/2026-05-22,7.19%,8.56%,-1.37%,0.2,0.47,11.7209/12.6172/19.8479/12.64/19.8479/26.5969/No EMA 200 Target,11.33/9.1367/11.0645/No stop loss/No F-Track Level/No F-Track Level/10.71,68.18%/44/3.8 months (Across ALL Assets),69.36%/297/3.8 months (Across ALL Assets),No Information,No Information,No Information,No Information,No Information,No Information,No Information,No Information,"-3.09, 71.88%",No Information,No Information,No Information
SIGMASHELL,"TRI.TO, Long, 2026-02-03 (Price: 125.41)",No Exit Yet,"-7.83%, 3.7 months","85.71%, Past 5 years, 14","Daily, was CONFIRMED on 2026-02-03",Already confirmed,"2026-05-26 (Price: 115.59), 7.83% below",3.7 months,134.99,No Information,No Information,No Information,No Information,12.27%/0.96%/6.6%,"10.99%, 12.83%",2.3 months/1.2 month/1.8 month,2026-05-13/2026-03-27/2026-04-22,6.18%,4.49%,1.69%,0.16,0.21,No Target/133.6871/293.2329/240.8933/293.2329/455.2123/173.87,No Recent Minima/No Horizontal Support/93.0152/69.3828/No F-Track Level/No F-Track Level/No EMA 200 Stop Loss,68.18%/44/3.8 months (Across ALL Assets),69.36%/297/3.8 months (Across ALL Assets),No Information,No Information,No Information,No Information,No Information,No Information,No Information,No Information,"-13.7, 100.0%",No Information,No Information,No Information
SIGMASHELL,"TRI.TO, Long, 2025-09-02 (Price: 244.88)",No Exit Yet,"-52.8%, 8.9 months","85.71%, Past 5 years, 14","Daily, was CONFIRMED on 2025-09-02",Already confirmed,"2026-05-26 (Price: 115.59), 52.8% below",8.9 months,244.35,No Information,No Information,No Information,No Information,12.27%/0.96%/6.6%,"10.99%, 12.83%",2.3 months/1.2 month/1.8 month,2025-12-10/2025-10-24/2025-11-19,6.18%,4.49%,1.69%,0.16,0.21,No Target/261.0421/293.2329/No Horizontal Resistance/293.2329/455.2123/No EMA 200 Target,231.86/117.9612/193.124/131.2534/No F-Track Level/No F-Track Level/173.87,68.18%/44/3.8 months (Across ALL Assets),69.36%/297/3.8 months (Across ALL Assets),No Information,No Information,No Information,No Information,No Information,No Information,No Information,No Information,"-9.0, 100.0%",No Information,No Information,No Information
SIGMASHELL,"BDL.NS, Long, 2025-03-03 (Price: 979.75)",No Exit Yet,"35.74%, 1.2 year","71.43%, Past 5 years, 7","Daily, was CONFIRMED on 2025-03-03",Already confirmed,"2026-05-26 (Price: 1329.9), 35.74% above",1.2 year,975.4,No Information,No Information,No Information,No Information,42.09%/14.5%/28.3%,"4.95%, 30.16%",3.8 months/2.4 months/3.1 months,2025-08-15/2025-06-15/2025-07-15,19.75%,18.52%,1.23%,0.4,0.83,986.0204/1257.0192/1692.2122/No Horizontal Resistance/1692.2122/1892.178/1431.58,975.4/184.5375/949.832/818.7756/No F-Track Level/No F-Track Level/No EMA 200 Stop Loss,68.18%/44/3.8 months (Across ALL Assets),69.36%/297/3.8 months (Across ALL Assets),No Information,No Information,No Information,No Information,No Information,No Information,No Information,No Information,"-8.48, 100.0%",No Information,No Information,No Information
PULSEGAUGE,"XLU, Long, 2026-04-29 (Price: 45.68)",No Exit Yet,"-0.77%, 27 days","76.47%, Past 25 years, 17","Weekly, was CONFIRMED on 2026-04-29",No Cancellation Possible,"2026-05-26 (Price: 45.33), 0.77% below",27 days,46.37,No Information,No Information,No Information,No Information,13.81%/12.06%/12.52%,"18.88%, 26.27%",1.5 year/2.3 months/9.9 months,2028-06-19/2026-08-06/2027-07-03,4.76%,2.95%,1.81%,0.2,-0.37,46.4885/51.3991/49.4858/47.3425/49.4858/65.2454/No EMA 200 Target,42.51/29.8725/43.7042/35.4254/No F-Track Level/No F-Track Level/44.42,67.21%/61/6.6 months (Across ALL Assets),73.72%/331/5.3 months (Across ALL Assets),No Information,No Information,No Information,No Information,No Information,No Information,No Information,No Information,No Information,11.63%,No Information,No Information
PULSEGAUGE,"CEN.NZ, Long, 2026-04-28 (Price: 9.23)",No Exit Yet,"1.3%, 28 days","76.47%, Past 25 years, 17","Weekly, was CONFIRMED on 2026-04-28",No Cancellation Possible,"2026-05-26 (Price: 9.35), 1.3% above",28 days,9.34,No Information,No Information,No Information,No Information,16.32%/13.48%/14.28%,"23.14%, 26.11%",5 years/20 days/8.1 months,2033-06-17/2026-05-26/2027-04-14,4.51%,3.77%,0.74%,0.15,-0.3,9.4414/10.548/11.2606/9.8433/11.2606/15.4512/9.33,9.06/6.86/8.6706/No stop loss/No F-Track Level/No F-Track Level/No EMA 200 Stop Loss,67.21%/61/6.6 months (Across ALL Assets),73.72%/331/5.3 months (Across ALL Assets),No Information,No Information,No Information,No Information,No Information,No Information,No Information,No Information,No Information,11.63%,No Information,No Information
PULSEGAUGE,"MFT.NZ, Long, 2026-04-28 (Price: 58.5)",No Exit Yet,"-0.85%, 28 days","77.78%, Past 25 years, 18","Weekly, was CONFIRMED on 2026-04-28",No Cancellation Possible,"2026-05-26 (Price: 58.0), 0.85% below",28 days,60.37,No Information,No Information,No Information,No Information,20.72%/16.11%/17.18%,"25.75%, 28.38%",1.5 year/4 days/5.2 months,2028-06-18/2026-05-03/2026-12-09,6.06%,11.56%,-5.5%,0.26,-0.05,60.4305/68.5503/105.252/85.45/105.252/119.9356/62.66,57.2/55.185/54.7158/45.8971/No F-Track Level/No F-Track Level/No EMA 200 Stop Loss,67.21%/61/6.6 months (Across ALL Assets),73.72%/331/5.3 months (Across ALL Assets),No Information,No Information,No Information,No Information,No Information,No Information,No Information,No Information,No Information,11.63%,No Information,No Information
PULSEGAUGE,"MEL.NZ, Long, 2026-04-28 (Price: 5.53)",No Exit Yet,"6.69%, 28 days","83.33%, Past 12 years, 6","Weekly, was CONFIRMED on 2026-04-28",No Cancellation Possible,"2026-05-26 (Price: 5.9), 6.69% above",28 days,5.59,No Information,No Information,No Information,No Information,25.65%/17.17%/19.6%,"26.08%, 32.1%",11.9 months/1.3 month/6.6 months,2027-09-27/2026-06-23/2027-02-08,8.63%,7.64%,0.99%,0.57,-0.12,5.7672/6.6139/7.4565/6.825/7.4565/8.4564/5.68,5.35/4.3875/4.8318/4.5145/No F-Track Level/No F-Track Level/No EMA 200 Stop Loss,67.21%/61/6.6 months (Across ALL Assets),73.72%/331/5.3 months (Across ALL Assets),No Information,No Information,No Information,No Information,No Information,No Information,No Information,No Information,No Information,11.63%,No Information,No Information
PULSEGAUGE,"SPOT, Long, 2026-04-27 (Price: 495.82)",No Exit Yet,"6.84%, 29 days","100.0%, Past 8 years, 4","Weekly, was CONFIRMED on 2026-04-27",No Cancellation Possible,"2026-05-26 (Price: 529.71), 6.84% above",29 days,508.84,No Information,No Information,No Information,No Information,46.58%/30.39%/34.75%,"0%, 45.57%",2.2 years/19 days/9.2 months,2029-06-17/2026-05-24/2027-05-31,22.69%,9.35%,13.34%,7.01,0.03,533.0561/668.1174/842.022/No Horizontal Resistance/842.022/896.959/573.78,422.61/118.6/456.7863/433.8097/No F-Track Level/No F-Track Level/No EMA 200 Stop Loss,67.21%/61/6.6 months (Across ALL Assets),73.72%/331/5.3 months (Across ALL Assets),No Information,No Information,No Information,No Information,No Information,No Information,No Information,No Information,No Information,11.63%,No Information,No Information
PULSEGAUGE,"BEL.NS, Long, 2026-04-27 (Price: 435.6)",No Exit Yet,"-3.56%, 29 days","100.0%, Past 23 years, 4","Weekly, was CONFIRMED on 2026-04-27",No Cancellation Possible,"2026-05-26 (Price: 420.1), 3.56% below",29 days,445.0,No Information,No Information,No Information,No Information,12184.83%/422.85%/6303.84%,"-0.0%, 73.8%",15.3 years/3 years/9.1 years,2048-02-28/2030-08-08/2039-04-24,33.1%,16.83%,16.27%,0.52,0.12,No Target/27895.127/456.8119/No Horizontal Resistance/456.8119/613.9011/No EMA 200 Target,404.75/61.7416/382.9941/287.8162/No F-Track Level/No F-Track Level/415.39,67.21%/61/6.6 months (Across ALL Assets),73.72%/331/5.3 months (Across ALL Assets),No Information,No Information,No Information,No Information,No Information,No Information,No Information,No Information,No Information,11.63%,No Information,No Information
PULSEGAUGE,"BBTC.NS, Long, 2026-04-24 (Price: 1492.7)",No Exit Yet,"2.71%, 1.1 month","85.71%, Past 23 years, 14","Weekly, was CONFIRMED on 2026-04-24",No Cancellation Possible,"2026-05-26 (Price: 1533.2), 2.71% above",1.1 month,1540.0,No Information,No Information,No Information,No Information,43.46%/33.1%/37.61%,"50.52%, 56.37%",3.2 years/11 days/10.3 months,2030-11-17/2026-05-09/2027-07-15,11.76%,15.96%,-4.2%,0.6,0.12,1575.8434/2054.1045/3412.111/2145.0/3412.111/3761.7441/1759.19,1375.0/846.25/1057.7422/973.2526/No F-Track Level/No F-Track Level/No EMA 200 Stop Loss,67.21%/61/6.6 months (Across ALL Assets),73.72%/331/5.3 months (Across ALL Assets),No Information,No Information,No Information,No Information,No Information,No Information,No Information,No Information,No Information,11.63%,No Information,No Information
PULSEGAUGE,"BRK-B, Long, 2026-04-23 (Price: 470.55)",No Exit Yet,"2.78%, 1.1 month","73.68%, Past 25 years, 19","Weekly, was CONFIRMED on 2026-04-23",No Cancellation Possible,"2026-05-26 (Price: 483.62), 2.78% above",1.1 month,474.38,No Information,No Information,No Information,No Information,18.46%/13.14%/14.26%,"33.7%, 24.78%",1.3 year/1.5 month/6.6 months,2028-02-29/2026-06-27/2027-02-03,3.14%,6.76%,-3.62%,0.05,-0.22,476.1966/537.6504/630.85/512.2133/630.85/709.9376/490.36,468.49/268.082/449.7662/405.99/No F-Track Level/No F-Track Level/No EMA 200 Stop Loss,67.21%/61/6.6 months (Across ALL Assets),73.72%/331/5.3 months (Across ALL Assets),No Information,No Information,No Information,No Information,No Information,No Information,No Information,No Information,No Information,11.63%,No Information,No Information
PULSEGAUGE,"TSLA, Long, 2026-04-23 (Price: 373.72)",No Exit Yet,"16.02%, 1.1 month","100.0%, Past 15 years, 9","Weekly, was CONFIRMED on 2026-04-23",No Cancellation Possible,"2026-05-26 (Price: 433.59), 16.02% above",1.1 month,402.58,No Information,No Information,No Information,No Information,58.23%/37.0%/42.1%,"-0.0%, 48.54%",1.3 year/13 days/6.2 months,2028-02-29/2026-05-11/2027-01-17,23.35%,27.41%,-4.06%,2.34,0.25,397.6755/531.0561/494.4819/487.1467/494.4819/553.1211/410.58,348.95/196.47/348.637/262.8246/No F-Track Level/No F-Track Level/No EMA 200 Stop Loss,67.21%/61/6.6 months (Across ALL Assets),73.72%/331/5.3 months (Across ALL Assets),No Information,No Information,No Information,No Information,No Information,No Information,No Information,No Information,No Information,11.63%,No Information,No Information
PULSEGAUGE,"HDFCBANK.NS, Long, 2026-04-23 (Price: 784.35)",No Exit Yet,"-0.69%, 1.1 month","83.33%, Past 25 years, 18","Weekly, was CONFIRMED on 2026-04-23",No Cancellation Possible,"2026-05-26 (Price: 778.9), 0.69% below",1.1 month,797.1,No Information,No Information,No Information,No Information,44.95%/18.13%/21.62%,"28.44%, 32.67%",1.9 year/28 days/5.7 months,2029-01-07/2026-06-02/2026-12-26,11.02%,12.4%,-1.38%,0.59,-0.0,810.4689/953.9265/1098.0619/1009.6/1098.0619/1180.6259/921.39,750.9/640.9/765.1075/697.8792/No F-Track Level/No F-Track Level/No EMA 200 Stop Loss,67.21%/61/6.6 months (Across ALL Assets),73.72%/331/5.3 months (Across ALL Assets),No Information,No Information,No Information,No Information,No Information,No Information,No Information,No Information,No Information,11.63%,No Information,No Information
PULSEGAUGE,"FXI, Long, 2026-04-23 (Price: 36.49)",No Exit Yet,"-2.03%, 1.1 month","71.43%, Past 21 years, 14","Weekly, was CONFIRMED on 2026-04-23",No Cancellation Possible,"2026-05-26 (Price: 35.75), 2.03% below",1.1 month,37.58,No Information,No Information,No Information,No Information,22.51%/20.77%/21.62%,"31.93%, 34.24%",3.2 years/4 days/1 year,2030-11-16/2026-04-28/2027-09-26,2.12%,2.33%,-0.21%,0.03,-0.18,37.4789/44.3791/90.5742/42.105/90.5742/95.3274/38.56,34.85/20.865/No F-Stack Support/No F-Stack Support/No F-Track Level/No F-Track Level/No EMA 200 Stop Loss,67.21%/61/6.6 months (Across ALL Assets),73.72%/331/5.3 months (Across ALL Assets),No Information,No Information,No Information,No Information,No Information,No Information,No Information,No Information,No Information,11.63%,No Information,No Information
PULSEGAUGE,"GLD, Long, 2026-04-23 (Price: 431.04)",No Exit Yet,"-3.95%, 1.1 month","87.5%, Past 21 years, 16","Weekly, was CONFIRMED on 2026-04-23",No Cancellation Possible,"2026-05-26 (Price: 414.0), 3.95% below",1.1 month,443.13,No Information,No Information,No Information,No Information,13.15%/11.45%/12.26%,"21.9%, 24.36%",3.4 years/14 days/6.7 months,2031-02-28/2026-05-13/2027-02-08,7.89%,7.57%,0.32%,0.53,-0.24,443.8419/483.8855/520.3579/No Horizontal Resistance/520.3579/624.146/No EMA 200 Target,413.38/150.8/424.4974/381.6561/No F-Track Level/No F-Track Level/400.62,67.21%/61/6.6 months (Across ALL Assets),73.72%/331/5.3 months (Across ALL Assets),No Information,No Information,No Information,No Information,No Information,No Information,No Information,No Information,No Information,11.63%,No Information,No Information
PULSEGAUGE,"NFLX, Long, 2026-04-23 (Price: 92.82)",No Exit Yet,"-5.54%, 1.1 month","94.12%, Past 24 years, 17","Weekly, was CONFIRMED on 2026-04-23",No Cancellation Possible,"2026-05-26 (Price: 87.68), 5.54% below",1.1 month,97.145,No Information,No Information,No Information,No Information,47.63%/34.53%/37.77%,"57.74%, 57.13%",2.3 years/15 days/6.5 months,2029-08-02/2026-05-14/2027-01-30,21.2%,21.21%,-0.01%,1.16,0.19,100.9046/127.8781/139.352/No Horizontal Resistance/139.352/152.4292/101.73,76.87/34.8663/86.4764/77.567/No F-Track Level/No F-Track Level/No EMA 200 Stop Loss,67.21%/61/6.6 months (Across ALL Assets),73.72%/331/5.3 months (Across ALL Assets),No Information,No Information,No Information,No Information,No Information,No Information,No Information,No Information,No Information,11.63%,No Information,No Information
PULSEGAUGE,"TCS.NS, Long, 2026-04-23 (Price: 2521.8)",No Exit Yet,"-9.74%, 1.1 month","93.33%, Past 21 years, 15","Weekly, was CONFIRMED on 2026-04-23",No Cancellation Possible,"2026-05-26 (Price: 2276.2), 9.74% below",1.1 month,2587.1001,No Information,No Information,No Information,No Information,27.23%/23.88%/25.06%,"39.64%, 39.45%",1.6 year/1.9 month/6.9 months,2028-08-04/2026-07-14/2027-02-16,13.37%,10.07%,3.3%,0.84,-0.01,2683.1952/3153.7631/5901.7523/4543.575/5901.7523/6711.0756/2895.4,2389.8/No Horizontal Support/2286.8248/1821.1782/No F-Track Level/No F-Track Level/No EMA 200 Stop Loss,67.21%/61/6.6 months (Across ALL Assets),73.72%/331/5.3 months (Across ALL Assets),No Information,No Information,No Information,No Information,No Information,No Information,No Information,No Information,No Information,11.63%,No Information,No Information
PULSEGAUGE,"RELIANCE.NS, Long, 2026-04-23 (Price: 1343.4)",No Exit Yet,"0.96%, 1.1 month","100.0%, Past 25 years, 5","Weekly, was CONFIRMED on 2026-04-23",No Cancellation Possible,"2026-05-26 (Price: 1356.3), 0.96% above",1.1 month,1363.2,No Information,No Information,No Information,No Information,53.73%/49.11%/50.39%,"-0.0%, 61.78%",9.6 years/1.4 year/4.1 years,2040-01-05/2028-04-20/2032-02-27,8.29%,11.94%,-3.65%,1.33,0.07,1393.9118/2020.3393/1879.7264/1610.3/1879.7264/2065.5547/1429.86,1200.1/1024.7604/1288.3015/1032.6763/No F-Track Level/No F-Track Level/No EMA 200 Stop Loss,67.21%/61/6.6 months (Across ALL Assets),73.72%/331/5.3 months (Across ALL Assets),No Information,No Information,No Information,No Information,No Information,No Information,No Information,No Information,No Information,11.63%,No Information,No Information
PULSEGAUGE,"BABA, Long, 2026-04-23 (Price: 131.7)",No Exit Yet,"-1.69%, 1.1 month","87.5%, Past 11 years, 8","Weekly, was CONFIRMED on 2026-04-23",No Cancellation Possible,"2026-05-26 (Price: 129.47), 1.69% below",1.1 month,140.465,No Information,No Information,No Information,No Information,39.42%/27.56%/30.03%,"41.17%, 43.58%",2.1 years/1.5 month/8.5 months,2029-04-22/2026-06-27/2027-04-27,12.12%,2.08%,10.04%,0.59,-0.11,133.6887/171.2495/399.1612/181.595/399.1612/524.2534/149.54,122.05/67.495/No F-Stack Support/No F-Stack Support/No F-Track Level/No F-Track Level/No EMA 200 Stop Loss,67.21%/61/6.6 months (Across ALL Assets),73.72%/331/5.3 months (Across ALL Assets),No Information,No Information,No Information,No Information,No Information,No Information,No Information,No Information,No Information,11.63%,No Information,No Information
PULSEGAUGE,"BTI, Long, 2026-04-23 (Price: 57.28)",2026-05-13 (Price: 65.35),"14.09%, 20 days","78.57%, Past 25 years, 14","Weekly, was CONFIRMED on 2026-04-23",No Cancellation Possible,"2026-05-26 (Price: 64.94), 13.37% above",1.1 month,57.05,No Information,No Information,No Information,No Information,16.61%/15.25%/15.73%,"25.39%, 28.78%",1.8 year/2.3 months/7.3 months,2028-11-16/2026-07-31/2027-03-06,5.58%,5.81%,-0.23%,0.28,-0.2,58.3683/66.2901/82.226/59.135/82.226/92.0468/No EMA 200 Target,56.68/28.5067/52.4418/49.3734/No F-Track Level/No F-Track Level/No stop loss,67.21%/61/6.6 months (Across ALL Assets),73.72%/331/5.3 months (Across ALL Assets),No Information,No Information,No Information,No Information,No Information,No Information,No Information,No Information,No Information,11.63%,No Information,No Information
PULSEGAUGE,"GILD, Long, 2026-04-23 (Price: 133.64)",No Exit Yet,"0.07%, 1.1 month","84.62%, Past 25 years, 13","Weekly, was CONFIRMED on 2026-04-23",No Cancellation Possible,"2026-05-26 (Price: 133.73), 0.07% above",1.1 month,138.055,No Information,No Information,No Information,No Information,27.78%/20.58%/22.97%,"32.16%, 40.82%",3.3 years/2 days/10.7 months,2031-01-07/2026-04-25/2027-07-31,8.3%,11.19%,-2.89%,0.5,-0.01,141.1639/164.3371/154.7608/No Horizontal Resistance/154.7608/163.0355/No EMA 200 Target,112.1/57.18/121.083/104.5806/No F-Track Level/No F-Track Level/128.43,67.21%/61/6.6 months (Across ALL Assets),73.72%/331/5.3 months (Across ALL Assets),No Information,No Information,No Information,No Information,No Information,No Information,No Information,No Information,No Information,11.63%,No Information,No Information
PULSEGAUGE,"MCD, Long, 2026-04-23 (Price: 302.53)",No Exit Yet,"-7.69%, 1.1 month","81.82%, Past 25 years, 22","Weekly, was CONFIRMED on 2026-04-23",No Cancellation Possible,"2026-05-26 (Price: 279.26), 7.69% below",1.1 month,312.15,No Information,No Information,No Information,No Information,18.7%/13.73%/14.53%,"30.12%, 32.62%",3.9 years/13 days/7.4 months,2031-11-16/2026-05-11/2027-03-10,7.58%,6.73%,0.85%,0.37,-0.21,315.6901/346.4876/370.0426/321.444/370.0426/590.3302/307.83,297.01/230.37/254.2758/233.8976/No F-Track Level/No F-Track Level/No EMA 200 Stop Loss,67.21%/61/6.6 months (Across ALL Assets),73.72%/331/5.3 months (Across ALL Assets),No Information,No Information,No Information,No Information,No Information,No Information,No Information,No Information,No Information,11.63%,No Information,No Information
PULSEGAUGE,"PG, Long, 2026-04-23 (Price: 145.71)",No Exit Yet,"-1.89%, 1.1 month","84.21%, Past 25 years, 19","Weekly, was CONFIRMED on 2026-04-23",No Cancellation Possible,"2026-05-26 (Price: 142.96), 1.89% below",1.1 month,146.06,No Information,No Information,No Information,No Information,13.34%/11.61%/12.2%,"36.08%, 18.58%",2.3 years/1.9 month/9.5 months,2029-08-02/2026-07-14/2027-06-09,5.16%,4.22%,0.94%,0.22,-0.35,147.9248/163.4866/186.6499/179.4533/186.6499/209.3631/149.81,142.71/130.72/140.2317/117.5404/No F-Track Level/No F-Track Level/No EMA 200 Stop Loss,67.21%/61/6.6 months (Across ALL Assets),73.72%/331/5.3 months (Across ALL Assets),No Information,No Information,No Information,No Information,No Information,No Information,No Information,No Information,No Information,11.63%,No Information,No Information
PULSEGAUGE,"EBO.NZ, Long, 2026-04-23 (Price: 21.21)",No Exit Yet,"-7.17%, 1.1 month","75.0%, Past 25 years, 16","Weekly, was CONFIRMED on 2026-04-23",No Cancellation Possible,"2026-05-26 (Price: 19.69), 7.17% below",1.1 month,22.23,No Information,No Information,No Information,No Information,16.66%/14.22%/15.17%,"22.77%, 29.62%",1.6 year/1.4 month/8.1 months,2028-08-04/2026-06-22/2027-04-09,5.01%,6.6%,-1.59%,0.21,-0.21,21.6809/24.4276/51.6772/46.625/51.6772/55.325/27.08,No Recent Minima/No Horizontal Support/19.4238/18.0692/No F-Track Level/No F-Track Level/No EMA 200 Stop Loss,67.21%/61/6.6 months (Across ALL Assets),73.72%/331/5.3 months (Across ALL Assets),No Information,No Information,No Information,No Information,No Information,No Information,No Information,No Information,No Information,11.63%,No Information,No Information
PULSEGAUGE,"AIA.NZ, Long, 2026-04-23 (Price: 8.2)",No Exit Yet,"0.98%, 1.1 month","81.25%, Past 25 years, 16","Weekly, was CONFIRMED on 2026-04-23",No Cancellation Possible,"2026-05-26 (Price: 8.28), 0.98% above",1.1 month,8.3,No Information,No Information,No Information,No Information,18.54%/15.14%/16.11%,"24.06%, 27.39%",2.3 years/1 month/10.7 months,2029-08-02/2026-06-05/2027-07-31,6.04%,5.26%,0.78%,0.32,-0.22,8.3943/9.521/11.1706/8.953/11.1706/12.8535/No EMA 200 Target,7.97/7.0/7.3934/6.6643/No F-Track Level/No F-Track Level/8.14,67.21%/61/6.6 months (Across ALL Assets),73.72%/331/5.3 months (Across ALL Assets),No Information,No Information,No Information,No Information,No Information,No Information,No Information,No Information,No Information,11.63%,No Information,No Information
PULSEGAUGE,"FRW.NZ, Long, 2026-04-23 (Price: 12.56)",No Exit Yet,"4.7%, 1.1 month","72.73%, Past 22 years, 11","Weekly, was CONFIRMED on 2026-04-23",No Cancellation Possible,"2026-05-26 (Price: 13.15), 4.7% above",1.1 month,12.25,No Information,No Information,No Information,No Information,18.75%/15.02%/16.09%,"29.44%, 28.16%",3.9 years/2.4 months/10.5 months,2031-11-16/2026-08-05/2027-07-23,3.57%,6.38%,-2.81%,0.09,-0.19,12.8212/14.5809/16.2179/14.94/16.2179/21.849/13.39,12.25/7.405/11.0078/7.8689/No F-Track Level/No F-Track Level/No EMA 200 Stop Loss,67.21%/61/6.6 months (Across ALL Assets),73.72%/331/5.3 months (Across ALL Assets),No Information,No Information,No Information,No Information,No Information,No Information,No Information,No Information,No Information,11.63%,No Information,No Information
PULSEGAUGE,"SUM.NZ, Long, 2026-04-23 (Price: 8.31)",No Exit Yet,"-5.54%, 1.1 month","87.5%, Past 14 years, 8","Weekly, was CONFIRMED on 2026-04-23",No Cancellation Possible,"2026-05-26 (Price: 7.85), 5.54% below",1.1 month,8.3,No Information,No Information,No Information,No Information,20.09%/17.11%/18.15%,"23.37%, 25.44%",11 months/3 months/6.3 months,2027-08-13/2026-08-31/2027-01-21,9.34%,8.56%,0.78%,0.78,-0.12,8.4529/9.8183/19.8479/12.55/19.8479/26.5969/10.71,8.25/No Horizontal Support/No F-Stack Support/No F-Stack Support/No F-Track Level/No F-Track Level/No EMA 200 Stop Loss,67.21%/61/6.6 months (Across ALL Assets),73.72%/331/5.3 months (Across ALL Assets),No Information,No Information,No Information,No Information,No Information,No Information,No Information,No Information,No Information,11.63%,No Information,No Information
PULSEGAUGE,"KXS.TO, Long, 2026-04-23 (Price: 139.76)",No Exit Yet,"2.78%, 1.1 month","87.5%, Past 11 years, 8","Weekly, was CONFIRMED on 2026-04-23",No Cancellation Possible,"2026-05-26 (Price: 143.64), 2.78% above",1.1 month,147.0,No Information,No Information,No Information,No Information,28.73%/23.65%/25.58%,"35.09%, 34.61%",1 year/22 days/6.8 months,2027-09-26/2026-05-24/2027-02-12,11.17%,15.09%,-3.92%,0.6,0.07,148.7466/175.5106/256.6637/209.885/256.6637/289.1348/161.4,123.77/118.35/123.9058/118.5983/No F-Track Level/No F-Track Level/No EMA 200 Stop Loss,67.21%/61/6.6 months (Across ALL Assets),73.72%/331/5.3 months (Across ALL Assets),No Information,No Information,No Information,No Information,No Information,No Information,No Information,No Information,No Information,11.63%,No Information,No Information
PULSEGAUGE,"TRI.TO, Long, 2026-04-23 (Price: 123.51)",No Exit Yet,"-6.41%, 1.1 month","84.62%, Past 23 years, 13","Weekly, was CONFIRMED on 2026-04-23",No Cancellation Possible,"2026-05-26 (Price: 115.59), 6.41% below",1.1 month,127.69,No Information,No Information,No Information,No Information,16.13%/14.49%/15.19%,"22.4%, 27.34%",1.5 year/29 days/5.2 months,2028-06-13/2026-06-04/2026-12-04,8.93%,4.49%,4.44%,0.55,-0.25,127.2153/142.2712/293.2329/240.8933/293.2329/455.2123/173.87,113.99/No Horizontal Support/93.0152/69.3828/No F-Track Level/No F-Track Level/No EMA 200 Stop Loss,67.21%/61/6.6 months (Across ALL Assets),73.72%/331/5.3 months (Across ALL Assets),No Information,No Information,No Information,No Information,No Information,No Information,No Information,No Information,No Information,11.63%,No Information,No Information
PULSEGAUGE,"BYDDY, Long, 2026-04-23 (Price: 13.15)",No Exit Yet,"-10.11%, 1.1 month","81.82%, Past 16 years, 11","Weekly, was CONFIRMED on 2026-04-23",No Cancellation Possible,"2026-05-26 (Price: 11.82), 10.11% below",1.1 month,14.08,No Information,No Information,No Information,No Information,56.12%/33.38%/40.55%,"49.5%, 56.65%",1.4 year/1.1 month/6.6 months,2028-04-20/2026-06-09/2027-02-03,9.44%,6.53%,2.91%,0.42,-0.0,13.7904/18.4823/17.0759/13.9472/17.0759/19.2153/No EMA 200 Target,11.83/7.1633/12.4728/9.6555/No F-Track Level/No F-Track Level/13.02,67.21%/61/6.6 months (Across ALL Assets),73.72%/331/5.3 months (Across ALL Assets),No Information,No Information,No Information,No Information,No Information,No Information,No Information,No Information,No Information,11.63%,No Information,No Information
PULSEGAUGE,"NAUKRI.NS, Long, 2026-04-23 (Price: 1018.05)",No Exit Yet,"-3.67%, 1.1 month","88.24%, Past 19 years, 17","Weekly, was CONFIRMED on 2026-04-23",No Cancellation Possible,"2026-05-26 (Price: 980.7), 3.67% below",1.1 month,1054.55,No Information,No Information,No Information,No Information,33.93%/24.59%/27.6%,"46.3%, 45.06%",1.5 year/6 days/5.5 months,2028-06-13/2026-05-01/2026-12-17,15.95%,13.35%,2.6%,0.71,0.05,1067.5272/1299.0318/2223.4618/1483.595/2223.4618/2377.3661/1224.97,952.4/662.12/920.5126/832.4874/No F-Track Level/No F-Track Level/No EMA 200 Stop Loss,67.21%/61/6.6 months (Across ALL Assets),73.72%/331/5.3 months (Across ALL Assets),No Information,No Information,No Information,No Information,No Information,No Information,No Information,No Information,No Information,11.63%,No Information,No Information
PULSEGAUGE,"PERSISTENT.NS, Long, 2026-04-23 (Price: 5065.2002)",No Exit Yet,"0.8%, 1.1 month","90.0%, Past 16 years, 10","Weekly, was CONFIRMED on 2026-04-23",No Cancellation Possible,"2026-05-26 (Price: 5105.7998), 0.8% above",1.1 month,5451.0,No Information,No Information,No Information,No Information,33.14%/20.91%/24.22%,"31.55%, 31.1%",10.5 months/11 days/3.8 months,2027-07-23/2026-05-08/2026-10-05,12.35%,18.38%,-6.03%,0.77,0.13,5274.8995/6291.9917/9957.5854/6693.95/9957.5854/15965.083/5542.1,4638.8/1548.5125/3950.0879/2531.9096/No F-Track Level/No F-Track Level/No EMA 200 Stop Loss,67.21%/61/6.6 months (Across ALL Assets),73.72%/331/5.3 months (Across ALL Assets),No Information,No Information,No Information,No Information,No Information,No Information,No Information,No Information,No Information,11.63%,No Information,No Information
PULSEGAUGE,"PPL.TO, Long, 2026-04-23 (Price: 59.18)",2026-05-14 (Price: 66.72),"12.74%, 21 days","83.33%, Past 22 years, 12","Weekly, was CONFIRMED on 2026-04-23",No Cancellation Possible,"2026-05-26 (Price: 66.69), 12.69% above",1.1 month,58.26,No Information,No Information,No Information,No Information,19.97%/17.44%/18.29%,"37.24%, 34.14%",1.6 year/2.8 months/10.8 months,2028-08-04/2026-08-22/2027-08-05,5.75%,5.24%,0.51%,0.3,-0.17,59.5351/70.004/65.6559/59.5/65.6559/68.3455/No EMA 200 Target,58.17/37.49/56.5867/51.3443/No F-Track Level/No F-Track Level/56.56,67.21%/61/6.6 months (Across ALL Assets),73.72%/331/5.3 months (Across ALL Assets),No Information,No Information,No Information,No Information,No Information,No Information,No Information,No Information,No Information,11.63%,No Information,No Information
PULSEGAUGE,"CRM, Long, 2026-04-23 (Price: 173.3)",No Exit Yet,"3.34%, 1.1 month","83.33%, Past 21 years, 18","Weekly, was CONFIRMED on 2026-04-23",No Cancellation Possible,"2026-05-26 (Price: 179.08), 3.34% above",1.1 month,182.5,No Information,No Information,No Information,No Information,38.27%/26.36%/28.79%,"40.81%, 50.47%",1.4 year/1.1 month/4.8 months,2028-04-20/2026-06-09/2026-11-17,12.45%,12.8%,-0.35%,0.52,0.05,175.7609/223.1931/354.7868/368.045/354.7868/398.5273/222.07,164.96/156.1/166.208/131.2903/No F-Track Level/No F-Track Level/No EMA 200 Stop Loss,67.21%/61/6.6 months (Across ALL Assets),73.72%/331/5.3 months (Across ALL Assets),No Information,No Information,No Information,No Information,No Information,No Information,No Information,No Information,No Information,11.63%,No Information,No Information
PULSEGAUGE,"XIU.TO, Long, 2026-01-30 (Price: 46.9)",2026-05-20 (Price: 50.58),"7.85%, 3.7 months","75.0%, Past 25 years, 16","Weekly, was CONFIRMED on 2026-01-30",No Cancellation Possible,"2026-05-26 (Price: 50.89), 8.51% above",3.9 months,48.68,No Information,No Information,No Information,No Information,11.6%/10.64%/10.91%,"24.26%, 30.26%",2 years/1.2 month/6.9 months,2028-12-07/2026-03-23/2026-11-25,3.67%,4.15%,-0.48%,0.07,-0.39,47.4112/52.0168/53.8646/No Horizontal Resistance/53.8646/57.8672/No EMA 200 Target,35.35/27.9467/44.2067/37.996/No F-Track Level/No F-Track Level/46.81,67.21%/61/6.6 months (Across ALL Assets),73.72%/331/5.3 months (Across ALL Assets),No Information,No Information,No Information,No Information,No Information,No Information,No Information,No Information,No Information,13.6%,No Information,No Information
PULSEGAUGE,"TSLA, Long, 2026-01-02 (Price: 438.07)",No Exit Yet,"-1.02%, 4.8 months","100.0%, Past 15 years, 9","Weekly, was CONFIRMED on 2026-01-02",No Cancellation Possible,"2026-05-26 (Price: 433.59), 1.02% below",4.8 months,469.0,No Information,No Information,No Information,No Information,58.23%/37.0%/42.1%,"-0.0%, 48.54%",1.3 year/13 days/6.2 months,2027-11-10/2026-01-20/2026-09-28,23.35%,27.41%,-4.06%,2.34,0.25,466.1503/622.4975/541.282/481.305/541.282/564.9603/No EMA 200 Target,391.09/181.0784/353.8797/223.4247/No F-Track Level/No F-Track Level/410.58,67.21%/61/6.6 months (Across ALL Assets),73.72%/331/5.3 months (Across ALL Assets),No Information,No Information,No Information,No Information,No Information,No Information,No Information,No Information,No Information,15.04%,No Information,No Information
PULSEGAUGE,"BDGI.TO, Long, 2025-12-17 (Price: 72.56)",2026-05-25 (Price: 87.89),"21.13%, 5.3 months","78.57%, Past 25 years, 14","Weekly, was CONFIRMED on 2025-12-17",No Cancellation Possible,"2026-05-26 (Price: 87.15), 20.11% above",5.3 months,78.9,No Information,No Information,No Information,No Information,37.5%/26.11%/30.68%,"45.17%, 49.58%",7.9 months/20 days/4.1 months,2026-11-25/2026-01-14/2026-06-11,7.19%,13.14%,-5.95%,0.36,0.06,76.0356/94.8214/79.8787/No Horizontal Resistance/79.8787/88.3247/No EMA 200 Target,35.59/24.32/70.6207/63.2847/No F-Track Level/No F-Track Level/68.88,67.21%/61/6.6 months (Across ALL Assets),73.72%/331/5.3 months (Across ALL Assets),No Information,No Information,No Information,No Information,No Information,No Information,No Information,No Information,No Information,14.01%,No Information,No Information
PULSEGAUGE,"BEL.NS, Long, 2025-12-04 (Price: 407.15)",No Exit Yet,"3.18%, 5.8 months","100.0%, Past 23 years, 4","Weekly, was CONFIRMED on 2025-12-04",No Cancellation Possible,"2026-05-26 (Price: 420.1), 3.18% above",5.8 months,415.9,No Information,No Information,No Information,No Information,12184.83%/422.85%/6303.84%,"-0.0%, 73.8%",15.3 years/3 years/9.1 years,2047-10-07/2030-03-17/2038-12-01,33.1%,16.83%,16.27%,0.52,0.12,No Target/26073.2346/456.8119/No Horizontal Resistance/456.8119/613.9011/415.39,369.4/61.7416/382.9941/287.8162/No F-Track Level/No F-Track Level/No EMA 200 Stop Loss,67.21%/61/6.6 months (Across ALL Assets),73.72%/331/5.3 months (Across ALL Assets),No Information,No Information,No Information,No Information,No Information,No Information,No Information,No Information,No Information,13.49%,No Information,No Information
PULSEGAUGE,"NFLX, Long, 2025-10-15 (Price: 120.329)",No Exit Yet,"-27.13%, 7.4 months","94.12%, Past 24 years, 17","Weekly, was CONFIRMED on 2025-10-15",No Cancellation Possible,"2026-05-26 (Price: 87.68), 27.13% below",7.4 months,122.135,No Information,No Information,No Information,No Information,47.63%/34.53%/37.77%,"57.74%, 57.13%",2.3 years/15 days/6.5 months,2029-01-24/2025-11-05/2026-07-24,21.2%,21.21%,-0.01%,1.16,0.19,130.8097/165.7773/139.352/No Horizontal Resistance/139.352/152.4292/No EMA 200 Target,115.33/34.8663/116.3145/100.8852/No F-Track Level/No F-Track Level/101.73,67.21%/61/6.6 months (Across ALL Assets),73.72%/331/5.3 months (Across ALL Assets),No Information,No Information,No Information,No Information,No Information,No Information,No Information,No Information,No Information,10.23%,No Information,No Information
PULSEGAUGE,"NVDA, Long, 2025-10-14 (Price: 180.03)",No Exit Yet,"19.35%, 7.5 months","94.12%, Past 25 years, 17","Weekly, was CONFIRMED on 2025-10-14",No Cancellation Possible,"2026-05-26 (Price: 214.86), 19.35% above",7.5 months,187.97,No Information,No Information,No Information,No Information,58.9%/33.81%/39.63%,"62.74%, 65.56%",3.4 years/13 days/6.3 months,2030-08-21/2025-11-01/2026-07-14,20.77%,19.57%,1.2%,1.08,0.17,185.0528/251.3759/239.8943/No Horizontal Resistance/239.8943/283.6698/187.2,167.02/13.9695/176.5924/152.8996/No F-Track Level/No F-Track Level/No EMA 200 Stop Loss,67.21%/61/6.6 months (Across ALL Assets),73.72%/331/5.3 months (Across ALL Assets),No Information,No Information,No Information,No Information,No Information,No Information,No Information,No Information,No Information,10.23%,No Information,No Information
PULSEGAUGE,"BRK-B, Long, 2025-10-10 (Price: 489.13)",No Exit Yet,"-1.13%, 7.6 months","73.68%, Past 25 years, 19","Weekly, was CONFIRMED on 2025-10-10",No Cancellation Possible,"2026-05-26 (Price: 483.62), 1.13% below",7.6 months,499.5,No Information,No Information,No Information,No Information,18.46%/13.14%/14.26%,"33.7%, 24.78%",1.3 year/1.5 month/6.6 months,2027-08-18/2025-12-14/2026-07-23,3.14%,6.76%,-3.62%,0.05,-0.22,494.9996/558.8799/630.85/No Horizontal Resistance/630.85/709.9376/490.36,465.4/268.082/449.7662/405.99/No F-Track Level/No F-Track Level/No EMA 200 Stop Loss,67.21%/61/6.6 months (Across ALL Assets),73.72%/331/5.3 months (Across ALL Assets),No Information,No Information,No Information,No Information,No Information,No Information,No Information,No Information,No Information,10.23%,No Information,No Information
PULSEGAUGE,"FXI, Long, 2025-10-10 (Price: 38.33)",No Exit Yet,"-6.73%, 7.6 months","71.43%, Past 21 years, 14","Weekly, was CONFIRMED on 2025-10-10",No Cancellation Possible,"2026-05-26 (Price: 35.75), 6.73% below",7.6 months,41.2,No Information,No Information,No Information,No Information,22.51%/20.77%/21.62%,"31.93%, 34.24%",3.2 years/4 days/1 year,2030-05-05/2025-10-15/2027-03-15,2.12%,2.33%,-0.21%,0.03,-0.18,39.3687/46.6169/81.1156/43.68/81.1156/90.0109/38.56,32.4/20.865/35.7719/No stop loss/No F-Track Level/No F-Track Level/No EMA 200 Stop Loss,67.21%/61/6.6 months (Across ALL Assets),73.72%/331/5.3 months (Across ALL Assets),No Information,No Information,No Information,No Information,No Information,No Information,No Information,No Information,No Information,10.23%,No Information,No Information
PULSEGAUGE,"BABA, Long, 2025-10-10 (Price: 159.01)",No Exit Yet,"-18.58%, 7.6 months","87.5%, Past 11 years, 8","Weekly, was CONFIRMED on 2025-10-10",No Cancellation Possible,"2026-05-26 (Price: 129.47), 18.58% below",7.6 months,186.5,No Information,No Information,No Information,No Information,39.42%/27.56%/30.03%,"41.17%, 43.58%",2.1 years/1.5 month/8.5 months,2028-10-09/2025-12-14/2026-10-14,12.12%,2.08%,10.04%,0.59,-0.11,161.4111/206.7607/395.5515/No Horizontal Resistance/395.5515/453.696/No EMA 200 Target,106.72/67.495/138.4263/108.0763/No F-Track Level/No F-Track Level/149.54,67.21%/61/6.6 months (Across ALL Assets),73.72%/331/5.3 months (Across ALL Assets),No Information,No Information,No Information,No Information,No Information,No Information,No Information,No Information,No Information,10.23%,No Information,No Information
PULSEGAUGE,"MFT.NZ, Long, 2025-10-10 (Price: 60.68)",No Exit Yet,"-4.42%, 7.6 months","77.78%, Past 25 years, 18","Weekly, was CONFIRMED on 2025-10-10",No Cancellation Possible,"2026-05-26 (Price: 58.0), 4.42% below",7.6 months,63.2,No Information,No Information,No Information,No Information,20.72%/16.11%/17.18%,"25.75%, 28.38%",1.5 year/4 days/5.2 months,2027-12-01/2025-10-15/2026-05-23,6.06%,11.56%,-5.5%,0.26,-0.05,62.6824/71.1048/105.252/85.45/105.252/119.9356/62.66,59.35/55.185/54.7158/45.8971/No F-Track Level/No F-Track Level/No EMA 200 Stop Loss,67.21%/61/6.6 months (Across ALL Assets),73.72%/331/5.3 months (Across ALL Assets),No Information,No Information,No Information,No Information,No Information,No Information,No Information,No Information,No Information,10.23%,No Information,No Information
PULSEGAUGE,"CRM, Long, 2025-10-10 (Price: 241.68)",No Exit Yet,"-25.9%, 7.6 months","83.33%, Past 21 years, 18","Weekly, was CONFIRMED on 2025-10-10",No Cancellation Possible,"2026-05-26 (Price: 179.08), 25.9% below",7.6 months,239.33,No Information,No Information,No Information,No Information,38.27%/26.36%/28.79%,"40.81%, 50.47%",1.4 year/1.1 month/4.8 months,2027-10-08/2025-11-26/2026-05-06,12.45%,12.8%,-0.35%,0.52,0.05,245.1119/311.2597/354.7868/368.045/354.7868/400.2507/No EMA 200 Target,240.36/156.1/209.3181/186.7031/No F-Track Level/No F-Track Level/222.07,67.21%/61/6.6 months (Across ALL Assets),73.72%/331/5.3 months (Across ALL Assets),No Information,No Information,No Information,No Information,No Information,No Information,No Information,No Information,No Information,10.23%,No Information,No Information
PULSEGAUGE,"ETH-USD, Long, 2025-10-09 (Price: 4369.1436)",No Exit Yet,"-51.72%, 7.6 months","100.0%, Past 10 years, 7","Weekly, was CONFIRMED on 2025-10-09",No Cancellation Possible,"2026-05-25 (Price: 2109.5601), 51.72% below",7.6 months,4515.3008,No Information,No Information,No Information,No Information,84.42%/45.26%/56.07%,"-0.0%, 61.08%",1 year/14 days/4.3 months,2027-03-14/2025-10-29/2026-04-13,43.55%,17.86%,25.69%,1.86,0.14,5162.1432/6818.9224/4887.278/4922.7188/4887.278/5344.0381/No EMA 200 Target,4141.48/1370.4997/4185.6763/3929.1537/No F-Track Level/No F-Track Level/2587.7,67.21%/61/6.6 months (Across ALL Assets),73.72%/331/5.3 months (Across ALL Assets),No Information,No Information,No Information,No Information,No Information,No Information,No Information,No Information,No Information,10.23%,No Information,No Information
PULSEGAUGE,"JD, Long, 2025-10-09 (Price: 33.97)",No Exit Yet,"-11.72%, 7.6 months","75.0%, Past 12 years, 8","Weekly, was CONFIRMED on 2025-10-09",No Cancellation Possible,"2026-05-26 (Price: 29.99), 11.72% below",7.6 months,35.28,No Information,No Information,No Information,No Information,34.37%/30.31%/32.07%,"51.31%, 59.82%",1.1 year/3 months/7.7 months,2027-05-05/2026-02-16/2026-09-08,0.38%,2.07%,-1.69%,0.06,-0.07,35.0468/44.8642/103.1027/80.755/103.1027/108.0778/No EMA 200 Target,30.91/24.07/No F-Stack Support/No F-Stack Support/No F-Track Level/No F-Track Level/30.48,67.21%/61/6.6 months (Across ALL Assets),73.72%/331/5.3 months (Across ALL Assets),No Information,No Information,No Information,No Information,No Information,No Information,No Information,No Information,No Information,10.23%,No Information,No Information
PULSEGAUGE,"PG, Long, 2025-10-09 (Price: 150.58)",No Exit Yet,"-5.06%, 7.6 months","84.21%, Past 25 years, 19","Weekly, was CONFIRMED on 2025-10-09",No Cancellation Possible,"2026-05-26 (Price: 142.96), 5.06% below",7.6 months,151.5,No Information,No Information,No Information,No Information,13.34%/11.61%/12.2%,"36.08%, 18.58%",2.3 years/1.9 month/9.5 months,2029-01-18/2025-12-30/2026-11-25,5.16%,4.22%,0.94%,0.22,-0.35,152.8688/168.9508/186.6499/179.4533/186.6499/209.3631/No EMA 200 Target,143.96/121.86/140.2317/117.5404/No F-Track Level/No F-Track Level/149.81,67.21%/61/6.6 months (Across ALL Assets),73.72%/331/5.3 months (Across ALL Assets),No Information,No Information,No Information,No Information,No Information,No Information,No Information,No Information,No Information,10.23%,No Information,No Information
PULSEGAUGE,"CEN.NZ, Long, 2025-10-09 (Price: 9.04)",No Exit Yet,"3.43%, 7.6 months","76.47%, Past 25 years, 17","Weekly, was CONFIRMED on 2025-10-09",No Cancellation Possible,"2026-05-26 (Price: 9.35), 3.43% above",7.6 months,9.1,No Information,No Information,No Information,No Information,16.32%/13.48%/14.28%,"23.14%, 26.11%",5 years/20 days/8.1 months,2032-11-28/2025-11-06/2026-09-25,4.51%,3.77%,0.74%,0.15,-0.3,9.247/10.3309/11.2606/9.465/11.2606/15.4512/9.33,8.93/6.86/8.6706/No stop loss/No F-Track Level/No F-Track Level/No EMA 200 Stop Loss,67.21%/61/6.6 months (Across ALL Assets),73.72%/331/5.3 months (Across ALL Assets),No Information,No Information,No Information,No Information,No Information,No Information,No Information,No Information,No Information,10.23%,No Information,No Information
PULSEGAUGE,"CNU.NZ, Long, 2025-10-09 (Price: 9.26)",No Exit Yet,"6.48%, 7.6 months","71.43%, Past 14 years, 7","Weekly, was CONFIRMED on 2025-10-09",No Cancellation Possible,"2026-05-26 (Price: 9.86), 6.48% above",7.6 months,9.54,No Information,No Information,No Information,No Information,18.54%/16.6%/17.76%,"24.77%, 33.51%",2.2 years/29 days/8.7 months,2028-11-29/2025-11-20/2026-10-22,3.13%,5.66%,-2.53%,0.04,-0.19,9.6193/10.9046/10.0225/No Horizontal Resistance/10.0225/12.705/9.48,7.85/6.0983/7.51/6.7409/No F-Track Level/No F-Track Level/No EMA 200 Stop Loss,67.21%/61/6.6 months (Across ALL Assets),73.72%/331/5.3 months (Across ALL Assets),No Information,No Information,No Information,No Information,No Information,No Information,No Information,No Information,No Information,10.23%,No Information,No Information
PULSEGAUGE,"BYDDY, Long, 2025-10-09 (Price: 13.86)",No Exit Yet,"-14.72%, 7.6 months","81.82%, Past 16 years, 11","Weekly, was CONFIRMED on 2025-10-09",No Cancellation Possible,"2026-05-26 (Price: 11.82), 14.72% below",7.6 months,13.87,No Information,No Information,No Information,No Information,56.12%/33.38%/40.55%,"49.5%, 56.65%",1.4 year/1.1 month/6.6 months,2027-10-07/2025-11-25/2026-07-22,9.44%,6.53%,2.91%,0.42,-0.0,14.535/19.4802/17.0759/13.9472/17.0759/19.2153/No EMA 200 Target,13.34/7.1075/12.4728/9.6555/No F-Track Level/No F-Track Level/13.02,67.21%/61/6.6 months (Across ALL Assets),73.72%/331/5.3 months (Across ALL Assets),No Information,No Information,No Information,No Information,No Information,No Information,No Information,No Information,No Information,10.23%,No Information,No Information
PULSEGAUGE,"BDL.NS, Long, 2025-10-09 (Price: 1520.3)",No Exit Yet,"-12.52%, 7.6 months","83.33%, Past 8 years, 6","Weekly, was CONFIRMED on 2025-10-09",No Cancellation Possible,"2026-05-26 (Price: 1329.9), 12.52% below",7.6 months,1568.4,No Information,No Information,No Information,No Information,44.75%/28.89%/33.37%,"47.07%, 49.38%",7.1 months/2.4 months/4.7 months,2026-08-13/2026-01-21/2026-05-01,9.28%,18.52%,-9.24%,0.35,0.14,1634.0184/2027.6241/2355.3598/No Horizontal Resistance/2355.3598/2625.1645/No EMA 200 Target,1435.7/184.5375/1479.6462/1355.4768/No F-Track Level/No F-Track Level/1431.58,67.21%/61/6.6 months (Across ALL Assets),73.72%/331/5.3 months (Across ALL Assets),No Information,No Information,No Information,No Information,No Information,No Information,No Information,No Information,No Information,10.23%,No Information,No Information
PULSEGAUGE,"BBTC.NS, Long, 2025-10-09 (Price: 1848.0)",No Exit Yet,"-17.03%, 7.6 months","85.71%, Past 23 years, 14","Weekly, was CONFIRMED on 2025-10-09",No Cancellation Possible,"2026-05-26 (Price: 1533.2), 17.03% below",7.6 months,1842.0,No Information,No Information,No Information,No Information,43.46%/33.1%/37.61%,"50.52%, 56.37%",3.2 years/11 days/10.3 months,2030-05-04/2025-10-24/2026-12-30,11.76%,15.96%,-4.2%,0.6,0.12,1950.9336/2543.0328/3412.111/No Horizontal Resistance/3412.111/3657.8738/No EMA 200 Target,1753.7/846.25/1538.0338/1057.7422/No F-Track Level/No F-Track Level/1759.19,67.21%/61/6.6 months (Across ALL Assets),73.72%/331/5.3 months (Across ALL Assets),No Information,No Information,No Information,No Information,No Information,No Information,No Information,No Information,No Information,10.23%,No Information,No Information
PULSEGAUGE,"BBTC.NS, Long, 2025-07-09 (Price: 1946.9)",No Exit Yet,"-21.25%, 10.7 months","85.71%, Past 23 years, 14","Weekly, was CONFIRMED on 2025-07-09",No Cancellation Possible,"2026-05-26 (Price: 1533.2), 21.25% below",10.7 months,1990.0,No Information,No Information,No Information,No Information,43.46%/33.1%/37.61%,"50.52%, 56.37%",3.2 years/11 days/10.3 months,2030-02-01/2025-07-24/2026-09-29,11.76%,15.96%,-4.2%,0.6,0.12,2055.3423/2679.1291/3412.111/No Horizontal Resistance/3412.111/3657.8738/No EMA 200 Target,1720.4/846.25/1538.0338/1057.7422/No F-Track Level/No F-Track Level/1759.19,67.21%/61/6.6 months (Across ALL Assets),73.72%/331/5.3 months (Across ALL Assets),No Information,No Information,No Information,No Information,No Information,No Information,No Information,No Information,No Information,11.9%,No Information,No Information
PULSEGAUGE,"BYD.TO, Long, 2025-07-08 (Price: 209.81)",2026-05-13 (Price: 134.54),"-35.88%, 10.3 months","76.92%, Past 22 years, 13","Weekly, was CONFIRMED on 2025-07-08",No Cancellation Possible,"2026-05-26 (Price: 146.68), 30.09% below",10.7 months,213.29,No Information,No Information,No Information,No Information,27.88%/24.44%/25.85%,"42.94%, 40.93%",1.1 year/1.6 month/6.2 months,2027-02-01/2025-09-15/2026-04-03,4.53%,9.33%,-4.8%,0.2,-0.01,214.8035/264.0459/367.2583/256.6133/367.2583/388.6839/210.63,199.76/188.7067/147.1212/139.9966/No F-Track Level/No F-Track Level/No EMA 200 Stop Loss,67.21%/61/6.6 months (Across ALL Assets),73.72%/331/5.3 months (Across ALL Assets),No Information,No Information,No Information,No Information,No Information,No Information,No Information,No Information,No Information,11.9%,No Information,No Information
PULSEGAUGE,"CNR.TO, Long, 2025-07-07 (Price: 140.7)",2026-05-20 (Price: 157.75),"12.12%, 10.6 months","82.35%, Past 25 years, 17","Weekly, was CONFIRMED on 2025-07-07",No Cancellation Possible,"2026-05-26 (Price: 160.67), 14.19% above",10.8 months,144.04,No Information,No Information,No Information,No Information,15.64%/14.5%/14.99%,"22.84%, 26.76%",1.2 year/1.5 month/6.5 months,2027-03-24/2025-09-10/2026-04-15,6.9%,7.83%,-0.93%,0.4,-0.16,142.4165/161.7909/218.156/168.08/218.156/349.4971/No EMA 200 Target,134.62/128.828/136.9828/86.815/No F-Track Level/No F-Track Level/139.15,67.21%/61/6.6 months (Across ALL Assets),73.72%/331/5.3 months (Across ALL Assets),No Information,No Information,No Information,No Information,No Information,No Information,No Information,No Information,No Information,11.9%,No Information,No Information
PULSEGAUGE,"PERSISTENT.NS, Long, 2025-07-04 (Price: 5896.0)",No Exit Yet,"-13.4%, 10.9 months","90.0%, Past 16 years, 10","Weekly, was CONFIRMED on 2025-07-04",No Cancellation Possible,"2026-05-26 (Price: 5105.7998), 13.4% below",10.9 months,6025.0,No Information,No Information,No Information,No Information,33.14%/20.91%/24.22%,"31.55%, 31.1%",10.5 months/11 days/3.8 months,2026-10-03/2025-07-19/2025-12-16,12.35%,18.38%,-6.03%,0.77,0.13,6140.0944/7324.0112/9957.5854/No Horizontal Resistance/9957.5854/15965.083/No EMA 200 Target,4544.6/1548.5125/3950.0879/2531.9096/No F-Track Level/No F-Track Level/5542.1,67.21%/61/6.6 months (Across ALL Assets),73.72%/331/5.3 months (Across ALL Assets),No Information,No Information,No Information,No Information,No Information,No Information,No Information,No Information,No Information,11.9%,No Information,No Information
PULSEGAUGE,"BRK-B, Long, 2025-07-03 (Price: 485.0)",No Exit Yet,"-0.28%, 10.9 months","73.68%, Past 25 years, 19","Weekly, was CONFIRMED on 2025-07-03",No Cancellation Possible,"2026-05-26 (Price: 483.62), 0.28% below",10.9 months,485.9,No Information,No Information,No Information,No Information,18.46%/13.14%/14.26%,"33.7%, 24.78%",1.3 year/1.5 month/6.6 months,2027-05-11/2025-09-06/2026-04-15,3.14%,6.76%,-3.62%,0.05,-0.22,490.82/554.161/630.85/488.245/630.85/709.9376/490.36,484.85/268.082/449.7662/405.99/No F-Track Level/No F-Track Level/No EMA 200 Stop Loss,67.21%/61/6.6 months (Across ALL Assets),73.72%/331/5.3 months (Across ALL Assets),No Information,No Information,No Information,No Information,No Information,No Information,No Information,No Information,No Information,11.9%,No Information,No Information
PULSEGAUGE,"FXI, Long, 2025-07-03 (Price: 36.27)",No Exit Yet,"-1.43%, 10.9 months","71.43%, Past 21 years, 14","Weekly, was CONFIRMED on 2025-07-03",No Cancellation Possible,"2026-05-26 (Price: 35.75), 1.43% below",10.9 months,36.51,No Information,No Information,No Information,No Information,22.51%/20.77%/21.62%,"31.93%, 34.24%",3.2 years/4 days/1 year,2030-01-26/2025-07-08/2026-12-06,2.12%,2.33%,-0.21%,0.03,-0.18,37.2529/44.1116/90.5742/44.9167/90.5742/95.3274/38.56,32.4/20.865/No F-Stack Support/No F-Stack Support/No F-Track Level/No F-Track Level/No EMA 200 Stop Loss,67.21%/61/6.6 months (Across ALL Assets),73.72%/331/5.3 months (Across ALL Assets),No Information,No Information,No Information,No Information,No Information,No Information,No Information,No Information,No Information,11.9%,No Information,No Information
PULSEGAUGE,"JD, Long, 2025-07-03 (Price: 32.07)",No Exit Yet,"-6.49%, 10.9 months","75.0%, Past 12 years, 8","Weekly, was CONFIRMED on 2025-07-03",No Cancellation Possible,"2026-05-26 (Price: 29.99), 6.49% below",10.9 months,32.56,No Information,No Information,No Information,No Information,34.37%/30.31%/32.07%,"51.31%, 59.82%",1.1 year/3 months/7.7 months,2027-01-27/2025-11-10/2026-06-02,0.38%,2.07%,-1.69%,0.06,-0.07,33.0866/42.3548/103.1027/92.73/103.1027/108.0778/No EMA 200 Target,31.44/24.07/No F-Stack Support/No F-Stack Support/No F-Track Level/No F-Track Level/30.48,67.21%/61/6.6 months (Across ALL Assets),73.72%/331/5.3 months (Across ALL Assets),No Information,No Information,No Information,No Information,No Information,No Information,No Information,No Information,No Information,11.9%,No Information,No Information
PULSEGAUGE,"PG, Long, 2025-07-03 (Price: 160.83)",No Exit Yet,"-11.11%, 10.9 months","84.21%, Past 25 years, 19","Weekly, was CONFIRMED on 2025-07-03",No Cancellation Possible,"2026-05-26 (Price: 142.96), 11.11% below",10.9 months,159.26,No Information,No Information,No Information,No Information,13.34%/11.61%/12.2%,"36.08%, 18.58%",2.3 years/1.9 month/9.5 months,2028-10-12/2025-09-23/2026-08-19,5.16%,4.22%,0.94%,0.22,-0.35,163.2746/180.4513/186.6499/179.4533/186.6499/209.3631/No EMA 200 Target,157.66/121.86/140.2317/117.5404/No F-Track Level/No F-Track Level/149.81,67.21%/61/6.6 months (Across ALL Assets),73.72%/331/5.3 months (Across ALL Assets),No Information,No Information,No Information,No Information,No Information,No Information,No Information,No Information,No Information,11.9%,No Information,No Information
PULSEGAUGE,"CEN.NZ, Long, 2025-07-03 (Price: 9.0)",No Exit Yet,"3.89%, 10.9 months","76.47%, Past 25 years, 17","Weekly, was CONFIRMED on 2025-07-03",No Cancellation Possible,"2026-05-26 (Price: 9.35), 3.89% above",10.9 months,9.05,No Information,No Information,No Information,No Information,16.32%/13.48%/14.28%,"23.14%, 26.11%",5 years/20 days/8.1 months,2032-08-22/2025-07-31/2026-06-19,4.51%,3.77%,0.74%,0.15,-0.3,9.2061/10.2852/11.2606/9.465/11.2606/15.4512/9.33,8.97/6.86/8.6706/No stop loss/No F-Track Level/No F-Track Level/No EMA 200 Stop Loss,67.21%/61/6.6 months (Across ALL Assets),73.72%/331/5.3 months (Across ALL Assets),No Information,No Information,No Information,No Information,No Information,No Information,No Information,No Information,No Information,11.9%,No Information,No Information
PULSEGAUGE,"MFT.NZ, Long, 2025-07-03 (Price: 66.21)",No Exit Yet,"-12.4%, 10.9 months","77.78%, Past 25 years, 18","Weekly, was CONFIRMED on 2025-07-03",No Cancellation Possible,"2026-05-26 (Price: 58.0), 12.4% below",10.9 months,67.15,No Information,No Information,No Information,No Information,20.72%/16.11%/17.18%,"25.75%, 28.38%",1.5 year/4 days/5.2 months,2027-08-24/2025-07-08/2026-02-13,6.06%,11.56%,-5.5%,0.26,-0.05,68.3949/77.5849/105.252/85.45/105.252/119.9356/No EMA 200 Target,57.71/55.185/54.7158/45.8971/No F-Track Level/No F-Track Level/62.66,67.21%/61/6.6 months (Across ALL Assets),73.72%/331/5.3 months (Across ALL Assets),No Information,No Information,No Information,No Information,No Information,No Information,No Information,No Information,No Information,11.9%,No Information,No Information
PULSEGAUGE,"BYDDY, Long, 2025-07-03 (Price: 15.6183)",No Exit Yet,"-24.32%, 10.9 months","81.82%, Past 16 years, 11","Weekly, was CONFIRMED on 2025-07-03",No Cancellation Possible,"2026-05-26 (Price: 11.82), 24.32% below",10.9 months,15.75,No Information,No Information,No Information,No Information,56.12%/33.38%/40.55%,"49.5%, 56.65%",1.4 year/1.1 month/6.6 months,2027-07-01/2025-08-19/2026-04-15,9.44%,6.53%,2.91%,0.42,-0.0,16.3789/21.9515/17.0759/No Horizontal Resistance/17.0759/19.2153/No EMA 200 Target,14.69/7.1075/15.2748/12.4728/No F-Track Level/No F-Track Level/13.02,67.21%/61/6.6 months (Across ALL Assets),73.72%/331/5.3 months (Across ALL Assets),No Information,No Information,No Information,No Information,No Information,No Information,No Information,No Information,No Information,11.9%,No Information,No Information
PULSEGAUGE,"SUNPHARMA.NS, Long, 2025-07-03 (Price: 1679.7)",2026-05-18 (Price: 1905.8),"13.46%, 10.6 months","87.5%, Past 25 years, 16","Weekly, was CONFIRMED on 2025-07-03",No Cancellation Possible,"2026-05-26 (Price: 1840.8), 9.59% above",10.9 months,1696.0,No Information,No Information,No Information,No Information,26.55%/19.29%/21.27%,"32.17%, 36.89%",2.2 years/26 days/6.5 months,2028-08-23/2025-08-09/2026-04-11,10.21%,14.53%,-4.32%,0.64,0.05,1736.4739/2036.9722/2110.5488/1935.175/2110.5488/2290.2201/1713.06,1665.1/563.425/1465.6767/931.6525/No F-Track Level/No F-Track Level/No EMA 200 Stop Loss,67.21%/61/6.6 months (Across ALL Assets),73.72%/331/5.3 months (Across ALL Assets),No Information,No Information,No Information,No Information,No Information,No Information,No Information,No Information,No Information,11.9%,No Information,No Information
PULSEGAUGE,"GNE.NZ, Long, 2023-11-09 (Price: 2.4)",No Exit Yet,"2.92%, 2.6 years","71.43%, Past 12 years, 7","Weekly, was CONFIRMED on 2023-11-09",No Cancellation Possible,"2026-05-26 (Price: 2.47), 2.92% above",2.6 years,2.4,No Information,No Information,No Information,No Information,15.56%/14.78%/15.08%,"22.29%, 28.32%",5 months/2 months/3.6 months,2024-06-13/2024-02-03/2024-04-13,2.2%,2.22%,-0.02%,-0.06,-0.32,2.4559/2.7619/4.0602/3.5833/4.0602/4.3831/No EMA 200 Target,2.32/No Horizontal Support/2.377/No stop loss/No F-Track Level/No F-Track Level/2.38,67.21%/61/6.6 months (Across ALL Assets),73.72%/331/5.3 months (Across ALL Assets),No Information,No Information,No Information,No Information,No Information,No Information,No Information,No Information,No Information,15.38%,No Information,No Information
PULSEGAUGE,"AIA.NZ, Long, 2023-06-08 (Price: 8.58)",No Exit Yet,"-3.5%, 3 years","81.25%, Past 25 years, 16","Weekly, was CONFIRMED on 2023-06-08",No Cancellation Possible,"2026-05-26 (Price: 8.28), 3.5% below",3 years,8.74,No Information,No Information,No Information,No Information,18.54%/15.14%/16.11%,"24.06%, 27.39%",2.3 years/1 month/10.7 months,2026-09-17/2023-07-21/2024-09-14,6.04%,5.26%,0.78%,0.32,-0.22,8.7833/9.9622/11.1706/9.875/11.1706/12.8535/No EMA 200 Target,8.55/6.68/7.3934/6.6643/No F-Track Level/No F-Track Level/8.14,67.21%/61/6.6 months (Across ALL Assets),73.72%/331/5.3 months (Across ALL Assets),No Information,No Information,No Information,No Information,No Information,No Information,No Information,No Information,No Information,20.25%,No Information,No Information
BASELINEDIVERGENCE,"NVDA, Long, 2026-05-24 (Price: 215.33)",No Exit Yet,"-0.22%, 2 days","87.5%, Past 10 years, 88","Weekly, was CONFIRMED on 2026-05-24",Already confirmed,"2026-05-26 (Price: 214.86), 0.22% below",2 days,229.82,No Information,No Information,No Information,No Information,200.25%/0.56%/40.01%,"45.09%, 51.99%",8.2 months/2.1 months/3.8 months,2027-05-13/2026-08-23/2026-11-05,48.75%,44.48%,4.27%,0.76,1.81,284.1495/301.4835/239.8943/No Horizontal Resistance/239.8943/283.6698/No EMA 200 Target,167.52/13.9695/176.5924/152.8996/No F-Track Level/No F-Track Level/187.2,54.55%/33/2.9 months (Across ALL Assets),70.5%/522/3.5 months (Across ALL Assets),No Information,No Information,No Information,No Information,No Information,No Information,No Information,No Information,No Information,No Information,"^NDX, Normal Case",2026-05-17 (Price: 213.89)
BASELINEDIVERGENCE,"^NDX, Long, 2026-05-24 (Price: 29481.6426)",No Exit Yet,"1.76%, 2 days","85.71%, Past 10 years, 70","Weekly, was CONFIRMED on 2026-05-24",Already confirmed,"2026-05-26 (Price: 30001.3184), 1.76% above",2 days,29246.1973,No Information,No Information,No Information,No Information,44.87%/0.79%/10.12%,"13.31%, 27.32%",7.2 months/2.1 months/3.9 months,2027-04-01/2026-08-23/2026-11-09,22.21%,13.97%,8.24%,0.8,0.91,33131.47/32465.1848/33965.62/No Horizontal Resistance/33965.62/36701.6323/No EMA 200 Target,23132.77/10555.915/25025.4383/22796.2371/No F-Track Level/No F-Track Level/25291.39,54.55%/33/2.9 months (Across ALL Assets),70.5%/522/3.5 months (Across ALL Assets),No Information,No Information,No Information,No Information,No Information,No Information,No Information,No Information,No Information,No Information,"^GSPC, Tangent Case",2021-04-04 (Price: 12798.0303)
BASELINEDIVERGENCE,"TRI.TO, Long, 2026-05-24 (Price: 118.6)",No Exit Yet,"-2.54%, 2 days","82.14%, Past 10 years, 112","Weekly, was CONFIRMED on 2026-05-24",Already confirmed,"2026-05-26 (Price: 115.59), 2.54% below",2 days,120.09,No Information,No Information,No Information,No Information,25.18%/0.9%/8.63%,"16.42%, 26.29%",8.2 months/2.1 months/3.6 months,2027-05-13/2026-08-23/2026-10-27,22.88%,5.43%,17.45%,0.6,0.27,133.0455/128.8352/293.2329/240.8933/293.2329/455.2123/173.87,114.06/No Horizontal Support/93.0152/69.3828/No F-Track Level/No F-Track Level/No EMA 200 Stop Loss,54.55%/33/2.9 months (Across ALL Assets),70.5%/522/3.5 months (Across ALL Assets),No Information,No Information,No Information,No Information,No Information,No Information,No Information,No Information,No Information,No Information,"^GSPC, Normal Case",2026-05-17 (Price: 107.91)
BASELINEDIVERGENCE,"HDFCBANK.NS, Long, 2026-04-12 (Price: 810.3)",No Exit Yet,"-3.88%, 1.5 month","88.12%, Past 10 years, 101","Weekly, was CONFIRMED on 2026-04-12",Already confirmed,"2026-05-26 (Price: 778.9), 3.88% below",1.5 month,759.0,No Information,No Information,No Information,No Information,32.47%/0.05%/7.01%,"17.33%, 37.24%",7 months/2.1 months/3.3 months,2027-02-10/2026-07-12/2026-09-02,21.24%,7.28%,13.96%,0.56,0.4,906.5636/867.102/1098.0619/1009.6/1098.0619/1180.6259/921.39,750.9/640.9/765.1075/697.8792/No F-Track Level/No F-Track Level/No EMA 200 Stop Loss,54.55%/33/2.9 months (Across ALL Assets),70.5%/522/3.5 months (Across ALL Assets),No Information,No Information,No Information,No Information,No Information,No Information,No Information,No Information,No Information,No Information,"^NSEI, Normal Case",2021-03-14 (Price: 756.25)
BASELINEDIVERGENCE,"TRI.TO, Long, 2026-04-05 (Price: 125.58)",No Exit Yet,"-7.96%, 1.7 month","82.14%, Past 10 years, 112","Weekly, was CONFIRMED on 2026-04-05",Already confirmed,"2026-05-26 (Price: 115.59), 7.96% below",1.7 month,124.83,No Information,No Information,No Information,No Information,25.18%/0.9%/8.63%,"16.42%, 26.29%",8.2 months/2.1 months/3.6 months,2027-03-25/2026-07-05/2026-09-08,22.88%,5.43%,17.45%,0.6,0.27,140.8756/136.4176/293.2329/240.8933/293.2329/372.3374/173.87,113.99/No Horizontal Support/93.0152/69.3828/No F-Track Level/No F-Track Level/No EMA 200 Stop Loss,54.55%/33/2.9 months (Across ALL Assets),70.5%/522/3.5 months (Across ALL Assets),No Information,No Information,No Information,No Information,No Information,No Information,No Information,No Information,No Information,No Information,"^GSPC, Normal Case",2026-03-29 (Price: 117.77)
BASELINEDIVERGENCE,"TRI.TO, Long, 2026-04-05 (Price: 125.58)",No Exit Yet,"-5.1%, 1.7 month","82.14%, Past 10 years, 112","Weekly, was CONFIRMED on 2026-04-05",Already confirmed,"2026-05-25 (Price: 119.18), 5.1% below",1.7 month,124.83,No Information,No Information,No Information,No Information,25.18%/0.9%/8.63%,"16.42%, 26.29%",8.2 months/2.1 months/3.6 months,2027-03-25/2026-07-05/2026-09-08,22.88%,5.43%,17.45%,0.6,0.27,140.8756/136.4176/293.2329/240.8933/293.2329/372.3374/174.54,113.99/No Horizontal Support/93.0152/69.3828/No F-Track Level/No F-Track Level/No EMA 200 Stop Loss,54.55%/33/2.9 months (Across ALL Assets),70.5%/522/3.5 months (Across ALL Assets),No Information,No Information,No Information,No Information,No Information,No Information,No Information,No Information,No Information,No Information,"^GSPC, Normal Case",2026-03-29 (Price: 117.77)
BASELINEDIVERGENCE,"BEL.NS, Long, 2026-04-05 (Price: 421.6)",No Exit Yet,"-0.36%, 1.7 month","80.87%, Past 10 years, 115","Weekly, was CONFIRMED on 2026-04-05",Already confirmed,"2026-05-26 (Price: 420.1), 0.36% below",1.7 month,400.0,No Information,No Information,No Information,No Information,62.01%/0.22%/18.48%,"36.52%, 45.62%",10.5 months/2.1 months/3.9 months,2027-07-05/2026-07-05/2026-09-21,34.32%,19.36%,14.96%,0.61,0.92,505.5406/499.5117/456.8119/433.5/456.8119/613.9011/No EMA 200 Target,404.75/61.7416/382.9941/287.8162/No F-Track Level/No F-Track Level/415.39,54.55%/33/2.9 months (Across ALL Assets),70.5%/522/3.5 months (Across ALL Assets),No Information,No Information,No Information,No Information,No Information,No Information,No Information,No Information,No Information,No Information,"^NSEI, Local Extrema Case",2026-01-25 (Price: 397.0)
BASELINEDIVERGENCE,"TRI.TO, Long, 2026-03-22 (Price: 128.04)",2026-05-24 (Price: 118.6),"-7.37%, 2.1 months","82.14%, Past 10 years, 112","Weekly, was CONFIRMED on 2026-03-22",Already confirmed,"2026-05-25 (Price: 119.18), 6.92% below",2.1 months,131.96,No Information,No Information,No Information,No Information,25.18%/0.9%/8.63%,"16.42%, 26.29%",8.2 months/2.1 months/3.6 months,2027-03-11/2026-06-21/2026-08-25,22.88%,5.43%,17.45%,0.6,0.27,143.6353/139.0899/293.2329/240.8933/293.2329/455.2123/174.54,113.99/No Horizontal Support/93.0152/69.3828/No F-Track Level/No F-Track Level/No EMA 200 Stop Loss,54.55%/33/2.9 months (Across ALL Assets),70.5%/522/3.5 months (Across ALL Assets),No Information,No Information,No Information,No Information,No Information,No Information,No Information,No Information,No Information,No Information,"^GSPC, Normal Case",2026-03-01 (Price: 109.2)
BASELINEDIVERGENCE,"NVDA, Long, 2026-03-15 (Price: 180.25)",2026-05-26 (Price: 214.86),"19.2%, 2.4 months","87.5%, Past 10 years, 88","Weekly, was CONFIRMED on 2026-03-15",Already confirmed,"2026-05-26 (Price: 214.86), 19.2% above",2.4 months,176.83,No Information,No Information,No Information,No Information,200.25%/0.56%/40.01%,"45.09%, 51.99%",8.2 months/2.1 months/3.8 months,2027-03-04/2026-06-14/2026-08-27,48.75%,44.48%,4.27%,0.76,1.81,237.8579/252.368/239.8943/No Horizontal Resistance/239.8943/283.6698/187.2,177.19/13.9695/176.5924/152.8996/No F-Track Level/No F-Track Level/No EMA 200 Stop Loss,54.55%/33/2.9 months (Across ALL Assets),70.5%/522/3.5 months (Across ALL Assets),No Information,No Information,No Information,No Information,No Information,No Information,No Information,No Information,No Information,No Information,"^NDX, Normal Case",2026-03-08 (Price: 174.64)
BASELINEDIVERGENCE,"MAZDOCK.NS, Long, 2026-03-15 (Price: 2328.0)",2026-05-17 (Price: 2481.8),"6.61%, 2.1 months","85.0%, Past 5 years, 60","Weekly, was CONFIRMED on 2026-03-15",Already confirmed,"2026-05-26 (Price: 2460.1001), 5.67% above",2.4 months,2488.3999,No Information,No Information,No Information,No Information,170.26%/0.38%/58.89%,"6.25%, 28.55%",7.7 months/2.1 months/4.2 months,2027-02-12/2026-06-14/2026-09-13,92.6%,54.38%,38.22%,0.78,2.08,3476.4024/3698.9592/4295.3759/2588.15/4295.3759/5655.9245/2585.43,2224.9/112.6583/1843.1138/1261.1932/No F-Track Level/No F-Track Level/No EMA 200 Stop Loss,54.55%/33/2.9 months (Across ALL Assets),70.5%/522/3.5 months (Across ALL Assets),No Information,No Information,No Information,No Information,No Information,No Information,No Information,No Information,No Information,No Information,"^NSEI, Normal Case",2026-03-08 (Price: 2125.8999)
BASELINEDIVERGENCE,"TRI.TO, Long, 2026-03-15 (Price: 132.25)",2026-05-24 (Price: 118.6),"-10.32%, 2.3 months","82.14%, Past 10 years, 112","Weekly, was CONFIRMED on 2026-03-15",Already confirmed,"2026-05-26 (Price: 115.59), 12.6% below",2.4 months,150.99,No Information,No Information,No Information,No Information,25.18%/0.9%/8.63%,"16.42%, 26.29%",8.2 months/2.1 months/3.6 months,2027-03-04/2026-06-14/2026-08-18,22.88%,5.43%,17.45%,0.6,0.27,148.358/143.6632/293.2329/240.8933/293.2329/368.7715/173.87,113.99/126.1128/131.2534/93.0152/No F-Track Level/No F-Track Level/No EMA 200 Stop Loss,54.55%/33/2.9 months (Across ALL Assets),70.5%/522/3.5 months (Across ALL Assets),No Information,No Information,No Information,No Information,No Information,No Information,No Information,No Information,No Information,No Information,"^GSPC, Normal Case",2026-03-08 (Price: 127.92)
BASELINEDIVERGENCE,"TRI.TO, Long, 2026-03-15 (Price: 132.25)",2026-05-24 (Price: 118.6),"-10.32%, 2.3 months","82.14%, Past 10 years, 112","Weekly, was CONFIRMED on 2026-03-15",Already confirmed,"2026-05-25 (Price: 119.18), 9.88% below",2.4 months,150.99,No Information,No Information,No Information,No Information,25.18%/0.9%/8.63%,"16.42%, 26.29%",8.2 months/2.1 months/3.6 months,2027-03-04/2026-06-14/2026-08-18,22.88%,5.43%,17.45%,0.6,0.27,148.358/143.6632/293.2329/240.8933/293.2329/368.7715/174.54,113.99/126.1128/131.2534/93.0152/No F-Track Level/No F-Track Level/No EMA 200 Stop Loss,54.55%/33/2.9 months (Across ALL Assets),70.5%/522/3.5 months (Across ALL Assets),No Information,No Information,No Information,No Information,No Information,No Information,No Information,No Information,No Information,No Information,"^GSPC, Normal Case",2026-03-08 (Price: 127.92)
BASELINEDIVERGENCE,"TRI.TO, Long, 2026-03-08 (Price: 151.44)",2026-05-24 (Price: 118.6),"-21.69%, 2.6 months","82.14%, Past 10 years, 112","Weekly, was CONFIRMED on 2026-03-08",Already confirmed,"2026-05-26 (Price: 115.59), 23.67% below",2.6 months,130.06,No Information,No Information,No Information,No Information,25.18%/0.9%/8.63%,"16.42%, 26.29%",8.2 months/2.1 months/3.6 months,2027-02-25/2026-06-07/2026-08-11,22.88%,5.43%,17.45%,0.6,0.27,169.8854/164.5093/293.2329/240.8933/293.2329/368.7715/173.87,113.99/126.1128/131.2534/93.0152/No F-Track Level/No F-Track Level/No EMA 200 Stop Loss,54.55%/33/2.9 months (Across ALL Assets),70.5%/522/3.5 months (Across ALL Assets),No Information,No Information,No Information,No Information,No Information,No Information,No Information,No Information,No Information,No Information,"^GSPC, Normal Case",2026-03-01 (Price: 109.2)
BASELINEDIVERGENCE,"BEL.NS, Long, 2026-03-08 (Price: 468.45)",No Exit Yet,"-10.32%, 2.6 months","80.87%, Past 10 years, 115","Weekly, was CONFIRMED on 2026-03-08",Already confirmed,"2026-05-26 (Price: 420.1), 10.32% below",2.6 months,442.1,No Information,No Information,No Information,No Information,62.01%/0.22%/18.48%,"36.52%, 45.62%",10.5 months/2.1 months/3.9 months,2027-06-07/2026-06-07/2026-08-24,34.32%,19.36%,14.96%,0.61,0.92,561.7184/555.0196/No Target/No Horizontal Resistance/No Target/613.9011/No EMA 200 Target,389.45/61.7416/382.9941/287.8162/No F-Track Level/No F-Track Level/415.39,54.55%/33/2.9 months (Across ALL Assets),70.5%/522/3.5 months (Across ALL Assets),No Information,No Information,No Information,No Information,No Information,No Information,No Information,No Information,No Information,No Information,"^NSEI, Local Extrema Case",2026-03-01 (Price: 430.35)
BASELINEDIVERGENCE,"NVDA, Long, 2026-03-01 (Price: 177.19)",2026-05-26 (Price: 214.86),"21.26%, 2.9 months","87.5%, Past 10 years, 88","Weekly, was CONFIRMED on 2026-03-01",Already confirmed,"2026-05-26 (Price: 214.86), 21.26% above",2.9 months,191.4,No Information,No Information,No Information,No Information,200.25%/0.56%/40.01%,"45.09%, 51.99%",8.2 months/2.1 months/3.8 months,2027-02-18/2026-05-31/2026-08-13,48.75%,44.48%,4.27%,0.76,1.81,233.8199/248.0837/239.8943/No Horizontal Resistance/239.8943/283.6698/187.2,175.02/13.9695/176.5924/152.8996/No F-Track Level/No F-Track Level/No EMA 200 Stop Loss,54.55%/33/2.9 months (Across ALL Assets),70.5%/522/3.5 months (Across ALL Assets),No Information,No Information,No Information,No Information,No Information,No Information,No Information,No Information,No Information,No Information,"^NDX, Normal Case",2025-12-21 (Price: 170.31)
BASELINEDIVERGENCE,"BEL.NS, Long, 2026-03-01 (Price: 444.7)",No Exit Yet,"-5.53%, 2.9 months","80.87%, Past 10 years, 115","Weekly, was CONFIRMED on 2026-03-01",Already confirmed,"2026-05-26 (Price: 420.1), 5.53% below",2.9 months,442.8,No Information,No Information,No Information,No Information,62.01%/0.22%/18.48%,"36.52%, 45.62%",10.5 months/2.1 months/3.9 months,2027-05-31/2026-05-31/2026-08-17,34.32%,19.36%,14.96%,0.61,0.92,533.2398/526.8806/456.8119/No Horizontal Resistance/456.8119/613.9011/No EMA 200 Target,389.45/61.7416/382.9941/287.8162/No F-Track Level/No F-Track Level/415.39,54.55%/33/2.9 months (Across ALL Assets),70.5%/522/3.5 months (Across ALL Assets),No Information,No Information,No Information,No Information,No Information,No Information,No Information,No Information,No Information,No Information,"^NSEI, Local Extrema Case",2025-12-21 (Price: 380.45)
BASELINEDIVERGENCE,"HDFCBANK.NS, Long, 2026-02-22 (Price: 911.85)",No Exit Yet,"-14.58%, 3.1 months","88.12%, Past 10 years, 101","Weekly, was CONFIRMED on 2026-02-22",Already confirmed,"2026-05-26 (Price: 778.9), 14.58% below",3.1 months,903.9,No Information,No Information,No Information,No Information,32.47%/0.05%/7.01%,"17.33%, 37.24%",7 months/2.1 months/3.3 months,2026-12-23/2026-05-24/2026-07-15,21.24%,7.28%,13.96%,0.56,0.4,1020.1778/975.7707/1098.0619/1009.6/1098.0619/1305.7899/921.39,903.9/640.9/765.1075/697.8792/No F-Track Level/No F-Track Level/No EMA 200 Stop Loss,54.55%/33/2.9 months (Across ALL Assets),70.5%/522/3.5 months (Across ALL Assets),No Information,No Information,No Information,No Information,No Information,No Information,No Information,No Information,No Information,No Information,"^NSEI, Normal Case",2026-02-15 (Price: 901.0)
BASELINEDIVERGENCE,"NVDA, Long, 2026-02-22 (Price: 189.82)",2026-05-26 (Price: 214.86),"13.19%, 3.1 months","87.5%, Past 10 years, 88","Weekly, was CONFIRMED on 2026-02-22",Already confirmed,"2026-05-26 (Price: 214.86), 13.19% above",3.1 months,181.75,No Information,No Information,No Information,No Information,200.25%/0.56%/40.01%,"45.09%, 51.99%",8.2 months/2.1 months/3.8 months,2027-02-11/2026-05-24/2026-08-06,48.75%,44.48%,4.27%,0.76,1.81,250.4865/265.767/239.8943/No Horizontal Resistance/239.8943/283.6698/No EMA 200 Target,182.81/13.9695/176.5924/152.8996/No F-Track Level/No F-Track Level/187.2,54.55%/33/2.9 months (Across ALL Assets),70.5%/522/3.5 months (Across ALL Assets),No Information,No Information,No Information,No Information,No Information,No Information,No Information,No Information,No Information,No Information,"^NDX, Normal Case",2026-02-08 (Price: 171.03)
BASELINEDIVERGENCE,"NVDA, Long, 2026-02-15 (Price: 182.81)",2026-05-26 (Price: 214.86),"17.53%, 3.3 months","87.5%, Past 10 years, 88","Weekly, was CONFIRMED on 2026-02-15",Already confirmed,"2026-05-26 (Price: 214.86), 17.53% above",3.3 months,184.26,No Information,No Information,No Information,No Information,200.25%/0.56%/40.01%,"45.09%, 51.99%",8.2 months/2.1 months/3.8 months,2027-02-04/2026-05-17/2026-07-30,48.75%,44.48%,4.27%,0.76,1.81,241.2361/255.9523/239.8943/No Horizontal Resistance/239.8943/283.6698/187.2,175.02/13.9695/176.5924/152.8996/No F-Track Level/No F-Track Level/No EMA 200 Stop Loss,54.55%/33/2.9 months (Across ALL Assets),70.5%/522/3.5 months (Across ALL Assets),No Information,No Information,No Information,No Information,No Information,No Information,No Information,No Information,No Information,No Information,"^NDX, Normal Case",2026-01-25 (Price: 177.61)
BASELINEDIVERGENCE,"HDFCBANK.NS, Long, 2026-02-08 (Price: 941.1)",No Exit Yet,"-17.24%, 3.6 months","88.12%, Past 10 years, 101","Weekly, was CONFIRMED on 2026-02-08",Already confirmed,"2026-05-26 (Price: 778.9), 17.24% below",3.6 months,915.0,No Information,No Information,No Information,No Information,32.47%/0.05%/7.01%,"17.33%, 37.24%",7 months/2.1 months/3.3 months,2026-12-09/2026-05-10/2026-07-01,21.24%,7.28%,13.96%,0.56,0.4,1052.9027/1007.0711/1098.0619/1009.6/1098.0619/1305.7899/No EMA 200 Target,916.1/640.9/765.1075/697.8792/No F-Track Level/No F-Track Level/921.39,54.55%/33/2.9 months (Across ALL Assets),70.5%/522/3.5 months (Across ALL Assets),No Information,No Information,No Information,No Information,No Information,No Information,No Information,No Information,No Information,No Information,"^NSEI, Normal Case",2026-02-01 (Price: 905.0)
BASELINEDIVERGENCE,"QQQ, Long, 2026-02-08 (Price: 609.65)",No Exit Yet,"19.79%, 3.6 months","86.49%, Past 10 years, 74","Weekly, was CONFIRMED on 2026-02-08",Already confirmed,"2026-05-26 (Price: 730.28), 19.79% above",3.6 months,618.7,No Information,No Information,No Information,No Information,44.95%/0.81%/10.22%,"13.49%, 27.25%",7 months/2.1 months/3.8 months,2026-12-09/2026-05-10/2026-07-23,23.84%,13.95%,9.89%,0.8,0.91,684.8198/671.9562/836.2536/No Horizontal Resistance/836.2536/910.0135/615.47,422.67/256.995/563.3658/526.8888/No F-Track Level/No F-Track Level/No EMA 200 Stop Loss,54.55%/33/2.9 months (Across ALL Assets),70.5%/522/3.5 months (Across ALL Assets),No Information,No Information,No Information,No Information,No Information,No Information,No Information,No Information,No Information,No Information,"^GSPC, Normal Case",2021-03-28 (Price: 307.39)
BASELINEDIVERGENCE,"MAZDOCK.NS, Long, 2026-02-08 (Price: 2402.3999)",2026-05-17 (Price: 2481.8),"3.31%, 3.3 months","85.0%, Past 5 years, 60","Weekly, was CONFIRMED on 2026-02-08",Already confirmed,"2026-05-26 (Price: 2460.1001), 2.4% above",3.6 months,2380.0,No Information,No Information,No Information,No Information,170.26%/0.38%/58.89%,"6.25%, 28.55%",7.7 months/2.1 months/4.2 months,2027-01-08/2026-05-10/2026-08-09,92.6%,54.38%,38.22%,0.78,2.08,3587.5038/3817.1732/4287.3338/2588.15/4287.3338/5593.7123/2585.43,2301.8/112.6583/1843.1138/1261.1932/No F-Track Level/No F-Track Level/No EMA 200 Stop Loss,54.55%/33/2.9 months (Across ALL Assets),70.5%/522/3.5 months (Across ALL Assets),No Information,No Information,No Information,No Information,No Information,No Information,No Information,No Information,No Information,No Information,"^NSEI, Normal Case",2021-02-14 (Price: 109.35)
BASELINEDIVERGENCE,"SPY, Long, 2026-02-08 (Price: 690.62)",No Exit Yet,"8.68%, 3.6 months","84.21%, Past 10 years, 19","Weekly, was CONFIRMED on 2026-02-08",Already confirmed,"2026-05-26 (Price: 750.59), 8.68% above",3.6 months,689.58,No Information,No Information,No Information,No Information,7.13%/0.46%/4.0%,"5.53%, 12.25%",4.9 months/2.1 months/3.5 months,2026-09-08/2026-05-10/2026-07-10,6.25%,9.24%,-2.99%,0.53,0.62,744.0049/718.2448/969.1148/No Horizontal Resistance/969.1148/1522.3697/No EMA 200 Target,505.28/412.1625/627.1849/415.8599/No F-Track Level/No F-Track Level/679.44,54.55%/33/2.9 months (Across ALL Assets),70.5%/522/3.5 months (Across ALL Assets),No Information,No Information,No Information,No Information,No Information,No Information,No Information,No Information,No Information,No Information,"^GSPC, Tangent Case",2021-03-14 (Price: 381.42)
BASELINEDIVERGENCE,"BEL.NS, Long, 2026-02-08 (Price: 429.65)",No Exit Yet,"-2.22%, 3.6 months","80.87%, Past 10 years, 115","Weekly, was CONFIRMED on 2026-02-08",Already confirmed,"2026-05-26 (Price: 420.1), 2.22% below",3.6 months,432.0,No Information,No Information,No Information,No Information,62.01%/0.22%/18.48%,"36.52%, 45.62%",10.5 months/2.1 months/3.9 months,2027-05-10/2026-05-10/2026-07-27,34.32%,19.36%,14.96%,0.61,0.92,515.1933/509.0493/456.8119/433.5/456.8119/613.9011/No EMA 200 Target,389.45/61.7416/382.9941/287.8162/No F-Track Level/No F-Track Level/415.39,54.55%/33/2.9 months (Across ALL Assets),70.5%/522/3.5 months (Across ALL Assets),No Information,No Information,No Information,No Information,No Information,No Information,No Information,No Information,No Information,No Information,"^NSEI, Local Extrema Case",2026-02-01 (Price: 411.6)
BASELINEDIVERGENCE,"QQQ, Long, 2026-02-01 (Price: 621.87)",No Exit Yet,"17.43%, 3.8 months","86.49%, Past 10 years, 74","Weekly, was CONFIRMED on 2026-02-01",Already confirmed,"2026-05-26 (Price: 730.28), 17.43% above",3.8 months,623.21,No Information,No Information,No Information,No Information,44.95%/0.81%/10.22%,"13.49%, 27.25%",7 months/2.1 months/3.8 months,2026-12-02/2026-05-03/2026-07-16,23.84%,13.95%,9.89%,0.8,0.91,698.5466/685.4251/836.2536/No Horizontal Resistance/836.2536/910.0135/No EMA 200 Target,422.67/256.995/610.7303/563.3658/No F-Track Level/No F-Track Level/615.47,54.55%/33/2.9 months (Across ALL Assets),70.5%/522/3.5 months (Across ALL Assets),No Information,No Information,No Information,No Information,No Information,No Information,No Information,No Information,No Information,No Information,"^GSPC, Normal Case",2026-01-18 (Price: 614.56)
BASELINEDIVERGENCE,"BEL.NS, Long, 2026-02-01 (Price: 449.0)",No Exit Yet,"-6.44%, 3.8 months","80.87%, Past 10 years, 115","Weekly, was CONFIRMED on 2026-02-01",Already confirmed,"2026-05-26 (Price: 420.1), 6.44% below",3.8 months,416.45,No Information,No Information,No Information,No Information,62.01%/0.22%/18.48%,"36.52%, 45.62%",10.5 months/2.1 months/3.9 months,2027-05-03/2026-05-03/2026-07-20,34.32%,19.36%,14.96%,0.61,0.92,538.3959/531.9752/456.8119/No Horizontal Resistance/456.8119/613.9011/No EMA 200 Target,389.45/61.7416/382.9941/287.8162/No F-Track Level/No F-Track Level/415.39,54.55%/33/2.9 months (Across ALL Assets),70.5%/522/3.5 months (Across ALL Assets),No Information,No Information,No Information,No Information,No Information,No Information,No Information,No Information,No Information,No Information,"^NSEI, Local Extrema Case",2026-01-18 (Price: 406.35)
BASELINEDIVERGENCE,"BEL.NS, Long, 2026-01-25 (Price: 410.7)",No Exit Yet,"2.29%, 4 months","80.87%, Past 10 years, 115","Weekly, was CONFIRMED on 2026-01-25",Already confirmed,"2026-05-26 (Price: 420.1), 2.29% above",4 months,410.0,No Information,No Information,No Information,No Information,62.01%/0.22%/18.48%,"36.52%, 45.62%",10.5 months/2.1 months/3.9 months,2027-04-26/2026-04-26/2026-07-13,34.32%,19.36%,14.96%,0.61,0.92,492.4704/486.5974/456.8119/433.5/456.8119/613.9011/415.39,389.45/61.7416/382.9941/287.8162/No F-Track Level/No F-Track Level/No EMA 200 Stop Loss,54.55%/33/2.9 months (Across ALL Assets),70.5%/522/3.5 months (Across ALL Assets),No Information,No Information,No Information,No Information,No Information,No Information,No Information,No Information,No Information,No Information,"^NSEI, Local Extrema Case",2025-08-31 (Price: 361.2)
BASELINEDIVERGENCE,"MAZDOCK.NS, Long, 2026-01-11 (Price: 2500.5)",2026-05-17 (Price: 2481.8),"-0.75%, 4.2 months","85.0%, Past 5 years, 60","Weekly, was CONFIRMED on 2026-01-11",Already confirmed,"2026-05-26 (Price: 2460.1001), 1.62% below",4.5 months,2495.0,No Information,No Information,No Information,No Information,170.26%/0.38%/58.89%,"6.25%, 28.55%",7.7 months/2.1 months/4.2 months,2026-12-11/2026-04-12/2026-07-12,92.6%,54.38%,38.22%,0.78,2.08,3733.9967/3973.0444/4259.573/2588.15/4259.573/5325.1753/2585.43,2408.2/112.6583/1843.1138/1261.1932/No F-Track Level/No F-Track Level/No EMA 200 Stop Loss,54.55%/33/2.9 months (Across ALL Assets),70.5%/522/3.5 months (Across ALL Assets),No Information,No Information,No Information,No Information,No Information,No Information,No Information,No Information,No Information,No Information,"^NSEI, Normal Case",2026-01-04 (Price: 2420.0)
BASELINEDIVERGENCE,"TRI.TO, Long, 2026-01-11 (Price: 179.94)",2026-05-24 (Price: 118.6),"-34.09%, 4.4 months","82.14%, Past 10 years, 112","Weekly, was CONFIRMED on 2026-01-11",Already confirmed,"2026-05-25 (Price: 119.18), 33.77% below",4.5 months,175.14,No Information,No Information,No Information,No Information,25.18%/0.9%/8.63%,"16.42%, 26.29%",8.2 months/2.1 months/3.6 months,2026-12-31/2026-04-12/2026-06-16,22.88%,5.43%,17.45%,0.6,0.27,201.8567/195.4688/293.2329/240.8933/293.2329/455.2123/No EMA 200 Target,173.66/126.1128/131.2534/93.0152/No F-Track Level/No F-Track Level/174.54,54.55%/33/2.9 months (Across ALL Assets),70.5%/522/3.5 months (Across ALL Assets),No Information,No Information,No Information,No Information,No Information,No Information,No Information,No Information,No Information,No Information,"^GSPC, Normal Case",2026-01-04 (Price: 173.46)
BASELINEDIVERGENCE,"MAZDOCK.NS, Long, 2026-01-04 (Price: 2494.5)",2026-05-17 (Price: 2481.8),"-0.51%, 4.4 months","85.0%, Past 5 years, 60","Weekly, was CONFIRMED on 2026-01-04",Already confirmed,"2026-05-26 (Price: 2460.1001), 1.38% below",4.7 months,2579.0,No Information,No Information,No Information,No Information,170.26%/0.38%/58.89%,"6.25%, 28.55%",7.7 months/2.1 months/4.2 months,2026-12-04/2026-04-05/2026-07-05,92.6%,54.38%,38.22%,0.78,2.08,3725.0368/3963.5111/4259.573/2588.15/4259.573/5325.1753/2585.43,2408.2/112.6583/1843.1138/1261.1932/No F-Track Level/No F-Track Level/No EMA 200 Stop Loss,54.55%/33/2.9 months (Across ALL Assets),70.5%/522/3.5 months (Across ALL Assets),No Information,No Information,No Information,No Information,No Information,No Information,No Information,No Information,No Information,No Information,"^NSEI, Normal Case",2025-12-28 (Price: 2401.1001)
BASELINEDIVERGENCE,"TRI.TO, Long, 2025-12-28 (Price: 181.76)",2026-05-24 (Price: 118.6),"-34.75%, 4.9 months","82.14%, Past 10 years, 112","Weekly, was CONFIRMED on 2025-12-28",Already confirmed,"2026-05-25 (Price: 119.18), 34.43% below",4.9 months,182.27,No Information,No Information,No Information,No Information,25.18%/0.9%/8.63%,"16.42%, 26.29%",8.2 months/2.1 months/3.6 months,2026-12-17/2026-03-29/2026-06-02,22.88%,5.43%,17.45%,0.6,0.27,203.8984/197.4459/293.2329/240.8933/293.2329/455.2123/No EMA 200 Target,179.89/116.89/131.2534/93.0152/No F-Track Level/No F-Track Level/174.54,54.55%/33/2.9 months (Across ALL Assets),70.5%/522/3.5 months (Across ALL Assets),No Information,No Information,No Information,No Information,No Information,No Information,No Information,No Information,No Information,No Information,"^GSPC, Normal Case",2025-12-21 (Price: 179.89)
BASELINEDIVERGENCE,"TRI.TO, Long, 2025-12-21 (Price: 182.02)",2026-05-24 (Price: 118.6),"-34.84%, 5.1 months","82.14%, Past 10 years, 112","Weekly, was CONFIRMED on 2025-12-21",Already confirmed,"2026-05-26 (Price: 115.59), 36.5% below",5.2 months,180.06,No Information,No Information,No Information,No Information,25.18%/0.9%/8.63%,"16.42%, 26.29%",8.2 months/2.1 months/3.6 months,2026-12-10/2026-03-22/2026-05-26,22.88%,5.43%,17.45%,0.6,0.27,204.19/197.7283/293.2329/240.8933/293.2329/455.2123/No EMA 200 Target,179.89/116.89/131.2534/93.0152/No F-Track Level/No F-Track Level/173.87,54.55%/33/2.9 months (Across ALL Assets),70.5%/522/3.5 months (Across ALL Assets),No Information,No Information,No Information,No Information,No Information,No Information,No Information,No Information,No Information,No Information,"^GSPC, Normal Case",2025-12-14 (Price: 177.0)
BASELINEDIVERGENCE,"HDFCBANK.NS, Long, 2025-12-14 (Price: 1001.5)",No Exit Yet,"-22.23%, 5.4 months","88.12%, Past 10 years, 101","Weekly, was CONFIRMED on 2025-12-14",Already confirmed,"2026-05-26 (Price: 778.9), 22.23% below",5.4 months,1000.0,No Information,No Information,No Information,No Information,32.47%/0.05%/7.01%,"17.33%, 37.24%",7 months/2.1 months/3.3 months,2026-10-14/2026-03-15/2026-05-06,21.24%,7.28%,13.96%,0.56,0.4,1120.4782/1071.7052/1098.0619/1009.6/1098.0619/1305.7899/No EMA 200 Target,945.05/640.9/962.8007/765.1075/No F-Track Level/No F-Track Level/921.39,54.55%/33/2.9 months (Across ALL Assets),70.5%/522/3.5 months (Across ALL Assets),No Information,No Information,No Information,No Information,No Information,No Information,No Information,No Information,No Information,No Information,"^NSEI, Normal Case",2025-12-07 (Price: 985.0)
BASELINEDIVERGENCE,"TRI.TO, Long, 2025-11-30 (Price: 189.55)",2026-05-24 (Price: 118.6),"-37.43%, 5.8 months","82.14%, Past 10 years, 112","Weekly, was CONFIRMED on 2025-11-30",Already confirmed,"2026-05-25 (Price: 119.18), 37.12% below",5.9 months,190.76,No Information,No Information,No Information,No Information,25.18%/0.9%/8.63%,"16.42%, 26.29%",8.2 months/2.1 months/3.6 months,2026-11-19/2026-03-01/2026-05-05,22.88%,5.43%,17.45%,0.6,0.27,212.6372/205.9082/293.2329/240.8933/293.2329/455.2123/No EMA 200 Target,163.51/116.89/131.2534/93.0152/No F-Track Level/No F-Track Level/174.54,54.55%/33/2.9 months (Across ALL Assets),70.5%/522/3.5 months (Across ALL Assets),No Information,No Information,No Information,No Information,No Information,No Information,No Information,No Information,No Information,No Information,"^GSPC, Normal Case",2025-11-23 (Price: 185.0)
BASELINEDIVERGENCE,"TRI.TO, Long, 2025-11-23 (Price: 190.48)",2026-05-24 (Price: 118.6),"-37.74%, 6.1 months","82.14%, Past 10 years, 112","Weekly, was CONFIRMED on 2025-11-23",Already confirmed,"2026-05-26 (Price: 115.59), 39.32% below",6.1 months,198.05,No Information,No Information,No Information,No Information,25.18%/0.9%/8.63%,"16.42%, 26.29%",8.2 months/2.1 months/3.6 months,2026-11-12/2026-02-22/2026-04-28,22.88%,5.43%,17.45%,0.6,0.27,213.6805/206.9184/293.2329/240.8933/293.2329/455.2123/No EMA 200 Target,163.51/116.89/131.2534/93.0152/No F-Track Level/No F-Track Level/173.87,54.55%/33/2.9 months (Across ALL Assets),70.5%/522/3.5 months (Across ALL Assets),No Information,No Information,No Information,No Information,No Information,No Information,No Information,No Information,No Information,No Information,"^GSPC, Normal Case",2021-03-07 (Price: 112.2118)
BASELINEDIVERGENCE,"TRI.TO, Long, 2025-11-23 (Price: 190.48)",2026-05-24 (Price: 118.6),"-37.74%, 6.1 months","82.14%, Past 10 years, 112","Weekly, was CONFIRMED on 2025-11-23",Already confirmed,"2026-05-25 (Price: 119.18), 37.43% below",6.1 months,198.05,No Information,No Information,No Information,No Information,25.18%/0.9%/8.63%,"16.42%, 26.29%",8.2 months/2.1 months/3.6 months,2026-11-12/2026-02-22/2026-04-28,22.88%,5.43%,17.45%,0.6,0.27,213.6805/206.9184/293.2329/240.8933/293.2329/455.2123/No EMA 200 Target,163.51/116.89/131.2534/93.0152/No F-Track Level/No F-Track Level/174.54,54.55%/33/2.9 months (Across ALL Assets),70.5%/522/3.5 months (Across ALL Assets),No Information,No Information,No Information,No Information,No Information,No Information,No Information,No Information,No Information,No Information,"^GSPC, Normal Case",2021-03-14 (Price: 111.7965)
BASELINEDIVERGENCE,"TRI.TO, Long, 2025-10-19 (Price: 222.18)",2026-05-24 (Price: 118.6),"-46.62%, 7.2 months","82.14%, Past 10 years, 112","Weekly, was CONFIRMED on 2025-10-19",Already confirmed,"2026-05-26 (Price: 115.59), 47.97% below",7.3 months,213.63,No Information,No Information,No Information,No Information,25.18%/0.9%/8.63%,"16.42%, 26.29%",8.2 months/2.1 months/3.6 months,2026-10-08/2026-01-18/2026-03-24,22.88%,5.43%,17.45%,0.6,0.27,249.2415/241.3541/293.2329/240.8933/293.2329/316.3836/No EMA 200 Target,212.03/116.89/193.124/131.2534/No F-Track Level/No F-Track Level/173.87,54.55%/33/2.9 months (Across ALL Assets),70.5%/522/3.5 months (Across ALL Assets),No Information,No Information,No Information,No Information,No Information,No Information,No Information,No Information,No Information,No Information,"^GSPC, Normal Case",2025-10-05 (Price: 209.53)
BASELINEDIVERGENCE,"TRI.TO, Long, 2025-10-19 (Price: 222.18)",2026-05-24 (Price: 118.6),"-46.62%, 7.2 months","82.14%, Past 10 years, 112","Weekly, was CONFIRMED on 2025-10-19",Already confirmed,"2026-05-25 (Price: 119.18), 46.36% below",7.3 months,213.63,No Information,No Information,No Information,No Information,25.18%/0.9%/8.63%,"16.42%, 26.29%",8.2 months/2.1 months/3.6 months,2026-10-08/2026-01-18/2026-03-24,22.88%,5.43%,17.45%,0.6,0.27,249.2415/241.3541/293.2329/240.8933/293.2329/316.3836/No EMA 200 Target,212.03/116.89/193.124/131.2534/No F-Track Level/No F-Track Level/174.54,54.55%/33/2.9 months (Across ALL Assets),70.5%/522/3.5 months (Across ALL Assets),No Information,No Information,No Information,No Information,No Information,No Information,No Information,No Information,No Information,No Information,"^GSPC, Normal Case",2025-10-12 (Price: 209.23)
BASELINEDIVERGENCE,"HDFCBANK.NS, Long, 2025-10-12 (Price: 980.9)",No Exit Yet,"-20.59%, 7.5 months","88.12%, Past 10 years, 101","Weekly, was CONFIRMED on 2025-10-12",Already confirmed,"2026-05-26 (Price: 778.9), 20.59% below",7.5 months,971.9,No Information,No Information,No Information,No Information,32.47%/0.05%/7.01%,"17.33%, 37.24%",7 months/2.1 months/3.3 months,2026-08-12/2026-01-11/2026-03-04,21.24%,7.28%,13.96%,0.56,0.4,1097.4309/1049.6611/1098.0619/1004.15/1098.0619/1305.7899/No EMA 200 Target,945.05/640.9/962.8007/765.1075/No F-Track Level/No F-Track Level/921.39,54.55%/33/2.9 months (Across ALL Assets),70.5%/522/3.5 months (Across ALL Assets),No Information,No Information,No Information,No Information,No Information,No Information,No Information,No Information,No Information,No Information,"^NSEI, Normal Case",2025-09-21 (Price: 961.2)
BASELINEDIVERGENCE,"MAZDOCK.NS, Long, 2025-09-28 (Price: 2827.6001)",2026-05-17 (Price: 2481.8),"-12.23%, 7.7 months","85.0%, Past 5 years, 60","Weekly, was CONFIRMED on 2025-09-28",Already confirmed,"2026-05-26 (Price: 2460.1001), 13.0% below",8 months,3025.0,No Information,No Information,No Information,No Information,170.26%/0.38%/58.89%,"6.25%, 28.55%",7.7 months/2.1 months/4.2 months,2026-08-28/2025-12-28/2026-03-29,92.6%,54.38%,38.22%,0.78,2.08,4222.4552/4492.7738/4090.5272/No Horizontal Resistance/4090.5272/4287.3338/No EMA 200 Target,2603.1/113.85/2784.682/1843.1138/No F-Track Level/No F-Track Level/2585.43,54.55%/33/2.9 months (Across ALL Assets),70.5%/522/3.5 months (Across ALL Assets),No Information,No Information,No Information,No Information,No Information,No Information,No Information,No Information,No Information,No Information,"^NSEI, Normal Case",2025-09-14 (Price: 2659.8999)
BASELINEDIVERGENCE,"TRI.TO, Long, 2025-09-07 (Price: 241.93)",2026-05-24 (Price: 118.6),"-50.98%, 8.6 months","82.14%, Past 10 years, 112","Weekly, was CONFIRMED on 2025-09-07",Already confirmed,"2026-05-26 (Price: 115.59), 52.22% below",8.7 months,244.35,No Information,No Information,No Information,No Information,25.18%/0.9%/8.63%,"16.42%, 26.29%",8.2 months/2.1 months/3.6 months,2026-08-27/2025-12-07/2026-02-10,22.88%,5.43%,17.45%,0.6,0.27,271.3971/262.8086/293.2329/No Horizontal Resistance/293.2329/455.2123/No EMA 200 Target,236.67/117.9612/193.124/131.2534/No F-Track Level/No F-Track Level/173.87,54.55%/33/2.9 months (Across ALL Assets),70.5%/522/3.5 months (Across ALL Assets),No Information,No Information,No Information,No Information,No Information,No Information,No Information,No Information,No Information,No Information,"^GSPC, Normal Case",2025-08-31 (Price: 239.88)
BASELINEDIVERGENCE,"TRI.TO, Long, 2025-08-31 (Price: 243.91)",2026-05-24 (Price: 118.6),"-51.38%, 8.9 months","82.14%, Past 10 years, 112","Weekly, was CONFIRMED on 2025-08-31",Already confirmed,"2026-05-25 (Price: 119.18), 51.14% below",8.9 months,246.48,No Information,No Information,No Information,No Information,25.18%/0.9%/8.63%,"16.42%, 26.29%",8.2 months/2.1 months/3.6 months,2026-08-20/2025-11-30/2026-02-03,22.88%,5.43%,17.45%,0.6,0.27,273.6182/264.9594/293.2329/No Horizontal Resistance/293.2329/455.2123/No EMA 200 Target,236.67/117.9612/193.124/131.2534/No F-Track Level/No F-Track Level/174.54,54.55%/33/2.9 months (Across ALL Assets),70.5%/522/3.5 months (Across ALL Assets),No Information,No Information,No Information,No Information,No Information,No Information,No Information,No Information,No Information,No Information,"^GSPC, Normal Case",2025-08-24 (Price: 236.86)
BASELINEDIVERGENCE,"TRI.TO, Long, 2025-08-24 (Price: 246.86)",2026-05-24 (Price: 118.6),"-51.96%, 9.1 months","82.14%, Past 10 years, 112","Weekly, was CONFIRMED on 2025-08-24",Already confirmed,"2026-05-26 (Price: 115.59), 53.18% below",9.2 months,237.85,No Information,No Information,No Information,No Information,25.18%/0.9%/8.63%,"16.42%, 26.29%",8.2 months/2.1 months/3.6 months,2026-08-13/2025-11-23/2026-01-27,22.88%,5.43%,17.45%,0.6,0.27,276.9275/268.164/293.2329/No Horizontal Resistance/293.2329/455.2123/No EMA 200 Target,236.67/117.9612/193.124/131.2534/No F-Track Level/No F-Track Level/173.87,54.55%/33/2.9 months (Across ALL Assets),70.5%/522/3.5 months (Across ALL Assets),No Information,No Information,No Information,No Information,No Information,No Information,No Information,No Information,No Information,No Information,"^GSPC, Normal Case",2025-08-17 (Price: 230.77)
BASELINEDIVERGENCE,"TRI.TO, Long, 2025-08-10 (Price: 247.39)",2026-05-24 (Price: 118.6),"-52.06%, 9.6 months","82.14%, Past 10 years, 112","Weekly, was CONFIRMED on 2025-08-10",Already confirmed,"2026-05-25 (Price: 119.18), 51.83% below",9.6 months,276.0,No Information,No Information,No Information,No Information,25.18%/0.9%/8.63%,"16.42%, 26.29%",8.2 months/2.1 months/3.6 months,2026-07-30/2025-11-09/2026-01-13,22.88%,5.43%,17.45%,0.6,0.27,277.5221/268.7398/293.2329/No Horizontal Resistance/293.2329/455.2123/No EMA 200 Target,236.22/117.9612/193.124/131.2534/No F-Track Level/No F-Track Level/174.54,54.55%/33/2.9 months (Across ALL Assets),70.5%/522/3.5 months (Across ALL Assets),No Information,No Information,No Information,No Information,No Information,No Information,No Information,No Information,No Information,No Information,"^GSPC, Normal Case",2021-03-07 (Price: 112.2118)
BASELINEDIVERGENCE,"TRI.TO, Long, 2025-07-06 (Price: 271.86)",2026-05-24 (Price: 118.6),"-56.37%, 10.7 months","82.14%, Past 10 years, 112","Weekly, was CONFIRMED on 2025-07-06",Already confirmed,"2026-05-25 (Price: 119.18), 56.16% below",10.8 months,272.38,No Information,No Information,No Information,No Information,25.18%/0.9%/8.63%,"16.42%, 26.29%",8.2 months/2.1 months/3.6 months,2026-06-25/2025-10-05/2025-12-09,22.88%,5.43%,17.45%,0.6,0.27,304.9725/295.3215/293.2329/No Horizontal Resistance/293.2329/455.2123/No EMA 200 Target,236.22/117.9612/193.124/131.2534/No F-Track Level/No F-Track Level/174.54,54.55%/33/2.9 months (Across ALL Assets),70.5%/522/3.5 months (Across ALL Assets),No Information,No Information,No Information,No Information,No Information,No Information,No Information,No Information,No Information,No Information,"^GSPC, Normal Case",2025-06-29 (Price: 266.22)
BASELINEDIVERGENCE,"TRI.TO, Long, 2025-06-29 (Price: 271.15)",2026-05-24 (Price: 118.6),"-56.26%, 11 months","82.14%, Past 10 years, 112","Weekly, was CONFIRMED on 2025-06-29",Already confirmed,"2026-05-26 (Price: 115.59), 57.37% below",11 months,266.22,No Information,No Information,No Information,No Information,25.18%/0.9%/8.63%,"16.42%, 26.29%",8.2 months/2.1 months/3.6 months,2026-06-18/2025-09-28/2025-12-02,22.88%,5.43%,17.45%,0.6,0.27,304.1761/294.5502/293.2329/No Horizontal Resistance/293.2329/455.2123/No EMA 200 Target,236.22/117.9612/193.124/131.2534/No F-Track Level/No F-Track Level/173.87,54.55%/33/2.9 months (Across ALL Assets),70.5%/522/3.5 months (Across ALL Assets),No Information,No Information,No Information,No Information,No Information,No Information,No Information,No Information,No Information,No Information,"^GSPC, Normal Case",2025-06-22 (Price: 264.56)
BASELINEDIVERGENCE,"TRI.TO, Long, 2025-06-29 (Price: 271.15)",2026-05-24 (Price: 118.6),"-56.26%, 11 months","82.14%, Past 10 years, 112","Weekly, was CONFIRMED on 2025-06-29",Already confirmed,"2026-05-25 (Price: 119.18), 56.05% below",11 months,266.22,No Information,No Information,No Information,No Information,25.18%/0.9%/8.63%,"16.42%, 26.29%",8.2 months/2.1 months/3.6 months,2026-06-18/2025-09-28/2025-12-02,22.88%,5.43%,17.45%,0.6,0.27,304.1761/294.5502/293.2329/No Horizontal Resistance/293.2329/455.2123/No EMA 200 Target,236.22/117.9612/193.124/131.2534/No F-Track Level/No F-Track Level/174.54,54.55%/33/2.9 months (Across ALL Assets),70.5%/522/3.5 months (Across ALL Assets),No Information,No Information,No Information,No Information,No Information,No Information,No Information,No Information,No Information,No Information,"^GSPC, Normal Case",2025-06-22 (Price: 264.56)
BASELINEDIVERGENCE,"TRI.TO, Long, 2025-06-22 (Price: 266.18)",2026-05-24 (Price: 118.6),"-55.44%, 11.2 months","82.14%, Past 10 years, 112","Weekly, was CONFIRMED on 2025-06-22",Already confirmed,"2026-05-26 (Price: 115.59), 56.57% below",11.3 months,265.75,No Information,No Information,No Information,No Information,25.18%/0.9%/8.63%,"16.42%, 26.29%",8.2 months/2.1 months/3.6 months,2026-06-11/2025-09-21/2025-11-25,22.88%,5.43%,17.45%,0.6,0.27,298.6007/289.1513/293.2329/No Horizontal Resistance/293.2329/455.2123/No EMA 200 Target,236.22/117.9612/193.124/131.2534/No F-Track Level/No F-Track Level/173.87,54.55%/33/2.9 months (Across ALL Assets),70.5%/522/3.5 months (Across ALL Assets),No Information,No Information,No Information,No Information,No Information,No Information,No Information,No Information,No Information,No Information,"^GSPC, Normal Case",2025-06-15 (Price: 261.17)
FRACTAL TRACK,"NFLX, Long, 2026-05-26 (Price: 87.68)",No Exit Yet,"0.0%, 0 days","100.0%, Past 20 years, 12","Weekly, will be confirmed as valid at the end of this week",Signal Cancelled if Price < 85.1 prior to 2026-05-29,"2026-05-26 (Price: 87.68), 0.0% below",0 days,88.384,Upmove Bounce Back,38.2% (Price: 85.9372),2.03% above,"2016-02-14 (Price: 7.995), 2025-07-06 (Price: 134.115)",29.59%/15.11%/21.13%,"-0.0%, 70.87%",2.7 years/21 days/10 months,2030-04-02/2026-06-25/2027-08-03,16.94%,20.5%,-3.56%,1.94,0.85,107.5834/106.2068/163.35/107.695/138.686/154.9498/101.73,87.02/34.8663/77.3488/70.5306/No stop loss/75.193/No EMA 200 Stop Loss,89.09%/55/1.4 year (Across ALL Assets),61.63%/172/7.4 months (Across ALL Assets),No Information,No Information,No Information,No Information,No Information,No Information,No Information,No Information,No Information,No Information,No Information,No Information
FRACTAL TRACK,"INFY, Long, 2026-05-26 (Price: 12.08)",No Exit Yet,"0.0%, 0 days","76.92%, Past 20 years, 13","Weekly, will be confirmed as valid at the end of this week",Signal Cancelled if Price < 11.555 prior to 2026-05-29,"2026-05-26 (Price: 12.08), 0.0% below",0 days,12.6,Upmove Bounce Back,78.6% (Price: 11.7334),2.95% above,"2020-03-29 (Price: 6.76), 2025-12-21 (Price: 30.0)",22.05%/15.22%/17.66%,"25.74%, 45.92%",5.2 years/1.2 month/11.9 months,2033-10-27/2026-07-17/2027-10-25,5.78%,3.38%,2.4%,0.33,0.18,12.8749/14.2133/26.02/23.796/27.9013/31.7571/15.89,12.07/No Horizontal Support/10.3726/9.7462/No stop loss/No stop loss/No EMA 200 Stop Loss,89.09%/55/1.4 year (Across ALL Assets),61.63%/172/7.4 months (Across ALL Assets),No Information,No Information,No Information,No Information,No Information,No Information,No Information,No Information,No Information,No Information,No Information,No Information
FRACTAL TRACK,"SJ.TO, Long, 2026-05-26 (Price: 76.25)",No Exit Yet,"0.0%, 0 days","100.0%, Past 20 years, 14","Weekly, will be confirmed as valid at the end of this week",Signal Cancelled if Price < 69.94 prior to 2026-05-29,"2026-05-26 (Price: 76.25), 0.0% below",0 days,74.23,Upmove Bounce Back,38.2% (Price: 71.5255),6.61% above,"2020-03-29 (Price: 23.34), 2026-02-15 (Price: 101.31)",21.37%/1.1%/14.81%,"-0.0%, 49.7%",7.2 years/1.2 month/1.4 year,2036-09-04/2026-07-17/2028-05-23,8.83%,9.74%,-0.91%,0.97,0.5,86.6353/87.5426/123.03/84.3925/108.5192/133.8092/84.92,71.28/38.015/50.2755/47.8005/No stop loss/70.6167/No EMA 200 Stop Loss,89.09%/55/1.4 year (Across ALL Assets),61.63%/172/7.4 months (Across ALL Assets),No Information,No Information,No Information,No Information,No Information,No Information,No Information,No Information,No Information,No Information,No Information,No Information
DELTADRIFT,"IEI, Long, 2026-05-26 (Price: 117.44)",No Exit Yet,"0.0%, 0 days","75.0%, Past 15 years, 8","Weekly, will be confirmed as valid at the end of this week",Signal Cancelled if Price below 117.0553 or above 117.5752 prior to 2026-05-29,"2026-05-26 (Price: 117.44), 0.0% below",0 days,117.46,No Information,No Information,No Information,No Information,1.55%/0.43%/0.87%,"4.66%, 5.44%",3.5 months/7 days/1.5 month,2026-10-25/2026-06-05/2026-07-30,2.93%,0.05%,2.88%,-0.34,-1.21,No Target/118.4617/117.75/119.6711/No Next Fib Ext/No Next Fib Ext/119.19,116.95/113.8775/No F-Stack Support/No F-Stack Support/No stop loss/No stop loss/No EMA 200 Stop Loss,82.76%/29/1.6 month (Across ALL Assets),86.61%/127/2.1 months (Across ALL Assets),No Information,No Information,No Information,No Information,No Information,No Information,No Information,No Information,No Information,No Information,No Information,No Information
DELTADRIFT,"NAUKRI.NS, Long, 2026-05-26 (Price: 980.7)",No Exit Yet,"0.0%, 0 days","75.0%, Past 15 years, 4","Weekly, will be confirmed as valid at the end of this week",Signal Cancelled if Price below 950.0759 or above 1016.2157 prior to 2026-05-29,"2026-05-26 (Price: 980.7), 0.0% below",0 days,964.45,No Information,No Information,No Information,No Information,11.73%/6.17%/9.54%,"22.33%, 28.55%",3.3 months/7 days/1.5 month,2026-10-16/2026-06-05/2026-07-30,3.39%,12.88%,-9.49%,0.04,0.63,1485.074/1074.2588/1279.67/1483.595/1833.4532/2496.9457/1224.97,928.1/662.12/893.3628/647.8359/No stop loss/No stop loss/No EMA 200 Stop Loss,82.76%/29/1.6 month (Across ALL Assets),86.61%/127/2.1 months (Across ALL Assets),No Information,No Information,No Information,No Information,No Information,No Information,No Information,No Information,No Information,No Information,No Information,No Information
TRENDPULSE,"BNS.TO, Long, 2026-05-26 (Price: 111.0)",No Exit Yet,"0.0%, 0 days","100.0%, Past 10 years, 22","Weekly, will be confirmed as valid at the end of this week",Signal Cancelled if Price < 110.61 prior to 2026-05-29,"2026-05-26 (Price: 111.0), 0.0% below",0 days,110.61,No Information,No Information,No Information,No Information,12.4%/0.79%/5.16%,"0%, 33.13%",1.1 year/28 days/3.4 months,2027-12-20/2026-07-05/2026-10-20,7.64%,2.82%,4.82%,1.33,0.06,116.2836/116.7276/139.12/No Horizontal Resistance/114.0496/122.7366/No EMA 200 Target,93.61/62.2517/105.6031/95.6649/98.0954/89.9254/96.57,88.72%/133/4.6 months (Across ALL Assets),77.24%/369/4.1 months (Across ALL Assets),"4, 2016-04-03 (Price: 64.13)",2026-05-24 (Price: 110.27),2026-05-25 (Price: 110.98),2/1/0 days,0.66% above/0.02% above/0.0% below,2016-04-03 (Price: 64.13)/2026-05-26 (Price: 109.5759),No Information,No Information,No Information,No Information,No Information,No Information
TRENDPULSE,"AMD, Long, 2026-05-26 (Price: 503.89)",No Exit Yet,"0.0%, 0 days","87.5%, Past 20 years, 16","Monthly, will be confirmed as valid at the end of this month",Signal Cancelled if Price < 351.87 prior to 2026-05-29,"2026-05-26 (Price: 503.89), 0.0% below",0 days,351.87,No Information,No Information,No Information,No Information,190.68%/3.99%/62.87%,"86.58%, 94.83%",2.1 years/5.1 months/11 months,2029-05-25/2027-01-02/2027-09-15,20.04%,7.35%,12.69%,0.48,0.46,988.5818/820.6856/785.43/No Horizontal Resistance/No Target/No Target/No EMA 200 Target,97.35/80.125/326.3968/290.5572/405.1084/342.5166/232.53,93.94%/66/10.9 months (Across ALL Assets),72.82%/195/9.4 months (Across ALL Assets),"0, 2001-05-31 (Price: 34.65)",2026-04-30 (Price: 354.49),2026-05-05 (Price: 355.26),26/21/0 days,42.15% above/41.84% above/0.0% below,2001-05-31 (Price: 34.65)/2026-05-26 (Price: 282.3638),No Information,No Information,No Information,No Information,No Information,No Information
TRENDPULSE,"ENZL, Long, 2026-05-26 (Price: 44.87)",No Exit Yet,"0.0%, 0 days","100.0%, Past 20 years, 5","Monthly, will be confirmed as valid at the end of this month",Signal Cancelled if Price < 44.69 prior to 2026-05-29,"2026-05-26 (Price: 44.87), 0.0% below",0 days,44.69,No Information,No Information,No Information,No Information,18.88%/13.45%/17.07%,"-0.0%, 22.82%",1.5 year/1 year/1.2 year,2028-07-16/2027-10-29/2028-02-10,5.74%,1.47%,4.27%,1.01,-0.04,No Target/52.5293/48.19/64.905/78.3229/93.1188/45.46,42.65/39.215/No F-Stack Support/No F-Stack Support/No stop loss/No stop loss/No EMA 200 Stop Loss,93.94%/66/10.9 months (Across ALL Assets),72.82%/195/9.4 months (Across ALL Assets),"6, 2024-09-30 (Price: 50.41)",2026-04-30 (Price: 44.6208),2026-05-26 (Price: 44.87),26/0/0 days,0.56% above/0.0% below/0.0% below,2024-09-30 (Price: 50.41)/2026-05-26 (Price: 42.1355),No Information,No Information,No Information,No Information,No Information,No Information
TRENDPULSE,"SPOT, Long, 2026-05-26 (Price: 529.71)",No Exit Yet,"0.0%, 0 days","71.43%, Past 10 years, 7","Weekly, will be confirmed as valid at the end of this week",Signal Cancelled if Price < 519.86 prior to 2026-05-29,"2026-05-26 (Price: 529.71), 0.0% below",0 days,519.86,No Information,No Information,No Information,No Information,36.14%/7.59%/21.41%,"54.43%, 75.45%",7 months/1.2 month/3.3 months,2027-03-26/2026-07-17/2026-10-16,-1.71%,9.43%,-11.14%,0.02,0.47,603.6575/643.1209/660.86/No Horizontal Resistance/971.4029/1422.4646/573.78,417.83/118.6/520.3412/413.8606/511.5969/427.1425/No EMA 200 Stop Loss,88.72%/133/4.6 months (Across ALL Assets),77.24%/369/4.1 months (Across ALL Assets),"2, 2025-08-17 (Price: 748.3)",2026-05-24 (Price: 519.86),2026-05-26 (Price: 529.71),2/0/0 days,1.89% above/0.0% below/0.0% below,2025-08-17 (Price: 748.3)/2026-05-26 (Price: 505.5674),No Information,No Information,No Information,No Information,No Information,No Information
TRENDPULSE,"ATZ.TO, Long, 2026-05-26 (Price: 150.9)",No Exit Yet,"0.0%, 0 days","100.0%, Past 20 years, 4","Monthly, will be confirmed as valid at the end of this month",Signal Cancelled if Price < 144.06 prior to 2026-05-29,"2026-05-26 (Price: 150.9), 0.0% below",0 days,144.06,No Information,No Information,No Information,No Information,43.48%/9.72%/18.16%,"0%, 27.64%",7.1 months/5 months/6.5 months,2027-03-30/2026-12-29/2027-03-04,19.36%,16.18%,3.18%,0.95,0.72,274.0042/178.3034/230.62/No Horizontal Resistance/164.6254/250.1031/No EMA 200 Target,21.57/31.98/111.7977/79.1477/123.9809/104.3039/109.72,93.94%/66/10.9 months (Across ALL Assets),72.82%/195/9.4 months (Across ALL Assets),"4, 2018-07-31 (Price: 18.03)",2026-04-30 (Price: 143.37),2026-05-25 (Price: 145.37),26/1/0 days,5.25% above/3.8% above/0.0% below,2018-07-31 (Price: 18.03)/2026-05-26 (Price: 120.2618),No Information,No Information,No Information,No Information,No Information,No Information
BASELINEDIVERGENCE,"TRI.TO, Long, 2026-05-25 (Price: 119.18)",No Exit Yet,"0.0%, 0 days","82.14%, Past 10 years, 112","Weekly, Nullified",Already confirmed,"2026-05-25 (Price: 119.18), 0.0% below",0 days,119.15,No Information,No Information,No Information,No Information,25.18%/0.9%/8.63%,"16.42%, 26.29%",8.2 months/2.1 months/3.6 months,2027-05-14/2026-08-24/2026-10-28,22.88%,5.43%,17.45%,0.6,0.27,133.6961/129.4652/293.2329/240.8933/293.2329/455.2123/174.54,114.06/No Horizontal Support/93.0152/69.3828/No F-Track Level/No F-Track Level/No EMA 200 Stop Loss,54.55%/33/2.9 months (Across ALL Assets),70.5%/522/3.5 months (Across ALL Assets),No Information,No Information,No Information,No Information,No Information,No Information,No Information,No Information,No Information,No Information,"^GSPC, Normal Case",2026-05-24 (Price: 114.25)
FRACTAL TRACK,"WPM, Short, 2026-04-30 (Price: 126.46)",No Exit Yet,"-3.01%, 26 days","90.0%, Past 20 years, 10","Monthly, was CONFIRMED on 2026-04-30",Already confirmed,"2026-05-26 (Price: 130.27), 3.01% above",26 days,134.63,Upmove Break Below,23.66% (Price: 133.3127),2.28% below,"2022-09-30 (Price: 28.62), 2026-03-31 (Price: 165.76)",15.12%/3.3%/7.86%,"17.6%, 15.12%",3.1 months/1 month/1.6 month,2026-09-11/2026-06-12/2026-07-08,6.28%,4.88%,1.4%,0.46,0.59,No Target/116.5202/44.18/38.3375/114.4872/101.6148/121.41,163.65/No Horizontal Resistance/208.744/224.283/No F-Track Level/No F-Track Level/No EMA 200 Stop Loss,87.5%/8/1.4 month (Across ALL Assets),68.0%/25/1.2 month (Across ALL Assets),No Information,No Information,No Information,No Information,No Information,No Information,No Information,No Information,No Information,No Information,No Information,No Information
FRACTAL TRACK,"WPM, Short, 2026-03-31 (Price: 131.01)",2026-04-30 (Price: 126.46),"3.47%, 1 month","90.0%, Past 20 years, 10","Monthly, was CONFIRMED on 2026-03-31",Already confirmed,"2026-05-26 (Price: 130.27), 0.56% below",1.9 month,163.65,Upmove Break Below,38.2% (Price: 117.097),11.25% above,"2023-10-31 (Price: 38.37), 2026-03-31 (Price: 165.76)",15.12%/3.3%/7.86%,"17.6%, 15.12%",3.1 months/1 month/1.6 month,2026-08-12/2026-05-13/2026-06-08,6.28%,4.88%,1.4%,0.46,0.59,No Target/120.7126/54.58/38.3375/127.6576/114.4872/121.41,163.65/No Horizontal Resistance/188.656/216.4147/No F-Track Level/No F-Track Level/No EMA 200 Stop Loss,87.5%/8/1.4 month (Across ALL Assets),68.0%/25/1.2 month (Across ALL Assets),No Information,No Information,No Information,No Information,No Information,No Information,No Information,No Information,No Information,No Information,No Information,No Information
DELTADRIFT,"QQQ, Short, 2026-05-24 (Price: 717.54)",No Exit Yet,"-1.78%, 2 days","83.33%, Past 15 years, 6","Weekly, was CONFIRMED on 2026-05-24",Already confirmed,"2026-05-26 (Price: 730.28), 1.78% above",2 days,711.54,No Information,No Information,No Information,No Information,10.63%/3.12%/5.09%,"5.78%, 10.63%",2.1 months/7 days/22 days,2026-08-23/2026-06-03/2026-06-24,7.8%,4.79%,3.01%,0.57,0.81,700.8931/681.0172/690.96/256.995/610.7303/563.3658/615.47,No Recent Maxima/No Horizontal Resistance/836.2536/910.0135/No F-Track Level/No F-Track Level/No EMA 200 Stop Loss,93.33%/15/25 days (Across ALL Assets),71.43%/35/29 days (Across ALL Assets),No Information,No Information,No Information,No Information,No Information,No Information,No Information,No Information,No Information,No Information,No Information,No Information
DELTADRIFT,"^NDX, Short, 2026-05-24 (Price: 29481.6426)",No Exit Yet,"-1.76%, 2 days","80.0%, Past 15 years, 5","Weekly, was CONFIRMED on 2026-05-24",Already confirmed,"2026-05-26 (Price: 30001.3184), 1.76% above",2 days,29246.1973,No Information,No Information,No Information,No Information,4.6%/3.09%/3.68%,"5.77%, 7.1%",2.1 months/7 days/26 days,2026-08-23/2026-06-03/2026-06-30,5.62%,4.79%,0.83%,0.35,0.81,29413.8348/28396.7182/28905.28/10555.915/25025.4383/22796.2371/25291.39,No Recent Maxima/No Horizontal Resistance/33965.62/36701.6323/No F-Track Level/No F-Track Level/No EMA 200 Stop Loss,93.33%/15/25 days (Across ALL Assets),71.43%/35/29 days (Across ALL Assets),No Information,No Information,No Information,No Information,No Information,No Information,No Information,No Information,No Information,No Information,No Information,No Information
DELTADRIFT,"^NDX, Short, 2026-05-12 (Price: 29064.7988)",2026-05-26 (Price: 30001.3184),"-3.22%, 14 days","87.5%, Past 4 years, 8","Daily, was CONFIRMED on 2026-05-12",Already confirmed,"2026-05-26 (Price: 30001.3184), 3.22% above",14 days,29067.3574,No Information,No Information,No Information,No Information,1.44%/0.71%/1.02%,"3.69%, 1.75%",6 days/1 day/3 days,2026-05-20/2026-05-13/2026-05-16,4.15%,3.82%,0.33%,0.16,0.62,28907.8489/28768.3379/28838.09/10555.915/25025.4383/22796.2371/25291.39,29320.66/No Horizontal Resistance/33965.62/36701.6323/No F-Track Level/No F-Track Level/No EMA 200 Stop Loss,79.41%/34/4 days (Across ALL Assets),62.71%/118/6 days (Across ALL Assets),No Information,No Information,No Information,No Information,No Information,No Information,No Information,No Information,No Information,No Information,No Information,No Information
