Function,"Symbol, Signal, Signal Date/Price[$]",Exit Signal Date/Price[$],Current Mark to Market and Holding Period,"Win Rate [%], History Tested, Number of Trades","Interval, Confirmation Status",Cancellation Level/Date,"Today Trading Date/Price[$], Today price vs Signal",Trading Days between Signal and Today Date,Signal Open Price,Signal Type,Track Level/Price($),Price on Latest Trading day vs Track Level,"Reference Upmove or Downmove start Date/Price($), end Date/Price($)",Backtested Returns(Win Trades) [%] (Max/Min/Avg),"Backtested Max Loss [%], Backtested Worst Single MTM during Hold Period [%]",Backtested Holding Period(Win Trades) (days) (Max/Min/Avg),Target Exit Date(Win Trades) (Max/Min/Avg),Backtested Strategy CAGR [%],CAGR of Buy and Hold [%],CAGR difference (Strategy - Buy and Hold) [%],Backtested Strategy Sharpe Ratio,Sharpe Ratio of Buy and Hold,Targets (Historic Rise or Fall to Pivot/Avg % Gain of Historic Winning trades/Function Specific Target/Horizontal/F-Stack 1/F-Stack 2/EMA 200) [$],Stop Loss (Recent Extrema/Horizontal/F-Stack 1/F-Stack 2/F-Track 1/F-Track 2/EMA 200) [$],Latest Past 6 Months Performance[%]/No. of Analysed Trades/Avg Holding Period (days) (Across ALL Assets),Forward Testing Win Rate[%]/No. of Analysed Trades/Avg Holding Period (days) (Across ALL Assets),"Level, Trendpulse start Date/Price($)",Trendpulse Breakout Date/Price($),Earliest Unconfirmed Signal Date/Price($),Time from Latest Trading day to Trendpulse Breakout day/Earliest Unconfirmed Signal day/Confirmed Signal day,% Change in Price on Latest Trading day vs Price on Trendpulse Breakout day/Earliest Unconfirmed Signal day/Confirmed Signal day,TrendPulse Start/End (Date and Price($)),Divergence Start/End (Date and Price [$]),Divergence Duration (days) (Max/Min/Avg),"Sigmashell, Success Rate of Past Analysis [%]",Spread,"Divergence observed with, Signal Type","Divergence Start (Date, Price)"
FRACTAL TRACK,"NFLX, Long, 2026-05-31 (Price: 86.02)",No Exit Yet,"-4.67%, 10 days","100.0%, Past 20 years, 12","Weekly, was CONFIRMED on 2026-05-31",Already confirmed,"2026-06-10 (Price: 82.0), 4.67% below",10 days,88.4,Upmove Bounce Back,38.2% (Price: 85.9372),4.58% below,"2016-02-14 (Price: 7.995), 2025-07-06 (Price: 134.115)",29.59%/15.11%/21.13%,"-0.0%, 70.87%",2.7 years/21 days/10 months,2030-04-07/2026-06-30/2027-08-08,16.94%,20.5%,-3.56%,1.94,0.85,105.5465/104.196/161.69/107.7/139.352/152.4292/99.62,76.87/34.8663/77.567/72.1834/No F-Track Level/No F-Track Level/No EMA 200 Stop Loss,89.09%/55/1.4 year (Across ALL Assets),61.63%/172/7.4 months (Across ALL Assets),No Information,No Information,No Information,No Information,No Information,No Information,No Information,No Information,No Information,No Information,No Information,No Information
FRACTAL TRACK,"INFY, Long, 2026-05-31 (Price: 12.65)",No Exit Yet,"-7.04%, 10 days","76.92%, Past 20 years, 13","Weekly, was CONFIRMED on 2026-05-31",Already confirmed,"2026-06-10 (Price: 11.76), 7.04% below",10 days,12.6,Upmove Bounce Back,78.6% (Price: 11.7334),0.23% above,"2020-03-29 (Price: 6.76), 2025-12-21 (Price: 30.0)",22.05%/15.22%/17.66%,"25.74%, 45.92%",5.2 years/1.2 month/11.9 months,2033-11-01/2026-07-22/2027-10-30,5.78%,3.38%,2.4%,0.33,0.18,13.4824/14.884/26.59/23.796/29.9668/31.8515/15.68,12.07/No Horizontal Support/No F-Stack Support/No F-Stack Support/No F-Track Level/No F-Track Level/No EMA 200 Stop Loss,89.09%/55/1.4 year (Across ALL Assets),61.63%/172/7.4 months (Across ALL Assets),No Information,No Information,No Information,No Information,No Information,No Information,No Information,No Information,No Information,No Information,No Information,No Information
FRACTAL TRACK,"SJ.TO, Long, 2026-05-31 (Price: 77.35)",No Exit Yet,"4.38%, 10 days","100.0%, Past 20 years, 14","Weekly, was CONFIRMED on 2026-05-31",Already confirmed,"2026-06-10 (Price: 80.74), 4.38% above",10 days,74.23,Upmove Bounce Back,38.2% (Price: 71.5255),12.88% above,"2020-03-29 (Price: 23.34), 2026-02-15 (Price: 101.31)",21.37%/1.1%/14.81%,"-0.0%, 49.7%",7.2 years/1.2 month/1.4 year,2036-09-09/2026-07-22/2028-05-28,8.83%,9.74%,-0.91%,0.97,0.5,87.8851/88.8055/124.13/84.3925/95.0177/123.2166/85.02,71.28/38.015/66.807/60.0601/No F-Track Level/No F-Track Level/No EMA 200 Stop Loss,89.09%/55/1.4 year (Across ALL Assets),61.63%/172/7.4 months (Across ALL Assets),No Information,No Information,No Information,No Information,No Information,No Information,No Information,No Information,No Information,No Information,No Information,No Information
FRACTAL TRACK,"ATD.TO, Long, 2026-05-17 (Price: 78.46)",No Exit Yet,"6.33%, 24 days","92.31%, Past 20 years, 13","Weekly, was CONFIRMED on 2026-05-17",Already confirmed,"2026-06-10 (Price: 83.43), 6.33% above",24 days,79.1,Upmove Bounce Back,50% (Price: 75.77),10.11% above,"2025-03-23 (Price: 65.95), 2026-03-01 (Price: 85.59)",25.17%/0.64%/14.06%,"2.07%, 20.51%",2.2 years/28 days/6.8 months,2029-07-07/2026-06-26/2027-03-08,9.98%,10.71%,-0.73%,0.97,0.57,87.4437/89.4915/90.24/85.53/85.3936/96.14/No EMA 200 Target,70.84/45.49/59.8475/53.4732/No F-Track Level/No F-Track Level/76.03,89.09%/55/1.4 year (Across ALL Assets),61.63%/172/7.4 months (Across ALL Assets),No Information,No Information,No Information,No Information,No Information,No Information,No Information,No Information,No Information,No Information,No Information,No Information
FRACTAL TRACK,"RELIANCE.NS, Long, 2026-04-26 (Price: 1327.8)",No Exit Yet,"-5.2%, 1.5 month","91.3%, Past 20 years, 23","Weekly, was CONFIRMED on 2026-04-26",Already confirmed,"2026-06-10 (Price: 1258.8), 5.2% below",1.5 month,1363.2,Upmove Bounce Back,61.8% (Price: 1304.6849),3.52% below,"2025-04-13 (Price: 1114.85), 2026-01-11 (Price: 1611.8)",23.63%/4.72%/16.53%,"1.69%, 20.86%",2.6 years/14 days/6.7 months,2030-01-10/2026-05-16/2027-02-11,15.03%,9.05%,5.98%,1.32,0.46,1418.0904/1547.2853/1625.97/1610.3/1879.7264/2065.5547/1425.53,1200.1/1024.7604/1288.3015/1032.6763/No F-Track Level/No F-Track Level/No EMA 200 Stop Loss,89.09%/55/1.4 year (Across ALL Assets),61.63%/172/7.4 months (Across ALL Assets),No Information,No Information,No Information,No Information,No Information,No Information,No Information,No Information,No Information,No Information,No Information,No Information
FRACTAL TRACK,"BABA, Long, 2026-04-26 (Price: 135.82)",2026-06-07 (Price: 121.06),"-10.87%, 1.4 month","100.0%, Past 11 years, 9","Weekly, was CONFIRMED on 2026-04-26",Already confirmed,"2026-06-10 (Price: 115.38), 15.05% below",1.5 month,140.465,Upmove Bounce Back,38.2% (Price: 117.1824),1.54% below,"2024-01-28 (Price: 66.63), 2025-03-23 (Price: 148.43)",32.92%/16.45%/22.55%,"-0.0%, 31.31%",1.2 year/1.6 month/5.5 months,2028-01-11/2026-07-04/2026-12-20,16.77%,2.08%,14.69%,1.15,0.18,148.7365/166.4474/184.9/181.595/399.1612/524.2534/149.69,122.05/67.495/No F-Stack Support/No F-Stack Support/No F-Track Level/No F-Track Level/No EMA 200 Stop Loss,89.09%/55/1.4 year (Across ALL Assets),61.63%/172/7.4 months (Across ALL Assets),No Information,No Information,No Information,No Information,No Information,No Information,No Information,No Information,No Information,No Information,No Information,No Information
FRACTAL TRACK,"AAPL, Long, 2026-04-19 (Price: 270.23)",2026-05-31 (Price: 312.06),"15.48%, 1.4 month","94.74%, Past 20 years, 19","Weekly, was CONFIRMED on 2026-04-19",Already confirmed,"2026-06-10 (Price: 291.58), 7.9% above",1.7 month,259.73,Upmove Bounce Back,23.66% (Price: 249.7111),16.77% above,"2023-01-08 (Price: 124.17), 2025-12-07 (Price: 288.62)",19.63%/15.46%/17.01%,"9.56%, 25.9%",1.4 year/1.4 month/6.5 months,2028-04-16/2026-06-18/2027-01-26,14.66%,18.13%,-3.47%,1.66,0.93,292.2537/316.1961/368.9/284.765/289.238/325.3828/No EMA 200 Target,247.99/136.32/202.8031/187.5583/No F-Track Level/No F-Track Level/266.22,89.09%/55/1.4 year (Across ALL Assets),61.63%/172/7.4 months (Across ALL Assets),No Information,No Information,No Information,No Information,No Information,No Information,No Information,No Information,No Information,No Information,No Information,No Information
FRACTAL TRACK,"NVDA, Long, 2026-04-19 (Price: 201.68)",No Exit Yet,"-0.62%, 1.7 month","100.0%, Past 20 years, 9","Weekly, was CONFIRMED on 2026-04-19",Already confirmed,"2026-06-10 (Price: 200.42), 0.62% below",1.7 month,186.03,Upmove Bounce Back,38.2% (Price: 164.2223),22.04% above,"2025-04-13 (Price: 86.62), 2025-11-02 (Price: 212.19)",23.94%/15.21%/19.58%,"0%, 43.1%",3.7 years/21 days/1 year,2031-07-31/2026-05-19/2027-09-22,15.33%,23.78%,-8.45%,2.53,0.99,239.495/241.1689/277.02/No Horizontal Resistance/239.8943/283.6698/No EMA 200 Target,167.52/13.9695/176.5924/152.8996/No F-Track Level/No F-Track Level/189.02,89.09%/55/1.4 year (Across ALL Assets),61.63%/172/7.4 months (Across ALL Assets),No Information,No Information,No Information,No Information,No Information,No Information,No Information,No Information,No Information,No Information,No Information,No Information
FRACTAL TRACK,"HDFCBANK.NS, Long, 2026-04-19 (Price: 799.9)",No Exit Yet,"-6.63%, 1.7 month","83.33%, Past 20 years, 18","Weekly, was CONFIRMED on 2026-04-19",Already confirmed,"2026-06-10 (Price: 746.85), 6.63% below",1.7 month,791.5,Upmove Bounce Back,38.2% (Price: 719.293),3.83% above,"2016-03-06 (Price: 232.0), 2025-10-26 (Price: 1020.5)",22.05%/6.26%/16.11%,"4.97%, 33.13%",1.6 year/2.6 months/7.6 months,2028-07-31/2026-08-09/2027-03-15,12.07%,10.58%,1.49%,1.38,0.56,877.1703/928.7639/1273.0/1009.6/1098.0619/1180.6259/909.01,750.9/640.9/765.1075/697.8792/No F-Track Level/No F-Track Level/No EMA 200 Stop Loss,89.09%/55/1.4 year (Across ALL Assets),61.63%/172/7.4 months (Across ALL Assets),No Information,No Information,No Information,No Information,No Information,No Information,No Information,No Information,No Information,No Information,No Information,No Information
FRACTAL TRACK,"MSFT, Long, 2026-04-19 (Price: 422.79)",No Exit Yet,"-6.01%, 1.7 month","100.0%, Past 20 years, 15","Weekly, was CONFIRMED on 2026-04-19",Already confirmed,"2026-06-10 (Price: 397.36), 6.01% below",1.7 month,373.61,Upmove Bounce Back,38.2% (Price: 361.6194),9.88% above,"2016-07-03 (Price: 48.04), 2025-08-03 (Price: 555.45)",19.95%/6.95%/15.48%,"-0.0%, 28.45%",1.5 year/1.4 month/9.3 months,2028-06-09/2026-06-18/2027-05-28,11.25%,10.58%,0.67%,1.87,0.58,451.6243/488.2379/727.24/554.585/553.3726/615.9924/454.86,356.77/216.39/386.873/350.287/No F-Track Level/No F-Track Level/No EMA 200 Stop Loss,89.09%/55/1.4 year (Across ALL Assets),61.63%/172/7.4 months (Across ALL Assets),No Information,No Information,No Information,No Information,No Information,No Information,No Information,No Information,No Information,No Information,No Information,No Information
FRACTAL TRACK,"GBPUSD=X, Long, 2026-04-19 (Price: 1.3526)",No Exit Yet,"-1.14%, 1.7 month","100.0%, Past 20 years, 13","Weekly, was CONFIRMED on 2026-04-19",Already confirmed,"2026-06-10 (Price: 1.3372), 1.14% below",1.7 month,1.339,Upmove Bounce Back,50% (Price: 1.343),0.43% below,"2025-11-09 (Price: 1.3012), 2026-02-01 (Price: 1.3847)",2.17%/1.1%/1.64%,"-0.0%, 8.98%",2.9 years/7.9 months/1.8 year,2030-06-09/2027-03-28/2028-11-12,3.11%,-1.16%,4.27%,-0.32,-0.6,No Target/1.3748/1.4/1.364/2.4421/3.2078/No EMA 200 Target,1.32/1.1912/No F-Stack Support/No F-Stack Support/No F-Track Level/No F-Track Level/1.34,89.09%/55/1.4 year (Across ALL Assets),61.63%/172/7.4 months (Across ALL Assets),No Information,No Information,No Information,No Information,No Information,No Information,No Information,No Information,No Information,No Information,No Information,No Information
FRACTAL TRACK,"KWEB, Long, 2026-04-19 (Price: 30.45)",No Exit Yet,"-13.17%, 1.7 month","100.0%, Past 12 years, 9","Weekly, was CONFIRMED on 2026-04-19",Already confirmed,"2026-06-10 (Price: 26.44), 13.17% below",1.7 month,28.35,Upmove Bounce Back,78.6% (Price: 27.1066),2.46% below,"2024-01-28 (Price: 22.68), 2025-10-05 (Price: 43.365)",30.12%/15.07%/18.79%,"-0.0%, 42.44%",2.3 years/1.6 month/9.6 months,2029-07-29/2026-06-27/2027-06-10,12.25%,0.44%,11.81%,1.18,0.07,No Target/36.1716/42.86/54.865/112.1402/127.8094/34.46,27.91/24.5062/No F-Stack Support/No F-Stack Support/No F-Track Level/No F-Track Level/No EMA 200 Stop Loss,89.09%/55/1.4 year (Across ALL Assets),61.63%/172/7.4 months (Across ALL Assets),No Information,No Information,No Information,No Information,No Information,No Information,No Information,No Information,No Information,No Information,No Information,No Information
FRACTAL TRACK,"VGT, Long, 2026-04-19 (Price: 100.6975)",2026-05-31 (Price: 121.06),"20.22%, 1.4 month","100.0%, Past 20 years, 16","Weekly, was CONFIRMED on 2026-04-19",Already confirmed,"2026-06-10 (Price: 112.34), 11.56% above",1.7 month,92.5863,Upmove Bounce Back,23.66% (Price: 81.5828),37.7% above,"2018-12-30 (Price: 19.34), 2025-11-02 (Price: 100.8737)",20.12%/15.11%/16.11%,"-0.0%, 27.55%",1.8 year/1.2 month/9.2 months,2028-11-12/2026-06-10/2027-05-23,12.71%,2.8%,9.91%,2.25,0.29,106.4977/116.9199/149.62/No Horizontal Resistance/118.2702/124.1847/No EMA 200 Target,85.12/38.9788/87.7708/78.2577/No F-Track Level/No F-Track Level/96.48,89.09%/55/1.4 year (Across ALL Assets),61.63%/172/7.4 months (Across ALL Assets),No Information,No Information,No Information,No Information,No Information,No Information,No Information,No Information,No Information,No Information,No Information,No Information
FRACTAL TRACK,"AIA.NZ, Long, 2026-04-19 (Price: 8.18)",No Exit Yet,"0.98%, 1.7 month","93.75%, Past 20 years, 16","Weekly, was CONFIRMED on 2026-04-19",Already confirmed,"2026-06-10 (Price: 8.26), 0.98% above",1.7 month,8.25,Upmove Bounce Back,78.6% (Price: 7.7534),6.53% above,"2025-07-20 (Price: 7.365), 2026-03-01 (Price: 9.18)",20.53%/2.63%/14.41%,"4.23%, 18.81%",2.3 years/2.1 months/1.1 year,2029-07-29/2026-07-19/2027-11-13,8.91%,4.78%,4.13%,0.79,0.23,8.571/9.3587/9.27/8.953/11.1706/12.8535/No EMA 200 Target,7.97/7.0/7.3934/6.6643/No F-Track Level/No F-Track Level/8.17,89.09%/55/1.4 year (Across ALL Assets),61.63%/172/7.4 months (Across ALL Assets),No Information,No Information,No Information,No Information,No Information,No Information,No Information,No Information,No Information,No Information,No Information,No Information
FRACTAL TRACK,"FRW.NZ, Long, 2026-04-19 (Price: 12.25)",No Exit Yet,"11.84%, 1.7 month","100.0%, Past 20 years, 14","Weekly, was CONFIRMED on 2026-04-19",Already confirmed,"2026-06-10 (Price: 13.7), 11.84% above",1.7 month,12.92,Upmove Bounce Back,23.66% (Price: 12.0583),13.61% above,"2003-10-19 (Price: 1.76), 2026-02-15 (Price: 15.25)",20.66%/2.33%/13.82%,"0%, 39.81%",3.7 years/3.7 months/1.1 year,2031-07-31/2026-09-26/2027-11-13,9.27%,4.4%,4.87%,1.81,0.2,12.4938/13.9429/20.34/14.94/16.2179/21.849/13.5,10.0/7.405/11.0078/7.8689/No F-Track Level/No F-Track Level/No EMA 200 Stop Loss,89.09%/55/1.4 year (Across ALL Assets),61.63%/172/7.4 months (Across ALL Assets),No Information,No Information,No Information,No Information,No Information,No Information,No Information,No Information,No Information,No Information,No Information,No Information
FRACTAL TRACK,"BDL.NS, Long, 2026-04-19 (Price: 1380.7)",No Exit Yet,"-14.26%, 1.7 month","85.71%, Past 8 years, 7","Weekly, was CONFIRMED on 2026-04-19",Already confirmed,"2026-06-10 (Price: 1183.8), 14.26% below",1.7 month,1316.0,Upmove Bounce Back,61.8% (Price: 1079.0012),9.71% above,"2023-10-29 (Price: 450.0), 2025-06-01 (Price: 2096.6001)",25.67%/16.13%/20.09%,"7.93%, 41.95%",5.8 months/1.6 month/3.9 months,2026-12-27/2026-06-27/2026-10-05,11.07%,18.53%,-7.46%,0.58,0.79,1554.3921/1658.0826/2368.66/1627.1/2336.9032/2616.0038/1413.19,1136.9/184.5375/1355.4768/1101.1152/No F-Track Level/No F-Track Level/No EMA 200 Stop Loss,89.09%/55/1.4 year (Across ALL Assets),61.63%/172/7.4 months (Across ALL Assets),No Information,No Information,No Information,No Information,No Information,No Information,No Information,No Information,No Information,No Information,No Information,No Information
FRACTAL TRACK,"BRK-B, Long, 2026-04-12 (Price: 479.9)",No Exit Yet,"0.79%, 2 months","95.65%, Past 20 years, 23","Weekly, was CONFIRMED on 2026-04-12",Already confirmed,"2026-06-10 (Price: 483.68), 0.79% above",2 months,475.66,Upmove Bounce Back,61.8% (Price: 478.7441),1.03% above,"2025-08-10 (Price: 455.19), 2025-11-30 (Price: 516.85)",19.45%/0.58%/14.32%,"0.28%, 26.48%",2.7 years/2.3 months/8.9 months,2030-02-17/2026-07-20/2027-05-03,11.09%,7.45%,3.64%,1.52,0.41,518.6279/548.6217/516.9/512.2133/630.85/709.9376/490.41,468.49/268.082/449.7662/405.99/No F-Track Level/No F-Track Level/No EMA 200 Stop Loss,89.09%/55/1.4 year (Across ALL Assets),61.63%/172/7.4 months (Across ALL Assets),No Information,No Information,No Information,No Information,No Information,No Information,No Information,No Information,No Information,No Information,No Information,No Information
FRACTAL TRACK,"EFN.TO, Long, 2026-04-12 (Price: 32.09)",No Exit Yet,"-18.79%, 2 months","90.0%, Past 20 years, 10","Weekly, was CONFIRMED on 2026-04-12",Already confirmed,"2026-06-10 (Price: 26.06), 18.79% below",2 months,30.62,Upmove Bounce Back,23.66% (Price: 29.9672),13.04% below,"2018-03-18 (Price: 3.21), 2025-11-02 (Price: 38.26)",27.12%/15.11%/17.81%,"4.16%, 79.1%",4.3 years/2.6 months/1 year,2032-06-01/2026-08-02/2027-09-15,7.3%,9.59%,-2.29%,0.41,0.48,35.7836/37.8052/53.12/34.925/45.1741/70.5281/33.92,30.11/12.67/29.5041/No stop loss/No F-Track Level/No F-Track Level/No EMA 200 Stop Loss,89.09%/55/1.4 year (Across ALL Assets),61.63%/172/7.4 months (Across ALL Assets),No Information,No Information,No Information,No Information,No Information,No Information,No Information,No Information,No Information,No Information,No Information,No Information
FRACTAL TRACK,"MSFT, Long, 2026-03-15 (Price: 395.55)",No Exit Yet,"0.46%, 2.9 months","100.0%, Past 20 years, 15","Weekly, was CONFIRMED on 2026-03-15",Already confirmed,"2026-06-10 (Price: 397.36), 0.46% above",2.9 months,404.92,Upmove Bounce Back,38.2% (Price: 379.1608),4.8% above,"2018-12-30 (Price: 93.96), 2025-08-03 (Price: 555.45)",19.95%/6.95%/15.48%,"-0.0%, 28.45%",1.5 year/1.4 month/9.3 months,2028-05-05/2026-05-14/2027-04-23,11.25%,10.58%,0.67%,1.87,0.58,422.5265/456.7811/672.44/554.585/553.3726/615.9924/454.86,392.74/216.39/386.873/350.287/No F-Track Level/No F-Track Level/No EMA 200 Stop Loss,89.09%/55/1.4 year (Across ALL Assets),61.63%/172/7.4 months (Across ALL Assets),No Information,No Information,No Information,No Information,No Information,No Information,No Information,No Information,No Information,No Information,No Information,No Information
FRACTAL TRACK,"NFLX, Long, 2026-03-15 (Price: 95.31)",No Exit Yet,"-13.96%, 2.9 months","100.0%, Past 20 years, 12","Weekly, was CONFIRMED on 2026-03-15",Already confirmed,"2026-06-10 (Price: 82.0), 13.96% below",2.9 months,97.7,Upmove Bounce Back,50% (Price: 75.193),9.05% above,"2022-05-15 (Price: 16.271), 2025-07-06 (Price: 134.115)",29.59%/15.11%/21.13%,"-0.0%, 70.87%",2.7 years/21 days/10 months,2030-01-20/2026-04-14/2027-05-23,16.94%,20.5%,-3.56%,1.94,0.85,116.9454/115.449/166.02/No Horizontal Resistance/139.352/152.4292/99.62,76.87/34.8663/86.4764/77.567/No F-Track Level/No F-Track Level/No EMA 200 Stop Loss,89.09%/55/1.4 year (Across ALL Assets),61.63%/172/7.4 months (Across ALL Assets),No Information,No Information,No Information,No Information,No Information,No Information,No Information,No Information,No Information,No Information,No Information,No Information
FRACTAL TRACK,"CEN.NZ, Long, 2026-03-08 (Price: 9.4)",2026-06-10 (Price: 9.6),"2.13%, 3.1 months","84.62%, Past 20 years, 13","Weekly, was CONFIRMED on 2026-03-08",Already confirmed,"2026-06-10 (Price: 9.6), 2.13% above",3.1 months,9.25,Upmove Bounce Back,38.2% (Price: 9.1207),5.26% above,"2024-09-29 (Price: 7.86), 2025-11-30 (Price: 9.9)",20.53%/10.13%/16.11%,"6.36%, 45.18%",11.3 years/6.5 months/3.9 years,2042-04-25/2026-12-15/2031-10-01,3.06%,1.18%,1.88%,-0.01,-0.02,9.7638/10.9143/10.62/9.85/11.2606/15.4512/No EMA 200 Target,9.25/6.86/8.6706/No stop loss/No F-Track Level/No F-Track Level/9.36,89.09%/55/1.4 year (Across ALL Assets),61.63%/172/7.4 months (Across ALL Assets),No Information,No Information,No Information,No Information,No Information,No Information,No Information,No Information,No Information,No Information,No Information,No Information
FRACTAL TRACK,"RELIANCE.NS, Long, 2026-02-22 (Price: 1419.4)",No Exit Yet,"-11.31%, 3.6 months","91.3%, Past 20 years, 23","Weekly, was CONFIRMED on 2026-02-22",Already confirmed,"2026-06-10 (Price: 1258.8), 11.31% below",3.6 months,1420.1,Upmove Bounce Back,23.66% (Price: 1325.1633),5.01% below,"2020-03-29 (Price: 400.3177), 2026-01-11 (Price: 1611.8)",23.63%/4.72%/16.53%,"1.69%, 20.86%",2.6 years/14 days/6.7 months,2029-11-08/2026-03-14/2026-12-10,15.03%,9.05%,5.98%,1.32,0.46,1515.9192/1654.0268/2146.29/1610.3/1879.7264/2065.5547/1425.53,1386.1/1006.0696/1375.0525/1288.3015/No F-Track Level/No F-Track Level/No EMA 200 Stop Loss,89.09%/55/1.4 year (Across ALL Assets),61.63%/172/7.4 months (Across ALL Assets),No Information,No Information,No Information,No Information,No Information,No Information,No Information,No Information,No Information,No Information,No Information,No Information
FRACTAL TRACK,"EFN.TO, Long, 2026-02-08 (Price: 35.44)",No Exit Yet,"-26.47%, 4.1 months","90.0%, Past 20 years, 10","Weekly, was CONFIRMED on 2026-02-08",Already confirmed,"2026-06-10 (Price: 26.06), 26.47% below",4.1 months,34.42,Upmove Bounce Back,38.2% (Price: 33.1947),21.49% below,"2025-02-09 (Price: 25.0), 2025-11-02 (Price: 38.26)",27.12%/15.11%/17.81%,"4.16%, 79.1%",4.3 years/2.6 months/1 year,2032-03-30/2026-05-31/2027-07-14,7.3%,9.59%,-2.29%,0.41,0.48,39.5191/41.7519/43.4/No Horizontal Resistance/45.1741/70.5281/No EMA 200 Target,34.35/12.67/29.5041/No stop loss/No F-Track Level/No F-Track Level/33.92,89.09%/55/1.4 year (Across ALL Assets),61.63%/172/7.4 months (Across ALL Assets),No Information,No Information,No Information,No Information,No Information,No Information,No Information,No Information,No Information,No Information,No Information,No Information
FRACTAL TRACK,"BABA, Long, 2026-01-25 (Price: 173.23)",No Exit Yet,"-33.39%, 4.5 months","100.0%, Past 11 years, 9","Weekly, was CONFIRMED on 2026-01-25",Already confirmed,"2026-06-10 (Price: 115.38), 33.39% below",4.5 months,161.83,Upmove Bounce Back,38.2% (Price: 144.5227),20.16% below,"2024-01-28 (Price: 66.63), 2025-10-05 (Price: 192.67)",32.92%/16.45%/22.55%,"-0.0%, 31.31%",1.2 year/1.6 month/5.5 months,2027-10-12/2026-04-04/2026-09-20,16.77%,2.08%,14.69%,1.15,0.18,189.7042/212.2934/248.85/No Horizontal Resistance/399.1612/524.2534/No EMA 200 Target,149.79/67.495/144.416/No stop loss/No F-Track Level/No F-Track Level/149.69,89.09%/55/1.4 year (Across ALL Assets),61.63%/172/7.4 months (Across ALL Assets),No Information,No Information,No Information,No Information,No Information,No Information,No Information,No Information,No Information,No Information,No Information,No Information
FRACTAL TRACK,"KWEB, Long, 2026-01-18 (Price: 35.71)",No Exit Yet,"-25.96%, 4.8 months","100.0%, Past 12 years, 9","Weekly, was CONFIRMED on 2026-01-18",Already confirmed,"2026-06-10 (Price: 26.44), 25.96% below",4.8 months,36.765,Upmove Bounce Back,38.2% (Price: 33.3776),20.79% below,"2022-10-30 (Price: 17.22), 2025-10-05 (Price: 43.365)",30.12%/15.07%/18.79%,"-0.0%, 42.44%",2.3 years/1.6 month/9.6 months,2029-04-29/2026-03-28/2027-03-11,12.25%,0.44%,11.81%,1.18,0.07,No Target/42.4199/51.4/54.865/112.1402/127.8094/No EMA 200 Target,34.83/24.5062/No F-Stack Support/No F-Stack Support/No F-Track Level/No F-Track Level/34.46,89.09%/55/1.4 year (Across ALL Assets),61.63%/172/7.4 months (Across ALL Assets),No Information,No Information,No Information,No Information,No Information,No Information,No Information,No Information,No Information,No Information,No Information,No Information
FRACTAL TRACK,"BDL.NS, Long, 2026-01-04 (Price: 1495.0)",No Exit Yet,"-20.82%, 5.2 months","85.71%, Past 8 years, 7","Weekly, was CONFIRMED on 2026-01-04",Already confirmed,"2026-06-10 (Price: 1183.8), 20.82% below",5.2 months,1498.0,Upmove Bounce Back,38.2% (Price: 1323.4512),10.55% below,"2020-03-29 (Price: 72.65), 2025-06-01 (Price: 2096.6001)",25.67%/16.13%/20.09%,"7.93%, 41.95%",5.8 months/1.6 month/3.9 months,2026-09-13/2026-03-14/2026-06-22,11.07%,18.53%,-7.46%,0.58,0.79,1683.071/1795.3455/2709.37/1643.7/2355.3598/2625.1645/No EMA 200 Target,1373.1/184.5375/1479.6462/1355.4768/No F-Track Level/No F-Track Level/1413.19,89.09%/55/1.4 year (Across ALL Assets),61.63%/172/7.4 months (Across ALL Assets),No Information,No Information,No Information,No Information,No Information,No Information,No Information,No Information,No Information,No Information,No Information,No Information
FRACTAL TRACK,"TRI.TO, Long, 2025-12-28 (Price: 181.76)",No Exit Yet,"-37.0%, 5.5 months","92.31%, Past 20 years, 13","Weekly, was CONFIRMED on 2025-12-28",Already confirmed,"2026-06-10 (Price: 114.51), 37.0% below",5.5 months,182.27,Upmove Bounce Back,88.6% (Price: 178.5402),35.86% below,"2023-10-29 (Price: 163.01), 2025-07-20 (Price: 299.24)",17.45%/1.4%/11.27%,"1.51%, 22.04%",1.5 year/1.6 month/5.6 months,2028-02-18/2026-03-07/2026-08-28,8.85%,4.54%,4.31%,0.91,0.21,213.0772/202.2444/263.5/240.8933/293.2329/455.2123/No EMA 200 Target,179.89/116.89/131.2534/93.0152/No F-Track Level/No F-Track Level/167.16,89.09%/55/1.4 year (Across ALL Assets),61.63%/172/7.4 months (Across ALL Assets),No Information,No Information,No Information,No Information,No Information,No Information,No Information,No Information,No Information,No Information,No Information,No Information
FRACTAL TRACK,"BTC-USD, Long, 2025-12-07 (Price: 90405.6406)",No Exit Yet,"-31.73%, 6.2 months","83.33%, Past 11 years, 6","Weekly, was CONFIRMED on 2025-12-07",Already confirmed,"2026-06-10 (Price: 61720.1016), 31.73% below",6.2 months,90389.1094,Upmove Bounce Back,38.2% (Price: 79559.2742),22.42% below,"2020-03-15 (Price: 4106.981), 2025-10-12 (Price: 126198.0703)",23.7%/15.62%/20.0%,"5.43%, 65.2%",2 years/14 days/6.6 months,2028-10-14/2025-12-27/2026-09-19,17.51%,37.63%,-20.12%,0.97,1.37,No Target/108486.7687/163660.29/124582.2656/128919.9935/139224.439/No EMA 200 Target,86805.01/18304.4229/89236.7557/81023.3741/No F-Track Level/No F-Track Level/79661.7,89.09%/55/1.4 year (Across ALL Assets),61.63%/172/7.4 months (Across ALL Assets),No Information,No Information,No Information,No Information,No Information,No Information,No Information,No Information,No Information,No Information,No Information,No Information
FRACTAL TRACK,"CRM, Long, 2025-12-07 (Price: 260.57)",No Exit Yet,"-34.41%, 6.2 months","96.15%, Past 20 years, 26","Weekly, was CONFIRMED on 2025-12-07",Already confirmed,"2026-06-10 (Price: 170.92), 34.41% below",6.2 months,228.67,Upmove Bounce Back,61.8% (Price: 219.0361),21.97% below,"2022-12-25 (Price: 126.34), 2024-12-08 (Price: 369.0)",20.66%/6.06%/15.55%,"5.25%, 41.38%",1.4 year/2.3 months/6.4 months,2027-12-05/2026-03-16/2026-09-11,15.57%,11.74%,3.83%,1.41,0.56,No Target/301.0886/406.17/368.045/354.7868/402.2468/No EMA 200 Target,227.11/156.1/253.2538/209.3181/No F-Track Level/No F-Track Level/219.07,89.09%/55/1.4 year (Across ALL Assets),61.63%/172/7.4 months (Across ALL Assets),No Information,No Information,No Information,No Information,No Information,No Information,No Information,No Information,No Information,No Information,No Information,No Information
FRACTAL TRACK,"GBPUSD=X, Long, 2025-11-23 (Price: 1.3085)",No Exit Yet,"2.19%, 6.6 months","100.0%, Past 20 years, 13","Weekly, was CONFIRMED on 2025-11-23",Already confirmed,"2026-06-10 (Price: 1.3372), 2.19% above",6.6 months,1.3157,Upmove Bounce Back,38.2% (Price: 1.3144),1.73% above,"2025-01-19 (Price: 1.2101), 2025-07-06 (Price: 1.3789)",2.17%/1.1%/1.64%,"-0.0%, 8.98%",2.9 years/7.9 months/1.8 year,2030-01-13/2026-11-01/2028-06-18,3.11%,-1.16%,4.27%,-0.32,-0.6,No Target/1.33/1.41/1.4232/2.4421/3.2078/1.34,1.22/1.1912/No F-Stack Support/No F-Stack Support/No F-Track Level/No F-Track Level/No EMA 200 Stop Loss,89.09%/55/1.4 year (Across ALL Assets),61.63%/172/7.4 months (Across ALL Assets),No Information,No Information,No Information,No Information,No Information,No Information,No Information,No Information,No Information,No Information,No Information,No Information
FRACTAL TRACK,"CNU.NZ, Long, 2025-11-02 (Price: 9.36)",No Exit Yet,"4.49%, 7.3 months","100.0%, Past 14 years, 11","Weekly, was CONFIRMED on 2025-11-02",Already confirmed,"2026-06-10 (Price: 9.78), 4.49% above",7.3 months,9.2,Upmove Bounce Back,38.2% (Price: 9.046),8.11% above,"2025-03-23 (Price: 7.535), 2025-09-07 (Price: 9.98)",29.62%/5.27%/16.24%,"0%, 27.27%",3.8 years/2.1 months/1.1 year,2031-04-06/2026-02-01/2027-05-29,13.11%,5.54%,7.57%,1.48,0.28,10.1771/10.8801/10.83/No Horizontal Resistance/10.0225/12.705/9.5,9.2/6.0983/9.3249/7.51/No F-Track Level/No F-Track Level/No EMA 200 Stop Loss,89.09%/55/1.4 year (Across ALL Assets),61.63%/172/7.4 months (Across ALL Assets),No Information,No Information,No Information,No Information,No Information,No Information,No Information,No Information,No Information,No Information,No Information,No Information
FRACTAL TRACK,"TRI.TO, Long, 2025-10-26 (Price: 227.55)",No Exit Yet,"-49.68%, 7.6 months","92.31%, Past 20 years, 13","Weekly, was CONFIRMED on 2025-10-26",Already confirmed,"2026-06-10 (Price: 114.51), 49.68% below",7.6 months,222.85,Upmove Bounce Back,38.2% (Price: 205.33),44.23% below,"2018-05-13 (Price: 53.4023), 2025-07-20 (Price: 299.24)",17.45%/1.4%/11.27%,"1.51%, 22.04%",1.5 year/1.6 month/5.6 months,2027-12-17/2026-01-03/2026-06-26,8.85%,4.54%,4.31%,0.91,0.21,266.7569/253.1949/375.05/240.8933/293.2329/316.3836/No EMA 200 Target,212.03/116.89/193.124/131.2534/No F-Track Level/No F-Track Level/167.16,89.09%/55/1.4 year (Across ALL Assets),61.63%/172/7.4 months (Across ALL Assets),No Information,No Information,No Information,No Information,No Information,No Information,No Information,No Information,No Information,No Information,No Information,No Information
FRACTAL TRACK,"BYDDY, Long, 2025-10-26 (Price: 13.37)",No Exit Yet,"-17.65%, 7.6 months","94.74%, Past 16 years, 19","Weekly, was CONFIRMED on 2025-10-26",Already confirmed,"2026-06-10 (Price: 11.01), 17.65% below",7.6 months,13.5,Upmove Bounce Back,38.2% (Price: 12.8378),14.24% below,"2015-08-30 (Price: 1.17), 2025-05-25 (Price: 20.05)",25.49%/15.19%/19.68%,"18.72%, 52.39%",2.6 years/1.2 month/9.4 months,2029-07-12/2025-12-17/2026-12-08,15.76%,6.59%,9.17%,0.95,0.38,16.9077/16.0012/24.7/13.9472/17.0759/19.2153/No EMA 200 Target,13.12/7.1075/12.4728/9.6555/No F-Track Level/No F-Track Level/12.86,89.09%/55/1.4 year (Across ALL Assets),61.63%/172/7.4 months (Across ALL Assets),No Information,No Information,No Information,No Information,No Information,No Information,No Information,No Information,No Information,No Information,No Information,No Information
FRACTAL TRACK,"CRM, Long, 2025-10-19 (Price: 243.08)",No Exit Yet,"-29.69%, 7.8 months","96.15%, Past 20 years, 26","Weekly, was CONFIRMED on 2025-10-19",Already confirmed,"2026-06-10 (Price: 170.92), 29.69% below",7.8 months,242.89,Upmove Bounce Back,38.2% (Price: 237.0276),27.89% below,"2011-12-25 (Price: 23.5225), 2024-12-08 (Price: 369.0)",20.66%/6.06%/15.55%,"5.25%, 41.38%",1.4 year/2.3 months/6.4 months,2027-10-17/2026-01-26/2026-07-24,15.57%,11.74%,3.83%,1.41,0.56,No Target/280.8789/450.37/368.045/354.7868/400.2507/No EMA 200 Target,240.36/156.1/209.3181/186.7031/No F-Track Level/No F-Track Level/219.07,89.09%/55/1.4 year (Across ALL Assets),61.63%/172/7.4 months (Across ALL Assets),No Information,No Information,No Information,No Information,No Information,No Information,No Information,No Information,No Information,No Information,No Information,No Information
FRACTAL TRACK,"BYDDY, Long, 2025-09-21 (Price: 14.53)",No Exit Yet,"-24.23%, 8.7 months","94.74%, Past 16 years, 19","Weekly, was CONFIRMED on 2025-09-21",Already confirmed,"2026-06-10 (Price: 11.01), 24.23% below",8.7 months,13.89,Upmove Bounce Back,50% (Price: 12.9234),14.81% below,"2021-05-16 (Price: 5.7967), 2025-05-25 (Price: 20.05)",25.49%/15.19%/19.68%,"18.72%, 52.39%",2.6 years/1.2 month/9.4 months,2029-06-07/2025-11-12/2026-11-03,15.76%,6.59%,9.17%,0.95,0.38,18.3746/17.3895/23.08/No Horizontal Resistance/17.0759/19.2153/No EMA 200 Target,13.34/7.1075/12.4728/9.6555/No F-Track Level/No F-Track Level/12.86,89.09%/55/1.4 year (Across ALL Assets),61.63%/172/7.4 months (Across ALL Assets),No Information,No Information,No Information,No Information,No Information,No Information,No Information,No Information,No Information,No Information,No Information,No Information
FRACTAL TRACK,"BDL.NS, Long, 2025-09-14 (Price: 1566.5)",No Exit Yet,"-24.43%, 9 months","85.71%, Past 8 years, 7","Weekly, was CONFIRMED on 2025-09-14",Already confirmed,"2026-06-10 (Price: 1183.8), 24.43% below",9 months,1451.0,Upmove Bounce Back,38.2% (Price: 1446.0159),18.13% below,"2023-02-19 (Price: 393.5), 2025-06-01 (Price: 2096.6001)",25.67%/16.13%/20.09%,"7.93%, 41.95%",5.8 months/1.6 month/3.9 months,2026-05-24/2025-11-22/2026-03-02,11.07%,18.53%,-7.46%,0.58,0.79,1763.5657/1881.2099/2588.36/No Horizontal Resistance/2355.3598/2625.1645/No EMA 200 Target,1435.7/184.5375/1479.6462/1355.4768/No F-Track Level/No F-Track Level/1413.19,89.09%/55/1.4 year (Across ALL Assets),61.63%/172/7.4 months (Across ALL Assets),No Information,No Information,No Information,No Information,No Information,No Information,No Information,No Information,No Information,No Information,No Information,No Information
FRACTAL TRACK,"BYDDY, Long, 2025-08-17 (Price: 14.39)",No Exit Yet,"-23.49%, 9.9 months","94.74%, Past 16 years, 19","Weekly, was CONFIRMED on 2025-08-17",Already confirmed,"2026-06-10 (Price: 11.01), 23.49% below",9.9 months,14.15,Upmove Bounce Back,50% (Price: 13.66),19.4% below,"2024-02-11 (Price: 7.27), 2025-05-25 (Price: 20.05)",25.49%/15.19%/19.68%,"18.72%, 52.39%",2.6 years/1.2 month/9.4 months,2029-05-03/2025-10-08/2026-09-29,15.76%,6.59%,9.17%,0.95,0.38,18.1976/17.222/22.06/No Horizontal Resistance/17.0759/19.2153/No EMA 200 Target,14.23/7.1075/12.4728/9.6555/No F-Track Level/No F-Track Level/12.86,89.09%/55/1.4 year (Across ALL Assets),61.63%/172/7.4 months (Across ALL Assets),No Information,No Information,No Information,No Information,No Information,No Information,No Information,No Information,No Information,No Information,No Information,No Information
FRACTAL TRACK,"MFT.NZ, Long, 2025-07-27 (Price: 66.56)",No Exit Yet,"-1.59%, 10.6 months","90.91%, Past 20 years, 11","Weekly, was CONFIRMED on 2025-07-27",Already confirmed,"2026-06-10 (Price: 65.5), 1.59% below",10.6 months,67.9,Upmove Bounce Back,38.2% (Price: 64.7026),1.23% above,"2025-05-04 (Price: 55.0), 2025-06-08 (Price: 70.7)",17.16%/8.35%/14.13%,"0.53%, 54.04%",2.4 years/2.6 months/11.6 months,2028-12-29/2025-11-16/2026-12-13,7.19%,8.98%,-1.79%,0.9,0.5,71.2392/75.9649/75.98/85.45/105.252/119.9356/No EMA 200 Target,64.01/55.185/54.7158/45.8971/No F-Track Level/No F-Track Level/62.82,89.09%/55/1.4 year (Across ALL Assets),61.63%/172/7.4 months (Across ALL Assets),No Information,No Information,No Information,No Information,No Information,No Information,No Information,No Information,No Information,No Information,No Information,No Information
FRACTAL TRACK,"CRM, Long, 2025-06-15 (Price: 258.4)",No Exit Yet,"-33.85%, 1 year","96.15%, Past 20 years, 26","Weekly, was CONFIRMED on 2025-06-15",Already confirmed,"2026-06-10 (Price: 170.92), 33.85% below",1 year,272.85,Upmove Bounce Back,38.2% (Price: 253.4183),32.55% below,"2016-12-04 (Price: 66.43), 2024-12-08 (Price: 369.0)",20.66%/6.06%/15.55%,"5.25%, 41.38%",1.4 year/2.3 months/6.4 months,2027-06-13/2025-09-22/2026-03-20,15.57%,11.74%,3.83%,1.41,0.56,No Target/298.5812/439.94/368.045/354.7868/398.5273/No EMA 200 Target,240.76/156.1/253.2538/209.3181/No F-Track Level/No F-Track Level/219.07,89.09%/55/1.4 year (Across ALL Assets),61.63%/172/7.4 months (Across ALL Assets),No Information,No Information,No Information,No Information,No Information,No Information,No Information,No Information,No Information,No Information,No Information,No Information
FRACTAL TRACK,"JD, Long, 2025-05-11 (Price: 33.86)",No Exit Yet,"-15.98%, 1.1 year","100.0%, Past 12 years, 5","Weekly, was CONFIRMED on 2025-05-11",Already confirmed,"2026-06-10 (Price: 28.45), 15.98% below",1.1 year,34.025,Upmove Bounce Back,61.8% (Price: 31.134),8.62% below,"2024-01-28 (Price: 20.82), 2024-10-13 (Price: 47.82)",19.17%/17.03%/18.05%,"-0.0%, 7.4%",2.6 months/21 days/1.5 month,2025-08-31/2025-06-10/2025-07-15,9.08%,2.3%,6.78%,1.09,0.22,No Target/39.9717/50.06/92.73/103.1027/108.0778/No EMA 200 Target,32.53/24.07/No F-Stack Support/No F-Stack Support/No F-Track Level/No F-Track Level/30.34,89.09%/55/1.4 year (Across ALL Assets),61.63%/172/7.4 months (Across ALL Assets),No Information,No Information,No Information,No Information,No Information,No Information,No Information,No Information,No Information,No Information,No Information,No Information
FRACTAL TRACK,"CRM, Long, 2025-04-27 (Price: 267.85)",No Exit Yet,"-36.19%, 1.1 year","96.15%, Past 20 years, 26","Weekly, was CONFIRMED on 2025-04-27",Already confirmed,"2026-06-10 (Price: 170.92), 36.19% below",1.1 year,240.43,Upmove Bounce Back,38.2% (Price: 230.0303),25.7% below,"2008-11-23 (Price: 5.205), 2024-12-08 (Price: 369.0)",20.66%/6.06%/15.55%,"5.25%, 41.38%",1.4 year/2.3 months/6.4 months,2027-04-25/2025-08-04/2026-01-30,15.57%,11.74%,3.83%,1.41,0.56,No Target/309.5007/486.13/368.045/354.7868/398.5273/No EMA 200 Target,240.76/156.1/253.2538/209.3181/No F-Track Level/No F-Track Level/219.07,89.09%/55/1.4 year (Across ALL Assets),61.63%/172/7.4 months (Across ALL Assets),No Information,No Information,No Information,No Information,No Information,No Information,No Information,No Information,No Information,No Information,No Information,No Information
DELTADRIFT,"AMZN, Long, 2026-06-09 (Price: 244.19)",No Exit Yet,"-2.53%, 1 day","80.0%, Past 4 years, 15","Daily, was CONFIRMED on 2026-06-09",Already confirmed,"2026-06-10 (Price: 238.0), 2.53% below",1 day,247.7,No Information,No Information,No Information,No Information,10.78%/1.99%/5.36%,"17.68%, 17.68%",26 days/1 day/10 days,2026-07-16/2026-06-10/2026-06-23,8.03%,7.36%,0.67%,0.2,0.38,258.8902/257.2786/258.08/No Horizontal Resistance/317.6152/339.3352/No EMA 200 Target,199.34/86.995/231.81/213.1321/No F-Track Level/No F-Track Level/232.39,79.59%/196/16 days (Across ALL Assets),75.96%/570/16 days (Across ALL Assets),No Information,No Information,No Information,No Information,No Information,No Information,No Information,No Information,No Information,No Information,No Information,No Information
DELTADRIFT,"ETH-USD, Long, 2026-06-09 (Price: 1702.02)",No Exit Yet,"-3.13%, 1 day","85.71%, Past 4 years, 14","Daily, was CONFIRMED on 2026-06-09",Already confirmed,"2026-06-10 (Price: 1648.73), 3.13% below",1 day,1689.78,No Information,No Information,No Information,No Information,18.77%/4.94%/10.07%,"24.06%, 28.71%",2.3 months/1 day/15 days,2026-09-16/2026-06-10/2026-06-30,18.13%,-5.27%,23.4%,0.44,0.17,1783.5468/1873.4134/1828.48/4922.7188/4650.1074/4887.278/2454.29,1580.86/1370.4997/1681.3515/1567.5825/No F-Track Level/No F-Track Level/No EMA 200 Stop Loss,79.59%/196/16 days (Across ALL Assets),75.96%/570/16 days (Across ALL Assets),No Information,No Information,No Information,No Information,No Information,No Information,No Information,No Information,No Information,No Information,No Information,No Information
DELTADRIFT,"^BVSP, Long, 2026-06-09 (Price: 169813.1562)",No Exit Yet,"-0.7%, 1 day","76.92%, Past 4 years, 13","Daily, was CONFIRMED on 2026-06-09",Already confirmed,"2026-06-10 (Price: 168619.2656), 0.7% below",1 day,168672.9844,No Information,No Information,No Information,No Information,3.12%/1.31%/2.21%,"7.82%, 9.72%",1.3 month/1 day/10 days,2026-08-04/2026-06-10/2026-06-23,3.78%,6.13%,-2.35%,0.01,0.35,177624.5614/173566.027/175595.29/No Horizontal Resistance/192289.6/275648.698/No EMA 200 Target,168668.72/96132.0/121313.6/110617.73/No F-Track Level/No F-Track Level/166479.44,79.59%/196/16 days (Across ALL Assets),75.96%/570/16 days (Across ALL Assets),No Information,No Information,No Information,No Information,No Information,No Information,No Information,No Information,No Information,No Information,No Information,No Information
DELTADRIFT,"IBIT, Long, 2026-06-08 (Price: 35.89)",No Exit Yet,"-2.26%, 2 days","100.0%, Past 2 years, 4","Daily, was CONFIRMED on 2026-06-08",Already confirmed,"2026-06-10 (Price: 35.08), 2.26% below",2 days,35.98,No Information,No Information,No Information,No Information,9.68%/5.7%/7.12%,"0%, 9.25%",1.4 month/5 days/22 days,2026-08-07/2026-06-15/2026-07-09,21.26%,18.15%,3.11%,3.38,0.79,38.0255/38.4454/38.24/70.855/82.0046/88.9078/50.02,34.14/No Horizontal Support/No F-Stack Support/No F-Stack Support/No F-Track Level/No F-Track Level/No EMA 200 Stop Loss,79.59%/196/16 days (Across ALL Assets),75.96%/570/16 days (Across ALL Assets),No Information,No Information,No Information,No Information,No Information,No Information,No Information,No Information,No Information,No Information,No Information,No Information
DELTADRIFT,"BTC-USD, Long, 2026-06-07 (Price: 61579.0508)",No Exit Yet,"0.23%, 3 days","75.0%, Past 4 years, 16","Daily, was CONFIRMED on 2026-06-07",Already confirmed,"2026-06-10 (Price: 61720.1016), 0.23% above",3 days,60864.2383,No Information,No Information,No Information,No Information,11.7%/2.55%/5.81%,"26.18%, 26.18%",1.9 month/2 days/13 days,2026-08-28/2026-06-09/2026-06-25,0.66%,4.99%,-4.33%,-0.02,0.27,62065.5253/65156.7937/63611.16/124582.2656/128961.5315/139224.439/79661.7,60922.67/18304.4229/57447.2152/51395.9501/No F-Track Level/No F-Track Level/No EMA 200 Stop Loss,79.59%/196/16 days (Across ALL Assets),75.96%/570/16 days (Across ALL Assets),No Information,No Information,No Information,No Information,No Information,No Information,No Information,No Information,No Information,No Information,No Information,No Information
DELTADRIFT,"EBO.NZ, Long, 2026-06-07 (Price: 20.11)",No Exit Yet,"3.93%, 3 days","75.0%, Past 15 years, 4","Weekly, was CONFIRMED on 2026-06-07",Already confirmed,"2026-06-10 (Price: 20.9), 3.93% above",3 days,19.75,No Information,No Information,No Information,No Information,6.05%/4.89%/5.47%,"11.57%, 11.86%",4.9 months/7 days/2.6 months,2027-01-05/2026-06-17/2026-09-27,2.05%,5.8%,-3.75%,-0.1,0.3,20.6067/21.21/20.91/46.625/51.6772/54.7189/26.05,19.52/No Horizontal Support/19.4238/18.0692/No F-Track Level/No F-Track Level/No EMA 200 Stop Loss,82.76%/29/1.6 month (Across ALL Assets),86.61%/127/2.1 months (Across ALL Assets),No Information,No Information,No Information,No Information,No Information,No Information,No Information,No Information,No Information,No Information,No Information,No Information
DELTADRIFT,"EFN.TO, Long, 2026-06-07 (Price: 26.79)",No Exit Yet,"-2.72%, 3 days","80.0%, Past 15 years, 5","Weekly, was CONFIRMED on 2026-06-07",Already confirmed,"2026-06-10 (Price: 26.06), 2.72% below",3 days,26.92,No Information,No Information,No Information,No Information,22.27%/6.58%/13.09%,"43.16%, 45.87%",2.6 months/7 days/28 days,2026-09-27/2026-06-17/2026-07-17,2.99%,9.59%,-6.6%,0.04,0.48,30.3638/30.2968/30.33/34.925/45.1741/70.5281/33.92,21.35/12.67/No F-Stack Support/No F-Stack Support/No F-Track Level/No F-Track Level/No EMA 200 Stop Loss,82.76%/29/1.6 month (Across ALL Assets),86.61%/127/2.1 months (Across ALL Assets),No Information,No Information,No Information,No Information,No Information,No Information,No Information,No Information,No Information,No Information,No Information,No Information
DELTADRIFT,"CNU.NZ, Long, 2026-06-04 (Price: 9.54)",2026-06-10 (Price: 9.78),"2.52%, 6 days","85.71%, Past 4 years, 14","Daily, was CONFIRMED on 2026-06-04",Already confirmed,"2026-06-10 (Price: 9.78), 2.52% above",6 days,9.52,No Information,No Information,No Information,No Information,4.77%/1.87%/2.92%,"8.37%, 8.37%",1.4 month/2 days/13 days,2026-08-03/2026-06-06/2026-06-22,7.46%,5.93%,1.53%,0.3,0.31,9.9712/9.8186/9.89/9.8533/No Next Fib Ext/No Next Fib Ext/No EMA 200 Target,9.52/6.1325/No F-Stack Support/No F-Stack Support/No F-Track Level/No F-Track Level/9.5,79.59%/196/16 days (Across ALL Assets),75.96%/570/16 days (Across ALL Assets),No Information,No Information,No Information,No Information,No Information,No Information,No Information,No Information,No Information,No Information,No Information,No Information
DELTADRIFT,"SBUX, Long, 2026-06-03 (Price: 95.89)",2026-06-10 (Price: 98.76),"2.99%, 7 days","78.57%, Past 4 years, 14","Daily, was CONFIRMED on 2026-06-03",Already confirmed,"2026-06-10 (Price: 98.76), 2.99% above",7 days,95.48,No Information,No Information,No Information,No Information,7.57%/1.64%/4.07%,"16.2%, 17.41%",2.1 months/1 day/15 days,2026-09-02/2026-06-04/2026-06-24,6.29%,-1.19%,7.48%,0.16,-0.04,102.4872/99.7927/101.14/117.0525/142.4098/150.3462/No EMA 200 Target,95.51/71.675/89.1063/76.529/No F-Track Level/No F-Track Level/91.49,79.59%/196/16 days (Across ALL Assets),75.96%/570/16 days (Across ALL Assets),No Information,No Information,No Information,No Information,No Information,No Information,No Information,No Information,No Information,No Information,No Information,No Information
DELTADRIFT,"NAUKRI.NS, Long, 2026-05-31 (Price: 995.0)",No Exit Yet,"-2.39%, 10 days","75.0%, Past 15 years, 4","Weekly, was CONFIRMED on 2026-05-31",Already confirmed,"2026-06-10 (Price: 971.25), 2.39% below",10 days,964.45,No Information,No Information,No Information,No Information,11.73%/6.17%/9.54%,"22.33%, 28.55%",3.3 months/7 days/1.5 month,2026-10-21/2026-06-10/2026-08-04,3.39%,12.88%,-9.49%,0.04,0.63,1506.7285/1089.923/1298.33/1483.595/2223.4618/2377.3661/1205.83,928.1/662.12/920.5126/832.4874/No F-Track Level/No F-Track Level/No EMA 200 Stop Loss,82.76%/29/1.6 month (Across ALL Assets),86.61%/127/2.1 months (Across ALL Assets),No Information,No Information,No Information,No Information,No Information,No Information,No Information,No Information,No Information,No Information,No Information,No Information
DELTADRIFT,"ZTS, Long, 2026-05-31 (Price: 77.69)",No Exit Yet,"4.63%, 10 days","83.33%, Past 13 years, 6","Weekly, was CONFIRMED on 2026-05-31",Already confirmed,"2026-06-10 (Price: 81.29), 4.63% above",10 days,80.78,No Information,No Information,No Information,No Information,7.95%/4.64%/6.28%,"22.33%, 26.78%",3.3 months/14 days/1.3 month,2026-10-21/2026-06-20/2026-07-26,2.51%,7.85%,-5.34%,0.04,0.42,No Target/82.5689/78.63/199.818/290.5821/304.2726/122.98,74.22/No Horizontal Support/77.5672/70.119/No F-Track Level/No F-Track Level/No EMA 200 Stop Loss,82.76%/29/1.6 month (Across ALL Assets),86.61%/127/2.1 months (Across ALL Assets),No Information,No Information,No Information,No Information,No Information,No Information,No Information,No Information,No Information,No Information,No Information,No Information
DELTADRIFT,"TWR.NZ, Long, 2026-05-26 (Price: 1.905)",No Exit Yet,"-0.26%, 15 days","70.0%, Past 4 years, 10","Daily, was CONFIRMED on 2026-05-26",Already confirmed,"2026-06-10 (Price: 1.9), 0.26% below",15 days,1.9,No Information,No Information,No Information,No Information,4.44%/2.36%/3.29%,"10.44%, 11.77%",2.5 months/1 day/16 days,2026-09-11/2026-05-27/2026-06-18,1.86%,11.2%,-9.34%,-0.11,0.64,1.9734/1.9677/1.97/No Horizontal Resistance/6.5368/7.3695/No EMA 200 Target,1.86/0.6518/No F-Stack Support/No F-Stack Support/No F-Track Level/No F-Track Level/1.89,79.59%/196/16 days (Across ALL Assets),75.96%/570/16 days (Across ALL Assets),No Information,No Information,No Information,No Information,No Information,No Information,No Information,No Information,No Information,No Information,No Information,No Information
DELTADRIFT,"MCD, Long, 2026-05-24 (Price: 282.27)",No Exit Yet,"0.09%, 17 days","100.0%, Past 15 years, 5","Weekly, was CONFIRMED on 2026-05-24",Already confirmed,"2026-06-10 (Price: 282.52), 0.09% above",17 days,275.82,No Information,No Information,No Information,No Information,14.58%/3.15%/7.28%,"0%, 3.2%",1.6 month/7 days/1.1 month,2026-08-01/2026-06-03/2026-07-10,6.97%,6.06%,0.91%,1.56,0.34,327.5179/302.8193/315.17/321.444/370.0426/590.3302/306.16,275.75/230.37/254.2758/233.8976/No F-Track Level/No F-Track Level/No EMA 200 Stop Loss,82.76%/29/1.6 month (Across ALL Assets),86.61%/127/2.1 months (Across ALL Assets),No Information,No Information,No Information,No Information,No Information,No Information,No Information,No Information,No Information,No Information,No Information,No Information
DELTADRIFT,"SJ.TO, Long, 2026-05-24 (Price: 73.96)",2026-06-07 (Price: 81.68),"10.44%, 14 days","71.43%, Past 15 years, 7","Weekly, was CONFIRMED on 2026-05-24",Already confirmed,"2026-06-10 (Price: 80.74), 9.17% above",17 days,73.12,No Information,No Information,No Information,No Information,10.34%/3.91%/7.32%,"13.98%, 15.76%",5.6 months/14 days/2.3 months,2027-01-22/2026-06-13/2026-08-31,3.72%,10.65%,-6.93%,0.05,0.59,81.2007/79.3739/80.29/84.3925/95.0177/123.2166/85.02,71.28/38.015/66.807/60.0601/No F-Track Level/No F-Track Level/No EMA 200 Stop Loss,82.76%/29/1.6 month (Across ALL Assets),86.61%/127/2.1 months (Across ALL Assets),No Information,No Information,No Information,No Information,No Information,No Information,No Information,No Information,No Information,No Information,No Information,No Information
DELTADRIFT,"^BVSP, Long, 2026-05-14 (Price: 178366.0)",2026-06-05 (Price: 169019.0),"-5.24%, 22 days","76.92%, Past 4 years, 13","Daily, was CONFIRMED on 2026-05-14",Already confirmed,"2026-06-10 (Price: 168619.2656), 5.46% below",27 days,177104.0,No Information,No Information,No Information,No Information,3.12%/1.31%/2.21%,"7.82%, 9.72%",1.3 month/1 day/10 days,2026-07-09/2026-05-15/2026-05-28,3.78%,6.13%,-2.35%,0.01,0.35,186570.836/182307.8886/184439.36/No Horizontal Resistance/192289.6/275648.698/No EMA 200 Target,177098.0/96132.0/173653.968/121313.6/No F-Track Level/No F-Track Level/166479.44,79.59%/196/16 days (Across ALL Assets),75.96%/570/16 days (Across ALL Assets),No Information,No Information,No Information,No Information,No Information,No Information,No Information,No Information,No Information,No Information,No Information,No Information
DELTADRIFT,"AEM.TO, Long, 2026-04-27 (Price: 270.05)",2026-06-05 (Price: 228.02),"-15.56%, 1.3 month","100.0%, Past 4 years, 7","Daily, was CONFIRMED on 2026-04-27",Already confirmed,"2026-06-10 (Price: 212.41), 21.34% below",1.5 month,270.03,No Information,No Information,No Information,No Information,5.45%/3.36%/4.72%,"-0.0%, 7.35%",1.2 month/1 day/12 days,2026-06-18/2026-04-28/2026-05-14,9.57%,16.04%,-6.47%,2.05,0.78,285.8479/282.7964/284.32/No Horizontal Resistance/357.3747/374.8434/No EMA 200 Target,248.3/59.606/259.9745/244.3622/No F-Track Level/No F-Track Level/254.3,79.59%/196/16 days (Across ALL Assets),75.96%/570/16 days (Across ALL Assets),No Information,No Information,No Information,No Information,No Information,No Information,No Information,No Information,No Information,No Information,No Information,No Information
DELTADRIFT,"GILD, Long, 2026-04-23 (Price: 133.64)",2026-06-10 (Price: 121.48),"-9.1%, 1.6 month","83.33%, Past 4 years, 6","Daily, was CONFIRMED on 2026-04-23",Already confirmed,"2026-06-10 (Price: 121.48), 9.1% below",1.6 month,134.02,No Information,No Information,No Information,No Information,5.29%/2.0%/3.2%,"6.53%, 9.04%",1.3 month/15 days/28 days,2026-06-18/2026-05-14/2026-06-02,4.7%,10.22%,-5.52%,0.2,0.58,135.5778/137.9165/136.75/No Horizontal Resistance/154.7608/163.0355/No EMA 200 Target,132.9/57.18/121.083/104.5806/No F-Track Level/No F-Track Level/129.05,79.59%/196/16 days (Across ALL Assets),75.96%/570/16 days (Across ALL Assets),No Information,No Information,No Information,No Information,No Information,No Information,No Information,No Information,No Information,No Information,No Information,No Information
DELTADRIFT,"BYD.TO, Long, 2026-04-19 (Price: 167.85)",No Exit Yet,"-20.69%, 1.7 month","83.33%, Past 15 years, 6","Weekly, was CONFIRMED on 2026-04-19",Already confirmed,"2026-06-10 (Price: 133.12), 20.69% below",1.7 month,161.85,No Information,No Information,No Information,No Information,17.64%/5.39%/10.47%,"23.95%, 24.98%",5.4 months/14 days/3.1 months,2026-12-09/2026-05-09/2026-08-31,5.46%,13.53%,-8.07%,0.15,0.7,170.6699/185.4239/178.05/254.5175/367.2583/388.6839/206.95,162.27/No Horizontal Support/147.1212/139.9966/No F-Track Level/No F-Track Level/No EMA 200 Stop Loss,82.76%/29/1.6 month (Across ALL Assets),86.61%/127/2.1 months (Across ALL Assets),No Information,No Information,No Information,No Information,No Information,No Information,No Information,No Information,No Information,No Information,No Information,No Information
DELTADRIFT,"TRI.TO, Long, 2026-04-19 (Price: 127.45)",No Exit Yet,"-10.15%, 1.7 month","85.71%, Past 15 years, 7","Weekly, was CONFIRMED on 2026-04-19",Already confirmed,"2026-06-10 (Price: 114.51), 10.15% below",1.7 month,115.52,No Information,No Information,No Information,No Information,15.31%/4.48%/8.0%,"20.63%, 20.63%",1.4 year/7 days/4.5 months,2028-04-16/2026-04-29/2026-10-31,4.41%,5.25%,-0.84%,0.15,0.26,129.4127/137.646/133.53/240.8933/293.2329/372.3374/167.16,113.99/No Horizontal Support/93.0152/69.3828/No F-Track Level/No F-Track Level/No EMA 200 Stop Loss,82.76%/29/1.6 month (Across ALL Assets),86.61%/127/2.1 months (Across ALL Assets),No Information,No Information,No Information,No Information,No Information,No Information,No Information,No Information,No Information,No Information,No Information,No Information
DELTADRIFT,"BBTC.NS, Long, 2026-04-12 (Price: 1487.4)",No Exit Yet,"2.21%, 2 months","71.43%, Past 15 years, 7","Weekly, was CONFIRMED on 2026-04-12",Already confirmed,"2026-06-10 (Price: 1520.2), 2.21% above",2 months,1410.0,No Information,No Information,No Information,No Information,33.68%/7.57%/15.74%,"19.06%, 19.06%",4.9 months/7 days/2.4 months,2026-11-10/2026-04-22/2026-07-25,5.17%,14.74%,-9.57%,0.19,0.66,1689.2402/1721.5168/1705.38/2145.0/3412.111/3761.7441/1739.84,1375.0/846.25/1057.7422/973.2526/No F-Track Level/No F-Track Level/No EMA 200 Stop Loss,82.76%/29/1.6 month (Across ALL Assets),86.61%/127/2.1 months (Across ALL Assets),No Information,No Information,No Information,No Information,No Information,No Information,No Information,No Information,No Information,No Information,No Information,No Information
DELTADRIFT,"MFT.NZ, Long, 2026-04-05 (Price: 58.99)",2026-05-31 (Price: 64.75),"9.76%, 1.9 month","88.89%, Past 15 years, 9","Weekly, was CONFIRMED on 2026-04-05",Already confirmed,"2026-06-10 (Price: 65.5), 11.04% above",2.2 months,58.89,No Information,No Information,No Information,No Information,13.39%/6.64%/8.98%,"14.48%, 14.87%",21 days/7 days/12 days,2026-05-05/2026-04-15/2026-04-22,11.35%,8.93%,2.42%,0.62,0.51,65.4258/64.2873/64.86/85.45/105.252/119.9356/62.82,58.66/55.185/54.7158/45.8971/No F-Track Level/No F-Track Level/No EMA 200 Stop Loss,82.76%/29/1.6 month (Across ALL Assets),86.61%/127/2.1 months (Across ALL Assets),No Information,No Information,No Information,No Information,No Information,No Information,No Information,No Information,No Information,No Information,No Information,No Information
DELTADRIFT,"EBO.NZ, Long, 2026-03-29 (Price: 22.6)",2026-05-31 (Price: 19.52),"-13.63%, 2.1 months","75.0%, Past 15 years, 4","Weekly, was CONFIRMED on 2026-03-29",Already confirmed,"2026-06-10 (Price: 20.9), 7.52% below",2.4 months,21.83,No Information,No Information,No Information,No Information,6.05%/4.89%/5.47%,"11.57%, 11.86%",4.9 months/7 days/2.6 months,2026-10-27/2026-04-08/2026-07-19,2.05%,5.8%,-3.75%,-0.1,0.3,23.1582/23.8362/23.5/46.625/51.6772/55.325/26.05,21.86/No Horizontal Support/21.8462/19.4238/No F-Track Level/No F-Track Level/No EMA 200 Stop Loss,82.76%/29/1.6 month (Across ALL Assets),86.61%/127/2.1 months (Across ALL Assets),No Information,No Information,No Information,No Information,No Information,No Information,No Information,No Information,No Information,No Information,No Information,No Information
DELTADRIFT,"HDFCBANK.NS, Long, 2026-03-25 (Price: 782.3)",No Exit Yet,"-4.53%, 2.6 months","75.0%, Past 4 years, 12","Daily, was CONFIRMED on 2026-03-25",Already confirmed,"2026-06-10 (Price: 746.85), 4.53% below",2.6 months,768.2,No Information,No Information,No Information,No Information,5.57%/1.67%/2.48%,"8.2%, 8.72%",2.7 months/2 days/27 days,2026-07-20/2026-03-27/2026-05-03,2.68%,1.34%,1.34%,-0.06,-0.01,799.3541/801.701/800.53/1009.6/1098.0619/1305.7899/909.01,744.15/640.9/765.1075/697.8792/No F-Track Level/No F-Track Level/No EMA 200 Stop Loss,79.59%/196/16 days (Across ALL Assets),75.96%/570/16 days (Across ALL Assets),No Information,No Information,No Information,No Information,No Information,No Information,No Information,No Information,No Information,No Information,No Information,No Information
DELTADRIFT,"TCS.NS, Long, 2026-03-08 (Price: 2557.6001)",No Exit Yet,"-15.78%, 3.1 months","80.0%, Past 15 years, 5","Weekly, was CONFIRMED on 2026-03-08",Already confirmed,"2026-06-10 (Price: 2153.8999), 15.78% below",3.1 months,2592.0,No Information,No Information,No Information,No Information,14.06%/3.68%/8.22%,"14.47%, 16.73%",1.9 month/21 days/1.2 month,2026-05-29/2026-04-07/2026-04-29,4.77%,7.06%,-2.29%,0.14,0.37,2743.0261/2767.8348/2755.43/4543.575/5051.5642/5692.579/2855.52,No Recent Minima/No Horizontal Support/2286.8248/1821.1782/No F-Track Level/No F-Track Level/No EMA 200 Stop Loss,82.76%/29/1.6 month (Across ALL Assets),86.61%/127/2.1 months (Across ALL Assets),No Information,No Information,No Information,No Information,No Information,No Information,No Information,No Information,No Information,No Information,No Information,No Information
TRENDPULSE,"SPOT, Long, 2026-06-10 (Price: 503.1)",No Exit Yet,"0.0%, 0 days","100.0%, Past 4 years, 17","Daily, is CONFIRMED on 2026-06-10",Already confirmed,"2026-06-10 (Price: 503.1), 0.0% below",0 days,490.86,No Information,No Information,No Information,No Information,19.42%/0.36%/8.06%,"0%, 26.79%",3.3 months/7 days/1.1 month,2026-10-31/2026-06-20/2026-07-27,33.97%,12.9%,21.07%,1.27,0.61,571.27/543.6499/672.24/No Horizontal Resistance/971.4029/1422.4646/562.65,487.54/118.6/413.8606/348.0506/No stop loss/No stop loss/No EMA 200 Stop Loss,90.31%/320/1.5 month (Across ALL Assets),80.18%/757/1.6 month (Across ALL Assets),"8, 2025-06-27 (Price: 785.0)",2026-06-10 (Price: 503.1),2026-06-10 (Price: 503.1),0/0/0 days,0.0% below/0.0% below/0.0% below,2025-06-27 (Price: 785.0)/2026-06-10 (Price: 494.6648),No Information,No Information,No Information,No Information,No Information,No Information
TRENDPULSE,"FRW.NZ, Long, 2026-06-10 (Price: 13.7)",No Exit Yet,"0.0%, 0 days","76.0%, Past 4 years, 25","Daily, is CONFIRMED on 2026-06-10",Already confirmed,"2026-06-10 (Price: 13.7), 0.0% below",0 days,13.4,No Information,No Information,No Information,No Information,6.83%/1.34%/3.66%,"18.57%, 29.85%",3.4 months/7 days/23 days,2026-11-04/2026-06-20/2026-07-13,-15.97%,8.16%,-24.13%,0.14,0.44,14.074/14.2014/14.51/14.94/15.1835/16.4712/No EMA 200 Target,13.2/7.405/12.995/12.2806/No stop loss/No stop loss/13.5,90.31%/320/1.5 month (Across ALL Assets),80.18%/757/1.6 month (Across ALL Assets),"6, 2026-02-09 (Price: 15.05)",2026-06-08 (Price: 13.2),2026-06-10 (Price: 13.7),2/0/0 days,3.79% above/0.0% below/0.0% below,2026-02-09 (Price: 15.05)/2026-06-10 (Price: 13.1159),No Information,No Information,No Information,No Information,No Information,No Information
TRENDPULSE,"^NZ50, Long, 2026-06-10 (Price: 13253.6504)",No Exit Yet,"0.0%, 0 days","81.82%, Past 4 years, 11","Daily, is CONFIRMED on 2026-06-10",Already confirmed,"2026-06-10 (Price: 13253.6504), 0.0% below",0 days,13210.2402,No Information,No Information,No Information,No Information,2.94%/0.34%/1.58%,"9.56%, 19.48%",1.6 month/7 days/21 days,2026-08-18/2026-06-20/2026-07-10,2.75%,2.48%,0.27%,-0.08,-0.02,13497.5176/13463.0581/13553.04/13741.665/No Next Fib Ext/No Next Fib Ext/13286.99,13038.24/10608.2731/No F-Stack Support/No F-Stack Support/No stop loss/No stop loss/No EMA 200 Stop Loss,90.31%/320/1.5 month (Across ALL Assets),80.18%/757/1.6 month (Across ALL Assets),"4, 2026-01-09 (Price: 13752.6299)",2026-06-10 (Price: 13253.6504),2026-06-10 (Price: 13253.6504),0/0/0 days,0.0% below/0.0% below/0.0% below,2026-01-09 (Price: 13752.6299)/2026-06-10 (Price: 13165.5148),No Information,No Information,No Information,No Information,No Information,No Information
TRENDPULSE,"ASML, Long, 2026-06-09 (Price: 1777.77)",No Exit Yet,"-2.45%, 1 day","82.35%, Past 4 years, 17","Daily, is CONFIRMED on 2026-06-09",Already confirmed,"2026-06-10 (Price: 1734.1899), 2.45% below",1 day,1776.47,No Information,No Information,No Information,No Information,21.88%/0.41%/8.76%,"34.28%, 51.77%",3.8 months/7 days/1 month,2026-11-21/2026-06-19/2026-07-22,11.58%,20.1%,-8.52%,0.12,0.9,1850.6586/1933.5027/2660.89/No Horizontal Resistance/No Target/1900.5085/No EMA 200 Target,1459.44/576.784/1508.8624/1338.7292/No F-Track Level/No F-Track Level/1229.04,90.31%/320/1.5 month (Across ALL Assets),80.18%/757/1.6 month (Across ALL Assets),"2, 2020-01-14 (Price: 305.9)",2026-06-09 (Price: 1777.77),2026-06-09 (Price: 1777.77),1/1/1 days,2.45% below/2.45% below/2.45% below,2020-01-14 (Price: 305.9)/2026-06-09 (Price: 1684.7804),No Information,No Information,No Information,No Information,No Information,No Information
TRENDPULSE,"SPOT, Long, 2026-06-09 (Price: 496.22)",No Exit Yet,"1.39%, 1 day","100.0%, Past 4 years, 17","Daily, is CONFIRMED on 2026-06-09",Already confirmed,"2026-06-10 (Price: 503.1), 1.39% above",1 day,495.86,No Information,No Information,No Information,No Information,19.42%/0.36%/8.06%,"0%, 26.79%",3.3 months/7 days/1.1 month,2026-10-30/2026-06-19/2026-07-26,33.97%,12.9%,21.07%,1.27,0.61,563.4578/536.2153/669.49/No Horizontal Resistance/853.8753/896.959/563.59,487.54/118.6/456.7863/433.8097/No F-Track Level/No F-Track Level/No EMA 200 Stop Loss,90.31%/320/1.5 month (Across ALL Assets),80.18%/757/1.6 month (Across ALL Assets),"0, 2025-06-27 (Price: 785.0)",2026-06-09 (Price: 496.22),2026-06-09 (Price: 496.22),1/1/1 days,1.39% above/1.39% above/1.39% above,2025-06-27 (Price: 785.0)/2026-06-09 (Price: 491.7936),No Information,No Information,No Information,No Information,No Information,No Information
TRENDPULSE,"TFII.TO, Long, 2026-06-08 (Price: 227.87)",No Exit Yet,"-5.98%, 2 days","84.21%, Past 4 years, 19","Daily, is CONFIRMED on 2026-06-08",Already confirmed,"2026-06-10 (Price: 214.25), 5.98% below",2 days,223.03,No Information,No Information,No Information,No Information,11.12%/2.14%/6.46%,"5.39%, 20.53%",3.3 months/8 days/1.4 month,2026-10-29/2026-06-19/2026-08-07,17.74%,20.62%,-2.88%,0.94,0.96,238.1697/242.5904/335.47/No Horizontal Resistance/No Target/280.6304/No EMA 200 Target,183.01/115.2/181.8381/150.2411/No F-Track Level/No F-Track Level/151.22,90.31%/320/1.5 month (Across ALL Assets),80.18%/757/1.6 month (Across ALL Assets),"4, 2020-02-13 (Price: 48.53)",2026-06-05 (Price: 222.37),2026-06-08 (Price: 227.87),5/2/2 days,3.65% below/5.98% below/5.98% below,2020-02-13 (Price: 48.53)/2026-06-08 (Price: 222.055),No Information,No Information,No Information,No Information,No Information,No Information
TRENDPULSE,"GS, Long, 2026-06-07 (Price: 1038.6801)",No Exit Yet,"-3.6%, 3 days","100.0%, Past 10 years, 15","Weekly, is CONFIRMED on 2026-06-05",Already confirmed,"2026-06-10 (Price: 1001.29), 3.6% below",3 days,1015.33,No Information,No Information,No Information,No Information,16.64%/3.13%/6.71%,"-0.0%, 44.52%",1.5 year/1.2 month/3.9 months,2028-07-28/2026-07-29/2026-11-23,8.19%,9.11%,-0.92%,1.21,0.47,No Target/1108.3755/1071.07/No Horizontal Resistance/1236.8362/1411.087/No EMA 200 Target,782.21/288.555/931.1482/794.5775/No F-Track Level/No F-Track Level/862.16,88.72%/133/4.6 months (Across ALL Assets),77.24%/369/4.1 months (Across ALL Assets),"2, 2026-01-18 (Price: 984.7)",2026-05-24 (Price: 996.73),2026-06-05 (Price: 1038.6801),17/5/3 days,0.46% above/3.6% below/3.6% below,2026-01-18 (Price: 984.7)/2026-06-07 (Price: 938.0),No Information,No Information,No Information,No Information,No Information,No Information
TRENDPULSE,"ATD.TO, Long, 2026-06-03 (Price: 80.03)",2026-06-09 (Price: 82.33),"2.87%, 6 days","100.0%, Past 4 years, 21","Daily, is CONFIRMED on 2026-06-03",Already confirmed,"2026-06-10 (Price: 83.43), 4.25% above",7 days,79.14,No Information,No Information,No Information,No Information,5.27%/1.18%/3.35%,"0%, 15.84%",4.4 months/4 days/1.9 month,2026-12-11/2026-06-08/2026-08-24,13.5%,8.26%,5.24%,2.95,0.45,80.6382/82.711/82.9/85.53/85.3936/96.14/No EMA 200 Target,76.86/45.49/59.8475/53.4732/No F-Track Level/No F-Track Level/75.74,90.31%/320/1.5 month (Across ALL Assets),80.18%/757/1.6 month (Across ALL Assets),"4, 2026-02-17 (Price: 84.81)",2026-06-02 (Price: 79.21),2026-06-03 (Price: 80.03),8/7/7 days,5.33% above/4.25% above/4.25% above,2026-02-17 (Price: 84.81)/2026-06-03 (Price: 78.9408),No Information,No Information,No Information,No Information,No Information,No Information
TRENDPULSE,"CRM, Long, 2026-06-01 (Price: 209.6)",No Exit Yet,"-18.45%, 9 days","100.0%, Past 4 years, 23","Daily, is CONFIRMED on 2026-06-01",Already confirmed,"2026-06-10 (Price: 170.92), 18.45% below",9 days,198.75,No Information,No Information,No Information,No Information,10.67%/0.57%/3.7%,"0%, 31.2%",3.5 months/7 days/28 days,2026-10-31/2026-06-11/2026-07-11,1.63%,1.12%,0.51%,1.27,0.12,212.3458/217.3552/258.11/368.045/398.5273/443.7751/221.13,176.17/156.1/209.3181/186.7031/No F-Track Level/No F-Track Level/No EMA 200 Stop Loss,90.31%/320/1.5 month (Across ALL Assets),80.18%/757/1.6 month (Across ALL Assets),"2, 2025-03-25 (Price: 290.45)",2026-05-29 (Price: 191.1),2026-06-01 (Price: 209.6),12/9/9 days,10.56% below/18.45% below/18.45% below,2025-03-25 (Price: 290.45)/2026-06-01 (Price: 183.6313),No Information,No Information,No Information,No Information,No Information,No Information
TRENDPULSE,"SFTBY, Long, 2026-05-31 (Price: 23.7)",No Exit Yet,"-17.55%, 10 days","100.0%, Past 20 years, 7","Monthly, is CONFIRMED on 2026-05-31",Already confirmed,"2026-06-10 (Price: 19.54), 17.55% below",10 days,16.84,No Information,No Information,No Information,No Information,48.64%/36.67%/39.66%,"-0.0%, 64.04%",1 year/5.1 months/10.4 months,2027-11-03/2027-01-07/2027-08-25,14.31%,12.1%,2.21%,1.04,0.56,24.7902/33.0994/35.29/No Horizontal Resistance/23.8631/28.656/No EMA 200 Target,12.09/4.205/21.4583/19.7458/No F-Track Level/No F-Track Level/15.18,93.94%/66/10.9 months (Across ALL Assets),72.82%/195/9.4 months (Across ALL Assets),"8, 2013-07-31 (Price: 4.3775)",2026-04-30 (Price: 17.0),2026-05-31 (Price: 23.7),41/10/10 days,14.94% above/17.55% below/17.55% below,2013-07-31 (Price: 4.3775)/2026-05-31 (Price: 11.9909),No Information,No Information,No Information,No Information,No Information,No Information
TRENDPULSE,"BNS.TO, Long, 2026-05-31 (Price: 110.62)",No Exit Yet,"2.93%, 10 days","100.0%, Past 10 years, 22","Weekly, is CONFIRMED on 2026-05-29",Already confirmed,"2026-06-10 (Price: 113.86), 2.93% above",10 days,110.61,No Information,No Information,No Information,No Information,12.4%/0.79%/5.16%,"0%, 33.13%",1.1 year/28 days/3.4 months,2027-12-25/2026-07-10/2026-10-25,7.64%,2.82%,4.82%,1.33,0.06,115.8855/116.328/138.51/No Horizontal Resistance/113.9126/137.6923/No EMA 200 Target,93.61/62.2517/92.969/69.3218/No F-Track Level/No F-Track Level/97.07,88.72%/133/4.6 months (Across ALL Assets),77.24%/369/4.1 months (Across ALL Assets),"4, 2016-04-03 (Price: 64.13)",2026-05-31 (Price: 110.62),2026-05-29 (Price: 110.62),10/12/10 days,2.93% above/2.93% above/2.93% above,2016-04-03 (Price: 64.13)/2026-05-31 (Price: 109.5759),No Information,No Information,No Information,No Information,No Information,No Information
TRENDPULSE,"AMD, Long, 2026-05-31 (Price: 516.1)",No Exit Yet,"-12.34%, 10 days","87.5%, Past 20 years, 16","Monthly, is CONFIRMED on 2026-05-31",Already confirmed,"2026-06-10 (Price: 452.4), 12.34% below",10 days,351.87,No Information,No Information,No Information,No Information,190.68%/3.99%/62.87%,"86.58%, 94.83%",2.1 years/5.1 months/11 months,2029-05-30/2027-01-07/2027-09-20,20.04%,7.35%,12.69%,0.48,0.46,1012.5366/840.5721/804.97/No Horizontal Resistance/No Target/No Target/No EMA 200 Target,97.35/80.125/346.1753/307.9609/No F-Track Level/No F-Track Level/237.58,93.94%/66/10.9 months (Across ALL Assets),72.82%/195/9.4 months (Across ALL Assets),"0, 2001-05-31 (Price: 34.65)",2026-04-30 (Price: 354.49),2026-05-05 (Price: 355.26),41/36/10 days,27.62% above/27.34% above/12.34% below,2001-05-31 (Price: 34.65)/2026-05-31 (Price: 282.3638),No Information,No Information,No Information,No Information,No Information,No Information
TRENDPULSE,"ENZL, Long, 2026-05-31 (Price: 46.7303)",No Exit Yet,"-3.21%, 10 days","100.0%, Past 20 years, 5","Monthly, is CONFIRMED on 2026-05-31",Already confirmed,"2026-06-10 (Price: 45.2292), 3.21% below",10 days,44.69,No Information,No Information,No Information,No Information,18.88%/13.45%/17.07%,"-0.0%, 22.82%",1.5 year/1 year/1.2 year,2028-07-21/2027-11-03/2028-02-15,5.74%,1.47%,4.27%,1.01,-0.04,No Target/54.7072/48.94/64.905/79.7363/84.688/No EMA 200 Target,42.65/39.215/No F-Stack Support/No F-Stack Support/No F-Track Level/No F-Track Level/45.47,93.94%/66/10.9 months (Across ALL Assets),72.82%/195/9.4 months (Across ALL Assets),"6, 2024-09-30 (Price: 50.41)",2026-04-30 (Price: 44.62),2026-05-26 (Price: 44.87),41/15/10 days,1.37% above/0.8% above/3.21% below,2024-09-30 (Price: 50.41)/2026-05-31 (Price: 42.1355),No Information,No Information,No Information,No Information,No Information,No Information
TRENDPULSE,"MEL.NZ, Long, 2026-05-31 (Price: 5.87)",No Exit Yet,"0.17%, 10 days","88.89%, Past 20 years, 9","Monthly, is CONFIRMED on 2026-05-31",Already confirmed,"2026-06-10 (Price: 5.88), 0.17% above",10 days,5.65,No Information,No Information,No Information,No Information,24.71%/12.8%/20.43%,"24.88%, 41.24%",11.1 months/5 months/7.7 months,2027-09-25/2027-01-03/2027-04-30,7.04%,7.6%,-0.56%,0.43,0.44,7.1426/7.0692/6.48/6.825/7.4565/8.4213/No EMA 200 Target,5.53/4.3875/4.5145/3.5923/No F-Track Level/No F-Track Level/5.69,93.94%/66/10.9 months (Across ALL Assets),72.82%/195/9.4 months (Across ALL Assets),"2, 2024-07-31 (Price: 6.89)",2026-04-30 (Price: 5.68),2026-05-29 (Price: 5.87),41/12/10 days,3.52% above/0.17% above/0.17% above,2024-07-31 (Price: 6.89)/2026-05-31 (Price: 5.594),No Information,No Information,No Information,No Information,No Information,No Information
TRENDPULSE,"ATZ.TO, Long, 2026-05-31 (Price: 154.8)",No Exit Yet,"3.83%, 10 days","100.0%, Past 20 years, 4","Monthly, is CONFIRMED on 2026-05-31",Already confirmed,"2026-06-10 (Price: 160.73), 3.83% above",10 days,144.06,No Information,No Information,No Information,No Information,43.48%/9.72%/18.16%,"0%, 27.64%",7.1 months/5 months/6.5 months,2027-04-04/2027-01-03/2027-03-09,19.36%,16.18%,3.18%,0.95,0.72,281.0858/182.9117/236.86/No Horizontal Resistance/No Target/179.9964/No EMA 200 Target,21.57/31.98/119.4832/99.4929/No F-Track Level/No F-Track Level/110.94,93.94%/66/10.9 months (Across ALL Assets),72.82%/195/9.4 months (Across ALL Assets),"4, 2018-07-31 (Price: 18.03)",2026-04-30 (Price: 143.37),2026-05-25 (Price: 145.37),41/16/10 days,12.11% above/10.57% above/3.83% above,2018-07-31 (Price: 18.03)/2026-05-31 (Price: 120.2618),No Information,No Information,No Information,No Information,No Information,No Information
TRENDPULSE,"TFII.TO, Long, 2026-05-31 (Price: 212.68)",No Exit Yet,"0.74%, 10 days","95.83%, Past 10 years, 24","Weekly, is CONFIRMED on 2026-05-29",Already confirmed,"2026-06-10 (Price: 214.25), 0.74% above",10 days,205.41,No Information,No Information,No Information,No Information,21.06%/2.82%/14.8%,"26.87%, 44.49%",1.5 year/1.2 month/3.9 months,2028-07-21/2026-07-22/2026-11-16,14.81%,12.36%,2.45%,1.07,0.63,234.2032/244.1566/326.49/219.9933/223.9051/280.6304/No EMA 200 Target,135.82/115.2/181.8381/150.2411/No F-Track Level/No F-Track Level/148.36,88.72%/133/4.6 months (Across ALL Assets),77.24%/369/4.1 months (Across ALL Assets),"2, 2016-03-20 (Price: 22.99)",2026-05-24 (Price: 204.42),2026-05-29 (Price: 212.68),17/12/10 days,4.81% above/0.74% above/0.74% above,2016-03-20 (Price: 22.99)/2026-05-31 (Price: 201.8734),No Information,No Information,No Information,No Information,No Information,No Information
TRENDPULSE,"WFG.TO, Long, 2026-05-31 (Price: 95.29)",No Exit Yet,"-3.51%, 10 days","95.65%, Past 10 years, 23","Weekly, is CONFIRMED on 2026-05-29",Already confirmed,"2026-06-10 (Price: 91.95), 3.51% below",10 days,87.0,No Information,No Information,No Information,No Information,26.97%/4.35%/16.74%,"7.37%, 61.12%",10.3 months/1.2 month/3.9 months,2027-08-21/2026-07-22/2026-11-16,13.39%,5.58%,7.81%,1.17,0.31,98.9587/111.2415/101.27/131.52/170.6139/181.1797/No EMA 200 Target,81.57/80.9467/80.1487/76.1079/No F-Track Level/No F-Track Level/91.21,88.72%/133/4.6 months (Across ALL Assets),77.24%/369/4.1 months (Across ALL Assets),"2, 2026-02-08 (Price: 105.25)",2026-05-24 (Price: 85.95),2026-05-29 (Price: 95.29),17/12/10 days,6.98% above/3.51% below/3.51% below,2026-02-08 (Price: 105.25)/2026-05-31 (Price: 82.6722),No Information,No Information,No Information,No Information,No Information,No Information
TRENDPULSE,"TD.TO, Long, 2026-05-25 (Price: 156.56)",2026-06-10 (Price: 159.65),"1.97%, 16 days","95.45%, Past 4 years, 22","Daily, is CONFIRMED on 2026-05-25",Already confirmed,"2026-06-10 (Price: 159.65), 1.97% above",16 days,155.77,No Information,No Information,No Information,No Information,4.43%/0.31%/2.32%,"4.88%, 19.34%",1.4 month/4 days/12 days,2026-07-24/2026-05-30/2026-06-11,5.25%,11.6%,-6.35%,0.93,0.81,162.6972/160.1922/205.85/No Horizontal Resistance/No Target/201.9998/No EMA 200 Target,142.93/74.9133/128.6672/101.1064/No F-Track Level/No F-Track Level/124.07,90.31%/320/1.5 month (Across ALL Assets),80.18%/757/1.6 month (Across ALL Assets),"4, 2020-01-20 (Price: 74.41)",2026-05-21 (Price: 153.15),2026-05-25 (Price: 156.56),20/16/16 days,4.24% above/1.97% above/1.97% above,2020-01-20 (Price: 74.41)/2026-05-25 (Price: 150.8909),No Information,No Information,No Information,No Information,No Information,No Information
TRENDPULSE,"BBTC.NS, Long, 2026-05-25 (Price: 1546.6)",No Exit Yet,"-1.71%, 16 days","100.0%, Past 4 years, 21","Daily, is CONFIRMED on 2026-05-25",Already confirmed,"2026-06-10 (Price: 1520.2), 1.71% below",16 days,1533.8,No Information,No Information,No Information,No Information,14.78%/0.49%/8.44%,"0%, 27.11%",4.7 months/7 days/2.1 months,2026-12-15/2026-06-04/2026-08-24,13.16%,7.4%,5.76%,1.47,0.39,1617.125/1677.133/1899.64/2145.0/3412.111/3761.7441/1759.04,1465.6/846.25/1538.0338/1057.7422/No F-Track Level/No F-Track Level/No EMA 200 Stop Loss,90.31%/320/1.5 month (Across ALL Assets),80.18%/757/1.6 month (Across ALL Assets),"6, 2025-10-23 (Price: 2135.0)",2026-05-25 (Price: 1546.6),2026-05-25 (Price: 1546.6),16/16/16 days,1.71% below/1.71% below/1.71% below,2025-10-23 (Price: 2135.0)/2026-05-25 (Price: 1528.6542),No Information,No Information,No Information,No Information,No Information,No Information
TRENDPULSE,"TSLA, Long, 2026-05-24 (Price: 426.01)",No Exit Yet,"-10.43%, 17 days","100.0%, Past 10 years, 20","Weekly, is CONFIRMED on 2026-05-22",Already confirmed,"2026-06-10 (Price: 381.59), 10.43% below",17 days,419.27,No Information,No Information,No Information,No Information,91.2%/12.35%/39.19%,"0%, 49.37%",8.4 months/28 days/2.2 months,2027-05-24/2026-07-03/2026-08-27,30.03%,28.37%,1.66%,1.84,1.1,666.4074/592.9633/469.7/487.1467/541.282/564.9603/No EMA 200 Target,348.95/196.47/353.8797/223.4247/No F-Track Level/No F-Track Level/410.03,88.72%/133/4.6 months (Across ALL Assets),77.24%/369/4.1 months (Across ALL Assets),"2, 2025-12-28 (Price: 498.83)",2026-05-10 (Price: 428.35),2026-05-22 (Price: 426.01),31/19/17 days,10.92% below/10.43% below/10.43% below,2025-12-28 (Price: 498.83)/2026-05-24 (Price: 381.2956),No Information,No Information,No Information,No Information,No Information,No Information
TRENDPULSE,"SPY, Long, 2026-05-24 (Price: 745.64)",No Exit Yet,"-2.71%, 17 days","100.0%, Past 10 years, 24","Weekly, is CONFIRMED on 2026-05-22",Already confirmed,"2026-06-10 (Price: 725.43), 2.71% below",17 days,739.83,No Information,No Information,No Information,No Information,9.31%/2.6%/4.31%,"0%, 32.23%",8.4 months/28 days/2.5 months,2027-05-24/2026-07-03/2026-09-09,8.51%,8.18%,0.33%,2.8,0.54,809.8396/777.7771/1066.47/No Horizontal Resistance/969.1148/1522.3697/No EMA 200 Target,634.09/412.1625/627.1849/415.8599/No F-Track Level/No F-Track Level/678.85,88.72%/133/4.6 months (Across ALL Assets),77.24%/369/4.1 months (Across ALL Assets),"4, 2016-04-24 (Price: 210.92)",2026-05-24 (Price: 745.64),2026-05-20 (Price: 741.25),17/21/17 days,2.71% below/2.13% below/2.71% below,2016-04-24 (Price: 210.92)/2026-05-24 (Price: 732.6906),No Information,No Information,No Information,No Information,No Information,No Information
TRENDPULSE,"MEL.NZ, Long, 2026-05-24 (Price: 5.9)",No Exit Yet,"-0.34%, 17 days","100.0%, Past 10 years, 20","Weekly, is CONFIRMED on 2026-05-22",Already confirmed,"2026-06-10 (Price: 5.88), 0.34% below",17 days,5.83,No Information,No Information,No Information,No Information,24.31%/3.73%/10.23%,"-0.0%, 22.1%",3.3 months/1.4 month/1.8 month,2026-10-14/2026-07-23/2026-08-10,11.03%,7.59%,3.44%,0.58,0.4,6.4286/6.5036/6.42/6.825/7.4565/8.4213/No EMA 200 Target,5.35/4.3875/4.5145/3.5923/No F-Track Level/No F-Track Level/5.68,88.72%/133/4.6 months (Across ALL Assets),77.24%/369/4.1 months (Across ALL Assets),"2, 2024-06-02 (Price: 6.76)",2026-05-10 (Price: 5.76),2026-05-21 (Price: 5.91),31/20/17 days,2.08% above/0.51% below/0.34% below,2024-06-02 (Price: 6.76)/2026-05-24 (Price: 5.6717),No Information,No Information,No Information,No Information,No Information,No Information
TRENDPULSE,"IBIT, Long, 2026-05-21 (Price: 44.0)",No Exit Yet,"-20.27%, 20 days","100.0%, Past 4 years, 8","Daily, is CONFIRMED on 2026-05-21",Already confirmed,"2026-06-10 (Price: 35.08), 20.27% below",20 days,43.75,No Information,No Information,No Information,No Information,7.07%/4.18%/5.87%,"-0.0%, 8.48%",1.8 month/6 days/23 days,2026-08-07/2026-05-29/2026-06-23,32.48%,18.15%,14.33%,1.51,0.79,49.3416/46.5828/59.53/70.855/88.9078/123.2518/51.82,43.5/41.99/No F-Stack Support/No F-Stack Support/No F-Track Level/No F-Track Level/No EMA 200 Stop Loss,90.31%/320/1.5 month (Across ALL Assets),80.18%/757/1.6 month (Across ALL Assets),"0, 2025-08-13 (Price: 69.89)",2026-05-21 (Price: 44.0),2026-05-21 (Price: 44.0),20/20/20 days,20.27% below/20.27% below/20.27% below,2025-08-13 (Price: 69.89)/2026-05-21 (Price: 43.7366),No Information,No Information,No Information,No Information,No Information,No Information
TRENDPULSE,"PG, Long, 2026-05-21 (Price: 143.4)",No Exit Yet,"3.94%, 20 days","75.0%, Past 4 years, 24","Daily, is CONFIRMED on 2026-05-21",Already confirmed,"2026-06-10 (Price: 149.05), 3.94% above",20 days,141.88,No Information,No Information,No Information,No Information,4.88%/0.18%/2.03%,"6.35%, 18.75%",7 months/7 days/2.1 months,2027-03-21/2026-05-31/2026-08-20,6.69%,3.03%,3.66%,0.0,0.09,145.8665/146.311/157.48/179.4533/186.6499/209.3631/149.9,141.3/137.0167/140.2317/117.5404/No F-Track Level/No F-Track Level/No EMA 200 Stop Loss,90.31%/320/1.5 month (Across ALL Assets),80.18%/757/1.6 month (Across ALL Assets),"6, 2026-02-24 (Price: 166.87)",2026-05-21 (Price: 143.4),2026-05-21 (Price: 143.4),20/20/20 days,3.94% above/3.94% above/3.94% above,2026-02-24 (Price: 166.87)/2026-05-21 (Price: 140.9175),No Information,No Information,No Information,No Information,No Information,No Information
TRENDPULSE,"NVDA, Long, 2026-05-20 (Price: 223.47)",No Exit Yet,"-10.31%, 21 days","91.67%, Past 4 years, 24","Daily, is CONFIRMED on 2026-05-20",Already confirmed,"2026-06-10 (Price: 200.42), 10.31% below",21 days,223.18,No Information,No Information,No Information,No Information,19.41%/2.96%/8.95%,"6.69%, 63.72%",1.4 month/6 days/12 days,2026-07-19/2026-05-28/2026-06-06,14.93%,46.02%,-31.09%,0.77,1.8,273.4826/243.4706/353.66/No Horizontal Resistance/239.8943/283.6698/No EMA 200 Target,196.5/13.9695/176.5924/152.8996/No F-Track Level/No F-Track Level/186.65,90.31%/320/1.5 month (Across ALL Assets),80.18%/757/1.6 month (Across ALL Assets),"4, 2020-01-24 (Price: 6.4875)",2026-05-19 (Price: 220.61),2026-05-20 (Price: 223.47),22/21/21 days,9.15% below/10.31% below/10.31% below,2020-01-24 (Price: 6.4875)/2026-05-20 (Price: 220.1165),No Information,No Information,No Information,No Information,No Information,No Information
TRENDPULSE,"SPY, Long, 2026-05-17 (Price: 739.17)",No Exit Yet,"-1.86%, 24 days","100.0%, Past 10 years, 24","Weekly, is CONFIRMED on 2026-05-15",Already confirmed,"2026-06-10 (Price: 725.43), 1.86% below",24 days,736.45,No Information,No Information,No Information,No Information,9.31%/2.6%/4.31%,"0%, 32.23%",8.4 months/28 days/2.5 months,2027-05-17/2026-06-26/2026-09-02,8.51%,8.18%,0.33%,2.8,0.54,802.8125/771.0282/1056.12/No Horizontal Resistance/969.1148/1522.3697/No EMA 200 Target,634.09/412.1625/627.1849/415.8599/No F-Track Level/No F-Track Level/676.07,88.72%/133/4.6 months (Across ALL Assets),77.24%/369/4.1 months (Across ALL Assets),"4, 2016-04-24 (Price: 210.92)",2026-05-10 (Price: 737.62),2026-05-17 (Price: 739.17),31/24/24 days,1.65% below/1.86% below/1.86% below,2016-04-24 (Price: 210.92)/2026-05-17 (Price: 730.9072),No Information,No Information,No Information,No Information,No Information,No Information
TRENDPULSE,"GOOG, Long, 2026-05-14 (Price: 397.17)",No Exit Yet,"-11.04%, 27 days","100.0%, Past 4 years, 20","Daily, is CONFIRMED on 2026-05-14",Already confirmed,"2026-06-10 (Price: 353.32), 11.04% below",27 days,393.79,No Information,No Information,No Information,No Information,10.73%/0.12%/5.11%,"-0.0%, 25.37%",2.6 months/6 days/29 days,2026-09-03/2026-05-22/2026-06-25,19.91%,22.22%,-2.31%,1.44,1.16,No Target/417.4654/589.51/No Horizontal Resistance/505.0904/561.7053/No EMA 200 Target,273.14/84.51/365.3613/345.4418/No F-Track Level/No F-Track Level/290.27,90.31%/320/1.5 month (Across ALL Assets),80.18%/757/1.6 month (Across ALL Assets),"0, 2020-02-19 (Price: 76.6053)",2026-05-13 (Price: 399.04),2026-05-14 (Price: 397.17),28/27/27 days,11.46% below/11.04% below/11.04% below,2020-02-19 (Price: 76.6053)/2026-05-14 (Price: 382.837),No Information,No Information,No Information,No Information,No Information,No Information
TRENDPULSE,"NVDA, Long, 2026-05-14 (Price: 235.74)",No Exit Yet,"-14.98%, 27 days","91.67%, Past 4 years, 24","Daily, is CONFIRMED on 2026-05-14",Already confirmed,"2026-06-10 (Price: 200.42), 14.98% below",27 days,229.85,No Information,No Information,No Information,No Information,19.41%/2.96%/8.95%,"6.69%, 63.72%",1.4 month/6 days/12 days,2026-07-13/2026-05-22/2026-05-31,14.93%,46.02%,-31.09%,0.77,1.8,288.4986/256.8387/373.29/No Horizontal Resistance/239.8943/283.6698/No EMA 200 Target,196.5/13.9695/176.5924/152.8996/No F-Track Level/No F-Track Level/185.74,90.31%/320/1.5 month (Across ALL Assets),80.18%/757/1.6 month (Across ALL Assets),"4, 2020-01-24 (Price: 6.4875)",2026-05-12 (Price: 220.78),2026-05-14 (Price: 235.74),29/27/27 days,9.22% below/14.98% below/14.98% below,2020-01-24 (Price: 6.4875)/2026-05-14 (Price: 218.85),No Information,No Information,No Information,No Information,No Information,No Information
TRENDPULSE,"BABA, Long, 2026-05-14 (Price: 141.12)",No Exit Yet,"-18.24%, 27 days","75.0%, Past 4 years, 28","Daily, is CONFIRMED on 2026-05-14",Already confirmed,"2026-06-10 (Price: 115.38), 18.24% below",27 days,140.98,No Information,No Information,No Information,No Information,13.07%/2.31%/7.74%,"49.23%, 66.54%",3.1 months/7 days/28 days,2026-09-25/2026-05-24/2026-06-23,-2.5%,-4.51%,2.01%,-0.15,0.02,145.9886/152.0427/142.72/181.595/395.5515/453.696/149.06,130.43/67.495/138.4263/108.0763/No F-Track Level/No F-Track Level/No EMA 200 Stop Loss,90.31%/320/1.5 month (Across ALL Assets),80.18%/757/1.6 month (Across ALL Assets),"2, 2026-04-17 (Price: 143.78)",2026-05-13 (Price: 145.81),2026-05-14 (Price: 141.12),28/27/27 days,20.87% below/18.24% below/18.24% below,2026-04-17 (Price: 143.78)/2026-05-14 (Price: 133.8496),No Information,No Information,No Information,No Information,No Information,No Information
TRENDPULSE,"CEN.NZ, Long, 2026-05-14 (Price: 9.9)",No Exit Yet,"-3.03%, 27 days","73.33%, Past 4 years, 30","Daily, is CONFIRMED on 2026-05-14",Already confirmed,"2026-06-10 (Price: 9.6), 3.03% below",27 days,9.86,No Information,No Information,No Information,No Information,7.56%/0.63%/2.89%,"7.04%, 16.17%",3.4 months/10 days/1.4 month,2026-10-08/2026-05-28/2026-07-13,1.21%,5.44%,-4.23%,0.03,0.28,10.0673/10.1861/9.99/No Horizontal Resistance/11.2606/15.4512/No EMA 200 Target,9.63/6.86/8.6706/No stop loss/No F-Track Level/No F-Track Level/9.31,90.31%/320/1.5 month (Across ALL Assets),80.18%/757/1.6 month (Across ALL Assets),"0, 2025-11-14 (Price: 9.75)",2026-05-13 (Price: 9.9),2026-05-14 (Price: 9.9),28/27/27 days,3.03% below/3.03% below/3.03% below,2025-11-14 (Price: 9.75)/2026-05-14 (Price: 9.7449),No Information,No Information,No Information,No Information,No Information,No Information
TRENDPULSE,"BBTC.NS, Long, 2026-05-14 (Price: 1537.9)",No Exit Yet,"-1.15%, 27 days","100.0%, Past 4 years, 21","Daily, is CONFIRMED on 2026-05-14",Already confirmed,"2026-06-10 (Price: 1520.2), 1.15% below",27 days,1532.5,No Information,No Information,No Information,No Information,14.78%/0.49%/8.44%,"0%, 27.11%",4.7 months/7 days/2.1 months,2026-12-04/2026-05-24/2026-08-13,13.16%,7.4%,5.76%,1.47,0.39,1608.0282/1667.6988/1756.96/2145.0/3412.111/3761.7441/1773.69,1465.6/846.25/1057.7422/973.2526/No F-Track Level/No F-Track Level/No EMA 200 Stop Loss,90.31%/320/1.5 month (Across ALL Assets),80.18%/757/1.6 month (Across ALL Assets),"2, 2026-02-11 (Price: 1903.0)",2026-05-12 (Price: 1465.6),2026-05-14 (Price: 1537.9),29/27/27 days,3.73% above/1.15% below/1.15% below,2026-02-11 (Price: 1903.0)/2026-05-14 (Price: 1461.0542),No Information,No Information,No Information,No Information,No Information,No Information
TRENDPULSE,"ASHR, Long, 2026-05-10 (Price: 35.73)",No Exit Yet,"-2.99%, 1 month","76.0%, Past 10 years, 25","Weekly, is CONFIRMED on 2026-05-08",Already confirmed,"2026-06-10 (Price: 34.66), 2.99% below",1 month,35.39,No Information,No Information,No Information,No Information,24.71%/0.16%/9.6%,"34.5%, 52.68%",10.3 months/28 days/4.5 months,2027-07-31/2026-06-19/2026-11-21,0.45%,2.08%,-1.64%,-0.12,0.08,38.0131/39.1601/37.18/39.9467/60.2967/80.3432/No EMA 200 Target,32.0/23.36/No F-Stack Support/No F-Stack Support/No F-Track Level/No F-Track Level/32.73,88.72%/133/4.6 months (Across ALL Assets),77.24%/369/4.1 months (Across ALL Assets),"2, 2025-10-05 (Price: 33.32)",2026-05-10 (Price: 35.73),2026-05-08 (Price: 35.73),31/33/31 days,2.99% below/2.99% below/2.99% below,2025-10-05 (Price: 33.32)/2026-05-10 (Price: 35.187),No Information,No Information,No Information,No Information,No Information,No Information
TRENDPULSE,"MEL.NZ, Long, 2026-05-10 (Price: 5.76)",No Exit Yet,"2.08%, 1 month","100.0%, Past 10 years, 20","Weekly, is CONFIRMED on 2026-05-08",Already confirmed,"2026-06-10 (Price: 5.88), 2.08% above",1 month,5.69,No Information,No Information,No Information,No Information,24.31%/3.73%/10.23%,"-0.0%, 22.1%",3.3 months/1.4 month/1.8 month,2026-09-30/2026-07-09/2026-07-27,11.03%,7.59%,3.44%,0.58,0.4,6.2761/6.3492/6.44/6.825/7.4565/8.4213/No EMA 200 Target,5.35/4.3875/4.5145/3.5923/No F-Track Level/No F-Track Level/5.68,88.72%/133/4.6 months (Across ALL Assets),77.24%/369/4.1 months (Across ALL Assets),"0, 2024-07-21 (Price: 6.89)",2026-05-03 (Price: 5.72),2026-05-08 (Price: 5.76),38/33/31 days,2.8% above/2.08% above/2.08% above,2024-07-21 (Price: 6.89)/2026-05-10 (Price: 5.6562),No Information,No Information,No Information,No Information,No Information,No Information
TRENDPULSE,"TSLA, Long, 2026-05-08 (Price: 428.35)",No Exit Yet,"-10.92%, 1.1 month","80.95%, Past 4 years, 21","Daily, is CONFIRMED on 2026-05-08",Already confirmed,"2026-06-10 (Price: 381.59), 10.92% below",1.1 month,416.48,No Information,No Information,No Information,No Information,36.18%/0.85%/13.28%,"33.47%, 65.02%",1.6 month/6 days/19 days,2026-07-16/2026-05-16/2026-06-04,29.12%,26.43%,2.69%,0.18,1.05,471.8704/485.2349/438.33/487.1467/541.282/564.9603/No EMA 200 Target,372.8/196.47/353.8797/223.4247/No F-Track Level/No F-Track Level/404.39,90.31%/320/1.5 month (Across ALL Assets),80.18%/757/1.6 month (Across ALL Assets),"2, 2025-09-22 (Price: 444.98)",2026-05-07 (Price: 411.79),2026-05-08 (Price: 428.35),34/33/33 days,7.33% below/10.92% below/10.92% below,2025-09-22 (Price: 444.98)/2026-05-08 (Price: 404.6203),No Information,No Information,No Information,No Information,No Information,No Information
TRENDPULSE,"HDFCBANK.NS, Long, 2026-05-07 (Price: 796.05)",No Exit Yet,"-6.18%, 1.1 month","100.0%, Past 4 years, 19","Daily, is CONFIRMED on 2026-05-07",Already confirmed,"2026-06-10 (Price: 746.85), 6.18% below",1.1 month,794.0,No Information,No Information,No Information,No Information,8.15%/1.92%/3.76%,"-0.0%, 9.57%",3 months/6 days/1.2 month,2026-09-14/2026-05-15/2026-06-28,14.18%,6.24%,7.94%,1.18,0.33,816.1901/825.9815/922.26/1009.6/1098.0619/1180.6259/936.64,772.3/640.9/765.1075/697.8792/No F-Track Level/No F-Track Level/No EMA 200 Stop Loss,90.31%/320/1.5 month (Across ALL Assets),80.18%/757/1.6 month (Across ALL Assets),"4, 2026-01-05 (Price: 1006.4)",2026-05-06 (Price: 796.55),2026-05-07 (Price: 796.05),35/34/34 days,6.24% below/6.18% below/6.18% below,2026-01-05 (Price: 1006.4)/2026-05-07 (Price: 775.0131),No Information,No Information,No Information,No Information,No Information,No Information
TRENDPULSE,"CEN.NZ, Long, 2026-05-07 (Price: 9.9)",No Exit Yet,"-3.03%, 1.1 month","73.33%, Past 4 years, 30","Daily, is CONFIRMED on 2026-05-07",Already confirmed,"2026-06-10 (Price: 9.6), 3.03% below",1.1 month,9.85,No Information,No Information,No Information,No Information,7.56%/0.63%/2.89%,"7.04%, 16.17%",3.4 months/10 days/1.4 month,2026-10-01/2026-05-21/2026-07-06,1.21%,5.44%,-4.23%,0.03,0.28,10.0673/10.1861/9.99/No Horizontal Resistance/11.2606/15.4512/No EMA 200 Target,9.23/6.86/8.6706/No stop loss/No F-Track Level/No F-Track Level/9.29,90.31%/320/1.5 month (Across ALL Assets),80.18%/757/1.6 month (Across ALL Assets),"0, 2025-11-14 (Price: 9.75)",2026-05-06 (Price: 9.79),2026-05-07 (Price: 9.9),35/34/34 days,1.94% below/3.03% below/3.03% below,2025-11-14 (Price: 9.75)/2026-05-07 (Price: 9.7518),No Information,No Information,No Information,No Information,No Information,No Information
TRENDPULSE,"GOOG, Long, 2026-05-06 (Price: 395.14)",No Exit Yet,"-10.58%, 1.2 month","100.0%, Past 4 years, 20","Daily, is CONFIRMED on 2026-05-06",Already confirmed,"2026-06-10 (Price: 353.32), 10.58% below",1.2 month,389.59,No Information,No Information,No Information,No Information,10.73%/0.12%/5.11%,"-0.0%, 25.37%",2.6 months/6 days/29 days,2026-08-26/2026-05-14/2026-06-17,19.91%,22.22%,-2.31%,1.44,1.16,No Target/415.3317/586.26/No Horizontal Resistance/505.0904/561.7053/No EMA 200 Target,273.14/84.51/365.3613/345.4418/No F-Track Level/No F-Track Level/284.28,90.31%/320/1.5 month (Across ALL Assets),80.18%/757/1.6 month (Across ALL Assets),"0, 2020-02-19 (Price: 76.6053)",2026-05-04 (Price: 379.64),2026-05-06 (Price: 395.14),37/35/35 days,6.93% below/10.58% below/10.58% below,2020-02-19 (Price: 76.6053)/2026-05-06 (Price: 380.0352),No Information,No Information,No Information,No Information,No Information,No Information
TRENDPULSE,"AMZN, Long, 2026-05-03 (Price: 268.26)",No Exit Yet,"-11.28%, 1.3 month","88.0%, Past 10 years, 25","Weekly, is CONFIRMED on 2026-05-01",Already confirmed,"2026-06-10 (Price: 238.0), 11.28% below",1.3 month,263.46,No Information,No Information,No Information,No Information,22.98%/2.35%/10.1%,"25.73%, 54.83%",1.1 year/28 days/4.9 months,2027-11-27/2026-06-12/2026-12-01,8.88%,16.61%,-7.73%,0.22,0.84,290.0427/295.3543/274.06/No Horizontal Resistance/317.6152/339.3352/No EMA 200 Target,198.79/86.995/231.81/213.1321/No F-Track Level/No F-Track Level/227.38,88.72%/133/4.6 months (Across ALL Assets),77.24%/369/4.1 months (Across ALL Assets),"2, 2025-11-09 (Price: 258.6)",2026-04-19 (Price: 250.56),2026-04-30 (Price: 265.06),52/41/38 days,5.01% below/10.21% below/11.28% below,2025-11-09 (Price: 258.6)/2026-05-03 (Price: 234.45),No Information,No Information,No Information,No Information,No Information,No Information
TRENDPULSE,"RINF, Long, 2026-05-03 (Price: 32.56)",2026-06-10 (Price: 32.69),"0.4%, 1.3 month","90.0%, Past 10 years, 10","Weekly, is CONFIRMED on 2026-05-01",Already confirmed,"2026-06-10 (Price: 32.69), 0.4% above",1.3 month,32.25,No Information,No Information,No Information,No Information,4.91%/1.48%/3.43%,"20.02%, 29.23%",10.7 months/1.2 month/5.6 months,2027-08-10/2026-06-24/2027-01-01,0.41%,-0.95%,1.36%,-0.17,-0.45,33.0614/33.6768/34.71/35.1525/41.8158/48.2716/No EMA 200 Target,31.79/28.7133/No F-Stack Support/No F-Stack Support/No F-Track Level/No F-Track Level/32.38,88.72%/133/4.6 months (Across ALL Assets),77.24%/369/4.1 months (Across ALL Assets),"4, 2022-10-30 (Price: 36.14)",2026-04-26 (Price: 32.26),2026-04-30 (Price: 32.41),45/41/38 days,1.33% above/0.86% above/0.4% above,2022-10-30 (Price: 36.14)/2026-05-03 (Price: 32.1868),No Information,No Information,No Information,No Information,No Information,No Information
TRENDPULSE,"GRANULES.NS, Long, 2026-05-03 (Price: 699.7)",2026-06-07 (Price: 789.85),"12.88%, 1.2 month","72.73%, Past 10 years, 33","Weekly, is CONFIRMED on 2026-05-01",Already confirmed,"2026-06-10 (Price: 760.8), 8.73% above",1.3 month,690.0,No Information,No Information,No Information,No Information,47.31%/2.41%/11.99%,"22.94%, 56.91%",4.9 months/1.2 month/2.1 months,2026-12-01/2026-06-24/2026-08-02,16.43%,22.66%,-6.23%,0.14,0.98,847.4766/783.594/1036.18/No Horizontal Resistance/732.8952/884.591/No EMA 200 Target,562.2/229.525/696.635/643.2768/No F-Track Level/No F-Track Level/559.43,88.72%/133/4.6 months (Across ALL Assets),77.24%/369/4.1 months (Across ALL Assets),"4, 2016-05-01 (Price: 138.9)",2026-04-26 (Price: 689.45),2026-05-03 (Price: 699.7),45/38/38 days,10.35% above/8.73% above/8.73% above,2016-05-01 (Price: 138.9)/2026-05-03 (Price: 665.9684),No Information,No Information,No Information,No Information,No Information,No Information
TRENDPULSE,"PPL.TO, Long, 2026-05-03 (Price: 63.2)",2026-06-10 (Price: 68.23),"7.96%, 1.3 month","83.33%, Past 10 years, 18","Weekly, is CONFIRMED on 2026-05-01",Already confirmed,"2026-06-10 (Price: 68.23), 7.96% above",1.3 month,59.37,No Information,No Information,No Information,No Information,8.32%/2.92%/5.56%,"31.85%, 56.46%",2.3 years/1.2 month/9.5 months,2029-08-12/2026-06-24/2027-06-19,2.46%,4.73%,-2.27%,-0.09,0.23,66.2083/66.7139/65.2/No Horizontal Resistance/65.6559/68.3455/No EMA 200 Target,58.17/37.49/56.5867/51.3443/No F-Track Level/No F-Track Level/55.41,88.72%/133/4.6 months (Across ALL Assets),77.24%/369/4.1 months (Across ALL Assets),"0, 2024-10-20 (Price: 59.86)",2026-04-26 (Price: 59.29),2026-05-01 (Price: 63.2),45/40/38 days,15.08% above/7.96% above/7.96% above,2024-10-20 (Price: 59.86)/2026-05-03 (Price: 58.8247),No Information,No Information,No Information,No Information,No Information,No Information
TRENDPULSE,"AIA.NZ, Long, 2026-05-01 (Price: 8.37)",No Exit Yet,"-1.31%, 1.3 month","89.47%, Past 4 years, 38","Daily, is CONFIRMED on 2026-05-01",Already confirmed,"2026-06-10 (Price: 8.26), 1.31% below",1.3 month,8.25,No Information,No Information,No Information,No Information,8.49%/0.39%/4.16%,"6.37%, 18.81%",4.7 months/7 days/28 days,2026-11-21/2026-05-11/2026-06-10,10.93%,4.6%,6.33%,0.64,0.22,8.7333/8.7182/8.86/8.953/11.1706/12.8535/No EMA 200 Target,8.15/7.0/7.3934/6.6643/No F-Track Level/No F-Track Level/8.08,90.31%/320/1.5 month (Across ALL Assets),80.18%/757/1.6 month (Across ALL Assets),"2, 2026-02-27 (Price: 9.18)",2026-04-30 (Price: 8.25),2026-05-01 (Price: 8.37),41/40/40 days,0.12% above/1.31% below/1.31% below,2026-02-27 (Price: 9.18)/2026-05-01 (Price: 8.1055),No Information,No Information,No Information,No Information,No Information,No Information
TRENDPULSE,"DOL.TO, Long, 2026-05-01 (Price: 174.0)",2026-06-09 (Price: 177.88),"2.23%, 1.3 month","100.0%, Past 4 years, 33","Daily, is CONFIRMED on 2026-05-01",Already confirmed,"2026-06-10 (Price: 179.57), 3.2% above",1.3 month,173.68,No Information,No Information,No Information,No Information,9.01%/0.29%/2.81%,"-0.0%, 13.61%",4 months/6 days/1.2 month,2026-10-21/2026-05-09/2026-06-22,17.28%,17.39%,-0.11%,1.01,1.13,179.4984/178.8894/191.7/199.54/294.0831/455.769/189.0,169.07/53.835/132.3972/94.2286/No F-Track Level/No F-Track Level/No EMA 200 Stop Loss,90.31%/320/1.5 month (Across ALL Assets),80.18%/757/1.6 month (Across ALL Assets),"4, 2026-02-27 (Price: 203.5)",2026-04-29 (Price: 170.31),2026-05-01 (Price: 174.0),42/40/40 days,5.44% above/3.2% above/3.2% above,2026-02-27 (Price: 203.5)/2026-05-01 (Price: 169.1658),No Information,No Information,No Information,No Information,No Information,No Information
TRENDPULSE,"^TNX, Long, 2026-04-30 (Price: 4.39)",No Exit Yet,"3.46%, 1.4 month","85.71%, Past 20 years, 14","Monthly, is CONFIRMED on 2026-04-30",Already confirmed,"2026-06-10 (Price: 4.542), 3.46% above",1.4 month,4.293,No Information,No Information,No Information,No Information,48.31%/4.17%/29.27%,"56.79%, 83.03%",1.4 year/4.1 months/6.5 months,2028-04-27/2026-10-23/2027-02-06,0.6%,-0.57%,1.17%,0.28,0.01,5.1986/5.675/4.64/4.6918/17.4008/18.8284/No EMA 200 Target,3.96/1.6875/No F-Stack Support/No F-Stack Support/No F-Track Level/No F-Track Level/4.19,93.94%/66/10.9 months (Across ALL Assets),72.82%/195/9.4 months (Across ALL Assets),"2, 2025-01-31 (Price: 4.809)",2026-04-30 (Price: 4.39),2026-04-22 (Price: 4.294),41/49/41 days,3.46% above/5.78% above/3.46% above,2025-01-31 (Price: 4.809)/2026-04-30 (Price: 4.134),No Information,No Information,No Information,No Information,No Information,No Information
TRENDPULSE,"TRI.TO, Long, 2026-04-29 (Price: 127.74)",No Exit Yet,"-10.36%, 1.4 month","100.0%, Past 4 years, 25","Daily, is CONFIRMED on 2026-04-29",Already confirmed,"2026-06-10 (Price: 114.51), 10.36% below",1.4 month,123.06,No Information,No Information,No Information,No Information,7.54%/0.92%/4.0%,"-0.0%, 12.09%",5.6 months/4 days/1.5 month,2026-12-28/2026-05-04/2026-07-03,14.26%,3.12%,11.14%,1.14,0.12,133.6671/132.8496/189.1/240.8933/293.2329/372.3374/187.9,121.48/No Horizontal Support/93.0152/69.3828/No F-Track Level/No F-Track Level/No EMA 200 Stop Loss,90.31%/320/1.5 month (Across ALL Assets),80.18%/757/1.6 month (Across ALL Assets),"6, 2025-10-24 (Price: 230.0)",2026-04-28 (Price: 123.04),2026-04-29 (Price: 127.74),43/42/42 days,6.93% below/10.36% below/10.36% below,2025-10-24 (Price: 230.0)/2026-04-29 (Price: 120.5297),No Information,No Information,No Information,No Information,No Information,No Information
TRENDPULSE,"ETH-USD, Long, 2026-04-26 (Price: 2369.729)",No Exit Yet,"-30.43%, 1.5 month","77.78%, Past 10 years, 9","Weekly, is CONFIRMED on 2026-04-24",Already confirmed,"2026-06-10 (Price: 1648.73), 30.43% below",1.5 month,2264.8735,No Information,No Information,No Information,No Information,33.27%/12.18%/21.42%,"58.01%, 76.79%",5.6 months/1.2 month/2 months,2026-12-25/2026-06-17/2026-07-21,6.94%,18.28%,-11.34%,0.19,0.93,4378.5483/2877.325/3920.13/4922.7188/4650.1074/4887.278/2779.67,1936.6/1370.4997/2286.2684/1681.3515/No F-Track Level/No F-Track Level/No EMA 200 Stop Loss,88.72%/133/4.6 months (Across ALL Assets),77.24%/369/4.1 months (Across ALL Assets),"2, 2025-08-24 (Price: 4953.7329)",2026-04-12 (Price: 2192.2012),2026-04-26 (Price: 2369.729),59/45/45 days,24.79% below/30.43% below/30.43% below,2025-08-24 (Price: 4953.7329)/2026-04-26 (Price: 2073.9977),No Information,No Information,No Information,No Information,No Information,No Information
TRENDPULSE,"QQQ, Long, 2026-04-26 (Price: 663.88)",2026-05-31 (Price: 738.31),"11.21%, 1.2 month","88.89%, Past 10 years, 18","Weekly, is CONFIRMED on 2026-04-24",Already confirmed,"2026-06-10 (Price: 693.69), 4.49% above",1.5 month,648.04,No Information,No Information,No Information,No Information,12.09%/1.74%/6.41%,"10.15%, 35.46%",4.2 months/1.2 month/2.2 months,2026-10-25/2026-06-17/2026-07-30,7.81%,12.14%,-4.33%,0.34,0.81,750.7819/706.4347/990.68/No Horizontal Resistance/836.2536/910.0135/No EMA 200 Target,562.58/256.995/610.7303/563.3658/No F-Track Level/No F-Track Level/601.36,88.72%/133/4.6 months (Across ALL Assets),77.24%/369/4.1 months (Across ALL Assets),"2, 2016-09-25 (Price: 119.22)",2026-04-26 (Price: 663.88),2026-04-24 (Price: 663.88),45/47/45 days,4.49% above/4.49% above/4.49% above,2016-09-25 (Price: 119.22)/2026-04-26 (Price: 649.2686),No Information,No Information,No Information,No Information,No Information,No Information
TRENDPULSE,"SOXX, Long, 2026-04-26 (Price: 461.6)",2026-06-07 (Price: 539.77),"16.93%, 1.4 month","86.96%, Past 10 years, 23","Weekly, is CONFIRMED on 2026-04-24",Already confirmed,"2026-06-10 (Price: 541.51), 17.31% above",1.5 month,417.495,No Information,No Information,No Information,No Information,11.22%/1.12%/7.1%,"19.87%, 44.93%",3.5 months/28 days/1.8 month,2026-09-25/2026-06-05/2026-07-13,9.82%,16.02%,-6.2%,0.2,0.86,507.8523/494.3736/720.01/No Horizontal Resistance/No Target/617.0719/No EMA 200 Target,323.48/110.475/301.3628/254.997/No F-Track Level/No F-Track Level/304.52,88.72%/133/4.6 months (Across ALL Assets),77.24%/369/4.1 months (Across ALL Assets),"2, 2016-04-17 (Price: 30.9233)",2026-04-19 (Price: 415.71),2026-04-24 (Price: 461.6),52/47/45 days,30.26% above/17.31% above/17.31% above,2016-04-17 (Price: 30.9233)/2026-04-26 (Price: 399.6978),No Information,No Information,No Information,No Information,No Information,No Information
TRENDPULSE,"VGT, Long, 2026-04-26 (Price: 104.16)",2026-06-07 (Price: 115.28),"10.68%, 1.4 month","100.0%, Past 10 years, 18","Weekly, is CONFIRMED on 2026-04-24",Already confirmed,"2026-06-10 (Price: 112.34), 7.85% above",1.5 month,100.5238,No Information,No Information,No Information,No Information,12.53%/2.4%/4.92%,"0%, 12.72%",9.6 months/1.2 month/2.7 months,2027-06-17/2026-06-17/2026-08-21,8.28%,2.33%,5.95%,1.59,0.31,108.2327/109.2847/106.13/No Horizontal Resistance/118.2702/124.1847/No EMA 200 Target,85.12/38.9788/87.7708/78.2577/No F-Track Level/No F-Track Level/92.11,88.72%/133/4.6 months (Across ALL Assets),77.24%/369/4.1 months (Across ALL Assets),"2, 2025-11-02 (Price: 100.8737)",2026-04-19 (Price: 100.6975),2026-04-26 (Price: 104.16),52/45/45 days,11.56% above/7.85% above/7.85% above,2025-11-02 (Price: 100.8737)/2026-04-26 (Price: 93.9891),No Information,No Information,No Information,No Information,No Information,No Information
TRENDPULSE,"NOVA.F, Long, 2026-04-26 (Price: 35.1)",2026-05-31 (Price: 38.96),"11.0%, 1.2 month","100.0%, Past 10 years, 17","Weekly, is CONFIRMED on 2026-04-24",Already confirmed,"2026-06-10 (Price: 37.52), 6.89% above",1.5 month,34.12,No Information,No Information,No Information,No Information,21.11%/2.36%/10.96%,"-0.0%, 9.84%",6.1 months/1.2 month/2.7 months,2027-01-16/2026-06-17/2026-08-21,12.8%,7.07%,5.73%,1.33,0.37,41.4004/38.947/94.57/126.5/138.0871/146.706/43.39,31.2/No Horizontal Support/33.7767/28.7825/No F-Track Level/No F-Track Level/No EMA 200 Stop Loss,88.72%/133/4.6 months (Across ALL Assets),77.24%/369/4.1 months (Across ALL Assets),"4, 2024-06-23 (Price: 134.2182)",2026-04-26 (Price: 35.1),2026-04-24 (Price: 35.1),45/47/45 days,6.89% above/6.89% above/6.89% above,2024-06-23 (Price: 134.2182)/2026-04-26 (Price: 33.237),No Information,No Information,No Information,No Information,No Information,No Information
TRENDPULSE,"TRI.TO, Long, 2026-04-21 (Price: 132.44)",No Exit Yet,"-13.54%, 1.7 month","100.0%, Past 4 years, 25","Daily, is CONFIRMED on 2026-04-21",Already confirmed,"2026-06-10 (Price: 114.51), 13.54% below",1.7 month,129.0,No Information,No Information,No Information,No Information,7.54%/0.92%/4.0%,"-0.0%, 12.09%",5.6 months/4 days/1.5 month,2026-12-20/2026-04-26/2026-06-25,14.26%,3.12%,11.14%,1.14,0.12,138.5852/137.7376/190.98/240.8933/293.2329/372.3374/192.39,115.28/No Horizontal Support/131.2534/93.0152/No F-Track Level/No F-Track Level/No EMA 200 Stop Loss,90.31%/320/1.5 month (Across ALL Assets),80.18%/757/1.6 month (Across ALL Assets),"6, 2025-10-24 (Price: 230.0)",2026-04-17 (Price: 127.45),2026-04-21 (Price: 132.44),54/50/50 days,10.15% below/13.54% below/13.54% below,2025-10-24 (Price: 230.0)/2026-04-21 (Price: 125.6663),No Information,No Information,No Information,No Information,No Information,No Information
TRENDPULSE,"ASHR, Long, 2026-04-19 (Price: 34.78)",2026-05-31 (Price: 35.97),"3.42%, 1.4 month","76.0%, Past 10 years, 25","Weekly, is CONFIRMED on 2026-04-17",Already confirmed,"2026-06-10 (Price: 34.66), 0.35% below",1.7 month,33.85,No Information,No Information,No Information,No Information,24.71%/0.16%/9.6%,"34.5%, 52.68%",10.3 months/28 days/4.5 months,2027-07-10/2026-05-29/2026-10-31,0.45%,2.08%,-1.64%,-0.12,0.08,37.0024/38.1189/38.25/39.9467/60.2967/80.3432/No EMA 200 Target,32.0/23.68/No F-Stack Support/No F-Stack Support/No F-Track Level/No F-Track Level/32.22,88.72%/133/4.6 months (Across ALL Assets),77.24%/369/4.1 months (Across ALL Assets),"0, 2021-12-19 (Price: 40.56)",2026-04-12 (Price: 33.81),2026-04-17 (Price: 34.78),59/54/52 days,2.51% above/0.35% below/0.35% below,2021-12-19 (Price: 40.56)/2026-04-19 (Price: 33.2351),No Information,No Information,No Information,No Information,No Information,No Information
TRENDPULSE,"MEL.NZ, Long, 2026-04-19 (Price: 5.54)",2026-05-31 (Price: 5.87),"5.96%, 1.4 month","100.0%, Past 10 years, 20","Weekly, is CONFIRMED on 2026-04-17",Already confirmed,"2026-06-10 (Price: 5.88), 6.14% above",1.7 month,5.5,No Information,No Information,No Information,No Information,24.31%/3.73%/10.23%,"-0.0%, 22.1%",3.3 months/1.4 month/1.8 month,2026-09-09/2026-06-18/2026-07-06,11.03%,7.59%,3.44%,0.58,0.4,6.0364/6.1067/6.35/6.825/7.4565/8.4564/5.69,5.35/4.3875/4.8318/4.5145/No F-Track Level/No F-Track Level/No EMA 200 Stop Loss,88.72%/133/4.6 months (Across ALL Assets),77.24%/369/4.1 months (Across ALL Assets),"8, 2024-07-21 (Price: 6.89)",2026-04-19 (Price: 5.54),2026-04-15 (Price: 5.65),52/56/52 days,6.14% above/4.07% above/6.14% above,2024-07-21 (Price: 6.89)/2026-04-19 (Price: 5.4851),No Information,No Information,No Information,No Information,No Information,No Information
TRENDPULSE,"KWEB, Long, 2026-04-15 (Price: 29.64)",No Exit Yet,"-10.8%, 1.9 month","100.0%, Past 4 years, 20","Daily, is CONFIRMED on 2026-04-15",Already confirmed,"2026-06-10 (Price: 26.44), 10.8% below",1.9 month,29.27,No Information,No Information,No Information,No Information,16.07%/2.37%/6.87%,"-0.0%, 44.9%",8.5 months/4 days/2.6 months,2027-04-19/2026-04-20/2026-08-05,17.43%,-5.88%,23.31%,1.11,-0.06,30.9501/31.6763/34.49/54.865/112.1402/127.8094/35.9,27.78/24.5062/No F-Stack Support/No F-Stack Support/No F-Track Level/No F-Track Level/No EMA 200 Stop Loss,90.31%/320/1.5 month (Across ALL Assets),80.18%/757/1.6 month (Across ALL Assets),"2, 2026-01-12 (Price: 37.73)",2026-04-13 (Price: 28.72),2026-04-15 (Price: 29.64),58/56/56 days,7.94% below/10.8% below/10.8% below,2026-01-12 (Price: 37.73)/2026-04-15 (Price: 28.4624),No Information,No Information,No Information,No Information,No Information,No Information
TRENDPULSE,"NFLX, Long, 2026-04-14 (Price: 106.28)",No Exit Yet,"-22.85%, 1.9 month","84.21%, Past 4 years, 19","Daily, is CONFIRMED on 2026-04-14",Already confirmed,"2026-06-10 (Price: 82.0), 22.85% below",1.9 month,103.12,No Information,No Information,No Information,No Information,6.91%/0.45%/4.3%,"25.85%, 39.95%",2.7 months/7 days/1.6 month,2026-08-09/2026-04-24/2026-06-22,6.26%,8.49%,-2.23%,0.16,0.45,No Target/110.85/122.98/No Horizontal Resistance/139.352/152.4292/106.29,90.92/34.8663/100.8852/86.4764/No F-Track Level/No F-Track Level/No EMA 200 Stop Loss,90.31%/320/1.5 month (Across ALL Assets),80.18%/757/1.6 month (Across ALL Assets),"10, 2025-06-30 (Price: 134.115)",2026-04-13 (Price: 103.16),2026-04-14 (Price: 106.28),58/57/57 days,20.51% below/22.85% below/22.85% below,2025-06-30 (Price: 134.115)/2026-04-14 (Price: 102.9195),No Information,No Information,No Information,No Information,No Information,No Information
TRENDPULSE,"XLV, Long, 2026-04-14 (Price: 148.83)",2026-06-09 (Price: 154.57),"3.86%, 1.9 month","77.78%, Past 4 years, 27","Daily, is CONFIRMED on 2026-04-14",Already confirmed,"2026-06-10 (Price: 152.85), 2.7% above",1.9 month,147.38,No Information,No Information,No Information,No Information,3.22%/0.29%/1.65%,"7.54%, 13.97%",4.2 months/6 days/1.2 month,2026-10-13/2026-04-22/2026-06-05,5.53%,4.58%,0.95%,-0.12,0.22,152.5656/151.2857/154.88/159.855/174.1807/202.706/No EMA 200 Target,143.26/122.0086/117.2225/81.225/No F-Track Level/No F-Track Level/146.27,90.31%/320/1.5 month (Across ALL Assets),80.18%/757/1.6 month (Across ALL Assets),"2, 2026-02-17 (Price: 158.91)",2026-04-13 (Price: 147.97),2026-04-14 (Price: 148.83),58/57/57 days,3.3% above/2.7% above/2.7% above,2026-02-17 (Price: 158.91)/2026-04-14 (Price: 146.4659),No Information,No Information,No Information,No Information,No Information,No Information
TRENDPULSE,"AIA.NZ, Long, 2026-04-12 (Price: 8.25)",No Exit Yet,"0.12%, 2 months","100.0%, Past 10 years, 22","Weekly, is CONFIRMED on 2026-04-10",Already confirmed,"2026-06-10 (Price: 8.26), 0.12% above",2 months,8.1,No Information,No Information,No Information,No Information,14.03%/0.47%/6.61%,"-0.0%, 7.89%",3.5 months/28 days/2.4 months,2026-09-11/2026-05-22/2026-07-25,10.76%,5.7%,5.06%,1.18,0.29,8.9422/8.7953/8.61/8.953/11.1706/12.8535/No EMA 200 Target,7.97/7.0017/7.3934/6.6643/No F-Track Level/No F-Track Level/8.04,88.72%/133/4.6 months (Across ALL Assets),77.24%/369/4.1 months (Across ALL Assets),"6, 2025-02-09 (Price: 8.85)",2026-04-12 (Price: 8.25),2026-04-08 (Price: 8.27),59/63/59 days,0.12% above/0.12% below/0.12% above,2025-02-09 (Price: 8.85)/2026-04-12 (Price: 7.9897),No Information,No Information,No Information,No Information,No Information,No Information
TRENDPULSE,"NFLX, Long, 2026-04-10 (Price: 103.01)",No Exit Yet,"-20.4%, 2 months","84.21%, Past 4 years, 19","Daily, is CONFIRMED on 2026-04-10",Already confirmed,"2026-06-10 (Price: 82.0), 20.4% below",2 months,102.47,No Information,No Information,No Information,No Information,6.91%/0.45%/4.3%,"25.85%, 39.95%",2.7 months/7 days/1.6 month,2026-08-05/2026-04-20/2026-06-18,6.26%,8.49%,-2.23%,0.16,0.45,No Target/107.4394/121.67/No Horizontal Resistance/139.352/152.4292/106.54,90.92/34.8663/100.8852/86.4764/No F-Track Level/No F-Track Level/No EMA 200 Stop Loss,90.31%/320/1.5 month (Across ALL Assets),80.18%/757/1.6 month (Across ALL Assets),"8, 2025-06-30 (Price: 134.115)",2026-04-08 (Price: 99.39),2026-04-10 (Price: 103.01),63/61/61 days,17.5% below/20.4% below/20.4% below,2025-06-30 (Price: 134.115)/2026-04-10 (Price: 97.1447),No Information,No Information,No Information,No Information,No Information,No Information
TRENDPULSE,"^TNX, Long, 2026-03-29 (Price: 4.44)",No Exit Yet,"2.3%, 2.4 months","88.89%, Past 10 years, 18","Weekly, is CONFIRMED on 2026-03-27",Already confirmed,"2026-06-10 (Price: 4.542), 2.3% above",2.4 months,4.376,No Information,No Information,No Information,No Information,36.67%/4.7%/13.94%,"6.71%, 39.8%",11.7 months/28 days/3.1 months,2027-08-19/2026-05-08/2026-08-10,12.77%,1.53%,11.24%,0.7,0.17,4.9035/5.0589/4.66/4.6918/17.4008/18.8284/No EMA 200 Target,3.96/1.6875/No F-Stack Support/No F-Stack Support/No F-Track Level/No F-Track Level/4.19,88.72%/133/4.6 months (Across ALL Assets),77.24%/369/4.1 months (Across ALL Assets),"4, 2025-01-19 (Price: 4.809)",2026-03-15 (Price: 4.285),2026-03-26 (Price: 4.416),87/76/73 days,6.0% above/2.85% above/2.3% above,2025-01-19 (Price: 4.809)/2026-03-29 (Price: 4.1351),No Information,No Information,No Information,No Information,No Information,No Information
TRENDPULSE,"^TNX, Long, 2026-03-15 (Price: 4.285)",2026-05-31 (Price: 4.453),"3.92%, 2.6 months","88.89%, Past 10 years, 18","Weekly, is CONFIRMED on 2026-03-13",Already confirmed,"2026-06-10 (Price: 4.542), 6.0% above",2.9 months,4.173,No Information,No Information,No Information,No Information,36.67%/4.7%/13.94%,"6.71%, 39.8%",11.7 months/28 days/3.1 months,2027-08-05/2026-04-24/2026-07-27,12.77%,1.53%,11.24%,0.7,0.17,4.7324/4.8823/4.6/4.6918/17.4008/18.8284/No EMA 200 Target,3.96/1.6875/No F-Stack Support/No F-Stack Support/No F-Track Level/No F-Track Level/4.2,88.72%/133/4.6 months (Across ALL Assets),77.24%/369/4.1 months (Across ALL Assets),"4, 2025-01-19 (Price: 4.809)",2026-03-08 (Price: 4.133),2026-03-11 (Price: 4.208),94/91/87 days,9.9% above/7.94% above/6.0% above,2025-01-19 (Price: 4.809)/2026-03-15 (Price: 4.0474),No Information,No Information,No Information,No Information,No Information,No Information
TRENDPULSE,"SBUX, Long, 2026-03-08 (Price: 98.99)",No Exit Yet,"-0.23%, 3.1 months","83.33%, Past 10 years, 18","Weekly, is CONFIRMED on 2026-03-06",Already confirmed,"2026-06-10 (Price: 98.76), 0.23% below",3.1 months,95.71,No Information,No Information,No Information,No Information,18.56%/1.11%/12.42%,"16.17%, 42.95%",4.9 months/1.2 month/3.1 months,2026-10-06/2026-04-29/2026-07-20,5.31%,8.54%,-3.23%,0.37,0.45,106.6716/111.2846/115.39/117.0525/142.4098/150.3462/No EMA 200 Target,83.97/71.675/89.1063/76.529/No F-Track Level/No F-Track Level/88.94,88.72%/133/4.6 months (Across ALL Assets),77.24%/369/4.1 months (Across ALL Assets),"0, 2021-07-25 (Price: 126.32)",2026-03-08 (Price: 98.99),2026-03-06 (Price: 98.99),94/96/94 days,0.23% below/0.23% below/0.23% below,2021-07-25 (Price: 126.32)/2026-03-08 (Price: 94.9663),No Information,No Information,No Information,No Information,No Information,No Information
TRENDPULSE,"MEL.NZ, Long, 2026-03-08 (Price: 5.63)",2026-05-31 (Price: 5.87),"4.26%, 2.8 months","100.0%, Past 10 years, 20","Weekly, is CONFIRMED on 2026-03-06",Already confirmed,"2026-06-10 (Price: 5.88), 4.44% above",3.1 months,5.6,No Information,No Information,No Information,No Information,24.31%/3.73%/10.23%,"-0.0%, 22.1%",3.3 months/1.4 month/1.8 month,2026-07-29/2026-05-07/2026-05-25,11.03%,7.59%,3.44%,0.58,0.4,6.1344/6.2059/6.39/6.825/7.4565/8.4564/5.72,5.46/4.3875/4.8318/4.5145/No F-Track Level/No F-Track Level/No EMA 200 Stop Loss,88.72%/133/4.6 months (Across ALL Assets),77.24%/369/4.1 months (Across ALL Assets),"8, 2024-07-21 (Price: 6.89)",2026-03-08 (Price: 5.63),2026-03-08 (Price: 5.63),94/94/94 days,4.44% above/4.44% above/4.44% above,2024-07-21 (Price: 6.89)/2026-03-08 (Price: 5.5745),No Information,No Information,No Information,No Information,No Information,No Information
TRENDPULSE,"TRI.TO, Long, 2026-03-06 (Price: 151.44)",No Exit Yet,"-24.39%, 3.2 months","100.0%, Past 4 years, 25","Daily, is CONFIRMED on 2026-03-06",Already confirmed,"2026-06-10 (Price: 114.51), 24.39% below",3.2 months,147.39,No Information,No Information,No Information,No Information,7.54%/0.92%/4.0%,"-0.0%, 12.09%",5.6 months/4 days/1.5 month,2026-11-04/2026-03-11/2026-05-10,14.26%,3.12%,11.14%,1.14,0.12,158.4668/157.4976/240.12/240.8933/293.2329/368.7715/214.26,110.84/126.1128/131.2534/93.0152/No F-Track Level/No F-Track Level/No EMA 200 Stop Loss,90.31%/320/1.5 month (Across ALL Assets),80.18%/757/1.6 month (Across ALL Assets),"8, 2025-07-14 (Price: 299.24)",2026-03-04 (Price: 142.92),2026-03-06 (Price: 151.44),98/96/96 days,19.88% below/24.39% below/24.39% below,2025-07-14 (Price: 299.24)/2026-03-06 (Price: 141.2558),No Information,No Information,No Information,No Information,No Information,No Information
TRENDPULSE,"XIU.TO, Long, 2026-03-01 (Price: 49.71)",2026-06-10 (Price: 50.72),"2.03%, 3.4 months","100.0%, Past 10 years, 16","Weekly, is CONFIRMED on 2026-02-27",Already confirmed,"2026-06-10 (Price: 50.72), 2.03% above",3.4 months,49.56,No Information,No Information,No Information,No Information,4.78%/1.57%/2.92%,"-0.0%, 32.4%",1.1 year/28 days/3.7 months,2027-09-25/2026-04-10/2026-08-08,4.78%,4.53%,0.25%,1.33,0.22,50.6445/51.1615/67.44/No Horizontal Resistance/53.8646/79.5406/No EMA 200 Target,35.35/27.9467/37.996/28.1885/No F-Track Level/No F-Track Level/44.14,88.72%/133/4.6 months (Across ALL Assets),77.24%/369/4.1 months (Across ALL Assets),"4, 2016-03-20 (Price: 20.16)",2026-02-22 (Price: 49.57),2026-02-27 (Price: 49.71),108/103/101 days,2.32% above/2.03% above/2.03% above,2016-03-20 (Price: 20.16)/2026-03-01 (Price: 48.8542),No Information,No Information,No Information,No Information,No Information,No Information
TRENDPULSE,"AIA.NZ, Long, 2026-03-01 (Price: 9.16)",No Exit Yet,"-9.83%, 3.4 months","100.0%, Past 10 years, 22","Weekly, is CONFIRMED on 2026-02-27",Already confirmed,"2026-06-10 (Price: 8.26), 9.83% below",3.4 months,8.85,No Information,No Information,No Information,No Information,14.03%/0.47%/6.61%,"-0.0%, 7.89%",3.5 months/28 days/2.4 months,2026-07-31/2026-04-10/2026-06-13,10.76%,5.7%,5.06%,1.18,0.29,9.9285/9.7655/9.8/No Horizontal Resistance/11.1706/12.8535/No EMA 200 Target,7.47/7.0017/7.3934/6.6643/No F-Track Level/No F-Track Level/7.97,88.72%/133/4.6 months (Across ALL Assets),77.24%/369/4.1 months (Across ALL Assets),"2, 2025-06-22 (Price: 8.1)",2026-02-22 (Price: 8.88),2026-03-01 (Price: 9.16),108/101/101 days,6.98% below/9.83% below/9.83% below,2025-06-22 (Price: 8.1)/2026-03-01 (Price: 8.6371),No Information,No Information,No Information,No Information,No Information,No Information
TRENDPULSE,"SUNPHARMA.NS, Long, 2026-03-01 (Price: 1737.0)",2026-05-31 (Price: 1799.2),"3.58%, 3 months","95.65%, Past 10 years, 23","Weekly, is CONFIRMED on 2026-02-27",Already confirmed,"2026-06-10 (Price: 1786.4), 2.84% above",3.4 months,1732.9,No Information,No Information,No Information,No Information,16.13%/4.32%/11.36%,"35.87%, 59.81%",9.1 months/1.2 month/4 months,2027-03-31/2026-04-22/2026-08-21,2.25%,10.55%,-8.3%,0.46,0.56,1798.4898/1934.3232/1871.01/1935.175/2110.5488/2409.4589/No EMA 200 Target,1595.3/727.775/1465.6767/925.6338/No F-Track Level/No F-Track Level/1688.06,88.72%/133/4.6 months (Across ALL Assets),77.24%/369/4.1 months (Across ALL Assets),"6, 2024-10-06 (Price: 1960.35)",2026-02-22 (Price: 1724.4),2026-02-27 (Price: 1737.0),108/103/101 days,3.6% above/2.84% above/2.84% above,2024-10-06 (Price: 1960.35)/2026-03-01 (Price: 1694.7517),No Information,No Information,No Information,No Information,No Information,No Information
TRENDPULSE,"MEL.NZ, Long, 2026-02-28 (Price: 5.66)",No Exit Yet,"3.89%, 3.4 months","88.89%, Past 20 years, 9","Monthly, is CONFIRMED on 2026-02-28",Already confirmed,"2026-06-10 (Price: 5.88), 3.89% above",3.4 months,5.65,No Information,No Information,No Information,No Information,24.71%/12.8%/20.43%,"24.88%, 41.24%",11.1 months/5 months/7.7 months,2027-06-25/2026-10-03/2027-01-28,7.04%,7.6%,-0.56%,0.43,0.44,6.8871/6.8163/8.23/6.825/7.4565/8.4564/5.72,5.48/4.3875/4.8318/4.5145/No F-Track Level/No F-Track Level/No EMA 200 Stop Loss,93.94%/66/10.9 months (Across ALL Assets),72.82%/195/9.4 months (Across ALL Assets),"4, 2021-01-31 (Price: 9.94)",2026-01-31 (Price: 5.65),2026-02-27 (Price: 5.66),130/103/102 days,4.07% above/3.89% above/3.89% above,2021-01-31 (Price: 9.94)/2026-02-28 (Price: 5.4808),No Information,No Information,No Information,No Information,No Information,No Information
TRENDPULSE,"BYD.TO, Long, 2026-02-28 (Price: 238.09)",No Exit Yet,"-44.09%, 3.4 months","100.0%, Past 20 years, 16","Monthly, is CONFIRMED on 2026-02-28",Already confirmed,"2026-06-10 (Price: 133.12), 44.09% below",3.4 months,221.66,No Information,No Information,No Information,No Information,21.68%/5.8%/10.46%,"-0.0%, 33.29%",1.1 year/5.1 months/9.9 months,2027-09-24/2026-10-07/2027-05-04,13.56%,9.1%,4.46%,0.84,0.45,351.6589/262.9942/290.09/256.6133/367.2583/388.6839/No EMA 200 Target,192.05/188.685/229.0045/147.1212/No F-Track Level/No F-Track Level/219.24,93.94%/66/10.9 months (Across ALL Assets),72.82%/195/9.4 months (Across ALL Assets),"2, 2024-02-29 (Price: 324.75)",2026-01-31 (Price: 223.17),2026-02-26 (Price: 240.82),130/104/102 days,40.35% below/44.72% below/44.09% below,2024-02-29 (Price: 324.75)/2026-02-28 (Price: 213.2612),No Information,No Information,No Information,No Information,No Information,No Information
TRENDPULSE,"AIA.NZ, Long, 2026-02-23 (Price: 8.95)",No Exit Yet,"-7.71%, 3.6 months","89.47%, Past 4 years, 38","Daily, is CONFIRMED on 2026-02-23",Already confirmed,"2026-06-10 (Price: 8.26), 7.71% below",3.6 months,8.85,No Information,No Information,No Information,No Information,8.49%/0.39%/4.16%,"6.37%, 18.81%",4.7 months/7 days/28 days,2026-09-15/2026-03-05/2026-04-04,10.93%,4.6%,6.33%,0.64,0.22,9.3384/9.3223/9.82/No Horizontal Resistance/11.1706/12.8535/No EMA 200 Target,8.13/7.0017/7.3934/6.6643/No F-Track Level/No F-Track Level/7.94,90.31%/320/1.5 month (Across ALL Assets),80.18%/757/1.6 month (Across ALL Assets),"2, 2024-10-09 (Price: 7.5)",2026-02-20 (Price: 8.88),2026-02-23 (Price: 8.95),110/107/107 days,6.98% below/7.71% below/7.71% below,2024-10-09 (Price: 7.5)/2026-02-23 (Price: 8.7059),No Information,No Information,No Information,No Information,No Information,No Information
TRENDPULSE,"CNR.TO, Long, 2026-02-22 (Price: 151.19)",2026-06-10 (Price: 166.5),"10.13%, 3.6 months","92.59%, Past 10 years, 27","Weekly, is CONFIRMED on 2026-02-20",Already confirmed,"2026-06-10 (Price: 166.5), 10.13% above",3.6 months,146.74,No Information,No Information,No Information,No Information,10.37%/1.53%/6.06%,"6.29%, 28.98%",1.3 year/28 days/3.7 months,2027-12-31/2026-04-03/2026-08-01,6.05%,6.79%,-0.74%,0.9,0.39,159.9893/160.3521/192.68/167.5729/218.156/349.4971/No EMA 200 Target,130.99/127.536/136.9828/86.815/No F-Track Level/No F-Track Level/136.36,88.72%/133/4.6 months (Across ALL Assets),77.24%/369/4.1 months (Across ALL Assets),"2, 2016-03-20 (Price: 82.04)",2026-02-15 (Price: 146.42),2026-02-22 (Price: 151.19),115/108/108 days,13.71% above/10.13% above/10.13% above,2016-03-20 (Price: 82.04)/2026-02-22 (Price: 142.0066),No Information,No Information,No Information,No Information,No Information,No Information
TRENDPULSE,"PG, Long, 2026-02-15 (Price: 160.07)",No Exit Yet,"-6.88%, 3.8 months","95.0%, Past 10 years, 20","Weekly, is CONFIRMED on 2026-02-13",Already confirmed,"2026-06-10 (Price: 149.05), 6.88% below",3.8 months,158.76,No Information,No Information,No Information,No Information,10.46%/1.7%/4.36%,"12.19%, 24.03%",1 year/28 days/4.2 months,2027-07-21/2026-03-27/2026-08-16,6.03%,3.67%,2.36%,0.38,0.13,168.7618/167.0491/172.02/179.4533/186.6499/209.3631/No EMA 200 Target,141.79/130.72/140.2317/117.5404/No F-Track Level/No F-Track Level/153.67,88.72%/133/4.6 months (Across ALL Assets),77.24%/369/4.1 months (Across ALL Assets),"2, 2025-03-09 (Price: 179.99)",2026-02-01 (Price: 151.77),2026-02-10 (Price: 159.08),129/120/115 days,1.79% below/6.31% below/6.88% below,2025-03-09 (Price: 179.99)/2026-02-15 (Price: 147.2108),No Information,No Information,No Information,No Information,No Information,No Information
TRENDPULSE,"MEL.NZ, Long, 2026-02-15 (Price: 5.76)",No Exit Yet,"2.08%, 3.8 months","100.0%, Past 10 years, 20","Weekly, is CONFIRMED on 2026-02-13",Already confirmed,"2026-06-10 (Price: 5.88), 2.08% above",3.8 months,5.65,No Information,No Information,No Information,No Information,24.31%/3.73%/10.23%,"-0.0%, 22.1%",3.3 months/1.4 month/1.8 month,2026-07-08/2026-04-16/2026-05-04,11.03%,7.59%,3.44%,0.58,0.4,6.2761/6.3492/6.44/6.825/7.4565/8.4564/No EMA 200 Target,5.46/4.3875/4.8318/4.5145/No F-Track Level/No F-Track Level/5.73,88.72%/133/4.6 months (Across ALL Assets),77.24%/369/4.1 months (Across ALL Assets),"8, 2024-07-21 (Price: 6.89)",2026-02-08 (Price: 5.71),2026-02-12 (Price: 5.79),122/118/115 days,2.98% above/1.55% above/2.08% above,2024-07-21 (Price: 6.89)/2026-02-15 (Price: 5.6192),No Information,No Information,No Information,No Information,No Information,No Information
TRENDPULSE,"ATD.TO, Long, 2026-02-15 (Price: 83.86)",No Exit Yet,"-0.51%, 3.8 months","76.19%, Past 10 years, 21","Weekly, is CONFIRMED on 2026-02-13",Already confirmed,"2026-06-10 (Price: 83.43), 0.51% below",3.8 months,78.91,No Information,No Information,No Information,No Information,15.58%/3.82%/7.4%,"7.08%, 28.5%",8.4 months/28 days/3.5 months,2027-02-15/2026-03-27/2026-07-17,8.5%,14.54%,-6.04%,0.18,0.84,89.8476/90.0656/85.91/85.51/85.3936/96.14/No EMA 200 Target,70.84/45.49/59.8475/53.4732/No F-Track Level/No F-Track Level/72.49,88.72%/133/4.6 months (Across ALL Assets),77.24%/369/4.1 months (Across ALL Assets),"0, 2024-03-03 (Price: 87.27)",2026-02-15 (Price: 83.86),2026-02-13 (Price: 83.86),115/117/115 days,0.51% below/0.51% below/0.51% below,2024-03-03 (Price: 87.27)/2026-02-15 (Price: 78.3308),No Information,No Information,No Information,No Information,No Information,No Information
TRENDPULSE,"FRW.NZ, Long, 2026-02-09 (Price: 15.0)",No Exit Yet,"-8.67%, 4 months","76.0%, Past 4 years, 25","Daily, is CONFIRMED on 2026-02-09",Already confirmed,"2026-06-10 (Price: 13.7), 8.67% below",4 months,14.48,No Information,No Information,No Information,No Information,6.83%/1.34%/3.66%,"18.57%, 29.85%",3.4 months/7 days/23 days,2026-07-06/2026-02-19/2026-03-14,-15.97%,8.16%,-24.13%,0.14,0.44,15.4095/15.549/15.07/No Horizontal Resistance/16.2179/21.849/No EMA 200 Target,14.1/7.405/11.0078/7.8689/No F-Track Level/No F-Track Level/12.53,90.31%/320/1.5 month (Across ALL Assets),80.18%/757/1.6 month (Across ALL Assets),"2, 2025-10-31 (Price: 14.88)",2026-02-05 (Price: 14.64),2026-02-09 (Price: 15.0),125/121/121 days,6.42% below/8.67% below/8.67% below,2025-10-31 (Price: 14.88)/2026-02-09 (Price: 14.3744),No Information,No Information,No Information,No Information,No Information,No Information
TRENDPULSE,"MCD, Long, 2026-02-08 (Price: 327.16)",No Exit Yet,"-13.64%, 4.1 months","100.0%, Past 10 years, 19","Weekly, is CONFIRMED on 2026-02-06",Already confirmed,"2026-06-10 (Price: 282.52), 13.64% below",4.1 months,319.0,No Information,No Information,No Information,No Information,10.85%/1.47%/5.37%,"-0.0%, 16.82%",10.3 months/28 days/2.6 months,2027-05-01/2026-03-20/2026-05-31,8.39%,6.06%,2.33%,1.21,0.34,347.7384/344.7285/327.66/No Horizontal Resistance/370.0426/590.3302/No EMA 200 Target,303.26/228.4467/254.2758/233.8976/No F-Track Level/No F-Track Level/306.64,88.72%/133/4.6 months (Across ALL Assets),77.24%/369/4.1 months (Across ALL Assets),"4, 2025-03-16 (Price: 326.32)",2026-02-01 (Price: 315.0),2026-02-03 (Price: 319.48),129/127/122 days,10.31% below/11.57% below/13.64% below,2025-03-16 (Price: 326.32)/2026-02-08 (Price: 313.3668),No Information,No Information,No Information,No Information,No Information,No Information
TRENDPULSE,"^STI, Long, 2026-02-08 (Price: 4934.4102)",2026-06-10 (Price: 4958.8501),"0.5%, 4.1 months","75.0%, Past 10 years, 24","Weekly, is CONFIRMED on 2026-02-06",Already confirmed,"2026-06-10 (Price: 4958.8501), 0.5% above",4.1 months,4913.2598,No Information,No Information,No Information,No Information,6.67%/1.15%/3.39%,"14.46%, 29.57%",1.6 year/28 days/3.6 months,2028-05-22/2026-03-20/2026-07-14,-6.1%,2.09%,-8.19%,-0.28,-0.04,5069.1196/5101.6867/6150.98/No Horizontal Resistance/5099.1474/6233.5022/No EMA 200 Target,3512.53/3030.985/4356.5412/3433.5319/No F-Track Level/No F-Track Level/4317.44,88.72%/133/4.6 months (Across ALL Assets),77.24%/369/4.1 months (Across ALL Assets),"2, 2016-03-20 (Price: 2906.8)",2026-01-25 (Price: 4891.4502),2026-02-03 (Price: 4944.0898),136/127/122 days,1.38% above/0.3% above/0.5% above,2016-03-20 (Price: 2906.8)/2026-02-08 (Price: 4852.6019),No Information,No Information,No Information,No Information,No Information,No Information
TRENDPULSE,"ASML, Long, 2026-02-01 (Price: 1423.0)",2026-06-07 (Price: 1641.74),"15.37%, 4.2 months","90.0%, Past 10 years, 30","Weekly, is CONFIRMED on 2026-01-30",Already confirmed,"2026-06-10 (Price: 1734.1899), 21.87% above",4.3 months,1385.87,No Information,No Information,No Information,No Information,26.23%/2.69%/11.48%,"25.72%, 56.36%",8.9 months/1.2 month/3.3 months,2027-02-22/2026-03-25/2026-06-24,11.44%,16.81%,-5.37%,0.53,0.81,1568.146/1586.3604/2221.16/No Horizontal Resistance/No Target/No Target/No EMA 200 Target,689.82/576.784/1034.6774/832.8601/No F-Track Level/No F-Track Level/907.93,88.72%/133/4.6 months (Across ALL Assets),77.24%/369/4.1 months (Across ALL Assets),"2, 2016-02-07 (Price: 92.74)",2026-01-18 (Price: 1358.5699),2026-01-29 (Price: 1455.16),143/132/129 days,27.65% above/19.18% above/21.87% above,2016-02-07 (Price: 92.74)/2026-02-01 (Price: 1290.8753),No Information,No Information,No Information,No Information,No Information,No Information
TRENDPULSE,"ASHR, Long, 2026-01-31 (Price: 33.44)",No Exit Yet,"3.65%, 4.3 months","100.0%, Past 20 years, 4","Monthly, is CONFIRMED on 2026-01-31",Already confirmed,"2026-06-10 (Price: 34.66), 3.65% above",4.3 months,33.26,No Information,No Information,No Information,No Information,22.45%/22.45%/22.45%,"-0.0%, 12.65%",6.1 months/6.1 months/6.1 months,2026-10-23 (Max),6.97%,1.77%,5.2%,0.87,0.05,37.4796/40.9473/41.23/39.9467/60.2967/80.3432/No EMA 200 Target,25.82/23.68/No F-Stack Support/No F-Stack Support/No F-Track Level/No F-Track Level/30.41,93.94%/66/10.9 months (Across ALL Assets),72.82%/195/9.4 months (Across ALL Assets),"6, 2021-02-28 (Price: 46.42)",2025-12-31 (Price: 32.85),2026-01-02 (Price: 33.32),161/159/130 days,5.51% above/4.02% above/3.65% above,2021-02-28 (Price: 46.42)/2026-01-31 (Price: 32.0723),No Information,No Information,No Information,No Information,No Information,No Information
TRENDPULSE,"^STI, Long, 2026-01-25 (Price: 4891.4502)",2026-05-31 (Price: 5037.8599),"2.99%, 4.2 months","75.0%, Past 10 years, 24","Weekly, is CONFIRMED on 2026-01-23",Already confirmed,"2026-06-10 (Price: 4958.8501), 1.38% above",4.5 months,4834.46,No Information,No Information,No Information,No Information,6.67%/1.15%/3.39%,"14.46%, 29.57%",1.6 year/28 days/3.6 months,2028-05-08/2026-03-06/2026-06-30,-6.1%,2.09%,-8.19%,-0.28,-0.04,5024.9868/5057.2704/6082.24/No Horizontal Resistance/5099.1474/6233.5022/No EMA 200 Target,3512.53/3022.714/4356.5412/3433.5319/No F-Track Level/No F-Track Level/4256.79,88.72%/133/4.6 months (Across ALL Assets),77.24%/369/4.1 months (Across ALL Assets),"2, 2016-03-20 (Price: 2906.8)",2026-01-25 (Price: 4891.4502),2026-01-23 (Price: 4891.4502),136/138/136 days,1.38% above/1.38% above/1.38% above,2016-03-20 (Price: 2906.8)/2026-01-25 (Price: 4807.2086),No Information,No Information,No Information,No Information,No Information,No Information
TRENDPULSE,"DIS, Long, 2026-01-22 (Price: 113.21)",No Exit Yet,"-12.9%, 4.6 months","93.75%, Past 4 years, 16","Daily, is CONFIRMED on 2026-01-22",Already confirmed,"2026-06-10 (Price: 98.61), 12.9% below",4.6 months,113.17,No Information,No Information,No Information,No Information,9.92%/2.15%/5.66%,"3.96%, 50.6%",5 months/8 days/2.4 months,2026-08-27/2026-02-02/2026-05-06,-17.54%,-0.57%,-16.97%,0.51,-0.02,113.8779/119.6177/120.1/168.455/207.5364/245.6322/No EMA 200 Target,110.34/79.415/94.0946/88.5027/No F-Track Level/No F-Track Level/111.22,90.31%/320/1.5 month (Across ALL Assets),80.18%/757/1.6 month (Across ALL Assets),"6, 2025-06-30 (Price: 124.69)",2026-01-21 (Price: 113.19),2026-01-22 (Price: 113.21),140/139/139 days,12.88% below/12.9% below/12.9% below,2025-06-30 (Price: 124.69)/2026-01-22 (Price: 111.7386),No Information,No Information,No Information,No Information,No Information,No Information
TRENDPULSE,"AIA.NZ, Long, 2026-01-11 (Price: 8.54)",No Exit Yet,"-3.28%, 5 months","100.0%, Past 10 years, 22","Weekly, is CONFIRMED on 2026-01-09",Already confirmed,"2026-06-10 (Price: 8.26), 3.28% below",5 months,8.35,No Information,No Information,No Information,No Information,14.03%/0.47%/6.61%,"-0.0%, 7.89%",3.5 months/28 days/2.4 months,2026-06-12/2026-02-20/2026-04-25,10.76%,5.7%,5.06%,1.18,0.29,9.2565/9.1045/8.73/8.8962/11.1706/12.8535/No EMA 200 Target,7.47/7.0017/7.3934/6.6643/No F-Track Level/No F-Track Level/7.87,88.72%/133/4.6 months (Across ALL Assets),77.24%/369/4.1 months (Across ALL Assets),"4, 2025-02-09 (Price: 8.85)",2025-12-28 (Price: 8.28),2026-01-08 (Price: 8.5),164/153/150 days,0.24% below/2.82% below/3.28% below,2025-02-09 (Price: 8.85)/2026-01-11 (Price: 8.1731),No Information,No Information,No Information,No Information,No Information,No Information
TRENDPULSE,"SUNPHARMA.NS, Long, 2026-01-11 (Price: 1729.9)",2026-05-31 (Price: 1799.2),"4.01%, 4.7 months","95.65%, Past 10 years, 23","Weekly, is CONFIRMED on 2026-01-09",Already confirmed,"2026-06-10 (Price: 1786.4), 3.27% above",5 months,1728.0,No Information,No Information,No Information,No Information,16.13%/4.32%/11.36%,"35.87%, 59.81%",9.1 months/1.2 month/4 months,2027-02-10/2026-03-04/2026-07-03,2.25%,10.55%,-8.3%,0.46,0.56,1791.1385/1926.4166/1868.17/1935.175/2110.5488/2409.4589/No EMA 200 Target,1586.7/727.775/1465.6767/925.6338/No F-Track Level/No F-Track Level/1698.45,88.72%/133/4.6 months (Across ALL Assets),77.24%/369/4.1 months (Across ALL Assets),"6, 2024-10-06 (Price: 1960.35)",2026-01-04 (Price: 1728.0),2026-01-11 (Price: 1729.9),157/150/150 days,3.38% above/3.27% above/3.27% above,2024-10-06 (Price: 1960.35)/2026-01-11 (Price: 1720.22),No Information,No Information,No Information,No Information,No Information,No Information
TRENDPULSE,"BRK-B, Long, 2026-01-09 (Price: 499.1)",No Exit Yet,"-3.09%, 5.1 months","100.0%, Past 4 years, 20","Daily, is CONFIRMED on 2026-01-09",Already confirmed,"2026-06-10 (Price: 483.68), 3.09% below",5.1 months,498.94,No Information,No Information,No Information,No Information,5.02%/0.7%/2.78%,"-0.0%, 7.4%",2.1 months/6 days/15 days,2026-04-10/2026-01-17/2026-01-30,13.57%,12.19%,1.38%,1.66,0.86,527.3491/512.975/509.57/512.255/630.85/709.9376/No EMA 200 Target,496.12/268.082/491.88/449.7662/No F-Track Level/No F-Track Level/497.22,90.31%/320/1.5 month (Across ALL Assets),80.18%/757/1.6 month (Across ALL Assets),"2, 2025-11-14 (Price: 516.55)",2026-01-09 (Price: 499.1),2026-01-09 (Price: 499.1),152/152/152 days,3.09% below/3.09% below/3.09% below,2025-11-14 (Price: 516.55)/2026-01-09 (Price: 496.4333),No Information,No Information,No Information,No Information,No Information,No Information
TRENDPULSE,"DIS, Long, 2026-01-09 (Price: 115.88)",No Exit Yet,"-14.9%, 5.1 months","93.75%, Past 4 years, 16","Daily, is CONFIRMED on 2026-01-09",Already confirmed,"2026-06-10 (Price: 98.61), 14.9% below",5.1 months,114.31,No Information,No Information,No Information,No Information,9.92%/2.15%/5.66%,"3.96%, 50.6%",5 months/8 days/2.4 months,2026-08-14/2026-01-20/2026-04-23,-17.54%,-0.57%,-16.97%,0.51,-0.02,116.5637/122.4388/121.17/168.455/207.5364/245.6322/No EMA 200 Target,111.85/79.415/94.0946/88.5027/No F-Track Level/No F-Track Level/110.55,90.31%/320/1.5 month (Across ALL Assets),80.18%/757/1.6 month (Across ALL Assets),"6, 2025-06-30 (Price: 124.69)",2026-01-08 (Price: 114.17),2026-01-09 (Price: 115.88),153/152/152 days,13.63% below/14.9% below/14.9% below,2025-06-30 (Price: 124.69)/2026-01-09 (Price: 113.594),No Information,No Information,No Information,No Information,No Information,No Information
TRENDPULSE,"SUM.NZ, Long, 2026-01-06 (Price: 12.41)",No Exit Yet,"-34.65%, 5.2 months","100.0%, Past 4 years, 18","Daily, is CONFIRMED on 2026-01-06",Already confirmed,"2026-06-10 (Price: 8.11), 34.65% below",5.2 months,12.36,No Information,No Information,No Information,No Information,8.54%/2.04%/5.16%,"-0.0%, 20.48%",6.2 months/4 days/25 days,2026-10-02/2026-01-11/2026-02-11,15.74%,3.12%,12.62%,1.56,0.13,12.9163/13.0504/12.64/13.345/19.8479/26.5969/No EMA 200 Target,11.82/9.1367/11.0645/No stop loss/No F-Track Level/No F-Track Level/11.43,90.31%/320/1.5 month (Across ALL Assets),80.18%/757/1.6 month (Across ALL Assets),"2, 2025-11-18 (Price: 12.8)",2026-01-06 (Price: 12.41),2026-01-06 (Price: 12.41),155/155/155 days,34.65% below/34.65% below/34.65% below,2025-11-18 (Price: 12.8)/2026-01-06 (Price: 12.3236),No Information,No Information,No Information,No Information,No Information,No Information
TRENDPULSE,"MAR, Long, 2025-12-31 (Price: 310.24)",2026-05-31 (Price: 375.6),"21.07%, 5 months","100.0%, Past 20 years, 16","Monthly, is CONFIRMED on 2025-12-31",Already confirmed,"2026-06-10 (Price: 386.23), 24.49% above",5.4 months,302.43,No Information,No Information,No Information,No Information,30.2%/3.49%/14.0%,"0%, 34.42%",1.6 year/4.2 months/9.9 months,2028-04-13/2026-07-01/2027-03-06,8.97%,8.08%,0.89%,1.25,0.41,376.166/353.6736/311.87/No Horizontal Resistance/372.972/399.3723/No EMA 200 Target,136.01/129.12/275.4012/235.5515/No F-Track Level/No F-Track Level/267.22,93.94%/66/10.9 months (Across ALL Assets),72.82%/195/9.4 months (Across ALL Assets),"2, 2025-02-28 (Price: 307.52)",2025-11-30 (Price: 304.79),2025-12-31 (Price: 310.24),192/161/161 days,26.72% above/24.49% above/24.49% above,2025-02-28 (Price: 307.52)/2025-12-31 (Price: 259.98),No Information,No Information,No Information,No Information,No Information,No Information
TRENDPULSE,"MFT.NZ, Long, 2025-12-31 (Price: 68.62)",No Exit Yet,"-4.55%, 5.4 months","93.33%, Past 20 years, 15","Monthly, is CONFIRMED on 2025-12-31",Already confirmed,"2026-06-10 (Price: 65.5), 4.55% below",5.4 months,67.06,No Information,No Information,No Information,No Information,64.29%/5.7%/20.48%,"24.41%, 40.93%",1.8 year/5 months/8.6 months,2028-07-26/2026-08-05/2027-01-08,9.01%,11.67%,-2.66%,0.45,0.67,103.2388/82.6734/87.32/85.45/105.252/119.9356/No EMA 200 Target,55.51/55.185/54.7158/45.8971/No F-Track Level/No F-Track Level/63.85,93.94%/66/10.9 months (Across ALL Assets),72.82%/195/9.4 months (Across ALL Assets),"0, 2021-09-30 (Price: 99.78)",2025-12-31 (Price: 68.62),2025-12-31 (Price: 68.62),161/161/161 days,4.55% below/4.55% below/4.55% below,2021-09-30 (Price: 99.78)/2025-12-31 (Price: 66.51),No Information,No Information,No Information,No Information,No Information,No Information
TRENDPULSE,"MFT.NZ, Long, 2025-12-28 (Price: 69.01)",No Exit Yet,"-5.09%, 5.5 months","86.96%, Past 10 years, 23","Weekly, is CONFIRMED on 2025-12-26",Already confirmed,"2026-06-10 (Price: 65.5), 5.09% below",5.5 months,68.29,No Information,No Information,No Information,No Information,13.53%/1.78%/5.67%,"19.46%, 27.74%",1.2 year/1.2 month/5.4 months,2027-09-14/2026-02-18/2026-08-19,7.08%,8.93%,-1.85%,0.18,0.51,72.9574/72.9229/87.47/85.45/105.252/119.9356/No EMA 200 Target,58.66/55.185/54.7158/45.8971/No F-Track Level/No F-Track Level/63.83,88.72%/133/4.6 months (Across ALL Assets),77.24%/369/4.1 months (Across ALL Assets),"4, 2021-09-05 (Price: 99.78)",2025-12-21 (Price: 68.26),2025-12-24 (Price: 69.01),171/168/164 days,4.04% below/5.09% below/5.09% below,2021-09-05 (Price: 99.78)/2025-12-28 (Price: 66.4602),No Information,No Information,No Information,No Information,No Information,No Information
TRENDPULSE,"TRI.TO, Long, 2025-12-22 (Price: 182.89)",No Exit Yet,"-37.39%, 5.7 months","100.0%, Past 4 years, 25","Daily, is CONFIRMED on 2025-12-22",Already confirmed,"2026-06-10 (Price: 114.51), 37.39% below",5.7 months,182.27,No Information,No Information,No Information,No Information,7.54%/0.92%/4.0%,"-0.0%, 12.09%",5.6 months/4 days/1.5 month,2026-08-22/2025-12-27/2026-02-25,14.26%,3.12%,11.14%,1.14,0.12,191.3761/190.2056/252.7/240.8933/293.2329/455.2123/239.03,178.26/116.89/131.2534/93.0152/No F-Track Level/No F-Track Level/No EMA 200 Stop Loss,90.31%/320/1.5 month (Across ALL Assets),80.18%/757/1.6 month (Across ALL Assets),"4, 2025-07-14 (Price: 299.24)",2025-12-19 (Price: 182.02),2025-12-22 (Price: 182.89),173/170/170 days,37.09% below/37.39% below/37.39% below,2025-07-14 (Price: 299.24)/2025-12-22 (Price: 180.1944),No Information,No Information,No Information,No Information,No Information,No Information
TRENDPULSE,"ADBE, Long, 2025-12-14 (Price: 356.43)",No Exit Yet,"-34.52%, 5.9 months","92.0%, Past 10 years, 25","Weekly, is CONFIRMED on 2025-12-12",Already confirmed,"2026-06-10 (Price: 233.38), 34.52% below",5.9 months,347.45,No Information,No Information,No Information,No Information,30.75%/3.26%/10.53%,"5.79%, 38.25%",1.1 year/28 days/2.3 months,2027-07-10/2026-01-23/2026-03-23,11.6%,10.18%,1.42%,0.89,0.53,405.9381/393.9621/522.91/636.07/719.5145/812.9837/367.23,320.13/332.985/343.16/318.6438/No F-Track Level/No F-Track Level/No EMA 200 Stop Loss,88.72%/133/4.6 months (Across ALL Assets),77.24%/369/4.1 months (Across ALL Assets),"2, 2023-12-17 (Price: 633.89)",2025-12-14 (Price: 356.43),2025-12-11 (Price: 350.43),178/181/178 days,34.52% below/33.4% below/34.52% below,2023-12-17 (Price: 633.89)/2025-12-14 (Price: 341.872),No Information,No Information,No Information,No Information,No Information,No Information
TRENDPULSE,"CRM, Long, 2025-12-07 (Price: 260.57)",No Exit Yet,"-34.41%, 6.2 months","92.31%, Past 10 years, 26","Weekly, is CONFIRMED on 2025-12-05",Already confirmed,"2026-06-10 (Price: 170.92), 34.41% below",6.2 months,228.67,No Information,No Information,No Information,No Information,21.43%/3.11%/10.84%,"31.24%, 58.25%",9.8 months/1.2 month/2.8 months,2027-02-05/2026-01-28/2026-04-07,9.73%,8.31%,1.42%,0.43,0.42,288.477/288.8158/281.86/368.045/354.7868/402.2468/No EMA 200 Target,227.11/156.1/253.2538/209.3181/No F-Track Level/No F-Track Level/259.46,88.72%/133/4.6 months (Across ALL Assets),77.24%/369/4.1 months (Across ALL Assets),"4, 2025-05-18 (Price: 296.05)",2025-11-30 (Price: 230.54),2025-12-04 (Price: 247.46),192/188/185 days,25.86% below/30.93% below/34.41% below,2025-05-18 (Price: 296.05)/2025-12-07 (Price: 226.2988),No Information,No Information,No Information,No Information,No Information,No Information
TRENDPULSE,"PERSISTENT.NS, Long, 2025-12-05 (Price: 6520.5)",2026-06-08 (Price: 5065.0),"-22.32%, 6.2 months","77.78%, Past 4 years, 27","Daily, is CONFIRMED on 2025-12-05",Already confirmed,"2026-06-10 (Price: 4928.0), 24.42% below",6.2 months,6453.0,No Information,No Information,No Information,No Information,13.99%/0.64%/5.15%,"7.08%, 34.03%",3.4 months/6 days/26 days,2026-05-01/2025-12-13/2026-01-11,19.88%,40.64%,-20.76%,0.28,1.97,6942.3763/6856.3058/10210.8/No Horizontal Resistance/9957.5854/15965.083/No EMA 200 Target,6331.0/1548.5125/6244.7475/3950.0879/No F-Track Level/No F-Track Level/5542.75,90.31%/320/1.5 month (Across ALL Assets),80.18%/757/1.6 month (Across ALL Assets),"4, 2020-01-23 (Price: 370.0)",2025-12-04 (Price: 6452.0),2025-12-05 (Price: 6520.5),188/187/187 days,23.62% below/24.42% below/24.42% below,2020-01-23 (Price: 370.0)/2025-12-05 (Price: 6367.9671),No Information,No Information,No Information,No Information,No Information,No Information
TRENDPULSE,"NAUKRI.NS, Long, 2025-12-02 (Price: 1386.6)",No Exit Yet,"-29.95%, 6.3 months","96.77%, Past 4 years, 31","Daily, is CONFIRMED on 2025-12-02",Already confirmed,"2026-06-10 (Price: 971.25), 29.95% below",6.3 months,1375.0,No Information,No Information,No Information,No Information,11.41%/0.45%/4.7%,"0.68%, 29.37%",2.1 months/7 days/21 days,2026-03-03/2025-12-12/2026-01-01,17.58%,7.62%,9.96%,0.94,0.39,1440.8161/1451.7702/1406.58/1483.595/2223.4618/2377.3661/1397.42,1330.2/662.12/1095.4447/920.5126/No F-Track Level/No F-Track Level/No EMA 200 Stop Loss,90.31%/320/1.5 month (Across ALL Assets),80.18%/757/1.6 month (Across ALL Assets),"2, 2025-10-24 (Price: 1419.9)",2025-12-01 (Price: 1365.1),2025-12-02 (Price: 1386.6),191/190/190 days,28.85% below/29.95% below/29.95% below,2025-10-24 (Price: 1419.9)/2025-12-02 (Price: 1348.1),No Information,No Information,No Information,No Information,No Information,No Information
TRENDPULSE,"HDFCBANK.NS, Long, 2025-11-30 (Price: 1007.6)",No Exit Yet,"-25.88%, 6.4 months","78.57%, Past 20 years, 14","Monthly, is CONFIRMED on 2025-11-30",Already confirmed,"2026-06-10 (Price: 746.85), 25.88% below",6.4 months,985.0,No Information,No Information,No Information,No Information,23.14%/5.97%/13.59%,"11.13%, 17.76%",1 year/5 months/7.6 months,2027-05-05/2026-07-05/2026-10-26,8.88%,12.53%,-3.65%,0.37,0.69,1159.2438/1144.5328/1604.51/1009.6/1098.0619/1305.7899/No EMA 200 Target,701.7/640.9/962.8007/765.1075/No F-Track Level/No F-Track Level/956.06,93.94%/66/10.9 months (Across ALL Assets),72.82%/195/9.4 months (Across ALL Assets),"0, 2002-02-28 (Price: 12.75)",2025-11-30 (Price: 1007.6),2025-11-28 (Price: 1007.6),192/194/192 days,25.88% below/25.88% below/25.88% below,2002-02-28 (Price: 12.75)/2025-11-30 (Price: 979.6324),No Information,No Information,No Information,No Information,No Information,No Information
TRENDPULSE,"XIU.TO, Long, 2025-11-30 (Price: 46.43)",No Exit Yet,"9.24%, 6.4 months","100.0%, Past 20 years, 14","Monthly, is CONFIRMED on 2025-11-30",Already confirmed,"2026-06-10 (Price: 50.72), 9.24% above",6.4 months,45.21,No Information,No Information,No Information,No Information,12.69%/2.94%/7.95%,"-0.0%, 19.49%",1.2 year/4 months/7 months,2027-08-17/2026-05-22/2026-09-30,5.69%,4.1%,1.59%,2.04,0.18,52.2663/50.1212/67.39/No Horizontal Resistance/53.8646/79.5406/No EMA 200 Target,28.76/27.9467/37.996/28.1885/No F-Track Level/No F-Track Level/41.03,93.94%/66/10.9 months (Across ALL Assets),72.82%/195/9.4 months (Across ALL Assets),"2, 2002-03-31 (Price: 11.5)",2025-09-30 (Price: 44.77),2025-11-24 (Price: 45.37),253/198/192 days,13.29% above/11.79% above/9.24% above,2002-03-31 (Price: 11.5)/2025-11-30 (Price: 43.425),No Information,No Information,No Information,No Information,No Information,No Information
TRENDPULSE,"EFN.TO, Long, 2025-11-30 (Price: 37.23)",No Exit Yet,"-30.0%, 6.4 months","100.0%, Past 10 years, 22","Weekly, is CONFIRMED on 2025-11-28",Already confirmed,"2026-06-10 (Price: 26.06), 30.0% below",6.4 months,36.72,No Information,No Information,No Information,No Information,26.0%/2.25%/9.22%,"-0.0%, 76.43%",6.1 months/1.4 month/2.7 months,2026-08-22/2026-01-29/2026-03-27,-1.8%,9.59%,-11.39%,0.83,0.48,39.9552/40.6626/50.03/No Horizontal Resistance/45.1741/70.5281/No EMA 200 Target,34.92/11.7733/29.5041/No stop loss/No F-Track Level/No F-Track Level/33.64,88.72%/133/4.6 months (Across ALL Assets),77.24%/369/4.1 months (Across ALL Assets),"0, 2016-05-29 (Price: 15.89)",2025-11-23 (Price: 36.72),2025-11-28 (Price: 37.23),199/194/192 days,29.03% below/30.0% below/30.0% below,2016-05-29 (Price: 15.89)/2025-11-30 (Price: 35.8961),No Information,No Information,No Information,No Information,No Information,No Information
TRENDPULSE,"NA.TO, Long, 2025-11-30 (Price: 168.95)",2026-06-10 (Price: 205.87),"21.85%, 6.4 months","83.33%, Past 20 years, 12","Monthly, is CONFIRMED on 2025-11-30",Already confirmed,"2026-06-10 (Price: 205.87), 21.85% above",6.4 months,157.19,No Information,No Information,No Information,No Information,28.7%/8.86%/18.76%,"5.23%, 30.62%",1.5 year/5.1 months/9.5 months,2028-01-21/2026-07-09/2027-01-16,7.48%,7.8%,-0.32%,0.92,0.46,188.1765/200.645/259.77/No Horizontal Resistance/188.6608/207.1743/No EMA 200 Target,118.77/82.9367/134.0186/119.9028/No F-Track Level/No F-Track Level/138.03,93.94%/66/10.9 months (Across ALL Assets),72.82%/195/9.4 months (Across ALL Assets),"0, 2002-04-30 (Price: 17.575)",2025-10-31 (Price: 156.7),2025-11-28 (Price: 168.95),222/194/192 days,31.38% above/21.85% above/21.85% above,2002-04-30 (Price: 17.575)/2025-11-30 (Price: 151.5703),No Information,No Information,No Information,No Information,No Information,No Information
TRENDPULSE,"SUNPHARMA.NS, Long, 2025-11-23 (Price: 1779.7)",2026-05-31 (Price: 1799.2),"1.1%, 6.3 months","95.65%, Past 10 years, 23","Weekly, is CONFIRMED on 2025-11-21",Already confirmed,"2026-06-10 (Price: 1786.4), 0.38% above",6.6 months,1765.8,No Information,No Information,No Information,No Information,16.13%/4.32%/11.36%,"35.87%, 59.81%",9.1 months/1.2 month/4 months,2026-12-23/2026-01-14/2026-05-15,2.25%,10.55%,-8.3%,0.46,0.56,1842.7014/1981.8739/1888.09/1935.175/2110.5488/2409.4589/No EMA 200 Target,1586.7/653.55/1465.6767/925.6338/No F-Track Level/No F-Track Level/1683.31,88.72%/133/4.6 months (Across ALL Assets),77.24%/369/4.1 months (Across ALL Assets),"4, 2024-10-06 (Price: 1960.35)",2025-11-16 (Price: 1757.1),2025-11-19 (Price: 1784.1),206/203/199 days,1.67% above/0.13% above/0.38% above,2024-10-06 (Price: 1960.35)/2025-11-23 (Price: 1689.6984),No Information,No Information,No Information,No Information,No Information,No Information
TRENDPULSE,"PERSISTENT.NS, Long, 2025-11-20 (Price: 6350.5)",2026-06-08 (Price: 5065.0),"-20.24%, 6.7 months","77.78%, Past 4 years, 27","Daily, is CONFIRMED on 2025-11-20",Already confirmed,"2026-06-10 (Price: 4928.0), 22.4% below",6.7 months,6316.0,No Information,No Information,No Information,No Information,13.99%/0.64%/5.15%,"7.08%, 34.03%",3.4 months/6 days/26 days,2026-04-16/2025-11-28/2025-12-27,19.88%,40.64%,-20.76%,0.28,1.97,6761.3773/6677.5508/9946.3/No Horizontal Resistance/9957.5854/15965.083/No EMA 200 Target,5781.0/1548.5125/6244.7475/3950.0879/No F-Track Level/No F-Track Level/5523.09,90.31%/320/1.5 month (Across ALL Assets),80.18%/757/1.6 month (Across ALL Assets),"2, 2020-01-16 (Price: 357.5)",2025-11-19 (Price: 6316.0),2025-11-20 (Price: 6350.5),203/202/202 days,21.98% below/22.4% below/22.4% below,2020-01-16 (Price: 357.5)/2025-11-20 (Price: 6243.5207),No Information,No Information,No Information,No Information,No Information,No Information
TRENDPULSE,"SUM.NZ, Long, 2025-11-18 (Price: 12.6)",No Exit Yet,"-35.63%, 6.8 months","100.0%, Past 4 years, 18","Daily, is CONFIRMED on 2025-11-18",Already confirmed,"2026-06-10 (Price: 8.11), 35.63% below",6.8 months,12.52,No Information,No Information,No Information,No Information,8.54%/2.04%/5.16%,"-0.0%, 20.48%",6.2 months/4 days/25 days,2026-08-14/2025-11-23/2025-12-24,15.74%,3.12%,12.62%,1.56,0.13,13.1141/13.2502/14.58/13.345/19.8479/26.5969/No EMA 200 Target,11.6/9.1367/11.0645/No stop loss/No F-Track Level/No F-Track Level/11.45,90.31%/320/1.5 month (Across ALL Assets),80.18%/757/1.6 month (Across ALL Assets),"4, 2020-01-23 (Price: 9.3)",2025-11-17 (Price: 12.65),2025-11-18 (Price: 12.6),205/204/204 days,35.89% below/35.63% below/35.63% below,2020-01-23 (Price: 9.3)/2025-11-18 (Price: 12.3204),No Information,No Information,No Information,No Information,No Information,No Information
TRENDPULSE,"BRK-B, Long, 2025-11-16 (Price: 508.94)",No Exit Yet,"-4.96%, 6.9 months","96.0%, Past 10 years, 25","Weekly, is CONFIRMED on 2025-11-14",Already confirmed,"2026-06-10 (Price: 483.68), 4.96% below",6.9 months,497.08,No Information,No Information,No Information,No Information,11.6%/2.26%/4.73%,"13.62%, 25.57%",9.8 months/1.2 month/2.2 months,2027-01-15/2026-01-07/2026-02-19,8.49%,8.58%,-0.09%,0.49,0.55,542.3774/533.0129/526.98/No Horizontal Resistance/630.85/709.9376/No EMA 200 Target,477.54/268.082/491.88/449.7662/No F-Track Level/No F-Track Level/496.0,88.72%/133/4.6 months (Across ALL Assets),77.24%/369/4.1 months (Across ALL Assets),"2, 2025-04-06 (Price: 539.0)",2025-11-16 (Price: 508.94),2025-11-12 (Price: 502.4),206/210/206 days,4.96% below/3.73% below/4.96% below,2025-04-06 (Price: 539.0)/2025-11-16 (Price: 495.9973),No Information,No Information,No Information,No Information,No Information,No Information
TRENDPULSE,"SUM.NZ, Long, 2025-11-16 (Price: 12.25)",No Exit Yet,"-33.8%, 6.9 months","72.73%, Past 10 years, 11","Weekly, is CONFIRMED on 2025-11-14",Already confirmed,"2026-06-10 (Price: 8.11), 33.8% below",6.9 months,11.86,No Information,No Information,No Information,No Information,8.29%/2.99%/5.63%,"9.39%, 47.61%",1.9 month/1.2 month/1.5 month,2026-02-06/2026-01-07/2026-01-20,-1.98%,8.68%,-10.66%,-0.08,0.46,13.3991/12.9397/12.84/13.345/19.8479/26.5969/No EMA 200 Target,10.66/9.1367/11.0645/No stop loss/No F-Track Level/No F-Track Level/11.45,88.72%/133/4.6 months (Across ALL Assets),77.24%/369/4.1 months (Across ALL Assets),"0, 2024-11-24 (Price: 13.24)",2025-11-09 (Price: 11.86),2025-11-14 (Price: 12.25),213/208/206 days,31.62% below/33.8% below/33.8% below,2024-11-24 (Price: 13.24)/2025-11-16 (Price: 11.6173),No Information,No Information,No Information,No Information,No Information,No Information
TRENDPULSE,"DIS, Long, 2025-11-12 (Price: 116.65)",No Exit Yet,"-15.47%, 7 months","93.75%, Past 4 years, 16","Daily, is CONFIRMED on 2025-11-12",Already confirmed,"2026-06-10 (Price: 98.61), 15.47% below",7 months,114.57,No Information,No Information,No Information,No Information,9.92%/2.15%/5.66%,"3.96%, 50.6%",5 months/8 days/2.4 months,2026-06-17/2025-11-23/2026-02-24,-17.54%,-0.57%,-16.97%,0.51,-0.02,117.3382/123.2524/121.47/168.455/207.5364/245.6322/No EMA 200 Target,110.24/79.415/94.0946/88.5027/No F-Track Level/No F-Track Level/110.16,90.31%/320/1.5 month (Across ALL Assets),80.18%/757/1.6 month (Across ALL Assets),"2, 2025-06-30 (Price: 124.69)",2025-11-10 (Price: 112.24),2025-11-12 (Price: 116.65),212/210/210 days,12.14% below/15.47% below/15.47% below,2025-06-30 (Price: 124.69)/2025-11-12 (Price: 112.1961),No Information,No Information,No Information,No Information,No Information,No Information
TRENDPULSE,"FRW.NZ, Long, 2025-10-31 (Price: 14.72)",No Exit Yet,"-6.93%, 7.4 months","87.5%, Past 20 years, 16","Monthly, is CONFIRMED on 2025-10-31",Already confirmed,"2026-06-10 (Price: 13.7), 6.93% below",7.4 months,13.7,No Information,No Information,No Information,No Information,25.1%/4.41%/13.53%,"3.66%, 17.71%",1.4 year/4 months/9.7 months,2027-10-29/2026-04-22/2026-12-26,10.09%,6.38%,3.71%,0.79,0.35,16.663/16.7116/15.73/No Horizontal Resistance/16.2179/21.849/No EMA 200 Target,7.7/7.405/11.0078/7.8689/No F-Track Level/No F-Track Level/11.41,93.94%/66/10.9 months (Across ALL Assets),72.82%/195/9.4 months (Across ALL Assets),"0, 2022-01-31 (Price: 13.04)",2025-08-31 (Price: 12.16),2025-10-29 (Price: 13.73),283/224/222 days,12.66% above/0.22% below/6.93% below,2022-01-31 (Price: 13.04)/2025-10-31 (Price: 11.2035),No Information,No Information,No Information,No Information,No Information,No Information
TRENDPULSE,"HDFCBANK.NS, Long, 2025-10-29 (Price: 1007.85)",No Exit Yet,"-25.9%, 7.5 months","100.0%, Past 4 years, 19","Daily, is CONFIRMED on 2025-10-29",Already confirmed,"2026-06-10 (Price: 746.85), 25.9% below",7.5 months,1004.9,No Information,No Information,No Information,No Information,8.15%/1.92%/3.76%,"-0.0%, 9.57%",3 months/6 days/1.2 month,2026-03-08/2025-11-06/2025-12-20,14.18%,6.24%,7.94%,1.18,0.33,1033.3486/1045.7452/1223.61/No Horizontal Resistance/1098.0619/1305.7899/No EMA 200 Target,945.05/640.9/962.8007/765.1075/No F-Track Level/No F-Track Level/939.21,90.31%/320/1.5 month (Across ALL Assets),80.18%/757/1.6 month (Across ALL Assets),"2, 2020-01-13 (Price: 648.25)",2025-10-29 (Price: 1007.85),2025-10-29 (Price: 1007.85),224/224/224 days,25.9% below/25.9% below/25.9% below,2020-01-13 (Price: 648.25)/2025-10-29 (Price: 1002.0011),No Information,No Information,No Information,No Information,No Information,No Information
TRENDPULSE,"EFN.TO, Long, 2025-10-26 (Price: 37.71)",No Exit Yet,"-30.89%, 7.6 months","100.0%, Past 10 years, 22","Weekly, is CONFIRMED on 2025-10-24",Already confirmed,"2026-06-10 (Price: 26.06), 30.89% below",7.6 months,37.34,No Information,No Information,No Information,No Information,26.0%/2.25%/9.22%,"-0.0%, 76.43%",6.1 months/1.4 month/2.7 months,2026-07-18/2025-12-25/2026-02-20,-1.8%,9.59%,-11.39%,0.83,0.48,40.4704/41.1869/50.8/No Horizontal Resistance/45.1741/70.5281/No EMA 200 Target,36.01/11.7733/29.5041/No stop loss/No F-Track Level/No F-Track Level/32.61,88.72%/133/4.6 months (Across ALL Assets),77.24%/369/4.1 months (Across ALL Assets),"8, 2016-05-29 (Price: 15.89)",2025-10-12 (Price: 36.73),2025-10-23 (Price: 37.42),241/230/227 days,29.05% below/30.36% below/30.89% below,2016-05-29 (Price: 15.89)/2025-10-26 (Price: 36.5305),No Information,No Information,No Information,No Information,No Information,No Information
TRENDPULSE,"HDFCBANK.NS, Long, 2025-10-20 (Price: 1002.95)",No Exit Yet,"-25.53%, 7.8 months","100.0%, Past 4 years, 19","Daily, is CONFIRMED on 2025-10-20",Already confirmed,"2026-06-10 (Price: 746.85), 25.53% below",7.8 months,997.0,No Information,No Information,No Information,No Information,8.15%/1.92%/3.76%,"-0.0%, 9.57%",3 months/6 days/1.2 month,2026-02-27/2025-10-28/2025-12-11,14.18%,6.24%,7.94%,1.18,0.33,1028.3246/1040.6609/1215.77/1004.15/1098.0619/1305.7899/No EMA 200 Target,945.05/640.9/962.8007/765.1075/No F-Track Level/No F-Track Level/935.19,90.31%/320/1.5 month (Across ALL Assets),80.18%/757/1.6 month (Across ALL Assets),"2, 2020-01-13 (Price: 648.25)",2025-10-20 (Price: 1002.95),2025-10-20 (Price: 1002.95),233/233/233 days,25.53% below/25.53% below/25.53% below,2020-01-13 (Price: 648.25)/2025-10-20 (Price: 997.0982),No Information,No Information,No Information,No Information,No Information,No Information
TRENDPULSE,"MEL.NZ, Long, 2025-10-12 (Price: 5.98)",No Exit Yet,"-1.67%, 8 months","100.0%, Past 10 years, 20","Weekly, is CONFIRMED on 2025-10-10",Already confirmed,"2026-06-10 (Price: 5.88), 1.67% below",8 months,5.9,No Information,No Information,No Information,No Information,24.31%/3.73%/10.23%,"-0.0%, 22.1%",3.3 months/1.4 month/1.8 month,2026-03-04/2025-12-11/2025-12-29,11.03%,7.59%,3.44%,0.58,0.4,6.5158/6.5918/6.45/6.825/7.4565/8.4213/No EMA 200 Target,5.56/4.3875/4.5145/3.5923/No F-Track Level/No F-Track Level/5.75,88.72%/133/4.6 months (Across ALL Assets),77.24%/369/4.1 months (Across ALL Assets),"0, 2024-06-02 (Price: 6.76)",2025-10-12 (Price: 5.98),2025-10-10 (Price: 5.98),241/243/241 days,1.67% below/1.67% below/1.67% below,2024-06-02 (Price: 6.76)/2025-10-12 (Price: 5.7725),No Information,No Information,No Information,No Information,No Information,No Information
TRENDPULSE,"NAUKRI.NS, Long, 2025-10-07 (Price: 1383.6)",No Exit Yet,"-29.8%, 8.2 months","96.77%, Past 4 years, 31","Daily, is CONFIRMED on 2025-10-07",Already confirmed,"2026-06-10 (Price: 971.25), 29.8% below",8.2 months,1379.9,No Information,No Information,No Information,No Information,11.41%/0.45%/4.7%,"0.68%, 29.37%",2.1 months/7 days/21 days,2026-01-06/2025-10-17/2025-11-06,17.58%,7.62%,9.96%,0.94,0.39,1437.6988/1448.6292/1648.91/1483.595/2223.4618/2377.3661/1446.05,1309.3/662.12/1095.4447/920.5126/No F-Track Level/No F-Track Level/No EMA 200 Stop Loss,90.31%/320/1.5 month (Across ALL Assets),80.18%/757/1.6 month (Across ALL Assets),"0, 2025-01-06 (Price: 1825.78)",2025-10-06 (Price: 1379.9),2025-10-07 (Price: 1383.6),247/246/246 days,29.61% below/29.8% below/29.8% below,2025-01-06 (Price: 1825.78)/2025-10-07 (Price: 1334.629),No Information,No Information,No Information,No Information,No Information,No Information
TRENDPULSE,"SPY, Long, 2025-09-30 (Price: 666.18)",No Exit Yet,"8.89%, 8.4 months","80.0%, Past 20 years, 10","Monthly, is CONFIRMED on 2025-09-30",Already confirmed,"2026-06-10 (Price: 725.43), 8.89% above",8.4 months,637.5,No Information,No Information,No Information,No Information,13.4%/8.58%/11.25%,"5.51%, 13.47%",1.1 year/4 months/8.8 months,2027-04-26/2026-03-22/2026-10-17,5.38%,5.02%,0.36%,0.53,0.26,765.9071/741.1252/1004.58/No Horizontal Resistance/969.1148/1522.3697/No EMA 200 Target,554.54/412.1625/627.1849/415.8599/No F-Track Level/No F-Track Level/600.46,93.94%/66/10.9 months (Across ALL Assets),72.82%/195/9.4 months (Across ALL Assets),"0, 2003-06-30 (Price: 102.18)",2025-09-30 (Price: 666.18),2025-09-30 (Price: 666.18),253/253/253 days,8.89% above/8.89% above/8.89% above,2003-06-30 (Price: 102.18)/2025-09-30 (Price: 638.4395),No Information,No Information,No Information,No Information,No Information,No Information
TRENDPULSE,"AEM.TO, Long, 2025-09-30 (Price: 234.4)",2026-05-31 (Price: 253.48),"8.14%, 8.1 months","94.12%, Past 20 years, 17","Monthly, is CONFIRMED on 2025-09-30",Already confirmed,"2026-06-10 (Price: 212.41), 9.38% below",8.4 months,200.18,No Information,No Information,No Information,No Information,119.13%/3.75%/48.89%,"19.32%, 59.99%",2 years/5.1 months/11.5 months,2028-08-07/2026-05-09/2027-02-11,12.24%,8.78%,3.46%,1.44,0.44,270.1226/348.9982/366.4/No Horizontal Resistance/No Target/No Target/No EMA 200 Target,61.72/60.0025/193.9088/163.0279/No F-Track Level/No F-Track Level/159.65,93.94%/66/10.9 months (Across ALL Assets),72.82%/195/9.4 months (Across ALL Assets),"2, 2001-05-31 (Price: 14.4)",2025-09-30 (Price: 234.4),2025-09-25 (Price: 223.0),253/258/253 days,9.38% below/4.75% below/9.38% below,2001-05-31 (Price: 14.4)/2025-09-30 (Price: 200.3445),No Information,No Information,No Information,No Information,No Information,No Information
TRENDPULSE,"IMO.TO, Long, 2025-09-30 (Price: 126.19)",2026-05-31 (Price: 163.57),"29.62%, 8.1 months","100.0%, Past 20 years, 23","Monthly, is CONFIRMED on 2025-09-30",Already confirmed,"2026-06-10 (Price: 167.45), 32.7% above",8.4 months,124.35,No Information,No Information,No Information,No Information,56.58%/11.5%/29.53%,"-0.0%, 64.29%",3.9 years/5.1 months/1.1 year,2031-04-25/2026-05-09/2027-04-26,9.8%,7.48%,2.32%,1.35,0.39,166.3941/163.4539/192.6/No Horizontal Resistance/129.8192/200.2184/No EMA 200 Target,88.59/60.8067/86.3092/No stop loss/No F-Track Level/No F-Track Level/104.72,93.94%/66/10.9 months (Across ALL Assets),72.82%/195/9.4 months (Across ALL Assets),"0, 2001-09-30 (Price: 15.5)",2025-09-30 (Price: 126.19),2025-09-10 (Price: 126.79),253/273/253 days,32.7% above/32.07% above/32.7% above,2001-09-30 (Price: 15.5)/2025-09-30 (Price: 122.7883),No Information,No Information,No Information,No Information,No Information,No Information
TRENDPULSE,"NAUKRI.NS, Long, 2025-09-21 (Price: 1376.1)",No Exit Yet,"-29.42%, 8.7 months","96.43%, Past 10 years, 28","Weekly, is CONFIRMED on 2025-09-19",Already confirmed,"2026-06-10 (Price: 971.25), 29.42% below",8.7 months,1360.0,No Information,No Information,No Information,No Information,20.0%/4.79%/10.13%,"33.02%, 50.68%",7.9 months/1.2 month/3.3 months,2026-08-30/2025-11-12/2026-02-11,9.94%,12.88%,-2.94%,0.65,0.63,1571.919/1515.4989/1645.91/1483.595/2223.4618/2377.3661/1465.78,1332.0/662.12/1095.4447/920.5126/No F-Track Level/No F-Track Level/No EMA 200 Stop Loss,88.72%/133/4.6 months (Across ALL Assets),77.24%/369/4.1 months (Across ALL Assets),"2, 2025-01-12 (Price: 1825.78)",2025-09-14 (Price: 1360.6),2025-09-17 (Price: 1375.0),269/266/262 days,28.62% below/29.36% below/29.42% below,2025-01-12 (Price: 1825.78)/2025-09-21 (Price: 1320.5183),No Information,No Information,No Information,No Information,No Information,No Information
TRENDPULSE,"ADBE, Long, 2025-09-21 (Price: 365.9)",No Exit Yet,"-36.22%, 8.7 months","92.0%, Past 10 years, 25","Weekly, is CONFIRMED on 2025-09-19",Already confirmed,"2026-06-10 (Price: 233.38), 36.22% below",8.7 months,350.5,No Information,No Information,No Information,No Information,30.75%/3.26%/10.53%,"5.79%, 38.25%",1.1 year/28 days/2.3 months,2027-04-17/2025-10-31/2025-12-29,11.6%,10.18%,1.42%,0.89,0.53,416.7235/404.4293/499.01/636.07/719.5145/812.9837/401.22,341.05/332.985/343.16/318.6438/No F-Track Level/No F-Track Level/No EMA 200 Stop Loss,88.72%/133/4.6 months (Across ALL Assets),77.24%/369/4.1 months (Across ALL Assets),"2, 2024-09-15 (Price: 587.75)",2025-09-07 (Price: 348.97),2025-09-16 (Price: 352.73),276/267/262 days,33.12% below/33.84% below/36.22% below,2024-09-15 (Price: 587.75)/2025-09-21 (Price: 331.9383),No Information,No Information,No Information,No Information,No Information,No Information
TRENDPULSE,"JD, Long, 2025-09-14 (Price: 33.67)",No Exit Yet,"-15.5%, 9 months","77.78%, Past 10 years, 9","Weekly, is CONFIRMED on 2025-09-12",Already confirmed,"2026-06-10 (Price: 28.45), 15.5% below",9 months,31.66,No Information,No Information,No Information,No Information,21.39%/10.27%/16.02%,"63.97%, 76.21%",5.8 months/1.9 month/3.5 months,2026-05-24/2025-12-05/2026-02-13,-14.42%,2.3%,-16.72%,-0.19,0.22,34.9932/39.0639/41.34/92.73/97.2627/102.2552/35.72,30.91/24.07/No F-Stack Support/No F-Stack Support/No F-Track Level/No F-Track Level/No EMA 200 Stop Loss,88.72%/133/4.6 months (Across ALL Assets),77.24%/369/4.1 months (Across ALL Assets),"2, 2025-03-09 (Price: 46.445)",2025-08-31 (Price: 31.07),2025-09-11 (Price: 34.4),283/272/269 days,8.43% below/17.3% below/15.5% below,2025-03-09 (Price: 46.445)/2025-09-14 (Price: 29.5274),No Information,No Information,No Information,No Information,No Information,No Information
TRENDPULSE,"BYD.TO, Long, 2025-09-14 (Price: 236.56)",No Exit Yet,"-43.73%, 9 months","86.21%, Past 10 years, 29","Weekly, is CONFIRMED on 2025-09-12",Already confirmed,"2026-06-10 (Price: 133.12), 43.73% below",9 months,233.59,No Information,No Information,No Information,No Information,13.87%/2.81%/7.01%,"14.41%, 50.63%",7.2 months/28 days/4 months,2026-07-23/2025-10-24/2026-03-06,10.59%,13.53%,-2.94%,0.41,0.7,253.7343/253.1429/331.53/256.6133/367.2583/388.6839/No EMA 200 Target,187.77/198.575/229.0045/147.1212/No F-Track Level/No F-Track Level/215.55,88.72%/133/4.6 months (Across ALL Assets),77.24%/369/4.1 months (Across ALL Assets),"2, 2016-04-03 (Price: 78.27)",2025-09-14 (Price: 236.56),2025-09-09 (Price: 235.35),269/274/269 days,43.73% below/43.44% below/43.73% below,2016-04-03 (Price: 78.27)/2025-09-14 (Price: 230.5957),No Information,No Information,No Information,No Information,No Information,No Information
TRENDPULSE,"AMZN, Long, 2025-08-31 (Price: 229.0)",No Exit Yet,"3.93%, 9.4 months","86.67%, Past 20 years, 15","Monthly, is CONFIRMED on 2025-08-31",Already confirmed,"2026-06-10 (Price: 238.0), 3.93% above",9.4 months,217.21,No Information,No Information,No Information,No Information,51.52%/19.23%/30.47%,"5.07%, 23.74%",1.8 year/6.1 months/11.9 months,2028-03-26/2026-05-23/2027-01-30,15.09%,17.61%,-2.52%,1.28,0.79,293.3719/298.7763/259.83/No Horizontal Resistance/317.6152/339.3352/No EMA 200 Target,184.42/86.995/213.1321/193.0625/No F-Track Level/No F-Track Level/212.82,93.94%/66/10.9 months (Across ALL Assets),72.82%/195/9.4 months (Across ALL Assets),"6, 2020-09-30 (Price: 177.6125)",2025-06-30 (Price: 219.39),2025-08-29 (Price: 229.0),345/285/283 days,8.48% above/3.93% above/3.93% above,2020-09-30 (Price: 177.6125)/2025-08-31 (Price: 208.3547),No Information,No Information,No Information,No Information,No Information,No Information
TRENDPULSE,"IMO.TO, Long, 2025-08-31 (Price: 124.62)",2026-05-31 (Price: 163.57),"31.26%, 9.1 months","100.0%, Past 20 years, 23","Monthly, is CONFIRMED on 2025-08-31",Already confirmed,"2026-06-10 (Price: 167.45), 34.37% above",9.4 months,114.68,No Information,No Information,No Information,No Information,56.58%/11.5%/29.53%,"-0.0%, 64.29%",3.9 years/5.1 months/1.1 year,2031-03-26/2026-04-09/2027-03-27,9.8%,7.48%,2.32%,1.35,0.39,164.3239/161.4203/134.06/No Horizontal Resistance/129.8192/200.2184/No EMA 200 Target,88.59/60.8067/86.3092/No stop loss/No F-Track Level/No F-Track Level/102.35,93.94%/66/10.9 months (Across ALL Assets),72.82%/195/9.4 months (Across ALL Assets),"2, 2024-10-31 (Price: 108.89)",2025-06-30 (Price: 108.18),2025-08-20 (Price: 115.69),345/294/283 days,54.79% above/44.74% above/34.37% above,2024-10-31 (Price: 108.89)/2025-08-31 (Price: 102.61),No Information,No Information,No Information,No Information,No Information,No Information
TRENDPULSE,"ADBE, Long, 2025-08-25 (Price: 363.21)",No Exit Yet,"-35.75%, 9.6 months","95.45%, Past 4 years, 22","Daily, is CONFIRMED on 2025-08-25",Already confirmed,"2026-06-10 (Price: 233.38), 35.75% below",9.6 months,362.56,No Information,No Information,No Information,No Information,6.09%/0.71%/3.44%,"6.29%, 23.04%",3.3 months/6 days/20 days,2026-01-15/2025-09-02/2025-09-22,7.25%,-3.63%,10.88%,0.84,-0.07,371.6365/375.7044/398.17/636.07/719.5145/812.9837/415.25,333.65/333.9667/343.16/318.6438/No F-Track Level/No F-Track Level/No EMA 200 Stop Loss,90.31%/320/1.5 month (Across ALL Assets),80.18%/757/1.6 month (Across ALL Assets),"2, 2025-06-05 (Price: 421.48)",2025-08-21 (Price: 353.43),2025-08-25 (Price: 363.21),293/289/289 days,33.97% below/35.75% below/35.75% below,2025-06-05 (Price: 421.48)/2025-08-25 (Price: 348.9142),No Information,No Information,No Information,No Information,No Information,No Information
TRENDPULSE,"EFN.TO, Long, 2025-07-31 (Price: 36.04)",No Exit Yet,"-27.69%, 10.5 months","100.0%, Past 20 years, 8","Monthly, is CONFIRMED on 2025-07-31",Already confirmed,"2026-06-10 (Price: 26.06), 27.69% below",10.5 months,34.35,No Information,No Information,No Information,No Information,38.62%/14.85%/25.2%,"-0.0%, 79.06%",1.7 year/6.1 months/1.1 year,2028-01-03/2026-04-22/2027-02-24,5.53%,9.5%,-3.97%,1.59,0.49,40.0332/45.1221/53.85/No Horizontal Resistance/45.1741/70.5281/No EMA 200 Target,11.47/11.7733/29.5041/No stop loss/No F-Track Level/No F-Track Level/30.37,93.94%/66/10.9 months (Across ALL Assets),72.82%/195/9.4 months (Across ALL Assets),"0, 2012-08-31 (Price: 6.35)",2025-06-30 (Price: 34.11),2025-07-31 (Price: 36.04),345/314/314 days,23.6% below/27.69% below/27.69% below,2012-08-31 (Price: 6.35)/2025-07-31 (Price: 33.3871),No Information,No Information,No Information,No Information,No Information,No Information
TRENDPULSE,"TRI.TO, Long, 2025-07-31 (Price: 278.08)",No Exit Yet,"-58.82%, 10.5 months","100.0%, Past 20 years, 7","Monthly, is CONFIRMED on 2025-07-31",Already confirmed,"2026-06-10 (Price: 114.51), 58.82% below",10.5 months,274.44,No Information,No Information,No Information,No Information,32.32%/6.96%/15.68%,"-0.0%, 18.1%",1.6 year/5.1 months/8.9 months,2027-11-12/2026-03-09/2026-08-21,10.47%,4.95%,5.52%,1.06,0.24,311.1159/321.6829/419.29/No Horizontal Resistance/293.2329/455.2123/No EMA 200 Target,166.11/117.9612/193.124/131.2534/No F-Track Level/No F-Track Level/249.41,93.94%/66/10.9 months (Across ALL Assets),72.82%/195/9.4 months (Across ALL Assets),"8, 2009-05-31 (Price: 42.731)",2025-06-30 (Price: 273.84),2025-07-30 (Price: 276.23),345/315/314 days,58.18% below/58.55% below/58.82% below,2009-05-31 (Price: 42.731)/2025-07-31 (Price: 265.732),No Information,No Information,No Information,No Information,No Information,No Information
TRENDPULSE,"IMO.TO, Long, 2025-07-31 (Price: 115.53)",2026-05-31 (Price: 163.57),"41.58%, 10.1 months","100.0%, Past 20 years, 23","Monthly, is CONFIRMED on 2025-07-31",Already confirmed,"2026-06-10 (Price: 167.45), 44.94% above",10.5 months,110.11,No Information,No Information,No Information,No Information,56.58%/11.5%/29.53%,"-0.0%, 64.29%",3.9 years/5.1 months/1.1 year,2031-02-23/2026-03-09/2027-02-24,9.8%,7.48%,2.32%,1.35,0.39,152.3379/149.646/119.51/No Horizontal Resistance/125.7351/130.9032/No EMA 200 Target,88.59/60.8067/95.1616/91.2096/No F-Track Level/No F-Track Level/100.87,93.94%/66/10.9 months (Across ALL Assets),72.82%/195/9.4 months (Across ALL Assets),"2, 2024-10-31 (Price: 108.89)",2025-06-30 (Price: 108.18),2025-07-30 (Price: 116.68),345/315/314 days,54.79% above/43.51% above/44.94% above,2024-10-31 (Price: 108.89)/2025-07-31 (Price: 103.238),No Information,No Information,No Information,No Information,No Information,No Information
TRENDPULSE,"CSU.TO, Long, 2025-06-30 (Price: 4993.2002)",2026-06-05 (Price: 2969.3201),"-40.53%, 11.3 months","86.67%, Past 4 years, 30","Daily, is CONFIRMED on 2025-06-30",Already confirmed,"2026-06-10 (Price: 3143.7), 37.04% below",11.5 months,4982.27,No Information,No Information,No Information,No Information,8.58%/1.17%/3.86%,"5.28%, 20.08%",2.8 months/6 days/29 days,2025-10-29/2025-07-08/2025-08-11,17.4%,6.79%,10.61%,0.59,0.35,5203.9132/5185.9377/5177.28/No Horizontal Resistance/No Next Fib Ext/No Next Fib Ext/No EMA 200 Target,4828.13/1553.715/No F-Stack Support/No F-Stack Support/No F-Track Level/No F-Track Level/4652.1,90.31%/320/1.5 month (Across ALL Assets),80.18%/757/1.6 month (Across ALL Assets),"2, 2025-05-12 (Price: 5300.0)",2025-06-26 (Price: 4926.79),2025-06-30 (Price: 4993.2002),349/345/345 days,36.19% below/37.04% below/37.04% below,2025-05-12 (Price: 5300.0)/2025-06-30 (Price: 4842.1768),No Information,No Information,No Information,No Information,No Information,No Information
TRENDPULSE,"HDFCBANK.NS, Long, 2025-06-29 (Price: 1007.45)",No Exit Yet,"-25.87%, 11.5 months","100.0%, Past 10 years, 20","Weekly, is CONFIRMED on 2025-06-27",Already confirmed,"2026-06-10 (Price: 746.85), 25.87% below",11.5 months,974.2,No Information,No Information,No Information,No Information,8.76%/1.08%/4.78%,"-0.0%, 23.57%",1.3 year/28 days/4.1 months,2027-05-07/2025-08-08/2025-12-22,7.66%,9.43%,-1.77%,1.13,0.56,1108.598/1055.6061/1132.52/No Horizontal Resistance/1263.3223/2016.6114/No EMA 200 Target,818.38/640.9/797.7641/510.0332/No F-Track Level/No F-Track Level/892.58,88.72%/133/4.6 months (Across ALL Assets),77.24%/369/4.1 months (Across ALL Assets),"0, 2021-09-05 (Price: 799.0)",2025-06-22 (Price: 982.35),2025-06-25 (Price: 990.1),353/350/346 days,23.97% below/24.57% below/25.87% below,2021-09-05 (Price: 799.0)/2025-06-29 (Price: 962.8667),No Information,No Information,No Information,No Information,No Information,No Information
TRENDPULSE,"NAUKRI.NS, Long, 2025-06-29 (Price: 1508.1)",No Exit Yet,"-35.6%, 11.5 months","96.43%, Past 10 years, 28","Weekly, is CONFIRMED on 2025-06-27",Already confirmed,"2026-06-10 (Price: 971.25), 35.6% below",11.5 months,1490.0,No Information,No Information,No Information,No Information,20.0%/4.79%/10.13%,"33.02%, 50.68%",7.9 months/1.2 month/3.3 months,2026-06-07/2025-08-20/2025-11-19,9.94%,12.88%,-2.94%,0.65,0.63,1722.7026/1660.8705/1698.71/No Horizontal Resistance/2223.4618/2377.3661/1522.76,1276.51/662.12/1498.9515/1095.4447/No F-Track Level/No F-Track Level/No EMA 200 Stop Loss,88.72%/133/4.6 months (Across ALL Assets),77.24%/369/4.1 months (Across ALL Assets),"2, 2025-01-12 (Price: 1825.78)",2025-06-15 (Price: 1459.8),2025-06-27 (Price: 1508.1),360/348/346 days,33.47% below/35.6% below/35.6% below,2025-01-12 (Price: 1825.78)/2025-06-29 (Price: 1424.74),No Information,No Information,No Information,No Information,No Information,No Information
TRENDPULSE,"HDFCBANK.NS, Long, 2025-06-08 (Price: 989.35)",No Exit Yet,"-24.51%, 1 year","100.0%, Past 10 years, 20","Weekly, is CONFIRMED on 2025-06-06",Already confirmed,"2026-06-10 (Price: 746.85), 24.51% below",1 year,965.05,No Information,No Information,No Information,No Information,8.76%/1.08%/4.78%,"-0.0%, 23.57%",1.3 year/28 days/4.1 months,2027-04-16/2025-07-18/2025-12-01,7.66%,9.43%,-1.77%,1.13,0.56,1088.6807/1036.6409/1103.56/No Horizontal Resistance/1263.3223/2016.6114/No EMA 200 Target,818.38/640.9/797.7641/510.0332/No F-Track Level/No F-Track Level/880.46,88.72%/133/4.6 months (Across ALL Assets),77.24%/369/4.1 months (Across ALL Assets),"0, 2021-09-05 (Price: 799.0)",2025-06-08 (Price: 989.35),2025-06-06 (Price: 989.35),367/369/367 days,24.51% below/24.51% below/24.51% below,2021-09-05 (Price: 799.0)/2025-06-08 (Price: 960.4167),No Information,No Information,No Information,No Information,No Information,No Information
TRENDPULSE,"BTC-USD, Long, 2025-05-31 (Price: 104638.0938)",No Exit Yet,"-41.02%, 1 year","100.0%, Past 20 years, 5","Monthly, is CONFIRMED on 2025-05-31",Already confirmed,"2026-06-10 (Price: 61720.1016), 41.02% below",1 year,94212.8594,No Information,No Information,No Information,No Information,286.43%/48.3%/170.48%,"-0.0%, 15.0%",6.1 months/5.1 months/5.8 months,2026-02-20/2026-01-07/2026-02-07,56.19%,37.97%,18.22%,0.98,1.3,360750.2922/283025.1161/128503.09/108691.664/112399.9298/136097.3501/No EMA 200 Target,16547.5/18304.4229/88806.9363/81023.3741/No F-Track Level/No F-Track Level/94736.72,93.94%/66/10.9 months (Across ALL Assets),72.82%/195/9.4 months (Across ALL Assets),"0, 2021-04-30 (Price: 64863.0977)",2025-04-30 (Price: 94207.3125),2025-05-31 (Price: 104638.0938),406/375/375 days,34.48% below/41.02% below/41.02% below,2021-04-30 (Price: 64863.0977)/2025-05-31 (Price: 77304.8593),No Information,No Information,No Information,No Information,No Information,No Information
TRENDPULSE,"HDFCBANK.NS, Long, 2025-05-31 (Price: 972.45)",No Exit Yet,"-23.2%, 1 year","78.57%, Past 20 years, 14","Monthly, is CONFIRMED on 2025-05-31",Already confirmed,"2026-06-10 (Price: 746.85), 23.2% below",1 year,964.9,No Information,No Information,No Information,No Information,23.14%/5.97%/13.59%,"11.13%, 17.76%",1 year/5 months/7.6 months,2026-11-03/2026-01-03/2026-04-26,8.88%,12.53%,-3.65%,0.37,0.69,1118.8037/1104.606/1547.55/No Horizontal Resistance/1263.3223/2016.6114/No EMA 200 Target,701.7/640.9/797.7641/510.0332/No F-Track Level/No F-Track Level/876.52,93.94%/66/10.9 months (Across ALL Assets),72.82%/195/9.4 months (Across ALL Assets),"0, 2001-02-28 (Price: 13.95)",2025-05-31 (Price: 972.45),2025-05-30 (Price: 972.45),375/376/375 days,23.2% below/23.2% below/23.2% below,2001-02-28 (Price: 13.95)/2025-05-31 (Price: 958.0147),No Information,No Information,No Information,No Information,No Information,No Information
TRENDPULSE,"NFLX, Long, 2025-05-31 (Price: 120.723)",No Exit Yet,"-32.08%, 1 year","100.0%, Past 20 years, 16","Monthly, is CONFIRMED on 2025-05-31",Already confirmed,"2026-06-10 (Price: 82.0), 32.08% below",1 year,112.252,No Information,No Information,No Information,No Information,57.86%/13.34%/33.03%,"-0.0%, 41.88%",1.5 year/5.1 months/9.2 months,2027-07-22/2026-01-07/2026-07-04,18.18%,21.61%,-3.43%,1.43,0.87,191.6357/160.5978/192.9/No Horizontal Resistance/No Target/139.352/No EMA 200 Target,17.49/34.8663/100.8852/86.4764/No F-Track Level/No F-Track Level/89.19,93.94%/66/10.9 months (Across ALL Assets),72.82%/195/9.4 months (Across ALL Assets),"6, 2003-10-31 (Price: 0.4357)",2025-04-30 (Price: 113.172),2025-05-13 (Price: 113.844),406/393/375 days,27.54% below/27.97% below/32.08% below,2003-10-31 (Price: 0.4357)/2025-05-31 (Price: 94.9508),No Information,No Information,No Information,No Information,No Information,No Information
TRENDPULSE,"BRK-B, Long, 2025-05-04 (Price: 539.8)",No Exit Yet,"-10.4%, 1.1 year","96.0%, Past 10 years, 25","Weekly, is CONFIRMED on 2025-05-02",Already confirmed,"2026-06-10 (Price: 483.68), 10.4% below",1.1 year,533.63,No Information,No Information,No Information,No Information,11.6%/2.26%/4.73%,"13.62%, 25.57%",9.8 months/1.2 month/2.2 months,2026-07-03/2025-06-25/2025-08-07,8.49%,8.58%,-0.09%,0.49,0.55,575.2649/565.3325/774.54/No Horizontal Resistance/No Target/630.85/No EMA 200 Target,442.66/268.082/491.88/449.7662/No F-Track Level/No F-Track Level/472.29,88.72%/133/4.6 months (Across ALL Assets),77.24%/369/4.1 months (Across ALL Assets),"4, 2015-05-17 (Price: 148.57)",2025-05-04 (Price: 539.8),2025-05-02 (Price: 539.8),402/404/402 days,10.4% below/10.4% below/10.4% below,2015-05-17 (Price: 148.57)/2025-05-04 (Price: 530.5998),No Information,No Information,No Information,No Information,No Information,No Information
TRENDPULSE,"BRK-B, Long, 2025-03-30 (Price: 526.31)",No Exit Yet,"-8.1%, 1.2 year","96.0%, Past 10 years, 25","Weekly, is CONFIRMED on 2025-03-28",Already confirmed,"2026-06-10 (Price: 483.68), 8.1% below",1.2 year,523.1,No Information,No Information,No Information,No Information,11.6%/2.26%/4.73%,"13.62%, 25.57%",9.8 months/1.2 month/2.2 months,2026-05-29/2025-05-21/2025-07-03,8.49%,8.58%,-0.09%,0.49,0.55,560.8886/551.2045/752.95/No Horizontal Resistance/533.0296/630.85/No EMA 200 Target,442.66/200.57/491.88/449.7662/No F-Track Level/No F-Track Level/459.0,88.72%/133/4.6 months (Across ALL Assets),77.24%/369/4.1 months (Across ALL Assets),"4, 2015-05-17 (Price: 148.57)",2025-03-30 (Price: 526.31),2025-03-30 (Price: 526.31),437/437/437 days,8.1% below/8.1% below/8.1% below,2015-05-17 (Price: 148.57)/2025-03-30 (Price: 522.1612),No Information,No Information,No Information,No Information,No Information,No Information
TRENDPULSE,"IHI, Long, 2025-02-28 (Price: 63.77)",2026-05-31 (Price: 48.96),"-23.22%, 1.3 year","71.43%, Past 20 years, 7","Monthly, is CONFIRMED on 2025-02-28",Already confirmed,"2026-06-10 (Price: 49.72), 22.03% below",1.3 year,63.37,No Information,No Information,No Information,No Information,16.7%/2.84%/13.93%,"21.92%, 22.64%",7.1 months/5.1 months/6.7 months,2026-01-02/2025-10-07/2025-12-16,3.99%,6.66%,-2.67%,0.06,0.39,72.1813/72.6532/68.59/66.92/68.9264/76.3906/No EMA 200 Target,45.26/46.8983/56.0899/46.1919/No F-Track Level/No F-Track Level/58.82,93.94%/66/10.9 months (Across ALL Assets),72.82%/195/9.4 months (Across ALL Assets),"2, 2022-08-31 (Price: 55.73)",2025-01-31 (Price: 63.81),2025-02-28 (Price: 63.77),495/467/467 days,22.08% below/22.03% below/22.03% below,2022-08-31 (Price: 55.73)/2025-02-28 (Price: 61.2236),No Information,No Information,No Information,No Information,No Information,No Information
TRENDPULSE,"SBUX, Long, 2025-02-28 (Price: 115.81)",No Exit Yet,"-14.72%, 1.3 year","100.0%, Past 20 years, 10","Monthly, is CONFIRMED on 2025-02-28",Already confirmed,"2026-06-10 (Price: 98.76), 14.72% below",1.3 year,105.72,No Information,No Information,No Information,No Information,34.77%/14.0%/21.17%,"-0.0%, 76.35%",1.8 year/4 months/1.1 year,2027-09-24/2025-08-20/2026-09-24,8.72%,8.97%,-0.25%,1.71,0.46,125.6307/140.327/117.71/117.4325/142.4098/150.3462/No EMA 200 Target,77.85/71.47/104.577/89.1063/No F-Track Level/No F-Track Level/91.88,93.94%/66/10.9 months (Across ALL Assets),72.82%/195/9.4 months (Across ALL Assets),"0, 2021-04-30 (Price: 118.98)",2025-01-31 (Price: 107.68),2025-01-29 (Price: 108.58),495/497/467 days,8.28% below/9.04% below/14.72% below,2021-04-30 (Price: 118.98)/2025-02-28 (Price: 102.1826),No Information,No Information,No Information,No Information,No Information,No Information
TRENDPULSE,"FBU.NZ, Long, 2025-02-28 (Price: 3.39)",2026-05-31 (Price: 3.14),"-7.37%, 1.3 year","80.0%, Past 20 years, 10","Monthly, is CONFIRMED on 2025-02-28",Already confirmed,"2026-06-10 (Price: 3.13), 7.67% below",1.3 year,2.85,No Information,No Information,No Information,No Information,26.1%/3.25%/14.68%,"37.82%, 49.28%",1.3 year/5 months/10.1 months,2027-01-06/2025-10-03/2026-05-12,4.05%,0.74%,3.31%,-0.09,0.01,3.7883/3.8877/4.74/7.985/12.7156/14.3053/No EMA 200 Target,2.83/3.3133/3.1474/No stop loss/No F-Track Level/No F-Track Level/3.02,93.94%/66/10.9 months (Across ALL Assets),72.82%/195/9.4 months (Across ALL Assets),"2, 2023-08-31 (Price: 5.64)",2024-12-31 (Price: 2.85),2025-02-27 (Price: 3.27),526/468/467 days,9.82% above/4.28% below/7.67% below,2023-08-31 (Price: 5.64)/2025-02-28 (Price: 2.5338),No Information,No Information,No Information,No Information,No Information,No Information
TRENDPULSE,"EBO.NZ, Long, 2025-02-09 (Price: 41.55)",No Exit Yet,"-49.7%, 1.4 year","95.83%, Past 10 years, 24","Weekly, is CONFIRMED on 2025-02-07",Already confirmed,"2026-06-10 (Price: 20.9), 49.7% below",1.4 year,39.99,No Information,No Information,No Information,No Information,19.42%/1.19%/7.71%,"17.86%, 31.1%",1 year/1.2 month/4.2 months,2026-07-15/2025-04-02/2025-08-10,10.78%,5.8%,4.98%,0.62,0.3,43.6275/44.7535/44.76/46.625/51.6772/55.325/No EMA 200 Target,36.45/21.4/41.5494/33.2406/No F-Track Level/No F-Track Level/35.94,88.72%/133/4.6 months (Across ALL Assets),77.24%/369/4.1 months (Across ALL Assets),"2, 2024-05-05 (Price: 36.2)",2025-02-02 (Price: 40.0),2025-02-04 (Price: 41.0),493/491/486 days,47.75% below/49.02% below/49.7% below,2024-05-05 (Price: 36.2)/2025-02-09 (Price: 39.1851),No Information,No Information,No Information,No Information,No Information,No Information
TRENDPULSE,"^TNX, Long, 2025-01-31 (Price: 4.569)",No Exit Yet,"-0.59%, 1.4 year","85.71%, Past 20 years, 14","Monthly, is CONFIRMED on 2025-01-31",Already confirmed,"2026-06-10 (Price: 4.542), 0.59% below",1.4 year,4.521,No Information,No Information,No Information,No Information,48.31%/4.17%/29.27%,"56.79%, 83.03%",1.4 year/4.1 months/6.5 months,2027-01-29/2025-07-26/2025-11-09,0.6%,-0.57%,1.17%,0.28,0.01,5.4106/5.9063/4.83/No Horizontal Resistance/17.4008/18.8284/No EMA 200 Target,3.8/1.6875/No F-Stack Support/No F-Stack Support/No F-Track Level/No F-Track Level/4.25,93.94%/66/10.9 months (Across ALL Assets),72.82%/195/9.4 months (Across ALL Assets),"2, 2023-10-31 (Price: 4.997)",2024-12-31 (Price: 4.573),2025-01-31 (Price: 4.569),526/495/495 days,0.68% below/0.59% below/0.59% below,2023-10-31 (Price: 4.997)/2025-01-31 (Price: 4.347),No Information,No Information,No Information,No Information,No Information,No Information
TRENDPULSE,"XLY, Long, 2024-12-31 (Price: 112.175)",2026-05-31 (Price: 120.87),"7.75%, 1.4 year","93.75%, Past 20 years, 16","Monthly, is CONFIRMED on 2024-12-31",Already confirmed,"2026-06-10 (Price: 113.49), 1.17% above",1.5 year,111.935,No Information,No Information,No Information,No Information,32.13%/5.25%/17.76%,"17.44%, 51.92%",1.5 year/5.1 months/11 months,2027-02-21/2025-08-09/2026-04-22,4.49%,6.16%,-1.67%,1.01,0.34,132.961/132.0973/169.9/No Horizontal Resistance/125.4815/133.9156/No EMA 200 Target,64.58/67.241/86.1124/56.5683/No F-Track Level/No F-Track Level/96.23,93.94%/66/10.9 months (Across ALL Assets),72.82%/195/9.4 months (Across ALL Assets),"2, 2000-04-30 (Price: 15.9688)",2024-11-30 (Price: 111.15),2024-12-31 (Price: 112.175),557/526/526 days,2.11% above/1.17% above/1.17% above,2000-04-30 (Price: 15.9688)/2024-12-31 (Price: 102.765),No Information,No Information,No Information,No Information,No Information,No Information
TRENDPULSE,"CRM, Long, 2024-12-31 (Price: 334.33)",No Exit Yet,"-48.88%, 1.5 year","100.0%, Past 20 years, 9","Monthly, is CONFIRMED on 2024-12-31",Already confirmed,"2026-06-10 (Price: 170.92), 48.88% below",1.5 year,332.0,No Information,No Information,No Information,No Information,30.75%/5.96%/26.4%,"-0.0%, 24.09%",1.1 year/5.1 months/9.1 months,2026-07-27/2025-08-09/2026-01-30,10.8%,13.06%,-2.26%,1.82,0.61,407.8826/422.5931/364.23/No Horizontal Resistance/335.5697/354.7868/No EMA 200 Target,132.59/156.1/298.121/253.2538/No F-Track Level/No F-Track Level/282.07,93.94%/66/10.9 months (Across ALL Assets),72.82%/195/9.4 months (Across ALL Assets),"0, 2020-09-30 (Price: 284.5)",2024-12-31 (Price: 334.33),2024-12-31 (Price: 334.33),526/526/526 days,48.88% below/48.88% below/48.88% below,2020-09-30 (Price: 284.5)/2024-12-31 (Price: 326.0407),No Information,No Information,No Information,No Information,No Information,No Information
TRENDPULSE,"JETS, Long, 2024-11-30 (Price: 24.55)",2026-06-10 (Price: 27.25),"11.0%, 1.5 year","75.0%, Past 20 years, 4","Monthly, is CONFIRMED on 2024-11-30",Already confirmed,"2026-06-10 (Price: 27.25), 11.0% above",1.5 year,22.81,No Information,No Information,No Information,No Information,22.2%/22.2%/22.2%,"3.13%, 30.25%",6.1 months/6.1 months/6.1 months,2025-08-22 (Max),11.2%,0.47%,10.73%,0.28,0.03,No Target/30.0001/29.24/No Horizontal Resistance/No Next Fib Ext/No Next Fib Ext/No EMA 200 Target,18.7/11.26/No F-Stack Support/No F-Stack Support/No F-Track Level/No F-Track Level/20.31,93.94%/66/10.9 months (Across ALL Assets),72.82%/195/9.4 months (Across ALL Assets),"0, 2019-07-31 (Price: 32.359)",2024-10-31 (Price: 22.74),2024-11-29 (Price: 24.55),587/558/557 days,19.83% above/11.0% above/11.0% above,2019-07-31 (Price: 32.359)/2024-11-30 (Price: 20.18),No Information,No Information,No Information,No Information,No Information,No Information
TRENDPULSE,"JD, Long, 2024-10-31 (Price: 40.62)",No Exit Yet,"-29.96%, 1.6 year","100.0%, Past 20 years, 5","Monthly, is CONFIRMED on 2024-10-31",Already confirmed,"2026-06-10 (Price: 28.45), 29.96% below",1.6 year,39.79,No Information,No Information,No Information,No Information,81.07%/40.95%/56.59%,"-0.0%, 14.65%",9.2 months/5.1 months/7.1 months,2025-12-04/2025-06-09/2025-09-04,21.63%,1.01%,20.62%,0.98,0.14,74.952/63.6069/81.22/92.73/97.2627/102.2552/No EMA 200 Target,22.55/24.07/No F-Stack Support/No F-Stack Support/No F-Track Level/No F-Track Level/28.93,93.94%/66/10.9 months (Across ALL Assets),72.82%/195/9.4 months (Across ALL Assets),"0, 2021-02-28 (Price: 108.29)",2024-09-30 (Price: 40.0),2024-10-28 (Price: 41.64),618/590/587 days,28.88% below/31.68% below/29.96% below,2021-02-28 (Price: 108.29)/2024-10-31 (Price: 26.3767),No Information,No Information,No Information,No Information,No Information,No Information
TRENDPULSE,"ENZL, Long, 2024-09-30 (Price: 49.42)",2026-06-10 (Price: 45.2292),"-8.48%, 1.7 year","100.0%, Past 20 years, 5","Monthly, is CONFIRMED on 2024-09-30",Already confirmed,"2026-06-10 (Price: 45.2292), 8.48% below",1.7 year,49.2,No Information,No Information,No Information,No Information,18.88%/13.45%/17.07%,"-0.0%, 22.82%",1.5 year/1 year/1.2 year,2026-11-21/2026-03-05/2026-06-17,5.74%,1.47%,4.27%,1.01,-0.04,No Target/57.856/51.78/65.1933/79.7363/84.688/No EMA 200 Target,41.64/43.9425/No F-Stack Support/No F-Stack Support/No F-Track Level/No F-Track Level/46.44,93.94%/66/10.9 months (Across ALL Assets),72.82%/195/9.4 months (Across ALL Assets),"2, 2023-02-28 (Price: 53.35)",2024-08-31 (Price: 49.25),2024-09-26 (Price: 49.69),648/622/618 days,8.16% below/8.98% below/8.48% below,2023-02-28 (Price: 53.35)/2024-09-30 (Price: 44.8266),No Information,No Information,No Information,No Information,No Information,No Information
TRENDPULSE,"PG, Long, 2024-09-30 (Price: 173.2)",No Exit Yet,"-13.94%, 1.7 year","92.86%, Past 20 years, 14","Monthly, is CONFIRMED on 2024-09-30",Already confirmed,"2026-06-10 (Price: 149.05), 13.94% below",1.7 year,171.03,No Information,No Information,No Information,No Information,16.93%/4.07%/9.03%,"3.8%, 22.42%",2.8 years/5.1 months/1 year,2028-09-27/2025-05-09/2026-03-05,4.95%,4.31%,0.64%,0.51,0.19,183.6613/188.84/253.33/No Horizontal Resistance/186.6499/209.3631/No EMA 200 Target,126.25/122.9033/161.0808/140.2317/No F-Track Level/No F-Track Level/162.39,93.94%/66/10.9 months (Across ALL Assets),72.82%/195/9.4 months (Across ALL Assets),"2, 2000-12-31 (Price: 39.6562)",2024-08-31 (Price: 171.54),2024-09-30 (Price: 173.2),648/618/618 days,13.11% below/13.94% below/13.94% below,2000-12-31 (Price: 39.6562)/2024-09-30 (Price: 168.2911),No Information,No Information,No Information,No Information,No Information,No Information
TRENDPULSE,"JD, Long, 2024-09-29 (Price: 39.9)",No Exit Yet,"-28.7%, 1.7 year","77.78%, Past 10 years, 9","Weekly, is CONFIRMED on 2024-09-27",Already confirmed,"2026-06-10 (Price: 28.45), 28.7% below",1.7 year,29.11,No Information,No Information,No Information,No Information,21.39%/10.27%/16.02%,"63.97%, 76.21%",5.8 months/1.9 month/3.5 months,2025-06-08/2024-12-20/2025-02-28,-14.42%,2.3%,-16.72%,-0.19,0.22,41.4681/46.292/80.93/92.73/103.1027/108.0778/No EMA 200 Target,25.16/24.07/No F-Stack Support/No F-Stack Support/No F-Track Level/No F-Track Level/27.07,88.72%/133/4.6 months (Across ALL Assets),77.24%/369/4.1 months (Across ALL Assets),"0, 2021-02-21 (Price: 108.29)",2024-09-22 (Price: 28.55),2024-09-27 (Price: 39.9),626/621/619 days,0.35% below/28.7% below/28.7% below,2021-02-21 (Price: 108.29)/2024-09-29 (Price: 27.2889),No Information,No Information,No Information,No Information,No Information,No Information
TRENDPULSE,"XLV, Long, 2024-08-31 (Price: 157.2)",2026-05-31 (Price: 149.47),"-4.92%, 1.8 year","80.95%, Past 20 years, 21","Monthly, is CONFIRMED on 2024-08-31",Already confirmed,"2026-06-10 (Price: 152.85), 2.77% below",1.8 year,150.4,No Information,No Information,No Information,No Information,11.06%/0.33%/6.16%,"7.57%, 36.99%",2.7 years/5.1 months/1.4 year,2028-07-08/2025-04-09/2026-08-29,3.06%,4.53%,-1.47%,-0.07,0.22,170.7978/166.8835/166.33/No Horizontal Resistance/No Target/174.1807/No EMA 200 Target,124.54/100.54/117.2225/81.225/No F-Track Level/No F-Track Level/143.1,93.94%/66/10.9 months (Across ALL Assets),72.82%/195/9.4 months (Across ALL Assets),"0, 2021-12-31 (Price: 141.98)",2024-08-31 (Price: 157.2),2024-08-30 (Price: 157.2),648/649/648 days,2.77% below/2.77% below/2.77% below,2021-12-31 (Price: 141.98)/2024-08-31 (Price: 149.5927),No Information,No Information,No Information,No Information,No Information,No Information
TRENDPULSE,"TCS.NS, Long, 2024-08-31 (Price: 4553.75)",No Exit Yet,"-52.7%, 1.8 year","100.0%, Past 20 years, 9","Monthly, is CONFIRMED on 2024-08-31",Already confirmed,"2026-06-10 (Price: 2153.8999), 52.7% below",1.8 year,4399.3999,No Information,No Information,No Information,No Information,33.56%/4.61%/26.0%,"-0.0%, 13.31%",10.2 months/6 months/8.2 months,2025-11-17/2025-05-18/2025-08-20,11.18%,10.08%,1.1%,1.26,0.54,5348.3794/5737.725/4892.06/No Horizontal Resistance/5051.5642/5692.579/No EMA 200 Target,3004.55/2272.475/4231.4862/3595.5983/No F-Track Level/No F-Track Level/3931.21,93.94%/66/10.9 months (Across ALL Assets),72.82%/195/9.4 months (Across ALL Assets),"0, 2021-10-31 (Price: 3989.8999)",2024-08-31 (Price: 4553.75),2024-08-30 (Price: 4553.75),648/649/648 days,52.7% below/52.7% below/52.7% below,2021-10-31 (Price: 3989.8999)/2024-08-31 (Price: 4300.4138),No Information,No Information,No Information,No Information,No Information,No Information
TRENDPULSE,"^NSEI, Long, 2024-07-31 (Price: 24951.1504)",2026-05-31 (Price: 23547.75),"-5.62%, 1.9 year","75.0%, Past 20 years, 8","Monthly, is CONFIRMED on 2024-07-31",Already confirmed,"2026-06-10 (Price: 23214.9492), 6.96% below",1.9 year,23992.9492,No Information,No Information,No Information,No Information,12.44%/2.54%/7.03%,"3.32%, 14.78%",1.6 year/6 months/11.3 months,2026-11-12/2025-04-17/2025-12-04,5.48%,6.07%,-0.59%,-0.01,0.32,27136.8712/26705.2163/36682.05/No Horizontal Resistance/33071.3292/48196.8152/No EMA 200 Target,15780.25/15428.8669/23723.236/17945.8431/No F-Track Level/No F-Track Level/21921.5,93.94%/66/10.9 months (Across ALL Assets),72.82%/195/9.4 months (Across ALL Assets),"10, 2010-04-30 (Price: 5399.6499)",2024-06-30 (Price: 24010.5996),2024-07-31 (Price: 24951.1504),710/679/679 days,3.31% below/6.96% below/6.96% below,2010-04-30 (Price: 5399.6499)/2024-07-31 (Price: 23464.0286),No Information,No Information,No Information,No Information,No Information,No Information
TRENDPULSE,"MEL.NZ, Long, 2024-05-31 (Price: 6.76)",No Exit Yet,"-13.02%, 2.1 years","88.89%, Past 20 years, 9","Monthly, is CONFIRMED on 2024-05-31",Already confirmed,"2026-06-10 (Price: 5.88), 13.02% below",2.1 years,5.95,No Information,No Information,No Information,No Information,24.71%/12.8%/20.43%,"24.88%, 41.24%",11.1 months/5 months/7.7 months,2025-09-25/2025-01-03/2025-04-30,7.04%,7.6%,-0.56%,0.43,0.44,8.2256/8.1411/7.61/No Horizontal Resistance/7.4565/8.4564/No EMA 200 Target,4.83/4.355/6.1182/4.8318/No F-Track Level/No F-Track Level/5.53,93.94%/66/10.9 months (Across ALL Assets),72.82%/195/9.4 months (Across ALL Assets),"2, 2022-08-31 (Price: 5.35)",2024-05-31 (Price: 6.76),2024-05-31 (Price: 6.76),740/740/740 days,13.02% below/13.02% below/13.02% below,2022-08-31 (Price: 5.35)/2024-05-31 (Price: 5.9762),No Information,No Information,No Information,No Information,No Information,No Information
TRENDPULSE,"PG, Long, 2024-04-30 (Price: 163.2)",No Exit Yet,"-8.67%, 2.1 years","92.86%, Past 20 years, 14","Monthly, is CONFIRMED on 2024-04-30",Already confirmed,"2026-06-10 (Price: 149.05), 8.67% below",2.1 years,161.78,No Information,No Information,No Information,No Information,16.93%/4.07%/9.03%,"3.8%, 22.42%",2.8 years/5.1 months/1 year,2028-04-27/2024-12-07/2025-10-03,4.95%,4.31%,0.64%,0.51,0.19,173.0573/177.937/164.49/165.125/186.6499/209.3631/No EMA 200 Target,126.25/123.62/161.0808/140.2317/No F-Track Level/No F-Track Level/153.29,93.94%/66/10.9 months (Across ALL Assets),72.82%/195/9.4 months (Across ALL Assets),"0, 2022-01-31 (Price: 165.35)",2024-04-30 (Price: 163.2),2024-04-30 (Price: 163.2),771/771/771 days,8.67% below/8.67% below/8.67% below,2022-01-31 (Price: 165.35)/2024-04-30 (Price: 155.4453),No Information,No Information,No Information,No Information,No Information,No Information
TRENDPULSE,"XLV, Long, 2024-02-29 (Price: 144.82)",2026-05-31 (Price: 149.47),"3.21%, 2.3 years","80.95%, Past 20 years, 21","Monthly, is CONFIRMED on 2024-02-29",Already confirmed,"2026-06-10 (Price: 152.85), 5.54% above",2.3 years,140.55,No Information,No Information,No Information,No Information,11.06%/0.33%/6.16%,"7.57%, 36.99%",2.7 years/5.1 months/1.4 year,2028-01-06/2024-10-07/2026-02-26,3.06%,4.53%,-1.47%,-0.07,0.22,157.3469/153.7409/146.52/No Horizontal Resistance/153.114/174.1807/No EMA 200 Target,124.54/86.68/117.2225/81.225/No F-Track Level/No F-Track Level/133.48,93.94%/66/10.9 months (Across ALL Assets),72.82%/195/9.4 months (Across ALL Assets),"0, 2021-12-31 (Price: 141.98)",2023-12-31 (Price: 136.38),2024-02-01 (Price: 142.2),892/860/832 days,12.08% above/7.49% above/5.54% above,2021-12-31 (Price: 141.98)/2024-02-29 (Price: 134.96),No Information,No Information,No Information,No Information,No Information,No Information
TRENDPULSE,"RELIANCE.NS, Long, 2024-02-29 (Price: 1460.8)",2026-05-31 (Price: 1321.2),"-9.56%, 2.3 years","84.62%, Past 20 years, 13","Monthly, is CONFIRMED on 2024-02-29",Already confirmed,"2026-06-10 (Price: 1258.8), 13.83% below",2.3 years,1435.0,No Information,No Information,No Information,No Information,42.45%/7.3%/18.13%,"0.53%, 36.79%",1.4 year/7.1 months/1.1 year,2026-02-26/2025-01-02/2025-09-24,6.85%,11.69%,-4.84%,0.87,0.6,2144.8926/1725.643/1575.43/No Horizontal Resistance/1503.6962/2250.6285/No EMA 200 Target,1071.86/853.4344/1393.886/957.4297/No F-Track Level/No F-Track Level/1244.6,93.94%/66/10.9 months (Across ALL Assets),72.82%/195/9.4 months (Across ALL Assets),"0, 2021-10-31 (Price: 1269.7476)",2024-01-31 (Price: 1426.625),2024-02-29 (Price: 1460.8),861/832/832 days,11.76% below/13.83% below/13.83% below,2021-10-31 (Price: 1269.7476)/2024-02-29 (Price: 1334.1423),No Information,No Information,No Information,No Information,No Information,No Information
TRENDPULSE,"ATD.TO, Long, 2023-12-31 (Price: 78.03)",2026-06-10 (Price: 83.43),"6.92%, 2.5 years","100.0%, Past 20 years, 13","Monthly, is CONFIRMED on 2023-12-31",Already confirmed,"2026-06-10 (Price: 83.43), 6.92% above",2.5 years,77.26,No Information,No Information,No Information,No Information,32.26%/9.09%/17.41%,"-0.0%, 18.24%",1.4 year/5 months/8.4 months,2025-12-28/2024-08-04/2024-12-30,13.16%,13.89%,-0.73%,1.92,0.69,101.2361/91.615/124.56/No Horizontal Resistance/85.3936/96.14/No EMA 200 Target,38.63/39.8362/59.8475/53.4732/No F-Track Level/No F-Track Level/70.09,93.94%/66/10.9 months (Across ALL Assets),72.82%/195/9.4 months (Across ALL Assets),"2, 1999-04-30 (Price: 0.4844)",2023-12-31 (Price: 78.03),2023-12-27 (Price: 77.4),892/896/892 days,6.92% above/7.79% above/6.92% above,1999-04-30 (Price: 0.4844)/2023-12-31 (Price: 74.2933),No Information,No Information,No Information,No Information,No Information,No Information
TRENDPULSE,"BYD.TO, Long, 2023-12-31 (Price: 278.49)",2026-06-10 (Price: 133.12),"-52.2%, 2.5 years","100.0%, Past 20 years, 16","Monthly, is CONFIRMED on 2023-12-31",Already confirmed,"2026-06-10 (Price: 133.12), 52.2% below",2.5 years,258.84,No Information,No Information,No Information,No Information,21.68%/5.8%/10.46%,"-0.0%, 33.29%",1.1 year/5.1 months/9.9 months,2025-07-26/2024-08-08/2025-03-05,13.56%,9.1%,4.46%,0.84,0.45,411.3297/307.6201/298.58/No Horizontal Resistance/312.8053/367.2583/No EMA 200 Target,138.66/166.48/229.0045/147.1212/No F-Track Level/No F-Track Level/241.57,93.94%/66/10.9 months (Across ALL Assets),72.82%/195/9.4 months (Across ALL Assets),"0, 2021-02-28 (Price: 245.0)",2023-11-30 (Price: 258.74),2023-12-29 (Price: 278.49),923/894/892 days,48.55% below/52.2% below/52.2% below,2021-02-28 (Price: 245.0)/2023-12-31 (Price: 256.8514),No Information,No Information,No Information,No Information,No Information,No Information
TRENDPULSE,"ADBE, Long, 2023-11-19 (Price: 602.66)",No Exit Yet,"-61.28%, 2.6 years","92.0%, Past 10 years, 25","Weekly, is CONFIRMED on 2023-11-17",Already confirmed,"2026-06-10 (Price: 233.38), 61.28% below",2.6 years,589.98,No Information,No Information,No Information,No Information,30.75%/3.26%/10.53%,"5.79%, 38.25%",1.1 year/28 days/2.3 months,2025-06-14/2023-12-29/2024-02-26,11.6%,10.18%,1.42%,0.89,0.53,686.3695/666.1201/921.59/No Horizontal Resistance/719.5145/812.9837/No EMA 200 Target,508.12/257.3867/595.6306/550.2938/No F-Track Level/No F-Track Level/458.13,88.72%/133/4.6 months (Across ALL Assets),77.24%/369/4.1 months (Across ALL Assets),"2, 2014-03-02 (Price: 71.11)",2023-11-19 (Price: 602.66),2023-11-16 (Price: 602.06),934/937/934 days,61.28% below/61.24% below/61.28% below,2014-03-02 (Price: 71.11)/2023-11-19 (Price: 597.8011),No Information,No Information,No Information,No Information,No Information,No Information
TRENDPULSE,"ADBE, Long, 2023-07-31 (Price: 546.17)",No Exit Yet,"-57.27%, 2.9 years","100.0%, Past 20 years, 9","Monthly, is CONFIRMED on 2023-07-31",Already confirmed,"2026-06-10 (Price: 233.38), 57.27% below",2.9 years,486.39,No Information,No Information,No Information,No Information,39.91%/19.23%/28.49%,"-0.0%, 19.49%",1 year/5 months/7.2 months,2025-01-02/2024-03-04/2024-06-07,11.04%,8.52%,2.52%,2.33,0.43,946.458/701.7738/638.19/No Horizontal Resistance/719.5145/812.9837/No EMA 200 Target,275.2/258.22/507.4649/458.4307/No F-Track Level/No F-Track Level/376.88,93.94%/66/10.9 months (Across ALL Assets),72.82%/195/9.4 months (Across ALL Assets),"4, 2021-11-30 (Price: 699.54)",2023-05-31 (Price: 417.79),2023-07-10 (Price: 496.35),1106/1066/1045 days,44.14% below/52.98% below/57.27% below,2021-11-30 (Price: 699.54)/2023-07-31 (Price: 303.4733),No Information,No Information,No Information,No Information,No Information,No Information
OSCILLATOR DELTA,"NVO, Long, 2026-06-10 (Price: 42.81)",No Exit Yet,"0.0%, 0 days","80.0%, Past 6 years, 20","Daily, is Confirmed on 2026-06-10",No Cancellation Possible,"2026-06-10 (Price: 42.81), 0.0% below",0 days,41.67,No Information,No Information,No Information,No Information,8.75%/2.56%/5.84%,"11.39%, 12.74%",1.7 month/4 days/16 days,2026-08-22/2026-06-15/2026-07-03,13.06%,4.34%,8.72%,0.33,0.25,47.0353/45.3101/44.95/139.01/159.2295/190.9685/48.53,No Recent Minima/No Horizontal Support/35.0006/32.645/No stop loss/No stop loss/No EMA 200 Stop Loss,90.26%/154/25 days (Across ALL Assets),79.53%/513/25 days (Across ALL Assets),No Information,No Information,No Information,No Information,No Information,No Information,2026-06-03 (Price: 41.9)/2026-06-08 (Price: 41.0),20 days/1 day/6 days,No Information,No Information,No Information,No Information
OSCILLATOR DELTA,"HDFCBANK.NS, Long, 2026-05-25 (Price: 786.85)",No Exit Yet,"-5.08%, 16 days","80.0%, Past 6 years, 20","Daily, is Confirmed on 2026-05-25",No Cancellation Possible,"2026-06-10 (Price: 746.85), 5.08% below",16 days,776.0,No Information,No Information,No Information,No Information,6.75%/0.15%/2.38%,"12.51%, 12.74%",3.3 months/3 days/1 month,2026-10-15/2026-05-29/2026-07-07,0.18%,6.24%,-6.06%,-0.12,0.33,819.5043/805.577/826.19/1009.6/1098.0619/1180.6259/909.01,No Recent Minima/640.9/765.1075/697.8792/No F-Track Level/No F-Track Level/No EMA 200 Stop Loss,90.26%/154/25 days (Across ALL Assets),79.53%/513/25 days (Across ALL Assets),No Information,No Information,No Information,No Information,No Information,No Information,2026-05-13 (Price: 747.35)/2026-05-14 (Price: 747.0),21 days/1 day/5 days,No Information,No Information,No Information,No Information
OSCILLATOR DELTA,"PG, Long, 2026-05-22 (Price: 144.44)",No Exit Yet,"3.19%, 19 days","88.89%, Past 6 years, 18","Daily, is Confirmed on 2026-05-22",No Cancellation Possible,"2026-06-10 (Price: 149.05), 3.19% above",19 days,143.87,No Information,No Information,No Information,No Information,5.88%/0.19%/2.64%,"11.02%, 11.43%",4.4 months/6 days/1.3 month,2026-11-29/2026-05-30/2026-07-17,5.36%,3.03%,2.33%,0.14,0.09,150.6943/148.2532/151.66/179.4533/186.6499/209.3631/149.16,No Recent Minima/137.0167/140.2317/117.5404/No F-Track Level/No F-Track Level/No EMA 200 Stop Loss,90.26%/154/25 days (Across ALL Assets),79.53%/513/25 days (Across ALL Assets),No Information,No Information,No Information,No Information,No Information,No Information,2026-05-15 (Price: 141.2)/2026-05-19 (Price: 140.85),17 days/1 day/8 days,No Information,No Information,No Information,No Information
OSCILLATOR DELTA,"GDX, Long, 2026-05-21 (Price: 85.99)",2026-06-10 (Price: 73.81),"-14.16%, 20 days","95.0%, Past 6 years, 20","Daily, is Confirmed on 2026-05-21",No Cancellation Possible,"2026-06-10 (Price: 73.81), 14.16% below",20 days,84.46,No Information,No Information,No Information,No Information,11.54%/0.22%/4.6%,"10.89%, 11.2%",1.2 month/2 days/14 days,2026-07-12/2026-05-23/2026-06-10,17.44%,11.0%,6.44%,0.76,0.54,94.9674/89.9455/98.03/No Horizontal Resistance/136.5646/157.2221/86.45,No Recent Minima/25.645/72.73/50.0225/No F-Track Level/No F-Track Level/No EMA 200 Stop Loss,90.26%/154/25 days (Across ALL Assets),79.53%/513/25 days (Across ALL Assets),No Information,No Information,No Information,No Information,No Information,No Information,2026-05-05 (Price: 85.72)/2026-05-19 (Price: 83.35),12 days/1 day/5 days,No Information,No Information,No Information,No Information
OSCILLATOR DELTA,"NFLX, Long, 2026-05-07 (Price: 88.25)",No Exit Yet,"-7.08%, 1.1 month","80.95%, Past 6 years, 21","Daily, is Confirmed on 2026-05-07",No Cancellation Possible,"2026-06-10 (Price: 82.0), 7.08% below",1.1 month,88.2,No Information,No Information,No Information,No Information,23.78%/0.79%/7.14%,"35.12%, 35.12%",1.2 month/2 days/14 days,2026-06-28/2026-05-09/2026-05-27,10.76%,8.49%,2.27%,0.2,0.45,92.3448/94.551/92.66/No Horizontal Resistance/139.352/152.4292/99.62,No Recent Minima/34.8663/86.4764/77.567/No F-Track Level/No F-Track Level/No EMA 200 Stop Loss,90.26%/154/25 days (Across ALL Assets),79.53%/513/25 days (Across ALL Assets),No Information,No Information,No Information,No Information,No Information,No Information,2026-04-27 (Price: 91.3)/2026-04-28 (Price: 90.02),28 days/1 day/8 days,No Information,No Information,No Information,No Information
SIGMASHELL,"HDFCBANK.NS, Long, 2026-06-01 (Price: 742.7)",No Exit Yet,"0.56%, 9 days","100.0%, Past 5 years, 7","Daily, was CONFIRMED on 2026-06-01",Already confirmed,"2026-06-10 (Price: 746.85), 0.56% above",9 days,749.0,No Information,No Information,No Information,No Information,8.69%/0.8%/4.88%,"-0.0%, 22.66%",5.2 months/2.4 months/3.7 months,2027-01-12/2026-09-13/2026-11-08,6.81%,12.08%,-5.27%,0.68,0.64,757.8511/778.9438/1098.0619/1009.6/1098.0619/1180.6259/909.01,731.55/640.9/697.8792/606.5732/No F-Track Level/No F-Track Level/No EMA 200 Stop Loss,68.18%/44/3.8 months (Across ALL Assets),69.36%/297/3.8 months (Across ALL Assets),No Information,No Information,No Information,No Information,No Information,No Information,No Information,No Information,"-5.48, 75.0%",No Information,No Information,No Information
SIGMASHELL,"NFLX, Long, 2026-06-01 (Price: 85.85)",No Exit Yet,"-4.48%, 9 days","87.5%, Past 5 years, 8","Daily, was CONFIRMED on 2026-06-01",Already confirmed,"2026-06-10 (Price: 82.0), 4.48% below",9 days,85.73,No Information,No Information,No Information,No Information,44.38%/6.54%/21.1%,"6.75%, 27.03%",6.7 months/1.2 month/2.9 months,2027-03-19/2026-07-23/2026-10-05,27.86%,21.21%,6.65%,1.15,0.89,85.9101/103.9643/139.352/107.7/139.352/152.4292/99.62,85.45/34.8663/77.567/72.1834/No F-Track Level/No F-Track Level/No EMA 200 Stop Loss,68.18%/44/3.8 months (Across ALL Assets),69.36%/297/3.8 months (Across ALL Assets),No Information,No Information,No Information,No Information,No Information,No Information,No Information,No Information,"-5.05, 62.5%",No Information,No Information,No Information
SIGMASHELL,"BABA, Long, 2026-06-01 (Price: 125.4)",No Exit Yet,"-7.99%, 9 days","75.0%, Past 5 years, 16","Daily, was CONFIRMED on 2026-06-01",Already confirmed,"2026-06-10 (Price: 115.38), 7.99% below",9 days,124.2,No Information,No Information,No Information,No Information,70.32%/2.42%/19.21%,"29.44%, 56.8%",1.1 year/1.6 month/4.1 months,2027-12-26/2026-08-09/2026-11-24,29.01%,2.08%,26.93%,0.36,0.19,137.4635/149.4893/399.1612/181.595/399.1612/524.2534/149.69,124.22/67.495/No F-Stack Support/No F-Stack Support/No F-Track Level/No F-Track Level/No EMA 200 Stop Loss,68.18%/44/3.8 months (Across ALL Assets),69.36%/297/3.8 months (Across ALL Assets),No Information,No Information,No Information,No Information,No Information,No Information,No Information,No Information,"-5.18, 68.52%",No Information,No Information,No Information
SIGMASHELL,"MCD, Long, 2026-06-01 (Price: 276.11)",No Exit Yet,"2.32%, 9 days","75.0%, Past 5 years, 8","Daily, was CONFIRMED on 2026-06-01",Already confirmed,"2026-06-10 (Price: 282.52), 2.32% above",9 days,278.12,No Information,No Information,No Information,No Information,25.42%/3.17%/12.71%,"5.94%, 13.54%",7.1 months/1.8 month/3 months,2027-04-05/2026-08-18/2026-10-09,19.78%,8.47%,11.31%,0.69,0.45,281.3285/311.2036/370.0426/321.444/370.0426/590.3302/306.16,274.6/230.37/254.2758/233.8976/No F-Track Level/No F-Track Level/No EMA 200 Stop Loss,68.18%/44/3.8 months (Across ALL Assets),69.36%/297/3.8 months (Across ALL Assets),No Information,No Information,No Information,No Information,No Information,No Information,No Information,No Information,"-7.84, 69.74%",No Information,No Information,No Information
SIGMASHELL,"PG, Long, 2026-06-01 (Price: 140.28)",No Exit Yet,"6.25%, 9 days","92.31%, Past 5 years, 13","Daily, was CONFIRMED on 2026-06-01",Already confirmed,"2026-06-10 (Price: 149.05), 6.25% above",9 days,141.52,No Information,No Information,No Information,No Information,21.97%/0.84%/7.88%,"3.1%, 11.76%",5.3 months/1.2 month/2.4 months,2027-01-17/2026-07-23/2026-09-13,17.47%,6.21%,11.26%,0.87,0.33,144.0816/151.3341/186.6499/179.4533/186.6499/209.3631/149.16,138.04/137.0167/140.2317/117.5404/No F-Track Level/No F-Track Level/No EMA 200 Stop Loss,68.18%/44/3.8 months (Across ALL Assets),69.36%/297/3.8 months (Across ALL Assets),No Information,No Information,No Information,No Information,No Information,No Information,No Information,No Information,"-3.76, 79.34%",No Information,No Information,No Information
SIGMASHELL,"BDL.NS, Long, 2026-06-01 (Price: 1204.0)",No Exit Yet,"-1.68%, 9 days","71.43%, Past 5 years, 7","Daily, was CONFIRMED on 2026-06-01",Already confirmed,"2026-06-10 (Price: 1183.8), 1.68% below",9 days,1212.2,No Information,No Information,No Information,No Information,42.09%/14.5%/28.3%,"4.95%, 30.16%",3.8 months/2.4 months/3.1 months,2026-11-13/2026-09-13/2026-10-13,19.75%,18.52%,1.23%,0.4,0.83,1211.7056/1544.732/2336.9032/1627.1/2336.9032/2616.0038/1413.19,1096.6/184.5375/1101.1152/1023.7762/No F-Track Level/No F-Track Level/No EMA 200 Stop Loss,68.18%/44/3.8 months (Across ALL Assets),69.36%/297/3.8 months (Across ALL Assets),No Information,No Information,No Information,No Information,No Information,No Information,No Information,No Information,"-6.14, 68.75%",No Information,No Information,No Information
SIGMASHELL,"SUM.NZ, Long, 2026-05-01 (Price: 8.2)",No Exit Yet,"-1.1%, 1.3 month","80.0%, Past 5 years, 15","Daily, was CONFIRMED on 2026-05-01",Already confirmed,"2026-06-10 (Price: 8.11), 1.1% below",1.3 month,8.16,No Information,No Information,No Information,No Information,24.21%/0.1%/9.81%,"14.49%, 34.68%",5.5 months/1.3 month/2.5 months,2026-12-25/2026-06-26/2026-08-17,7.19%,8.56%,-1.37%,0.2,0.47,8.3648/9.0044/16.1691/12.6867/16.1691/19.8479/10.56,7.99/No Horizontal Support/No F-Stack Support/No F-Stack Support/No F-Track Level/No F-Track Level/No EMA 200 Stop Loss,68.18%/44/3.8 months (Across ALL Assets),69.36%/297/3.8 months (Across ALL Assets),No Information,No Information,No Information,No Information,No Information,No Information,No Information,No Information,"-15.41, 61.37%",No Information,No Information,No Information
SIGMASHELL,"DOL.TO, Long, 2026-04-15 (Price: 174.38)",2026-06-10 (Price: 179.57),"2.98%, 1.9 month","100.0%, Past 5 years, 7","Daily, was CONFIRMED on 2026-04-15",Already confirmed,"2026-06-10 (Price: 179.57), 2.98% above",1.9 month,176.79,No Information,No Information,No Information,No Information,16.48%/5.13%/10.45%,"-0.0%, 7.51%",3.2 months/1.2 month/2.2 months,2026-09-01/2026-06-06/2026-07-19,11.83%,18.23%,-6.4%,0.92,1.14,177.7804/192.6027/294.0831/199.54/294.0831/455.769/186.91,166.76/53.835/132.3972/94.2286/No F-Track Level/No F-Track Level/No EMA 200 Stop Loss,68.18%/44/3.8 months (Across ALL Assets),69.36%/297/3.8 months (Across ALL Assets),No Information,No Information,No Information,No Information,No Information,No Information,No Information,No Information,"-3.03, 100.0%",No Information,No Information,No Information
SIGMASHELL,"PG, Long, 2026-04-07 (Price: 141.3)",No Exit Yet,"5.48%, 2.1 months","92.31%, Past 5 years, 13","Daily, was CONFIRMED on 2026-04-07",Already confirmed,"2026-06-10 (Price: 149.05), 5.48% above",2.1 months,142.52,No Information,No Information,No Information,No Information,21.97%/0.84%/7.88%,"3.1%, 11.76%",5.3 months/1.2 month/2.4 months,2026-11-23/2026-05-29/2026-07-20,17.47%,6.21%,11.26%,0.87,0.33,145.1292/152.4344/186.6499/179.4533/186.6499/209.3631/149.16,138.04/132.4233/140.2317/117.5404/No F-Track Level/No F-Track Level/No EMA 200 Stop Loss,68.18%/44/3.8 months (Across ALL Assets),69.36%/297/3.8 months (Across ALL Assets),No Information,No Information,No Information,No Information,No Information,No Information,No Information,No Information,"-4.8, 62.5%",No Information,No Information,No Information
SIGMASHELL,"MFT.NZ, Long, 2026-04-02 (Price: 58.99)",No Exit Yet,"11.04%, 2.3 months","72.22%, Past 5 years, 18","Daily, was CONFIRMED on 2026-04-02",Already confirmed,"2026-06-10 (Price: 65.5), 11.04% above",2.3 months,58.63,No Information,No Information,No Information,No Information,22.45%/0.83%/8.98%,"11.61%, 28.63%",7.7 months/1.4 month/4.5 months,2027-03-02/2026-06-01/2026-10-14,9.2%,9.47%,-0.27%,0.24,0.51,60.2406/64.2873/105.252/85.45/105.252/119.9356/62.82,57.21/55.185/54.7158/45.8971/No F-Track Level/No F-Track Level/No EMA 200 Stop Loss,68.18%/44/3.8 months (Across ALL Assets),69.36%/297/3.8 months (Across ALL Assets),No Information,No Information,No Information,No Information,No Information,No Information,No Information,No Information,"-4.79, 90.91%",No Information,No Information,No Information
SIGMASHELL,"BBTC.NS, Long, 2026-04-02 (Price: 1410.7)",No Exit Yet,"7.76%, 2.3 months","88.89%, Past 5 years, 9","Daily, was CONFIRMED on 2026-04-02",Already confirmed,"2026-06-10 (Price: 1520.2), 7.76% above",2.3 months,1381.1,No Information,No Information,No Information,No Information,49.05%/0.11%/13.94%,"12.49%, 27.11%",5.7 months/1.7 month/3.1 months,2026-12-05/2026-06-14/2026-08-14,19.37%,15.96%,3.41%,0.51,0.71,1528.3524/1607.3516/3412.111/2145.0/3412.111/3761.7441/1739.84,1322.0/846.25/1057.7422/973.2526/No F-Track Level/No F-Track Level/No EMA 200 Stop Loss,68.18%/44/3.8 months (Across ALL Assets),69.36%/297/3.8 months (Across ALL Assets),No Information,No Information,No Information,No Information,No Information,No Information,No Information,No Information,"-6.11, 72.22%",No Information,No Information,No Information
SIGMASHELL,"BABA, Long, 2026-04-01 (Price: 123.73)",No Exit Yet,"-6.75%, 2.3 months","75.0%, Past 5 years, 16","Daily, was CONFIRMED on 2026-04-01",Already confirmed,"2026-06-10 (Price: 115.38), 6.75% below",2.3 months,125.48,No Information,No Information,No Information,No Information,70.32%/2.42%/19.21%,"29.44%, 56.8%",1.1 year/1.6 month/4.1 months,2027-10-26/2026-06-09/2026-09-24,29.01%,2.08%,26.93%,0.36,0.19,135.6328/147.4985/399.1612/181.595/399.1612/524.2534/149.69,121.98/67.495/No F-Stack Support/No F-Stack Support/No F-Track Level/No F-Track Level/No EMA 200 Stop Loss,68.18%/44/3.8 months (Across ALL Assets),69.36%/297/3.8 months (Across ALL Assets),No Information,No Information,No Information,No Information,No Information,No Information,No Information,No Information,"-9.6, 60.42%",No Information,No Information,No Information
SIGMASHELL,"SPY, Long, 2026-04-01 (Price: 655.24)",No Exit Yet,"10.71%, 2.3 months","90.0%, Past 5 years, 10","Daily, was CONFIRMED on 2026-04-01",Already confirmed,"2026-06-10 (Price: 725.43), 10.71% above",2.3 months,653.9,No Information,No Information,No Information,No Information,11.94%/1.85%/7.44%,"0.65%, 17.02%",4.2 months/1.8 month/2.7 months,2026-09-30/2026-06-18/2026-07-27,15.1%,6.06%,9.04%,1.25,0.33,665.2652/703.9899/969.1148/693.77/969.1148/1522.3697/685.34,631.97/412.1625/627.1849/415.8599/No F-Track Level/No F-Track Level/No EMA 200 Stop Loss,68.18%/44/3.8 months (Across ALL Assets),69.36%/297/3.8 months (Across ALL Assets),No Information,No Information,No Information,No Information,No Information,No Information,No Information,No Information,"-4.8, 90.62%",No Information,No Information,No Information
SIGMASHELL,"VGT, Long, 2026-04-01 (Price: 88.3313)",2026-06-08 (Price: 117.25),"32.74%, 2.3 months","92.31%, Past 5 years, 13","Daily, was CONFIRMED on 2026-04-01",Already confirmed,"2026-06-10 (Price: 112.34), 27.18% above",2.3 months,88.085,No Information,No Information,No Information,No Information,34.72%/3.31%/12.27%,"10.31%, 19.86%",5.9 months/1.4 month/2.7 months,2026-12-13/2026-05-31/2026-07-27,25.9%,2.47%,23.43%,0.8,0.26,91.2286/99.1696/118.2702/No Horizontal Resistance/118.2702/124.1847/96.48,83.59/38.9788/87.7708/78.2577/No F-Track Level/No F-Track Level/No EMA 200 Stop Loss,68.18%/44/3.8 months (Across ALL Assets),69.36%/297/3.8 months (Across ALL Assets),No Information,No Information,No Information,No Information,No Information,No Information,No Information,No Information,"-3.64, 83.34%",No Information,No Information,No Information
SIGMASHELL,"AIA.NZ, Long, 2026-04-01 (Price: 8.0)",No Exit Yet,"3.25%, 2.3 months","85.71%, Past 5 years, 7","Daily, was CONFIRMED on 2026-04-01",Already confirmed,"2026-06-10 (Price: 8.26), 3.25% above",2.3 months,8.02,No Information,No Information,No Information,No Information,8.85%/2.77%/5.72%,"1.58%, 18.81%",1.1 year/1.8 month/5.4 months,2027-10-26/2026-06-18/2026-11-21,7.99%,6.04%,1.95%,0.77,0.31,8.2064/8.4576/11.1706/8.8962/11.1706/12.8535/8.17,7.9/7.0017/7.3934/6.6643/No F-Track Level/No F-Track Level/No EMA 200 Stop Loss,68.18%/44/3.8 months (Across ALL Assets),69.36%/297/3.8 months (Across ALL Assets),No Information,No Information,No Information,No Information,No Information,No Information,No Information,No Information,"-5.76, 100.0%",No Information,No Information,No Information
SIGMASHELL,"SUM.NZ, Long, 2026-04-01 (Price: 8.91)",No Exit Yet,"-8.98%, 2.3 months","80.0%, Past 5 years, 15","Daily, was CONFIRMED on 2026-04-01",Already confirmed,"2026-06-10 (Price: 8.11), 8.98% below",2.3 months,9.2,No Information,No Information,No Information,No Information,24.21%/0.1%/9.81%,"14.49%, 34.68%",5.5 months/1.3 month/2.5 months,2026-11-25/2026-05-27/2026-07-18,7.19%,8.56%,-1.37%,0.2,0.47,9.0891/9.7841/19.8479/12.64/19.8479/26.5969/10.56,8.88/No Horizontal Support/No F-Stack Support/No F-Stack Support/No F-Track Level/No F-Track Level/No EMA 200 Stop Loss,68.18%/44/3.8 months (Across ALL Assets),69.36%/297/3.8 months (Across ALL Assets),No Information,No Information,No Information,No Information,No Information,No Information,No Information,No Information,"-11.93, 91.67%",No Information,No Information,No Information
SIGMASHELL,"EFN.TO, Long, 2026-04-01 (Price: 30.49)",No Exit Yet,"-14.53%, 2.3 months","100.0%, Past 5 years, 4","Daily, was CONFIRMED on 2026-04-01",Already confirmed,"2026-06-10 (Price: 26.06), 14.53% below",2.3 months,30.24,No Information,No Information,No Information,No Information,14.66%/7.29%/10.96%,"-0.0%, 21.09%",7.7 months/2.7 months/5.3 months,2027-03-01/2026-07-27/2026-11-17,9.52%,9.58%,-0.06%,1.19,0.49,31.8468/33.8317/45.1741/34.925/45.1741/70.5281/33.92,29.95/12.67/29.5041/No stop loss/No F-Track Level/No F-Track Level/No EMA 200 Stop Loss,68.18%/44/3.8 months (Across ALL Assets),69.36%/297/3.8 months (Across ALL Assets),No Information,No Information,No Information,No Information,No Information,No Information,No Information,No Information,"-6.37, 68.19%",No Information,No Information,No Information
SIGMASHELL,"MU, Long, 2026-04-01 (Price: 367.85)",2026-06-08 (Price: 949.28),"158.06%, 2.3 months","75.0%, Past 5 years, 8","Daily, was CONFIRMED on 2026-04-01",Already confirmed,"2026-06-10 (Price: 891.88), 142.46% above",2.3 months,348.91,No Information,No Information,No Information,No Information,83.38%/5.46%/30.25%,"23.1%, 42.93%",11.1 months/2.3 months/5.7 months,2027-07-27/2026-07-09/2026-12-04,21.34%,10.72%,10.62%,0.36,0.57,No Target/479.1246/431.1818/No Horizontal Resistance/431.1818/451.0413/372.99,321.8/48.44/339.9853/310.1249/No F-Track Level/No F-Track Level/No EMA 200 Stop Loss,68.18%/44/3.8 months (Across ALL Assets),69.36%/297/3.8 months (Across ALL Assets),No Information,No Information,No Information,No Information,No Information,No Information,No Information,No Information,"-3.6, 84.09%",No Information,No Information,No Information
SIGMASHELL,"HDFCBANK.NS, Long, 2026-03-23 (Price: 744.15)",No Exit Yet,"0.36%, 2.6 months","100.0%, Past 5 years, 7","Daily, was CONFIRMED on 2026-03-23",Already confirmed,"2026-06-10 (Price: 746.85), 0.36% above",2.6 months,763.15,No Information,No Information,No Information,No Information,8.69%/0.8%/4.88%,"-0.0%, 22.66%",5.2 months/2.4 months/3.7 months,2026-11-03/2026-07-05/2026-08-30,6.81%,12.08%,-5.27%,0.68,0.64,759.3307/780.4645/1098.0619/1009.6/1098.0619/1305.7899/909.01,No Recent Minima/640.9/697.8792/606.5732/No F-Track Level/No F-Track Level/No EMA 200 Stop Loss,68.18%/44/3.8 months (Across ALL Assets),69.36%/297/3.8 months (Across ALL Assets),No Information,No Information,No Information,No Information,No Information,No Information,No Information,No Information,"-3.21, 100.0%",No Information,No Information,No Information
SIGMASHELL,"PERSISTENT.NS, Long, 2026-03-18 (Price: 4698.6001)",2026-06-05 (Price: 5038.5),"7.23%, 2.6 months","70.0%, Past 5 years, 10","Daily, was CONFIRMED on 2026-03-18",Already confirmed,"2026-06-10 (Price: 4928.0), 4.88% above",2.8 months,4525.6001,No Information,No Information,No Information,No Information,56.21%/4.44%/23.31%,"11.83%, 29.6%",4.9 months/1.6 month/2.7 months,2026-10-16/2026-05-26/2026-07-13,20.66%,18.38%,2.28%,0.43,0.93,4852.2443/5793.8438/9957.5854/6693.95/9957.5854/15965.083/5538.54,4529.4/1548.5125/3950.0879/2531.9096/No F-Track Level/No F-Track Level/No EMA 200 Stop Loss,68.18%/44/3.8 months (Across ALL Assets),69.36%/297/3.8 months (Across ALL Assets),No Information,No Information,No Information,No Information,No Information,No Information,No Information,No Information,"-3.61, 66.67%",No Information,No Information,No Information
SIGMASHELL,"TRI.TO, Long, 2026-03-10 (Price: 140.74)",No Exit Yet,"-18.64%, 3.1 months","85.71%, Past 5 years, 14","Daily, was CONFIRMED on 2026-03-10",Already confirmed,"2026-06-10 (Price: 114.51), 18.64% below",3.1 months,150.6,No Information,No Information,No Information,No Information,12.27%/0.96%/6.6%,"10.99%, 12.83%",2.3 months/1.2 month/1.8 month,2026-06-17/2026-05-01/2026-05-27,6.18%,4.49%,1.69%,0.16,0.21,No Target/150.0288/293.2329/240.8933/293.2329/368.7715/167.16,110.84/126.1128/131.2534/93.0152/No F-Track Level/No F-Track Level/No EMA 200 Stop Loss,68.18%/44/3.8 months (Across ALL Assets),69.36%/297/3.8 months (Across ALL Assets),No Information,No Information,No Information,No Information,No Information,No Information,No Information,No Information,"-4.64, 100.0%",No Information,No Information,No Information
SIGMASHELL,"PERSISTENT.NS, Long, 2026-03-06 (Price: 4777.5)",No Exit Yet,"3.15%, 3.2 months","70.0%, Past 5 years, 10","Daily, was CONFIRMED on 2026-03-06",Already confirmed,"2026-06-10 (Price: 4928.0), 3.15% above",3.2 months,4648.3999,No Information,No Information,No Information,No Information,56.21%/4.44%/23.31%,"11.83%, 29.6%",4.9 months/1.6 month/2.7 months,2026-10-04/2026-05-14/2026-07-01,20.66%,18.38%,2.28%,0.43,0.93,4933.7243/5891.1352/9957.5854/6693.95/9957.5854/15965.083/5538.54,4641.7/1548.5125/3950.0879/2531.9096/No F-Track Level/No F-Track Level/No EMA 200 Stop Loss,68.18%/44/3.8 months (Across ALL Assets),69.36%/297/3.8 months (Across ALL Assets),No Information,No Information,No Information,No Information,No Information,No Information,No Information,No Information,"-5.73, 100.0%",No Information,No Information,No Information
SIGMASHELL,"SUM.NZ, Long, 2026-03-03 (Price: 10.28)",No Exit Yet,"-21.11%, 3.3 months","80.0%, Past 5 years, 15","Daily, was CONFIRMED on 2026-03-03",Already confirmed,"2026-06-10 (Price: 8.11), 21.11% below",3.3 months,10.32,No Information,No Information,No Information,No Information,24.21%/0.1%/9.81%,"14.49%, 34.68%",5.5 months/1.3 month/2.5 months,2026-10-27/2026-04-28/2026-06-19,7.19%,8.56%,-1.37%,0.2,0.47,10.4866/11.2885/19.8479/12.64/19.8479/26.5969/10.56,No Recent Minima/9.1367/No F-Stack Support/No F-Stack Support/No F-Track Level/No F-Track Level/No EMA 200 Stop Loss,68.18%/44/3.8 months (Across ALL Assets),69.36%/297/3.8 months (Across ALL Assets),No Information,No Information,No Information,No Information,No Information,No Information,No Information,No Information,"-8.89, 87.5%",No Information,No Information,No Information
SIGMASHELL,"HDFCBANK.NS, Long, 2026-03-02 (Price: 879.4)",No Exit Yet,"-15.07%, 3.3 months","100.0%, Past 5 years, 7","Daily, was CONFIRMED on 2026-03-02",Already confirmed,"2026-06-10 (Price: 746.85), 15.07% below",3.3 months,876.2,No Information,No Information,No Information,No Information,8.69%/0.8%/4.88%,"-0.0%, 22.66%",5.2 months/2.4 months/3.7 months,2026-10-13/2026-06-14/2026-08-09,6.81%,12.08%,-5.27%,0.68,0.64,897.3398/922.3147/1098.0619/1009.6/1098.0619/1305.7899/909.01,878.85/640.9/765.1075/697.8792/No F-Track Level/No F-Track Level/No EMA 200 Stop Loss,68.18%/44/3.8 months (Across ALL Assets),69.36%/297/3.8 months (Across ALL Assets),No Information,No Information,No Information,No Information,No Information,No Information,No Information,No Information,"-3.0, 69.44%",No Information,No Information,No Information
SIGMASHELL,"MFT.NZ, Long, 2026-03-02 (Price: 63.0)",2026-06-05 (Price: 63.21),"0.33%, 3.2 months","72.22%, Past 5 years, 18","Daily, was CONFIRMED on 2026-03-02",Already confirmed,"2026-06-10 (Price: 65.5), 3.97% above",3.3 months,63.9,No Information,No Information,No Information,No Information,22.45%/0.83%/8.98%,"11.61%, 28.63%",7.7 months/1.4 month/4.5 months,2027-01-30/2026-05-01/2026-09-13,9.2%,9.47%,-0.27%,0.24,0.51,64.3356/68.6574/105.252/85.45/105.252/119.9356/No EMA 200 Target,62.0/55.185/54.7158/45.8971/No F-Track Level/No F-Track Level/62.82,68.18%/44/3.8 months (Across ALL Assets),69.36%/297/3.8 months (Across ALL Assets),No Information,No Information,No Information,No Information,No Information,No Information,No Information,No Information,"-4.77, 87.5%",No Information,No Information,No Information
SIGMASHELL,"BDL.NS, Long, 2026-03-02 (Price: 1268.0)",No Exit Yet,"-6.64%, 3.3 months","71.43%, Past 5 years, 7","Daily, was CONFIRMED on 2026-03-02",Already confirmed,"2026-06-10 (Price: 1183.8), 6.64% below",3.3 months,1241.4,No Information,No Information,No Information,No Information,42.09%/14.5%/28.3%,"4.95%, 30.16%",3.8 months/2.4 months/3.1 months,2026-08-14/2026-06-14/2026-07-14,19.75%,18.52%,1.23%,0.4,0.83,1276.1152/1626.844/2336.9032/1643.7/2336.9032/2479.1854/1413.19,1240.1/184.5375/1101.1152/1023.7762/No F-Track Level/No F-Track Level/No EMA 200 Stop Loss,68.18%/44/3.8 months (Across ALL Assets),69.36%/297/3.8 months (Across ALL Assets),No Information,No Information,No Information,No Information,No Information,No Information,No Information,No Information,"-6.77, 78.12%",No Information,No Information,No Information
SIGMASHELL,"TRI.TO, Long, 2026-02-13 (Price: 118.45)",No Exit Yet,"-3.33%, 3.9 months","85.71%, Past 5 years, 14","Daily, was CONFIRMED on 2026-02-13",Already confirmed,"2026-06-10 (Price: 114.51), 3.33% below",3.9 months,116.96,No Information,No Information,No Information,No Information,12.27%/0.96%/6.6%,"10.99%, 12.83%",2.3 months/1.2 month/1.8 month,2026-05-23/2026-04-06/2026-05-02,6.18%,4.49%,1.69%,0.16,0.21,No Target/126.2677/293.2329/240.8933/293.2329/455.2123/167.16,116.76/No Horizontal Support/93.0152/69.3828/No F-Track Level/No F-Track Level/No EMA 200 Stop Loss,68.18%/44/3.8 months (Across ALL Assets),69.36%/297/3.8 months (Across ALL Assets),No Information,No Information,No Information,No Information,No Information,No Information,No Information,No Information,"-8.01, 100.0%",No Information,No Information,No Information
SIGMASHELL,"MFT.NZ, Long, 2026-02-04 (Price: 63.11)",2026-06-05 (Price: 63.21),"0.16%, 4 months","72.22%, Past 5 years, 18","Daily, was CONFIRMED on 2026-02-04",Already confirmed,"2026-06-10 (Price: 65.5), 3.79% above",4.2 months,64.7,No Information,No Information,No Information,No Information,22.45%/0.83%/8.98%,"11.61%, 28.63%",7.7 months/1.4 month/4.5 months,2027-01-04/2026-04-05/2026-08-18,9.2%,9.47%,-0.27%,0.24,0.51,64.4479/68.7773/105.252/85.45/105.252/119.9356/No EMA 200 Target,58.66/55.185/54.7158/45.8971/No F-Track Level/No F-Track Level/62.82,68.18%/44/3.8 months (Across ALL Assets),69.36%/297/3.8 months (Across ALL Assets),No Information,No Information,No Information,No Information,No Information,No Information,No Information,No Information,"-3.11, 92.86%",No Information,No Information,No Information
SIGMASHELL,"KXS.TO, Long, 2026-02-04 (Price: 120.08)",2026-06-05 (Price: 166.78),"38.89%, 4 months","80.0%, Past 5 years, 5","Daily, was CONFIRMED on 2026-02-04",Already confirmed,"2026-06-10 (Price: 164.0), 36.58% above",4.2 months,124.0,No Information,No Information,No Information,No Information,48.49%/0.34%/18.96%,"0.21%, 17.79%",3.3 months/2.7 months/2.9 months,2026-06-27/2026-06-01/2026-06-10,14.01%,15.09%,-1.08%,0.51,0.72,124.583/142.8472/245.9157/209.885/245.9157/289.1348/159.47,No Recent Minima/No Horizontal Support/118.5983/No stop loss/No F-Track Level/No F-Track Level/No EMA 200 Stop Loss,68.18%/44/3.8 months (Across ALL Assets),69.36%/297/3.8 months (Across ALL Assets),No Information,No Information,No Information,No Information,No Information,No Information,No Information,No Information,"-7.38, 100.0%",No Information,No Information,No Information
SIGMASHELL,"SUM.NZ, Long, 2026-02-03 (Price: 11.49)",No Exit Yet,"-29.42%, 4.2 months","80.0%, Past 5 years, 15","Daily, was CONFIRMED on 2026-02-03",Already confirmed,"2026-06-10 (Price: 8.11), 29.42% below",4.2 months,11.71,No Information,No Information,No Information,No Information,24.21%/0.1%/9.81%,"14.49%, 34.68%",5.5 months/1.3 month/2.5 months,2026-09-29/2026-03-31/2026-05-22,7.19%,8.56%,-1.37%,0.2,0.47,11.7209/12.6172/19.8479/12.64/19.8479/26.5969/No EMA 200 Target,11.33/9.1367/11.0645/No stop loss/No F-Track Level/No F-Track Level/10.56,68.18%/44/3.8 months (Across ALL Assets),69.36%/297/3.8 months (Across ALL Assets),No Information,No Information,No Information,No Information,No Information,No Information,No Information,No Information,"-3.09, 71.88%",No Information,No Information,No Information
SIGMASHELL,"TRI.TO, Long, 2026-02-03 (Price: 125.41)",No Exit Yet,"-8.69%, 4.2 months","85.71%, Past 5 years, 14","Daily, was CONFIRMED on 2026-02-03",Already confirmed,"2026-06-10 (Price: 114.51), 8.69% below",4.2 months,134.99,No Information,No Information,No Information,No Information,12.27%/0.96%/6.6%,"10.99%, 12.83%",2.3 months/1.2 month/1.8 month,2026-05-13/2026-03-27/2026-04-22,6.18%,4.49%,1.69%,0.16,0.21,No Target/133.6871/293.2329/240.8933/293.2329/455.2123/167.16,No Recent Minima/No Horizontal Support/93.0152/69.3828/No F-Track Level/No F-Track Level/No EMA 200 Stop Loss,68.18%/44/3.8 months (Across ALL Assets),69.36%/297/3.8 months (Across ALL Assets),No Information,No Information,No Information,No Information,No Information,No Information,No Information,No Information,"-13.7, 100.0%",No Information,No Information,No Information
SIGMASHELL,"TRI.TO, Long, 2025-09-02 (Price: 244.88)",No Exit Yet,"-53.24%, 9.4 months","85.71%, Past 5 years, 14","Daily, was CONFIRMED on 2025-09-02",Already confirmed,"2026-06-10 (Price: 114.51), 53.24% below",9.4 months,244.35,No Information,No Information,No Information,No Information,12.27%/0.96%/6.6%,"10.99%, 12.83%",2.3 months/1.2 month/1.8 month,2025-12-10/2025-10-24/2025-11-19,6.18%,4.49%,1.69%,0.16,0.21,No Target/261.0421/293.2329/No Horizontal Resistance/293.2329/455.2123/No EMA 200 Target,231.86/117.9612/193.124/131.2534/No F-Track Level/No F-Track Level/167.16,68.18%/44/3.8 months (Across ALL Assets),69.36%/297/3.8 months (Across ALL Assets),No Information,No Information,No Information,No Information,No Information,No Information,No Information,No Information,"-9.0, 100.0%",No Information,No Information,No Information
SIGMASHELL,"BDL.NS, Long, 2025-03-03 (Price: 979.75)",No Exit Yet,"20.83%, 1.3 year","71.43%, Past 5 years, 7","Daily, was CONFIRMED on 2025-03-03",Already confirmed,"2026-06-10 (Price: 1183.8), 20.83% above",1.3 year,975.4,No Information,No Information,No Information,No Information,42.09%/14.5%/28.3%,"4.95%, 30.16%",3.8 months/2.4 months/3.1 months,2025-08-15/2025-06-15/2025-07-15,19.75%,18.52%,1.23%,0.4,0.83,986.0204/1257.0192/1692.2122/No Horizontal Resistance/1692.2122/1892.178/1413.19,975.4/184.5375/949.832/818.7756/No F-Track Level/No F-Track Level/No EMA 200 Stop Loss,68.18%/44/3.8 months (Across ALL Assets),69.36%/297/3.8 months (Across ALL Assets),No Information,No Information,No Information,No Information,No Information,No Information,No Information,No Information,"-8.48, 100.0%",No Information,No Information,No Information
PULSEGAUGE,"ASML, Long, 2026-04-28 (Price: 1384.5601)",2026-06-04 (Price: 1757.47),"26.93%, 1.2 month","84.21%, Past 25 years, 19","Weekly, was CONFIRMED on 2026-04-28",No Cancellation Possible,"2026-06-10 (Price: 1734.1899), 25.25% above",1.4 month,1457.6121,No Information,No Information,No Information,No Information,38.62%/26.77%/28.98%,"49.55%, 51.92%",3.3 years/10 days/7.5 months,2031-01-12/2026-05-12/2027-03-19,12.03%,10.86%,1.17%,0.56,0.03,1441.0502/1785.8056/1508.8624/No Horizontal Resistance/1508.8624/1630.5302/No EMA 200 Target,1292.8/576.784/1338.7292/1224.19/No F-Track Level/No F-Track Level/1233.93,67.21%/61/6.6 months (Across ALL Assets),73.72%/331/5.3 months (Across ALL Assets),No Information,No Information,No Information,No Information,No Information,No Information,No Information,No Information,No Information,11.63%,No Information,No Information
PULSEGAUGE,"CEN.NZ, Long, 2026-04-28 (Price: 9.23)",No Exit Yet,"4.01%, 1.4 month","76.47%, Past 25 years, 17","Weekly, was CONFIRMED on 2026-04-28",No Cancellation Possible,"2026-06-10 (Price: 9.6), 4.01% above",1.4 month,9.34,No Information,No Information,No Information,No Information,16.32%/13.48%/14.28%,"23.14%, 26.11%",5 years/20 days/8.1 months,2033-06-17/2026-05-26/2027-04-14,4.51%,3.77%,0.74%,0.15,-0.3,9.4414/10.548/11.2606/9.8433/11.2606/15.4512/9.36,9.06/6.86/8.6706/No stop loss/No F-Track Level/No F-Track Level/No EMA 200 Stop Loss,67.21%/61/6.6 months (Across ALL Assets),73.72%/331/5.3 months (Across ALL Assets),No Information,No Information,No Information,No Information,No Information,No Information,No Information,No Information,No Information,11.63%,No Information,No Information
PULSEGAUGE,"MFT.NZ, Long, 2026-04-28 (Price: 58.5)",No Exit Yet,"11.97%, 1.4 month","77.78%, Past 25 years, 18","Weekly, was CONFIRMED on 2026-04-28",No Cancellation Possible,"2026-06-10 (Price: 65.5), 11.97% above",1.4 month,60.37,No Information,No Information,No Information,No Information,20.72%/16.11%/17.18%,"25.75%, 28.38%",1.5 year/4 days/5.2 months,2028-06-18/2026-05-03/2026-12-09,6.06%,11.56%,-5.5%,0.26,-0.05,60.4305/68.5503/105.252/85.45/105.252/119.9356/62.82,57.2/55.185/54.7158/45.8971/No F-Track Level/No F-Track Level/No EMA 200 Stop Loss,67.21%/61/6.6 months (Across ALL Assets),73.72%/331/5.3 months (Across ALL Assets),No Information,No Information,No Information,No Information,No Information,No Information,No Information,No Information,No Information,11.63%,No Information,No Information
PULSEGAUGE,"MEL.NZ, Long, 2026-04-28 (Price: 5.53)",No Exit Yet,"6.33%, 1.4 month","83.33%, Past 12 years, 6","Weekly, was CONFIRMED on 2026-04-28",No Cancellation Possible,"2026-06-10 (Price: 5.88), 6.33% above",1.4 month,5.59,No Information,No Information,No Information,No Information,25.65%/17.17%/19.6%,"26.08%, 32.1%",11.9 months/1.3 month/6.6 months,2027-09-27/2026-06-23/2027-02-08,8.63%,7.64%,0.99%,0.57,-0.12,5.7672/6.6139/7.4565/6.825/7.4565/8.4564/5.7,5.35/4.3875/4.8318/4.5145/No F-Track Level/No F-Track Level/No EMA 200 Stop Loss,67.21%/61/6.6 months (Across ALL Assets),73.72%/331/5.3 months (Across ALL Assets),No Information,No Information,No Information,No Information,No Information,No Information,No Information,No Information,No Information,11.63%,No Information,No Information
PULSEGAUGE,"SPOT, Long, 2026-04-27 (Price: 495.82)",No Exit Yet,"1.47%, 1.5 month","100.0%, Past 8 years, 4","Weekly, was CONFIRMED on 2026-04-27",No Cancellation Possible,"2026-06-10 (Price: 503.1), 1.47% above",1.5 month,508.84,No Information,No Information,No Information,No Information,46.58%/30.39%/34.75%,"0%, 45.57%",2.2 years/19 days/9.2 months,2029-06-17/2026-05-24/2027-05-31,22.69%,9.35%,13.34%,7.01,0.03,533.0561/668.1174/842.022/No Horizontal Resistance/842.022/896.959/562.65,422.61/118.6/456.7863/433.8097/No F-Track Level/No F-Track Level/No EMA 200 Stop Loss,67.21%/61/6.6 months (Across ALL Assets),73.72%/331/5.3 months (Across ALL Assets),No Information,No Information,No Information,No Information,No Information,No Information,No Information,No Information,No Information,11.63%,No Information,No Information
PULSEGAUGE,"BEL.NS, Long, 2026-04-27 (Price: 435.6)",No Exit Yet,"-6.26%, 1.5 month","100.0%, Past 23 years, 4","Weekly, was CONFIRMED on 2026-04-27",No Cancellation Possible,"2026-06-10 (Price: 408.35), 6.26% below",1.5 month,445.0,No Information,No Information,No Information,No Information,12184.83%/422.85%/6303.84%,"-0.0%, 73.8%",15.3 years/3 years/9.1 years,2048-02-28/2030-08-08/2039-04-24,33.1%,16.83%,16.27%,0.52,0.12,No Target/27895.127/456.8119/No Horizontal Resistance/456.8119/613.9011/No EMA 200 Target,404.75/61.7416/382.9941/287.8162/No F-Track Level/No F-Track Level/416.88,67.21%/61/6.6 months (Across ALL Assets),73.72%/331/5.3 months (Across ALL Assets),No Information,No Information,No Information,No Information,No Information,No Information,No Information,No Information,No Information,11.63%,No Information,No Information
PULSEGAUGE,"BBTC.NS, Long, 2026-04-24 (Price: 1492.7)",No Exit Yet,"1.84%, 1.6 month","85.71%, Past 23 years, 14","Weekly, was CONFIRMED on 2026-04-24",No Cancellation Possible,"2026-06-10 (Price: 1520.2), 1.84% above",1.6 month,1540.0,No Information,No Information,No Information,No Information,43.46%/33.1%/37.61%,"50.52%, 56.37%",3.2 years/11 days/10.3 months,2030-11-17/2026-05-09/2027-07-15,11.76%,15.96%,-4.2%,0.6,0.12,1575.8434/2054.1045/3412.111/2145.0/3412.111/3761.7441/1739.84,1375.0/846.25/1057.7422/973.2526/No F-Track Level/No F-Track Level/No EMA 200 Stop Loss,67.21%/61/6.6 months (Across ALL Assets),73.72%/331/5.3 months (Across ALL Assets),No Information,No Information,No Information,No Information,No Information,No Information,No Information,No Information,No Information,11.63%,No Information,No Information
PULSEGAUGE,"BRK-B, Long, 2026-04-23 (Price: 470.55)",No Exit Yet,"2.79%, 1.6 month","73.68%, Past 25 years, 19","Weekly, was CONFIRMED on 2026-04-23",No Cancellation Possible,"2026-06-10 (Price: 483.68), 2.79% above",1.6 month,474.38,No Information,No Information,No Information,No Information,18.46%/13.14%/14.26%,"33.7%, 24.78%",1.3 year/1.5 month/6.6 months,2028-02-29/2026-06-27/2027-02-03,3.14%,6.76%,-3.62%,0.05,-0.22,476.1966/537.6504/630.85/512.2133/630.85/709.9376/490.41,468.49/268.082/449.7662/405.99/No F-Track Level/No F-Track Level/No EMA 200 Stop Loss,67.21%/61/6.6 months (Across ALL Assets),73.72%/331/5.3 months (Across ALL Assets),No Information,No Information,No Information,No Information,No Information,No Information,No Information,No Information,No Information,11.63%,No Information,No Information
PULSEGAUGE,"TSLA, Long, 2026-04-23 (Price: 373.72)",No Exit Yet,"2.11%, 1.6 month","100.0%, Past 15 years, 9","Weekly, was CONFIRMED on 2026-04-23",No Cancellation Possible,"2026-06-10 (Price: 381.59), 2.11% above",1.6 month,402.58,No Information,No Information,No Information,No Information,58.23%/37.0%/42.1%,"-0.0%, 48.54%",1.3 year/13 days/6.2 months,2028-02-29/2026-05-11/2027-01-17,23.35%,27.41%,-4.06%,2.34,0.25,397.6755/531.0561/494.4819/487.1467/494.4819/553.1211/415.16,348.95/196.47/348.637/262.8246/No F-Track Level/No F-Track Level/No EMA 200 Stop Loss,67.21%/61/6.6 months (Across ALL Assets),73.72%/331/5.3 months (Across ALL Assets),No Information,No Information,No Information,No Information,No Information,No Information,No Information,No Information,No Information,11.63%,No Information,No Information
PULSEGAUGE,"HDFCBANK.NS, Long, 2026-04-23 (Price: 784.35)",No Exit Yet,"-4.78%, 1.6 month","83.33%, Past 25 years, 18","Weekly, was CONFIRMED on 2026-04-23",No Cancellation Possible,"2026-06-10 (Price: 746.85), 4.78% below",1.6 month,797.1,No Information,No Information,No Information,No Information,44.95%/18.13%/21.62%,"28.44%, 32.67%",1.9 year/28 days/5.7 months,2029-01-07/2026-06-02/2026-12-26,11.02%,12.4%,-1.38%,0.59,-0.0,810.4689/953.9265/1098.0619/1009.6/1098.0619/1180.6259/909.01,750.9/640.9/765.1075/697.8792/No F-Track Level/No F-Track Level/No EMA 200 Stop Loss,67.21%/61/6.6 months (Across ALL Assets),73.72%/331/5.3 months (Across ALL Assets),No Information,No Information,No Information,No Information,No Information,No Information,No Information,No Information,No Information,11.63%,No Information,No Information
PULSEGAUGE,"NFLX, Long, 2026-04-23 (Price: 92.82)",No Exit Yet,"-11.66%, 1.6 month","94.12%, Past 24 years, 17","Weekly, was CONFIRMED on 2026-04-23",No Cancellation Possible,"2026-06-10 (Price: 82.0), 11.66% below",1.6 month,97.14,No Information,No Information,No Information,No Information,47.63%/34.53%/37.77%,"57.74%, 57.13%",2.3 years/15 days/6.5 months,2029-08-02/2026-05-14/2027-01-30,21.2%,21.21%,-0.01%,1.16,0.19,100.9046/127.8781/139.352/No Horizontal Resistance/139.352/152.4292/99.62,76.87/34.8663/86.4764/77.567/No F-Track Level/No F-Track Level/No EMA 200 Stop Loss,67.21%/61/6.6 months (Across ALL Assets),73.72%/331/5.3 months (Across ALL Assets),No Information,No Information,No Information,No Information,No Information,No Information,No Information,No Information,No Information,11.63%,No Information,No Information
PULSEGAUGE,"TCS.NS, Long, 2026-04-23 (Price: 2521.8)",No Exit Yet,"-14.59%, 1.6 month","93.33%, Past 21 years, 15","Weekly, was CONFIRMED on 2026-04-23",No Cancellation Possible,"2026-06-10 (Price: 2153.8999), 14.59% below",1.6 month,2587.1001,No Information,No Information,No Information,No Information,27.23%/23.88%/25.06%,"39.64%, 39.45%",1.6 year/1.9 month/6.9 months,2028-08-04/2026-07-14/2027-02-16,13.37%,10.07%,3.3%,0.84,-0.01,2683.1952/3153.7631/5901.7523/4543.575/5901.7523/6711.0756/2855.52,2389.8/No Horizontal Support/2286.8248/1821.1782/No F-Track Level/No F-Track Level/No EMA 200 Stop Loss,67.21%/61/6.6 months (Across ALL Assets),73.72%/331/5.3 months (Across ALL Assets),No Information,No Information,No Information,No Information,No Information,No Information,No Information,No Information,No Information,11.63%,No Information,No Information
PULSEGAUGE,"RELIANCE.NS, Long, 2026-04-23 (Price: 1343.4)",No Exit Yet,"-6.3%, 1.6 month","100.0%, Past 25 years, 5","Weekly, was CONFIRMED on 2026-04-23",No Cancellation Possible,"2026-06-10 (Price: 1258.8), 6.3% below",1.6 month,1363.2,No Information,No Information,No Information,No Information,53.73%/49.11%/50.39%,"-0.0%, 61.78%",9.6 years/1.4 year/4.1 years,2040-01-05/2028-04-20/2032-02-27,8.29%,11.94%,-3.65%,1.33,0.07,1393.9118/2020.3393/1879.7264/1610.3/1879.7264/2065.5547/1425.53,1200.1/1024.7604/1288.3015/1032.6763/No F-Track Level/No F-Track Level/No EMA 200 Stop Loss,67.21%/61/6.6 months (Across ALL Assets),73.72%/331/5.3 months (Across ALL Assets),No Information,No Information,No Information,No Information,No Information,No Information,No Information,No Information,No Information,11.63%,No Information,No Information
PULSEGAUGE,"BABA, Long, 2026-04-23 (Price: 131.7)",No Exit Yet,"-12.39%, 1.6 month","87.5%, Past 11 years, 8","Weekly, was CONFIRMED on 2026-04-23",No Cancellation Possible,"2026-06-10 (Price: 115.38), 12.39% below",1.6 month,140.465,No Information,No Information,No Information,No Information,39.42%/27.56%/30.03%,"41.17%, 43.58%",2.1 years/1.5 month/8.5 months,2029-04-22/2026-06-27/2027-04-27,12.12%,2.08%,10.04%,0.59,-0.11,133.6887/171.2495/399.1612/181.595/399.1612/524.2534/149.69,122.05/67.495/No F-Stack Support/No F-Stack Support/No F-Track Level/No F-Track Level/No EMA 200 Stop Loss,67.21%/61/6.6 months (Across ALL Assets),73.72%/331/5.3 months (Across ALL Assets),No Information,No Information,No Information,No Information,No Information,No Information,No Information,No Information,No Information,11.63%,No Information,No Information
PULSEGAUGE,"MCD, Long, 2026-04-23 (Price: 302.53)",No Exit Yet,"-6.61%, 1.6 month","81.82%, Past 25 years, 22","Weekly, was CONFIRMED on 2026-04-23",No Cancellation Possible,"2026-06-10 (Price: 282.52), 6.61% below",1.6 month,312.15,No Information,No Information,No Information,No Information,18.7%/13.73%/14.53%,"30.12%, 32.62%",3.9 years/13 days/7.4 months,2031-11-16/2026-05-11/2027-03-10,7.58%,6.73%,0.85%,0.37,-0.21,315.6901/346.4876/370.0426/321.444/370.0426/590.3302/306.16,297.01/230.37/254.2758/233.8976/No F-Track Level/No F-Track Level/No EMA 200 Stop Loss,67.21%/61/6.6 months (Across ALL Assets),73.72%/331/5.3 months (Across ALL Assets),No Information,No Information,No Information,No Information,No Information,No Information,No Information,No Information,No Information,11.63%,No Information,No Information
PULSEGAUGE,"PG, Long, 2026-04-23 (Price: 145.71)",No Exit Yet,"2.29%, 1.6 month","84.21%, Past 25 years, 19","Weekly, was CONFIRMED on 2026-04-23",No Cancellation Possible,"2026-06-10 (Price: 149.05), 2.29% above",1.6 month,146.06,No Information,No Information,No Information,No Information,13.34%/11.61%/12.2%,"36.08%, 18.58%",2.3 years/1.9 month/9.5 months,2029-08-02/2026-07-14/2027-06-09,5.16%,4.22%,0.94%,0.22,-0.35,147.9248/163.4866/186.6499/179.4533/186.6499/209.3631/149.16,142.71/130.72/140.2317/117.5404/No F-Track Level/No F-Track Level/No EMA 200 Stop Loss,67.21%/61/6.6 months (Across ALL Assets),73.72%/331/5.3 months (Across ALL Assets),No Information,No Information,No Information,No Information,No Information,No Information,No Information,No Information,No Information,11.63%,No Information,No Information
PULSEGAUGE,"EBO.NZ, Long, 2026-04-23 (Price: 21.21)",No Exit Yet,"-1.46%, 1.6 month","75.0%, Past 25 years, 16","Weekly, was CONFIRMED on 2026-04-23",No Cancellation Possible,"2026-06-10 (Price: 20.9), 1.46% below",1.6 month,22.23,No Information,No Information,No Information,No Information,16.66%/14.22%/15.17%,"22.77%, 29.62%",1.6 year/1.4 month/8.1 months,2028-08-04/2026-06-22/2027-04-09,5.01%,6.6%,-1.59%,0.21,-0.21,21.6809/24.4276/51.6772/46.625/51.6772/55.325/26.05,No Recent Minima/No Horizontal Support/19.4238/18.0692/No F-Track Level/No F-Track Level/No EMA 200 Stop Loss,67.21%/61/6.6 months (Across ALL Assets),73.72%/331/5.3 months (Across ALL Assets),No Information,No Information,No Information,No Information,No Information,No Information,No Information,No Information,No Information,11.63%,No Information,No Information
PULSEGAUGE,"AIA.NZ, Long, 2026-04-23 (Price: 8.2)",No Exit Yet,"0.73%, 1.6 month","81.25%, Past 25 years, 16","Weekly, was CONFIRMED on 2026-04-23",No Cancellation Possible,"2026-06-10 (Price: 8.26), 0.73% above",1.6 month,8.3,No Information,No Information,No Information,No Information,18.54%/15.14%/16.11%,"24.06%, 27.39%",2.3 years/1 month/10.7 months,2029-08-02/2026-06-05/2027-07-31,6.04%,5.26%,0.78%,0.32,-0.22,8.3943/9.521/11.1706/8.953/11.1706/12.8535/No EMA 200 Target,7.97/7.0/7.3934/6.6643/No F-Track Level/No F-Track Level/8.17,67.21%/61/6.6 months (Across ALL Assets),73.72%/331/5.3 months (Across ALL Assets),No Information,No Information,No Information,No Information,No Information,No Information,No Information,No Information,No Information,11.63%,No Information,No Information
PULSEGAUGE,"FRW.NZ, Long, 2026-04-23 (Price: 12.56)",No Exit Yet,"9.08%, 1.6 month","72.73%, Past 22 years, 11","Weekly, was CONFIRMED on 2026-04-23",No Cancellation Possible,"2026-06-10 (Price: 13.7), 9.08% above",1.6 month,12.25,No Information,No Information,No Information,No Information,18.75%/15.02%/16.09%,"29.44%, 28.16%",3.9 years/2.4 months/10.5 months,2031-11-16/2026-08-05/2027-07-23,3.57%,6.38%,-2.81%,0.09,-0.19,12.8212/14.5809/16.2179/14.94/16.2179/21.849/13.5,12.25/7.405/11.0078/7.8689/No F-Track Level/No F-Track Level/No EMA 200 Stop Loss,67.21%/61/6.6 months (Across ALL Assets),73.72%/331/5.3 months (Across ALL Assets),No Information,No Information,No Information,No Information,No Information,No Information,No Information,No Information,No Information,11.63%,No Information,No Information
PULSEGAUGE,"SUM.NZ, Long, 2026-04-23 (Price: 8.31)",No Exit Yet,"-2.41%, 1.6 month","87.5%, Past 14 years, 8","Weekly, was CONFIRMED on 2026-04-23",No Cancellation Possible,"2026-06-10 (Price: 8.11), 2.41% below",1.6 month,8.3,No Information,No Information,No Information,No Information,20.09%/17.11%/18.15%,"23.37%, 25.44%",11 months/3 months/6.3 months,2027-08-13/2026-08-31/2027-01-21,9.34%,8.56%,0.78%,0.78,-0.12,8.4529/9.8183/19.8479/12.55/19.8479/26.5969/10.56,8.25/No Horizontal Support/No F-Stack Support/No F-Stack Support/No F-Track Level/No F-Track Level/No EMA 200 Stop Loss,67.21%/61/6.6 months (Across ALL Assets),73.72%/331/5.3 months (Across ALL Assets),No Information,No Information,No Information,No Information,No Information,No Information,No Information,No Information,No Information,11.63%,No Information,No Information
PULSEGAUGE,"ATD.TO, Long, 2026-04-23 (Price: 78.03)",No Exit Yet,"6.92%, 1.6 month","88.89%, Past 25 years, 18","Weekly, was CONFIRMED on 2026-04-23",No Cancellation Possible,"2026-06-10 (Price: 83.43), 6.92% above",1.6 month,78.75,No Information,No Information,No Information,No Information,34.43%/22.98%/25.0%,"35.58%, 43.13%",3 years/7 days/7.8 months,2030-08-04/2026-05-03/2027-03-27,12.77%,14.51%,-1.74%,0.72,0.06,84.5377/97.5375/85.3936/85.53/85.3936/96.14/No EMA 200 Target,70.84/45.49/59.8475/53.4732/No F-Track Level/No F-Track Level/76.03,67.21%/61/6.6 months (Across ALL Assets),73.72%/331/5.3 months (Across ALL Assets),No Information,No Information,No Information,No Information,No Information,No Information,No Information,No Information,No Information,11.63%,No Information,No Information
PULSEGAUGE,"TRI.TO, Long, 2026-04-23 (Price: 123.51)",No Exit Yet,"-7.29%, 1.6 month","84.62%, Past 24 years, 13","Weekly, was CONFIRMED on 2026-04-23",No Cancellation Possible,"2026-06-10 (Price: 114.51), 7.29% below",1.6 month,127.69,No Information,No Information,No Information,No Information,16.13%/14.49%/15.19%,"22.4%, 27.34%",1.5 year/29 days/5.2 months,2028-06-13/2026-06-04/2026-12-04,8.93%,4.49%,4.44%,0.55,-0.25,127.2153/142.2712/293.2329/240.8933/293.2329/455.2123/167.16,113.99/No Horizontal Support/93.0152/69.3828/No F-Track Level/No F-Track Level/No EMA 200 Stop Loss,67.21%/61/6.6 months (Across ALL Assets),73.72%/331/5.3 months (Across ALL Assets),No Information,No Information,No Information,No Information,No Information,No Information,No Information,No Information,No Information,11.63%,No Information,No Information
PULSEGAUGE,"BYDDY, Long, 2026-04-23 (Price: 13.18)",No Exit Yet,"-16.46%, 1.6 month","81.82%, Past 16 years, 11","Weekly, was CONFIRMED on 2026-04-23",No Cancellation Possible,"2026-06-10 (Price: 11.01), 16.46% below",1.6 month,14.09,No Information,No Information,No Information,No Information,56.12%/33.38%/40.55%,"49.5%, 56.65%",1.4 year/1.1 month/6.6 months,2028-04-20/2026-06-09/2027-02-03,9.44%,6.53%,2.91%,0.42,-0.0,13.8219/18.5245/17.0759/13.9472/17.0759/19.2153/No EMA 200 Target,11.83/7.1633/12.4728/9.6555/No F-Track Level/No F-Track Level/12.86,67.21%/61/6.6 months (Across ALL Assets),73.72%/331/5.3 months (Across ALL Assets),No Information,No Information,No Information,No Information,No Information,No Information,No Information,No Information,No Information,11.63%,No Information,No Information
PULSEGAUGE,"NAUKRI.NS, Long, 2026-04-23 (Price: 1018.05)",No Exit Yet,"-4.6%, 1.6 month","88.24%, Past 19 years, 17","Weekly, was CONFIRMED on 2026-04-23",No Cancellation Possible,"2026-06-10 (Price: 971.25), 4.6% below",1.6 month,1054.55,No Information,No Information,No Information,No Information,33.93%/24.59%/27.6%,"46.3%, 45.06%",1.5 year/6 days/5.5 months,2028-06-13/2026-05-01/2026-12-17,15.95%,13.35%,2.6%,0.71,0.05,1067.5272/1299.0318/2223.4618/1483.595/2223.4618/2377.3661/1205.83,952.4/662.12/920.5126/832.4874/No F-Track Level/No F-Track Level/No EMA 200 Stop Loss,67.21%/61/6.6 months (Across ALL Assets),73.72%/331/5.3 months (Across ALL Assets),No Information,No Information,No Information,No Information,No Information,No Information,No Information,No Information,No Information,11.63%,No Information,No Information
PULSEGAUGE,"PERSISTENT.NS, Long, 2026-04-23 (Price: 5065.2002)",No Exit Yet,"-2.71%, 1.6 month","90.0%, Past 16 years, 10","Weekly, was CONFIRMED on 2026-04-23",No Cancellation Possible,"2026-06-10 (Price: 4928.0), 2.71% below",1.6 month,5451.0,No Information,No Information,No Information,No Information,33.14%/20.91%/24.22%,"31.55%, 31.1%",10.5 months/11 days/3.8 months,2027-07-23/2026-05-08/2026-10-05,12.35%,18.38%,-6.03%,0.77,0.13,5274.8995/6291.9917/9957.5854/6693.95/9957.5854/15965.083/5538.54,4638.8/1548.5125/3950.0879/2531.9096/No F-Track Level/No F-Track Level/No EMA 200 Stop Loss,67.21%/61/6.6 months (Across ALL Assets),73.72%/331/5.3 months (Across ALL Assets),No Information,No Information,No Information,No Information,No Information,No Information,No Information,No Information,No Information,11.63%,No Information,No Information
PULSEGAUGE,"CSU.TO, Long, 2026-04-23 (Price: 2501.03)",2026-06-01 (Price: 2931.96),"17.23%, 1.3 month","92.31%, Past 18 years, 13","Weekly, was CONFIRMED on 2026-04-23",No Cancellation Possible,"2026-06-10 (Price: 3143.7), 25.7% above",1.6 month,2640.6399,No Information,No Information,No Information,No Information,21.54%/16.74%/18.05%,"26.63%, 26.4%",6.9 months/24 days/3.2 months,2027-02-16/2026-05-27/2026-09-09,13.21%,18.96%,-5.75%,1.1,0.13,2631.0836/2952.4659/No Target/5050.3501/No Next Fib Ext/No Next Fib Ext/3125.9,2295.18/1788.955/No F-Stack Support/No F-Stack Support/No F-Track Level/No F-Track Level/No EMA 200 Stop Loss,67.21%/61/6.6 months (Across ALL Assets),73.72%/331/5.3 months (Across ALL Assets),No Information,No Information,No Information,No Information,No Information,No Information,No Information,No Information,No Information,11.63%,No Information,No Information
PULSEGAUGE,"CRM, Long, 2026-04-23 (Price: 173.3)",No Exit Yet,"-1.37%, 1.6 month","83.33%, Past 21 years, 18","Weekly, was CONFIRMED on 2026-04-23",No Cancellation Possible,"2026-06-10 (Price: 170.92), 1.37% below",1.6 month,182.5,No Information,No Information,No Information,No Information,38.27%/26.36%/28.79%,"40.81%, 50.47%",1.4 year/1.1 month/4.8 months,2028-04-20/2026-06-09/2026-11-17,12.45%,12.8%,-0.35%,0.52,0.05,175.7609/223.1931/354.7868/368.045/354.7868/398.5273/219.07,164.96/156.1/166.208/131.2903/No F-Track Level/No F-Track Level/No EMA 200 Stop Loss,67.21%/61/6.6 months (Across ALL Assets),73.72%/331/5.3 months (Across ALL Assets),No Information,No Information,No Information,No Information,No Information,No Information,No Information,No Information,No Information,11.63%,No Information,No Information
PULSEGAUGE,"TSLA, Long, 2026-01-02 (Price: 438.07)",No Exit Yet,"-12.89%, 5.3 months","100.0%, Past 15 years, 9","Weekly, was CONFIRMED on 2026-01-02",No Cancellation Possible,"2026-06-10 (Price: 381.59), 12.89% below",5.3 months,469.0,No Information,No Information,No Information,No Information,58.23%/37.0%/42.1%,"-0.0%, 48.54%",1.3 year/13 days/6.2 months,2027-11-10/2026-01-20/2026-09-28,23.35%,27.41%,-4.06%,2.34,0.25,466.1503/622.4975/541.282/481.305/541.282/564.9603/No EMA 200 Target,391.09/181.0784/353.8797/223.4247/No F-Track Level/No F-Track Level/415.16,67.21%/61/6.6 months (Across ALL Assets),73.72%/331/5.3 months (Across ALL Assets),No Information,No Information,No Information,No Information,No Information,No Information,No Information,No Information,No Information,15.04%,No Information,No Information
PULSEGAUGE,"BEL.NS, Long, 2025-12-04 (Price: 407.15)",No Exit Yet,"0.29%, 6.3 months","100.0%, Past 23 years, 4","Weekly, was CONFIRMED on 2025-12-04",No Cancellation Possible,"2026-06-10 (Price: 408.35), 0.29% above",6.3 months,415.9,No Information,No Information,No Information,No Information,12184.83%/422.85%/6303.84%,"-0.0%, 73.8%",15.3 years/3 years/9.1 years,2047-10-07/2030-03-17/2038-12-01,33.1%,16.83%,16.27%,0.52,0.12,No Target/26073.2346/456.8119/No Horizontal Resistance/456.8119/613.9011/416.88,369.4/61.7416/382.9941/287.8162/No F-Track Level/No F-Track Level/No EMA 200 Stop Loss,67.21%/61/6.6 months (Across ALL Assets),73.72%/331/5.3 months (Across ALL Assets),No Information,No Information,No Information,No Information,No Information,No Information,No Information,No Information,No Information,13.49%,No Information,No Information
PULSEGAUGE,"NFLX, Long, 2025-10-15 (Price: 120.329)",No Exit Yet,"-31.85%, 7.9 months","94.12%, Past 24 years, 17","Weekly, was CONFIRMED on 2025-10-15",No Cancellation Possible,"2026-06-10 (Price: 82.0), 31.85% below",7.9 months,122.135,No Information,No Information,No Information,No Information,47.63%/34.53%/37.77%,"57.74%, 57.13%",2.3 years/15 days/6.5 months,2029-01-24/2025-11-05/2026-07-24,21.2%,21.21%,-0.01%,1.16,0.19,130.8097/165.7773/139.352/No Horizontal Resistance/139.352/152.4292/No EMA 200 Target,115.33/34.8663/116.3145/100.8852/No F-Track Level/No F-Track Level/99.62,67.21%/61/6.6 months (Across ALL Assets),73.72%/331/5.3 months (Across ALL Assets),No Information,No Information,No Information,No Information,No Information,No Information,No Information,No Information,No Information,10.23%,No Information,No Information
PULSEGAUGE,"NVDA, Long, 2025-10-14 (Price: 180.03)",No Exit Yet,"11.33%, 8 months","94.12%, Past 25 years, 17","Weekly, was CONFIRMED on 2025-10-14",No Cancellation Possible,"2026-06-10 (Price: 200.42), 11.33% above",8 months,187.97,No Information,No Information,No Information,No Information,58.9%/33.81%/39.63%,"62.74%, 65.56%",3.4 years/13 days/6.3 months,2030-08-21/2025-11-01/2026-07-14,20.77%,19.57%,1.2%,1.08,0.17,185.0528/251.3759/239.8943/No Horizontal Resistance/239.8943/283.6698/189.02,167.02/13.9695/176.5924/152.8996/No F-Track Level/No F-Track Level/No EMA 200 Stop Loss,67.21%/61/6.6 months (Across ALL Assets),73.72%/331/5.3 months (Across ALL Assets),No Information,No Information,No Information,No Information,No Information,No Information,No Information,No Information,No Information,10.23%,No Information,No Information
PULSEGAUGE,"WIPRO.NS, Long, 2025-10-13 (Price: 245.13)",2026-06-08 (Price: 181.76),"-25.85%, 7.9 months","86.67%, Past 25 years, 15","Weekly, was CONFIRMED on 2025-10-13",No Cancellation Possible,"2026-06-10 (Price: 178.93), 27.01% below",8 months,246.06,No Information,No Information,No Information,No Information,32.05%/22.31%/25.2%,"37.94%, 34.01%",2.3 years/11 days/7.5 months,2029-01-22/2025-10-28/2026-09-03,10.04%,5.49%,4.55%,0.58,-0.1,255.3029/306.9028/412.2037/366.6625/412.2037/473.5829/No EMA 200 Target,235.75/187.6063/216.7036/198.5041/No F-Track Level/No F-Track Level/229.72,67.21%/61/6.6 months (Across ALL Assets),73.72%/331/5.3 months (Across ALL Assets),No Information,No Information,No Information,No Information,No Information,No Information,No Information,No Information,No Information,10.23%,No Information,No Information
PULSEGAUGE,"BRK-B, Long, 2025-10-10 (Price: 489.13)",No Exit Yet,"-1.11%, 8.1 months","73.68%, Past 25 years, 19","Weekly, was CONFIRMED on 2025-10-10",No Cancellation Possible,"2026-06-10 (Price: 483.68), 1.11% below",8.1 months,499.5,No Information,No Information,No Information,No Information,18.46%/13.14%/14.26%,"33.7%, 24.78%",1.3 year/1.5 month/6.6 months,2027-08-18/2025-12-14/2026-07-23,3.14%,6.76%,-3.62%,0.05,-0.22,494.9996/558.8799/630.85/No Horizontal Resistance/630.85/709.9376/490.41,465.4/268.082/449.7662/405.99/No F-Track Level/No F-Track Level/No EMA 200 Stop Loss,67.21%/61/6.6 months (Across ALL Assets),73.72%/331/5.3 months (Across ALL Assets),No Information,No Information,No Information,No Information,No Information,No Information,No Information,No Information,No Information,10.23%,No Information,No Information
PULSEGAUGE,"BABA, Long, 2025-10-10 (Price: 159.01)",No Exit Yet,"-27.44%, 8.1 months","87.5%, Past 11 years, 8","Weekly, was CONFIRMED on 2025-10-10",No Cancellation Possible,"2026-06-10 (Price: 115.38), 27.44% below",8.1 months,186.5,No Information,No Information,No Information,No Information,39.42%/27.56%/30.03%,"41.17%, 43.58%",2.1 years/1.5 month/8.5 months,2028-10-09/2025-12-14/2026-10-14,12.12%,2.08%,10.04%,0.59,-0.11,161.4111/206.7607/395.5515/No Horizontal Resistance/395.5515/453.696/No EMA 200 Target,106.72/67.495/138.4263/108.0763/No F-Track Level/No F-Track Level/149.69,67.21%/61/6.6 months (Across ALL Assets),73.72%/331/5.3 months (Across ALL Assets),No Information,No Information,No Information,No Information,No Information,No Information,No Information,No Information,No Information,10.23%,No Information,No Information
PULSEGAUGE,"MFT.NZ, Long, 2025-10-10 (Price: 60.68)",No Exit Yet,"7.94%, 8.1 months","77.78%, Past 25 years, 18","Weekly, was CONFIRMED on 2025-10-10",No Cancellation Possible,"2026-06-10 (Price: 65.5), 7.94% above",8.1 months,63.2,No Information,No Information,No Information,No Information,20.72%/16.11%/17.18%,"25.75%, 28.38%",1.5 year/4 days/5.2 months,2027-12-01/2025-10-15/2026-05-23,6.06%,11.56%,-5.5%,0.26,-0.05,62.6824/71.1048/105.252/85.45/105.252/119.9356/62.82,59.35/55.185/54.7158/45.8971/No F-Track Level/No F-Track Level/No EMA 200 Stop Loss,67.21%/61/6.6 months (Across ALL Assets),73.72%/331/5.3 months (Across ALL Assets),No Information,No Information,No Information,No Information,No Information,No Information,No Information,No Information,No Information,10.23%,No Information,No Information
PULSEGAUGE,"CRM, Long, 2025-10-10 (Price: 241.68)",No Exit Yet,"-29.28%, 8.1 months","83.33%, Past 21 years, 18","Weekly, was CONFIRMED on 2025-10-10",No Cancellation Possible,"2026-06-10 (Price: 170.92), 29.28% below",8.1 months,239.33,No Information,No Information,No Information,No Information,38.27%/26.36%/28.79%,"40.81%, 50.47%",1.4 year/1.1 month/4.8 months,2027-10-08/2025-11-26/2026-05-06,12.45%,12.8%,-0.35%,0.52,0.05,245.1119/311.2597/354.7868/368.045/354.7868/400.2507/No EMA 200 Target,240.36/156.1/209.3181/186.7031/No F-Track Level/No F-Track Level/219.07,67.21%/61/6.6 months (Across ALL Assets),73.72%/331/5.3 months (Across ALL Assets),No Information,No Information,No Information,No Information,No Information,No Information,No Information,No Information,No Information,10.23%,No Information,No Information
PULSEGAUGE,"ETH-USD, Long, 2025-10-09 (Price: 4369.1436)",2026-06-05 (Price: 1580.8608),"-63.82%, 8 months","100.0%, Past 10 years, 7","Weekly, was CONFIRMED on 2025-10-09",No Cancellation Possible,"2026-06-10 (Price: 1648.73), 62.26% below",8.1 months,4515.3008,No Information,No Information,No Information,No Information,84.42%/45.26%/56.07%,"-0.0%, 61.08%",1 year/14 days/4.3 months,2027-03-14/2025-10-29/2026-04-13,43.55%,17.86%,25.69%,1.86,0.14,5162.1432/6818.9224/4887.278/4922.7188/4887.278/5344.0381/No EMA 200 Target,4141.48/1370.4997/4185.6763/3929.1537/No F-Track Level/No F-Track Level/2454.29,67.21%/61/6.6 months (Across ALL Assets),73.72%/331/5.3 months (Across ALL Assets),No Information,No Information,No Information,No Information,No Information,No Information,No Information,No Information,No Information,10.23%,No Information,No Information
PULSEGAUGE,"JD, Long, 2025-10-09 (Price: 33.97)",No Exit Yet,"-16.25%, 8.1 months","75.0%, Past 12 years, 8","Weekly, was CONFIRMED on 2025-10-09",No Cancellation Possible,"2026-06-10 (Price: 28.45), 16.25% below",8.1 months,35.28,No Information,No Information,No Information,No Information,34.37%/30.31%/32.07%,"51.31%, 59.82%",1.1 year/3 months/7.7 months,2027-05-05/2026-02-16/2026-09-08,0.38%,2.07%,-1.69%,0.06,-0.07,35.0468/44.8642/103.1027/80.755/103.1027/108.0778/No EMA 200 Target,30.91/24.07/No F-Stack Support/No F-Stack Support/No F-Track Level/No F-Track Level/30.34,67.21%/61/6.6 months (Across ALL Assets),73.72%/331/5.3 months (Across ALL Assets),No Information,No Information,No Information,No Information,No Information,No Information,No Information,No Information,No Information,10.23%,No Information,No Information
PULSEGAUGE,"PG, Long, 2025-10-09 (Price: 150.58)",No Exit Yet,"-1.02%, 8.1 months","84.21%, Past 25 years, 19","Weekly, was CONFIRMED on 2025-10-09",No Cancellation Possible,"2026-06-10 (Price: 149.05), 1.02% below",8.1 months,151.5,No Information,No Information,No Information,No Information,13.34%/11.61%/12.2%,"36.08%, 18.58%",2.3 years/1.9 month/9.5 months,2029-01-18/2025-12-30/2026-11-25,5.16%,4.22%,0.94%,0.22,-0.35,152.8688/168.9508/186.6499/179.4533/186.6499/209.3631/No EMA 200 Target,143.96/121.86/140.2317/117.5404/No F-Track Level/No F-Track Level/149.16,67.21%/61/6.6 months (Across ALL Assets),73.72%/331/5.3 months (Across ALL Assets),No Information,No Information,No Information,No Information,No Information,No Information,No Information,No Information,No Information,10.23%,No Information,No Information
PULSEGAUGE,"CEN.NZ, Long, 2025-10-09 (Price: 9.04)",No Exit Yet,"6.19%, 8.1 months","76.47%, Past 25 years, 17","Weekly, was CONFIRMED on 2025-10-09",No Cancellation Possible,"2026-06-10 (Price: 9.6), 6.19% above",8.1 months,9.1,No Information,No Information,No Information,No Information,16.32%/13.48%/14.28%,"23.14%, 26.11%",5 years/20 days/8.1 months,2032-11-28/2025-11-06/2026-09-25,4.51%,3.77%,0.74%,0.15,-0.3,9.247/10.3309/11.2606/9.465/11.2606/15.4512/9.36,8.93/6.86/8.6706/No stop loss/No F-Track Level/No F-Track Level/No EMA 200 Stop Loss,67.21%/61/6.6 months (Across ALL Assets),73.72%/331/5.3 months (Across ALL Assets),No Information,No Information,No Information,No Information,No Information,No Information,No Information,No Information,No Information,10.23%,No Information,No Information
PULSEGAUGE,"CNU.NZ, Long, 2025-10-09 (Price: 9.26)",No Exit Yet,"5.62%, 8.1 months","71.43%, Past 14 years, 7","Weekly, was CONFIRMED on 2025-10-09",No Cancellation Possible,"2026-06-10 (Price: 9.78), 5.62% above",8.1 months,9.54,No Information,No Information,No Information,No Information,18.54%/16.6%/17.76%,"24.77%, 33.51%",2.2 years/29 days/8.7 months,2028-11-29/2025-11-20/2026-10-22,3.13%,5.66%,-2.53%,0.04,-0.19,9.6193/10.9046/10.0225/No Horizontal Resistance/10.0225/12.705/9.5,7.85/6.0983/7.51/6.7409/No F-Track Level/No F-Track Level/No EMA 200 Stop Loss,67.21%/61/6.6 months (Across ALL Assets),73.72%/331/5.3 months (Across ALL Assets),No Information,No Information,No Information,No Information,No Information,No Information,No Information,No Information,No Information,10.23%,No Information,No Information
PULSEGAUGE,"BYDDY, Long, 2025-10-09 (Price: 13.86)",No Exit Yet,"-20.56%, 8.1 months","81.82%, Past 16 years, 11","Weekly, was CONFIRMED on 2025-10-09",No Cancellation Possible,"2026-06-10 (Price: 11.01), 20.56% below",8.1 months,13.87,No Information,No Information,No Information,No Information,56.12%/33.38%/40.55%,"49.5%, 56.65%",1.4 year/1.1 month/6.6 months,2027-10-07/2025-11-25/2026-07-22,9.44%,6.53%,2.91%,0.42,-0.0,14.535/19.4802/17.0759/13.9472/17.0759/19.2153/No EMA 200 Target,13.34/7.1075/12.4728/9.6555/No F-Track Level/No F-Track Level/12.86,67.21%/61/6.6 months (Across ALL Assets),73.72%/331/5.3 months (Across ALL Assets),No Information,No Information,No Information,No Information,No Information,No Information,No Information,No Information,No Information,10.23%,No Information,No Information
PULSEGAUGE,"BDL.NS, Long, 2025-10-09 (Price: 1520.3)",No Exit Yet,"-22.13%, 8.1 months","83.33%, Past 8 years, 6","Weekly, was CONFIRMED on 2025-10-09",No Cancellation Possible,"2026-06-10 (Price: 1183.8), 22.13% below",8.1 months,1568.4,No Information,No Information,No Information,No Information,44.75%/28.89%/33.37%,"47.07%, 49.38%",7.1 months/2.4 months/4.7 months,2026-08-13/2026-01-21/2026-05-01,9.28%,18.52%,-9.24%,0.35,0.14,1634.0184/2027.6241/2355.3598/No Horizontal Resistance/2355.3598/2625.1645/No EMA 200 Target,1435.7/184.5375/1479.6462/1355.4768/No F-Track Level/No F-Track Level/1413.19,67.21%/61/6.6 months (Across ALL Assets),73.72%/331/5.3 months (Across ALL Assets),No Information,No Information,No Information,No Information,No Information,No Information,No Information,No Information,No Information,10.23%,No Information,No Information
PULSEGAUGE,"BBTC.NS, Long, 2025-10-09 (Price: 1848.0)",No Exit Yet,"-17.74%, 8.1 months","85.71%, Past 23 years, 14","Weekly, was CONFIRMED on 2025-10-09",No Cancellation Possible,"2026-06-10 (Price: 1520.2), 17.74% below",8.1 months,1842.0,No Information,No Information,No Information,No Information,43.46%/33.1%/37.61%,"50.52%, 56.37%",3.2 years/11 days/10.3 months,2030-05-04/2025-10-24/2026-12-30,11.76%,15.96%,-4.2%,0.6,0.12,1950.9336/2543.0328/3412.111/No Horizontal Resistance/3412.111/3657.8738/No EMA 200 Target,1753.7/846.25/1538.0338/1057.7422/No F-Track Level/No F-Track Level/1739.84,67.21%/61/6.6 months (Across ALL Assets),73.72%/331/5.3 months (Across ALL Assets),No Information,No Information,No Information,No Information,No Information,No Information,No Information,No Information,No Information,10.23%,No Information,No Information
PULSEGAUGE,"BBTC.NS, Long, 2025-07-09 (Price: 1946.9)",No Exit Yet,"-21.92%, 11.2 months","85.71%, Past 23 years, 14","Weekly, was CONFIRMED on 2025-07-09",No Cancellation Possible,"2026-06-10 (Price: 1520.2), 21.92% below",11.2 months,1990.0,No Information,No Information,No Information,No Information,43.46%/33.1%/37.61%,"50.52%, 56.37%",3.2 years/11 days/10.3 months,2030-02-01/2025-07-24/2026-09-29,11.76%,15.96%,-4.2%,0.6,0.12,2055.3423/2679.1291/3412.111/No Horizontal Resistance/3412.111/3657.8738/No EMA 200 Target,1720.4/846.25/1538.0338/1057.7422/No F-Track Level/No F-Track Level/1739.84,67.21%/61/6.6 months (Across ALL Assets),73.72%/331/5.3 months (Across ALL Assets),No Information,No Information,No Information,No Information,No Information,No Information,No Information,No Information,No Information,11.9%,No Information,No Information
PULSEGAUGE,"PERSISTENT.NS, Long, 2025-07-04 (Price: 5896.0)",No Exit Yet,"-16.42%, 11.4 months","90.0%, Past 16 years, 10","Weekly, was CONFIRMED on 2025-07-04",No Cancellation Possible,"2026-06-10 (Price: 4928.0), 16.42% below",11.4 months,6025.0,No Information,No Information,No Information,No Information,33.14%/20.91%/24.22%,"31.55%, 31.1%",10.5 months/11 days/3.8 months,2026-10-03/2025-07-19/2025-12-16,12.35%,18.38%,-6.03%,0.77,0.13,6140.0944/7324.0112/9957.5854/No Horizontal Resistance/9957.5854/15965.083/No EMA 200 Target,4544.6/1548.5125/3950.0879/2531.9096/No F-Track Level/No F-Track Level/5538.54,67.21%/61/6.6 months (Across ALL Assets),73.72%/331/5.3 months (Across ALL Assets),No Information,No Information,No Information,No Information,No Information,No Information,No Information,No Information,No Information,11.9%,No Information,No Information
PULSEGAUGE,"BRK-B, Long, 2025-07-03 (Price: 485.0)",No Exit Yet,"-0.27%, 11.4 months","73.68%, Past 25 years, 19","Weekly, was CONFIRMED on 2025-07-03",No Cancellation Possible,"2026-06-10 (Price: 483.68), 0.27% below",11.4 months,485.9,No Information,No Information,No Information,No Information,18.46%/13.14%/14.26%,"33.7%, 24.78%",1.3 year/1.5 month/6.6 months,2027-05-11/2025-09-06/2026-04-15,3.14%,6.76%,-3.62%,0.05,-0.22,490.82/554.161/630.85/488.245/630.85/709.9376/490.41,484.85/268.082/449.7662/405.99/No F-Track Level/No F-Track Level/No EMA 200 Stop Loss,67.21%/61/6.6 months (Across ALL Assets),73.72%/331/5.3 months (Across ALL Assets),No Information,No Information,No Information,No Information,No Information,No Information,No Information,No Information,No Information,11.9%,No Information,No Information
PULSEGAUGE,"JD, Long, 2025-07-03 (Price: 32.07)",No Exit Yet,"-11.29%, 11.4 months","75.0%, Past 12 years, 8","Weekly, was CONFIRMED on 2025-07-03",No Cancellation Possible,"2026-06-10 (Price: 28.45), 11.29% below",11.4 months,32.56,No Information,No Information,No Information,No Information,34.37%/30.31%/32.07%,"51.31%, 59.82%",1.1 year/3 months/7.7 months,2027-01-27/2025-11-10/2026-06-02,0.38%,2.07%,-1.69%,0.06,-0.07,33.0866/42.3548/103.1027/92.73/103.1027/108.0778/No EMA 200 Target,31.44/24.07/No F-Stack Support/No F-Stack Support/No F-Track Level/No F-Track Level/30.34,67.21%/61/6.6 months (Across ALL Assets),73.72%/331/5.3 months (Across ALL Assets),No Information,No Information,No Information,No Information,No Information,No Information,No Information,No Information,No Information,11.9%,No Information,No Information
PULSEGAUGE,"PG, Long, 2025-07-03 (Price: 160.83)",No Exit Yet,"-7.32%, 11.4 months","84.21%, Past 25 years, 19","Weekly, was CONFIRMED on 2025-07-03",No Cancellation Possible,"2026-06-10 (Price: 149.05), 7.32% below",11.4 months,159.26,No Information,No Information,No Information,No Information,13.34%/11.61%/12.2%,"36.08%, 18.58%",2.3 years/1.9 month/9.5 months,2028-10-12/2025-09-23/2026-08-19,5.16%,4.22%,0.94%,0.22,-0.35,163.2746/180.4513/186.6499/179.4533/186.6499/209.3631/No EMA 200 Target,157.66/121.86/140.2317/117.5404/No F-Track Level/No F-Track Level/149.16,67.21%/61/6.6 months (Across ALL Assets),73.72%/331/5.3 months (Across ALL Assets),No Information,No Information,No Information,No Information,No Information,No Information,No Information,No Information,No Information,11.9%,No Information,No Information
PULSEGAUGE,"CEN.NZ, Long, 2025-07-03 (Price: 9.0)",No Exit Yet,"6.67%, 11.4 months","76.47%, Past 25 years, 17","Weekly, was CONFIRMED on 2025-07-03",No Cancellation Possible,"2026-06-10 (Price: 9.6), 6.67% above",11.4 months,9.05,No Information,No Information,No Information,No Information,16.32%/13.48%/14.28%,"23.14%, 26.11%",5 years/20 days/8.1 months,2032-08-22/2025-07-31/2026-06-19,4.51%,3.77%,0.74%,0.15,-0.3,9.2061/10.2852/11.2606/9.465/11.2606/15.4512/9.36,8.97/6.86/8.6706/No stop loss/No F-Track Level/No F-Track Level/No EMA 200 Stop Loss,67.21%/61/6.6 months (Across ALL Assets),73.72%/331/5.3 months (Across ALL Assets),No Information,No Information,No Information,No Information,No Information,No Information,No Information,No Information,No Information,11.9%,No Information,No Information
PULSEGAUGE,"MFT.NZ, Long, 2025-07-03 (Price: 66.21)",No Exit Yet,"-1.07%, 11.4 months","77.78%, Past 25 years, 18","Weekly, was CONFIRMED on 2025-07-03",No Cancellation Possible,"2026-06-10 (Price: 65.5), 1.07% below",11.4 months,67.15,No Information,No Information,No Information,No Information,20.72%/16.11%/17.18%,"25.75%, 28.38%",1.5 year/4 days/5.2 months,2027-08-24/2025-07-08/2026-02-13,6.06%,11.56%,-5.5%,0.26,-0.05,68.3949/77.5849/105.252/85.45/105.252/119.9356/No EMA 200 Target,57.71/55.185/54.7158/45.8971/No F-Track Level/No F-Track Level/62.82,67.21%/61/6.6 months (Across ALL Assets),73.72%/331/5.3 months (Across ALL Assets),No Information,No Information,No Information,No Information,No Information,No Information,No Information,No Information,No Information,11.9%,No Information,No Information
PULSEGAUGE,"BYDDY, Long, 2025-07-03 (Price: 15.6183)",No Exit Yet,"-29.51%, 11.4 months","81.82%, Past 16 years, 11","Weekly, was CONFIRMED on 2025-07-03",No Cancellation Possible,"2026-06-10 (Price: 11.01), 29.51% below",11.4 months,15.75,No Information,No Information,No Information,No Information,56.12%/33.38%/40.55%,"49.5%, 56.65%",1.4 year/1.1 month/6.6 months,2027-07-01/2025-08-19/2026-04-15,9.44%,6.53%,2.91%,0.42,-0.0,16.3789/21.9515/17.0759/No Horizontal Resistance/17.0759/19.2153/No EMA 200 Target,14.69/7.1075/15.2748/12.4728/No F-Track Level/No F-Track Level/12.86,67.21%/61/6.6 months (Across ALL Assets),73.72%/331/5.3 months (Across ALL Assets),No Information,No Information,No Information,No Information,No Information,No Information,No Information,No Information,No Information,11.9%,No Information,No Information
PULSEGAUGE,"SBUX, Long, 2023-11-29 (Price: 99.85)",No Exit Yet,"-1.09%, 2.6 years","75.0%, Past 25 years, 20","Weekly, was CONFIRMED on 2023-11-29",No Cancellation Possible,"2026-06-10 (Price: 98.76), 1.09% below",2.6 years,102.29,No Information,No Information,No Information,No Information,25.73%/19.92%/21.06%,"35.35%, 40.55%",2.7 years/21 days/6.1 months,2027-10-06/2023-12-29/2024-08-20,4.39%,8.99%,-4.6%,0.17,-0.06,101.6074/120.8784/142.4098/117.4325/142.4098/150.3462/No EMA 200 Target,91.27/82.36/89.1063/76.529/No F-Track Level/No F-Track Level/91.49,67.21%/61/6.6 months (Across ALL Assets),73.72%/331/5.3 months (Across ALL Assets),No Information,No Information,No Information,No Information,No Information,No Information,No Information,No Information,No Information,21.65%,No Information,No Information
PULSEGAUGE,"ATD.TO, Long, 2023-11-29 (Price: 76.23)",No Exit Yet,"9.45%, 2.6 years","88.89%, Past 25 years, 18","Weekly, was CONFIRMED on 2023-11-29",No Cancellation Possible,"2026-06-10 (Price: 83.43), 9.45% above",2.6 years,79.2,No Information,No Information,No Information,No Information,34.43%/22.98%/25.0%,"35.58%, 43.13%",3 years/7 days/7.8 months,2028-03-11/2023-12-09/2024-11-01,12.77%,14.51%,-1.74%,0.72,0.06,82.5876/95.2875/85.3936/No Horizontal Resistance/85.3936/96.14/No EMA 200 Target,68.98/39.8362/59.8475/53.4732/No F-Track Level/No F-Track Level/76.03,67.21%/61/6.6 months (Across ALL Assets),73.72%/331/5.3 months (Across ALL Assets),No Information,No Information,No Information,No Information,No Information,No Information,No Information,No Information,No Information,21.65%,No Information,No Information
PULSEGAUGE,"SBUX, Long, 2023-06-08 (Price: 99.15)",No Exit Yet,"-0.39%, 3 years","75.0%, Past 25 years, 20","Weekly, was CONFIRMED on 2023-06-08",No Cancellation Possible,"2026-06-10 (Price: 98.76), 0.39% below",3 years,100.04,No Information,No Information,No Information,No Information,25.73%/19.92%/21.06%,"35.35%, 40.55%",2.7 years/21 days/6.1 months,2027-04-15/2023-07-08/2024-02-28,4.39%,8.99%,-4.6%,0.17,-0.06,100.895/120.031/142.4098/117.4325/142.4098/150.3462/No EMA 200 Target,98.53/69.4767/89.1063/76.529/No F-Track Level/No F-Track Level/91.49,67.21%/61/6.6 months (Across ALL Assets),73.72%/331/5.3 months (Across ALL Assets),No Information,No Information,No Information,No Information,No Information,No Information,No Information,No Information,No Information,20.25%,No Information,No Information
PULSEGAUGE,"AIA.NZ, Long, 2023-06-08 (Price: 8.58)",No Exit Yet,"-3.73%, 3 years","81.25%, Past 25 years, 16","Weekly, was CONFIRMED on 2023-06-08",No Cancellation Possible,"2026-06-10 (Price: 8.26), 3.73% below",3 years,8.74,No Information,No Information,No Information,No Information,18.54%/15.14%/16.11%,"24.06%, 27.39%",2.3 years/1 month/10.7 months,2026-09-17/2023-07-21/2024-09-14,6.04%,5.26%,0.78%,0.32,-0.22,8.7833/9.9622/11.1706/9.875/11.1706/12.8535/No EMA 200 Target,8.55/6.68/7.3934/6.6643/No F-Track Level/No F-Track Level/8.17,67.21%/61/6.6 months (Across ALL Assets),73.72%/331/5.3 months (Across ALL Assets),No Information,No Information,No Information,No Information,No Information,No Information,No Information,No Information,No Information,20.25%,No Information,No Information
BASELINEDIVERGENCE,"MAZDOCK.NS, Long, 2026-06-07 (Price: 2423.1001)",No Exit Yet,"-2.29%, 3 days","85.0%, Past 5 years, 60","Weekly, was CONFIRMED on 2026-06-07",Already confirmed,"2026-06-10 (Price: 2367.6001), 2.29% below",3 days,2464.8999,No Information,No Information,No Information,No Information,170.26%/0.38%/58.89%,"6.25%, 28.55%",7.7 months/2.1 months/4.2 months,2027-05-07/2026-09-06/2026-12-06,92.6%,54.38%,38.22%,0.78,2.08,3618.4154/3850.0637/3563.3046/2588.15/3563.3046/3898.3519/2569.89,2162.9/112.6583/1693.9315/1173.5389/No F-Track Level/No F-Track Level/No EMA 200 Stop Loss,54.55%/33/2.9 months (Across ALL Assets),70.5%/522/3.5 months (Across ALL Assets),No Information,No Information,No Information,No Information,No Information,No Information,No Information,No Information,No Information,No Information,"^NSEI, Normal Case",2026-05-24 (Price: 2380.0)
BASELINEDIVERGENCE,"TRI.TO, Long, 2026-06-07 (Price: 120.12)",No Exit Yet,"-4.67%, 3 days","82.14%, Past 10 years, 112","Weekly, was CONFIRMED on 2026-06-07",Already confirmed,"2026-06-10 (Price: 114.51), 4.67% below",3 days,118.86,No Information,No Information,No Information,No Information,25.18%/0.9%/8.63%,"16.42%, 26.29%",8.2 months/2.1 months/3.6 months,2027-05-27/2026-09-06/2026-11-10,22.88%,5.43%,17.45%,0.6,0.27,134.7506/130.4864/293.2329/240.8933/293.2329/376.0577/167.16,114.06/No Horizontal Support/93.0152/69.3828/No F-Track Level/No F-Track Level/No EMA 200 Stop Loss,54.55%/33/2.9 months (Across ALL Assets),70.5%/522/3.5 months (Across ALL Assets),No Information,No Information,No Information,No Information,No Information,No Information,No Information,No Information,No Information,No Information,"^GSPC, Normal Case",2026-05-31 (Price: 113.52)
BASELINEDIVERGENCE,"NVDA, Long, 2026-05-24 (Price: 215.33)",No Exit Yet,"-6.92%, 17 days","87.5%, Past 10 years, 88","Weekly, was CONFIRMED on 2026-05-24",Already confirmed,"2026-06-10 (Price: 200.42), 6.92% below",17 days,229.87,No Information,No Information,No Information,No Information,200.25%/0.56%/40.01%,"45.09%, 51.99%",8.2 months/2.1 months/3.8 months,2027-05-13/2026-08-23/2026-11-05,48.75%,44.48%,4.27%,0.76,1.81,284.1495/301.4835/239.8943/No Horizontal Resistance/239.8943/283.6698/No EMA 200 Target,167.52/13.9695/176.5924/152.8996/No F-Track Level/No F-Track Level/189.02,54.55%/33/2.9 months (Across ALL Assets),70.5%/522/3.5 months (Across ALL Assets),No Information,No Information,No Information,No Information,No Information,No Information,No Information,No Information,No Information,No Information,"^NDX, Normal Case",2026-05-17 (Price: 213.89)
BASELINEDIVERGENCE,"TRI.TO, Long, 2026-05-24 (Price: 118.6)",No Exit Yet,"-3.45%, 17 days","82.14%, Past 10 years, 112","Weekly, was CONFIRMED on 2026-05-24",Already confirmed,"2026-06-10 (Price: 114.51), 3.45% below",17 days,120.09,No Information,No Information,No Information,No Information,25.18%/0.9%/8.63%,"16.42%, 26.29%",8.2 months/2.1 months/3.6 months,2027-05-13/2026-08-23/2026-10-27,22.88%,5.43%,17.45%,0.6,0.27,133.0455/128.8352/293.2329/240.8933/293.2329/455.2123/167.16,114.06/No Horizontal Support/93.0152/69.3828/No F-Track Level/No F-Track Level/No EMA 200 Stop Loss,54.55%/33/2.9 months (Across ALL Assets),70.5%/522/3.5 months (Across ALL Assets),No Information,No Information,No Information,No Information,No Information,No Information,No Information,No Information,No Information,No Information,"^GSPC, Normal Case",2021-03-28 (Price: 112.6895)
BASELINEDIVERGENCE,"TRI.TO, Long, 2026-04-05 (Price: 125.58)",No Exit Yet,"-8.82%, 2.2 months","82.14%, Past 10 years, 112","Weekly, was CONFIRMED on 2026-04-05",Already confirmed,"2026-06-10 (Price: 114.51), 8.82% below",2.2 months,124.83,No Information,No Information,No Information,No Information,25.18%/0.9%/8.63%,"16.42%, 26.29%",8.2 months/2.1 months/3.6 months,2027-03-25/2026-07-05/2026-09-08,22.88%,5.43%,17.45%,0.6,0.27,140.8756/136.4176/293.2329/240.8933/293.2329/372.3374/167.16,113.99/No Horizontal Support/93.0152/69.3828/No F-Track Level/No F-Track Level/No EMA 200 Stop Loss,54.55%/33/2.9 months (Across ALL Assets),70.5%/522/3.5 months (Across ALL Assets),No Information,No Information,No Information,No Information,No Information,No Information,No Information,No Information,No Information,No Information,"^GSPC, Normal Case",2026-03-29 (Price: 117.77)
BASELINEDIVERGENCE,"BEL.NS, Long, 2026-04-05 (Price: 421.6)",No Exit Yet,"-3.14%, 2.2 months","80.87%, Past 10 years, 115","Weekly, was CONFIRMED on 2026-04-05",Already confirmed,"2026-06-10 (Price: 408.35), 3.14% below",2.2 months,400.0,No Information,No Information,No Information,No Information,62.01%/0.22%/18.48%,"36.52%, 45.62%",10.5 months/2.1 months/3.9 months,2027-07-05/2026-07-05/2026-09-21,34.32%,19.36%,14.96%,0.61,0.92,505.5406/499.5117/456.8119/433.5/456.8119/613.9011/No EMA 200 Target,404.75/61.7416/382.9941/287.8162/No F-Track Level/No F-Track Level/416.88,54.55%/33/2.9 months (Across ALL Assets),70.5%/522/3.5 months (Across ALL Assets),No Information,No Information,No Information,No Information,No Information,No Information,No Information,No Information,No Information,No Information,"^NSEI, Local Extrema Case",2026-01-25 (Price: 397.0)
BASELINEDIVERGENCE,"NVDA, Long, 2026-03-15 (Price: 180.25)",2026-05-31 (Price: 211.14),"17.14%, 2.6 months","87.5%, Past 10 years, 88","Weekly, was CONFIRMED on 2026-03-15",Already confirmed,"2026-06-10 (Price: 200.42), 11.19% above",2.9 months,176.83,No Information,No Information,No Information,No Information,200.25%/0.56%/40.01%,"45.09%, 51.99%",8.2 months/2.1 months/3.8 months,2027-03-04/2026-06-14/2026-08-27,48.75%,44.48%,4.27%,0.76,1.81,237.8579/252.368/239.8943/No Horizontal Resistance/239.8943/283.6698/189.02,177.19/13.9695/176.5924/152.8996/No F-Track Level/No F-Track Level/No EMA 200 Stop Loss,54.55%/33/2.9 months (Across ALL Assets),70.5%/522/3.5 months (Across ALL Assets),No Information,No Information,No Information,No Information,No Information,No Information,No Information,No Information,No Information,No Information,"^NDX, Normal Case",2026-03-08 (Price: 174.64)
BASELINEDIVERGENCE,"BEL.NS, Long, 2026-03-08 (Price: 468.45)",No Exit Yet,"-12.83%, 3.1 months","80.87%, Past 10 years, 115","Weekly, was CONFIRMED on 2026-03-08",Already confirmed,"2026-06-10 (Price: 408.35), 12.83% below",3.1 months,442.1,No Information,No Information,No Information,No Information,62.01%/0.22%/18.48%,"36.52%, 45.62%",10.5 months/2.1 months/3.9 months,2027-06-07/2026-06-07/2026-08-24,34.32%,19.36%,14.96%,0.61,0.92,561.7184/555.0196/No Target/No Horizontal Resistance/No Target/613.9011/No EMA 200 Target,389.45/61.7416/382.9941/287.8162/No F-Track Level/No F-Track Level/416.88,54.55%/33/2.9 months (Across ALL Assets),70.5%/522/3.5 months (Across ALL Assets),No Information,No Information,No Information,No Information,No Information,No Information,No Information,No Information,No Information,No Information,"^NSEI, Local Extrema Case",2026-03-01 (Price: 430.35)
BASELINEDIVERGENCE,"NVDA, Long, 2026-03-01 (Price: 177.19)",2026-05-31 (Price: 211.14),"19.16%, 3 months","87.5%, Past 10 years, 88","Weekly, was CONFIRMED on 2026-03-01",Already confirmed,"2026-06-10 (Price: 200.42), 13.11% above",3.4 months,191.4,No Information,No Information,No Information,No Information,200.25%/0.56%/40.01%,"45.09%, 51.99%",8.2 months/2.1 months/3.8 months,2027-02-18/2026-05-31/2026-08-13,48.75%,44.48%,4.27%,0.76,1.81,233.8199/248.0837/239.8943/No Horizontal Resistance/239.8943/283.6698/189.02,175.02/13.9695/176.5924/152.8996/No F-Track Level/No F-Track Level/No EMA 200 Stop Loss,54.55%/33/2.9 months (Across ALL Assets),70.5%/522/3.5 months (Across ALL Assets),No Information,No Information,No Information,No Information,No Information,No Information,No Information,No Information,No Information,No Information,"^NDX, Normal Case",2025-12-21 (Price: 170.31)
BASELINEDIVERGENCE,"BEL.NS, Long, 2026-03-01 (Price: 444.7)",No Exit Yet,"-8.17%, 3.4 months","80.87%, Past 10 years, 115","Weekly, was CONFIRMED on 2026-03-01",Already confirmed,"2026-06-10 (Price: 408.35), 8.17% below",3.4 months,442.8,No Information,No Information,No Information,No Information,62.01%/0.22%/18.48%,"36.52%, 45.62%",10.5 months/2.1 months/3.9 months,2027-05-31/2026-05-31/2026-08-17,34.32%,19.36%,14.96%,0.61,0.92,533.2398/526.8806/456.8119/No Horizontal Resistance/456.8119/613.9011/No EMA 200 Target,389.45/61.7416/382.9941/287.8162/No F-Track Level/No F-Track Level/416.88,54.55%/33/2.9 months (Across ALL Assets),70.5%/522/3.5 months (Across ALL Assets),No Information,No Information,No Information,No Information,No Information,No Information,No Information,No Information,No Information,No Information,"^NSEI, Local Extrema Case",2025-12-21 (Price: 380.45)
BASELINEDIVERGENCE,"HDFCBANK.NS, Long, 2026-02-22 (Price: 911.85)",No Exit Yet,"-18.1%, 3.6 months","88.12%, Past 10 years, 101","Weekly, was CONFIRMED on 2026-02-22",Already confirmed,"2026-06-10 (Price: 746.85), 18.1% below",3.6 months,903.9,No Information,No Information,No Information,No Information,32.47%/0.05%/7.01%,"17.33%, 37.24%",7 months/2.1 months/3.3 months,2026-12-23/2026-05-24/2026-07-15,21.24%,7.28%,13.96%,0.56,0.4,1020.1778/975.7707/1098.0619/1009.6/1098.0619/1305.7899/No EMA 200 Target,903.9/640.9/765.1075/697.8792/No F-Track Level/No F-Track Level/909.01,54.55%/33/2.9 months (Across ALL Assets),70.5%/522/3.5 months (Across ALL Assets),No Information,No Information,No Information,No Information,No Information,No Information,No Information,No Information,No Information,No Information,"^NSEI, Normal Case",2026-02-15 (Price: 901.0)
BASELINEDIVERGENCE,"NVDA, Long, 2026-02-22 (Price: 189.82)",2026-05-31 (Price: 211.14),"11.23%, 3.3 months","87.5%, Past 10 years, 88","Weekly, was CONFIRMED on 2026-02-22",Already confirmed,"2026-06-10 (Price: 200.42), 5.58% above",3.6 months,181.75,No Information,No Information,No Information,No Information,200.25%/0.56%/40.01%,"45.09%, 51.99%",8.2 months/2.1 months/3.8 months,2027-02-11/2026-05-24/2026-08-06,48.75%,44.48%,4.27%,0.76,1.81,250.4865/265.767/239.8943/No Horizontal Resistance/239.8943/283.6698/No EMA 200 Target,182.81/13.9695/176.5924/152.8996/No F-Track Level/No F-Track Level/189.02,54.55%/33/2.9 months (Across ALL Assets),70.5%/522/3.5 months (Across ALL Assets),No Information,No Information,No Information,No Information,No Information,No Information,No Information,No Information,No Information,No Information,"^NDX, Normal Case",2026-02-08 (Price: 171.03)
BASELINEDIVERGENCE,"NVDA, Long, 2026-02-15 (Price: 182.81)",2026-05-31 (Price: 211.14),"15.5%, 3.5 months","87.5%, Past 10 years, 88","Weekly, was CONFIRMED on 2026-02-15",Already confirmed,"2026-06-10 (Price: 200.42), 9.63% above",3.8 months,184.26,No Information,No Information,No Information,No Information,200.25%/0.56%/40.01%,"45.09%, 51.99%",8.2 months/2.1 months/3.8 months,2027-02-04/2026-05-17/2026-07-30,48.75%,44.48%,4.27%,0.76,1.81,241.2361/255.9523/239.8943/No Horizontal Resistance/239.8943/283.6698/189.02,175.02/13.9695/176.5924/152.8996/No F-Track Level/No F-Track Level/No EMA 200 Stop Loss,54.55%/33/2.9 months (Across ALL Assets),70.5%/522/3.5 months (Across ALL Assets),No Information,No Information,No Information,No Information,No Information,No Information,No Information,No Information,No Information,No Information,"^NDX, Normal Case",2026-01-25 (Price: 177.61)
BASELINEDIVERGENCE,"HDFCBANK.NS, Long, 2026-02-08 (Price: 941.1)",No Exit Yet,"-20.64%, 4.1 months","88.12%, Past 10 years, 101","Weekly, was CONFIRMED on 2026-02-08",Already confirmed,"2026-06-10 (Price: 746.85), 20.64% below",4.1 months,915.0,No Information,No Information,No Information,No Information,32.47%/0.05%/7.01%,"17.33%, 37.24%",7 months/2.1 months/3.3 months,2026-12-09/2026-05-10/2026-07-01,21.24%,7.28%,13.96%,0.56,0.4,1052.9027/1007.0711/1098.0619/1009.6/1098.0619/1305.7899/No EMA 200 Target,916.1/640.9/765.1075/697.8792/No F-Track Level/No F-Track Level/909.01,54.55%/33/2.9 months (Across ALL Assets),70.5%/522/3.5 months (Across ALL Assets),No Information,No Information,No Information,No Information,No Information,No Information,No Information,No Information,No Information,No Information,"^NSEI, Normal Case",2026-02-01 (Price: 905.0)
BASELINEDIVERGENCE,"SPY, Long, 2026-02-08 (Price: 690.62)",No Exit Yet,"5.04%, 4.1 months","84.21%, Past 10 years, 19","Weekly, was CONFIRMED on 2026-02-08",Already confirmed,"2026-06-10 (Price: 725.43), 5.04% above",4.1 months,689.58,No Information,No Information,No Information,No Information,7.13%/0.46%/4.0%,"5.53%, 12.25%",4.9 months/2.1 months/3.5 months,2026-09-08/2026-05-10/2026-07-10,6.25%,9.24%,-2.99%,0.53,0.62,744.0049/718.2448/969.1148/No Horizontal Resistance/969.1148/1522.3697/No EMA 200 Target,505.28/412.1625/627.1849/415.8599/No F-Track Level/No F-Track Level/685.34,54.55%/33/2.9 months (Across ALL Assets),70.5%/522/3.5 months (Across ALL Assets),No Information,No Information,No Information,No Information,No Information,No Information,No Information,No Information,No Information,No Information,"^GSPC, Tangent Case",2021-03-14 (Price: 381.42)
BASELINEDIVERGENCE,"BEL.NS, Long, 2026-02-08 (Price: 429.65)",No Exit Yet,"-4.96%, 4.1 months","80.87%, Past 10 years, 115","Weekly, was CONFIRMED on 2026-02-08",Already confirmed,"2026-06-10 (Price: 408.35), 4.96% below",4.1 months,432.0,No Information,No Information,No Information,No Information,62.01%/0.22%/18.48%,"36.52%, 45.62%",10.5 months/2.1 months/3.9 months,2027-05-10/2026-05-10/2026-07-27,34.32%,19.36%,14.96%,0.61,0.92,515.1933/509.0493/456.8119/433.5/456.8119/613.9011/No EMA 200 Target,389.45/61.7416/382.9941/287.8162/No F-Track Level/No F-Track Level/416.88,54.55%/33/2.9 months (Across ALL Assets),70.5%/522/3.5 months (Across ALL Assets),No Information,No Information,No Information,No Information,No Information,No Information,No Information,No Information,No Information,No Information,"^NSEI, Local Extrema Case",2026-02-01 (Price: 411.6)
BASELINEDIVERGENCE,"BEL.NS, Long, 2026-02-01 (Price: 449.0)",No Exit Yet,"-9.05%, 4.3 months","80.87%, Past 10 years, 115","Weekly, was CONFIRMED on 2026-02-01",Already confirmed,"2026-06-10 (Price: 408.35), 9.05% below",4.3 months,416.45,No Information,No Information,No Information,No Information,62.01%/0.22%/18.48%,"36.52%, 45.62%",10.5 months/2.1 months/3.9 months,2027-05-03/2026-05-03/2026-07-20,34.32%,19.36%,14.96%,0.61,0.92,538.3959/531.9752/456.8119/No Horizontal Resistance/456.8119/613.9011/No EMA 200 Target,389.45/61.7416/382.9941/287.8162/No F-Track Level/No F-Track Level/416.88,54.55%/33/2.9 months (Across ALL Assets),70.5%/522/3.5 months (Across ALL Assets),No Information,No Information,No Information,No Information,No Information,No Information,No Information,No Information,No Information,No Information,"^NSEI, Local Extrema Case",2026-01-18 (Price: 406.35)
BASELINEDIVERGENCE,"BEL.NS, Long, 2026-01-25 (Price: 410.7)",No Exit Yet,"-0.57%, 4.5 months","80.87%, Past 10 years, 115","Weekly, was CONFIRMED on 2026-01-25",Already confirmed,"2026-06-10 (Price: 408.35), 0.57% below",4.5 months,410.0,No Information,No Information,No Information,No Information,62.01%/0.22%/18.48%,"36.52%, 45.62%",10.5 months/2.1 months/3.9 months,2027-04-26/2026-04-26/2026-07-13,34.32%,19.36%,14.96%,0.61,0.92,492.4704/486.5974/456.8119/433.5/456.8119/613.9011/416.88,389.45/61.7416/382.9941/287.8162/No F-Track Level/No F-Track Level/No EMA 200 Stop Loss,54.55%/33/2.9 months (Across ALL Assets),70.5%/522/3.5 months (Across ALL Assets),No Information,No Information,No Information,No Information,No Information,No Information,No Information,No Information,No Information,No Information,"^NSEI, Local Extrema Case",2025-08-31 (Price: 361.2)
BASELINEDIVERGENCE,"HDFCBANK.NS, Long, 2025-12-14 (Price: 1001.5)",No Exit Yet,"-25.43%, 5.9 months","88.12%, Past 10 years, 101","Weekly, was CONFIRMED on 2025-12-14",Already confirmed,"2026-06-10 (Price: 746.85), 25.43% below",5.9 months,1000.0,No Information,No Information,No Information,No Information,32.47%/0.05%/7.01%,"17.33%, 37.24%",7 months/2.1 months/3.3 months,2026-10-14/2026-03-15/2026-05-06,21.24%,7.28%,13.96%,0.56,0.4,1120.4782/1071.7052/1098.0619/1009.6/1098.0619/1305.7899/No EMA 200 Target,945.05/640.9/962.8007/765.1075/No F-Track Level/No F-Track Level/909.01,54.55%/33/2.9 months (Across ALL Assets),70.5%/522/3.5 months (Across ALL Assets),No Information,No Information,No Information,No Information,No Information,No Information,No Information,No Information,No Information,No Information,"^NSEI, Normal Case",2025-12-07 (Price: 985.0)
BASELINEDIVERGENCE,"HDFCBANK.NS, Long, 2025-10-12 (Price: 980.9)",No Exit Yet,"-23.86%, 8 months","88.12%, Past 10 years, 101","Weekly, was CONFIRMED on 2025-10-12",Already confirmed,"2026-06-10 (Price: 746.85), 23.86% below",8 months,971.9,No Information,No Information,No Information,No Information,32.47%/0.05%/7.01%,"17.33%, 37.24%",7 months/2.1 months/3.3 months,2026-08-12/2026-01-11/2026-03-04,21.24%,7.28%,13.96%,0.56,0.4,1097.4309/1049.6611/1098.0619/1004.15/1098.0619/1305.7899/No EMA 200 Target,945.05/640.9/962.8007/765.1075/No F-Track Level/No F-Track Level/909.01,54.55%/33/2.9 months (Across ALL Assets),70.5%/522/3.5 months (Across ALL Assets),No Information,No Information,No Information,No Information,No Information,No Information,No Information,No Information,No Information,No Information,"^NSEI, Normal Case",2025-09-21 (Price: 961.2)
DELTADRIFT,"HDFCBANK.NS, Long, 2026-06-10 (Price: 746.85)",No Exit Yet,"0.0%, 0 days","83.33%, Past 15 years, 6","Weekly, will be confirmed as valid at the end of this week",Signal Cancelled if Price below 745.1815 or above 791.4191 prior to 2026-06-12,"2026-06-10 (Price: 746.85), 0.0% below",0 days,738.0,No Information,No Information,No Information,No Information,11.71%/4.83%/8.43%,"12.08%, 16.27%",2.3 months/7 days/1.4 month,2026-09-17/2026-06-20/2026-08-09,8.13%,9.43%,-1.3%,0.53,0.56,804.5815/809.8095/807.2/1009.6/1299.7536/1565.406/909.01,744.55/640.9/626.4465/404.7881/No stop loss/720.3897/No EMA 200 Stop Loss,82.76%/29/1.6 month (Across ALL Assets),86.61%/127/2.1 months (Across ALL Assets),No Information,No Information,No Information,No Information,No Information,No Information,No Information,No Information,No Information,No Information,No Information,No Information
DELTADRIFT,"IEI, Long, 2026-06-10 (Price: 116.85)",No Exit Yet,"0.0%, 0 days","75.0%, Past 15 years, 8","Weekly, will be confirmed as valid at the end of this week",Signal Cancelled if Price below 116.7084 or above 117.2396 prior to 2026-06-12,"2026-06-10 (Price: 116.85), 0.0% below",0 days,116.89,No Information,No Information,No Information,No Information,1.55%/0.43%/0.87%,"4.66%, 5.44%",3.5 months/7 days/1.5 month,2026-11-09/2026-06-20/2026-08-14,2.93%,0.05%,2.88%,-0.34,-1.21,No Target/117.8666/117.16/119.366/No Next Fib Ext/No Next Fib Ext/119.1,116.73/113.4857/No F-Stack Support/No F-Stack Support/No stop loss/No stop loss/No EMA 200 Stop Loss,82.76%/29/1.6 month (Across ALL Assets),86.61%/127/2.1 months (Across ALL Assets),No Information,No Information,No Information,No Information,No Information,No Information,No Information,No Information,No Information,No Information,No Information,No Information
TRENDPULSE,"^TNX, Long, 2026-06-10 (Price: 4.542)",No Exit Yet,"0.0%, 0 days","85.71%, Past 20 years, 14","Monthly, will be confirmed as valid at the end of this month",Signal Cancelled if Price < 4.457 prior to 2026-06-30,"2026-06-10 (Price: 4.542), 0.0% below",0 days,4.457,No Information,No Information,No Information,No Information,48.31%/4.17%/29.27%,"56.79%, 83.03%",1.4 year/4.1 months/6.5 months,2028-06-07/2026-12-03/2027-03-19,0.6%,-0.57%,1.17%,0.28,0.01,5.3786/5.8714/4.7/4.6918/18.6/21.2307/No EMA 200 Target,3.96/1.6875/3.9466/3.3776/No stop loss/No stop loss/4.21,93.94%/66/10.9 months (Across ALL Assets),72.82%/195/9.4 months (Across ALL Assets),"2, 2025-01-31 (Price: 4.809)",2026-06-10 (Price: 4.542),2026-06-03 (Price: 4.491),0/7/0 days,0.0% below/1.14% above/0.0% below,2025-01-31 (Price: 4.809)/2026-06-10 (Price: 4.044),No Information,No Information,No Information,No Information,No Information,No Information
TRENDPULSE,"PG, Long, 2026-06-10 (Price: 149.05)",No Exit Yet,"0.0%, 0 days","95.0%, Past 10 years, 20","Weekly, will be confirmed as valid at the end of this week",Signal Cancelled if Price < 145.79 prior to 2026-06-12,"2026-06-10 (Price: 149.05), 0.0% below",0 days,145.79,No Information,No Information,No Information,No Information,10.46%/1.7%/4.36%,"12.19%, 24.03%",1 year/28 days/4.2 months,2027-11-13/2026-07-20/2026-12-09,6.03%,3.67%,2.36%,0.38,0.13,157.1434/155.5486/159.97/179.4533/199.6071/210.6287/149.16,141.57/137.0167/124.1296/103.7096/No stop loss/144.4315/No EMA 200 Stop Loss,88.72%/133/4.6 months (Across ALL Assets),77.24%/369/4.1 months (Across ALL Assets),"2, 2026-03-01 (Price: 167.25)",2026-06-07 (Price: 146.54),2026-06-09 (Price: 148.67),3/1/0 days,1.71% above/0.26% above/0.0% below,2026-03-01 (Price: 167.25)/2026-06-10 (Price: 139.4437),No Information,No Information,No Information,No Information,No Information,No Information
TRENDPULSE,"MFT.NZ, Long, 2026-06-10 (Price: 65.5)",No Exit Yet,"0.0%, 0 days","93.33%, Past 20 years, 15","Monthly, will be confirmed as valid at the end of this month",Signal Cancelled if Price < 64.75 prior to 2026-06-30,"2026-06-10 (Price: 65.5), 0.0% below",0 days,64.75,No Information,No Information,No Information,No Information,64.29%/5.7%/20.48%,"24.41%, 40.93%",1.8 year/5 months/8.6 months,2029-01-03/2027-01-13/2027-06-18,9.01%,11.67%,-2.66%,0.45,0.67,98.5448/78.9144/86.07/85.45/101.7951/113.586/No EMA 200 Target,57.79/55.185/65.1894/42.5658/No stop loss/No stop loss/62.82,93.94%/66/10.9 months (Across ALL Assets),72.82%/195/9.4 months (Across ALL Assets),"6, 2021-09-30 (Price: 99.78)",2026-06-10 (Price: 65.5),2026-06-09 (Price: 65.0),0/1/0 days,0.0% below/0.77% above/0.0% below,2021-09-30 (Price: 99.78)/2026-06-10 (Price: 62.5959),No Information,No Information,No Information,No Information,No Information,No Information
TRENDPULSE,"MEL.NZ, Long, 2026-06-10 (Price: 5.88)",No Exit Yet,"0.0%, 0 days","88.89%, Past 20 years, 9","Monthly, will be confirmed as valid at the end of this month",Signal Cancelled if Price < 5.86 prior to 2026-06-30,"2026-06-10 (Price: 5.88), 0.0% below",0 days,5.86,No Information,No Information,No Information,No Information,24.71%/12.8%/20.43%,"24.88%, 41.24%",11.1 months/5 months/7.7 months,2027-10-05/2027-01-13/2027-05-10,7.04%,7.6%,-0.56%,0.43,0.44,7.1548/7.0813/6.49/6.825/No Next Fib Ext/No Next Fib Ext/No EMA 200 Target,5.53/4.3875/No F-Stack Support/No F-Stack Support/No stop loss/No stop loss/5.7,93.94%/66/10.9 months (Across ALL Assets),72.82%/195/9.4 months (Across ALL Assets),"0, 2024-07-31 (Price: 6.89)",2026-05-31 (Price: 5.87),2026-06-10 (Price: 5.88),10/0/0 days,0.17% above/0.0% below/0.0% below,2024-07-31 (Price: 6.89)/2026-06-10 (Price: 5.602),No Information,No Information,No Information,No Information,No Information,No Information
TRENDPULSE,"ATZ.TO, Long, 2026-06-10 (Price: 160.73)",No Exit Yet,"0.0%, 0 days","100.0%, Past 20 years, 4","Monthly, will be confirmed as valid at the end of this month",Signal Cancelled if Price < 157.1141 prior to 2026-06-30,"2026-06-10 (Price: 160.73), 0.0% below",0 days,153.49,No Information,No Information,No Information,No Information,43.48%/9.72%/18.16%,"0%, 27.64%",7.1 months/5 months/6.5 months,2027-04-14/2027-01-13/2027-03-19,19.36%,16.18%,3.18%,0.95,0.72,291.8535/189.9186/247.46/No Horizontal Resistance/179.9964/240.5577/No EMA 200 Target,21.57/31.98/153.3748/119.4832/130.7217/109.7609/114.25,93.94%/66/10.9 months (Across ALL Assets),72.82%/195/9.4 months (Across ALL Assets),"2, 2017-05-31 (Price: 16.18)",2026-06-10 (Price: 160.73),2026-06-02 (Price: 158.19),0/8/0 days,0.0% below/1.61% above/0.0% below,2017-05-31 (Price: 16.18)/2026-06-10 (Price: 156.3324),No Information,No Information,No Information,No Information,No Information,No Information
TRENDPULSE,"PPL.TO, Long, 2026-06-10 (Price: 68.23)",No Exit Yet,"0.0%, 0 days","100.0%, Past 20 years, 15","Monthly, will be confirmed as valid at the end of this month",Signal Cancelled if Price < 64.72 prior to 2026-06-30,"2026-06-10 (Price: 68.23), 0.0% below",0 days,64.72,No Information,No Information,No Information,No Information,20.68%/3.94%/10.3%,"-0.0%, 19.92%",2.5 years/5.1 months/11.3 months,2030-01-03/2027-01-17/2027-10-14,6.43%,5.15%,1.28%,1.04,0.26,77.2432/75.2577/82.38/No Horizontal Resistance/No Target/80.6453/No EMA 200 Target,51.13/37.9233/54.5176/No stop loss/64.1906/61.1735/57.44,93.94%/66/10.9 months (Across ALL Assets),72.82%/195/9.4 months (Across ALL Assets),"0, 2017-04-30 (Price: 44.65)",2026-04-30 (Price: 63.23),2026-06-01 (Price: 65.87),41/9/0 days,7.91% above/3.58% above/0.0% below,2017-04-30 (Price: 44.65)/2026-06-10 (Price: 60.324),No Information,No Information,No Information,No Information,No Information,No Information
TRENDPULSE,"EIF.TO, Long, 2026-06-10 (Price: 122.75)",No Exit Yet,"0.0%, 0 days","100.0%, Past 10 years, 30","Weekly, will be confirmed as valid at the end of this week",Signal Cancelled if Price < 122.077 prior to 2026-06-12,"2026-06-10 (Price: 122.75), 0.0% below",0 days,121.61,No Information,No Information,No Information,No Information,10.64%/2.68%/6.53%,"-0.0%, 42.92%",1.7 year/1.2 month/3.9 months,2028-11-12/2026-08-01/2026-11-26,6.52%,7.35%,-0.83%,1.96,0.38,130.5078/130.7656/180.43/No Horizontal Resistance/148.6704/161.2108/No EMA 200 Target,47.67/38.41/117.3251/108.4647/105.3778/93.3162/91.08,88.72%/133/4.6 months (Across ALL Assets),77.24%/369/4.1 months (Across ALL Assets),"2, 2016-02-28 (Price: 26.62)",2026-06-10 (Price: 122.75),2026-06-08 (Price: 122.9),0/2/0 days,0.0% below/0.12% below/0.0% below,2016-02-28 (Price: 26.62)/2026-06-10 (Price: 121.4697),No Information,No Information,No Information,No Information,No Information,No Information
FRACTAL TRACK,"WPM, Short, 2026-04-30 (Price: 126.46)",2026-06-10 (Price: 107.52),"14.98%, 1.4 month","90.0%, Past 20 years, 10","Monthly, was CONFIRMED on 2026-04-30",Already confirmed,"2026-06-10 (Price: 107.52), 14.98% below",1.4 month,134.63,Upmove Break Below,23.66% (Price: 133.3127),19.35% below,"2022-09-30 (Price: 28.62), 2026-03-31 (Price: 165.76)",15.12%/3.3%/7.86%,"17.6%, 15.12%",3.1 months/1 month/1.6 month,2026-09-11/2026-06-12/2026-07-08,6.28%,4.88%,1.4%,0.46,0.59,No Target/116.5202/44.18/38.3375/114.4872/101.6148/122.95,163.65/No Horizontal Resistance/208.744/224.283/No F-Track Level/No F-Track Level/No EMA 200 Stop Loss,87.5%/8/1.4 month (Across ALL Assets),68.0%/25/1.2 month (Across ALL Assets),No Information,No Information,No Information,No Information,No Information,No Information,No Information,No Information,No Information,No Information,No Information,No Information
DELTADRIFT,"CAD=X, Short, 2026-06-09 (Price: 1.3956)",No Exit Yet,"0.01%, 1 day","100.0%, Past 4 years, 6","Daily, was CONFIRMED on 2026-06-09",Already confirmed,"2026-06-10 (Price: 1.3954), 0.01% below",1 day,1.3958,No Information,No Information,No Information,No Information,0.9%/0.24%/0.48%,"0%, 2.05%",11 days/1 day/5 days,2026-06-24/2026-06-10/2026-06-16,4.27%,3.82%,0.45%,1.83,-0.34,1.3916/1.3889/1.39/1.2478/No F-Stack Support/No F-Stack Support/1.38,1.41/No Horizontal Resistance/No Next Fib Ext/No Next Fib Ext/No F-Track Level/No F-Track Level/No EMA 200 Stop Loss,79.41%/34/4 days (Across ALL Assets),62.71%/118/6 days (Across ALL Assets),No Information,No Information,No Information,No Information,No Information,No Information,No Information,No Information,No Information,No Information,No Information,No Information
DELTADRIFT,"^NDX, Short, 2026-06-03 (Price: 30571.2363)",2026-06-05 (Price: 28957.5996),"5.28%, 2 days","87.5%, Past 4 years, 8","Daily, was CONFIRMED on 2026-06-03",Already confirmed,"2026-06-10 (Price: 28508.0273), 6.75% below",7 days,30730.1055,No Information,No Information,No Information,No Information,1.44%/0.71%/1.02%,"3.69%, 1.75%",6 days/1 day/3 days,2026-06-11/2026-06-04/2026-06-07,4.15%,3.82%,0.33%,0.16,0.62,30406.1516/30259.4097/30332.78/10555.915/25147.3301/19645.118/25637.84,30660.6/No Horizontal Resistance/33730.7966/40371.9166/No F-Track Level/No F-Track Level/No EMA 200 Stop Loss,79.41%/34/4 days (Across ALL Assets),62.71%/118/6 days (Across ALL Assets),No Information,No Information,No Information,No Information,No Information,No Information,No Information,No Information,No Information,No Information,No Information,No Information
DELTADRIFT,"QQQ, Short, 2026-05-24 (Price: 717.54)",2026-06-10 (Price: 693.69),"3.32%, 17 days","83.33%, Past 15 years, 6","Weekly, was CONFIRMED on 2026-05-24",Already confirmed,"2026-06-10 (Price: 693.69), 3.32% below",17 days,711.54,No Information,No Information,No Information,No Information,10.63%/3.12%/5.09%,"5.78%, 10.63%",2.1 months/7 days/22 days,2026-08-23/2026-06-03/2026-06-24,7.8%,4.79%,3.01%,0.57,0.81,700.8931/681.0172/690.96/256.995/610.7303/563.3658/623.9,No Recent Maxima/No Horizontal Resistance/836.2536/910.0135/No F-Track Level/No F-Track Level/No EMA 200 Stop Loss,93.33%/15/25 days (Across ALL Assets),71.43%/35/29 days (Across ALL Assets),No Information,No Information,No Information,No Information,No Information,No Information,No Information,No Information,No Information,No Information,No Information,No Information
DELTADRIFT,"^NDX, Short, 2026-05-24 (Price: 29481.6426)",2026-06-10 (Price: 28508.0273),"3.3%, 17 days","80.0%, Past 15 years, 5","Weekly, was CONFIRMED on 2026-05-24",Already confirmed,"2026-06-10 (Price: 28508.0273), 3.3% below",17 days,29246.1973,No Information,No Information,No Information,No Information,4.6%/3.09%/3.68%,"5.77%, 7.1%",2.1 months/7 days/26 days,2026-08-23/2026-06-03/2026-06-30,5.62%,4.79%,0.83%,0.35,0.81,29413.8348/28396.7182/28905.28/10555.915/25025.4383/22796.2371/25637.84,No Recent Maxima/No Horizontal Resistance/33965.62/36701.6323/No F-Track Level/No F-Track Level/No EMA 200 Stop Loss,93.33%/15/25 days (Across ALL Assets),71.43%/35/29 days (Across ALL Assets),No Information,No Information,No Information,No Information,No Information,No Information,No Information,No Information,No Information,No Information,No Information,No Information
OSCILLATOR DELTA,"AAPL, Short, 2026-06-10 (Price: 291.58)",No Exit Yet,"-0.0%, 0 days","92.86%, Past 6 years, 14","Daily, is Confirmed on 2026-06-10",No Cancellation Possible,"2026-06-10 (Price: 291.58), 0.0% below",0 days,290.765,No Information,No Information,No Information,No Information,6.73%/2.05%/3.06%,"11.39%, 11.2%",2.6 months/1 day/15 days,2026-09-30/2026-06-11/2026-07-01,8.47%,4.02%,4.45%,0.46,0.88,276.8261/282.6577/279.74/136.32/275.1059/248.4166/266.22,No Recent Maxima/No Horizontal Resistance/321.9834/353.2685/No stop loss/No stop loss/No EMA 200 Stop Loss,100.0%/17/17 days (Across ALL Assets),72.5%/80/1.4 month (Across ALL Assets),No Information,No Information,No Information,No Information,No Information,No Information,2026-05-22 (Price: 311.4)/2026-05-27 (Price: 313.26),14 days/1 day/3 days,No Information,No Information,No Information,No Information
OSCILLATOR DELTA,"ARM, Short, 2026-06-05 (Price: 342.93)",2026-06-09 (Price: 324.86),"5.27%, 4 days","100.0%, Past 2 years, 4","Daily, is Confirmed on 2026-06-05",No Cancellation Possible,"2026-06-10 (Price: 307.43), 10.35% below",5 days,369.75,No Information,No Information,No Information,No Information,5.76%/2.2%/3.92%,"0.0%, 10.51%",12 days/3 days/7 days,2026-06-22/2026-06-09/2026-06-15,15.68%,3.67%,12.01%,2.04,1.35,294.4054/329.4871/311.95/165.49/283.5626/208.7526/160.04,No Recent Maxima/No Horizontal Resistance/404.6052/600.4577/No F-Track Level/No F-Track Level/No EMA 200 Stop Loss,100.0%/17/17 days (Across ALL Assets),72.5%/80/1.4 month (Across ALL Assets),No Information,No Information,No Information,No Information,No Information,No Information,2026-05-26 (Price: 324.9999)/2026-06-02 (Price: 427.99),14 days/5 days/8 days,No Information,No Information,No Information,No Information
PULSEGAUGE,"EURUSD=X, Short, 2026-06-04 (Price: 1.1616)",2026-06-08 (Price: 1.1523),"0.8%, 4 days","87.5%, Past 25 years, 24","Weekly, was CONFIRMED on 2026-06-04",No Cancellation Possible,"2026-06-10 (Price: 1.1538), 0.67% below",6 days,1.1637,No Information,No Information,No Information,No Information,3.24%/1.4%/1.72%,"3.19%, 3.48%",5.4 months/1 day/24 days,2027-01-24/2026-06-05/2026-07-08,4.76%,4.88%,-0.12%,0.51,-0.88,1.1535/1.1416/No Target/1.0256/No F-Stack Support/No F-Stack Support/No EMA 200 Target,1.2/1.1849/1.6296/1.7649/No F-Track Level/No F-Track Level/1.17,80.0%/5/9 days (Across ALL Assets),72.22%/18/10 days (Across ALL Assets),No Information,No Information,No Information,No Information,No Information,No Information,No Information,No Information,No Information,-0.73%,No Information,No Information
PULSEGAUGE,"GNE.NZ, Short, 2026-06-04 (Price: 2.61)",2026-06-09 (Price: 2.53),"3.07%, 5 days","81.82%, Past 12 years, 22","Weekly, was CONFIRMED on 2026-06-04",No Cancellation Possible,"2026-06-10 (Price: 2.55), 2.3% below",6 days,2.52,No Information,No Information,No Information,No Information,5.43%/2.9%/3.71%,"8.01%, 9.11%",4.7 months/1 day/28 days,2026-12-25/2026-06-05/2026-07-14,6.37%,4.79%,1.58%,0.32,-0.32,2.5677/2.5132/No Target/2.0875/No F-Stack Support/No F-Stack Support/2.39,2.76/2.9175/No Next Fib Ext/No Next Fib Ext/No F-Track Level/No F-Track Level/No EMA 200 Stop Loss,80.0%/5/9 days (Across ALL Assets),72.22%/18/10 days (Across ALL Assets),No Information,No Information,No Information,No Information,No Information,No Information,No Information,No Information,No Information,-0.73%,No Information,No Information
PULSEGAUGE,"ORCL, Short, 2026-06-04 (Price: 236.34)",2026-06-05 (Price: 213.68),"9.59%, 1 day","86.67%, Past 25 years, 30","Weekly, was CONFIRMED on 2026-06-04",No Cancellation Possible,"2026-06-10 (Price: 201.26), 14.84% below",6 days,230.5,No Information,No Information,No Information,No Information,8.31%/4.41%/5.69%,"15.25%, 11.18%",1.8 month/1 day/14 days,2026-08-21/2026-06-05/2026-06-24,7.49%,4.88%,2.61%,0.46,-0.08,227.8318/222.8923/No Target/82.7925/233.7381/208.7793/206.35,308.66/No Horizontal Resistance/300.069/370.6658/No F-Track Level/No F-Track Level/No EMA 200 Stop Loss,80.0%/5/9 days (Across ALL Assets),72.22%/18/10 days (Across ALL Assets),No Information,No Information,No Information,No Information,No Information,No Information,No Information,No Information,No Information,-0.73%,No Information,No Information
FRACTAL TRACK,"EURUSD=X, Short, 2026-06-10 (Price: 1.1538)",No Exit Yet,"-0.0%, 0 days","100.0%, Past 26 years, 6","Monthly, will be confirmed as valid at the end of this month",Signal Cancelled if Price > 1.2024 prior to 2026-06-30,"2026-06-10 (Price: 1.1538), 0.0% below",0 days,1.1637,Upmove Break Below,88.6% (Price: 1.1095),3.99% above,"2024-09-30 (Price: 1.1003), 2025-01-31 (Price: 1.0534)",6.79%/0.12%/3.92%,"0%, 6.95%",4.1 months/29 days/2.4 months,2026-12-03/2026-07-22/2026-09-22,5.31%,4.88%,0.43%,1.33,-0.5,1.1205/1.1086/1.13/1.0256/No F-Stack Support/No F-Stack Support/No EMA 200 Target,1.2/1.1849/1.7416/2.0466/1.1589/No stop loss/1.17,87.5%/8/1.4 month (Across ALL Assets),68.0%/25/1.2 month (Across ALL Assets),No Information,No Information,No Information,No Information,No Information,No Information,No Information,No Information,No Information,No Information,No Information,No Information
