Function,"Symbol, Signal, Signal Date/Price[$]",Exit Signal Date/Price[$],Current Mark to Market and Holding Period,"Win Rate [%], History Tested, Number of Trades","Interval, Confirmation Status",Cancellation Level/Date,"Today Trading Date/Price[$], Today price vs Signal",Trading Days between Signal and Today Date,Signal Open Price,Signal Type,Track Level/Price($),Price on Latest Trading day vs Track Level,"Reference Upmove or Downmove start Date/Price($), end Date/Price($)",Backtested Returns(Win Trades) [%] (Max/Min/Avg),Backtested Returns (Lose Trades) [%] (Max/Min/Avg),"Backtested Max Loss [%], Backtested Worst Single MTM during Hold Period [%]",Backtested Holding Period(Win Trades) (days) (Max/Min/Avg),Backtested Holding Period (All Trades) (days) (Max/Min/Avg),Target Exit Date(Win Trades) (Max/Min/Avg),Backtested Strategy CAGR [%],CAGR of Buy and Hold [%],CAGR difference (Strategy - Buy and Hold) [%],Backtested Strategy Sharpe Ratio,Sharpe Ratio of Buy and Hold,Targets (Historic Rise or Fall to Pivot/Avg % Gain of Historic Winning trades/Function Specific Target/Horizontal/F-Stack 1/F-Stack 2/EMA 200) [$],Stop Loss (Recent Extrema/Horizontal/F-Stack 1/F-Stack 2/F-Track 1/F-Track 2/EMA 200) [$],Latest Past 6 Months Performance[%]/No. of Analysed Trades/Avg Holding Period (days) (Across ALL Assets),Forward Testing Win Rate[%]/No. of Analysed Trades/Avg Holding Period (days) (Across ALL Assets),"Level, Trendpulse start Date/Price($)",Trendpulse Breakout Date/Price($),Earliest Unconfirmed Signal Date/Price($),Time from Latest Trading day to Trendpulse Breakout day/Earliest Unconfirmed Signal day/Confirmed Signal day,% Change in Price on Latest Trading day vs Price on Trendpulse Breakout day/Earliest Unconfirmed Signal day/Confirmed Signal day,TrendPulse Start/End (Date and Price($)),Divergence Start/End (Date and Price [$]),Divergence Duration (days) (Max/Min/Avg),"Sigmashell, Success Rate of Past Analysis [%]",Spread,"Divergence observed with, Signal Type","Divergence Start (Date, Price)",window_remaining_pct,tier,exit_fired,alpha_interpretation,er_annualized,signal_alpha_annualized,composite_score,timeliness_score,er,signal_alpha_per_trade,rr_static,fwd_wr,cagr_diff,direction,symbol,asset_class,avg_hold_days,days_elapsed
FRACTAL TRACK,"BTC-USD, Long, 2026-06-21 (Price: 63237.5391)",No Exit Yet,"1.6%, 2 days","85.71%, Past 11 years, 7","Weekly, was CONFIRMED on 2026-06-21",Already confirmed,"2026-06-23 (Price: 64246.4102), 1.6% above",2 days,65710.0938,Upmove Bounce Back,88.6% (Price: 57907.9971),10.95% above,"2024-08-11 (Price: 49121.2383), 2025-10-12 (Price: 126198.0703)",23.7%/15.62%/20.0%,-5.43%/-5.43%/-5.43%,"5.43%, 65.2%",2 years/14 days/6.6 months,2 years/0 days/4 months,2029-04-28/2026-07-11/2027-04-03,15.82%,35.1%,-19.28%,0.85,1.3,No Target/75885.0469/109483.64/124582.2656/128961.5315/139224.439/77963.41,61579.05/18304.4229/57447.2152/51395.9501/No F-Track Level/No F-Track Level/No EMA 200 Stop Loss,89.09%/55/1.4 year (Across ALL Assets),61.63%/172/7.4 months (Across ALL Assets),No Information,No Information,No Information,No Information,No Information,No Information,No Information,No Information,No Information,No Information,No Information,No Information,98.33,ok,True,neutral,,,2.18,87,16.3661,-0.3482,4.82,,-19.28,,,crypto,,
FRACTAL TRACK,"XLU, Long, 2026-06-21 (Price: 44.76)",No Exit Yet,"0.69%, 2 days","100.0%, Past 20 years, 23","Weekly, was CONFIRMED on 2026-06-21",Already confirmed,"2026-06-23 (Price: 45.07), 0.69% above",2 days,44.48,Upmove Bounce Back,38.2% (Price: 43.1052),4.56% above,"2025-04-13 (Price: 35.51), 2026-03-01 (Price: 47.8)",18.94%/4.73%/14.11%,N/A,"-0.0%, 43.89%",6.8 years/4.2 months/1.5 year,6.8 years/0 days/1.4 year,2036-03-05/2026-12-20/2028-08-11,9.74%,3.63%,6.11%,1.27,0.14,45.9551/51.0756/52.13/47.3425/49.4858/65.2454/No EMA 200 Target,43.87/29.8725/43.7042/35.4254/No F-Track Level/No F-Track Level/44.58,89.09%/55/1.4 year (Across ALL Assets),61.63%/172/7.4 months (Across ALL Assets),No Information,No Information,No Information,No Information,No Information,No Information,No Information,No Information,No Information,No Information,No Information,No Information,99.6,ok,True,pass,,,18.35,87,14.11,6.8644,12.98,,6.11,,,equity_etf,,
FRACTAL TRACK,"XLF, Long, 2026-06-21 (Price: 53.57)",No Exit Yet,"0.58%, 2 days","100.0%, Past 20 years, 19","Weekly, was CONFIRMED on 2026-06-21",Already confirmed,"2026-06-23 (Price: 53.88), 0.58% above",2 days,53.76,Upmove Bounce Back,23.66% (Price: 50.1484),7.44% above,"2022-10-16 (Price: 29.59), 2026-01-11 (Price: 56.52)",18.9%/6.5%/15.52%,N/A,"-0.0%, 39.33%",2.9 years/2.1 months/1.1 year,2.9 years/0 days/1 year,2030-08-11/2026-09-20/2028-01-15,11.04%,2.52%,8.52%,2.08,0.11,58.7984/61.8841/69.73/No Horizontal Resistance/70.6138/110.4396/No EMA 200 Target,47.81/30.1167/45.9996/No stop loss/No F-Track Level/No F-Track Level/52.55,89.09%/55/1.4 year (Across ALL Assets),61.63%/172/7.4 months (Across ALL Assets),No Information,No Information,No Information,No Information,No Information,No Information,No Information,No Information,No Information,No Information,No Information,No Information,99.44,best,True,pass,,,24.42,87,15.52,11.92,6.29,,8.52,,,equity_etf,,
FRACTAL TRACK,"BTI, Long, 2026-06-21 (Price: 58.91)",No Exit Yet,"3.11%, 2 days","92.31%, Past 20 years, 13","Weekly, was CONFIRMED on 2026-06-21",Already confirmed,"2026-06-23 (Price: 60.74), 3.11% above",2 days,62.13,Upmove Bounce Back,23.66% (Price: 58.0608),4.61% above,"2024-04-21 (Price: 28.25), 2026-05-17 (Price: 67.3)",18.23%/0.47%/14.35%,-9.4%/-9.4%/-9.4%,"9.4%, 36.12%",3.2 years/3.3 months/1.4 year,3.2 years/0 days/11.6 months,2031-01-14/2026-11-11/2028-06-18,7.54%,2.99%,4.55%,0.67,0.12,63.935/67.3636/82.34/59.135/82.226/92.0468/No EMA 200 Target,56.68/28.5067/52.4418/49.3734/No F-Track Level/No F-Track Level/57.6,89.09%/55/1.4 year (Across ALL Assets),61.63%/172/7.4 months (Across ALL Assets),No Information,No Information,No Information,No Information,No Information,No Information,No Information,No Information,No Information,No Information,No Information,No Information,99.43,best,True,pass,,,24.67,87,12.5236,8.3946,2.78,,4.55,,,equity,,
FRACTAL TRACK,"RHHBY, Long, 2026-06-21 (Price: 49.74)",No Exit Yet,"1.21%, 2 days","100.0%, Past 20 years, 15","Weekly, was CONFIRMED on 2026-06-21",Already confirmed,"2026-06-23 (Price: 50.34), 1.21% above",2 days,51.43,Upmove Bounce Back,38.2% (Price: 48.7597),3.24% above,"2024-05-05 (Price: 29.2), 2026-03-01 (Price: 60.85)",20.21%/3.05%/15.15%,N/A,"0%, 43.58%",5.7 years/2.8 months/2.8 years,5.7 years/2.8 months/2.8 years,2034-08-10/2026-10-20/2030-06-18,5.8%,3.11%,2.69%,0.51,0.12,56.3902/57.2756/68.73/52.46/65.2057/86.6196/49.77,47.39/34.5167/41.5794/31.0544/No F-Track Level/No F-Track Level/No EMA 200 Stop Loss,89.09%/55/1.4 year (Across ALL Assets),61.63%/172/7.4 months (Across ALL Assets),No Information,No Information,No Information,No Information,No Information,No Information,No Information,No Information,No Information,No Information,No Information,No Information,99.8,ok,True,pass,,,11.59,87,15.15,2.7223,2.59,,2.69,,,equity,,
FRACTAL TRACK,"FPH.NZ, Long, 2026-06-07 (Price: 37.18)",No Exit Yet,"1.16%, 16 days","100.0%, Past 20 years, 11","Weekly, was CONFIRMED on 2026-06-07",Already confirmed,"2026-06-23 (Price: 37.61), 1.16% above",16 days,37.0,Upmove Bounce Back,23.66% (Price: 32.0448),17.37% above,"2012-08-12 (Price: 1.86), 2026-03-08 (Price: 41.4)",19.89%/3.48%/13.28%,N/A,"-0.0%, 49.02%",5.3 years/3.3 months/1.9 year,5.3 years/0 days/1.5 year,2033-12-30/2026-10-28/2029-02-21,6.14%,7.94%,-1.8%,0.5,0.42,38.3809/42.1175/60.9/40.93/40.9296/48.5677/37.57,32.85/22.5167/30.9793/26.1935/No F-Track Level/No F-Track Level/No EMA 200 Stop Loss,89.09%/55/1.4 year (Across ALL Assets),61.63%/172/7.4 months (Across ALL Assets),No Information,No Information,No Information,No Information,No Information,No Information,No Information,No Information,No Information,No Information,No Information,No Information,97.04,ok,True,neutral,,,3.06,0,13.28,-3.7343,1.05,,-1.8,,,equity,,
FRACTAL TRACK,"NFLX, Long, 2026-05-31 (Price: 86.02)",No Exit Yet,"-15.35%, 23 days","100.0%, Past 20 years, 14","Weekly, was CONFIRMED on 2026-05-31",Already confirmed,"2026-06-23 (Price: 72.82), 15.35% below",23 days,88.4,Upmove Bounce Back,38.2% (Price: 85.9372),15.26% below,"2016-02-14 (Price: 7.995), 2025-07-06 (Price: 134.115)",29.59%/15.11%/20.82%,N/A,"-0.0%, 70.87%",2.7 years/21 days/9.4 months,2.7 years/0 days/8.1 months,2030-04-07/2026-06-30/2027-07-13,12.87%,20.33%,-7.46%,1.71,0.85,104.3853/103.9294/161.69/107.7/139.352/152.4292/97.83,76.87/34.8663/77.567/72.1834/No F-Track Level/No F-Track Level/No EMA 200 Stop Loss,89.09%/55/1.4 year (Across ALL Assets),61.63%/172/7.4 months (Across ALL Assets),No Information,No Information,No Information,No Information,No Information,No Information,No Information,No Information,No Information,No Information,No Information,No Information,90.53,ok,True,pass,,,15.97,0,20.82,1.2161,23.82,,-7.46,,,equity,,
FRACTAL TRACK,"RELIANCE.NS, Long, 2026-04-26 (Price: 1327.8)",No Exit Yet,"-1.38%, 1.9 month","92.31%, Past 20 years, 26","Weekly, was CONFIRMED on 2026-04-26",Already confirmed,"2026-06-23 (Price: 1309.5), 1.38% below",1.9 month,1363.2,Upmove Bounce Back,61.8% (Price: 1304.6849),0.37% above,"2025-04-13 (Price: 1114.85), 2026-01-11 (Price: 1611.8)",22.17%/4.72%/16.12%,-0.8%/-1.69%/-1.24%,"1.69%, 33.1%",2.6 years/14 days/7.4 months,2.6 years/0 days/5.8 months,2030-01-10/2026-05-16/2027-03-13,15.14%,8.68%,6.46%,1.43,0.44,1403.6174/1541.8414/1625.97/1610.3/1879.7264/2065.5547/1421.62,1200.1/1024.7604/1288.3015/1032.6763/No F-Track Level/No F-Track Level/No EMA 200 Stop Loss,89.09%/55/1.4 year (Across ALL Assets),61.63%/172/7.4 months (Across ALL Assets),No Information,No Information,No Information,No Information,No Information,No Information,No Information,No Information,No Information,No Information,No Information,No Information,99.43,tA,True,pass,,,42.2,93,14.785,8.7917,9.96,,6.46,,,equity,,
FRACTAL TRACK,"NVDA, Long, 2026-04-19 (Price: 201.68)",2026-06-23 (Price: 200.04),"-0.81%, 2.2 months","100.0%, Past 20 years, 10","Weekly, was CONFIRMED on 2026-04-19",Already confirmed,"2026-06-23 (Price: 200.04), 0.81% below",2.2 months,186.03,Upmove Bounce Back,38.2% (Price: 164.2223),21.81% above,"2025-04-13 (Price: 86.62), 2025-11-02 (Price: 212.19)",23.94%/15.21%/19.58%,N/A,"-0.0%, 43.1%",3.7 years/21 days/1 year,3.7 years/0 days/10.9 months,2031-07-31/2026-05-19/2027-09-22,12.26%,25.02%,-12.76%,1.84,1.04,235.7236/241.1689/277.02/No Horizontal Resistance/239.8943/283.6698/No EMA 200 Target,167.52/13.9695/176.5924/152.8996/No F-Track Level/No F-Track Level/190.23,89.09%/55/1.4 year (Across ALL Assets),61.63%/172/7.4 months (Across ALL Assets),No Information,No Information,No Information,No Information,No Information,No Information,No Information,No Information,No Information,No Information,No Information,No Information,99.39,ok,True,warn,,,4.55,87,19.58,-12.8864,3.99,,-12.76,,,equity,,
FRACTAL TRACK,"MSFT, Long, 2026-04-19 (Price: 422.79)",No Exit Yet,"-11.55%, 2.2 months","100.0%, Past 20 years, 16","Weekly, was CONFIRMED on 2026-04-19",Already confirmed,"2026-06-23 (Price: 373.94), 11.55% below",2.2 months,373.61,Upmove Bounce Back,38.2% (Price: 361.6194),3.41% above,"2016-07-03 (Price: 48.04), 2025-08-03 (Price: 555.45)",19.95%/6.95%/15.48%,N/A,"-0.0%, 28.45%",1.5 year/1.4 month/9.3 months,1.5 year/0 days/7.6 months,2028-06-09/2026-06-18/2027-05-28,11.25%,10.25%,1.0%,1.63,0.56,449.8486/488.2379/727.24/554.585/553.3726/615.9924/449.99,356.77/216.39/386.873/350.287/No F-Track Level/No F-Track Level/No EMA 200 Stop Loss,89.09%/55/1.4 year (Across ALL Assets),61.63%/172/7.4 months (Across ALL Assets),No Information,No Information,No Information,No Information,No Information,No Information,No Information,No Information,No Information,No Information,No Information,No Information,99.12,best,True,pass,,,27.5,87,15.48,6.2062,3.37,,1.0,,,equity,,
FRACTAL TRACK,"GBPUSD=X, Long, 2026-04-19 (Price: 1.3526)",No Exit Yet,"-2.39%, 2.2 months","100.0%, Past 20 years, 13","Weekly, was CONFIRMED on 2026-04-19",Already confirmed,"2026-06-23 (Price: 1.3203), 2.39% below",2.2 months,1.339,Upmove Bounce Back,50% (Price: 1.343),1.69% below,"2025-11-09 (Price: 1.3012), 2026-02-01 (Price: 1.3847)",11.31%/1.1%/4.86%,N/A,"-0.0%, 8.98%",2.9 years/7.9 months/1.8 year,2.9 years/0 days/4.9 months,2030-06-09/2027-03-28/2028-11-12,3.4%,-1.16%,4.56%,-0.12,-0.6,No Target/1.4183/1.4/1.364/2.4421/3.2078/No EMA 200 Target,1.32/1.1912/No F-Stack Support/No F-Stack Support/No F-Track Level/No F-Track Level/1.34,89.09%/55/1.4 year (Across ALL Assets),61.63%/172/7.4 months (Across ALL Assets),No Information,No Information,No Information,No Information,No Information,No Information,No Information,No Information,No Information,No Information,No Information,No Information,98.64,best,True,pass,,,24.61,87,4.86,5.5367,213.89,,4.56,,,currency,,
FRACTAL TRACK,"KWEB, Long, 2026-04-19 (Price: 30.45)",No Exit Yet,"-19.57%, 2.2 months","100.0%, Past 12 years, 9","Weekly, was CONFIRMED on 2026-04-19",Already confirmed,"2026-06-23 (Price: 24.49), 19.57% below",2.2 months,28.35,Upmove Bounce Back,78.6% (Price: 27.1066),9.65% below,"2024-01-28 (Price: 22.68), 2025-10-05 (Price: 43.365)",30.12%/15.07%/18.79%,N/A,"-0.0%, 42.44%",2.3 years/1.6 month/9.6 months,2.3 years/0 days/6.4 months,2029-07-29/2026-06-27/2027-06-10,12.25%,-0.22%,12.47%,1.18,0.04,No Target/36.1716/42.86/54.865/112.1402/127.8094/33.97,27.91/24.5062/No F-Stack Support/No F-Stack Support/No F-Track Level/No F-Track Level/No EMA 200 Stop Loss,89.09%/55/1.4 year (Across ALL Assets),61.63%/172/7.4 months (Across ALL Assets),No Information,No Information,No Information,No Information,No Information,No Information,No Information,No Information,No Information,No Information,No Information,No Information,98.96,tA,True,pass,,,42.82,87,18.79,18.9576,,,12.47,,,equity_etf,,
FRACTAL TRACK,"AIA.NZ, Long, 2026-04-19 (Price: 8.18)",No Exit Yet,"2.2%, 2.2 months","93.75%, Past 20 years, 16","Weekly, was CONFIRMED on 2026-04-19",Already confirmed,"2026-06-23 (Price: 8.36), 2.2% above",2.2 months,8.25,Upmove Bounce Back,78.6% (Price: 7.7534),7.82% above,"2025-07-20 (Price: 7.365), 2026-03-01 (Price: 9.18)",20.53%/2.63%/14.41%,-4.23%/-4.23%/-4.23%,"4.23%, 18.81%",2.3 years/2.1 months/1.1 year,2.3 years/0 days/8.5 months,2029-07-29/2026-07-19/2027-11-13,8.91%,4.53%,4.38%,0.79,0.21,8.5596/9.3587/9.27/8.953/11.1706/12.8535/8.21,7.97/7.0/7.3934/6.6643/No F-Track Level/No F-Track Level/No EMA 200 Stop Loss,89.09%/55/1.4 year (Across ALL Assets),61.63%/172/7.4 months (Across ALL Assets),No Information,No Information,No Information,No Information,No Information,No Information,No Information,No Information,No Information,No Information,No Information,No Information,99.22,best,True,pass,,,30.52,87,13.245,8.6611,3.09,,4.38,,,equity,,
FRACTAL TRACK,"FRW.NZ, Long, 2026-04-19 (Price: 12.25)",No Exit Yet,"7.27%, 2.2 months","100.0%, Past 20 years, 14","Weekly, was CONFIRMED on 2026-04-19",Already confirmed,"2026-06-23 (Price: 13.14), 7.27% above",2.2 months,12.92,Upmove Bounce Back,23.66% (Price: 12.0583),8.97% above,"2003-10-19 (Price: 1.76), 2026-02-15 (Price: 15.25)",20.66%/2.33%/13.82%,N/A,"0%, 39.81%",3.7 years/3.7 months/1.1 year,3.7 years/3.7 months/1.1 year,2031-07-31/2026-09-26/2027-11-13,9.27%,4.55%,4.72%,1.81,0.21,12.4938/13.9429/20.34/14.94/16.2179/21.849/13.55,10.0/7.405/11.0078/7.8689/No F-Track Level/No F-Track Level/No EMA 200 Stop Loss,89.09%/55/1.4 year (Across ALL Assets),61.63%/172/7.4 months (Across ALL Assets),No Information,No Information,No Information,No Information,No Information,No Information,No Information,No Information,No Information,No Information,No Information,No Information,99.49,best,True,pass,,,26.83,87,13.82,6.67,0.85,,4.72,,,equity,,
FRACTAL TRACK,"BDL.NS, Long, 2026-04-19 (Price: 1380.7)",No Exit Yet,"0.72%, 2.2 months","100.0%, Past 8 years, 7","Weekly, was CONFIRMED on 2026-04-19",Already confirmed,"2026-06-23 (Price: 1390.6), 0.72% above",2.2 months,1316.0,Upmove Bounce Back,61.8% (Price: 1079.0012),28.88% above,"2023-10-29 (Price: 450.0), 2025-06-01 (Price: 2096.6001)",25.67%/15.76%/18.46%,N/A,"-0.0%, 41.95%",5.8 months/1.4 month/3.7 months,5.8 months/0 days/2.1 months,2026-12-27/2026-06-18/2026-09-26,14.74%,17.99%,-3.25%,1.01,0.77,1522.3598/1635.5772/2368.66/1627.1/2336.9032/2616.0038/1403.02,1136.9/184.5375/1355.4768/1101.1152/No F-Track Level/No F-Track Level/No EMA 200 Stop Loss,89.09%/55/1.4 year (Across ALL Assets),61.63%/172/7.4 months (Across ALL Assets),No Information,No Information,No Information,No Information,No Information,No Information,No Information,No Information,No Information,No Information,No Information,No Information,96.83,tA,True,pass,,,66.5,87,18.46,13.9625,7.31,,-3.25,,,equity,,
FRACTAL TRACK,"BRK-B, Long, 2026-04-12 (Price: 479.9)",No Exit Yet,"2.69%, 2.4 months","95.65%, Past 20 years, 23","Weekly, was CONFIRMED on 2026-04-12",Already confirmed,"2026-06-23 (Price: 492.81), 2.69% above",2.4 months,475.66,Upmove Bounce Back,61.8% (Price: 478.7441),2.94% above,"2025-08-10 (Price: 455.19), 2025-11-30 (Price: 516.85)",19.45%/0.58%/14.32%,-0.28%/-0.28%/-0.28%,"0.28%, 26.48%",2.7 years/2.3 months/8.9 months,2.7 years/0 days/7.4 months,2030-02-17/2026-07-20/2027-05-03,11.09%,7.56%,3.53%,1.52,0.42,518.6279/548.6217/516.9/512.2133/630.85/709.9376/490.11,468.49/268.082/449.7662/405.99/No F-Track Level/No F-Track Level/No EMA 200 Stop Loss,89.09%/55/1.4 year (Across ALL Assets),61.63%/172/7.4 months (Across ALL Assets),No Information,No Information,No Information,No Information,No Information,No Information,No Information,No Information,No Information,No Information,No Information,No Information,99.1,best,True,pass,,,31.92,87,13.6849,7.0249,2.9,,3.53,,,equity,,
FRACTAL TRACK,"FPH.NZ, Long, 2026-04-12 (Price: 38.54)",No Exit Yet,"-2.41%, 2.4 months","100.0%, Past 20 years, 11","Weekly, was CONFIRMED on 2026-04-12",Already confirmed,"2026-06-23 (Price: 37.61), 2.41% below",2.4 months,37.3,Upmove Bounce Back,23.66% (Price: 35.8683),4.86% above,"2022-10-16 (Price: 18.02), 2026-03-08 (Price: 41.4)",19.89%/3.48%/13.28%,N/A,"-0.0%, 49.02%",5.3 years/3.3 months/1.9 year,5.3 years/0 days/1.5 year,2033-11-04/2026-09-02/2028-12-27,6.14%,7.94%,-1.8%,0.5,0.42,39.7848/43.6581/52.57/40.93/40.9296/48.5677/No EMA 200 Target,36.41/22.5167/30.9793/26.1935/No F-Track Level/No F-Track Level/37.57,89.09%/55/1.4 year (Across ALL Assets),61.63%/172/7.4 months (Across ALL Assets),No Information,No Information,No Information,No Information,No Information,No Information,No Information,No Information,No Information,No Information,No Information,No Information,99.63,ok,True,neutral,,,3.06,87,13.28,-3.7343,124.87,,-1.8,,,equity,,
FRACTAL TRACK,"0700.HK, Long, 2026-03-22 (Price: 508.0)",No Exit Yet,"-18.35%, 3.1 months","88.89%, Past 20 years, 18","Weekly, was CONFIRMED on 2026-03-22",Already confirmed,"2026-06-23 (Price: 414.8), 18.35% below",3.1 months,551.0,Upmove Bounce Back,38.2% (Price: 494.1491),16.06% below,"2022-10-30 (Price: 188.626), 2025-10-05 (Price: 683.0)",25.14%/2.38%/16.57%,-2.9%/-12.68%/-7.79%,"12.68%, 67.27%",4.5 years/7 days/1.1 year,4.5 years/0 days/10.9 months,2032-08-23/2026-04-01/2027-10-16,9.29%,19.02%,-9.73%,0.85,0.89,579.9328/592.1756/804.62/590.994/707.5571/895.8211/564.14,496.6/282.3421/447.5198/286.808/No F-Track Level/No F-Track Level/No EMA 200 Stop Loss,89.09%/55/1.4 year (Across ALL Assets),61.63%/172/7.4 months (Across ALL Assets),No Information,No Information,No Information,No Information,No Information,No Information,No Information,No Information,No Information,No Information,No Information,No Information,99.08,ok,True,warn,,,1.25,80,13.8636,-10.8171,0.54,,-9.73,,,equity,,
FRACTAL TRACK,"MSFT, Long, 2026-03-15 (Price: 395.55)",No Exit Yet,"-5.46%, 3.3 months","100.0%, Past 20 years, 16","Weekly, was CONFIRMED on 2026-03-15",Already confirmed,"2026-06-23 (Price: 373.94), 5.46% below",3.3 months,404.92,Upmove Bounce Back,38.2% (Price: 379.1608),1.38% below,"2018-12-30 (Price: 93.96), 2025-08-03 (Price: 555.45)",19.95%/6.95%/15.48%,N/A,"-0.0%, 28.45%",1.5 year/1.4 month/9.3 months,1.5 year/0 days/7.6 months,2028-05-05/2026-05-14/2027-04-23,11.25%,10.25%,1.0%,1.63,0.56,420.8652/456.7811/672.44/554.585/553.3726/615.9924/449.99,392.74/216.39/386.873/350.287/No F-Track Level/No F-Track Level/No EMA 200 Stop Loss,89.09%/55/1.4 year (Across ALL Assets),61.63%/172/7.4 months (Across ALL Assets),No Information,No Information,No Information,No Information,No Information,No Information,No Information,No Information,No Information,No Information,No Information,No Information,98.68,best,True,pass,,,27.5,80,15.48,6.2062,2.45,,1.0,,,equity,,
FRACTAL TRACK,"NFLX, Long, 2026-03-15 (Price: 95.31)",No Exit Yet,"-23.6%, 3.3 months","100.0%, Past 20 years, 14","Weekly, was CONFIRMED on 2026-03-15",Already confirmed,"2026-06-23 (Price: 72.82), 23.6% below",3.3 months,97.7,Upmove Bounce Back,50% (Price: 75.193),3.16% below,"2022-05-15 (Price: 16.271), 2025-07-06 (Price: 134.115)",29.59%/15.11%/20.82%,N/A,"-0.0%, 70.87%",2.7 years/21 days/9.4 months,2.7 years/0 days/8.1 months,2030-01-20/2026-04-14/2027-04-27,12.87%,20.33%,-7.46%,1.71,0.85,115.6587/115.1535/166.02/No Horizontal Resistance/139.352/152.4292/97.83,76.87/34.8663/86.4764/77.567/No F-Track Level/No F-Track Level/No EMA 200 Stop Loss,89.09%/55/1.4 year (Across ALL Assets),61.63%/172/7.4 months (Across ALL Assets),No Information,No Information,No Information,No Information,No Information,No Information,No Information,No Information,No Information,No Information,No Information,No Information,98.77,ok,True,pass,,,15.97,80,20.82,1.2161,0.4,,-7.46,,,equity,,
FRACTAL TRACK,"CEN.NZ, Long, 2026-03-08 (Price: 9.4)",2026-06-14 (Price: 9.55),"1.6%, 3.3 months","80.0%, Past 20 years, 15","Weekly, was CONFIRMED on 2026-03-08",Already confirmed,"2026-06-23 (Price: 9.5), 1.06% above",3.6 months,9.25,Upmove Bounce Back,38.2% (Price: 9.1207),4.16% above,"2024-09-29 (Price: 7.86), 2025-11-30 (Price: 9.9)",20.53%/1.6%/14.58%,-2.09%/-6.36%/-4.31%,"6.36%, 45.18%",11.3 years/3.3 months/3.4 years,11.3 years/2.1 months/2.8 years,2042-04-25/2026-07-29/2031-01-13,3.23%,1.53%,1.7%,0.04,0.01,9.9612/10.7705/10.62/9.85/11.2606/15.4512/No EMA 200 Target,9.25/6.86/8.6706/No stop loss/No F-Track Level/No F-Track Level/9.38,89.09%/55/1.4 year (Across ALL Assets),61.63%/172/7.4 months (Across ALL Assets),No Information,No Information,No Information,No Information,No Information,No Information,No Information,No Information,No Information,No Information,No Information,No Information,99.7,ok,True,pass,,,2.75,80,10.802,4.6881,11.54,,1.7,,,equity,,
FRACTAL TRACK,"KWEB, Long, 2026-01-18 (Price: 35.71)",No Exit Yet,"-31.42%, 5.2 months","100.0%, Past 12 years, 9","Weekly, was CONFIRMED on 2026-01-18",Already confirmed,"2026-06-23 (Price: 24.49), 31.42% below",5.2 months,36.765,Upmove Bounce Back,38.2% (Price: 33.3776),26.63% below,"2022-10-30 (Price: 17.22), 2025-10-05 (Price: 43.365)",30.12%/15.07%/18.79%,N/A,"-0.0%, 42.44%",2.3 years/1.6 month/9.6 months,2.3 years/0 days/6.4 months,2029-04-29/2026-03-28/2027-03-11,12.25%,-0.22%,12.47%,1.18,0.04,No Target/42.4199/51.4/54.865/112.1402/127.8094/No EMA 200 Target,34.83/24.5062/No F-Stack Support/No F-Stack Support/No F-Track Level/No F-Track Level/33.97,89.09%/55/1.4 year (Across ALL Assets),61.63%/172/7.4 months (Across ALL Assets),No Information,No Information,No Information,No Information,No Information,No Information,No Information,No Information,No Information,No Information,No Information,No Information,97.4,tA,True,pass,,,42.82,67,18.79,18.9576,,,12.47,,,equity_etf,,
FRACTAL TRACK,"BDL.NS, Long, 2026-01-04 (Price: 1495.0)",No Exit Yet,"-6.98%, 5.7 months","100.0%, Past 8 years, 7","Weekly, was CONFIRMED on 2026-01-04",Already confirmed,"2026-06-23 (Price: 1390.6), 6.98% below",5.7 months,1498.0,Upmove Bounce Back,38.2% (Price: 1323.4512),5.07% above,"2020-03-29 (Price: 72.65), 2025-06-01 (Price: 2096.6001)",25.67%/15.76%/18.46%,N/A,"-0.0%, 41.95%",5.8 months/1.4 month/3.7 months,5.8 months/0 days/2.1 months,2026-09-13/2026-03-05/2026-06-13,14.74%,17.99%,-3.25%,1.01,0.77,1648.387/1770.977/2709.37/1643.7/2355.3598/2625.1645/No EMA 200 Target,1373.1/184.5375/1479.6462/1355.4768/No F-Track Level/No F-Track Level/1403.02,89.09%/55/1.4 year (Across ALL Assets),61.63%/172/7.4 months (Across ALL Assets),No Information,No Information,No Information,No Information,No Information,No Information,No Information,No Information,No Information,No Information,No Information,No Information,92.06,tA,True,pass,,,66.5,67,18.46,13.9625,14.67,,-3.25,,,equity,,
FRACTAL TRACK,"VEEV, Long, 2026-01-04 (Price: 219.49)",No Exit Yet,"-27.24%, 5.7 months","100.0%, Past 12 years, 10","Weekly, was CONFIRMED on 2026-01-04",Already confirmed,"2026-06-23 (Price: 159.71), 27.24% below",5.7 months,224.65,Upmove Bounce Back,88.6% (Price: 213.9614),25.36% below,"2025-04-13 (Price: 201.54), 2025-10-12 (Price: 310.5)",29.51%/0.44%/18.96%,N/A,"-0.0%, 33.84%",3.3 years/2.3 months/1.2 year,3.3 years/0 days/11.1 months,2030-09-20/2026-04-13/2027-09-21,12.75%,7.07%,5.68%,1.15,0.37,241.856/261.1053/284.87/294.205/433.1041/466.8823/No EMA 200 Target,213.68/151.53/192.8014/128.0996/No F-Track Level/No F-Track Level/216.98,89.09%/55/1.4 year (Across ALL Assets),61.63%/172/7.4 months (Across ALL Assets),No Information,No Information,No Information,No Information,No Information,No Information,No Information,No Information,No Information,No Information,No Information,No Information,98.5,best,True,pass,,,33.52,67,18.96,9.6175,3.7,,5.68,,,equity,,
FRACTAL TRACK,"TRI.TO, Long, 2025-12-28 (Price: 181.76)",No Exit Yet,"-36.82%, 5.9 months","92.31%, Past 20 years, 13","Weekly, was CONFIRMED on 2025-12-28",Already confirmed,"2026-06-23 (Price: 114.84), 36.82% below",5.9 months,182.27,Upmove Bounce Back,88.6% (Price: 178.5402),35.68% below,"2023-10-29 (Price: 163.01), 2025-07-20 (Price: 299.24)",17.45%/1.4%/11.27%,-1.51%/-1.51%/-1.51%,"1.51%, 22.04%",1.5 year/1.6 month/5.6 months,1.6 year/0 days/5.7 months,2028-02-18/2026-03-07/2026-08-28,8.85%,4.0%,4.85%,0.91,0.18,213.0772/202.2444/263.5/240.8933/293.2329/455.2123/No EMA 200 Target,179.89/116.89/131.2534/93.0152/No F-Track Level/No F-Track Level/161.24,89.09%/55/1.4 year (Across ALL Assets),61.63%/172/7.4 months (Across ALL Assets),No Information,No Information,No Information,No Information,No Information,No Information,No Information,No Information,No Information,No Information,No Information,No Information,97.08,best,True,pass,,,36.03,67,10.2872,7.5729,0.59,,4.85,,,equity,,
FRACTAL TRACK,"BTC-USD, Long, 2025-12-07 (Price: 90405.6406)",No Exit Yet,"-28.94%, 6.6 months","85.71%, Past 11 years, 7","Weekly, was CONFIRMED on 2025-12-07",Already confirmed,"2026-06-23 (Price: 64246.4102), 28.94% below",6.6 months,90389.1094,Upmove Bounce Back,38.2% (Price: 79559.2742),19.25% below,"2020-03-15 (Price: 4106.981), 2025-10-12 (Price: 126198.0703)",23.7%/15.62%/20.0%,-5.43%/-5.43%/-5.43%,"5.43%, 65.2%",2 years/14 days/6.6 months,2 years/0 days/4 months,2028-10-14/2025-12-27/2026-09-19,15.82%,35.1%,-19.28%,0.85,1.3,No Target/108486.7687/163660.29/124582.2656/128919.9935/139224.439/No EMA 200 Target,86805.01/18304.4229/89236.7557/81023.3741/No F-Track Level/No F-Track Level/77963.41,89.09%/55/1.4 year (Across ALL Assets),61.63%/172/7.4 months (Across ALL Assets),No Information,No Information,No Information,No Information,No Information,No Information,No Information,No Information,No Information,No Information,No Information,No Information,95.0,ok,True,neutral,,,2.18,60,16.3661,-0.3482,0.28,,-19.28,,,crypto,,
FRACTAL TRACK,"CRM, Long, 2025-12-07 (Price: 260.57)",No Exit Yet,"-41.12%, 6.6 months","96.15%, Past 20 years, 26","Weekly, was CONFIRMED on 2025-12-07",Already confirmed,"2026-06-23 (Price: 153.42), 41.12% below",6.6 months,228.67,Upmove Bounce Back,61.8% (Price: 219.0361),29.96% below,"2022-12-25 (Price: 126.34), 2024-12-08 (Price: 369.0)",19.75%/6.06%/15.5%,-5.25%/-5.25%/-5.25%,"5.25%, 41.38%",1.4 year/2.3 months/6.4 months,1.4 year/0 days/5.1 months,2027-12-05/2026-03-16/2026-09-11,15.52%,11.55%,3.97%,1.41,0.55,No Target/300.9583/406.17/368.045/354.7868/402.2468/No EMA 200 Target,227.11/156.1/253.2538/209.3181/No F-Track Level/No F-Track Level/215.39,89.09%/55/1.4 year (Across ALL Assets),61.63%/172/7.4 months (Across ALL Assets),No Information,No Information,No Information,No Information,No Information,No Information,No Information,No Information,No Information,No Information,No Information,No Information,96.08,tA,True,pass,,,42.35,60,14.7011,7.6886,,,3.97,,,equity,,
FRACTAL TRACK,"GBPUSD=X, Long, 2025-11-23 (Price: 1.3085)",No Exit Yet,"0.9%, 7.1 months","100.0%, Past 20 years, 13","Weekly, was CONFIRMED on 2025-11-23",Already confirmed,"2026-06-23 (Price: 1.3203), 0.9% above",7.1 months,1.3157,Upmove Bounce Back,38.2% (Price: 1.3144),0.45% above,"2025-01-19 (Price: 1.2101), 2025-07-06 (Price: 1.3789)",11.31%/1.1%/4.86%,N/A,"-0.0%, 8.98%",2.9 years/7.9 months/1.8 year,2.9 years/0 days/4.9 months,2030-01-13/2026-11-01/2028-06-18,3.4%,-1.16%,4.56%,-0.12,-0.6,No Target/1.3721/1.41/1.4232/2.4421/3.2078/1.34,1.22/1.1912/No F-Stack Support/No F-Stack Support/No F-Track Level/No F-Track Level/No EMA 200 Stop Loss,89.09%/55/1.4 year (Across ALL Assets),61.63%/172/7.4 months (Across ALL Assets),No Information,No Information,No Information,No Information,No Information,No Information,No Information,No Information,No Information,No Information,No Information,No Information,95.24,best,True,pass,,,24.61,53,4.86,5.5367,0.64,,4.56,,,currency,,
FRACTAL TRACK,"CNU.NZ, Long, 2025-11-02 (Price: 9.36)",No Exit Yet,"6.52%, 7.8 months","100.0%, Past 14 years, 14","Weekly, was CONFIRMED on 2025-11-02",Already confirmed,"2026-06-23 (Price: 9.97), 6.52% above",7.8 months,9.2,Upmove Bounce Back,38.2% (Price: 9.046),10.21% above,"2025-03-23 (Price: 7.535), 2025-09-07 (Price: 9.98)",29.62%/5.27%/16.15%,N/A,"-0.0%, 30.0%",5.6 years/2.1 months/1.5 year,5.6 years/0 days/1.2 year,2033-10-29/2026-02-01/2027-12-24,11.48%,5.29%,6.19%,0.97,0.26,9.9693/10.8716/10.83/No Horizontal Resistance/10.0225/12.705/9.5,9.2/6.0983/9.3249/7.51/No F-Track Level/No F-Track Level/No EMA 200 Stop Loss,89.09%/55/1.4 year (Across ALL Assets),61.63%/172/7.4 months (Across ALL Assets),No Information,No Information,No Information,No Information,No Information,No Information,No Information,No Information,No Information,No Information,No Information,No Information,98.38,best,True,pass,,,27.83,53,16.15,7.0814,2.5,,6.19,,,equity,,
FRACTAL TRACK,"TRI.TO, Long, 2025-10-26 (Price: 227.55)",No Exit Yet,"-49.53%, 8 months","92.31%, Past 20 years, 13","Weekly, was CONFIRMED on 2025-10-26",Already confirmed,"2026-06-23 (Price: 114.84), 49.53% below",8 months,222.85,Upmove Bounce Back,38.2% (Price: 205.33),44.07% below,"2018-05-13 (Price: 53.4023), 2025-07-20 (Price: 299.24)",17.45%/1.4%/11.27%,-1.51%/-1.51%/-1.51%,"1.51%, 22.04%",1.5 year/1.6 month/5.6 months,1.6 year/0 days/5.7 months,2027-12-17/2026-01-03/2026-06-26,8.85%,4.0%,4.85%,0.91,0.18,266.7569/253.1949/375.05/240.8933/293.2329/316.3836/No EMA 200 Target,212.03/116.89/193.124/131.2534/No F-Track Level/No F-Track Level/161.24,89.09%/55/1.4 year (Across ALL Assets),61.63%/172/7.4 months (Across ALL Assets),No Information,No Information,No Information,No Information,No Information,No Information,No Information,No Information,No Information,No Information,No Information,No Information,95.32,best,True,pass,,,36.03,47,10.2872,7.5729,,,4.85,,,equity,,
FRACTAL TRACK,"BYDDY, Long, 2025-10-26 (Price: 13.37)",No Exit Yet,"-28.2%, 8 months","94.74%, Past 16 years, 19","Weekly, was CONFIRMED on 2025-10-26",Already confirmed,"2026-06-23 (Price: 9.6), 28.2% below",8 months,13.5,Upmove Bounce Back,38.2% (Price: 12.8378),25.22% below,"2015-08-30 (Price: 1.17), 2025-05-25 (Price: 20.05)",25.49%/15.19%/19.68%,-18.72%/-18.72%/-18.72%,"18.72%, 52.39%",2.6 years/1.2 month/9.4 months,2.6 years/0 days/6.5 months,2029-07-12/2025-12-17/2026-12-08,15.76%,5.5%,10.26%,0.95,0.34,16.9077/16.0012/24.7/13.9472/17.0759/19.2153/No EMA 200 Target,13.12/7.1075/12.4728/9.6555/No F-Track Level/No F-Track Level/12.71,89.09%/55/1.4 year (Across ALL Assets),61.63%/172/7.4 months (Across ALL Assets),No Information,No Information,No Information,No Information,No Information,No Information,No Information,No Information,No Information,No Information,No Information,No Information,95.9,best,True,pass,,,45.88,47,17.6602,13.4042,0.76,,10.26,,,equity,,
FRACTAL TRACK,"CRM, Long, 2025-10-19 (Price: 243.08)",No Exit Yet,"-36.88%, 8.2 months","96.15%, Past 20 years, 26","Weekly, was CONFIRMED on 2025-10-19",Already confirmed,"2026-06-23 (Price: 153.42), 36.88% below",8.2 months,242.89,Upmove Bounce Back,38.2% (Price: 237.0276),35.27% below,"2011-12-25 (Price: 23.5225), 2024-12-08 (Price: 369.0)",19.75%/6.06%/15.5%,-5.25%/-5.25%/-5.25%,"5.25%, 41.38%",1.4 year/2.3 months/6.4 months,1.4 year/0 days/5.1 months,2027-10-17/2026-01-26/2026-07-24,15.52%,11.55%,3.97%,1.41,0.55,No Target/280.7574/450.37/368.045/354.7868/400.2507/No EMA 200 Target,240.36/156.1/209.3181/186.7031/No F-Track Level/No F-Track Level/215.39,89.09%/55/1.4 year (Across ALL Assets),61.63%/172/7.4 months (Across ALL Assets),No Information,No Information,No Information,No Information,No Information,No Information,No Information,No Information,No Information,No Information,No Information,No Information,94.77,tA,True,pass,,,42.35,47,14.7011,7.6886,,,3.97,,,equity,,
FRACTAL TRACK,"BYDDY, Long, 2025-09-21 (Price: 14.53)",No Exit Yet,"-33.93%, 9.2 months","94.74%, Past 16 years, 19","Weekly, was CONFIRMED on 2025-09-21",Already confirmed,"2026-06-23 (Price: 9.6), 33.93% below",9.2 months,13.89,Upmove Bounce Back,50% (Price: 12.9234),25.72% below,"2021-05-16 (Price: 5.7967), 2025-05-25 (Price: 20.05)",25.49%/15.19%/19.68%,-18.72%/-18.72%/-18.72%,"18.72%, 52.39%",2.6 years/1.2 month/9.4 months,2.6 years/0 days/6.5 months,2029-06-07/2025-11-12/2026-11-03,15.76%,5.5%,10.26%,0.95,0.34,18.3746/17.3895/23.08/No Horizontal Resistance/17.0759/19.2153/No EMA 200 Target,13.34/7.1075/12.4728/9.6555/No F-Track Level/No F-Track Level/12.71,89.09%/55/1.4 year (Across ALL Assets),61.63%/172/7.4 months (Across ALL Assets),No Information,No Information,No Information,No Information,No Information,No Information,No Information,No Information,No Information,No Information,No Information,No Information,95.38,best,True,pass,,,45.88,40,17.6602,13.4042,0.76,,10.26,,,equity,,
FRACTAL TRACK,"BDL.NS, Long, 2025-09-14 (Price: 1566.5)",No Exit Yet,"-11.23%, 9.4 months","100.0%, Past 8 years, 7","Weekly, was CONFIRMED on 2025-09-14",Already confirmed,"2026-06-23 (Price: 1390.6), 11.23% below",9.4 months,1451.0,Upmove Bounce Back,38.2% (Price: 1446.0159),3.83% below,"2023-02-19 (Price: 393.5), 2025-06-01 (Price: 2096.6001)",25.67%/15.76%/18.46%,N/A,"-0.0%, 41.95%",5.8 months/1.4 month/3.7 months,5.8 months/0 days/2.1 months,2026-05-24/2025-11-13/2026-02-21,14.74%,17.99%,-3.25%,1.01,0.77,1727.2229/1855.6759/2588.36/No Horizontal Resistance/2355.3598/2625.1645/No EMA 200 Target,1435.7/184.5375/1479.6462/1355.4768/No F-Track Level/No F-Track Level/1403.02,89.09%/55/1.4 year (Across ALL Assets),61.63%/172/7.4 months (Across ALL Assets),No Information,No Information,No Information,No Information,No Information,No Information,No Information,No Information,No Information,No Information,No Information,No Information,85.71,tA,True,pass,,,66.5,40,18.46,13.9625,7.31,,-3.25,,,equity,,
FRACTAL TRACK,"BYDDY, Long, 2025-08-17 (Price: 14.39)",No Exit Yet,"-33.29%, 10.3 months","94.74%, Past 16 years, 19","Weekly, was CONFIRMED on 2025-08-17",Already confirmed,"2026-06-23 (Price: 9.6), 33.29% below",10.3 months,14.15,Upmove Bounce Back,50% (Price: 13.66),29.72% below,"2024-02-11 (Price: 7.27), 2025-05-25 (Price: 20.05)",25.49%/15.19%/19.68%,-18.72%/-18.72%/-18.72%,"18.72%, 52.39%",2.6 years/1.2 month/9.4 months,2.6 years/0 days/6.5 months,2029-05-03/2025-10-08/2026-09-29,15.76%,5.5%,10.26%,0.95,0.34,18.1976/17.222/22.06/No Horizontal Resistance/17.0759/19.2153/No EMA 200 Target,14.23/7.1075/12.4728/9.6555/No F-Track Level/No F-Track Level/12.71,89.09%/55/1.4 year (Across ALL Assets),61.63%/172/7.4 months (Across ALL Assets),No Information,No Information,No Information,No Information,No Information,No Information,No Information,No Information,No Information,No Information,No Information,No Information,94.87,best,True,pass,,,45.88,33,17.6602,13.4042,0.76,,10.26,,,equity,,
FRACTAL TRACK,"MFT.NZ, Long, 2025-07-27 (Price: 66.56)",No Exit Yet,"-9.71%, 11 months","91.67%, Past 20 years, 12","Weekly, was CONFIRMED on 2025-07-27",Already confirmed,"2026-06-23 (Price: 60.1), 9.71% below",11 months,67.9,Upmove Bounce Back,38.2% (Price: 64.7026),7.11% below,"2025-05-04 (Price: 55.0), 2025-06-08 (Price: 70.7)",17.16%/8.35%/14.13%,-0.53%/-0.53%/-0.53%,"0.53%, 54.04%",2.4 years/2.6 months/11.6 months,2.4 years/0 days/6.1 months,2028-12-29/2025-11-16/2026-12-13,7.08%,8.75%,-1.67%,0.84,0.48,70.8465/75.9649/75.98/85.45/105.252/119.9356/No EMA 200 Target,64.01/55.185/54.7158/45.8971/No F-Track Level/No F-Track Level/62.95,89.09%/55/1.4 year (Across ALL Assets),61.63%/172/7.4 months (Across ALL Assets),No Information,No Information,No Information,No Information,No Information,No Information,No Information,No Information,No Information,No Information,No Information,No Information,93.99,best,True,pass,,,23.1,27,12.9088,6.5546,1.73,,-1.67,,,equity,,
FRACTAL TRACK,"CRM, Long, 2025-06-15 (Price: 258.4)",No Exit Yet,"-40.63%, 1 year","96.15%, Past 20 years, 26","Weekly, was CONFIRMED on 2025-06-15",Already confirmed,"2026-06-23 (Price: 153.42), 40.63% below",1 year,272.85,Upmove Bounce Back,38.2% (Price: 253.4183),39.46% below,"2016-12-04 (Price: 66.43), 2024-12-08 (Price: 369.0)",19.75%/6.06%/15.5%,-5.25%/-5.25%/-5.25%,"5.25%, 41.38%",1.4 year/2.3 months/6.4 months,1.4 year/0 days/5.1 months,2027-06-13/2025-09-22/2026-03-20,15.52%,11.55%,3.97%,1.41,0.55,No Target/298.452/439.94/368.045/354.7868/398.5273/No EMA 200 Target,240.76/156.1/253.2538/209.3181/No F-Track Level/No F-Track Level/215.39,89.09%/55/1.4 year (Across ALL Assets),61.63%/172/7.4 months (Across ALL Assets),No Information,No Information,No Information,No Information,No Information,No Information,No Information,No Information,No Information,No Information,No Information,No Information,99.35,tA,True,pass,,,42.35,93,14.7011,7.6886,,,3.97,,,equity,,
FRACTAL TRACK,"JD, Long, 2025-05-11 (Price: 33.86)",No Exit Yet,"-22.86%, 1.1 year","100.0%, Past 12 years, 5","Weekly, was CONFIRMED on 2025-05-11",Already confirmed,"2026-06-23 (Price: 26.12), 22.86% below",1.1 year,34.025,Upmove Bounce Back,61.8% (Price: 31.134),16.1% below,"2024-01-28 (Price: 20.82), 2024-10-13 (Price: 47.82)",19.17%/17.03%/18.05%,N/A,"-0.0%, 7.4%",2.6 months/21 days/1.5 month,2.6 months/0 days/26 days,2025-08-31/2025-06-10/2025-07-15,9.08%,1.84%,7.24%,1.09,0.2,No Target/39.9717/50.06/92.73/103.1027/108.0778/No EMA 200 Target,32.53/24.07/No F-Stack Support/No F-Stack Support/No F-Track Level/No F-Track Level/30.2,89.09%/55/1.4 year (Across ALL Assets),61.63%/172/7.4 months (Across ALL Assets),No Information,No Information,No Information,No Information,No Information,No Information,No Information,No Information,No Information,No Information,No Information,No Information,96.15,tA,True,pass,,,83.0,93,18.05,17.8602,2.3,,7.24,,,equity,,
FRACTAL TRACK,"CRM, Long, 2025-04-27 (Price: 267.85)",No Exit Yet,"-42.72%, 1.2 year","96.15%, Past 20 years, 26","Weekly, was CONFIRMED on 2025-04-27",Already confirmed,"2026-06-23 (Price: 153.42), 42.72% below",1.2 year,240.43,Upmove Bounce Back,38.2% (Price: 230.0303),33.3% below,"2008-11-23 (Price: 5.205), 2024-12-08 (Price: 369.0)",19.75%/6.06%/15.5%,-5.25%/-5.25%/-5.25%,"5.25%, 41.38%",1.4 year/2.3 months/6.4 months,1.4 year/0 days/5.1 months,2027-04-25/2025-08-04/2026-01-30,15.52%,11.55%,3.97%,1.41,0.55,No Target/309.3668/486.13/368.045/354.7868/398.5273/No EMA 200 Target,240.76/156.1/253.2538/209.3181/No F-Track Level/No F-Track Level/215.39,89.09%/55/1.4 year (Across ALL Assets),61.63%/172/7.4 months (Across ALL Assets),No Information,No Information,No Information,No Information,No Information,No Information,No Information,No Information,No Information,No Information,No Information,No Information,99.35,tA,True,pass,,,42.35,93,14.7011,7.6886,,,3.97,,,equity,,
FRACTAL TRACK,"^TNX, Long, 2025-03-23 (Price: 4.252)",No Exit Yet,"5.67%, 1.3 year","100.0%, Past 20 years, 11","Weekly, was CONFIRMED on 2025-03-23",Already confirmed,"2026-06-23 (Price: 4.493), 5.67% above",1.3 year,4.279,Upmove Bounce Back,50% (Price: 4.206),6.82% above,"2024-09-22 (Price: 3.603), 2025-01-19 (Price: 4.809)",18.26%/15.03%/16.2%,N/A,"-0.0%, 86.5%",15.4 years/3.3 months/4.7 years,15.4 years/0 days/3.4 years,2047-03-18/2025-08-13/2031-12-07,2.31%,-0.5%,2.81%,-0.11,0.07,4.2877/4.9408/4.98/4.773/17.4008/18.8284/No EMA 200 Target,4.23/1.6875/No F-Stack Support/No F-Stack Support/No F-Track Level/No F-Track Level/4.21,89.09%/55/1.4 year (Across ALL Assets),61.63%/172/7.4 months (Across ALL Assets),No Information,No Information,No Information,No Information,No Information,No Information,No Information,No Information,No Information,No Information,No Information,No Information,99.92,ok,True,pass,,,1.87,93,16.2,18.6286,2.77,,2.81,,,index,,
DELTADRIFT,"ZM, Long, 2026-06-23 (Price: 86.445)",No Exit Yet,"0.0%, 0 days","73.33%, Past 4 years, 15","Daily, is CONFIRMED on 2026-06-23",Already confirmed,"2026-06-23 (Price: 86.445), 0.0% below",0 days,84.3,No Information,No Information,No Information,No Information,8.26%/3.32%/5.43%,-12.99%/-20.11%/-15.67%,"20.11%, 21.62%",24 days/1 day/8 days,1.2 month/1 day/12 days,2026-07-27/2026-06-24/2026-07-04,0.93%,-18.57%,19.5%,-0.03,-0.5,91.4156/91.139/91.28/96.845/No Next Fib Ext/No Next Fib Ext/87.24,84.34/55.345/80.6919/No stop loss/No stop loss/No stop loss/No EMA 200 Stop Loss,79.59%/196/16 days (Across ALL Assets),75.96%/570/16 days (Across ALL Assets),No Information,No Information,No Information,No Information,No Information,No Information,No Information,No Information,No Information,No Information,No Information,No Information,100.0,ok,True,neutral,,,13.61,100,-0.1974,0.6869,2.23,,19.5,,,equity,,
DELTADRIFT,"XLE, Long, 2026-06-22 (Price: 54.06)",No Exit Yet,"0.74%, 1 day","100.0%, Past 4 years, 13","Daily, was CONFIRMED on 2026-06-22",Already confirmed,"2026-06-23 (Price: 54.46), 0.74% above",1 day,53.53,No Information,No Information,No Information,No Information,4.81%/1.81%/3.0%,N/A,"0%, 11.71%",2.2 months/1 day/20 days,2.2 months/1 day/20 days,2026-09-25/2026-06-23/2026-07-20,13.97%,10.0%,3.97%,3.32,0.54,57.6712/55.6818/56.68/No Horizontal Resistance/63.4977/77.4405/No EMA 200 Target,53.77/37.6833/53.7738/37.4998/No F-Track Level/No F-Track Level/51.01,79.59%/196/16 days (Across ALL Assets),75.96%/570/16 days (Across ALL Assets),No Information,No Information,No Information,No Information,No Information,No Information,No Information,No Information,No Information,No Information,No Information,No Information,95.0,tA,True,pass,,,61.62,80,3.0,2.2063,2.38,,3.97,,,equity,,
DELTADRIFT,"IMO.TO, Long, 2026-06-22 (Price: 161.61)",No Exit Yet,"0.88%, 1 day","84.62%, Past 4 years, 13","Daily, was CONFIRMED on 2026-06-22",Already confirmed,"2026-06-23 (Price: 163.04), 0.88% above",1 day,159.13,No Information,No Information,No Information,No Information,6.75%/2.89%/4.81%,-8.07%/-9.11%/-8.59%,"9.11%, 9.29%",21 days/2 days/12 days,21 days/2 days/11 days,2026-07-22/2026-06-24/2026-07-09,10.84%,21.26%,-10.42%,0.51,1.11,182.0698/169.3834/175.73/No Horizontal Resistance/191.1726/226.9244/No EMA 200 Target,158.2/60.8067/143.048/130.9032/No F-Track Level/No F-Track Level/149.04,79.59%/196/16 days (Across ALL Assets),75.96%/570/16 days (Across ALL Assets),No Information,No Information,No Information,No Information,No Information,No Information,No Information,No Information,No Information,No Information,No Information,No Information,90.91,tA,True,pass,,,55.98,80,2.7491,1.8211,1.62,,-10.42,,,equity,,
DELTADRIFT,"CNQ.TO, Long, 2026-06-19 (Price: 58.66)",No Exit Yet,"-0.77%, 4 days","91.67%, Past 4 years, 12","Daily, was CONFIRMED on 2026-06-19",Already confirmed,"2026-06-23 (Price: 58.21), 0.77% below",4 days,57.83,No Information,No Information,No Information,No Information,7.62%/2.28%/3.92%,-8.41%/-8.41%/-8.41%,"8.41%, 14.98%",2.1 months/2 days/13 days,3.1 months/0 days/19 days,2026-09-18/2026-06-21/2026-07-07,11.02%,14.73%,-3.71%,0.58,0.76,66.7903/60.9595/63.87/No Horizontal Resistance/68.6522/72.1856/No EMA 200 Target,57.95/34.9317/48.4386/46.0303/No F-Track Level/No F-Track Level/53.84,79.59%/196/16 days (Across ALL Assets),75.96%/570/16 days (Across ALL Assets),No Information,No Information,No Information,No Information,No Information,No Information,No Information,No Information,No Information,No Information,No Information,No Information,78.95,tA,True,pass,,,40.14,20,2.8929,1.7823,8.78,,-3.71,,,equity,,
DELTADRIFT,"DBC, Long, 2026-06-18 (Price: 27.63)",No Exit Yet,"-1.85%, 5 days","76.92%, Past 4 years, 13","Daily, was CONFIRMED on 2026-06-18",Already confirmed,"2026-06-23 (Price: 27.12), 1.85% below",5 days,27.53,No Information,No Information,No Information,No Information,3.39%/1.26%/2.45%,-5.13%/-9.86%/-7.03%,"9.86%, 10.73%",1.2 month/1 day/14 days,1.5 month/0 days/16 days,2026-08-09/2026-06-19/2026-07-08,3.2%,5.47%,-2.27%,-0.02,0.28,29.0695/28.3069/28.69/28.58/61.3269/86.3141/No EMA 200 Target,23.59/20.84/22.4363/No stop loss/No F-Track Level/No F-Track Level/25.5,79.59%/196/16 days (Across ALL Assets),75.96%/570/16 days (Across ALL Assets),No Information,No Information,No Information,No Information,No Information,No Information,No Information,No Information,No Information,No Information,No Information,No Information,68.75,watch,True,neutral,,,-4.21,0,0.262,-0.0853,0.41,,-2.27,,,commodity_etf,,
DELTADRIFT,"USO, Long, 2026-06-18 (Price: 114.87)",No Exit Yet,"-3.14%, 5 days","90.91%, Past 4 years, 11","Daily, was CONFIRMED on 2026-06-18",Already confirmed,"2026-06-23 (Price: 111.26), 3.14% below",5 days,112.47,No Information,No Information,No Information,No Information,7.29%/2.64%/4.33%,-14.67%/-14.67%/-14.67%,"14.67%, 16.99%",3.6 months/2 days/25 days,3.6 months/0 days/28 days,2026-11-21/2026-06-20/2026-07-24,8.19%,12.53%,-4.34%,0.32,0.61,124.5306/119.8439/122.19/No Horizontal Resistance/No Next Fib Ext/No Next Fib Ext/No EMA 200 Target,114.23/58.7667/No F-Stack Support/No F-Stack Support/No F-Track Level/No F-Track Level/94.25,79.59%/196/16 days (Across ALL Assets),75.96%/570/16 days (Across ALL Assets),No Information,No Information,No Information,No Information,No Information,No Information,No Information,No Information,No Information,No Information,No Information,No Information,82.14,ok,True,pass,,,11.77,0,2.6029,1.2107,0.28,,-4.34,,,commodity_etf,,
DELTADRIFT,"ADBE, Long, 2026-06-16 (Price: 207.32)",No Exit Yet,"-4.77%, 7 days","78.57%, Past 4 years, 14","Daily, was CONFIRMED on 2026-06-16",Already confirmed,"2026-06-23 (Price: 197.43), 4.77% below",7 days,205.38,No Information,No Information,No Information,No Information,6.2%/3.13%/4.58%,-8.27%/-13.81%/-10.8%,"13.81%, 15.77%",1.8 month/2 days/19 days,1.8 month/0 days/20 days,2026-09-02/2026-06-18/2026-07-13,5.43%,-14.05%,19.48%,0.12,-0.5,209.2688/216.8153/213.04/636.07/719.5145/812.9837/293.8,204.02/No Horizontal Support/180.1385/162.3922/No F-Track Level/No F-Track Level/No EMA 200 Stop Loss,79.59%/196/16 days (Across ALL Assets),75.96%/570/16 days (Across ALL Assets),No Information,No Information,No Information,No Information,No Information,No Information,No Information,No Information,No Information,No Information,No Information,No Information,65.0,best,True,pass,,,37.34,0,1.2841,2.3992,0.52,,19.48,,,equity,,
DELTADRIFT,"BABA, Long, 2026-06-15 (Price: 112.55)",2026-06-23 (Price: 102.6),"-8.84%, 8 days","85.71%, Past 4 years, 14","Daily, was CONFIRMED on 2026-06-15",Already confirmed,"2026-06-23 (Price: 102.6), 8.84% below",8 days,112.66,No Information,No Information,No Information,No Information,12.26%/3.97%/6.78%,-9.87%/-17.99%/-13.93%,"17.99%, 17.99%",1.2 month/1 day/14 days,1.8 month/0 days/15 days,2026-08-06/2026-06-16/2026-07-05,12.56%,-9.07%,21.63%,0.39,-0.1,125.043/120.1809/122.61/181.595/399.1612/524.2534/148.89,103.83/67.495/No F-Stack Support/No F-Stack Support/No F-Track Level/No F-Track Level/No EMA 200 Stop Loss,79.59%/196/16 days (Across ALL Assets),75.96%/570/16 days (Across ALL Assets),No Information,No Information,No Information,No Information,No Information,No Information,No Information,No Information,No Information,No Information,No Information,No Information,46.67,best,True,pass,,,76.2,0,3.8205,4.3604,0.2,,21.63,,,equity,,
DELTADRIFT,"HDB, Long, 2026-06-14 (Price: 24.17)",No Exit Yet,"3.52%, 9 days","100.0%, Past 15 years, 9","Weekly, was CONFIRMED on 2026-06-14",Already confirmed,"2026-06-23 (Price: 25.02), 3.52% above",9 days,23.29,No Information,No Information,No Information,No Information,16.81%/7.65%/10.25%,N/A,"-0.0%, 13.44%",2.1 months/7 days/1.2 month,2.1 months/0 days/1 month,2026-09-13/2026-06-24/2026-08-05,14.3%,5.35%,8.95%,2.05,0.27,26.6329/26.6474/26.64/39.5717/40.717/49.3282/31.27,23.41/No Horizontal Support/21.1884/14.0692/No F-Track Level/No F-Track Level/No EMA 200 Stop Loss,82.76%/29/1.6 month (Across ALL Assets),86.61%/127/2.1 months (Across ALL Assets),No Information,No Information,No Information,No Information,No Information,No Information,No Information,No Information,No Information,No Information,No Information,No Information,70.0,tA,True,pass,,,83.0,40,10.25,9.6131,1.59,,8.95,,,equity,,
DELTADRIFT,"HDFCBANK.NS, Long, 2026-06-14 (Price: 772.45)",No Exit Yet,"0.28%, 9 days","85.71%, Past 15 years, 7","Weekly, was CONFIRMED on 2026-06-14",Already confirmed,"2026-06-23 (Price: 774.65), 0.28% above",9 days,738.0,No Information,No Information,No Information,No Information,11.71%/4.83%/8.43%,-12.08%/-12.08%/-12.08%,"12.08%, 16.27%",2.3 months/7 days/1.4 month,2.3 months/0 days/1.2 month,2026-09-21/2026-06-24/2026-08-13,8.0%,9.15%,-1.15%,0.49,0.54,823.8952/837.5675/830.73/1009.6/1098.0619/1180.6259/899.63,744.55/640.9/765.1075/697.8792/No F-Track Level/No F-Track Level/No EMA 200 Stop Loss,82.76%/29/1.6 month (Across ALL Assets),86.61%/127/2.1 months (Across ALL Assets),No Information,No Information,No Information,No Information,No Information,No Information,No Information,No Information,No Information,No Information,No Information,No Information,75.0,tA,True,pass,,,47.33,40,5.4991,4.192,6.84,,-1.15,,,equity,,
DELTADRIFT,"IEI, Long, 2026-06-14 (Price: 117.21)",No Exit Yet,"-0.12%, 9 days","77.78%, Past 15 years, 9","Weekly, was CONFIRMED on 2026-06-14",Already confirmed,"2026-06-23 (Price: 117.07), 0.12% below",9 days,116.89,No Information,No Information,No Information,No Information,1.55%/0.43%/0.87%,-1.21%/-4.66%/-2.94%,"4.66%, 5.44%",3.5 months/7 days/1.5 month,7.5 months/0 days/2.4 months,2026-11-13/2026-06-24/2026-08-18,3.18%,-0.06%,3.24%,-0.32,-1.25,No Target/118.2297/117.54/119.6711/No Next Fib Ext/No Next Fib Ext/119.01,116.73/113.8775/No F-Stack Support/No F-Stack Support/No F-Track Level/No F-Track Level/No EMA 200 Stop Loss,82.76%/29/1.6 month (Across ALL Assets),86.61%/127/2.1 months (Across ALL Assets),No Information,No Information,No Information,No Information,No Information,No Information,No Information,No Information,No Information,No Information,No Information,No Information,87.5,watch,True,neutral,,,-3.52,40,0.0234,0.0405,3.0,,3.24,,,bond_etf,,
DELTADRIFT,"FUTU, Long, 2026-06-14 (Price: 97.54)",No Exit Yet,"0.37%, 9 days","100.0%, Past 7 years, 4","Weekly, was CONFIRMED on 2026-06-14",Already confirmed,"2026-06-23 (Price: 97.9), 0.37% above",9 days,92.33,No Information,No Information,No Information,No Information,17.72%/15.35%/16.81%,N/A,"-0.0%, 55.68%",1.1 year/14 days/4.7 months,1.1 year/0 days/3.5 months,2028-01-08/2026-07-04/2027-01-04,13.34%,19.31%,-5.97%,1.47,0.85,No Target/113.9365/No Target/201.195/202.7607/237.529/155.68,89.76/36.7433/73.7321/70.4414/No F-Track Level/No F-Track Level/No EMA 200 Stop Loss,82.76%/29/1.6 month (Across ALL Assets),86.61%/127/2.1 months (Across ALL Assets),No Information,No Information,No Information,No Information,No Information,No Information,No Information,No Information,No Information,No Information,No Information,No Information,91.43,tA,True,pass,,,41.96,40,16.81,8.7642,2.02,,-5.97,,,equity,,
DELTADRIFT,"NU, Long, 2026-06-14 (Price: 12.19)",No Exit Yet,"3.28%, 9 days","100.0%, Past 4 years, 4","Weekly, was CONFIRMED on 2026-06-14",Already confirmed,"2026-06-23 (Price: 12.59), 3.28% above",9 days,12.01,No Information,No Information,No Information,No Information,19.78%/10.0%/14.09%,N/A,"-0.0%, 22.89%",3.3 months/14 days/1.5 month,3.3 months/0 days/1.1 month,2026-11-04/2026-07-04/2026-08-18,13.95%,1.09%,12.86%,1.31,0.21,No Target/13.9076/13.0/16.1267/No Next Fib Ext/No Next Fib Ext/15.36,11.97/5.54/No F-Stack Support/No F-Stack Support/No F-Track Level/No F-Track Level/No EMA 200 Stop Loss,82.76%/29/1.6 month (Across ALL Assets),86.61%/127/2.1 months (Across ALL Assets),No Information,No Information,No Information,No Information,No Information,No Information,No Information,No Information,No Information,No Information,No Information,No Information,72.73,tA,True,pass,,,83.0,40,14.09,13.9473,2.86,,12.86,,,equity,,
DELTADRIFT,"MSFT, Long, 2026-06-12 (Price: 390.74)",No Exit Yet,"-4.3%, 11 days","71.43%, Past 4 years, 14","Daily, was CONFIRMED on 2026-06-12",Already confirmed,"2026-06-23 (Price: 373.94), 4.3% below",11 days,391.43,No Information,No Information,No Information,No Information,5.23%/2.02%/3.52%,-6.0%/-8.2%/-7.09%,"8.2%, 14.53%",2.4 months/1 day/11 days,2.4 months/0 days/14 days,2026-09-24/2026-06-13/2026-06-27,3.71%,5.12%,-1.41%,0.02,0.26,403.4781/404.494/403.99/554.585/553.3726/615.9924/449.99,390.34/216.39/386.873/350.287/No F-Track Level/No F-Track Level/No EMA 200 Stop Loss,79.59%/196/16 days (Across ALL Assets),75.96%/570/16 days (Across ALL Assets),No Information,No Information,No Information,No Information,No Information,No Information,No Information,No Information,No Information,No Information,No Information,No Information,21.43,ok,True,neutral,,,2.53,0,0.4887,0.2043,0.56,,-1.41,,,equity,,
DELTADRIFT,"AMZN, Long, 2026-06-09 (Price: 244.19)",No Exit Yet,"-4.13%, 14 days","80.0%, Past 4 years, 15","Daily, was CONFIRMED on 2026-06-09",Already confirmed,"2026-06-23 (Price: 234.11), 4.13% below",14 days,247.73,No Information,No Information,No Information,No Information,10.78%/1.99%/5.35%,-9.24%/-17.68%/-12.9%,"17.68%, 17.68%",26 days/2 days/10 days,1.3 month/0 days/12 days,2026-07-16/2026-06-11/2026-06-23,6.68%,4.76%,1.92%,0.15,0.26,255.3739/257.2542/256.31/No Horizontal Resistance/317.6152/339.3352/No EMA 200 Target,199.34/86.995/231.81/213.1321/No F-Track Level/No F-Track Level/232.83,79.59%/196/16 days (Across ALL Assets),75.96%/570/16 days (Across ALL Assets),No Information,No Information,No Information,No Information,No Information,No Information,No Information,No Information,No Information,No Information,No Information,No Information,-16.67,ok,True,pass,,,47.59,0,1.7,1.4733,9.79,,1.92,,,equity,,
DELTADRIFT,"EFN.TO, Long, 2026-06-07 (Price: 26.79)",2026-06-23 (Price: 28.86),"7.73%, 16 days","83.33%, Past 15 years, 6","Weekly, was CONFIRMED on 2026-06-07",Already confirmed,"2026-06-23 (Price: 28.86), 7.73% above",16 days,26.92,No Information,No Information,No Information,No Information,22.27%/6.58%/13.09%,-43.16%/-43.16%/-43.16%,"43.16%, 45.87%",2.6 months/7 days/28 days,7.9 months/0 days/1.9 month,2026-09-27/2026-06-17/2026-07-17,2.99%,9.0%,-6.01%,0.04,0.45,29.3511/30.2968/29.82/34.925/45.1741/70.5281/33.53,21.35/12.67/No F-Stack Support/No F-Stack Support/No F-Track Level/No F-Track Level/No EMA 200 Stop Loss,82.76%/29/1.6 month (Across ALL Assets),86.61%/127/2.1 months (Across ALL Assets),No Information,No Information,No Information,No Information,No Information,No Information,No Information,No Information,No Information,No Information,No Information,No Information,71.93,ok,True,pass,,,3.79,0,3.7131,1.6774,0.5,,-6.01,,,equity,,
DELTADRIFT,"0700.HK, Long, 2026-06-07 (Price: 453.2)",No Exit Yet,"-8.47%, 16 days","71.43%, Past 15 years, 7","Weekly, was CONFIRMED on 2026-06-07",Already confirmed,"2026-06-23 (Price: 414.8), 8.47% below",16 days,432.4,No Information,No Information,No Information,No Information,20.62%/5.49%/11.37%,-20.34%/-27.4%/-23.87%,"27.4%, 30.63%",2.6 months/7 days/1.4 month,5.8 months/0 days/1.9 month,2026-09-27/2026-06-17/2026-08-06,1.62%,12.0%,-10.38%,-0.05,0.6,505.0914/504.7288/504.91/539.5/707.5571/895.8211/564.14,427.2/282.3421/447.5198/286.808/No F-Track Level/No F-Track Level/No EMA 200 Stop Loss,82.76%/29/1.6 month (Across ALL Assets),86.61%/127/2.1 months (Across ALL Assets),No Information,No Information,No Information,No Information,No Information,No Information,No Information,No Information,No Information,No Information,No Information,No Information,71.93,watch,True,neutral,,,-13.53,0,1.3019,-1.4124,0.37,,-10.38,,,equity,,
DELTADRIFT,"NAUKRI.NS, Long, 2026-05-31 (Price: 995.0)",No Exit Yet,"1.67%, 23 days","80.0%, Past 15 years, 5","Weekly, was CONFIRMED on 2026-05-31",Already confirmed,"2026-06-23 (Price: 1011.6), 1.67% above",23 days,964.45,No Information,No Information,No Information,No Information,11.73%/6.68%/9.71%,-22.33%/-22.33%/-22.33%,"22.33%, 28.55%",1.2 month/7 days/18 days,8.4 months/0 days/2 months,2026-07-22/2026-06-10/2026-06-26,3.62%,12.8%,-9.18%,0.05,0.62,1419.1685/1091.6145/1255.39/1483.595/2223.4618/2377.3661/1186.19,928.1/662.12/920.5126/832.4874/No F-Track Level/No F-Track Level/No EMA 200 Stop Loss,82.76%/29/1.6 month (Across ALL Assets),86.61%/127/2.1 months (Across ALL Assets),No Information,No Information,No Information,No Information,No Information,No Information,No Information,No Information,No Information,No Information,No Information,No Information,61.67,watch,True,neutral,,,-1.65,0,3.302,0.2544,1.18,,-9.18,,,equity,,
DELTADRIFT,"TWR.NZ, Long, 2026-05-26 (Price: 1.905)",No Exit Yet,"0.26%, 28 days","70.0%, Past 4 years, 10","Daily, was CONFIRMED on 2026-05-26",Already confirmed,"2026-06-23 (Price: 1.91), 0.26% above",28 days,1.9,No Information,No Information,No Information,No Information,4.44%/2.36%/3.36%,-5.52%/-10.44%/-8.35%,"10.44%, 11.77%",2.5 months/1 day/17 days,2.5 months/0 days/20 days,2026-09-11/2026-05-27/2026-06-19,1.93%,12.14%,-10.21%,-0.12,0.7,1.9625/1.969/1.97/No Horizontal Resistance/6.5368/7.3695/No EMA 200 Target,1.86/0.6518/No F-Stack Support/No F-Stack Support/No F-Track Level/No F-Track Level/1.9,79.59%/196/16 days (Across ALL Assets),75.96%/570/16 days (Across ALL Assets),No Information,No Information,No Information,No Information,No Information,No Information,No Information,No Information,No Information,No Information,No Information,No Information,-40.0,watch,True,neutral,,,-23.42,0,-0.153,-1.1165,6.42,,-10.21,,,equity,,
DELTADRIFT,"MCD, Long, 2026-05-24 (Price: 282.27)",No Exit Yet,"-3.76%, 1 month","100.0%, Past 15 years, 6","Weekly, was CONFIRMED on 2026-05-24",Already confirmed,"2026-06-23 (Price: 271.66), 3.76% below",1 month,275.82,No Information,No Information,No Information,No Information,14.58%/3.15%/7.28%,N/A,"-0.0%, 3.2%",1.6 month/7 days/1.1 month,1.6 month/0 days/26 days,2026-08-01/2026-06-03/2026-07-10,6.55%,5.87%,0.68%,1.18,0.32,319.9813/302.8193/311.4/321.444/370.0426/590.3302/304.83,275.75/230.37/254.2758/233.8976/No F-Track Level/No F-Track Level/No EMA 200 Stop Loss,82.76%/29/1.6 month (Across ALL Assets),86.61%/127/2.1 months (Across ALL Assets),No Information,No Information,No Information,No Information,No Information,No Information,No Information,No Information,No Information,No Information,No Information,No Information,96.15,tA,True,pass,,,74.36,93,7.28,6.6744,1.14,,0.68,,,equity,,
DELTADRIFT,"SUM.NZ, Long, 2026-05-24 (Price: 7.7)",2026-06-14 (Price: 8.19),"6.36%, 21 days","70.0%, Past 14 years, 10","Weekly, was CONFIRMED on 2026-05-24",Already confirmed,"2026-06-23 (Price: 8.8), 14.29% above",1 month,7.13,No Information,No Information,No Information,No Information,20.27%/4.17%/8.01%,-16.51%/-20.61%/-18.87%,"20.61%, 22.44%",3.5 months/7 days/1.8 month,3.7 months/7 days/1.9 month,2026-10-23/2026-06-03/2026-08-10,1.49%,9.1%,-7.61%,-0.04,0.49,8.9582/8.3168/8.64/12.55/19.8479/26.5969/10.46,7.19/No Horizontal Support/No F-Stack Support/No F-Stack Support/No F-Track Level/No F-Track Level/No EMA 200 Stop Loss,82.76%/29/1.6 month (Across ALL Assets),86.61%/127/2.1 months (Across ALL Assets),No Information,No Information,No Information,No Information,No Information,No Information,No Information,No Information,No Information,No Information,No Information,No Information,98.25,watch,True,neutral,,,-19.72,93,-0.054,-2.1123,0.44,,-7.61,,,equity,,
DELTADRIFT,"BYD.TO, Long, 2026-04-19 (Price: 167.85)",No Exit Yet,"-23.65%, 2.2 months","83.33%, Past 15 years, 6","Weekly, was CONFIRMED on 2026-04-19",Already confirmed,"2026-06-23 (Price: 128.16), 23.65% below",2.2 months,161.85,No Information,No Information,No Information,No Information,17.64%/5.39%/10.47%,-23.95%/-23.95%/-23.95%,"23.95%, 24.98%",5.4 months/14 days/3.1 months,5.4 months/0 days/2.6 months,2026-12-09/2026-05-09/2026-08-31,5.46%,11.41%,-5.95%,0.15,0.59,170.6699/185.4239/178.05/254.5175/367.2583/388.6839/202.65,162.27/No Horizontal Support/147.1212/139.9966/No F-Track Level/No F-Track Level/No EMA 200 Stop Loss,82.76%/29/1.6 month (Across ALL Assets),86.61%/127/2.1 months (Across ALL Assets),No Information,No Information,No Information,No Information,No Information,No Information,No Information,No Information,No Information,No Information,No Information,No Information,97.44,ok,True,pass,,,2.39,87,4.7322,1.2005,,,-5.95,,,equity,,
DELTADRIFT,"TRI.TO, Long, 2026-04-19 (Price: 127.45)",No Exit Yet,"-9.89%, 2.2 months","83.33%, Past 15 years, 6","Weekly, was CONFIRMED on 2026-04-19",Already confirmed,"2026-06-23 (Price: 114.84), 9.89% below",2.2 months,115.52,No Information,No Information,No Information,No Information,15.31%/4.81%/8.88%,-20.63%/-20.63%/-20.63%,"20.63%, 20.63%",1.4 year/7 days/4.8 months,1.4 year/0 days/3.5 months,2028-04-16/2026-04-29/2026-11-13,4.41%,4.93%,-0.52%,0.12,0.24,No Target/138.7676/131.87/240.8933/293.2329/372.3374/161.24,113.99/No Horizontal Support/93.0152/69.3828/No F-Track Level/No F-Track Level/No EMA 200 Stop Loss,82.76%/29/1.6 month (Across ALL Assets),86.61%/127/2.1 months (Across ALL Assets),No Information,No Information,No Information,No Information,No Information,No Information,No Information,No Information,No Information,No Information,No Information,No Information,98.1,ok,True,pass,,,6.71,87,3.9607,1.9065,12.0,,-0.52,,,equity,,
DELTADRIFT,"BBTC.NS, Long, 2026-04-12 (Price: 1487.4)",2026-06-23 (Price: 1579.8),"6.21%, 2.4 months","71.43%, Past 15 years, 7","Weekly, was CONFIRMED on 2026-04-12",Already confirmed,"2026-06-23 (Price: 1579.8), 6.21% above",2.4 months,1410.0,No Information,No Information,No Information,No Information,33.68%/7.57%/15.74%,-16.67%/-19.06%/-17.87%,"19.06%, 19.06%",4.9 months/7 days/2.4 months,4.9 months/0 days/1.7 month,2026-11-10/2026-04-22/2026-07-25,5.17%,14.77%,-9.6%,0.19,0.66,1689.2402/1721.5168/1705.38/2145.0/3412.111/3761.7441/1725.98,1375.0/846.25/1057.7422/973.2526/No F-Track Level/No F-Track Level/No EMA 200 Stop Loss,82.76%/29/1.6 month (Across ALL Assets),86.61%/127/2.1 months (Across ALL Assets),No Information,No Information,No Information,No Information,No Information,No Information,No Information,No Information,No Information,No Information,No Information,No Information,96.08,best,True,pass,,,21.44,87,6.1376,3.1484,1.21,,-9.6,,,equity,,
DELTADRIFT,"ADBE, Long, 2026-04-05 (Price: 242.92)",No Exit Yet,"-18.73%, 2.6 months","75.0%, Past 15 years, 8","Weekly, was CONFIRMED on 2026-04-05",Already confirmed,"2026-06-23 (Price: 197.43), 18.73% below",2.6 months,236.78,No Information,No Information,No Information,No Information,12.87%/5.88%/10.5%,-20.68%/-27.83%/-24.26%,"27.83%, 30.37%",28 days/7 days/19 days,6.8 months/0 days/1.9 month,2026-05-15/2026-04-15/2026-05-02,1.16%,9.12%,-7.96%,-0.0,0.47,No Target/268.4266/250.78/636.07/719.5145/812.9837/293.8,234.84/No Horizontal Support/240.6068/229.2944/No F-Track Level/No F-Track Level/No EMA 200 Stop Loss,82.76%/29/1.6 month (Across ALL Assets),86.61%/127/2.1 months (Across ALL Assets),No Information,No Information,No Information,No Information,No Information,No Information,No Information,No Information,No Information,No Information,No Information,No Information,96.49,watch,True,neutral,,,-8.22,87,1.81,-0.2529,,,-7.96,,,equity,,
DELTADRIFT,"HDFCBANK.NS, Long, 2026-03-25 (Price: 782.3)",No Exit Yet,"-0.98%, 3 months","75.0%, Past 4 years, 12","Daily, was CONFIRMED on 2026-03-25",Already confirmed,"2026-06-23 (Price: 774.65), 0.98% below",3 months,768.2,No Information,No Information,No Information,No Information,5.57%/1.67%/2.48%,-4.83%/-8.2%/-6.65%,"8.2%, 8.72%",2.7 months/2 days/27 days,2.7 months/0 days/24 days,2026-07-20/2026-03-27/2026-05-03,2.68%,0.7%,1.98%,-0.06,-0.06,799.3541/801.701/800.53/1009.6/1098.0619/1305.7899/899.63,744.15/640.9/765.1075/697.8792/No F-Track Level/No F-Track Level/No EMA 200 Stop Loss,79.59%/196/16 days (Across ALL Assets),75.96%/570/16 days (Across ALL Assets),No Information,No Information,No Information,No Information,No Information,No Information,No Information,No Information,No Information,No Information,No Information,No Information,87.5,ok,True,neutral,,,1.58,40,0.1975,0.1308,2.01,,1.98,,,equity,,
DELTADRIFT,"INFY, Long, 2026-03-08 (Price: 14.44)",2026-06-21 (Price: 10.57),"-26.8%, 3.5 months","71.43%, Past 15 years, 7","Weekly, was CONFIRMED on 2026-03-08",Already confirmed,"2026-06-23 (Price: 10.79), 25.28% below",3.6 months,14.09,No Information,No Information,No Information,No Information,16.57%/6.3%/10.66%,-21.95%/-26.8%/-24.38%,"26.8%, 26.9%",8.9 months/1.4 month/4.2 months,11.2 months/1.4 month/5.1 months,2027-03-29/2026-05-07/2026-09-06,2.89%,1.43%,1.46%,-0.05,0.07,16.4587/15.9793/16.22/23.796/31.8515/41.1179/15.45,No Recent Minima/No Horizontal Support/13.0115/No stop loss/No F-Track Level/No F-Track Level/No EMA 200 Stop Loss,82.76%/29/1.6 month (Across ALL Assets),86.61%/127/2.1 months (Across ALL Assets),No Information,No Information,No Information,No Information,No Information,No Information,No Information,No Information,No Information,No Information,No Information,No Information,98.04,watch,True,neutral,,,-1.09,80,0.6491,-0.2191,,,1.46,,,equity,,
TRENDPULSE,"NVO, Long, 2026-06-23 (Price: 47.42)",No Exit Yet,"0.0%, 0 days","85.71%, Past 4 years, 14","Daily, is CONFIRMED on 2026-06-23",Already confirmed,"2026-06-23 (Price: 47.42), 0.0% below",0 days,46.8,No Information,No Information,No Information,No Information,9.26%/2.25%/5.18%,-15.27%/-19.24%/-17.26%,"19.24%, 37.28%",1.6 month/7 days/17 days,5.8 months/7 days/1.2 month,2026-08-31/2026-07-03/2026-07-17,5.87%,2.84%,3.03%,0.18,0.19,49.5871/49.8764/62.02/139.01/159.2295/190.9685/48.05,41.02/45.4025/46.3037/42.9268/No stop loss/No stop loss/No EMA 200 Stop Loss,90.31%/320/1.5 month (Across ALL Assets),80.18%/757/1.6 month (Across ALL Assets),"2, 2025-07-10 (Price: 71.75)",2026-06-22 (Price: 45.88),2026-06-23 (Price: 47.42),1/0/0 days,3.36% above/0.0% below/0.0% below,2025-07-10 (Price: 71.75)/2026-06-23 (Price: 44.1957),No Information,No Information,No Information,No Information,No Information,No Information,100.0,best,True,pass,,,21.61,100,1.9733,1.5676,2.2,,3.03,,,equity,,
TRENDPULSE,"BBD-B.TO, Long, 2026-06-22 (Price: 315.05)",No Exit Yet,"1.14%, 1 day","85.71%, Past 4 years, 21","Daily, is CONFIRMED on 2026-06-22",Already confirmed,"2026-06-23 (Price: 318.64), 1.14% above",1 day,312.81,No Information,No Information,No Information,No Information,12.21%/1.21%/5.93%,-3.23%/-20.19%/-14.54%,"20.19%, 66.64%",3.7 months/6 days/1.1 month,6.7 months/6 days/1.8 month,2026-11-29/2026-06-30/2026-08-08,-6.76%,46.7%,-53.46%,0.27,1.75,388.5512/333.7325/493.73/No Horizontal Resistance/675.785/850.042/No EMA 200 Target,301.57/53.275/288.2895/273.2675/No F-Track Level/No F-Track Level/240.87,90.31%/320/1.5 month (Across ALL Assets),80.18%/757/1.6 month (Across ALL Assets),"0, 2020-06-09 (Price: 17.25)",2026-06-22 (Price: 315.05),2026-06-22 (Price: 315.05),1/1/1 days,1.14% above/1.14% above/1.14% above,2020-06-09 (Price: 17.25)/2026-06-22 (Price: 308.9002),No Information,No Information,No Information,No Information,No Information,No Information,98.15,watch,True,warn,,,-17.34,80,3.0048,-7.0023,1.11,,-53.46,,,equity,,
TRENDPULSE,"BNS.TO, Long, 2026-06-21 (Price: 123.48)",No Exit Yet,"-0.66%, 2 days","95.83%, Past 10 years, 24","Weekly, is CONFIRMED on 2026-06-19",Already confirmed,"2026-06-23 (Price: 122.66), 0.66% below",2 days,118.0,No Information,No Information,No Information,No Information,12.4%/0.79%/6.14%,-1.93%/-1.93%/-1.93%,"1.93%, 33.13%",1.1 year/28 days/3.5 months,1.1 year/0 days/3.1 months,2028-01-15/2026-07-31/2026-11-20,7.54%,3.58%,3.96%,0.75,0.13,129.4688/131.0617/159.09/No Horizontal Resistance/No Target/135.0336/No EMA 200 Target,93.61/62.2517/94.4218/69.3218/No F-Track Level/No F-Track Level/99.65,88.72%/133/4.6 months (Across ALL Assets),77.24%/369/4.1 months (Across ALL Assets),"4, 2016-04-03 (Price: 64.13)",2026-06-07 (Price: 112.36),2026-06-21 (Price: 123.48),16/2/2 days,9.17% above/0.66% below/0.66% below,2016-04-03 (Price: 64.13)/2026-06-21 (Price: 110.776),No Information,No Information,No Information,No Information,No Information,No Information,97.85,best,True,pass,,,33.25,87,5.8035,4.4823,0.33,,3.96,,,equity,,
TRENDPULSE,"TLT, Long, 2026-06-21 (Price: 86.75)",No Exit Yet,"-0.63%, 2 days","86.67%, Past 10 years, 30","Weekly, is CONFIRMED on 2026-06-19",Already confirmed,"2026-06-23 (Price: 86.2), 0.63% below",2 days,85.96,No Information,No Information,No Information,No Information,15.02%/0.97%/7.14%,-11.72%/-12.07%/-11.88%,"12.07%, 46.07%",9.8 months/1.2 month/4.1 months,1.9 year/0 days/4.1 months,2027-08-20/2026-08-12/2026-12-14,0.56%,-0.36%,0.92%,-0.08,-0.28,87.2011/92.9439/124.04/153.455/188.2386/214.0466/87.92,83.66/83.3033/No F-Stack Support/No F-Stack Support/No F-Track Level/No F-Track Level/No EMA 200 Stop Loss,88.72%/133/4.6 months (Across ALL Assets),77.24%/369/4.1 months (Across ALL Assets),"8, 2019-09-01 (Price: 148.9)",2026-06-14 (Price: 85.77),2026-06-16 (Price: 86.19),9/7/2 days,0.5% above/0.01% above/0.63% below,2019-09-01 (Price: 148.9)/2026-06-21 (Price: 84.861),No Information,No Information,No Information,No Information,No Information,No Information,98.36,best,True,pass,,,25.41,87,4.6046,4.7789,2.42,,0.92,,,bond_etf,,
TRENDPULSE,"JPM, Long, 2026-06-21 (Price: 325.22)",No Exit Yet,"2.74%, 2 days","95.65%, Past 10 years, 23","Weekly, is CONFIRMED on 2026-06-19",Already confirmed,"2026-06-23 (Price: 334.14), 2.74% above",2 days,323.92,No Information,No Information,No Information,No Information,20.52%/2.53%/10.43%,-21.22%/-21.22%/-21.22%,"21.22%, 39.99%",1.5 year/1.2 month/4.8 months,1.5 year/0 days/5.1 months,2028-08-11/2026-08-12/2027-01-15,11.02%,10.07%,0.95%,0.83,0.54,352.7336/359.1404/332.44/No Horizontal Resistance/328.9175/381.492/No EMA 200 Target,282.84/125.7575/300.9735/287.5071/No F-Track Level/No F-Track Level/307.1,88.72%/133/4.6 months (Across ALL Assets),77.24%/369/4.1 months (Across ALL Assets),"2, 2026-01-11 (Price: 337.25)",2026-06-14 (Price: 320.72),2026-06-18 (Price: 325.22),9/5/2 days,4.18% above/2.74% above/2.74% above,2026-01-11 (Price: 337.25)/2026-06-21 (Price: 311.168),No Information,No Information,No Information,No Information,No Information,No Information,98.69,best,True,pass,,,23.59,87,9.0532,2.9393,1.29,,0.95,,,equity,,
TRENDPULSE,"NOVA.F, Long, 2026-06-21 (Price: 39.2)",No Exit Yet,"5.87%, 2 days","100.0%, Past 10 years, 19","Weekly, is CONFIRMED on 2026-06-19",Already confirmed,"2026-06-23 (Price: 41.5), 5.87% above",2 days,39.0,No Information,No Information,No Information,No Information,21.94%/2.36%/11.39%,N/A,"-0.0%, 9.84%",4.7 months/1.2 month/2.4 months,4.7 months/0 days/1.9 month,2027-01-11/2026-08-12/2026-10-03,13.6%,7.27%,6.33%,1.17,0.38,45.5896/43.6649/48.56/126.5/138.0871/146.706/41.15,31.2/No Horizontal Support/33.7767/28.7825/No F-Track Level/No F-Track Level/No EMA 200 Stop Loss,88.72%/133/4.6 months (Across ALL Assets),77.24%/369/4.1 months (Across ALL Assets),"2, 2026-01-25 (Price: 54.8)",2026-06-14 (Price: 38.08),2026-06-19 (Price: 39.2),9/4/2 days,8.98% above/5.87% above/5.87% above,2026-01-25 (Price: 54.8)/2026-06-21 (Price: 36.936),No Information,No Information,No Information,No Information,No Information,No Information,96.49,best,True,pass,,,81.94,87,11.39,9.7456,0.61,,6.33,,,equity,,
TRENDPULSE,"WFG.TO, Long, 2026-06-21 (Price: 97.37)",No Exit Yet,"-1.97%, 2 days","88.0%, Past 10 years, 25","Weekly, is CONFIRMED on 2026-06-19",Already confirmed,"2026-06-23 (Price: 95.45), 1.97% below",2 days,97.22,No Information,No Information,No Information,No Information,23.3%/4.35%/14.15%,-7.37%/-12.12%/-10.53%,"12.12%, 61.12%",6.5 months/1.2 month/3.2 months,2.3 years/0 days/4.7 months,2027-03-30/2026-08-12/2026-11-07,13.07%,6.3%,6.77%,0.5,0.34,100.9045/111.1479/123.71/131.52/170.6139/181.1797/No EMA 200 Target,81.57/80.9467/80.1487/76.1079/No F-Track Level/No F-Track Level/90.71,88.72%/133/4.6 months (Across ALL Assets),77.24%/369/4.1 months (Across ALL Assets),"6, 2024-10-20 (Price: 141.27)",2026-06-14 (Price: 96.52),2026-06-21 (Price: 97.37),9/2/2 days,1.11% below/1.97% below/1.97% below,2024-10-20 (Price: 141.27)/2026-06-21 (Price: 95.1856),No Information,No Information,No Information,No Information,No Information,No Information,98.58,best,True,pass,,,36.27,87,11.1884,7.6634,2.85,,6.77,,,equity,,
TRENDPULSE,"NA.TO, Long, 2026-06-18 (Price: 220.41)",No Exit Yet,"1.77%, 5 days","77.27%, Past 4 years, 22","Daily, is CONFIRMED on 2026-06-18",Already confirmed,"2026-06-23 (Price: 224.32), 1.77% above",5 days,218.5,No Information,No Information,No Information,No Information,4.34%/1.0%/2.71%,-4.08%/-4.62%/-4.19%,"4.62%, 23.98%",3 months/6 days/20 days,6.1 months/0 days/1.9 month,2026-10-26/2026-06-26/2026-07-16,10.1%,16.0%,-5.9%,0.13,1.22,226.9782/226.3831/308.09/No Horizontal Resistance/No Target/299.9136/No EMA 200 Target,197.89/82.9367/188.6608/134.0186/No F-Track Level/No F-Track Level/176.46,90.31%/320/1.5 month (Across ALL Assets),80.18%/757/1.6 month (Across ALL Assets),"6, 2020-01-30 (Price: 74.28)",2026-06-18 (Price: 220.41),2026-06-18 (Price: 220.41),5/5/5 days,1.77% above/1.77% above/1.77% above,2020-01-30 (Price: 74.28)/2026-06-18 (Price: 217.6575),No Information,No Information,No Information,No Information,No Information,No Information,91.23,watch,True,neutral,,,-14.31,0,1.1416,-2.4774,0.23,,-5.9,,,equity,,
TRENDPULSE,"MSE.PA, Long, 2026-06-18 (Price: 72.0)",No Exit Yet,"-1.64%, 5 days","100.0%, Past 4 years, 19","Daily, is CONFIRMED on 2026-06-18",Already confirmed,"2026-06-23 (Price: 70.82), 1.64% below",5 days,71.71,No Information,No Information,No Information,No Information,4.76%/0.41%/2.25%,N/A,"-0.0%, 13.59%",3.5 months/6 days/1.3 month,3.5 months/0 days/1.2 month,2026-11-17/2026-06-26/2026-08-13,8.04%,9.85%,-1.81%,1.25,0.65,74.2824/73.62/93.02/No Horizontal Resistance/81.1364/117.7989/No EMA 200 Target,68.25/33.6667/58.4776/44.4738/No F-Track Level/No F-Track Level/64.82,90.31%/320/1.5 month (Across ALL Assets),80.18%/757/1.6 month (Across ALL Assets),"4, 2020-02-06 (Price: 36.975)",2026-06-17 (Price: 71.55),2026-06-18 (Price: 72.0),6/5/5 days,1.02% below/1.64% below/1.64% below,2020-02-06 (Price: 36.975)/2026-06-18 (Price: 71.1245),No Information,No Information,No Information,No Information,No Information,No Information,86.11,best,True,neutral,,,20.26,0,2.25,0.8429,0.62,,-1.81,,,equity,,
TRENDPULSE,"^STI, Long, 2026-06-18 (Price: 5212.8398)",No Exit Yet,"-0.14%, 5 days","86.96%, Past 4 years, 23","Daily, is CONFIRMED on 2026-06-18",Already confirmed,"2026-06-23 (Price: 5205.7402), 0.14% below",5 days,5176.46,No Information,No Information,No Information,No Information,2.41%/0.34%/1.09%,-2.51%/-2.51%/-2.51%,"2.51%, 7.79%",1.4 month/7 days/18 days,6.3 months/0 days/1.3 month,2026-08-17/2026-06-28/2026-07-14,5.52%,8.25%,-2.73%,0.1,0.71,5379.6507/5269.6598/6384.98/No Horizontal Resistance/No Target/6233.5022/No EMA 200 Target,4958.85/3079.5663/4356.5412/3433.5319/No F-Track Level/No F-Track Level/4727.45,90.31%/320/1.5 month (Across ALL Assets),80.18%/757/1.6 month (Across ALL Assets),"0, 2024-01-02 (Price: 3259.28)",2026-06-17 (Price: 5176.46),2026-06-18 (Price: 5212.8398),6/5/5 days,0.57% above/0.14% below/0.14% below,2024-01-02 (Price: 3259.28)/2026-06-18 (Price: 5169.9363),No Information,No Information,No Information,No Information,No Information,No Information,87.18,watch,True,neutral,,,-3.19,0,0.6206,-0.6562,0.23,,-2.73,,,index,,
TRENDPULSE,"BEL.NS, Long, 2026-06-18 (Price: 428.6)",No Exit Yet,"-2.01%, 5 days","100.0%, Past 4 years, 28","Daily, is CONFIRMED on 2026-06-18",Already confirmed,"2026-06-23 (Price: 420.0), 2.01% below",5 days,422.5,No Information,No Information,No Information,No Information,21.42%/1.11%/5.76%,N/A,"-0.0%, 22.01%",3.4 months/4 days/1 month,3.4 months/0 days/29 days,2026-11-12/2026-06-23/2026-07-31,27.61%,37.89%,-10.28%,0.99,1.93,465.9311/453.2874/455.51/433.5/456.8119/613.9011/No EMA 200 Target,402.3/61.7416/382.9941/287.8162/No F-Track Level/No F-Track Level/418.33,90.31%/320/1.5 month (Across ALL Assets),80.18%/757/1.6 month (Across ALL Assets),"2, 2026-03-06 (Price: 473.45)",2026-06-17 (Price: 419.85),2026-06-18 (Price: 428.6),6/5/5 days,0.04% above/2.01% below/2.01% below,2026-03-06 (Price: 473.45)/2026-06-18 (Price: 415.7753),No Information,No Information,No Information,No Information,No Information,No Information,82.76,tA,True,pass,,,44.76,0,5.76,1.3996,14.49,,-10.28,,,equity,,
TRENDPULSE,"FPH.NZ, Long, 2026-06-17 (Price: 38.85)",No Exit Yet,"-3.19%, 6 days","85.71%, Past 4 years, 42","Daily, is CONFIRMED on 2026-06-17",Already confirmed,"2026-06-23 (Price: 37.61), 3.19% below",6 days,38.45,No Information,No Information,No Information,No Information,11.0%/0.47%/3.5%,-1.17%/-35.07%/-13.04%,"35.07%, 42.38%",5.1 months/11 days/1.9 month,7.9 months/0 days/2.2 months,2027-01-24/2026-07-02/2026-09-07,-2.25%,3.17%,-5.42%,0.02,0.16,41.1888/40.2097/40.38/40.93/40.9296/48.5677/No EMA 200 Target,32.38/22.5167/30.9793/26.1935/No F-Track Level/No F-Track Level/37.55,90.31%/320/1.5 month (Across ALL Assets),80.18%/757/1.6 month (Across ALL Assets),"2, 2026-03-03 (Price: 41.4)",2026-06-15 (Price: 38.16),2026-06-17 (Price: 38.85),8/6/6 days,1.44% below/3.19% below/3.19% below,2026-03-03 (Price: 41.4)/2026-06-17 (Price: 38.092),No Information,No Information,No Information,No Information,No Information,No Information,90.91,watch,True,neutral,,,-9.61,0,1.1364,0.3062,21.94,,-5.42,,,equity,,
TRENDPULSE,"BRK-B, Long, 2026-06-15 (Price: 495.52)",No Exit Yet,"-0.55%, 8 days","100.0%, Past 4 years, 22","Daily, is CONFIRMED on 2026-06-15",Already confirmed,"2026-06-23 (Price: 492.81), 0.55% below",8 days,487.56,No Information,No Information,No Information,No Information,5.02%/0.7%/2.86%,N/A,"-0.0%, 7.4%",1.2 month/6 days/12 days,1.2 month/0 days/10 days,2026-08-06/2026-06-23/2026-07-02,12.87%,12.36%,0.51%,1.33,0.9,520.9402/509.6919/523.45/512.2133/630.85/709.9376/No EMA 200 Target,470.29/267.42/491.88/449.7662/No F-Track Level/No F-Track Level/490.39,90.31%/320/1.5 month (Across ALL Assets),80.18%/757/1.6 month (Across ALL Assets),"6, 2025-05-02 (Price: 542.07)",2026-06-12 (Price: 489.25),2026-06-15 (Price: 495.52),11/8/8 days,0.73% above/0.55% below/0.55% below,2025-05-02 (Price: 542.07)/2026-06-15 (Price: 486.5053),No Information,No Information,No Information,No Information,No Information,No Information,20.0,best,True,pass,,,74.02,0,2.86,2.3695,15.16,,0.51,,,equity,,
TRENDPULSE,"XLF, Long, 2026-06-14 (Price: 53.34)",No Exit Yet,"1.01%, 9 days","88.24%, Past 10 years, 17","Weekly, is CONFIRMED on 2026-06-12",Already confirmed,"2026-06-23 (Price: 53.88), 1.01% above",9 days,52.24,No Information,No Information,No Information,No Information,8.36%/2.64%/5.23%,-4.76%/-8.87%/-6.82%,"8.87%, 39.33%",1.2 year/28 days/4 months,1.6 year/0 days/5 months,2028-02-29/2026-07-24/2026-12-04,3.8%,6.95%,-3.15%,0.37,0.38,57.2232/56.1297/55.25/No Horizontal Resistance/70.6138/110.4396/No EMA 200 Target,47.81/30.1167/45.9996/No stop loss/No F-Track Level/No F-Track Level/52.55,88.72%/133/4.6 months (Across ALL Assets),77.24%/369/4.1 months (Across ALL Assets),"2, 2026-01-11 (Price: 56.52)",2026-06-07 (Price: 52.3),2026-06-11 (Price: 52.62),16/12/9 days,3.02% above/2.39% above/1.01% above,2026-01-11 (Price: 56.52)/2026-06-14 (Price: 51.636),No Information,No Information,No Information,No Information,No Information,No Information,94.0,ok,True,neutral,,,3.21,40,3.8129,-0.324,2.12,,-3.15,,,equity_etf,,
TRENDPULSE,"MAR, Long, 2026-06-14 (Price: 402.54)",No Exit Yet,"-3.9%, 9 days","82.14%, Past 10 years, 28","Weekly, is CONFIRMED on 2026-06-12",Already confirmed,"2026-06-23 (Price: 386.83), 3.9% below",9 days,392.51,No Information,No Information,No Information,No Information,16.53%/2.51%/7.88%,-9.23%/-12.52%/-10.55%,"12.52%, 61.32%",6.8 months/28 days/2.9 months,1.1 year/0 days/4.5 months,2027-04-05/2026-07-24/2026-10-18,11.78%,12.03%,-0.25%,0.3,0.61,462.5587/434.2602/599.73/No Horizontal Resistance/No Target/597.6434/No EMA 200 Target,313.81/148.7/372.972/275.4012/No F-Track Level/No F-Track Level/316.66,88.72%/133/4.6 months (Across ALL Assets),77.24%/369/4.1 months (Across ALL Assets),"4, 2016-03-20 (Price: 73.89)",2026-06-14 (Price: 402.54),2026-06-12 (Price: 402.54),9/11/9 days,3.9% below/3.9% below/3.9% below,2016-03-20 (Price: 73.89)/2026-06-14 (Price: 393.9623),No Information,No Information,No Information,No Information,No Information,No Information,93.33,ok,True,neutral,,,4.43,40,4.5884,-1.8562,2.2,,-0.25,,,equity,,
TRENDPULSE,"PG, Long, 2026-06-14 (Price: 149.61)",No Exit Yet,"0.84%, 9 days","95.24%, Past 10 years, 21","Weekly, is CONFIRMED on 2026-06-12",Already confirmed,"2026-06-23 (Price: 150.86), 0.84% above",9 days,145.79,No Information,No Information,No Information,No Information,10.46%/1.7%/4.36%,-12.19%/-12.19%/-12.19%,"12.19%, 24.03%",1 year/28 days/4.1 months,1.2 year/0 days/4 months,2027-11-17/2026-07-24/2026-12-07,5.97%,4.04%,1.93%,0.37,0.17,157.3897/156.133/160.19/179.4533/186.6499/209.3631/No EMA 200 Target,141.57/137.0167/140.2317/117.5404/No F-Track Level/No F-Track Level/149.09,88.72%/133/4.6 months (Across ALL Assets),77.24%/369/4.1 months (Across ALL Assets),"2, 2026-03-01 (Price: 167.25)",2026-06-07 (Price: 146.54),2026-06-09 (Price: 148.67),16/14/9 days,2.95% above/1.47% above/0.84% above,2026-03-01 (Price: 167.25)/2026-06-14 (Price: 139.4437),No Information,No Information,No Information,No Information,No Information,No Information,92.5,ok,True,pass,,,12.72,40,3.5722,1.6484,3.72,,1.93,,,equity,,
TRENDPULSE,"TFII.TO, Long, 2026-06-14 (Price: 224.37)",No Exit Yet,"-8.54%, 9 days","96.15%, Past 10 years, 26","Weekly, is CONFIRMED on 2026-06-12",Already confirmed,"2026-06-23 (Price: 205.21), 8.54% below",9 days,223.03,No Information,No Information,No Information,No Information,21.06%/2.82%/14.85%,-26.87%/-26.87%/-26.87%,"26.87%, 44.49%",1.5 year/1.2 month/4.5 months,1.6 year/0 days/4.7 months,2028-08-04/2026-08-05/2026-12-26,12.85%,12.95%,-0.1%,0.98,0.66,244.2043/257.6889/345.2/No Horizontal Resistance/No Target/280.6304/No EMA 200 Target,135.82/115.2/181.8381/150.2411/No F-Track Level/No F-Track Level/153.02,88.72%/133/4.6 months (Across ALL Assets),77.24%/369/4.1 months (Across ALL Assets),"2, 2016-03-20 (Price: 22.99)",2026-06-14 (Price: 224.37),2026-06-12 (Price: 224.37),9/11/9 days,8.54% below/8.54% below/8.54% below,2016-03-20 (Price: 22.99)/2026-06-14 (Price: 220.4175),No Information,No Information,No Information,No Information,No Information,No Information,93.62,best,True,pass,,,32.69,40,13.2438,5.998,1.3,,-0.1,,,equity,,
TRENDPULSE,"EIF.TO, Long, 2026-06-14 (Price: 128.97)",No Exit Yet,"1.9%, 9 days","100.0%, Past 10 years, 31","Weekly, is CONFIRMED on 2026-06-12",Already confirmed,"2026-06-23 (Price: 131.42), 1.9% above",9 days,121.61,No Information,No Information,No Information,No Information,22.95%/2.68%/6.81%,N/A,"-0.0%, 42.92%",1.7 year/1.2 month/3.9 months,1.7 year/0 days/3.8 months,2028-11-16/2026-08-05/2026-11-30,7.94%,8.9%,-0.96%,1.38,0.46,138.1785/137.7529/190.38/No Horizontal Resistance/131.8678/156.4734/No EMA 200 Target,47.67/38.41/99.9144/88.2789/No F-Track Level/No F-Track Level/91.63,88.72%/133/4.6 months (Across ALL Assets),77.24%/369/4.1 months (Across ALL Assets),"2, 2016-02-28 (Price: 26.62)",2026-06-14 (Price: 128.97),2026-06-14 (Price: 128.97),9/9/9 days,1.9% above/1.9% above/1.9% above,2016-02-28 (Price: 26.62)/2026-06-14 (Price: 121.4697),No Information,No Information,No Information,No Information,No Information,No Information,92.11,best,True,pass,,,21.54,40,6.81,2.7838,0.28,,-0.96,,,equity,,
TRENDPULSE,"3690.HK, Long, 2026-06-14 (Price: 77.9)",No Exit Yet,"-10.65%, 9 days","91.67%, Past 10 years, 12","Weekly, is CONFIRMED on 2026-06-12",Already confirmed,"2026-06-23 (Price: 69.6), 10.65% below",9 days,77.3,No Information,No Information,No Information,No Information,62.36%/7.81%/28.6%,-42.99%/-42.99%/-42.99%,"42.99%, 78.17%",3.5 months/1.2 month/1.8 month,2 years/0 days/3.4 months,2026-11-13/2026-08-05/2026-08-31,8.23%,-0.04%,8.27%,0.59,0.19,94.7731/100.1794/161.36/214.3/No Next Fib Ext/No Next Fib Ext/93.58,73.45/No Horizontal Support/73.844/65.844/No F-Track Level/No F-Track Level/No EMA 200 Stop Loss,88.72%/133/4.6 months (Across ALL Assets),77.24%/369/4.1 months (Across ALL Assets),"0, 2024-10-13 (Price: 217.0)",2026-05-31 (Price: 73.45),2026-06-10 (Price: 79.0),23/13/9 days,5.24% below/11.9% below/10.65% below,2024-10-13 (Price: 217.0)/2026-06-14 (Price: 71.1077),No Information,No Information,No Information,No Information,No Information,No Information,91.18,tA,True,pass,,,78.87,40,22.6366,22.6528,5.3,,8.27,,,equity,,
TRENDPULSE,"INDY, Long, 2026-06-12 (Price: 42.7)",2026-06-18 (Price: 43.5),"1.87%, 6 days","91.67%, Past 4 years, 12","Daily, is CONFIRMED on 2026-06-12",Already confirmed,"2026-06-23 (Price: 43.1), 0.94% above",11 days,42.69,No Information,No Information,No Information,No Information,2.61%/0.93%/1.64%,-6.69%/-6.69%/-6.69%,"6.69%, 14.39%",2.3 months/6 days/28 days,5.8 months/0 days/1.2 month,2026-09-19/2026-06-20/2026-07-22,5.49%,3.99%,1.5%,0.12,0.17,44.2628/43.4003/44.58/54.474/60.9145/66.9383/48.03,41.63/40.634/37.969/30.3493/No F-Track Level/No F-Track Level/No EMA 200 Stop Loss,90.31%/320/1.5 month (Across ALL Assets),80.18%/757/1.6 month (Across ALL Assets),"2, 2026-04-17 (Price: 45.83)",2026-06-11 (Price: 42.21),2026-06-12 (Price: 42.7),12/11/11 days,2.11% above/0.94% above/0.94% above,2026-04-17 (Price: 45.83)/2026-06-12 (Price: 41.5438),No Information,No Information,No Information,No Information,No Information,No Information,69.44,ok,True,neutral,,,4.27,0,0.9461,0.3761,0.48,,1.5,,,equity_etf,,
TRENDPULSE,"^DJI, Long, 2026-06-12 (Price: 51202.2617)",2026-06-18 (Price: 51564.6992),"0.71%, 6 days","100.0%, Past 4 years, 26","Daily, is CONFIRMED on 2026-06-12",Already confirmed,"2026-06-23 (Price: 51666.8398), 0.91% above",11 days,51148.7305,No Information,No Information,No Information,No Information,2.92%/0.31%/1.52%,N/A,"0%, 14.99%",2.7 months/6 days/25 days,2.7 months/6 days/25 days,2026-10-07/2026-06-20/2026-07-18,7.95%,8.3%,-0.35%,1.85,0.59,52292.8699/51980.5361/52591.5/No Horizontal Resistance/54129.8938/83218.843/No EMA 200 Target,49918.78/32154.0552/36151.8794/25040.9446/No F-Track Level/No F-Track Level/48029.83,90.31%/320/1.5 month (Across ALL Assets),80.18%/757/1.6 month (Across ALL Assets),"0, 2025-12-12 (Price: 48886.8594)",2026-06-10 (Price: 49918.7812),2026-06-12 (Price: 51202.2617),13/11/11 days,3.5% above/0.91% above/0.91% above,2025-12-12 (Price: 48886.8594)/2026-06-12 (Price: 49965.8616),No Information,No Information,No Information,No Information,No Information,No Information,56.0,best,True,neutral,,,26.54,0,1.52,0.6966,0.45,,-0.35,,,index,,
TRENDPULSE,"XLF, Long, 2026-06-12 (Price: 53.34)",2026-06-18 (Price: 53.57),"0.43%, 6 days","96.88%, Past 4 years, 32","Daily, is CONFIRMED on 2026-06-12",Already confirmed,"2026-06-23 (Price: 53.88), 1.01% above",11 days,52.96,No Information,No Information,No Information,No Information,5.21%/0.43%/2.19%,-10.98%/-10.98%/-10.98%,"10.98%, 16.27%",3.7 months/4 days/1 month,4.5 months/4 days/1.2 month,2026-11-19/2026-06-17/2026-07-25,9.75%,9.97%,-0.22%,0.51,0.64,54.9722/54.5081/54.52/No Horizontal Resistance/70.6138/110.4396/No EMA 200 Target,50.87/30.1167/45.9996/No stop loss/No F-Track Level/No F-Track Level/52.55,90.31%/320/1.5 month (Across ALL Assets),80.18%/757/1.6 month (Across ALL Assets),"0, 2025-12-15 (Price: 55.31)",2026-06-11 (Price: 52.62),2026-06-12 (Price: 53.34),12/11/11 days,2.39% above/1.01% above/1.01% above,2025-12-15 (Price: 55.31)/2026-06-12 (Price: 52.2779),No Information,No Information,No Information,No Information,No Information,No Information,69.44,ok,True,neutral,,,12.44,0,1.7791,0.3548,0.89,,-0.22,,,equity_etf,,
TRENDPULSE,"JETS, Long, 2026-06-12 (Price: 29.53)",2026-06-18 (Price: 31.0),"4.98%, 6 days","78.26%, Past 4 years, 23","Daily, is CONFIRMED on 2026-06-12",Already confirmed,"2026-06-23 (Price: 31.18), 5.59% above",11 days,29.26,No Information,No Information,No Information,No Information,8.12%/0.83%/2.78%,-4.62%/-14.2%/-8.84%,"14.2%, 35.94%",1.4 month/6 days/17 days,6.3 months/6 days/1.6 month,2026-08-11/2026-06-20/2026-07-06,-11.96%,7.04%,-19.0%,-0.03,0.36,29.5507/30.3509/29.76/No Horizontal Resistance/No Next Fib Ext/No Next Fib Ext/No EMA 200 Target,27.25/14.732/No F-Stack Support/No F-Stack Support/No F-Track Level/No F-Track Level/26.69,90.31%/320/1.5 month (Across ALL Assets),80.18%/757/1.6 month (Across ALL Assets),"0, 2025-12-17 (Price: 29.14)",2026-06-11 (Price: 28.97),2026-06-12 (Price: 29.53),12/11/11 days,7.63% above/5.59% above/5.59% above,2025-12-17 (Price: 29.14)/2026-06-12 (Price: 28.6101),No Information,No Information,No Information,No Information,No Information,No Information,77.08,watch,True,neutral,,,-15.49,0,0.2538,-1.0872,0.22,,-19.0,,,equity_etf,,
TRENDPULSE,"JPM, Long, 2026-06-12 (Price: 320.72)",2026-06-22 (Price: 331.48),"3.35%, 10 days","100.0%, Past 4 years, 29","Daily, is CONFIRMED on 2026-06-12",Already confirmed,"2026-06-23 (Price: 334.14), 4.18% above",11 days,315.97,No Information,No Information,No Information,No Information,7.69%/0.5%/3.59%,N/A,"-0.0%, 16.83%",3.3 months/6 days/1.2 month,3.3 months/0 days/1.2 month,2026-11-02/2026-06-20/2026-08-03,14.85%,15.18%,-0.33%,1.59,0.87,326.8137/332.2338/330.64/No Horizontal Resistance/328.9175/381.492/No EMA 200 Target,296.58/125.7575/300.9735/287.5071/No F-Track Level/No F-Track Level/306.56,90.31%/320/1.5 month (Across ALL Assets),80.18%/757/1.6 month (Across ALL Assets),"0, 2026-01-05 (Price: 337.25)",2026-06-11 (Price: 313.49),2026-06-12 (Price: 320.72),12/11/11 days,6.59% above/4.18% above/4.18% above,2026-01-05 (Price: 337.25)/2026-06-12 (Price: 311.6185),No Information,No Information,No Information,No Information,No Information,No Information,69.44,best,True,pass,,,32.97,0,3.59,1.4214,0.43,,-0.33,,,equity,,
TRENDPULSE,"MSE.PA, Long, 2026-06-12 (Price: 70.21)",2026-06-18 (Price: 72.0),"2.55%, 6 days","100.0%, Past 4 years, 19","Daily, is CONFIRMED on 2026-06-12",Already confirmed,"2026-06-23 (Price: 70.82), 0.87% above",11 days,69.68,No Information,No Information,No Information,No Information,4.76%/0.41%/2.25%,N/A,"-0.0%, 13.59%",3.5 months/6 days/1.3 month,3.5 months/0 days/1.2 month,2026-11-11/2026-06-20/2026-08-07,8.04%,9.85%,-1.81%,1.25,0.65,72.4357/71.7897/71.81/No Horizontal Resistance/81.1364/117.7989/No EMA 200 Target,68.25/33.6667/58.4776/44.4738/No F-Track Level/No F-Track Level/64.57,90.31%/320/1.5 month (Across ALL Assets),80.18%/757/1.6 month (Across ALL Assets),"0, 2026-01-15 (Price: 67.55)",2026-06-10 (Price: 68.25),2026-06-12 (Price: 70.21),13/11/11 days,3.77% above/0.87% above/0.87% above,2026-01-15 (Price: 67.55)/2026-06-12 (Price: 68.1806),No Information,No Information,No Information,No Information,No Information,No Information,69.44,best,True,neutral,,,20.26,0,2.25,0.8429,0.62,,-1.81,,,equity,,
TRENDPULSE,"FPH.NZ, Long, 2026-06-11 (Price: 38.78)",No Exit Yet,"-3.02%, 12 days","85.71%, Past 4 years, 42","Daily, is CONFIRMED on 2026-06-11",Already confirmed,"2026-06-23 (Price: 37.61), 3.02% below",12 days,38.59,No Information,No Information,No Information,No Information,11.0%/0.47%/3.5%,-1.17%/-35.07%/-13.04%,"35.07%, 42.38%",5.1 months/11 days/1.9 month,7.9 months/0 days/2.2 months,2027-01-18/2026-06-26/2026-09-01,-2.25%,3.17%,-5.42%,0.02,0.16,41.1146/40.1373/40.35/40.93/40.9296/48.5677/No EMA 200 Target,32.38/22.5167/30.9793/26.1935/No F-Track Level/No F-Track Level/37.51,90.31%/320/1.5 month (Across ALL Assets),80.18%/757/1.6 month (Across ALL Assets),"2, 2026-03-03 (Price: 41.4)",2026-06-11 (Price: 38.78),2026-06-11 (Price: 38.78),12/12/12 days,3.02% below/3.02% below/3.02% below,2026-03-03 (Price: 41.4)/2026-06-11 (Price: 38.2697),No Information,No Information,No Information,No Information,No Information,No Information,81.82,watch,True,neutral,,,-9.61,0,1.1364,0.3062,13.16,,-5.42,,,equity,,
TRENDPULSE,"MEL.NZ, Long, 2026-06-11 (Price: 5.9)",No Exit Yet,"1.69%, 12 days","78.38%, Past 4 years, 37","Daily, is CONFIRMED on 2026-06-11",Already confirmed,"2026-06-23 (Price: 6.0), 1.69% above",12 days,5.86,No Information,No Information,No Information,No Information,18.47%/0.46%/3.96%,-0.34%/-6.51%/-2.89%,"6.51%, 16.22%",8.3 months/13 days/2.5 months,8.5 months/0 days/3.4 months,2027-06-06/2026-06-29/2026-09-27,11.58%,2.57%,9.01%,0.18,0.13,6.0162/6.1336/6.13/6.825/7.4565/8.4564/No EMA 200 Target,5.77/4.3875/4.8318/4.5145/No F-Track Level/No F-Track Level/5.7,90.31%/320/1.5 month (Across ALL Assets),80.18%/757/1.6 month (Across ALL Assets),"0, 2024-05-23 (Price: 6.28)",2026-06-09 (Price: 5.8),2026-06-11 (Price: 5.9),14/12/12 days,3.45% above/1.69% above/1.69% above,2024-05-23 (Price: 6.28)/2026-06-11 (Price: 5.6904),No Information,No Information,No Information,No Information,No Information,No Information,88.24,ok,True,pass,,,15.27,0,2.479,1.4388,1.03,,9.01,,,equity,,
TRENDPULSE,"SPOT, Long, 2026-06-10 (Price: 503.1)",No Exit Yet,"-9.46%, 13 days","100.0%, Past 4 years, 19","Daily, is CONFIRMED on 2026-06-10",Already confirmed,"2026-06-23 (Price: 455.5), 9.46% below",13 days,490.86,No Information,No Information,No Information,No Information,19.42%/0.36%/10.66%,N/A,"-0.0%, 26.79%",3.3 months/7 days/25 days,3.3 months/0 days/21 days,2026-10-31/2026-06-20/2026-07-16,27.09%,8.31%,18.78%,1.15,0.45,560.7553/556.7305/672.24/No Horizontal Resistance/853.8753/896.959/562.65,487.54/118.6/456.7863/433.8097/No F-Track Level/No F-Track Level/No EMA 200 Stop Loss,90.31%/320/1.5 month (Across ALL Assets),80.18%/757/1.6 month (Across ALL Assets),"8, 2025-06-27 (Price: 785.0)",2026-06-10 (Price: 503.1),2026-06-10 (Price: 503.1),13/13/13 days,9.46% below/9.46% below/9.46% below,2025-06-27 (Price: 785.0)/2026-06-10 (Price: 494.6648),No Information,No Information,No Information,No Information,No Information,No Information,38.1,tA,True,pass,,,83.0,0,10.66,9.9675,2.24,,18.78,,,equity,,
TRENDPULSE,"FPH.NZ, Long, 2026-06-10 (Price: 38.7)",No Exit Yet,"-2.82%, 13 days","85.71%, Past 4 years, 42","Daily, is CONFIRMED on 2026-06-10",Already confirmed,"2026-06-23 (Price: 37.61), 2.82% below",13 days,38.3,No Information,No Information,No Information,No Information,11.0%/0.47%/3.5%,-1.17%/-35.07%/-13.04%,"35.07%, 42.38%",5.1 months/11 days/1.9 month,7.9 months/0 days/2.2 months,2027-01-17/2026-06-25/2026-08-31,-2.25%,3.17%,-5.42%,0.02,0.16,41.0297/40.0545/40.32/40.93/40.9296/48.5677/No EMA 200 Target,32.38/22.5167/30.9793/26.1935/No F-Track Level/No F-Track Level/37.51,90.31%/320/1.5 month (Across ALL Assets),80.18%/757/1.6 month (Across ALL Assets),"4, 2026-03-03 (Price: 41.4)",2026-06-09 (Price: 38.3),2026-06-10 (Price: 38.7),14/13/13 days,1.8% below/2.82% below/2.82% below,2026-03-03 (Price: 41.4)/2026-06-10 (Price: 37.6212),No Information,No Information,No Information,No Information,No Information,No Information,80.3,watch,True,neutral,,,-9.61,0,1.1364,0.3062,13.16,,-5.42,,,equity,,
TRENDPULSE,"^NZ50, Long, 2026-06-10 (Price: 13253.6504)",2026-06-18 (Price: 13363.3096),"0.83%, 8 days","81.82%, Past 4 years, 11","Daily, is CONFIRMED on 2026-06-10",Already confirmed,"2026-06-23 (Price: 13435.7695), 1.37% above",13 days,13204.0801,No Information,No Information,No Information,No Information,2.56%/0.34%/1.32%,-1.04%/-9.56%/-5.3%,"9.56%, 19.48%",2.4 months/7 days/28 days,8 months/7 days/2 months,2026-09-22/2026-06-20/2026-07-20,2.82%,2.24%,0.58%,-0.11,-0.05,13467.0342/13428.5986/13553.04/13741.665/14773.8816/17170.3822/13286.99,13038.24/10608.2731/12904.4271/10062.5272/No F-Track Level/No F-Track Level/No EMA 200 Stop Loss,90.31%/320/1.5 month (Across ALL Assets),80.18%/757/1.6 month (Across ALL Assets),"4, 2026-01-09 (Price: 13752.6299)",2026-06-10 (Price: 13253.6504),2026-06-10 (Price: 13253.6504),13/13/13 days,1.37% above/1.37% above/1.37% above,2026-01-09 (Price: 13752.6299)/2026-06-10 (Price: 13165.5148),No Information,No Information,No Information,No Information,No Information,No Information,78.33,watch,True,neutral,,,-5.66,0,0.1165,-0.4168,0.45,,0.58,,,index,,
TRENDPULSE,"0700.HK, Long, 2026-06-10 (Price: 465.6)",No Exit Yet,"-10.91%, 13 days","100.0%, Past 4 years, 19","Daily, is CONFIRMED on 2026-06-10",Already confirmed,"2026-06-23 (Price: 414.8), 10.91% below",13 days,454.8,No Information,No Information,No Information,No Information,13.91%/0.72%/5.67%,N/A,"-0.0%, 8.29%",1.4 month/6 days/17 days,1.4 month/0 days/14 days,2026-08-09/2026-06-18/2026-07-04,18.8%,0.08%,18.72%,1.33,0.09,544.3795/491.9995/561.24/539.5/707.5571/895.8211/570.23,425.0/282.3421/447.5198/286.808/No F-Track Level/No F-Track Level/No EMA 200 Stop Loss,90.31%/320/1.5 month (Across ALL Assets),80.18%/757/1.6 month (Across ALL Assets),"2, 2026-01-29 (Price: 625.0)",2026-06-08 (Price: 446.4),2026-06-10 (Price: 465.6),15/13/13 days,7.08% below/10.91% below/10.91% below,2026-01-29 (Price: 625.0)/2026-06-10 (Price: 440.2368),No Information,No Information,No Information,No Information,No Information,No Information,7.14,ok,True,pass,,,83.0,0,5.67,5.6656,0.18,,18.72,,,equity,,
TRENDPULSE,"SPOT, Long, 2026-06-09 (Price: 496.22)",No Exit Yet,"-8.21%, 14 days","100.0%, Past 4 years, 19","Daily, is CONFIRMED on 2026-06-09",Already confirmed,"2026-06-23 (Price: 455.5), 8.21% below",14 days,495.86,No Information,No Information,No Information,No Information,19.42%/0.36%/10.66%,N/A,"-0.0%, 26.79%",3.3 months/7 days/25 days,3.3 months/0 days/21 days,2026-10-30/2026-06-19/2026-07-15,27.09%,8.31%,18.78%,1.15,0.45,553.0868/549.1171/669.49/No Horizontal Resistance/853.8753/896.959/563.59,487.54/118.6/456.7863/433.8097/No F-Track Level/No F-Track Level/No EMA 200 Stop Loss,90.31%/320/1.5 month (Across ALL Assets),80.18%/757/1.6 month (Across ALL Assets),"0, 2025-06-27 (Price: 785.0)",2026-06-09 (Price: 496.22),2026-06-09 (Price: 496.22),14/14/14 days,8.21% below/8.21% below/8.21% below,2025-06-27 (Price: 785.0)/2026-06-09 (Price: 491.7936),No Information,No Information,No Information,No Information,No Information,No Information,33.33,tA,True,pass,,,83.0,0,10.66,9.9675,2.24,,18.78,,,equity,,
TRENDPULSE,"TWR.NZ, Long, 2026-06-05 (Price: 1.94)",No Exit Yet,"-1.55%, 18 days","81.25%, Past 4 years, 16","Daily, is CONFIRMED on 2026-06-05",Already confirmed,"2026-06-23 (Price: 1.91), 1.55% below",18 days,1.935,No Information,No Information,No Information,No Information,8.82%/1.33%/4.01%,-6.41%/-14.81%/-12.01%,"14.81%, 23.13%",2.8 months/6 days/1.1 month,8.2 months/0 days/2.1 months,2026-10-04/2026-06-13/2026-07-22,1.9%,12.65%,-10.75%,-0.01,0.74,2.016/2.0178/2.05/No Horizontal Resistance/7.3695/7.9211/No EMA 200 Target,1.86/0.6472/No F-Stack Support/No F-Stack Support/No F-Track Level/No F-Track Level/1.89,90.31%/320/1.5 month (Across ALL Assets),80.18%/757/1.6 month (Across ALL Assets),"0, 2026-01-06 (Price: 2.12)",2026-06-05 (Price: 1.94),2026-06-05 (Price: 1.94),18/18/18 days,1.55% below/1.55% below/1.55% below,2026-01-06 (Price: 2.12)/2026-06-05 (Price: 1.9256),No Information,No Information,No Information,No Information,No Information,No Information,71.43,watch,True,neutral,,,-15.71,0,1.0062,-2.1563,3.83,,-10.75,,,equity,,
TRENDPULSE,"SJ.TO, Long, 2026-06-04 (Price: 81.3)",2026-06-18 (Price: 82.36),"1.3%, 14 days","70.0%, Past 4 years, 30","Daily, is CONFIRMED on 2026-06-04",Already confirmed,"2026-06-23 (Price: 82.4), 1.35% above",19 days,79.67,No Information,No Information,No Information,No Information,4.51%/1.3%/2.58%,-3.53%/-21.83%/-7.98%,"21.83%, 34.43%",5.6 months/6 days/19 days,10 months/0 days/2.2 months,2027-02-02/2026-06-12/2026-07-01,2.79%,10.21%,-7.42%,-0.23,0.55,83.2675/83.3975/91.46/84.3925/95.0177/123.2166/84.95,71.28/38.015/66.807/60.0601/No F-Track Level/No F-Track Level/No EMA 200 Stop Loss,90.31%/320/1.5 month (Across ALL Assets),80.18%/757/1.6 month (Across ALL Assets),"2, 2026-03-11 (Price: 98.24)",2026-06-03 (Price: 79.31),2026-06-04 (Price: 81.3),20/19/19 days,3.9% above/1.35% above/1.35% above,2026-03-11 (Price: 98.24)/2026-06-04 (Price: 77.6238),No Information,No Information,No Information,No Information,No Information,No Information,71.21,watch,True,neutral,,,-22.92,0,-0.588,-3.262,0.19,,-7.42,,,equity,,
TRENDPULSE,"DIA, Long, 2026-06-01 (Price: 511.44)",2026-06-18 (Price: 515.52),"0.8%, 17 days","77.27%, Past 4 years, 22","Daily, is CONFIRMED on 2026-06-01",Already confirmed,"2026-06-23 (Price: 516.62), 1.01% above",22 days,509.85,No Information,No Information,No Information,No Information,2.76%/0.39%/1.51%,-0.93%/-1.4%/-1.12%,"1.4%, 15.93%",2.7 months/6 days/22 days,7.1 months/6 days/1.6 month,2026-09-26/2026-06-09/2026-07-02,3.93%,8.29%,-4.36%,0.25,0.59,518.3956/519.1627/621.77/No Horizontal Resistance/538.1343/826.9871/No EMA 200 Target,493.98/321.6725/359.6128/249.2814/No F-Track Level/No F-Track Level/477.87,90.31%/320/1.5 month (Across ALL Assets),80.18%/757/1.6 month (Across ALL Assets),"2, 2023-03-22 (Price: 327.56)",2026-05-28 (Price: 507.05),2026-06-01 (Price: 511.44),26/22/22 days,1.89% above/1.01% above/1.01% above,2023-03-22 (Price: 327.56)/2026-06-01 (Price: 504.6718),No Information,No Information,No Information,No Information,No Information,No Information,54.17,watch,True,neutral,,,-1.4,0,0.9122,-0.6668,0.34,,-4.36,,,equity_etf,,
TRENDPULSE,"HOOD, Long, 2026-06-01 (Price: 90.73)",2026-06-18 (Price: 108.15),"19.2%, 17 days","96.3%, Past 4 years, 27","Daily, is CONFIRMED on 2026-06-01",Already confirmed,"2026-06-23 (Price: 103.25), 13.8% above",22 days,89.94,No Information,No Information,No Information,No Information,22.22%/3.89%/11.25%,-38.31%/-38.31%/-38.31%,"38.31%, 57.26%",3.7 months/6 days/27 days,8.2 months/6 days/1.2 month,2026-11-08/2026-06-09/2026-07-10,38.2%,17.57%,20.63%,0.82,0.81,109.0665/100.9371/92.28/No Horizontal Resistance/165.9118/199.7477/103.82,73.64/8.2917/84.2959/68.221/No F-Track Level/No F-Track Level/No EMA 200 Stop Loss,90.31%/320/1.5 month (Across ALL Assets),80.18%/757/1.6 month (Across ALL Assets),"2, 2026-04-17 (Price: 93.32)",2026-05-28 (Price: 84.84),2026-06-01 (Price: 90.73),26/22/22 days,21.7% above/13.8% above/13.8% above,2026-04-17 (Price: 93.32)/2026-06-01 (Price: 73.4875),No Information,No Information,No Information,No Information,No Information,No Information,38.89,best,True,pass,,,81.93,0,9.4163,6.9063,0.61,,20.63,,,equity,,
TRENDPULSE,"CRM, Long, 2026-06-01 (Price: 209.6)",No Exit Yet,"-26.8%, 22 days","100.0%, Past 4 years, 23","Daily, is CONFIRMED on 2026-06-01",Already confirmed,"2026-06-23 (Price: 153.42), 26.8% below",22 days,198.75,No Information,No Information,No Information,No Information,10.67%/0.57%/4.05%,N/A,"-0.0%, 31.2%",3.5 months/7 days/28 days,3.5 months/0 days/27 days,2026-10-31/2026-06-11/2026-07-11,4.46%,-2.68%,7.14%,1.14,-0.03,210.8157/218.0888/258.11/368.045/398.5273/443.7751/221.13,176.17/156.1/209.3181/186.7031/No F-Track Level/No F-Track Level/No EMA 200 Stop Loss,90.31%/320/1.5 month (Across ALL Assets),80.18%/757/1.6 month (Across ALL Assets),"2, 2025-03-25 (Price: 290.45)",2026-05-29 (Price: 191.1),2026-06-01 (Price: 209.6),25/22/22 days,19.72% below/26.8% below/26.8% below,2025-03-25 (Price: 290.45)/2026-06-01 (Price: 183.6313),No Information,No Information,No Information,No Information,No Information,No Information,18.52,best,True,pass,,,70.73,0,4.05,4.3371,,,7.14,,,equity,,
TRENDPULSE,"SFTBY, Long, 2026-05-31 (Price: 23.65)",No Exit Yet,"-14.16%, 23 days","100.0%, Past 20 years, 7","Monthly, is CONFIRMED on 2026-05-31",Already confirmed,"2026-06-23 (Price: 20.3), 14.16% below",23 days,16.84,No Information,No Information,No Information,No Information,48.64%/36.67%/39.66%,N/A,"-0.0%, 64.04%",1 year/5.1 months/10.4 months,1 year/0 days/5.9 months,2027-11-03/2027-01-07/2027-08-25,14.23%,13.35%,0.88%,1.04,0.6,26.514/33.0296/35.21/No Horizontal Resistance/23.8631/28.656/No EMA 200 Target,12.09/4.205/21.4583/19.7458/No F-Track Level/No F-Track Level/15.18,93.94%/66/10.9 months (Across ALL Assets),72.82%/195/9.4 months (Across ALL Assets),"8, 2013-07-31 (Price: 4.3775)",2026-04-30 (Price: 17.0),2026-05-31 (Price: 23.65),54/23/23 days,19.41% above/14.16% below/14.16% below,2013-07-31 (Price: 4.3775)/2026-05-31 (Price: 11.9909),No Information,No Information,No Information,No Information,No Information,No Information,87.01,tA,True,pass,,,73.71,8,39.66,30.2832,14.53,,0.88,,,equity,,
TRENDPULSE,"AMD, Long, 2026-05-31 (Price: 516.1)",No Exit Yet,"0.73%, 23 days","87.5%, Past 20 years, 16","Monthly, is CONFIRMED on 2026-05-31",Already confirmed,"2026-06-23 (Price: 519.85), 0.73% above",23 days,351.87,No Information,No Information,No Information,No Information,190.68%/3.99%/62.87%,-86.58%/-86.58%/-86.58%,"86.58%, 94.83%",2.1 years/5.1 months/11 months,4.6 years/0 days/1.3 year,2029-05-30/2027-01-07/2027-09-20,19.99%,8.51%,11.48%,0.48,0.5,1047.1669/840.5721/804.97/No Horizontal Resistance/No Target/No Target/No EMA 200 Target,97.35/80.125/346.1753/307.9609/No F-Track Level/No F-Track Level/237.58,93.94%/66/10.9 months (Across ALL Assets),72.82%/195/9.4 months (Across ALL Assets),"0, 2001-05-31 (Price: 34.65)",2026-04-30 (Price: 354.49),2026-05-05 (Price: 355.26),54/49/23 days,46.65% above/46.33% above/0.73% above,2001-05-31 (Price: 34.65)/2026-05-31 (Price: 282.3638),No Information,No Information,No Information,No Information,No Information,No Information,95.09,best,True,pass,,,39.93,8,44.1887,28.3844,1.88,,11.48,,,equity,,
TRENDPULSE,"ENZL, Long, 2026-05-31 (Price: 46.73)",No Exit Yet,"-5.47%, 23 days","83.33%, Past 20 years, 6","Monthly, is CONFIRMED on 2026-05-31",Already confirmed,"2026-06-23 (Price: 44.1747), 5.47% below",23 days,44.69,No Information,No Information,No Information,No Information,18.88%/18.88%/18.88%,-9.19%/-9.19%/-9.19%,"9.19%, 22.82%",1 year/1 year/1 year,1.7 year/0 days/7.5 months,2027-11-03 (Max),4.03%,1.48%,2.55%,0.22,-0.04,No Target/55.5526/48.94/64.905/79.7363/84.688/No EMA 200 Target,42.65/39.215/No F-Stack Support/No F-Stack Support/No F-Track Level/No F-Track Level/45.47,93.94%/66/10.9 months (Across ALL Assets),72.82%/195/9.4 months (Across ALL Assets),"6, 2024-09-30 (Price: 50.41)",2026-04-30 (Price: 44.62),2026-05-26 (Price: 44.87),54/28/23 days,1.0% below/1.55% below/5.47% below,2024-09-30 (Price: 50.41)/2026-05-31 (Price: 42.1355),No Information,No Information,No Information,No Information,No Information,No Information,89.78,ok,True,pass,,,17.15,8,14.2007,12.8793,5.47,,2.55,,,equity_etf,,
TRENDPULSE,"MEL.NZ, Long, 2026-05-31 (Price: 5.87)",No Exit Yet,"2.21%, 23 days","100.0%, Past 20 years, 11","Monthly, is CONFIRMED on 2026-05-31",Already confirmed,"2026-06-23 (Price: 6.0), 2.21% above",23 days,5.65,No Information,No Information,No Information,No Information,24.71%/12.8%/20.43%,N/A,"-0.0%, 41.24%",11.1 months/5 months/7.7 months,11.1 months/0 days/4.2 months,2027-09-25/2027-01-03/2027-04-30,6.94%,7.64%,-0.7%,0.93,0.45,6.9372/7.0692/6.48/6.825/7.4565/8.4213/No EMA 200 Target,5.53/4.3875/4.5145/3.5923/No F-Track Level/No F-Track Level/5.69,93.94%/66/10.9 months (Across ALL Assets),72.82%/195/9.4 months (Across ALL Assets),"2, 2024-07-31 (Price: 6.89)",2026-04-30 (Price: 5.68),2026-05-29 (Price: 5.87),54/25/23 days,5.63% above/2.21% above/2.21% above,2024-07-31 (Price: 6.89)/2026-05-31 (Price: 5.594),No Information,No Information,No Information,No Information,No Information,No Information,81.75,tA,True,pass,,,57.74,8,20.43,16.61,3.95,,-0.7,,,equity,,
TRENDPULSE,"ATZ.TO, Long, 2026-05-31 (Price: 154.8)",No Exit Yet,"1.03%, 23 days","100.0%, Past 20 years, 6","Monthly, is CONFIRMED on 2026-05-31",Already confirmed,"2026-06-23 (Price: 156.4), 1.03% above",23 days,144.06,No Information,No Information,No Information,No Information,9.72%/9.72%/9.72%,N/A,"-0.0%, 27.64%",7.1 months/7.1 months/7.1 months,7.1 months/0 days/3.5 months,2027-04-04 (Max),18.45%,17.17%,1.28%,0.91,0.76,247.1072/169.8466/236.86/No Horizontal Resistance/No Target/179.9964/No EMA 200 Target,21.57/31.98/119.4832/99.4929/No F-Track Level/No F-Track Level/110.94,93.94%/66/10.9 months (Across ALL Assets),72.82%/195/9.4 months (Across ALL Assets),"4, 2018-07-31 (Price: 18.03)",2026-04-30 (Price: 143.37),2026-05-25 (Price: 145.37),54/29/23 days,9.09% above/7.59% above/1.03% above,2018-07-31 (Price: 18.03)/2026-05-31 (Price: 120.2618),No Information,No Information,No Information,No Information,No Information,No Information,78.1,best,True,pass,,,32.64,8,9.72,2.5658,0.41,,1.28,,,equity,,
TRENDPULSE,"VEEV, Long, 2026-05-31 (Price: 174.34)",No Exit Yet,"-8.39%, 23 days","100.0%, Past 10 years, 13","Weekly, is CONFIRMED on 2026-05-29",Already confirmed,"2026-06-23 (Price: 159.71), 8.39% below",23 days,159.71,No Information,No Information,No Information,No Information,25.21%/8.75%/16.31%,N/A,"-0.0%, 27.93%",11.4 months/1.2 month/4.9 months,11.4 months/0 days/4.1 months,2027-10-08/2026-07-22/2026-12-29,17.65%,7.07%,10.58%,1.6,0.37,195.4177/202.7749/217.03/294.205/385.6289/433.1041/226.02,151.43/150.37/128.0996/88.1118/No F-Track Level/No F-Track Level/No EMA 200 Stop Loss,88.72%/133/4.6 months (Across ALL Assets),77.24%/369/4.1 months (Across ALL Assets),"2, 2026-01-11 (Price: 245.49)",2026-05-17 (Price: 158.86),2026-05-28 (Price: 164.38),37/26/23 days,0.54% above/2.84% below/8.39% below,2026-01-11 (Price: 245.49)/2026-05-31 (Price: 142.4098),No Information,No Information,No Information,No Information,No Information,No Information,81.15,tA,True,pass,,,59.74,0,16.31,12.8872,3.15,,10.58,,,equity,,
TRENDPULSE,"MSFT, Long, 2026-05-29 (Price: 450.24)",No Exit Yet,"-16.95%, 25 days","75.76%, Past 4 years, 33","Daily, is CONFIRMED on 2026-05-29",Already confirmed,"2026-06-23 (Price: 373.94), 16.95% below",25 days,432.55,No Information,No Information,No Information,No Information,10.58%/0.9%/3.31%,-2.87%/-11.4%/-6.18%,"11.4%, 26.99%",3.9 months/6 days/1.2 month,5.5 months/0 days/2 months,2026-11-14/2026-06-06/2026-07-20,8.52%,7.72%,0.8%,0.03,0.4,460.1453/465.1429/461.44/554.585/553.3726/615.9924/458.46,412.67/216.39/386.873/350.287/No F-Track Level/No F-Track Level/No EMA 200 Stop Loss,90.31%/320/1.5 month (Across ALL Assets),80.18%/757/1.6 month (Across ALL Assets),"8, 2026-04-17 (Price: 431.58)",2026-05-27 (Price: 412.67),2026-05-29 (Price: 450.24),27/25/25 days,9.39% below/16.95% below/16.95% below,2026-04-17 (Price: 431.58)/2026-05-29 (Price: 410.4699),No Information,No Information,No Information,No Information,No Information,No Information,58.33,watch,True,neutral,,,-0.54,0,1.0096,-0.8285,0.52,,0.8,,,equity,,
TRENDPULSE,"HOOD, Long, 2026-05-29 (Price: 94.3)",2026-06-18 (Price: 108.15),"14.69%, 20 days","96.3%, Past 4 years, 27","Daily, is CONFIRMED on 2026-05-29",Already confirmed,"2026-06-23 (Price: 103.25), 9.49% above",25 days,85.66,No Information,No Information,No Information,No Information,22.22%/3.89%/11.25%,-38.31%/-38.31%/-38.31%,"38.31%, 57.26%",3.7 months/6 days/27 days,8.2 months/6 days/1.2 month,2026-11-05/2026-06-06/2026-07-07,38.2%,17.57%,20.63%,0.82,0.81,113.358/104.9087/130.04/No Horizontal Resistance/164.8517/199.7477/103.91,73.64/8.2917/84.2959/No stop loss/No F-Track Level/No F-Track Level/No EMA 200 Stop Loss,90.31%/320/1.5 month (Across ALL Assets),80.18%/757/1.6 month (Across ALL Assets),"8, 2025-10-06 (Price: 153.86)",2026-05-28 (Price: 84.84),2026-05-29 (Price: 94.3),26/25/25 days,21.7% above/9.49% above/9.49% above,2025-10-06 (Price: 153.86)/2026-05-29 (Price: 80.1195),No Information,No Information,No Information,No Information,No Information,No Information,30.56,best,True,pass,,,81.93,0,9.4163,6.9063,0.61,,20.63,,,equity,,
TRENDPULSE,"VEEV, Long, 2026-05-29 (Price: 174.34)",No Exit Yet,"-8.39%, 25 days","88.89%, Past 4 years, 18","Daily, is CONFIRMED on 2026-05-29",Already confirmed,"2026-06-23 (Price: 159.71), 8.39% below",25 days,165.22,No Information,No Information,No Information,No Information,18.06%/0.94%/6.98%,-5.76%/-41.88%/-23.82%,"41.88%, 55.1%",1.8 month/14 days/23 days,11.5 months/0 days/1.5 month,2026-08-15/2026-06-18/2026-07-01,5.46%,-5.04%,10.5%,0.2,-0.12,178.1929/186.5089/247.35/294.205/385.6289/433.1041/226.02,155.73/150.37/128.0996/88.1118/No F-Track Level/No F-Track Level/No EMA 200 Stop Loss,90.31%/320/1.5 month (Across ALL Assets),80.18%/757/1.6 month (Across ALL Assets),"2, 2025-08-27 (Price: 296.02)",2026-05-28 (Price: 164.38),2026-05-29 (Price: 174.34),26/25/25 days,2.84% below/8.39% below/8.39% below,2025-08-27 (Price: 296.02)/2026-05-29 (Price: 163.6046),No Information,No Information,No Information,No Information,No Information,No Information,44.44,best,True,pass,,,38.48,0,3.5581,4.4581,2.8,,10.5,,,equity,,
TRENDPULSE,"BBTC.NS, Long, 2026-05-25 (Price: 1546.6)",No Exit Yet,"2.15%, 29 days","91.3%, Past 4 years, 23","Daily, is CONFIRMED on 2026-05-25",Already confirmed,"2026-06-23 (Price: 1579.8), 2.15% above",29 days,1533.8,No Information,No Information,No Information,No Information,14.78%/0.49%/7.9%,-13.42%/-13.42%/-13.42%,"13.42%, 27.11%",4.4 months/7 days/1.8 month,7.7 months/0 days/2 months,2026-12-02/2026-06-04/2026-08-11,12.03%,4.38%,7.65%,0.5,0.26,1610.4746/1668.7814/1899.64/2145.0/3412.111/3761.7441/1759.04,1465.6/846.25/1538.0338/1057.7422/No F-Track Level/No F-Track Level/No EMA 200 Stop Loss,90.31%/320/1.5 month (Across ALL Assets),80.18%/757/1.6 month (Across ALL Assets),"6, 2025-10-23 (Price: 2135.0)",2026-05-25 (Price: 1546.6),2026-05-25 (Price: 1546.6),29/29/29 days,2.15% above/2.15% above/2.15% above,2025-10-23 (Price: 2135.0)/2026-05-25 (Price: 1528.6542),No Information,No Information,No Information,No Information,No Information,No Information,51.67,tA,True,pass,,,44.65,0,6.0452,5.0023,2.99,,7.65,,,equity,,
TRENDPULSE,"TSLA, Long, 2026-05-24 (Price: 426.01)",No Exit Yet,"-10.42%, 1 month","100.0%, Past 10 years, 21","Weekly, is CONFIRMED on 2026-05-22",Already confirmed,"2026-06-23 (Price: 381.61), 10.42% below",1 month,419.27,No Information,No Information,No Information,No Information,91.2%/12.35%/39.81%,N/A,"-0.0%, 49.37%",4.9 months/28 days/2.1 months,4.9 months/0 days/2 months,2026-12-22/2026-07-03/2026-08-23,27.79%,28.24%,-0.45%,1.72,1.1,653.7123/595.6046/469.7/487.1467/541.282/564.9603/No EMA 200 Target,348.95/196.47/353.8797/223.4247/No F-Track Level/No F-Track Level/410.03,88.72%/133/4.6 months (Across ALL Assets),77.24%/369/4.1 months (Across ALL Assets),"2, 2025-12-28 (Price: 498.83)",2026-05-10 (Price: 428.35),2026-05-22 (Price: 426.01),44/32/30 days,10.91% below/10.42% below/10.42% below,2025-12-28 (Price: 498.83)/2026-05-24 (Price: 381.2956),No Information,No Information,No Information,No Information,No Information,No Information,98.33,tA,True,pass,,,72.1,93,39.81,33.0862,5.48,,-0.45,,,equity,,
TRENDPULSE,"SPY, Long, 2026-05-24 (Price: 745.64)",No Exit Yet,"-1.62%, 1 month","100.0%, Past 10 years, 26","Weekly, is CONFIRMED on 2026-05-22",Already confirmed,"2026-06-23 (Price: 733.58), 1.62% below",1 month,739.83,No Information,No Information,No Information,No Information,9.31%/2.85%/4.73%,N/A,"-0.0%, 32.23%",8.4 months/1.2 month/3.4 months,8.4 months/0 days/2.7 months,2027-05-24/2026-07-15/2026-10-18,8.23%,8.35%,-0.12%,1.45,0.56,805.2166/780.9088/1066.47/No Horizontal Resistance/969.1148/1522.3697/No EMA 200 Target,634.09/412.1625/627.1849/415.8599/No F-Track Level/No F-Track Level/678.85,88.72%/133/4.6 months (Across ALL Assets),77.24%/369/4.1 months (Across ALL Assets),"4, 2016-04-24 (Price: 210.92)",2026-05-24 (Price: 745.64),2026-05-20 (Price: 741.25),30/34/30 days,1.62% below/1.03% below/1.62% below,2016-04-24 (Price: 210.92)/2026-05-24 (Price: 732.6906),No Information,No Information,No Information,No Information,No Information,No Information,98.77,best,True,pass,,,20.7,93,4.73,2.0461,0.63,,-0.12,,,equity_etf,,
TRENDPULSE,"MEL.NZ, Long, 2026-05-24 (Price: 5.9)",No Exit Yet,"1.69%, 1 month","100.0%, Past 10 years, 21","Weekly, is CONFIRMED on 2026-05-22",Already confirmed,"2026-06-23 (Price: 6.0), 1.69% above",1 month,5.83,No Information,No Information,No Information,No Information,24.31%/1.96%/7.46%,N/A,"-0.0%, 22.1%",3.3 months/1.2 month/1.9 month,3.3 months/0 days/1.2 month,2026-10-14/2026-07-15/2026-08-14,11.45%,7.63%,3.82%,0.73,0.4,6.4404/6.3401/6.42/6.825/7.4565/8.4213/No EMA 200 Target,5.35/4.3875/4.5145/3.5923/No F-Track Level/No F-Track Level/5.68,88.72%/133/4.6 months (Across ALL Assets),77.24%/369/4.1 months (Across ALL Assets),"2, 2024-06-02 (Price: 6.76)",2026-05-10 (Price: 5.76),2026-05-21 (Price: 5.91),44/33/30 days,4.17% above/1.52% above/1.69% above,2024-06-02 (Price: 6.76)/2026-05-24 (Price: 5.6717),No Information,No Information,No Information,No Information,No Information,No Information,97.22,tA,True,pass,,,78.15,93,7.46,6.37,1.4,,3.82,,,equity,,
TRENDPULSE,"HDB, Long, 2026-05-21 (Price: 24.62)",2026-06-22 (Price: 25.09),"1.91%, 1.1 month","87.5%, Past 4 years, 16","Daily, is CONFIRMED on 2026-05-21",Already confirmed,"2026-06-23 (Price: 25.02), 1.62% above",1.1 month,24.47,No Information,No Information,No Information,No Information,5.45%/0.76%/3.48%,-0.81%/-0.81%/-0.81%,"0.81%, 14.63%",1.2 month/6 days/22 days,4.2 months/0 days/1 month,2026-07-12/2026-05-29/2026-06-21,10.96%,1.34%,9.62%,0.69,0.05,25.6565/25.4768/30.52/39.5717/40.717/51.346/32.59,23.88/No Horizontal Support/21.1884/14.0692/No F-Track Level/No F-Track Level/No EMA 200 Stop Loss,90.31%/320/1.5 month (Across ALL Assets),80.18%/757/1.6 month (Across ALL Assets),"2, 2026-02-03 (Price: 34.46)",2026-05-20 (Price: 24.63),2026-05-21 (Price: 24.62),34/33/33 days,1.58% above/1.62% above/1.62% above,2026-02-03 (Price: 34.46)/2026-05-21 (Price: 24.0736),No Information,No Information,No Information,No Information,No Information,No Information,96.67,best,True,pass,,,47.98,80,2.9438,2.7843,0.76,,9.62,,,equity,,
TRENDPULSE,"IBIT, Long, 2026-05-21 (Price: 44.0)",No Exit Yet,"-19.75%, 1.1 month","88.89%, Past 4 years, 9","Daily, is CONFIRMED on 2026-05-21",Already confirmed,"2026-06-23 (Price: 35.31), 19.75% below",1.1 month,43.75,No Information,No Information,No Information,No Information,7.07%/4.86%/6.35%,-34.83%/-34.83%/-34.83%,"34.83%, 49.36%",1.8 month/6 days/27 days,7.5 months/0 days/1.3 month,2026-08-07/2026-05-29/2026-06-29,-1.41%,8.7%,-10.11%,-0.05,0.47,47.4804/46.794/59.53/70.855/88.9078/123.2518/51.82,43.5/41.99/No F-Stack Support/No F-Stack Support/No F-Track Level/No F-Track Level/No EMA 200 Stop Loss,90.31%/320/1.5 month (Across ALL Assets),80.18%/757/1.6 month (Across ALL Assets),"0, 2025-08-13 (Price: 69.89)",2026-05-21 (Price: 44.0),2026-05-21 (Price: 44.0),33/33/33 days,19.75% below/19.75% below/19.75% below,2025-08-13 (Price: 69.89)/2026-05-21 (Price: 43.7366),No Information,No Information,No Information,No Information,No Information,No Information,97.44,watch,True,neutral,,,-8.89,80,1.7749,0.4285,,,-10.11,,,crypto_etf,,
TRENDPULSE,"NVDA, Long, 2026-05-20 (Price: 223.47)",No Exit Yet,"-10.48%, 1.1 month","92.59%, Past 4 years, 27","Daily, is CONFIRMED on 2026-05-20",Already confirmed,"2026-06-23 (Price: 200.04), 10.48% below",1.1 month,223.18,No Information,No Information,No Information,No Information,19.41%/2.64%/8.03%,-6.11%/-6.69%/-6.4%,"6.69%, 63.72%",21 days/6 days/11 days,7.3 months/0 days/23 days,2026-06-19/2026-05-28/2026-06-04,17.65%,43.48%,-25.83%,0.87,1.7,269.5272/241.4146/353.66/No Horizontal Resistance/239.8943/283.6698/No EMA 200 Target,196.5/13.9695/176.5924/152.8996/No F-Track Level/No F-Track Level/186.65,90.31%/320/1.5 month (Across ALL Assets),80.18%/757/1.6 month (Across ALL Assets),"4, 2020-01-24 (Price: 6.4875)",2026-05-19 (Price: 220.61),2026-05-20 (Price: 223.47),35/34/34 days,9.32% below/10.48% below/10.48% below,2020-01-24 (Price: 6.4875)/2026-05-20 (Price: 220.1165),No Information,No Information,No Information,No Information,No Information,No Information,95.65,tA,True,pass,,,55.81,80,6.9607,2.9923,4.54,,-25.83,,,equity,,
TRENDPULSE,"SPY, Long, 2026-05-17 (Price: 739.17)",No Exit Yet,"-0.76%, 1.2 month","100.0%, Past 10 years, 26","Weekly, is CONFIRMED on 2026-05-15",Already confirmed,"2026-06-23 (Price: 733.58), 0.76% below",1.2 month,736.45,No Information,No Information,No Information,No Information,9.31%/2.85%/4.73%,N/A,"-0.0%, 32.23%",8.4 months/1.2 month/3.4 months,8.4 months/0 days/2.7 months,2027-05-17/2026-07-08/2026-10-11,8.23%,8.35%,-0.12%,1.45,0.56,798.2297/774.1327/1056.12/No Horizontal Resistance/969.1148/1522.3697/No EMA 200 Target,634.09/412.1625/627.1849/415.8599/No F-Track Level/No F-Track Level/676.07,88.72%/133/4.6 months (Across ALL Assets),77.24%/369/4.1 months (Across ALL Assets),"4, 2016-04-24 (Price: 210.92)",2026-05-10 (Price: 737.62),2026-05-17 (Price: 739.17),44/37/37 days,0.55% below/0.76% below/0.76% below,2016-04-24 (Price: 210.92)/2026-05-17 (Price: 730.9072),No Information,No Information,No Information,No Information,No Information,No Information,98.77,best,True,pass,,,20.7,93,4.73,2.0461,0.6,,-0.12,,,equity_etf,,
TRENDPULSE,"IFT.NZ, Long, 2026-05-17 (Price: 15.25)",No Exit Yet,"-0.39%, 1.2 month","100.0%, Past 10 years, 25","Weekly, is CONFIRMED on 2026-05-15",Already confirmed,"2026-06-23 (Price: 15.19), 0.39% below",1.2 month,14.98,No Information,No Information,No Information,No Information,32.14%/0.49%/7.65%,N/A,"-0.0%, 24.36%",1.1 year/1.2 month/4.4 months,1.1 year/0 days/4.2 months,2027-12-11/2026-07-08/2026-11-24,10.67%,10.42%,0.25%,0.77,0.66,16.7003/16.4166/16.82/No Horizontal Resistance/18.927/29.733/No EMA 200 Target,10.75/7.3167/12.2485/8.121/No F-Track Level/No F-Track Level/11.85,88.72%/133/4.6 months (Across ALL Assets),77.24%/369/4.1 months (Across ALL Assets),"2, 2024-09-29 (Price: 12.625)",2026-05-10 (Price: 15.04),2026-05-17 (Price: 15.25),44/37/37 days,1.0% above/0.39% below/0.39% below,2024-09-29 (Price: 12.625)/2026-05-17 (Price: 12.9944),No Information,No Information,No Information,No Information,No Information,No Information,99.21,best,True,pass,,,21.72,93,7.65,2.44,0.4,,0.25,,,equity,,
TRENDPULSE,"GOOG, Long, 2026-05-14 (Price: 397.17)",No Exit Yet,"-12.86%, 1.3 month","100.0%, Past 4 years, 22","Daily, is CONFIRMED on 2026-05-14",Already confirmed,"2026-06-23 (Price: 346.08), 12.86% below",1.3 month,393.79,No Information,No Information,No Information,No Information,10.73%/0.93%/4.85%,N/A,"-0.0%, 25.37%",2.6 months/6 days/23 days,2.6 months/0 days/20 days,2026-09-03/2026-05-22/2026-06-16,18.99%,20.82%,-1.83%,1.22,1.07,No Target/416.4327/589.51/No Horizontal Resistance/505.0904/561.7053/No EMA 200 Target,273.14/84.51/365.3613/345.4418/No F-Track Level/No F-Track Level/290.27,90.31%/320/1.5 month (Across ALL Assets),80.18%/757/1.6 month (Across ALL Assets),"0, 2020-02-19 (Price: 76.6053)",2026-05-13 (Price: 399.04),2026-05-14 (Price: 397.17),41/40/40 days,13.27% below/12.86% below/12.86% below,2020-02-19 (Price: 76.6053)/2026-05-14 (Price: 382.837),No Information,No Information,No Information,No Information,No Information,No Information,95.0,tA,True,pass,,,66.72,80,4.85,3.1976,26.3,,-1.83,,,equity,,
TRENDPULSE,"NVDA, Long, 2026-05-14 (Price: 235.74)",No Exit Yet,"-15.14%, 1.3 month","92.59%, Past 4 years, 27","Daily, is CONFIRMED on 2026-05-14",Already confirmed,"2026-06-23 (Price: 200.04), 15.14% below",1.3 month,229.85,No Information,No Information,No Information,No Information,19.41%/2.64%/8.03%,-6.11%/-6.69%/-6.4%,"6.69%, 63.72%",21 days/6 days/11 days,7.3 months/0 days/23 days,2026-06-13/2026-05-22/2026-05-29,17.65%,43.48%,-25.83%,0.87,1.7,284.326/254.6699/373.29/No Horizontal Resistance/239.8943/283.6698/No EMA 200 Target,196.5/13.9695/176.5924/152.8996/No F-Track Level/No F-Track Level/185.74,90.31%/320/1.5 month (Across ALL Assets),80.18%/757/1.6 month (Across ALL Assets),"4, 2020-01-24 (Price: 6.4875)",2026-05-12 (Price: 220.78),2026-05-14 (Price: 235.74),42/40/40 days,9.39% below/15.14% below/15.14% below,2020-01-24 (Price: 6.4875)/2026-05-14 (Price: 218.85),No Information,No Information,No Information,No Information,No Information,No Information,95.65,tA,True,pass,,,55.81,80,6.9607,2.9923,4.54,,-25.83,,,equity,,
TRENDPULSE,"BABA, Long, 2026-05-14 (Price: 141.12)",No Exit Yet,"-27.3%, 1.3 month","82.14%, Past 4 years, 28","Daily, is CONFIRMED on 2026-05-14",Already confirmed,"2026-06-23 (Price: 102.6), 27.3% below",1.3 month,140.98,No Information,No Information,No Information,No Information,13.07%/2.31%/7.36%,-1.06%/-21.65%/-7.51%,"21.65%, 66.54%",3.1 months/7 days/1.1 month,9.5 months/0 days/1.7 month,2026-09-25/2026-05-24/2026-06-30,-3.4%,-8.12%,4.72%,0.49,-0.09,144.6339/151.5064/142.72/181.595/395.5515/453.696/149.06,130.43/67.495/138.4263/108.0763/No F-Track Level/No F-Track Level/No EMA 200 Stop Loss,90.31%/320/1.5 month (Across ALL Assets),80.18%/757/1.6 month (Across ALL Assets),"2, 2026-04-17 (Price: 143.78)",2026-05-13 (Price: 145.81),2026-05-14 (Price: 141.12),41/40/40 days,29.63% below/27.3% below/27.3% below,2026-04-17 (Price: 143.78)/2026-05-14 (Price: 133.8496),No Information,No Information,No Information,No Information,No Information,No Information,98.04,best,True,pass,,,47.99,80,4.7042,6.3475,0.22,,4.72,,,equity,,
TRENDPULSE,"CEN.NZ, Long, 2026-05-14 (Price: 9.9)",No Exit Yet,"-4.04%, 1.3 month","78.12%, Past 4 years, 32","Daily, is CONFIRMED on 2026-05-14",Already confirmed,"2026-06-23 (Price: 9.5), 4.04% below",1.3 month,9.86,No Information,No Information,No Information,No Information,7.56%/0.63%/2.49%,-0.65%/-5.63%/-3.02%,"5.63%, 16.17%",5.6 months/10 days/1.8 month,6.3 months/0 days/2.3 months,2027-01-12/2026-05-28/2026-07-31,1.26%,4.99%,-3.73%,0.15,0.25,10.0386/10.1465/9.99/No Horizontal Resistance/11.2606/15.4512/No EMA 200 Target,9.63/6.86/8.6706/No stop loss/No F-Track Level/No F-Track Level/9.31,90.31%/320/1.5 month (Across ALL Assets),80.18%/757/1.6 month (Across ALL Assets),"0, 2025-11-14 (Price: 9.75)",2026-05-13 (Price: 9.9),2026-05-14 (Price: 9.9),41/40/40 days,4.04% below/4.04% below/4.04% below,2025-11-14 (Price: 9.75)/2026-05-14 (Price: 9.7449),No Information,No Information,No Information,No Information,No Information,No Information,98.55,watch,True,neutral,,,-5.87,80,1.2844,-0.0819,1.25,,-3.73,,,equity,,
TRENDPULSE,"BBTC.NS, Long, 2026-05-14 (Price: 1537.9)",No Exit Yet,"2.72%, 1.3 month","91.3%, Past 4 years, 23","Daily, is CONFIRMED on 2026-05-14",Already confirmed,"2026-06-23 (Price: 1579.8), 2.72% above",1.3 month,1532.5,No Information,No Information,No Information,No Information,14.78%/0.49%/7.9%,-13.42%/-13.42%/-13.42%,"13.42%, 27.11%",4.4 months/7 days/1.8 month,7.7 months/0 days/2 months,2026-11-21/2026-05-24/2026-07-31,12.03%,4.38%,7.65%,0.5,0.26,1601.4153/1659.3941/1756.96/2145.0/3412.111/3761.7441/1773.69,1465.6/846.25/1057.7422/973.2526/No F-Track Level/No F-Track Level/No EMA 200 Stop Loss,90.31%/320/1.5 month (Across ALL Assets),80.18%/757/1.6 month (Across ALL Assets),"2, 2026-02-11 (Price: 1903.0)",2026-05-12 (Price: 1465.6),2026-05-14 (Price: 1537.9),42/40/40 days,7.79% above/2.72% above/2.72% above,2026-02-11 (Price: 1903.0)/2026-05-14 (Price: 1461.0542),No Information,No Information,No Information,No Information,No Information,No Information,98.33,tA,True,pass,,,44.65,80,6.0452,5.0023,1.09,,7.65,,,equity,,
TRENDPULSE,"BRK-B, Long, 2026-05-12 (Price: 484.96)",2026-06-18 (Price: 489.46),"0.93%, 1.2 month","100.0%, Past 4 years, 22","Daily, is CONFIRMED on 2026-05-12",Already confirmed,"2026-06-23 (Price: 492.81), 1.62% above",1.4 month,481.68,No Information,No Information,No Information,No Information,5.02%/0.7%/2.86%,N/A,"-0.0%, 7.4%",1.2 month/6 days/12 days,1.2 month/0 days/10 days,2026-07-03/2026-05-20/2026-05-29,12.87%,12.36%,0.51%,1.33,0.9,509.8384/498.8299/501.26/512.2133/630.85/709.9376/489.76,465.52/268.082/449.7662/405.99/No F-Track Level/No F-Track Level/No EMA 200 Stop Loss,90.31%/320/1.5 month (Across ALL Assets),80.18%/757/1.6 month (Across ALL Assets),"2, 2026-02-04 (Price: 512.13)",2026-05-08 (Price: 475.94),2026-05-12 (Price: 484.96),46/42/42 days,3.54% above/1.62% above/1.62% above,2026-02-04 (Price: 512.13)/2026-05-12 (Price: 474.521),No Information,No Information,No Information,No Information,No Information,No Information,90.0,best,True,pass,,,74.02,80,2.86,2.3695,0.52,,0.51,,,equity,,
TRENDPULSE,"ASHR, Long, 2026-05-10 (Price: 35.73)",No Exit Yet,"0.92%, 1.5 month","88.46%, Past 10 years, 26","Weekly, is CONFIRMED on 2026-05-08",Already confirmed,"2026-06-23 (Price: 36.06), 0.92% above",1.5 month,35.39,No Information,No Information,No Information,No Information,24.71%/0.16%/9.08%,-9.47%/-33.72%/-24.64%,"33.72%, 52.68%",10.3 months/28 days/4.2 months,3.9 years/0 days/7.6 months,2027-07-31/2026-06-19/2026-11-08,2.05%,2.22%,-0.17%,0.16,0.08,37.9881/38.9743/37.18/39.9467/60.2967/80.3432/No EMA 200 Target,32.0/23.36/No F-Stack Support/No F-Stack Support/No F-Track Level/No F-Track Level/32.73,88.72%/133/4.6 months (Across ALL Assets),77.24%/369/4.1 months (Across ALL Assets),"2, 2025-10-05 (Price: 33.32)",2026-05-10 (Price: 35.73),2026-05-08 (Price: 35.73),44/46/44 days,0.92% above/0.92% above/0.92% above,2025-10-05 (Price: 33.32)/2026-05-10 (Price: 35.187),No Information,No Information,No Information,No Information,No Information,No Information,99.56,ok,True,pass,,,3.37,93,5.1887,3.1801,0.98,,-0.17,,,equity_etf,,
TRENDPULSE,"MEL.NZ, Long, 2026-05-10 (Price: 5.76)",No Exit Yet,"4.17%, 1.5 month","100.0%, Past 10 years, 21","Weekly, is CONFIRMED on 2026-05-08",Already confirmed,"2026-06-23 (Price: 6.0), 4.17% above",1.5 month,5.69,No Information,No Information,No Information,No Information,24.31%/1.96%/7.46%,N/A,"-0.0%, 22.1%",3.3 months/1.2 month/1.9 month,3.3 months/0 days/1.2 month,2026-09-30/2026-07-01/2026-07-31,11.45%,7.63%,3.82%,0.73,0.4,6.2876/6.1897/6.44/6.825/7.4565/8.4213/No EMA 200 Target,5.35/4.3875/4.5145/3.5923/No F-Track Level/No F-Track Level/5.68,88.72%/133/4.6 months (Across ALL Assets),77.24%/369/4.1 months (Across ALL Assets),"0, 2024-07-21 (Price: 6.89)",2026-05-03 (Price: 5.72),2026-05-08 (Price: 5.76),51/46/44 days,4.9% above/4.17% above/4.17% above,2024-07-21 (Price: 6.89)/2026-05-10 (Price: 5.6562),No Information,No Information,No Information,No Information,No Information,No Information,97.22,tA,True,pass,,,78.15,93,7.46,6.37,1.4,,3.82,,,equity,,
TRENDPULSE,"TSLA, Long, 2026-05-08 (Price: 428.35)",No Exit Yet,"-10.91%, 1.5 month","86.36%, Past 4 years, 22","Daily, is CONFIRMED on 2026-05-08",Already confirmed,"2026-06-23 (Price: 381.61), 10.91% below",1.5 month,416.48,No Information,No Information,No Information,No Information,36.18%/2.12%/14.31%,-33.47%/-33.47%/-33.47%,"33.47%, 65.02%",1.6 month/6 days/16 days,5.4 months/0 days/1.2 month,2026-07-16/2026-05-16/2026-05-31,25.76%,23.33%,2.43%,0.34,0.95,460.4762/489.6469/438.33/487.1467/541.282/564.9603/No EMA 200 Target,372.8/196.47/353.8797/223.4247/No F-Track Level/No F-Track Level/404.39,90.31%/320/1.5 month (Across ALL Assets),80.18%/757/1.6 month (Across ALL Assets),"2, 2025-09-22 (Price: 444.98)",2026-05-07 (Price: 411.79),2026-05-08 (Price: 428.35),47/46/46 days,7.33% below/10.91% below/10.91% below,2025-09-22 (Price: 444.98)/2026-05-08 (Price: 404.6203),No Information,No Information,No Information,No Information,No Information,No Information,97.22,tA,True,pass,,,62.74,80,7.7928,4.4599,6.2,,2.43,,,equity,,
TRENDPULSE,"HDFCBANK.NS, Long, 2026-05-07 (Price: 796.05)",No Exit Yet,"-2.69%, 1.6 month","100.0%, Past 4 years, 21","Daily, is CONFIRMED on 2026-05-07",Already confirmed,"2026-06-23 (Price: 774.65), 2.69% below",1.6 month,794.0,No Information,No Information,No Information,No Information,8.15%/1.92%/4.45%,N/A,"-0.0%, 9.57%",3 months/6 days/1 month,3 months/0 days/24 days,2026-09-14/2026-05-15/2026-06-19,14.04%,4.97%,9.07%,1.18,0.25,815.6328/831.4742/922.26/1009.6/1098.0619/1180.6259/936.64,772.3/640.9/765.1075/697.8792/No F-Track Level/No F-Track Level/No EMA 200 Stop Loss,90.31%/320/1.5 month (Across ALL Assets),80.18%/757/1.6 month (Across ALL Assets),"4, 2026-01-05 (Price: 1006.4)",2026-05-06 (Price: 796.55),2026-05-07 (Price: 796.05),48/47/47 days,2.75% below/2.69% below/2.69% below,2026-01-05 (Price: 1006.4)/2026-05-07 (Price: 775.0131),No Information,No Information,No Information,No Information,No Information,No Information,95.83,tA,True,pass,,,78.58,80,4.45,3.9767,14.67,,9.07,,,equity,,
TRENDPULSE,"CEN.NZ, Long, 2026-05-07 (Price: 9.9)",No Exit Yet,"-4.04%, 1.6 month","78.12%, Past 4 years, 32","Daily, is CONFIRMED on 2026-05-07",Already confirmed,"2026-06-23 (Price: 9.5), 4.04% below",1.6 month,9.85,No Information,No Information,No Information,No Information,7.56%/0.63%/2.49%,-0.65%/-5.63%/-3.02%,"5.63%, 16.17%",5.6 months/10 days/1.8 month,6.3 months/0 days/2.3 months,2027-01-05/2026-05-21/2026-07-24,1.26%,4.99%,-3.73%,0.15,0.25,10.0386/10.1465/9.99/No Horizontal Resistance/11.2606/15.4512/No EMA 200 Target,9.23/6.86/8.6706/No stop loss/No F-Track Level/No F-Track Level/9.29,90.31%/320/1.5 month (Across ALL Assets),80.18%/757/1.6 month (Across ALL Assets),"0, 2025-11-14 (Price: 9.75)",2026-05-06 (Price: 9.79),2026-05-07 (Price: 9.9),48/47/47 days,2.96% below/4.04% below/4.04% below,2025-11-14 (Price: 9.75)/2026-05-07 (Price: 9.7518),No Information,No Information,No Information,No Information,No Information,No Information,98.55,watch,True,neutral,,,-5.87,80,1.2844,-0.0819,1.13,,-3.73,,,equity,,
TRENDPULSE,"GOOG, Long, 2026-05-06 (Price: 395.14)",No Exit Yet,"-12.42%, 1.6 month","100.0%, Past 4 years, 22","Daily, is CONFIRMED on 2026-05-06",Already confirmed,"2026-06-23 (Price: 346.08), 12.42% below",1.6 month,389.59,No Information,No Information,No Information,No Information,10.73%/0.93%/4.85%,N/A,"-0.0%, 25.37%",2.6 months/6 days/23 days,2.6 months/0 days/20 days,2026-08-26/2026-05-14/2026-06-08,18.99%,20.82%,-1.83%,1.22,1.07,No Target/414.3043/586.26/No Horizontal Resistance/505.0904/561.7053/No EMA 200 Target,273.14/84.51/365.3613/345.4418/No F-Track Level/No F-Track Level/284.28,90.31%/320/1.5 month (Across ALL Assets),80.18%/757/1.6 month (Across ALL Assets),"0, 2020-02-19 (Price: 76.6053)",2026-05-04 (Price: 379.64),2026-05-06 (Price: 395.14),50/48/48 days,8.84% below/12.42% below/12.42% below,2020-02-19 (Price: 76.6053)/2026-05-06 (Price: 380.0352),No Information,No Information,No Information,No Information,No Information,No Information,95.0,tA,True,pass,,,66.72,80,4.85,3.1976,26.3,,-1.83,,,equity,,
TRENDPULSE,"AMZN, Long, 2026-05-03 (Price: 268.26)",No Exit Yet,"-12.73%, 1.7 month","91.67%, Past 10 years, 24","Weekly, is CONFIRMED on 2026-05-01",Already confirmed,"2026-06-23 (Price: 234.11), 12.73% below",1.7 month,263.46,No Information,No Information,No Information,No Information,22.98%/2.35%/9.48%,-21.5%/-25.73%/-23.62%,"25.73%, 54.83%",1.1 year/28 days/4.4 months,2.2 years/0 days/5.9 months,2027-11-27/2026-06-12/2026-11-10,9.15%,15.83%,-6.68%,0.39,0.8,285.8579/293.691/274.06/No Horizontal Resistance/317.6152/339.3352/No EMA 200 Target,198.79/86.995/231.81/213.1321/No F-Track Level/No F-Track Level/227.38,88.72%/133/4.6 months (Across ALL Assets),77.24%/369/4.1 months (Across ALL Assets),"2, 2025-11-09 (Price: 258.6)",2026-04-19 (Price: 250.56),2026-04-30 (Price: 265.06),65/54/51 days,6.57% below/11.68% below/12.73% below,2025-11-09 (Price: 258.6)/2026-05-03 (Price: 234.45),No Information,No Information,No Information,No Information,No Information,No Information,99.44,watch,True,neutral,,,-4.62,93,6.7228,-4.3959,9.65,,-6.68,,,equity,,
TRENDPULSE,"PPL.TO, Long, 2026-05-03 (Price: 63.2)",2026-06-14 (Price: 67.59),"6.95%, 1.4 month","88.24%, Past 10 years, 17","Weekly, is CONFIRMED on 2026-05-01",Already confirmed,"2026-06-23 (Price: 66.98), 5.98% above",1.7 month,59.37,No Information,No Information,No Information,No Information,10.91%/2.92%/6.05%,-12.46%/-31.85%/-22.16%,"31.85%, 56.46%",2.3 years/1.2 month/7.7 months,2.3 years/1.2 month/8.3 months,2029-08-12/2026-06-24/2027-04-02,3.29%,4.52%,-1.23%,0.03,0.22,66.9351/67.0236/65.2/No Horizontal Resistance/65.6559/68.3455/No EMA 200 Target,58.17/37.49/56.5867/51.3443/No F-Track Level/No F-Track Level/55.41,88.72%/133/4.6 months (Across ALL Assets),77.24%/369/4.1 months (Across ALL Assets),"0, 2024-10-20 (Price: 59.86)",2026-04-26 (Price: 59.29),2026-05-01 (Price: 63.2),58/53/51 days,12.97% above/5.98% above/5.98% above,2024-10-20 (Price: 59.86)/2026-05-03 (Price: 58.8247),No Information,No Information,No Information,No Information,No Information,No Information,99.6,watch,True,neutral,,,-4.82,93,2.7325,-1.7337,0.46,,-1.23,,,equity,,
TRENDPULSE,"AIA.NZ, Long, 2026-05-01 (Price: 8.37)",2026-06-22 (Price: 8.52),"1.79%, 1.7 month","91.67%, Past 4 years, 36","Daily, is CONFIRMED on 2026-05-01",Already confirmed,"2026-06-23 (Price: 8.36), 0.12% below",1.8 month,8.25,No Information,No Information,No Information,No Information,7.1%/0.39%/3.52%,-3.83%/-6.37%/-5.35%,"6.37%, 18.81%",4.7 months/7 days/1.1 month,11.9 months/0 days/1.6 month,2026-11-21/2026-05-11/2026-06-17,10.06%,3.03%,7.03%,0.58,0.11,8.7266/8.6646/8.86/8.953/11.1706/12.8535/No EMA 200 Target,8.15/7.0/7.3934/6.6643/No F-Track Level/No F-Track Level/8.08,90.31%/320/1.5 month (Across ALL Assets),80.18%/757/1.6 month (Across ALL Assets),"2, 2026-02-27 (Price: 9.18)",2026-04-30 (Price: 8.25),2026-05-01 (Price: 8.37),54/53/53 days,1.33% above/0.12% below/0.12% below,2026-02-27 (Price: 9.18)/2026-05-01 (Price: 8.1055),No Information,No Information,No Information,No Information,No Information,No Information,97.92,best,True,pass,,,31.84,80,2.7811,2.204,1.4,,7.03,,,equity,,
TRENDPULSE,"^TNX, Long, 2026-04-30 (Price: 4.39)",No Exit Yet,"2.35%, 1.8 month","85.71%, Past 20 years, 14","Monthly, is CONFIRMED on 2026-04-30",Already confirmed,"2026-06-23 (Price: 4.493), 2.35% above",1.8 month,4.293,No Information,No Information,No Information,No Information,48.31%/4.17%/27.55%,-50.7%/-56.79%/-53.75%,"56.79%, 83.03%",1.4 year/4.1 months/6.5 months,3.5 years/0 days/10.4 months,2028-04-27/2026-10-23/2027-02-06,0.6%,-0.53%,1.13%,0.25,0.02,5.2013/5.5994/4.64/4.6918/17.4008/18.8284/No EMA 200 Target,3.96/1.6875/No F-Stack Support/No F-Stack Support/No F-Track Level/No F-Track Level/4.19,93.94%/66/10.9 months (Across ALL Assets),72.82%/195/9.4 months (Across ALL Assets),"2, 2025-01-31 (Price: 4.809)",2026-03-31 (Price: 4.311),2026-04-22 (Price: 4.294),84/62/54 days,4.22% above/4.63% above/2.35% above,2025-01-31 (Price: 4.809)/2026-04-30 (Price: 4.134),No Information,No Information,No Information,No Information,No Information,No Information,99.68,best,True,pass,,,20.32,96,15.9322,16.5884,4.09,,1.13,,,index,,
TRENDPULSE,"TRI.TO, Long, 2026-04-29 (Price: 127.74)",No Exit Yet,"-10.1%, 1.8 month","100.0%, Past 4 years, 25","Daily, is CONFIRMED on 2026-04-29",Already confirmed,"2026-06-23 (Price: 114.84), 10.1% below",1.8 month,123.06,No Information,No Information,No Information,No Information,7.54%/0.92%/4.0%,N/A,"-0.0%, 12.09%",5.6 months/4 days/1.5 month,5.6 months/0 days/1.2 month,2026-12-28/2026-05-04/2026-07-03,14.27%,1.96%,12.31%,1.14,0.06,131.5594/132.8496/189.1/240.8933/293.2329/372.3374/187.9,121.48/No Horizontal Support/93.0152/69.3828/No F-Track Level/No F-Track Level/No EMA 200 Stop Loss,90.31%/320/1.5 month (Across ALL Assets),80.18%/757/1.6 month (Across ALL Assets),"6, 2025-10-24 (Price: 230.0)",2026-04-28 (Price: 123.04),2026-04-29 (Price: 127.74),56/55/55 days,6.66% below/10.1% below/10.1% below,2025-10-24 (Price: 230.0)/2026-04-29 (Price: 120.5297),No Information,No Information,No Information,No Information,No Information,No Information,97.22,best,True,pass,,,54.87,80,4.0,3.72,0.21,,12.31,,,equity,,
TRENDPULSE,"ETH-USD, Long, 2026-04-26 (Price: 2369.729)",No Exit Yet,"-26.96%, 1.9 month","77.78%, Past 10 years, 9","Weekly, is CONFIRMED on 2026-04-24",Already confirmed,"2026-06-22 (Price: 1730.92), 26.96% below",1.9 month,2264.8735,No Information,No Information,No Information,No Information,33.27%/12.18%/21.42%,-8.08%/-58.01%/-33.05%,"58.01%, 76.79%",5.6 months/1.2 month/2 months,1.6 year/0 days/4.6 months,2026-12-25/2026-06-17/2026-07-21,6.94%,14.87%,-7.93%,0.19,0.84,4304.6127/2877.325/3920.13/4922.7188/4650.1074/4887.278/2779.67,1936.6/1370.4997/2286.2684/1681.3515/No F-Track Level/No F-Track Level/No EMA 200 Stop Loss,88.72%/133/4.6 months (Across ALL Assets),77.24%/369/4.1 months (Across ALL Assets),"2, 2025-08-24 (Price: 4953.7329)",2026-04-12 (Price: 2192.2012),2026-04-26 (Price: 2369.729),71/57/57 days,21.04% below/26.96% below/26.96% below,2025-08-24 (Price: 4953.7329)/2026-04-26 (Price: 2073.9977),No Information,No Information,No Information,No Information,No Information,No Information,99.28,watch,True,pass,,,-4.13,93,9.3168,1.1737,7.48,,-7.93,,,crypto,,
TRENDPULSE,"SFTBY, Long, 2026-04-26 (Price: 19.36)",2026-06-21 (Price: 23.41),"20.92%, 1.9 month","94.44%, Past 10 years, 18","Weekly, is CONFIRMED on 2026-04-24",Already confirmed,"2026-06-23 (Price: 20.3), 4.86% above",1.9 month,15.24,No Information,No Information,No Information,No Information,50.49%/7.64%/21.11%,-54.69%/-54.69%/-54.69%,"54.69%, 65.88%",8.4 months/28 days/2.4 months,1.8 year/28 days/3.5 months,2027-04-26/2026-06-05/2026-08-08,14.97%,13.54%,1.43%,0.71,0.62,22.8738/23.4469/21.24/No Horizontal Resistance/23.8631/28.656/No EMA 200 Target,10.91/4.205/18.3494/16.3581/No F-Track Level/No F-Track Level/14.06,88.72%/133/4.6 months (Across ALL Assets),77.24%/369/4.1 months (Across ALL Assets),"2, 2025-11-02 (Price: 22.5)",2026-04-19 (Price: 14.74),2026-04-21 (Price: 16.2),65/63/58 days,37.72% above/25.31% above/4.86% above,2025-11-02 (Price: 22.5)/2026-04-26 (Price: 13.0),No Information,No Information,No Information,No Information,No Information,No Information,99.05,tA,True,pass,,,55.77,93,16.8955,11.2538,2.2,,1.43,,,equity,,
TRENDPULSE,"TRI.TO, Long, 2026-04-21 (Price: 132.44)",No Exit Yet,"-13.29%, 2.1 months","100.0%, Past 4 years, 25","Daily, is CONFIRMED on 2026-04-21",Already confirmed,"2026-06-23 (Price: 114.84), 13.29% below",2.1 months,129.0,No Information,No Information,No Information,No Information,7.54%/0.92%/4.0%,N/A,"-0.0%, 12.09%",5.6 months/4 days/1.5 month,5.6 months/0 days/1.2 month,2026-12-20/2026-04-26/2026-06-25,14.27%,1.96%,12.31%,1.14,0.06,136.4/137.7376/190.98/240.8933/293.2329/372.3374/192.39,115.28/No Horizontal Support/131.2534/93.0152/No F-Track Level/No F-Track Level/No EMA 200 Stop Loss,90.31%/320/1.5 month (Across ALL Assets),80.18%/757/1.6 month (Across ALL Assets),"6, 2025-10-24 (Price: 230.0)",2026-04-17 (Price: 127.45),2026-04-21 (Price: 132.44),67/63/63 days,9.89% below/13.29% below/13.29% below,2025-10-24 (Price: 230.0)/2026-04-21 (Price: 125.6663),No Information,No Information,No Information,No Information,No Information,No Information,94.44,best,True,pass,,,54.87,60,4.0,3.72,0.21,,12.31,,,equity,,
TRENDPULSE,"KWEB, Long, 2026-04-15 (Price: 29.64)",No Exit Yet,"-17.38%, 2.3 months","100.0%, Past 4 years, 20","Daily, is CONFIRMED on 2026-04-15",Already confirmed,"2026-06-23 (Price: 24.49), 17.38% below",2.3 months,29.27,No Information,No Information,No Information,No Information,16.07%/2.37%/6.78%,N/A,"-0.0%, 44.9%",8.5 months/4 days/1.7 month,8.5 months/0 days/1.6 month,2027-04-19/2026-04-20/2026-06-27,17.43%,-9.9%,27.33%,1.18,-0.19,31.0538/31.6496/34.49/54.865/112.1402/127.8094/35.9,27.78/24.5062/No F-Stack Support/No F-Stack Support/No F-Track Level/No F-Track Level/No EMA 200 Stop Loss,90.31%/320/1.5 month (Across ALL Assets),80.18%/757/1.6 month (Across ALL Assets),"2, 2026-01-12 (Price: 37.73)",2026-04-13 (Price: 28.72),2026-04-15 (Price: 29.64),71/69/69 days,14.73% below/17.38% below/17.38% below,2026-01-12 (Price: 37.73)/2026-04-15 (Price: 28.4624),No Information,No Information,No Information,No Information,No Information,No Information,95.83,tA,True,pass,,,59.67,60,6.78,8.6657,,,27.33,,,equity_etf,,
TRENDPULSE,"NFLX, Long, 2026-04-14 (Price: 106.28)",No Exit Yet,"-31.48%, 2.3 months","88.24%, Past 4 years, 17","Daily, is CONFIRMED on 2026-04-14",Already confirmed,"2026-06-23 (Price: 72.82), 31.48% below",2.3 months,103.12,No Information,No Information,No Information,No Information,6.91%/0.45%/3.8%,-0.57%/-25.85%/-13.21%,"25.85%, 39.95%",2.7 months/7 days/1.8 month,7.7 months/0 days/2 months,2026-08-09/2026-04-24/2026-07-01,4.57%,6.04%,-1.47%,0.07,0.35,No Target/110.3186/122.98/No Horizontal Resistance/139.352/152.4292/106.29,90.92/34.8663/100.8852/86.4764/No F-Track Level/No F-Track Level/No EMA 200 Stop Loss,90.31%/320/1.5 month (Across ALL Assets),80.18%/757/1.6 month (Across ALL Assets),"10, 2025-06-30 (Price: 134.115)",2026-04-13 (Price: 103.16),2026-04-14 (Price: 106.28),71/70/70 days,29.41% below/31.48% below/31.48% below,2025-06-30 (Price: 134.115)/2026-04-14 (Price: 102.9195),No Information,No Information,No Information,No Information,No Information,No Information,96.67,ok,True,neutral,,,0.88,60,1.7996,0.3615,0.07,,-1.47,,,equity,,
TRENDPULSE,"AIA.NZ, Long, 2026-04-12 (Price: 8.25)",No Exit Yet,"1.33%, 2.4 months","100.0%, Past 10 years, 22","Weekly, is CONFIRMED on 2026-04-10",Already confirmed,"2026-06-23 (Price: 8.36), 1.33% above",2.4 months,8.1,No Information,No Information,No Information,No Information,14.03%/0.47%/6.61%,N/A,"-0.0%, 7.89%",3.5 months/28 days/2.4 months,3.5 months/0 days/1.9 month,2026-09-11/2026-05-22/2026-07-25,10.76%,5.84%,4.92%,1.18,0.3,8.9389/8.7953/8.61/8.953/11.1706/12.8535/No EMA 200 Target,7.97/7.0017/7.3934/6.6643/No F-Track Level/No F-Track Level/8.04,88.72%/133/4.6 months (Across ALL Assets),77.24%/369/4.1 months (Across ALL Assets),"6, 2025-02-09 (Price: 8.85)",2026-04-12 (Price: 8.25),2026-04-08 (Price: 8.27),72/76/72 days,1.33% above/1.09% above/1.33% above,2025-02-09 (Price: 8.85)/2026-04-12 (Price: 7.9897),No Information,No Information,No Information,No Information,No Information,No Information,96.49,tA,True,pass,,,54.21,87,6.61,5.289,1.73,,4.92,,,equity,,
TRENDPULSE,"NFLX, Long, 2026-04-10 (Price: 103.01)",No Exit Yet,"-29.31%, 2.5 months","88.24%, Past 4 years, 17","Daily, is CONFIRMED on 2026-04-10",Already confirmed,"2026-06-23 (Price: 72.82), 29.31% below",2.5 months,102.47,No Information,No Information,No Information,No Information,6.91%/0.45%/3.8%,-0.57%/-25.85%/-13.21%,"25.85%, 39.95%",2.7 months/7 days/1.8 month,7.7 months/0 days/2 months,2026-08-05/2026-04-20/2026-06-27,4.57%,6.04%,-1.47%,0.07,0.35,No Target/106.9244/121.67/No Horizontal Resistance/139.352/152.4292/106.54,90.92/34.8663/100.8852/86.4764/No F-Track Level/No F-Track Level/No EMA 200 Stop Loss,90.31%/320/1.5 month (Across ALL Assets),80.18%/757/1.6 month (Across ALL Assets),"8, 2025-06-30 (Price: 134.115)",2026-04-08 (Price: 99.39),2026-04-10 (Price: 103.01),76/74/74 days,26.73% below/29.31% below/29.31% below,2025-06-30 (Price: 134.115)/2026-04-10 (Price: 97.1447),No Information,No Information,No Information,No Information,No Information,No Information,96.67,ok,True,neutral,,,0.88,60,1.7996,0.3615,0.07,,-1.47,,,equity,,
TRENDPULSE,"^NZ50, Long, 2026-04-08 (Price: 13253.9404)",2026-06-18 (Price: 13363.3096),"0.83%, 2.4 months","81.82%, Past 4 years, 11","Daily, is CONFIRMED on 2026-04-08",Already confirmed,"2026-06-23 (Price: 13435.7695), 1.37% above",2.5 months,13069.6602,No Information,No Information,No Information,No Information,2.56%/0.34%/1.32%,-1.04%/-9.56%/-5.3%,"9.56%, 19.48%",2.4 months/7 days/28 days,8 months/7 days/2 months,2026-07-21/2026-04-18/2026-05-18,2.82%,2.24%,0.58%,-0.11,-0.05,13467.3288/13428.8924/13535.36/13741.665/14773.8816/17170.3822/No EMA 200 Target,12701.75/10608.2731/12904.4271/10062.5272/No F-Track Level/No F-Track Level/13231.93,90.31%/320/1.5 month (Across ALL Assets),80.18%/757/1.6 month (Across ALL Assets),"2, 2026-02-27 (Price: 13722.9697)",2026-04-07 (Price: 13069.6602),2026-04-08 (Price: 13253.9404),77/76/76 days,2.8% above/1.37% above/1.37% above,2026-02-27 (Price: 13722.9697)/2026-04-08 (Price: 13009.9938),No Information,No Information,No Information,No Information,No Information,No Information,96.67,watch,True,neutral,,,-5.66,60,0.1165,-0.4168,0.87,,0.58,,,index,,
TRENDPULSE,"^TNX, Long, 2026-03-29 (Price: 4.44)",No Exit Yet,"1.19%, 2.9 months","88.89%, Past 10 years, 18","Weekly, is CONFIRMED on 2026-03-27",Already confirmed,"2026-06-23 (Price: 4.493), 1.19% above",2.9 months,4.376,No Information,No Information,No Information,No Information,36.67%/4.7%/13.43%,-6.49%/-6.71%/-6.6%,"6.71%, 39.8%",11.7 months/28 days/3.7 months,1.4 year/0 days/4.9 months,2027-08-19/2026-05-08/2026-09-05,12.79%,1.56%,11.23%,0.73,0.17,4.924/5.0363/4.66/4.6918/17.4008/18.8284/No EMA 200 Target,3.96/1.6875/No F-Stack Support/No F-Stack Support/No F-Track Level/No F-Track Level/4.19,88.72%/133/4.6 months (Across ALL Assets),77.24%/369/4.1 months (Across ALL Assets),"4, 2025-01-19 (Price: 4.809)",2026-03-15 (Price: 4.285),2026-03-26 (Price: 4.416),100/89/86 days,4.85% above/1.74% above/1.19% above,2025-01-19 (Price: 4.809)/2026-03-29 (Price: 4.1351),No Information,No Information,No Information,No Information,No Information,No Information,98.64,tA,True,pass,,,42.02,87,11.2047,10.2947,1.99,,11.23,,,index,,
TRENDPULSE,"SBUX, Long, 2026-03-08 (Price: 98.99)",No Exit Yet,"2.08%, 3.6 months","75.0%, Past 10 years, 16","Weekly, is CONFIRMED on 2026-03-06",Already confirmed,"2026-06-23 (Price: 101.05), 2.08% above",3.6 months,95.71,No Information,No Information,No Information,No Information,18.56%/1.11%/11.94%,-8.97%/-16.17%/-10.77%,"16.17%, 42.95%",4.9 months/1.2 month/3.4 months,1.7 year/0 days/6.1 months,2026-10-06/2026-04-29/2026-08-02,5.16%,7.8%,-2.64%,0.29,0.41,107.8793/110.8094/115.39/117.0525/142.4098/150.3462/No EMA 200 Target,83.97/71.675/89.1063/76.529/No F-Track Level/No F-Track Level/88.94,88.72%/133/4.6 months (Across ALL Assets),77.24%/369/4.1 months (Across ALL Assets),"0, 2021-07-25 (Price: 126.32)",2026-03-08 (Price: 98.99),2026-03-06 (Price: 98.99),107/109/107 days,2.08% above/2.08% above/2.08% above,2021-07-25 (Price: 126.32)/2026-03-08 (Price: 94.9663),No Information,No Information,No Information,No Information,No Information,No Information,98.36,ok,True,neutral,,,1.94,80,6.2625,0.5982,1.01,,-2.64,,,equity,,
TRENDPULSE,"TRI.TO, Long, 2026-03-06 (Price: 151.44)",No Exit Yet,"-24.17%, 3.6 months","100.0%, Past 4 years, 25","Daily, is CONFIRMED on 2026-03-06",Already confirmed,"2026-06-23 (Price: 114.84), 24.17% below",3.6 months,147.39,No Information,No Information,No Information,No Information,7.54%/0.92%/4.0%,N/A,"-0.0%, 12.09%",5.6 months/4 days/1.5 month,5.6 months/0 days/1.2 month,2026-11-04/2026-03-11/2026-05-10,14.27%,1.96%,12.31%,1.14,0.06,155.9681/157.4976/240.12/240.8933/293.2329/368.7715/214.26,110.84/126.1128/131.2534/93.0152/No F-Track Level/No F-Track Level/No EMA 200 Stop Loss,90.31%/320/1.5 month (Across ALL Assets),80.18%/757/1.6 month (Across ALL Assets),"8, 2025-07-14 (Price: 299.24)",2026-03-04 (Price: 142.92),2026-03-06 (Price: 151.44),111/109/109 days,19.65% below/24.17% below/24.17% below,2025-07-14 (Price: 299.24)/2026-03-06 (Price: 141.2558),No Information,No Information,No Information,No Information,No Information,No Information,91.67,tA,True,pass,,,54.87,40,4.0,3.72,1.15,,12.31,,,equity,,
TRENDPULSE,"SPK.NZ, Long, 2026-03-06 (Price: 2.3)",No Exit Yet,"-20.87%, 3.6 months","80.0%, Past 4 years, 10","Daily, is CONFIRMED on 2026-03-06",Already confirmed,"2026-06-23 (Price: 1.82), 20.87% below",3.6 months,2.28,No Information,No Information,No Information,No Information,5.01%/3.53%/4.11%,-1.89%/-3.89%/-2.89%,"3.89%, 12.17%",1.2 month/8 days/18 days,6.6 months/0 days/1.4 month,2026-04-27/2026-03-17/2026-04-01,6.55%,-9.5%,16.05%,0.42,-0.75,2.357/2.3945/3.9/5.368/7.0949/7.5027/2.36,2.13/No Horizontal Support/No F-Stack Support/No F-Stack Support/No F-Track Level/No F-Track Level/No EMA 200 Stop Loss,90.31%/320/1.5 month (Across ALL Assets),80.18%/757/1.6 month (Across ALL Assets),"6, 2020-07-23 (Price: 4.965)",2026-03-06 (Price: 2.3),2026-03-06 (Price: 2.3),109/109/109 days,20.87% below/20.87% below/20.87% below,2020-07-23 (Price: 4.965)/2026-03-06 (Price: 2.2774),No Information,No Information,No Information,No Information,No Information,No Information,92.86,best,True,pass,,,38.92,40,2.71,4.2933,,,16.05,,,equity,,
TRENDPULSE,"XIU.TO, Long, 2026-03-01 (Price: 49.71)",2026-06-14 (Price: 51.75),"4.1%, 3.5 months","100.0%, Past 10 years, 17","Weekly, is CONFIRMED on 2026-02-27",Already confirmed,"2026-06-23 (Price: 51.92), 4.45% above",3.8 months,49.56,No Information,No Information,No Information,No Information,4.78%/1.1%/3.1%,N/A,"0%, 32.4%",1.1 year/28 days/3.9 months,1.1 year/28 days/3.9 months,2027-09-25/2026-04-10/2026-08-17,4.9%,4.74%,0.16%,1.7,0.24,50.6793/51.251/67.44/No Horizontal Resistance/53.8646/79.5406/No EMA 200 Target,35.35/27.9467/37.996/28.1885/No F-Track Level/No F-Track Level/44.14,88.72%/133/4.6 months (Across ALL Assets),77.24%/369/4.1 months (Across ALL Assets),"4, 2016-03-20 (Price: 20.16)",2026-02-22 (Price: 49.57),2026-02-27 (Price: 49.71),121/116/114 days,4.74% above/4.45% above/4.45% above,2016-03-20 (Price: 20.16)/2026-03-01 (Price: 48.8542),No Information,No Information,No Information,No Information,No Information,No Information,97.44,ok,True,neutral,,,13.57,80,3.1,0.8993,0.21,,0.16,,,equity_etf,,
TRENDPULSE,"AIA.NZ, Long, 2026-03-01 (Price: 9.16)",No Exit Yet,"-8.73%, 3.8 months","100.0%, Past 10 years, 22","Weekly, is CONFIRMED on 2026-02-27",Already confirmed,"2026-06-23 (Price: 8.36), 8.73% below",3.8 months,8.85,No Information,No Information,No Information,No Information,14.03%/0.47%/6.61%,N/A,"-0.0%, 7.89%",3.5 months/28 days/2.4 months,3.5 months/0 days/1.9 month,2026-07-31/2026-04-10/2026-06-13,10.76%,5.84%,4.92%,1.18,0.3,9.9249/9.7655/9.8/No Horizontal Resistance/11.1706/12.8535/No EMA 200 Target,7.47/7.0017/7.3934/6.6643/No F-Track Level/No F-Track Level/7.97,88.72%/133/4.6 months (Across ALL Assets),77.24%/369/4.1 months (Across ALL Assets),"2, 2025-06-22 (Price: 8.1)",2026-02-22 (Price: 8.88),2026-03-01 (Price: 9.16),121/114/114 days,5.86% below/8.73% below/8.73% below,2025-06-22 (Price: 8.1)/2026-03-01 (Price: 8.6371),No Information,No Information,No Information,No Information,No Information,No Information,94.74,tA,True,pass,,,54.21,80,6.61,5.289,1.42,,4.92,,,equity,,
TRENDPULSE,"BBD-B.TO, Long, 2026-03-01 (Price: 281.89)",2026-06-21 (Price: 314.87),"11.7%, 3.7 months","78.26%, Past 10 years, 23","Weekly, is CONFIRMED on 2026-02-27",Already confirmed,"2026-06-23 (Price: 318.64), 13.04% above",3.8 months,274.68,No Information,No Information,No Information,No Information,61.81%/8.33%/25.32%,-51.46%/-88.11%/-70.45%,"88.11%, 94.82%",1.3 year/1.2 month/4 months,2.7 years/1.2 month/8.6 months,2028-01-07/2026-04-22/2026-08-21,3.07%,2.81%,0.26%,0.04,0.31,322.313/353.2645/429.57/No Horizontal Resistance/675.785/850.042/No EMA 200 Target,155.01/53.275/273.2675/206.014/No F-Track Level/No F-Track Level/186.81,88.72%/133/4.6 months (Across ALL Assets),77.24%/369/4.1 months (Across ALL Assets),"4, 2016-03-27 (Price: 35.75)",2026-03-01 (Price: 281.89),2026-02-27 (Price: 281.89),114/116/114 days,13.04% above/13.04% above/13.04% above,2016-03-27 (Price: 35.75)/2026-03-01 (Price: 278.4989),No Information,No Information,No Information,No Information,No Information,No Information,98.84,ok,True,pass,,,1.45,80,4.4996,1.6227,1.78,,0.26,,,equity,,
TRENDPULSE,"EIF.TO, Long, 2026-03-01 (Price: 108.68)",2026-06-21 (Price: 133.62),"22.95%, 3.7 months","100.0%, Past 10 years, 31","Weekly, is CONFIRMED on 2026-02-27",Already confirmed,"2026-06-23 (Price: 131.42), 20.92% above",3.8 months,101.48,No Information,No Information,No Information,No Information,22.95%/2.68%/6.81%,N/A,"-0.0%, 42.92%",1.7 year/1.2 month/3.9 months,1.7 year/0 days/3.8 months,2028-08-03/2026-04-22/2026-08-17,7.94%,8.9%,-0.96%,1.38,0.46,116.4398/116.0811/157.92/No Horizontal Resistance/No Target/131.8678/No EMA 200 Target,47.67/38.216/88.2789/64.959/No F-Track Level/No F-Track Level/75.7,88.72%/133/4.6 months (Across ALL Assets),77.24%/369/4.1 months (Across ALL Assets),"2, 2016-02-28 (Price: 26.62)",2026-03-01 (Price: 108.68),2026-02-26 (Price: 109.23),114/117/114 days,20.92% above/20.31% above/20.92% above,2016-02-28 (Price: 26.62)/2026-03-01 (Price: 98.8018),No Information,No Information,No Information,No Information,No Information,No Information,97.37,best,True,pass,,,21.54,80,6.81,2.7838,0.21,,-0.96,,,equity,,
TRENDPULSE,"MEL.NZ, Long, 2026-02-28 (Price: 5.66)",No Exit Yet,"6.01%, 3.8 months","100.0%, Past 20 years, 11","Monthly, is CONFIRMED on 2026-02-28",Already confirmed,"2026-06-23 (Price: 6.0), 6.01% above",3.8 months,5.65,No Information,No Information,No Information,No Information,24.71%/12.8%/20.43%,N/A,"-0.0%, 41.24%",11.1 months/5 months/7.7 months,11.1 months/0 days/4.2 months,2027-06-25/2026-10-03/2027-01-28,6.94%,7.64%,-0.7%,0.93,0.45,6.689/6.8163/8.23/6.825/7.4565/8.4564/5.72,5.48/4.3875/4.8318/4.5145/No F-Track Level/No F-Track Level/No EMA 200 Stop Loss,93.94%/66/10.9 months (Across ALL Assets),72.82%/195/9.4 months (Across ALL Assets),"4, 2021-01-31 (Price: 9.94)",2026-01-31 (Price: 5.65),2026-02-27 (Price: 5.66),143/116/115 days,6.19% above/6.01% above/6.01% above,2021-01-31 (Price: 9.94)/2026-02-28 (Price: 5.4808),No Information,No Information,No Information,No Information,No Information,No Information,97.62,tA,True,pass,,,57.74,88,20.43,16.61,2.36,,-0.7,,,equity,,
TRENDPULSE,"BYD.TO, Long, 2026-02-28 (Price: 238.09)",No Exit Yet,"-46.17%, 3.8 months","93.75%, Past 20 years, 16","Monthly, is CONFIRMED on 2026-02-28",Already confirmed,"2026-06-23 (Price: 128.16), 46.17% below",3.8 months,221.66,No Information,No Information,No Information,No Information,21.68%/5.8%/10.46%,-53.77%/-53.77%/-53.77%,"53.77%, 59.58%",1.1 year/5.1 months/9.9 months,2.5 years/0 days/9.9 months,2027-09-24/2026-10-07/2027-05-04,12.45%,8.21%,4.24%,0.12,0.41,349.3971/262.9942/290.09/256.6133/367.2583/388.6839/No EMA 200 Target,192.05/188.685/229.0045/147.1212/No F-Track Level/No F-Track Level/219.24,93.94%/66/10.9 months (Across ALL Assets),72.82%/195/9.4 months (Across ALL Assets),"2, 2024-02-29 (Price: 324.75)",2026-01-31 (Price: 223.17),2026-02-26 (Price: 240.82),143/117/115 days,42.57% below/46.78% below/46.17% below,2024-02-29 (Price: 324.75)/2026-02-28 (Price: 213.2612),No Information,No Information,No Information,No Information,No Information,No Information,98.99,ok,True,neutral,,,8.93,88,6.4456,-3.2305,,,4.24,,,equity,,
TRENDPULSE,"DOL.TO, Long, 2026-02-24 (Price: 196.37)",2026-06-18 (Price: 187.85),"-4.34%, 3.8 months","96.77%, Past 4 years, 31","Daily, is CONFIRMED on 2026-02-24",Already confirmed,"2026-06-23 (Price: 186.19), 5.18% below",4 months,195.43,No Information,No Information,No Information,No Information,10.12%/0.29%/2.98%,-4.34%/-4.34%/-4.34%,"4.34%, 17.53%",4 months/6 days/1.3 month,4 months/6 days/1.4 month,2026-08-16/2026-03-04/2026-04-21,18.22%,17.72%,0.5%,0.78,1.15,202.9877/202.2218/204.52/197.56/294.0831/455.769/No EMA 200 Target,183.5/53.2967/194.1559/132.3972/No F-Track Level/No F-Track Level/189.15,90.31%/320/1.5 month (Across ALL Assets),80.18%/757/1.6 month (Across ALL Assets),"2, 2025-12-11 (Price: 209.96)",2026-02-23 (Price: 195.69),2026-02-24 (Price: 196.37),120/119/119 days,4.85% below/5.18% below/5.18% below,2025-12-11 (Price: 209.96)/2026-02-24 (Price: 192.3528),No Information,No Information,No Information,No Information,No Information,No Information,90.48,ok,True,neutral,,,19.87,20,2.7436,-0.2097,2.06,,0.5,,,equity,,
TRENDPULSE,"AIA.NZ, Long, 2026-02-23 (Price: 8.95)",2026-06-23 (Price: 8.36),"-6.59%, 4 months","91.67%, Past 4 years, 36","Daily, is CONFIRMED on 2026-02-23",Already confirmed,"2026-06-23 (Price: 8.36), 6.59% below",4 months,8.85,No Information,No Information,No Information,No Information,7.1%/0.39%/3.52%,-3.83%/-6.37%/-5.35%,"6.37%, 18.81%",4.7 months/7 days/1.1 month,11.9 months/0 days/1.6 month,2026-09-15/2026-03-05/2026-04-11,10.06%,3.03%,7.03%,0.58,0.11,9.3313/9.265/9.82/No Horizontal Resistance/11.1706/12.8535/No EMA 200 Target,8.13/7.0017/7.3934/6.6643/No F-Track Level/No F-Track Level/7.94,90.31%/320/1.5 month (Across ALL Assets),80.18%/757/1.6 month (Across ALL Assets),"2, 2024-10-09 (Price: 7.5)",2026-02-20 (Price: 8.88),2026-02-23 (Price: 8.95),123/120/120 days,5.86% below/6.59% below/6.59% below,2024-10-09 (Price: 7.5)/2026-02-23 (Price: 8.7059),No Information,No Information,No Information,No Information,No Information,No Information,91.67,best,True,pass,,,31.84,20,2.7811,2.204,1.28,,7.03,,,equity,,
TRENDPULSE,"CNR.TO, Long, 2026-02-22 (Price: 151.19)",2026-06-14 (Price: 166.47),"10.11%, 3.7 months","96.15%, Past 10 years, 26","Weekly, is CONFIRMED on 2026-02-20",Already confirmed,"2026-06-23 (Price: 163.27), 7.99% above",4 months,146.74,No Information,No Information,No Information,No Information,10.37%/1.53%/6.21%,-2.41%/-2.41%/-2.41%,"2.41%, 28.98%",1.3 year/28 days/4.6 months,1.3 year/28 days/4.8 months,2027-12-31/2026-04-03/2026-09-09,6.53%,6.85%,-0.32%,1.32,0.39,160.6091/160.5789/192.68/167.5729/218.156/349.4971/No EMA 200 Target,130.99/127.536/136.9828/86.815/No F-Track Level/No F-Track Level/136.36,88.72%/133/4.6 months (Across ALL Assets),77.24%/369/4.1 months (Across ALL Assets),"2, 2016-03-20 (Price: 82.04)",2026-02-15 (Price: 146.42),2026-02-22 (Price: 151.19),128/121/121 days,11.51% above/7.99% above/7.99% above,2016-03-20 (Price: 82.04)/2026-02-22 (Price: 142.0066),No Information,No Information,No Information,No Information,No Information,No Information,97.22,ok,True,pass,,,17.5,73,5.8781,1.9638,0.39,,-0.32,,,equity,,
TRENDPULSE,"MAR, Long, 2026-02-15 (Price: 353.89)",2026-06-21 (Price: 396.2),"11.96%, 4.2 months","82.14%, Past 10 years, 28","Weekly, is CONFIRMED on 2026-02-13",Already confirmed,"2026-06-23 (Price: 386.83), 9.31% above",4.3 months,331.25,No Information,No Information,No Information,No Information,16.53%/2.51%/7.88%,-9.23%/-12.52%/-10.55%,"12.52%, 61.32%",6.8 months/28 days/2.9 months,1.1 year/0 days/4.5 months,2026-12-07/2026-03-27/2026-06-21,11.78%,12.03%,-0.25%,0.3,0.61,406.655/381.7765/521.89/No Horizontal Resistance/372.972/399.3723/No EMA 200 Target,260.2/129.12/275.4012/235.5515/No F-Track Level/No F-Track Level/281.31,88.72%/133/4.6 months (Across ALL Assets),77.24%/369/4.1 months (Across ALL Assets),"4, 2016-03-20 (Price: 73.89)",2026-02-01 (Price: 315.3),2026-02-10 (Price: 359.35),142/133/128 days,22.69% above/7.65% above/9.31% above,2016-03-20 (Price: 73.89)/2026-02-15 (Price: 313.7038),No Information,No Information,No Information,No Information,No Information,No Information,97.04,ok,True,neutral,,,4.43,73,4.5884,-1.8562,0.29,,-0.25,,,equity,,
TRENDPULSE,"PG, Long, 2026-02-15 (Price: 160.07)",No Exit Yet,"-5.75%, 4.3 months","95.24%, Past 10 years, 21","Weekly, is CONFIRMED on 2026-02-13",Already confirmed,"2026-06-23 (Price: 150.86), 5.75% below",4.3 months,158.76,No Information,No Information,No Information,No Information,10.46%/1.7%/4.36%,-12.19%/-12.19%/-12.19%,"12.19%, 24.03%",1 year/28 days/4.1 months,1.2 year/0 days/4 months,2027-07-21/2026-03-27/2026-08-10,5.97%,4.04%,1.93%,0.37,0.17,168.3936/167.0491/172.02/179.4533/186.6499/209.3631/No EMA 200 Target,141.79/130.72/140.2317/117.5404/No F-Track Level/No F-Track Level/153.67,88.72%/133/4.6 months (Across ALL Assets),77.24%/369/4.1 months (Across ALL Assets),"2, 2025-03-09 (Price: 179.99)",2026-02-01 (Price: 151.77),2026-02-10 (Price: 159.08),142/133/128 days,0.6% below/5.17% below/5.75% below,2025-03-09 (Price: 179.99)/2026-02-15 (Price: 147.2108),No Information,No Information,No Information,No Information,No Information,No Information,96.67,ok,True,pass,,,12.72,73,3.5722,1.6484,0.73,,1.93,,,equity,,
TRENDPULSE,"GNE.NZ, Long, 2026-02-15 (Price: 2.47)",2026-06-23 (Price: 2.6),"5.26%, 4.3 months","88.89%, Past 10 years, 18","Weekly, is CONFIRMED on 2026-02-13",Already confirmed,"2026-06-23 (Price: 2.6), 5.26% above",4.3 months,2.46,No Information,No Information,No Information,No Information,8.45%/0.78%/4.81%,-9.06%/-22.37%/-15.71%,"22.37%, 34.69%",1.2 year/28 days/3.5 months,1.7 year/0 days/4.7 months,2027-11-02/2026-03-27/2026-07-17,3.48%,2.59%,0.89%,0.1,0.08,2.6377/2.5888/2.52/3.575/No Next Fib Ext/No Next Fib Ext/No EMA 200 Target,2.36/2.0733/No F-Stack Support/No F-Stack Support/No F-Track Level/No F-Track Level/2.38,88.72%/133/4.6 months (Across ALL Assets),77.24%/369/4.1 months (Across ALL Assets),"2, 2025-10-19 (Price: 2.56)",2026-02-08 (Price: 2.46),2026-02-13 (Price: 2.47),135/130/128 days,5.69% above/5.26% above/5.26% above,2025-10-19 (Price: 2.56)/2026-02-15 (Price: 2.4173),No Information,No Information,No Information,No Information,No Information,No Information,97.16,ok,True,pass,,,3.8,73,2.5302,1.081,0.57,,0.89,,,equity,,
TRENDPULSE,"MEL.NZ, Long, 2026-02-15 (Price: 5.76)",No Exit Yet,"4.17%, 4.3 months","100.0%, Past 10 years, 21","Weekly, is CONFIRMED on 2026-02-13",Already confirmed,"2026-06-23 (Price: 6.0), 4.17% above",4.3 months,5.65,No Information,No Information,No Information,No Information,24.31%/1.96%/7.46%,N/A,"-0.0%, 22.1%",3.3 months/1.2 month/1.9 month,3.3 months/0 days/1.2 month,2026-07-08/2026-04-08/2026-05-08,11.45%,7.63%,3.82%,0.73,0.4,6.2876/6.1897/6.44/6.825/7.4565/8.4564/No EMA 200 Target,5.46/4.3875/4.8318/4.5145/No F-Track Level/No F-Track Level/5.73,88.72%/133/4.6 months (Across ALL Assets),77.24%/369/4.1 months (Across ALL Assets),"8, 2024-07-21 (Price: 6.89)",2026-02-08 (Price: 5.71),2026-02-12 (Price: 5.79),135/131/128 days,5.08% above/3.63% above/4.17% above,2024-07-21 (Price: 6.89)/2026-02-15 (Price: 5.6192),No Information,No Information,No Information,No Information,No Information,No Information,88.89,tA,True,pass,,,78.15,73,7.46,6.37,1.66,,3.82,,,equity,,
TRENDPULSE,"ATD.TO, Long, 2026-02-15 (Price: 83.86)",No Exit Yet,"9.55%, 4.3 months","76.19%, Past 10 years, 21","Weekly, is CONFIRMED on 2026-02-13",Already confirmed,"2026-06-23 (Price: 91.87), 9.55% above",4.3 months,78.91,No Information,No Information,No Information,No Information,15.58%/3.82%/7.4%,-5.34%/-7.08%/-6.04%,"7.08%, 28.5%",8.4 months/28 days/3.5 months,2.1 years/0 days/7 months,2027-02-15/2026-03-27/2026-07-17,8.5%,13.98%,-5.48%,0.18,0.8,89.9734/90.0656/85.91/85.51/85.3936/96.14/No EMA 200 Target,70.84/45.49/59.8475/53.4732/No F-Track Level/No F-Track Level/72.49,88.72%/133/4.6 months (Across ALL Assets),77.24%/369/4.1 months (Across ALL Assets),"0, 2024-03-03 (Price: 87.27)",2026-02-15 (Price: 83.86),2026-02-13 (Price: 83.86),128/130/128 days,9.55% above/9.55% above/9.55% above,2024-03-03 (Price: 87.27)/2026-02-15 (Price: 78.3308),No Information,No Information,No Information,No Information,No Information,No Information,98.1,watch,True,warn,,,-12.53,73,4.1999,-7.4501,0.35,,-5.48,,,equity,,
TRENDPULSE,"MCD, Long, 2026-02-08 (Price: 327.16)",No Exit Yet,"-16.96%, 4.5 months","100.0%, Past 10 years, 19","Weekly, is CONFIRMED on 2026-02-06",Already confirmed,"2026-06-23 (Price: 271.66), 16.96% below",4.5 months,319.0,No Information,No Information,No Information,No Information,10.85%/1.47%/5.37%,N/A,"-0.0%, 16.82%",10.3 months/28 days/2.6 months,10.3 months/0 days/2.4 months,2027-05-01/2026-03-20/2026-05-31,8.39%,5.66%,2.73%,1.21,0.3,347.8038/344.7285/327.66/No Horizontal Resistance/370.0426/590.3302/No EMA 200 Target,303.26/228.4467/254.2758/233.8976/No F-Track Level/No F-Track Level/306.64,88.72%/133/4.6 months (Across ALL Assets),77.24%/369/4.1 months (Across ALL Assets),"4, 2025-03-16 (Price: 326.32)",2026-02-01 (Price: 315.0),2026-02-03 (Price: 319.48),142/140/135 days,13.76% below/14.97% below/16.96% below,2025-03-16 (Price: 326.32)/2026-02-08 (Price: 313.3668),No Information,No Information,No Information,No Information,No Information,No Information,94.44,best,True,pass,,,35.79,73,5.37,3.7529,0.84,,2.73,,,equity,,
TRENDPULSE,"ASHR, Long, 2026-01-31 (Price: 33.44)",No Exit Yet,"7.83%, 4.8 months","100.0%, Past 20 years, 5","Monthly, is CONFIRMED on 2026-01-31",Already confirmed,"2026-06-23 (Price: 36.06), 7.83% above",4.8 months,33.26,No Information,No Information,No Information,No Information,22.45%/16.86%/20.59%,N/A,"-0.0%, 12.65%",6.1 months/6 months/6.1 months,6.1 months/0 days/3.6 months,2026-10-23/2026-10-18/2026-10-23,6.81%,1.91%,4.9%,1.07,0.06,36.8676/40.3253/41.23/39.9467/60.2967/80.3432/No EMA 200 Target,25.82/23.68/No F-Stack Support/No F-Stack Support/No F-Track Level/No F-Track Level/30.41,93.94%/66/10.9 months (Across ALL Assets),72.82%/195/9.4 months (Across ALL Assets),"6, 2021-02-28 (Price: 46.42)",2025-12-31 (Price: 32.85),2026-01-02 (Price: 33.32),174/172/143 days,9.77% above/8.22% above/7.83% above,2021-02-28 (Price: 46.42)/2026-01-31 (Price: 32.0723),No Information,No Information,No Information,No Information,No Information,No Information,96.3,tA,True,pass,,,62.06,84,20.59,19.7714,1.31,,4.9,,,equity_etf,,
TRENDPULSE,"005930.KS, Long, 2026-01-31 (Price: 160500.0)",2026-06-23 (Price: 310000.0),"93.15%, 4.8 months","83.33%, Past 20 years, 12","Monthly, is CONFIRMED on 2026-01-31",Already confirmed,"2026-06-23 (Price: 310000.0), 93.15% above",4.8 months,120200.0,No Information,No Information,No Information,No Information,120.56%/2.02%/52.23%,-10.12%/-23.65%/-16.89%,"23.65%, 39.14%",2.3 years/4.7 months/9.8 months,3 years/4.7 months/1.1 year,2029-05-12/2026-08-23/2027-04-01,12.89%,13.48%,-0.59%,0.75,0.66,215021.85/244329.15/251616.0/No Horizontal Resistance/No Target/177417.2/No EMA 200 Target,52400.0/50833.3333/113095.2/103367.0/No F-Track Level/No F-Track Level/84101.75,93.94%/66/10.9 months (Across ALL Assets),72.82%/195/9.4 months (Across ALL Assets),"6, 2002-04-30 (Price: 8640.0)",2025-12-31 (Price: 119900.0),2026-01-28 (Price: 162400.0),174/146/143 days,158.55% above/90.89% above/93.15% above,2002-04-30 (Price: 8640.0)/2026-01-31 (Price: 113523.0769),No Information,No Information,No Information,No Information,No Information,No Information,98.99,best,True,pass,,,32.45,84,40.7077,19.5248,0.82,,-0.59,,,equity,,
TRENDPULSE,"0700.HK, Long, 2026-01-29 (Price: 622.0)",No Exit Yet,"-33.31%, 4.8 months","100.0%, Past 4 years, 19","Daily, is CONFIRMED on 2026-01-29",Already confirmed,"2026-06-23 (Price: 414.8), 33.31% below",4.8 months,614.5,No Information,No Information,No Information,No Information,13.91%/0.72%/5.67%,N/A,"-0.0%, 8.29%",1.4 month/6 days/17 days,1.4 month/0 days/14 days,2026-03-30/2026-02-06/2026-02-22,18.8%,0.08%,18.72%,1.33,0.09,727.2424/657.2674/658.6/No Horizontal Resistance/707.5571/895.8211/No EMA 200 Target,595.0/282.3421/447.5198/286.808/No F-Track Level/No F-Track Level/575.23,90.31%/320/1.5 month (Across ALL Assets),80.18%/757/1.6 month (Across ALL Assets),"4, 2025-10-02 (Price: 683.0)",2026-01-29 (Price: 622.0),2026-01-29 (Price: 622.0),145/145/145 days,33.31% below/33.31% below/33.31% below,2025-10-02 (Price: 683.0)/2026-01-29 (Price: 612.8532),No Information,No Information,No Information,No Information,No Information,No Information,71.43,best,True,pass,,,83.0,20,5.67,5.6656,0.18,,18.72,,,equity,,
TRENDPULSE,"DIS, Long, 2026-01-22 (Price: 113.21)",No Exit Yet,"-8.55%, 5.1 months","100.0%, Past 4 years, 15","Daily, is CONFIRMED on 2026-01-22",Already confirmed,"2026-06-23 (Price: 103.53), 8.55% below",5.1 months,113.17,No Information,No Information,No Information,No Information,9.92%/2.15%/4.32%,N/A,"-0.0%, 50.6%",5 months/7 days/1.5 month,5 months/0 days/24 days,2026-08-27/2026-02-01/2026-03-28,-1.85%,-1.27%,-0.58%,0.8,-0.06,114.2629/118.1007/120.1/168.455/207.5364/245.6322/No EMA 200 Target,110.34/79.415/94.0946/88.5027/No F-Track Level/No F-Track Level/111.22,90.31%/320/1.5 month (Across ALL Assets),80.18%/757/1.6 month (Across ALL Assets),"6, 2025-06-30 (Price: 124.69)",2026-01-21 (Price: 113.19),2026-01-22 (Price: 113.21),153/152/152 days,8.53% below/8.55% below/8.55% below,2025-06-30 (Price: 124.69)/2026-01-22 (Price: 111.7386),No Information,No Information,No Information,No Information,No Information,No Information,79.17,best,True,pass,,,66.79,0,4.32,4.441,0.47,,-0.58,,,equity,,
TRENDPULSE,"GS, Long, 2026-01-18 (Price: 962.0)",2026-06-21 (Price: 1096.5601),"13.99%, 5.1 months","100.0%, Past 10 years, 16","Weekly, is CONFIRMED on 2026-01-16",Already confirmed,"2026-06-23 (Price: 1094.4399), 13.77% above",5.2 months,934.0,No Information,No Information,No Information,No Information,16.64%/3.13%/7.2%,N/A,"-0.0%, 44.52%",1.5 year/1.2 month/3.9 months,1.5 year/0 days/3.7 months,2028-03-10/2026-03-11/2026-07-06,8.3%,10.2%,-1.9%,1.25,0.53,No Target/1031.264/1437.86/No Horizontal Resistance/No Target/1236.8362/No EMA 200 Target,470.81/288.555/794.5775/634.5288/No F-Track Level/No F-Track Level/727.07,88.72%/133/4.6 months (Across ALL Assets),77.24%/369/4.1 months (Across ALL Assets),"2, 2016-04-24 (Price: 168.9)",2026-01-18 (Price: 962.0),2026-01-15 (Price: 975.86),156/159/156 days,13.77% above/12.15% above/13.77% above,2016-04-24 (Price: 168.9)/2026-01-18 (Price: 938.1843),No Information,No Information,No Information,No Information,No Information,No Information,95.5,best,True,pass,,,20.69,67,7.2,2.7071,0.26,,-1.9,,,equity,,
TRENDPULSE,"MSE.PA, Long, 2026-01-18 (Price: 67.23)",2026-06-21 (Price: 71.55),"6.43%, 5.1 months","100.0%, Past 10 years, 22","Weekly, is CONFIRMED on 2026-01-16",Already confirmed,"2026-06-23 (Price: 70.82), 5.34% above",5.2 months,66.84,No Information,No Information,No Information,No Information,10.47%/2.5%/5.75%,N/A,"0%, 33.38%",1.4 year/1.2 month/4.4 months,1.4 year/1.2 month/4.4 months,2028-01-16/2026-03-11/2026-07-28,8.07%,4.18%,3.89%,1.84,0.18,71.1293/71.0957/89.05/No Horizontal Resistance/81.1364/117.7989/No EMA 200 Target,61.34/33.6667/58.4776/44.4738/No F-Track Level/No F-Track Level/60.53,88.72%/133/4.6 months (Across ALL Assets),77.24%/369/4.1 months (Across ALL Assets),"2, 2016-03-13 (Price: 30.865)",2026-01-18 (Price: 67.23),2026-01-18 (Price: 67.23),156/156/156 days,5.34% above/5.34% above/5.34% above,2016-03-13 (Price: 30.865)/2026-01-18 (Price: 66.601),No Information,No Information,No Information,No Information,No Information,No Information,96.21,best,True,pass,,,28.34,67,5.75,3.5605,0.43,,3.89,,,equity,,
TRENDPULSE,"SPK.NZ, Long, 2026-01-15 (Price: 2.35)",No Exit Yet,"-22.55%, 5.3 months","80.0%, Past 4 years, 10","Daily, is CONFIRMED on 2026-01-15",Already confirmed,"2026-06-23 (Price: 1.82), 22.55% below",5.3 months,2.3,No Information,No Information,No Information,No Information,5.01%/3.53%/4.11%,-1.89%/-3.89%/-2.89%,"3.89%, 12.17%",1.2 month/8 days/18 days,6.6 months/0 days/1.4 month,2026-03-08/2026-01-26/2026-02-10,6.55%,-9.5%,16.05%,0.42,-0.75,2.4083/2.4466/3.91/5.368/7.1072/7.5027/No EMA 200 Target,2.26/No Horizontal Support/No F-Stack Support/No F-Stack Support/No F-Track Level/No F-Track Level/2.34,90.31%/320/1.5 month (Across ALL Assets),80.18%/757/1.6 month (Across ALL Assets),"2, 2021-01-11 (Price: 4.95)",2026-01-14 (Price: 2.32),2026-01-15 (Price: 2.35),160/159/159 days,21.55% below/22.55% below/22.55% below,2021-01-11 (Price: 4.95)/2026-01-15 (Price: 2.2715),No Information,No Information,No Information,No Information,No Information,No Information,88.1,best,True,pass,,,38.92,0,2.71,4.2933,,,16.05,,,equity,,
TRENDPULSE,"AIA.NZ, Long, 2026-01-11 (Price: 8.54)",No Exit Yet,"-2.11%, 5.4 months","100.0%, Past 10 years, 22","Weekly, is CONFIRMED on 2026-01-09",Already confirmed,"2026-06-23 (Price: 8.36), 2.11% below",5.4 months,8.35,No Information,No Information,No Information,No Information,14.03%/0.47%/6.61%,N/A,"-0.0%, 7.89%",3.5 months/28 days/2.4 months,3.5 months/0 days/1.9 month,2026-06-12/2026-02-20/2026-04-25,10.76%,5.84%,4.92%,1.18,0.3,9.2531/9.1045/8.73/8.8962/11.1706/12.8535/No EMA 200 Target,7.47/7.0017/7.3934/6.6643/No F-Track Level/No F-Track Level/7.87,88.72%/133/4.6 months (Across ALL Assets),77.24%/369/4.1 months (Across ALL Assets),"4, 2025-02-09 (Price: 8.85)",2025-12-28 (Price: 8.28),2026-01-08 (Price: 8.5),177/166/163 days,0.97% above/1.65% below/2.11% below,2025-02-09 (Price: 8.85)/2026-01-11 (Price: 8.1731),No Information,No Information,No Information,No Information,No Information,No Information,91.23,tA,True,pass,,,54.21,67,6.61,5.289,1.13,,4.92,,,equity,,
TRENDPULSE,"BRK-B, Long, 2026-01-09 (Price: 499.1)",2026-06-23 (Price: 492.81),"-1.26%, 5.5 months","100.0%, Past 4 years, 22","Daily, is CONFIRMED on 2026-01-09",Already confirmed,"2026-06-23 (Price: 492.81), 1.26% below",5.5 months,498.94,No Information,No Information,No Information,No Information,5.02%/0.7%/2.86%,N/A,"-0.0%, 7.4%",1.2 month/6 days/12 days,1.2 month/0 days/10 days,2026-03-02/2026-01-17/2026-01-26,12.87%,12.36%,0.51%,1.33,0.9,524.7038/513.3743/509.57/512.255/630.85/709.9376/No EMA 200 Target,496.12/268.082/491.88/449.7662/No F-Track Level/No F-Track Level/497.22,90.31%/320/1.5 month (Across ALL Assets),80.18%/757/1.6 month (Across ALL Assets),"2, 2025-11-14 (Price: 516.55)",2026-01-09 (Price: 499.1),2026-01-09 (Price: 499.1),165/165/165 days,1.26% below/1.26% below/1.26% below,2025-11-14 (Price: 516.55)/2026-01-09 (Price: 496.4333),No Information,No Information,No Information,No Information,No Information,No Information,50.0,tA,True,pass,,,74.02,0,2.86,2.3695,15.16,,0.51,,,equity,,
TRENDPULSE,"DIS, Long, 2026-01-09 (Price: 115.88)",No Exit Yet,"-10.66%, 5.5 months","100.0%, Past 4 years, 15","Daily, is CONFIRMED on 2026-01-09",Already confirmed,"2026-06-23 (Price: 103.53), 10.66% below",5.5 months,114.31,No Information,No Information,No Information,No Information,9.92%/2.15%/4.32%,N/A,"-0.0%, 50.6%",5 months/7 days/1.5 month,5 months/0 days/24 days,2026-08-14/2026-01-19/2026-03-15,-1.85%,-1.27%,-0.58%,0.8,-0.06,116.9577/120.886/121.17/168.455/207.5364/245.6322/No EMA 200 Target,111.85/79.415/94.0946/88.5027/No F-Track Level/No F-Track Level/110.55,90.31%/320/1.5 month (Across ALL Assets),80.18%/757/1.6 month (Across ALL Assets),"6, 2025-06-30 (Price: 124.69)",2026-01-08 (Price: 114.17),2026-01-09 (Price: 115.88),166/165/165 days,9.32% below/10.66% below/10.66% below,2025-06-30 (Price: 124.69)/2026-01-09 (Price: 113.594),No Information,No Information,No Information,No Information,No Information,No Information,79.17,best,True,pass,,,66.79,0,4.32,4.441,0.47,,-0.58,,,equity,,
TRENDPULSE,"SUM.NZ, Long, 2026-01-06 (Price: 12.41)",No Exit Yet,"-29.09%, 5.6 months","100.0%, Past 4 years, 18","Daily, is CONFIRMED on 2026-01-06",Already confirmed,"2026-06-23 (Price: 8.8), 29.09% below",5.6 months,12.36,No Information,No Information,No Information,No Information,8.54%/2.04%/5.15%,N/A,"-0.0%, 20.48%",6.2 months/4 days/24 days,6.2 months/0 days/21 days,2026-10-02/2026-01-11/2026-02-09,15.74%,3.26%,12.48%,1.79,0.14,12.9163/13.0491/12.64/13.345/19.8479/26.5969/No EMA 200 Target,11.82/9.1367/11.0645/No stop loss/No F-Track Level/No F-Track Level/11.43,90.31%/320/1.5 month (Across ALL Assets),80.18%/757/1.6 month (Across ALL Assets),"2, 2025-11-18 (Price: 12.8)",2026-01-06 (Price: 12.41),2026-01-06 (Price: 12.41),168/168/168 days,29.09% below/29.09% below/29.09% below,2025-11-18 (Price: 12.8)/2026-01-06 (Price: 12.3236),No Information,No Information,No Information,No Information,No Information,No Information,76.19,tA,True,pass,,,83.0,0,5.15,4.8783,,,12.48,,,equity,,
TRENDPULSE,"0700.HK, Long, 2026-01-05 (Price: 624.5)",No Exit Yet,"-33.58%, 5.6 months","100.0%, Past 4 years, 19","Daily, is CONFIRMED on 2026-01-05",Already confirmed,"2026-06-23 (Price: 414.8), 33.58% below",5.6 months,624.0,No Information,No Information,No Information,No Information,13.91%/0.72%/5.67%,N/A,"-0.0%, 8.29%",1.4 month/6 days/17 days,1.4 month/0 days/14 days,2026-03-06/2026-01-13/2026-01-29,18.8%,0.08%,18.72%,1.33,0.09,730.1654/659.9091/659.6/No Horizontal Resistance/707.5571/895.8211/No EMA 200 Target,596.5/282.3421/447.5198/286.808/No F-Track Level/No F-Track Level/565.0,90.31%/320/1.5 month (Across ALL Assets),80.18%/757/1.6 month (Across ALL Assets),"2, 2025-10-02 (Price: 683.0)",2026-01-02 (Price: 623.0),2026-01-05 (Price: 624.5),172/169/169 days,33.42% below/33.58% below/33.58% below,2025-10-02 (Price: 683.0)/2026-01-05 (Price: 606.1645),No Information,No Information,No Information,No Information,No Information,No Information,64.29,best,True,pass,,,83.0,0,5.67,5.6656,0.18,,18.72,,,equity,,
TRENDPULSE,"MAR, Long, 2025-12-31 (Price: 310.24)",2026-05-31 (Price: 375.6),"21.07%, 5 months","100.0%, Past 20 years, 15","Monthly, is CONFIRMED on 2025-12-31",Already confirmed,"2026-06-23 (Price: 386.83), 24.69% above",5.8 months,302.43,No Information,No Information,No Information,No Information,30.2%/3.49%/16.93%,N/A,"0%, 34.42%",1.6 year/5 months/9.2 months,1.6 year/5 months/9.2 months,2028-04-13/2026-08-05/2027-02-03,9.1%,8.41%,0.69%,1.35,0.43,381.6262/362.7636/311.87/No Horizontal Resistance/372.972/399.3723/No EMA 200 Target,136.01/129.12/275.4012/235.5515/No F-Track Level/No F-Track Level/267.22,93.94%/66/10.9 months (Across ALL Assets),72.82%/195/9.4 months (Across ALL Assets),"2, 2025-02-28 (Price: 307.52)",2025-11-30 (Price: 304.79),2025-12-31 (Price: 310.24),205/174/174 days,26.92% above/24.69% above/24.69% above,2025-02-28 (Price: 307.52)/2025-12-31 (Price: 259.98),No Information,No Information,No Information,No Information,No Information,No Information,98.19,best,True,pass,,,25.66,80,16.93,7.719,0.59,,0.69,,,equity,,
TRENDPULSE,"MFT.NZ, Long, 2025-12-31 (Price: 68.62)",No Exit Yet,"-12.42%, 5.8 months","93.33%, Past 20 years, 15","Monthly, is CONFIRMED on 2025-12-31",Already confirmed,"2026-06-23 (Price: 60.1), 12.42% below",5.8 months,67.06,No Information,No Information,No Information,No Information,64.29%/5.7%/20.48%,-24.41%/-24.41%/-24.41%,"24.41%, 40.93%",1.8 year/5 months/8.6 months,3.2 years/0 days/8.9 months,2028-07-26/2026-08-05/2027-01-08,9.01%,11.83%,-2.82%,0.45,0.68,103.376/82.6734/87.32/85.45/105.252/119.9356/No EMA 200 Target,55.51/55.185/54.7158/45.8971/No F-Track Level/No F-Track Level/63.85,93.94%/66/10.9 months (Across ALL Assets),72.82%/195/9.4 months (Across ALL Assets),"0, 2021-09-30 (Price: 99.78)",2025-12-31 (Price: 68.62),2025-12-31 (Price: 68.62),174/174/174 days,12.42% below/12.42% below/12.42% below,2021-09-30 (Price: 99.78)/2025-12-31 (Price: 66.51),No Information,No Information,No Information,No Information,No Information,No Information,98.13,ok,True,pass,,,12.16,80,17.4858,4.9516,2.68,,-2.82,,,equity,,
TRENDPULSE,"MFT.NZ, Long, 2025-12-28 (Price: 69.01)",No Exit Yet,"-12.91%, 5.9 months","86.96%, Past 10 years, 23","Weekly, is CONFIRMED on 2025-12-26",Already confirmed,"2026-06-23 (Price: 60.1), 12.91% below",5.9 months,68.29,No Information,No Information,No Information,No Information,13.53%/1.78%/5.67%,-0.93%/-19.46%/-8.74%,"19.46%, 27.74%",1.2 year/1.2 month/5.4 months,2.1 years/0 days/7.2 months,2027-09-14/2026-02-18/2026-08-19,7.08%,8.72%,-1.64%,0.18,0.49,72.9574/72.9229/87.47/85.45/105.252/119.9356/No EMA 200 Target,58.66/55.185/54.7158/45.8971/No F-Track Level/No F-Track Level/63.83,88.72%/133/4.6 months (Across ALL Assets),77.24%/369/4.1 months (Across ALL Assets),"4, 2021-09-05 (Price: 99.78)",2025-12-21 (Price: 68.26),2025-12-24 (Price: 69.01),184/181/177 days,11.95% below/12.91% below/12.91% below,2021-09-05 (Price: 99.78)/2025-12-28 (Price: 66.4602),No Information,No Information,No Information,No Information,No Information,No Information,97.69,watch,True,neutral,,,-3.73,67,3.7909,-3.6834,2.37,,-1.64,,,equity,,
TRENDPULSE,"TRI.TO, Long, 2025-12-22 (Price: 182.89)",No Exit Yet,"-37.21%, 6.1 months","100.0%, Past 4 years, 25","Daily, is CONFIRMED on 2025-12-22",Already confirmed,"2026-06-23 (Price: 114.84), 37.21% below",6.1 months,182.27,No Information,No Information,No Information,No Information,7.54%/0.92%/4.0%,N/A,"-0.0%, 12.09%",5.6 months/4 days/1.5 month,5.6 months/0 days/1.2 month,2026-08-22/2025-12-27/2026-02-25,14.27%,1.96%,12.31%,1.14,0.06,188.3584/190.2056/252.7/240.8933/293.2329/455.2123/239.03,178.26/116.89/131.2534/93.0152/No F-Track Level/No F-Track Level/No EMA 200 Stop Loss,90.31%/320/1.5 month (Across ALL Assets),80.18%/757/1.6 month (Across ALL Assets),"4, 2025-07-14 (Price: 299.24)",2025-12-19 (Price: 182.02),2025-12-22 (Price: 182.89),186/183/183 days,36.91% below/37.21% below/37.21% below,2025-07-14 (Price: 299.24)/2025-12-22 (Price: 180.1944),No Information,No Information,No Information,No Information,No Information,No Information,83.33,best,True,pass,,,54.87,0,4.0,3.72,0.21,,12.31,,,equity,,
TRENDPULSE,"ADBE, Long, 2025-12-14 (Price: 356.43)",No Exit Yet,"-44.61%, 6.4 months","96.0%, Past 10 years, 25","Weekly, is CONFIRMED on 2025-12-12",Already confirmed,"2026-06-23 (Price: 197.43), 44.61% below",6.4 months,347.45,No Information,No Information,No Information,No Information,30.75%/3.26%/10.53%,-5.79%/-5.79%/-5.79%,"5.79%, 38.25%",1.1 year/28 days/2.9 months,1.1 year/0 days/2.7 months,2027-07-10/2026-01-23/2026-04-19,11.6%,8.87%,2.73%,0.97,0.46,406.8648/393.9621/522.91/636.07/719.5145/812.9837/367.23,320.13/332.985/343.16/318.6438/No F-Track Level/No F-Track Level/No EMA 200 Stop Loss,88.72%/133/4.6 months (Across ALL Assets),77.24%/369/4.1 months (Across ALL Assets),"2, 2023-12-17 (Price: 633.89)",2025-12-14 (Price: 356.43),2025-12-11 (Price: 350.43),191/194/191 days,44.61% below/43.66% below/44.61% below,2023-12-17 (Price: 633.89)/2025-12-14 (Price: 341.872),No Information,No Information,No Information,No Information,No Information,No Information,92.59,tA,True,pass,,,50.19,60,9.8772,7.0261,,,2.73,,,equity,,
TRENDPULSE,"CRM, Long, 2025-12-07 (Price: 260.57)",No Exit Yet,"-41.12%, 6.6 months","92.0%, Past 10 years, 25","Weekly, is CONFIRMED on 2025-12-05",Already confirmed,"2026-06-23 (Price: 153.42), 41.12% below",6.6 months,228.67,No Information,No Information,No Information,No Information,21.43%/3.11%/10.53%,-27.79%/-31.24%/-29.52%,"31.24%, 58.25%",9.8 months/1.2 month/3.2 months,1.7 year/0 days/4.3 months,2027-02-05/2026-01-28/2026-04-25,9.55%,6.76%,2.79%,0.39,0.35,291.4736/288.008/281.86/368.045/354.7868/402.2468/No EMA 200 Target,227.11/156.1/253.2538/209.3181/No F-Track Level/No F-Track Level/259.46,88.72%/133/4.6 months (Across ALL Assets),77.24%/369/4.1 months (Across ALL Assets),"4, 2025-05-18 (Price: 296.05)",2025-11-30 (Price: 230.54),2025-12-04 (Price: 247.46),205/201/198 days,33.45% below/38.0% below/41.12% below,2025-05-18 (Price: 296.05)/2025-12-07 (Price: 226.2988),No Information,No Information,No Information,No Information,No Information,No Information,95.35,best,True,pass,,,22.42,60,7.326,3.8655,,,2.79,,,equity,,
TRENDPULSE,"NAUKRI.NS, Long, 2025-12-02 (Price: 1386.6)",No Exit Yet,"-27.04%, 6.8 months","90.0%, Past 4 years, 30","Daily, is CONFIRMED on 2025-12-02",Already confirmed,"2026-06-23 (Price: 1011.6), 27.04% below",6.8 months,1375.0,No Information,No Information,No Information,No Information,11.41%/0.45%/5.01%,-17.54%/-17.54%/-17.54%,"17.54%, 29.37%",2.1 months/7 days/22 days,5.5 months/0 days/29 days,2026-03-03/2025-12-12/2026-01-02,17.06%,6.93%,10.13%,0.13,0.36,1438.5975/1456.0687/1406.58/1483.595/2223.4618/2377.3661/1397.42,1330.2/662.12/1095.4447/920.5126/No F-Track Level/No F-Track Level/No EMA 200 Stop Loss,90.31%/320/1.5 month (Across ALL Assets),80.18%/757/1.6 month (Across ALL Assets),"2, 2025-10-24 (Price: 1419.9)",2025-12-01 (Price: 1365.1),2025-12-02 (Price: 1386.6),204/203/203 days,25.9% below/27.04% below/27.04% below,2025-10-24 (Price: 1419.9)/2025-12-02 (Price: 1348.1),No Information,No Information,No Information,No Information,No Information,No Information,79.31,best,True,pass,,,36.34,0,2.755,1.9575,0.56,,10.13,,,equity,,
TRENDPULSE,"HDFCBANK.NS, Long, 2025-11-30 (Price: 1007.6)",No Exit Yet,"-23.12%, 6.8 months","78.57%, Past 20 years, 14","Monthly, is CONFIRMED on 2025-11-30",Already confirmed,"2026-06-23 (Price: 774.65), 23.12% below",6.8 months,985.0,No Information,No Information,No Information,No Information,23.14%/5.97%/13.59%,-1.01%/-11.13%/-7.76%,"11.13%, 17.76%",1 year/5 months/7.6 months,1.3 year/0 days/7.4 months,2027-05-05/2026-07-05/2026-10-26,8.88%,12.8%,-3.92%,0.37,0.71,1155.9187/1144.5328/1604.51/1009.6/1098.0619/1305.7899/No EMA 200 Target,701.7/640.9/962.8007/765.1075/No F-Track Level/No F-Track Level/956.06,93.94%/66/10.9 months (Across ALL Assets),72.82%/195/9.4 months (Across ALL Assets),"0, 2002-02-28 (Price: 12.75)",2025-11-30 (Price: 1007.6),2025-11-28 (Price: 1007.6),205/207/205 days,23.12% below/23.12% below/23.12% below,2002-02-28 (Price: 12.75)/2025-11-30 (Price: 979.6324),No Information,No Information,No Information,No Information,No Information,No Information,97.3,watch,True,neutral,,,-0.15,76,9.0147,-2.2615,11.03,,-3.92,,,equity,,
TRENDPULSE,"XIU.TO, Long, 2025-11-30 (Price: 46.43)",No Exit Yet,"11.82%, 6.8 months","100.0%, Past 20 years, 14","Monthly, is CONFIRMED on 2025-11-30",Already confirmed,"2026-06-23 (Price: 51.92), 11.82% above",6.8 months,45.21,No Information,No Information,No Information,No Information,12.69%/2.94%/7.95%,N/A,"-0.0%, 19.49%",1.2 year/4 months/7 months,1.2 year/0 days/6.5 months,2027-08-17/2026-05-22/2026-09-30,5.69%,4.39%,1.3%,2.04,0.21,52.7027/50.1212/67.39/No Horizontal Resistance/53.8646/79.5406/No EMA 200 Target,28.76/27.9467/37.996/28.1885/No F-Track Level/No F-Track Level/41.03,93.94%/66/10.9 months (Across ALL Assets),72.82%/195/9.4 months (Across ALL Assets),"2, 2002-03-31 (Price: 11.5)",2025-09-30 (Price: 44.77),2025-11-24 (Price: 45.37),266/211/205 days,15.97% above/14.44% above/11.82% above,2002-03-31 (Price: 11.5)/2025-11-30 (Price: 43.425),No Information,No Information,No Information,No Information,No Information,No Information,96.92,ok,True,pass,,,18.31,76,7.95,4.553,0.38,,1.3,,,equity_etf,,
TRENDPULSE,"EFN.TO, Long, 2025-11-30 (Price: 37.23)",No Exit Yet,"-22.48%, 6.8 months","100.0%, Past 10 years, 22","Weekly, is CONFIRMED on 2025-11-28",Already confirmed,"2026-06-23 (Price: 28.86), 22.48% below",6.8 months,36.72,No Information,No Information,No Information,No Information,26.0%/2.25%/9.22%,N/A,"-0.0%, 76.43%",6.1 months/1.4 month/2.7 months,6.1 months/0 days/1.9 month,2026-08-22/2026-01-29/2026-03-27,-1.8%,9.0%,-10.8%,0.83,0.45,39.9552/40.6626/50.03/No Horizontal Resistance/45.1741/70.5281/No EMA 200 Target,34.92/11.7733/29.5041/No stop loss/No F-Track Level/No F-Track Level/33.64,88.72%/133/4.6 months (Across ALL Assets),77.24%/369/4.1 months (Across ALL Assets),"0, 2016-05-29 (Price: 15.89)",2025-11-23 (Price: 36.72),2025-11-28 (Price: 37.23),212/207/205 days,21.41% below/22.48% below/22.48% below,2016-05-29 (Price: 15.89)/2025-11-30 (Price: 35.8961),No Information,No Information,No Information,No Information,No Information,No Information,89.47,best,True,pass,,,47.32,60,9.22,7.1843,0.16,,-10.8,,,equity,,
TRENDPULSE,"NA.TO, Long, 2025-11-30 (Price: 168.95)",2026-06-23 (Price: 224.32),"32.77%, 6.8 months","83.33%, Past 20 years, 12","Monthly, is CONFIRMED on 2025-11-30",Already confirmed,"2026-06-23 (Price: 224.32), 32.77% above",6.8 months,157.19,No Information,No Information,No Information,No Information,31.21%/8.86%/20.0%,-5.23%/-5.23%/-5.23%,"5.23%, 30.62%",1.5 year/5.1 months/9.2 months,1.5 year/5.1 months/10.4 months,2028-01-21/2026-07-09/2027-01-03,8.6%,7.92%,0.68%,1.07,0.47,189.6126/202.74/259.77/No Horizontal Resistance/188.6608/207.1743/No EMA 200 Target,118.77/82.9367/134.0186/119.9028/No F-Track Level/No F-Track Level/138.03,93.94%/66/10.9 months (Across ALL Assets),72.82%/195/9.4 months (Across ALL Assets),"0, 2002-04-30 (Price: 17.575)",2025-10-31 (Price: 156.7),2025-11-28 (Price: 168.95),235/207/205 days,43.15% above/32.77% above/32.77% above,2002-04-30 (Price: 17.575)/2025-11-30 (Price: 151.5703),No Information,No Information,No Information,No Information,No Information,No Information,98.08,best,True,pass,,,22.25,76,15.7942,5.9885,0.52,,0.68,,,equity,,
TRENDPULSE,"SUM.NZ, Long, 2025-11-18 (Price: 12.6)",No Exit Yet,"-30.16%, 7.2 months","100.0%, Past 4 years, 18","Daily, is CONFIRMED on 2025-11-18",Already confirmed,"2026-06-23 (Price: 8.8), 30.16% below",7.2 months,12.52,No Information,No Information,No Information,No Information,8.54%/2.04%/5.15%,N/A,"-0.0%, 20.48%",6.2 months/4 days/24 days,6.2 months/0 days/21 days,2026-08-14/2025-11-23/2025-12-22,15.74%,3.26%,12.48%,1.79,0.14,13.1141/13.2489/14.58/13.345/19.8479/26.5969/No EMA 200 Target,11.6/9.1367/11.0645/No stop loss/No F-Track Level/No F-Track Level/11.45,90.31%/320/1.5 month (Across ALL Assets),80.18%/757/1.6 month (Across ALL Assets),"4, 2020-01-23 (Price: 9.3)",2025-11-17 (Price: 12.65),2025-11-18 (Price: 12.6),218/217/217 days,30.43% below/30.16% below/30.16% below,2020-01-23 (Price: 9.3)/2025-11-18 (Price: 12.3204),No Information,No Information,No Information,No Information,No Information,No Information,66.67,tA,True,pass,,,83.0,0,5.15,4.8783,,,12.48,,,equity,,
TRENDPULSE,"BRK-B, Long, 2025-11-16 (Price: 508.94)",No Exit Yet,"-3.17%, 7.3 months","95.83%, Past 10 years, 24","Weekly, is CONFIRMED on 2025-11-14",Already confirmed,"2026-06-23 (Price: 492.81), 3.17% below",7.3 months,497.08,No Information,No Information,No Information,No Information,10.83%/2.26%/5.21%,-13.62%/-13.62%/-13.62%,"13.62%, 25.57%",3.7 months/1.2 month/2.1 months,10.7 months/0 days/1.9 month,2026-04-25/2026-01-07/2026-02-15,8.42%,8.94%,-0.52%,0.5,0.58,543.7006/535.4558/526.98/No Horizontal Resistance/630.85/709.9376/No EMA 200 Target,477.54/268.082/491.88/449.7662/No F-Track Level/No F-Track Level/496.0,88.72%/133/4.6 months (Across ALL Assets),77.24%/369/4.1 months (Across ALL Assets),"2, 2025-04-06 (Price: 539.0)",2025-11-16 (Price: 508.94),2025-11-12 (Price: 502.4),219/223/219 days,3.17% below/1.91% below/3.17% below,2025-04-06 (Price: 539.0)/2025-11-16 (Price: 495.9973),No Information,No Information,No Information,No Information,No Information,No Information,87.72,best,True,pass,,,23.18,53,4.4248,2.4027,27.61,,-0.52,,,equity,,
TRENDPULSE,"SUM.NZ, Long, 2025-11-16 (Price: 12.25)",No Exit Yet,"-28.16%, 7.3 months","72.73%, Past 10 years, 11","Weekly, is CONFIRMED on 2025-11-14",Already confirmed,"2026-06-23 (Price: 8.8), 28.16% below",7.3 months,11.86,No Information,No Information,No Information,No Information,8.29%/2.99%/5.63%,-8.88%/-9.39%/-9.22%,"9.39%, 47.61%",1.9 month/1.2 month/1.5 month,1.1 year/0 days/4.4 months,2026-02-06/2026-01-07/2026-01-20,-1.98%,9.1%,-11.08%,-0.08,0.49,13.3991/12.9397/12.84/13.345/19.8479/26.5969/No EMA 200 Target,10.66/9.1367/11.0645/No stop loss/No F-Track Level/No F-Track Level/11.45,88.72%/133/4.6 months (Across ALL Assets),77.24%/369/4.1 months (Across ALL Assets),"0, 2024-11-24 (Price: 13.24)",2025-11-09 (Price: 11.86),2025-11-14 (Price: 12.25),226/221/219 days,25.8% below/28.16% below/28.16% below,2024-11-24 (Price: 13.24)/2025-11-16 (Price: 11.6173),No Information,No Information,No Information,No Information,No Information,No Information,94.7,watch,True,neutral,,,-16.03,53,1.5804,-3.1863,,,-11.08,,,equity,,
TRENDPULSE,"DIS, Long, 2025-11-12 (Price: 116.65)",No Exit Yet,"-11.25%, 7.4 months","100.0%, Past 4 years, 15","Daily, is CONFIRMED on 2025-11-12",Already confirmed,"2026-06-23 (Price: 103.53), 11.25% below",7.4 months,114.57,No Information,No Information,No Information,No Information,9.92%/2.15%/4.32%,N/A,"-0.0%, 50.6%",5 months/7 days/1.5 month,5 months/0 days/24 days,2026-06-17/2025-11-22/2026-01-16,-1.85%,-1.27%,-0.58%,0.8,-0.06,117.7348/121.6893/121.47/168.455/207.5364/245.6322/No EMA 200 Target,110.24/79.415/94.0946/88.5027/No F-Track Level/No F-Track Level/110.16,90.31%/320/1.5 month (Across ALL Assets),80.18%/757/1.6 month (Across ALL Assets),"2, 2025-06-30 (Price: 124.69)",2025-11-10 (Price: 112.24),2025-11-12 (Price: 116.65),225/223/223 days,7.76% below/11.25% below/11.25% below,2025-06-30 (Price: 124.69)/2025-11-12 (Price: 112.1961),No Information,No Information,No Information,No Information,No Information,No Information,70.83,best,True,pass,,,66.79,0,4.32,4.441,0.47,,-0.58,,,equity,,
TRENDPULSE,"FRW.NZ, Long, 2025-10-31 (Price: 14.72)",No Exit Yet,"-10.73%, 7.8 months","87.5%, Past 20 years, 16","Monthly, is CONFIRMED on 2025-10-31",Already confirmed,"2026-06-23 (Price: 13.14), 10.73% below",7.8 months,13.7,No Information,No Information,No Information,No Information,25.1%/4.41%/13.53%,-3.66%/-3.66%/-3.66%,"3.66%, 17.71%",1.4 year/4 months/9.7 months,1.4 year/0 days/9.9 months,2027-10-29/2026-04-22/2026-12-26,10.09%,6.39%,3.7%,0.79,0.35,16.5983/16.7116/15.73/No Horizontal Resistance/16.2179/21.849/No EMA 200 Target,7.7/7.405/11.0078/7.8689/No F-Track Level/No F-Track Level/11.41,93.94%/66/10.9 months (Across ALL Assets),72.82%/195/9.4 months (Across ALL Assets),"0, 2022-01-31 (Price: 13.04)",2025-08-31 (Price: 12.16),2025-10-29 (Price: 13.73),296/237/235 days,8.06% above/4.3% below/10.73% below,2022-01-31 (Price: 13.04)/2025-10-31 (Price: 11.2035),No Information,No Information,No Information,No Information,No Information,No Information,97.64,best,True,pass,,,23.47,72,11.3812,3.8501,1.03,,3.7,,,equity,,
TRENDPULSE,"HDFCBANK.NS, Long, 2025-10-29 (Price: 1007.85)",No Exit Yet,"-23.14%, 7.9 months","100.0%, Past 4 years, 21","Daily, is CONFIRMED on 2025-10-29",Already confirmed,"2026-06-23 (Price: 774.65), 23.14% below",7.9 months,1004.9,No Information,No Information,No Information,No Information,8.15%/1.92%/4.45%,N/A,"-0.0%, 9.57%",3 months/6 days/1 month,3 months/0 days/24 days,2026-03-08/2025-11-06/2025-12-11,14.04%,4.97%,9.07%,1.18,0.25,1032.6431/1052.6993/1223.61/No Horizontal Resistance/1098.0619/1305.7899/No EMA 200 Target,945.05/640.9/962.8007/765.1075/No F-Track Level/No F-Track Level/939.21,90.31%/320/1.5 month (Across ALL Assets),80.18%/757/1.6 month (Across ALL Assets),"2, 2020-01-13 (Price: 648.25)",2025-10-29 (Price: 1007.85),2025-10-29 (Price: 1007.85),237/237/237 days,23.14% below/23.14% below/23.14% below,2020-01-13 (Price: 648.25)/2025-10-29 (Price: 1002.0011),No Information,No Information,No Information,No Information,No Information,No Information,70.83,tA,True,pass,,,78.58,0,4.45,3.9767,3.61,,9.07,,,equity,,
TRENDPULSE,"EFN.TO, Long, 2025-10-26 (Price: 37.71)",No Exit Yet,"-23.47%, 8 months","100.0%, Past 10 years, 22","Weekly, is CONFIRMED on 2025-10-24",Already confirmed,"2026-06-23 (Price: 28.86), 23.47% below",8 months,37.34,No Information,No Information,No Information,No Information,26.0%/2.25%/9.22%,N/A,"-0.0%, 76.43%",6.1 months/1.4 month/2.7 months,6.1 months/0 days/1.9 month,2026-07-18/2025-12-25/2026-02-20,-1.8%,9.0%,-10.8%,0.83,0.45,40.4704/41.1869/50.8/No Horizontal Resistance/45.1741/70.5281/No EMA 200 Target,36.01/11.7733/29.5041/No stop loss/No F-Track Level/No F-Track Level/32.61,88.72%/133/4.6 months (Across ALL Assets),77.24%/369/4.1 months (Across ALL Assets),"8, 2016-05-29 (Price: 15.89)",2025-10-12 (Price: 36.73),2025-10-23 (Price: 37.42),254/243/240 days,21.43% below/22.88% below/23.47% below,2016-05-29 (Price: 15.89)/2025-10-26 (Price: 36.5305),No Information,No Information,No Information,No Information,No Information,No Information,85.96,best,True,pass,,,47.32,47,9.22,7.1843,0.16,,-10.8,,,equity,,
TRENDPULSE,"HDFCBANK.NS, Long, 2025-10-20 (Price: 1002.95)",No Exit Yet,"-22.76%, 8.2 months","100.0%, Past 4 years, 21","Daily, is CONFIRMED on 2025-10-20",Already confirmed,"2026-06-23 (Price: 774.65), 22.76% below",8.2 months,997.0,No Information,No Information,No Information,No Information,8.15%/1.92%/4.45%,N/A,"-0.0%, 9.57%",3 months/6 days/1 month,3 months/0 days/24 days,2026-02-27/2025-10-28/2025-12-02,14.04%,4.97%,9.07%,1.18,0.25,1027.6226/1047.5813/1215.77/1004.15/1098.0619/1305.7899/No EMA 200 Target,945.05/640.9/962.8007/765.1075/No F-Track Level/No F-Track Level/935.19,90.31%/320/1.5 month (Across ALL Assets),80.18%/757/1.6 month (Across ALL Assets),"2, 2020-01-13 (Price: 648.25)",2025-10-20 (Price: 1002.95),2025-10-20 (Price: 1002.95),246/246/246 days,22.76% below/22.76% below/22.76% below,2020-01-13 (Price: 648.25)/2025-10-20 (Price: 997.0982),No Information,No Information,No Information,No Information,No Information,No Information,66.67,tA,True,pass,,,78.58,0,4.45,3.9767,3.61,,9.07,,,equity,,
TRENDPULSE,"MEL.NZ, Long, 2025-10-12 (Price: 5.98)",No Exit Yet,"0.33%, 8.5 months","100.0%, Past 10 years, 21","Weekly, is CONFIRMED on 2025-10-10",Already confirmed,"2026-06-23 (Price: 6.0), 0.33% above",8.5 months,5.9,No Information,No Information,No Information,No Information,24.31%/1.96%/7.46%,N/A,"-0.0%, 22.1%",3.3 months/1.2 month/1.9 month,3.3 months/0 days/1.2 month,2026-03-04/2025-12-03/2026-01-02,11.45%,7.63%,3.82%,0.73,0.4,6.5278/6.4261/6.45/6.825/7.4565/8.4213/No EMA 200 Target,5.56/4.3875/4.5145/3.5923/No F-Track Level/No F-Track Level/5.75,88.72%/133/4.6 months (Across ALL Assets),77.24%/369/4.1 months (Across ALL Assets),"0, 2024-06-02 (Price: 6.76)",2025-10-12 (Price: 5.98),2025-10-10 (Price: 5.98),254/256/254 days,0.33% above/0.33% above/0.33% above,2024-06-02 (Price: 6.76)/2025-10-12 (Price: 5.7725),No Information,No Information,No Information,No Information,No Information,No Information,77.78,tA,True,pass,,,78.15,47,7.46,6.37,1.79,,3.82,,,equity,,
TRENDPULSE,"NAUKRI.NS, Long, 2025-10-07 (Price: 1383.6)",No Exit Yet,"-26.89%, 8.6 months","90.0%, Past 4 years, 30","Daily, is CONFIRMED on 2025-10-07",Already confirmed,"2026-06-23 (Price: 1011.6), 26.89% below",8.6 months,1379.9,No Information,No Information,No Information,No Information,11.41%/0.45%/5.01%,-17.54%/-17.54%/-17.54%,"17.54%, 29.37%",2.1 months/7 days/22 days,5.5 months/0 days/29 days,2026-01-06/2025-10-17/2025-11-07,17.06%,6.93%,10.13%,0.13,0.36,1435.485/1452.9184/1648.91/1483.595/2223.4618/2377.3661/1446.05,1309.3/662.12/1095.4447/920.5126/No F-Track Level/No F-Track Level/No EMA 200 Stop Loss,90.31%/320/1.5 month (Across ALL Assets),80.18%/757/1.6 month (Across ALL Assets),"0, 2025-01-06 (Price: 1825.78)",2025-10-06 (Price: 1379.9),2025-10-07 (Price: 1383.6),260/259/259 days,26.69% below/26.89% below/26.89% below,2025-01-06 (Price: 1825.78)/2025-10-07 (Price: 1334.629),No Information,No Information,No Information,No Information,No Information,No Information,72.41,best,True,pass,,,36.34,0,2.755,1.9575,0.56,,10.13,,,equity,,
TRENDPULSE,"FSF.NZ, Long, 2025-10-05 (Price: 8.15)",No Exit Yet,"-12.15%, 8.7 months","80.0%, Past 10 years, 15","Weekly, is CONFIRMED on 2025-10-03",Already confirmed,"2026-06-23 (Price: 7.16), 12.15% below",8.7 months,7.94,No Information,No Information,No Information,No Information,13.3%/1.25%/5.91%,-6.34%/-10.05%/-7.66%,"10.05%, 27.7%",8.6 months/1.2 month/3.5 months,1.4 year/0 days/5.7 months,2026-10-13/2025-11-26/2026-03-06,4.39%,0.23%,4.16%,0.15,-0.07,8.5062/8.6317/9.53/No Horizontal Resistance/8.4284/9.7443/No EMA 200 Target,4.83/2.942/6.3611/No stop loss/No F-Track Level/No F-Track Level/6.09,88.72%/133/4.6 months (Across ALL Assets),77.24%/369/4.1 months (Across ALL Assets),"2, 2016-06-05 (Price: 5.85)",2025-09-28 (Price: 7.91),2025-10-02 (Price: 7.98),268/264/261 days,9.48% below/10.28% below/12.15% below,2016-06-05 (Price: 5.85)/2025-10-05 (Price: 7.7389),No Information,No Information,No Information,No Information,No Information,No Information,95.32,ok,True,pass,,,12.58,47,3.196,3.0399,0.53,,4.16,,,equity,,
TRENDPULSE,"SPY, Long, 2025-09-30 (Price: 666.18)",No Exit Yet,"10.12%, 8.9 months","80.0%, Past 20 years, 10","Monthly, is CONFIRMED on 2025-09-30",Already confirmed,"2026-06-23 (Price: 733.58), 10.12% above",8.9 months,637.5,No Information,No Information,No Information,No Information,13.4%/8.58%/11.25%,-5.51%/-5.51%/-5.51%,"5.51%, 13.47%",1.1 year/4 months/8.8 months,1.2 year/0 days/9 months,2027-04-26/2026-03-22/2026-10-17,5.38%,5.18%,0.2%,0.53,0.28,768.1722/741.1252/1004.58/No Horizontal Resistance/969.1148/1522.3697/No EMA 200 Target,554.54/412.1625/627.1849/415.8599/No F-Track Level/No F-Track Level/600.46,93.94%/66/10.9 months (Across ALL Assets),72.82%/195/9.4 months (Across ALL Assets),"0, 2003-06-30 (Price: 102.18)",2025-09-30 (Price: 666.18),2025-09-30 (Price: 666.18),266/266/266 days,10.12% above/10.12% above/10.12% above,2003-06-30 (Price: 102.18)/2025-09-30 (Price: 638.4395),No Information,No Information,No Information,No Information,No Information,No Information,97.04,ok,True,pass,,,9.25,68,7.898,2.348,0.78,,0.2,,,equity_etf,,
TRENDPULSE,"FSF.NZ, Long, 2025-09-30 (Price: 8.35)",No Exit Yet,"-14.25%, 8.9 months","100.0%, Past 20 years, 7","Monthly, is CONFIRMED on 2025-09-30",Already confirmed,"2026-06-23 (Price: 7.16), 14.25% below",8.9 months,7.37,No Information,No Information,No Information,No Information,44.06%/28.75%/36.57%,N/A,"-0.0%, 15.01%",1.4 year/6.1 months/9.1 months,1.4 year/0 days/6.5 months,2027-09-28/2026-06-22/2026-10-30,14.08%,0.16%,13.92%,1.42,-0.11,10.4283/11.4036/8.51/No Horizontal Resistance/8.5311/12.0421/No EMA 200 Target,3.0/2.942/6.3611/No stop loss/No F-Track Level/No F-Track Level/6.05,93.94%/66/10.9 months (Across ALL Assets),72.82%/195/9.4 months (Across ALL Assets),"2, 2013-05-31 (Price: 8.09)",2025-09-30 (Price: 8.35),2025-09-24 (Price: 7.9),266/272/266 days,14.25% below/9.37% below/14.25% below,2013-05-31 (Price: 8.09)/2025-09-30 (Price: 7.49),No Information,No Information,No Information,No Information,No Information,No Information,95.9,tA,True,pass,,,80.81,68,36.57,36.4462,3.28,,13.92,,,equity,,
TRENDPULSE,"AEM.TO, Long, 2025-09-30 (Price: 234.4)",2026-05-31 (Price: 253.48),"8.14%, 8.1 months","94.12%, Past 20 years, 17","Monthly, is CONFIRMED on 2025-09-30",Already confirmed,"2026-06-23 (Price: 227.52), 2.94% below",8.9 months,200.18,No Information,No Information,No Information,No Information,119.13%/8.14%/49.17%,-19.32%/-19.32%/-19.32%,"19.32%, 59.99%",2 years/5.1 months/11.5 months,2 years/5.1 months/11.9 months,2028-08-07/2026-05-09/2027-02-11,12.22%,8.38%,3.84%,1.46,0.43,270.1226/349.6545/366.4/No Horizontal Resistance/No Target/No Target/No EMA 200 Target,61.72/60.0025/193.9088/163.0279/No F-Track Level/No F-Track Level/159.65,93.94%/66/10.9 months (Across ALL Assets),72.82%/195/9.4 months (Across ALL Assets),"2, 2001-05-31 (Price: 14.4)",2025-09-30 (Price: 234.4),2025-09-25 (Price: 223.0),266/271/266 days,2.94% below/2.03% above/2.94% below,2001-05-31 (Price: 14.4)/2025-09-30 (Price: 200.3445),No Information,No Information,No Information,No Information,No Information,No Information,97.76,tA,True,pass,,,54.22,68,45.1428,33.2711,3.33,,3.84,,,equity,,
TRENDPULSE,"IMO.TO, Long, 2025-09-30 (Price: 126.19)",2026-05-31 (Price: 163.57),"29.62%, 8.1 months","100.0%, Past 20 years, 22","Monthly, is CONFIRMED on 2025-09-30",Already confirmed,"2026-06-23 (Price: 163.04), 29.2% above",8.9 months,124.35,No Information,No Information,No Information,No Information,54.37%/11.5%/31.55%,N/A,"-0.0%, 64.29%",4 years/5.1 months/1.1 year,4 years/0 days/11.5 months,2031-06-16/2026-05-09/2027-04-26,9.31%,7.25%,2.06%,1.54,0.38,164.6906/166.0029/192.6/No Horizontal Resistance/129.8192/200.2184/No EMA 200 Target,88.59/60.8067/86.3092/No stop loss/No F-Track Level/No F-Track Level/104.72,93.94%/66/10.9 months (Across ALL Assets),72.82%/195/9.4 months (Across ALL Assets),"0, 2001-09-30 (Price: 15.5)",2025-09-30 (Price: 126.19),2025-09-10 (Price: 126.79),266/286/266 days,29.2% above/28.59% above/29.2% above,2001-09-30 (Price: 15.5)/2025-09-30 (Price: 122.7883),No Information,No Information,No Information,No Information,No Information,No Information,97.68,best,True,pass,,,39.33,68,31.55,21.6244,0.88,,2.06,,,equity,,
TRENDPULSE,"NAUKRI.NS, Long, 2025-09-21 (Price: 1376.1)",No Exit Yet,"-26.49%, 9.2 months","96.3%, Past 10 years, 27","Weekly, is CONFIRMED on 2025-09-19",Already confirmed,"2026-06-23 (Price: 1011.6), 26.49% below",9.2 months,1360.0,No Information,No Information,No Information,No Information,20.0%/2.87%/9.92%,-33.02%/-33.02%/-33.02%,"33.02%, 50.68%",1.1 year/1.2 month/3.7 months,2 years/0 days/4.2 months,2027-04-17/2025-11-12/2026-02-28,10.92%,12.93%,-2.01%,0.6,0.63,1577.9739/1512.6091/1645.91/1483.595/2223.4618/2377.3661/1465.78,1332.0/662.12/1095.4447/920.5126/No F-Track Level/No F-Track Level/No EMA 200 Stop Loss,88.72%/133/4.6 months (Across ALL Assets),77.24%/369/4.1 months (Across ALL Assets),"2, 2025-01-12 (Price: 1825.78)",2025-09-14 (Price: 1360.6),2025-09-17 (Price: 1375.0),282/279/275 days,25.65% below/26.43% below/26.49% below,2025-01-12 (Price: 1825.78)/2025-09-21 (Price: 1320.5183),No Information,No Information,No Information,No Information,No Information,No Information,92.86,ok,True,pass,,,15.38,40,8.3312,1.8662,1.1,,-2.01,,,equity,,
TRENDPULSE,"2807.HK, Long, 2025-09-21 (Price: 64.54)",2026-06-21 (Price: 66.2),"2.57%, 9.1 months","100.0%, Past 10 years, 8","Weekly, is CONFIRMED on 2025-09-19",Already confirmed,"2026-06-23 (Price: 62.98), 2.42% below",9.2 months,59.8,No Information,No Information,No Information,No Information,26.01%/2.57%/11.5%,N/A,"0%, 37.63%",1 year/1.6 month/6.6 months,1 year/1.6 month/6.6 months,2027-02-24/2025-11-29/2026-07-04,16.34%,1.87%,14.47%,1.03,0.1,65.6049/71.9621/71.78/69.42/No Next Fib Ext/No Next Fib Ext/No EMA 200 Target,44.38/35.45/No F-Stack Support/No F-Stack Support/No F-Track Level/No F-Track Level/49.51,88.72%/133/4.6 months (Across ALL Assets),77.24%/369/4.1 months (Across ALL Assets),"6, 2021-02-21 (Price: 76.6)",2025-09-07 (Price: 55.62),2025-09-18 (Price: 64.16),289/278/275 days,13.23% above/1.84% below/2.42% below,2021-02-21 (Price: 76.6)/2025-09-21 (Price: 55.535),No Information,No Information,No Information,No Information,No Information,No Information,95.45,best,True,pass,,,36.8,40,11.5,10.0307,0.54,,14.47,,,equity,,
TRENDPULSE,"ADBE, Long, 2025-09-21 (Price: 365.9)",No Exit Yet,"-46.04%, 9.2 months","96.0%, Past 10 years, 25","Weekly, is CONFIRMED on 2025-09-19",Already confirmed,"2026-06-23 (Price: 197.43), 46.04% below",9.2 months,350.5,No Information,No Information,No Information,No Information,30.75%/3.26%/10.53%,-5.79%/-5.79%/-5.79%,"5.79%, 38.25%",1.1 year/28 days/2.9 months,1.1 year/0 days/2.7 months,2027-04-17/2025-10-31/2026-01-25,11.6%,8.87%,2.73%,0.97,0.46,417.6748/404.4293/499.01/636.07/719.5145/812.9837/401.22,341.05/332.985/343.16/318.6438/No F-Track Level/No F-Track Level/No EMA 200 Stop Loss,88.72%/133/4.6 months (Across ALL Assets),77.24%/369/4.1 months (Across ALL Assets),"2, 2024-09-15 (Price: 587.75)",2025-09-07 (Price: 348.97),2025-09-16 (Price: 352.73),289/280/275 days,43.42% below/44.03% below/46.04% below,2024-09-15 (Price: 587.75)/2025-09-21 (Price: 331.9383),No Information,No Information,No Information,No Information,No Information,No Information,88.89,tA,True,pass,,,50.19,40,9.8772,7.0261,,,2.73,,,equity,,
TRENDPULSE,"JD, Long, 2025-09-14 (Price: 33.67)",No Exit Yet,"-22.42%, 9.4 months","77.78%, Past 10 years, 9","Weekly, is CONFIRMED on 2025-09-12",Already confirmed,"2026-06-23 (Price: 26.12), 22.42% below",9.4 months,31.66,No Information,No Information,No Information,No Information,21.39%/10.27%/16.02%,-55.89%/-63.97%/-59.93%,"63.97%, 76.21%",5.8 months/1.9 month/3.5 months,2.8 years/0 days/8.4 months,2026-05-24/2025-12-05/2026-02-13,-14.42%,1.84%,-16.26%,-0.19,0.2,34.9932/39.0639/41.34/92.73/97.2627/102.2552/35.72,30.91/24.07/No F-Stack Support/No F-Stack Support/No F-Track Level/No F-Track Level/No EMA 200 Stop Loss,88.72%/133/4.6 months (Across ALL Assets),77.24%/369/4.1 months (Across ALL Assets),"2, 2025-03-09 (Price: 46.445)",2025-08-31 (Price: 31.07),2025-09-11 (Price: 34.4),296/285/282 days,15.93% below/24.07% below/22.42% below,2025-03-09 (Price: 46.445)/2025-09-14 (Price: 29.5274),No Information,No Information,No Information,No Information,No Information,No Information,96.43,watch,True,neutral,,,-17.5,40,-0.8561,-2.6961,2.04,,-16.26,,,equity,,
TRENDPULSE,"BYD.TO, Long, 2025-09-14 (Price: 236.56)",No Exit Yet,"-45.82%, 9.4 months","93.1%, Past 10 years, 29","Weekly, is CONFIRMED on 2025-09-12",Already confirmed,"2026-06-23 (Price: 128.16), 45.82% below",9.4 months,233.59,No Information,No Information,No Information,No Information,13.87%/2.81%/7.18%,-9.23%/-14.41%/-11.82%,"14.41%, 50.63%",7.2 months/28 days/3.9 months,1.4 year/0 days/4.5 months,2026-07-23/2025-10-24/2026-03-02,10.59%,10.9%,-0.31%,0.63,0.56,253.7343/253.545/331.53/256.6133/367.2583/388.6839/No EMA 200 Target,187.77/198.575/229.0045/147.1212/No F-Track Level/No F-Track Level/215.55,88.72%/133/4.6 months (Across ALL Assets),77.24%/369/4.1 months (Across ALL Assets),"2, 2016-04-03 (Price: 78.27)",2025-09-14 (Price: 236.56),2025-09-09 (Price: 235.35),282/287/282 days,45.82% below/45.54% below/45.82% below,2016-04-03 (Price: 78.27)/2025-09-14 (Price: 230.5957),No Information,No Information,No Information,No Information,No Information,No Information,93.33,ok,True,neutral,,,12.58,40,5.869,0.0297,,,-0.31,,,equity,,
TRENDPULSE,"AMZN, Long, 2025-08-31 (Price: 229.0)",No Exit Yet,"2.23%, 9.9 months","86.67%, Past 20 years, 15","Monthly, is CONFIRMED on 2025-08-31",Already confirmed,"2026-06-23 (Price: 234.11), 2.23% above",9.9 months,217.21,No Information,No Information,No Information,No Information,51.52%/19.23%/30.47%,-5.07%/-5.07%/-5.07%,"5.07%, 23.74%",1.8 year/6.1 months/11.9 months,1.8 year/0 days/11.6 months,2028-03-26/2026-05-23/2027-01-30,15.09%,17.75%,-2.66%,1.28,0.79,291.4254/298.7763/259.83/No Horizontal Resistance/317.6152/339.3352/No EMA 200 Target,184.42/86.995/213.1321/193.0625/No F-Track Level/No F-Track Level/212.82,93.94%/66/10.9 months (Across ALL Assets),72.82%/195/9.4 months (Across ALL Assets),"6, 2020-09-30 (Price: 177.6125)",2025-06-30 (Price: 219.39),2025-08-29 (Price: 229.0),358/298/296 days,6.71% above/2.23% above/2.23% above,2020-09-30 (Price: 177.6125)/2025-08-31 (Price: 208.3547),No Information,No Information,No Information,No Information,No Information,No Information,97.41,ok,True,pass,,,18.08,64,25.7325,1.2206,3.4,,-2.66,,,equity,,
TRENDPULSE,"IMO.TO, Long, 2025-08-31 (Price: 124.62)",2026-05-31 (Price: 163.57),"31.26%, 9.1 months","100.0%, Past 20 years, 22","Monthly, is CONFIRMED on 2025-08-31",Already confirmed,"2026-06-23 (Price: 163.04), 30.83% above",9.9 months,114.68,No Information,No Information,No Information,No Information,54.37%/11.5%/31.55%,N/A,"-0.0%, 64.29%",4 years/5.1 months/1.1 year,4 years/0 days/11.5 months,2031-05-17/2026-04-09/2027-03-27,9.31%,7.25%,2.06%,1.54,0.38,162.6416/163.9376/134.06/No Horizontal Resistance/129.8192/200.2184/No EMA 200 Target,88.59/60.8067/86.3092/No stop loss/No F-Track Level/No F-Track Level/102.35,93.94%/66/10.9 months (Across ALL Assets),72.82%/195/9.4 months (Across ALL Assets),"2, 2024-10-31 (Price: 108.89)",2025-06-30 (Price: 108.18),2025-08-20 (Price: 115.69),358/307/296 days,50.71% above/40.93% above/30.83% above,2024-10-31 (Price: 108.89)/2025-08-31 (Price: 102.61),No Information,No Information,No Information,No Information,No Information,No Information,97.39,best,True,pass,,,39.33,64,31.55,21.6244,0.85,,2.06,,,equity,,
TRENDPULSE,"ADBE, Long, 2025-08-25 (Price: 363.21)",No Exit Yet,"-45.64%, 10.1 months","94.44%, Past 4 years, 18","Daily, is CONFIRMED on 2025-08-25",Already confirmed,"2026-06-23 (Price: 197.43), 45.64% below",10.1 months,362.56,No Information,No Information,No Information,No Information,6.22%/0.71%/2.98%,-6.29%/-6.29%/-6.29%,"6.29%, 23.04%",2.7 months/6 days/18 days,5 months/0 days/21 days,2025-12-20/2025-09-02/2025-09-20,5.02%,-9.01%,14.03%,0.54,-0.31,367.06/374.0337/398.17/636.07/719.5145/812.9837/415.25,333.65/333.9667/343.16/318.6438/No F-Track Level/No F-Track Level/No EMA 200 Stop Loss,90.31%/320/1.5 month (Across ALL Assets),80.18%/757/1.6 month (Across ALL Assets),"2, 2025-06-05 (Price: 421.48)",2025-08-21 (Price: 353.43),2025-08-25 (Price: 363.21),306/302/302 days,44.14% below/45.64% below/45.64% below,2025-06-05 (Price: 421.48)/2025-08-25 (Price: 348.9142),No Information,No Information,No Information,No Information,No Information,No Information,52.38,tA,True,pass,,,58.3,0,2.4646,3.2154,,,14.03,,,equity,,
TRENDPULSE,"EFN.TO, Long, 2025-07-31 (Price: 36.04)",No Exit Yet,"-19.92%, 10.9 months","100.0%, Past 20 years, 8","Monthly, is CONFIRMED on 2025-07-31",Already confirmed,"2026-06-23 (Price: 28.86), 19.92% below",10.9 months,34.35,No Information,No Information,No Information,No Information,38.62%/14.85%/25.2%,N/A,"-0.0%, 79.06%",1.7 year/6.1 months/1.1 year,1.7 year/0 days/1 year,2028-01-03/2026-04-22/2027-02-24,5.53%,8.91%,-3.38%,1.59,0.46,39.9323/45.1221/53.85/No Horizontal Resistance/45.1741/70.5281/No EMA 200 Target,11.47/11.7733/29.5041/No stop loss/No F-Track Level/No F-Track Level/30.37,93.94%/66/10.9 months (Across ALL Assets),72.82%/195/9.4 months (Across ALL Assets),"0, 2012-08-31 (Price: 6.35)",2025-06-30 (Price: 34.11),2025-07-31 (Price: 36.04),358/327/327 days,15.39% below/19.92% below/19.92% below,2012-08-31 (Price: 6.35)/2025-07-31 (Price: 33.3871),No Information,No Information,No Information,No Information,No Information,No Information,97.22,best,True,pass,,,20.2,60,25.2,12.4714,0.43,,-3.38,,,equity,,
TRENDPULSE,"TRI.TO, Long, 2025-07-31 (Price: 278.08)",No Exit Yet,"-58.7%, 10.9 months","100.0%, Past 20 years, 7","Monthly, is CONFIRMED on 2025-07-31",Already confirmed,"2026-06-23 (Price: 114.84), 58.7% below",10.9 months,274.44,No Information,No Information,No Information,No Information,32.32%/6.96%/15.68%,N/A,"-0.0%, 18.1%",1.6 year/5.1 months/8.9 months,1.6 year/0 days/7.7 months,2027-11-12/2026-03-09/2026-08-21,10.47%,4.4%,6.07%,1.06,0.2,311.1159/321.6829/419.29/No Horizontal Resistance/293.2329/455.2123/No EMA 200 Target,166.11/117.9612/193.124/131.2534/No F-Track Level/No F-Track Level/249.41,93.94%/66/10.9 months (Across ALL Assets),72.82%/195/9.4 months (Across ALL Assets),"8, 2009-05-31 (Price: 42.731)",2025-06-30 (Price: 273.84),2025-07-30 (Price: 276.23),358/328/327 days,58.06% below/58.43% below/58.7% below,2009-05-31 (Price: 42.731)/2025-07-31 (Price: 265.732),No Information,No Information,No Information,No Information,No Information,No Information,95.67,best,True,pass,,,38.74,60,15.68,11.6467,,,6.07,,,equity,,
TRENDPULSE,"IMO.TO, Long, 2025-07-31 (Price: 115.53)",2026-05-31 (Price: 163.57),"41.58%, 10.1 months","100.0%, Past 20 years, 22","Monthly, is CONFIRMED on 2025-07-31",Already confirmed,"2026-06-23 (Price: 163.04), 41.12% above",10.9 months,110.11,No Information,No Information,No Information,No Information,54.37%/11.5%/31.55%,N/A,"-0.0%, 64.29%",4 years/5.1 months/1.1 year,4 years/0 days/11.5 months,2031-04-16/2026-03-09/2027-02-24,9.31%,7.25%,2.06%,1.54,0.38,150.7782/151.9797/119.51/No Horizontal Resistance/125.7351/130.9032/No EMA 200 Target,88.59/60.8067/95.1616/91.2096/No F-Track Level/No F-Track Level/100.87,93.94%/66/10.9 months (Across ALL Assets),72.82%/195/9.4 months (Across ALL Assets),"2, 2024-10-31 (Price: 108.89)",2025-06-30 (Price: 108.18),2025-07-30 (Price: 116.68),358/328/327 days,50.71% above/39.73% above/41.12% above,2024-10-31 (Price: 108.89)/2025-07-31 (Price: 103.238),No Information,No Information,No Information,No Information,No Information,No Information,97.1,best,True,pass,,,39.33,60,31.55,21.6244,0.83,,2.06,,,equity,,
TRENDPULSE,"VEEV, Long, 2025-06-30 (Price: 287.98)",No Exit Yet,"-44.54%, 11.9 months","100.0%, Past 20 years, 11","Monthly, is CONFIRMED on 2025-06-30",Already confirmed,"2026-06-23 (Price: 159.71), 44.54% below",11.9 months,276.31,No Information,No Information,No Information,No Information,82.95%/8.92%/29.62%,N/A,"-0.0%, 17.96%",1.3 year/5.1 months/9.3 months,1.3 year/0 days/7.6 months,2027-05-08/2026-02-06/2026-08-08,22.02%,7.87%,14.15%,0.78,0.4,395.7421/373.2797/436.88/326.66/433.1041/466.8823/No EMA 200 Target,174.25/151.53/192.8014/128.0996/No F-Track Level/No F-Track Level/230.77,93.94%/66/10.9 months (Across ALL Assets),72.82%/195/9.4 months (Across ALL Assets),"2, 2014-03-31 (Price: 39.81)",2025-06-30 (Price: 287.98),2025-06-30 (Price: 287.98),358/358/358 days,44.54% below/44.54% below/44.54% below,2014-03-31 (Price: 39.81)/2025-06-30 (Price: 276.6765),No Information,No Information,No Information,No Information,No Information,No Information,95.18,tA,True,pass,,,56.41,56,29.62,22.4995,5.78,,14.15,,,equity,,
TRENDPULSE,"HDFCBANK.NS, Long, 2025-06-29 (Price: 1007.45)",No Exit Yet,"-23.11%, 1 year","100.0%, Past 10 years, 20","Weekly, is CONFIRMED on 2025-06-27",Already confirmed,"2026-06-23 (Price: 774.65), 23.11% below",1 year,974.2,No Information,No Information,No Information,No Information,8.76%/1.08%/4.78%,N/A,"-0.0%, 23.57%",1.3 year/28 days/4.1 months,1.3 year/0 days/3.7 months,2027-05-07/2025-08-08/2025-12-22,7.66%,8.91%,-1.25%,1.13,0.52,1108.598/1055.6061/1132.52/No Horizontal Resistance/1263.3223/2016.6114/No EMA 200 Target,818.38/640.9/797.7641/510.0332/No F-Track Level/No F-Track Level/892.58,88.72%/133/4.6 months (Across ALL Assets),77.24%/369/4.1 months (Across ALL Assets),"0, 2021-09-05 (Price: 799.0)",2025-06-22 (Price: 982.35),2025-06-25 (Price: 990.1),366/363/359 days,21.14% below/21.76% below/23.11% below,2021-09-05 (Price: 799.0)/2025-06-29 (Price: 962.8667),No Information,No Information,No Information,No Information,No Information,No Information,99.1,ok,True,neutral,,,15.26,93,4.78,0.8554,0.28,,-1.25,,,equity,,
TRENDPULSE,"NAUKRI.NS, Long, 2025-06-29 (Price: 1508.1)",No Exit Yet,"-32.92%, 1 year","96.3%, Past 10 years, 27","Weekly, is CONFIRMED on 2025-06-27",Already confirmed,"2026-06-23 (Price: 1011.6), 32.92% below",1 year,1490.0,No Information,No Information,No Information,No Information,20.0%/2.87%/9.92%,-33.02%/-33.02%/-33.02%,"33.02%, 50.68%",1.1 year/1.2 month/3.7 months,2 years/0 days/4.2 months,2027-01-23/2025-08-20/2025-12-06,10.92%,12.93%,-2.01%,0.6,0.63,1729.3383/1657.7035/1698.71/No Horizontal Resistance/2223.4618/2377.3661/1522.76,1276.51/662.12/1498.9515/1095.4447/No F-Track Level/No F-Track Level/No EMA 200 Stop Loss,88.72%/133/4.6 months (Across ALL Assets),77.24%/369/4.1 months (Across ALL Assets),"2, 2025-01-12 (Price: 1825.78)",2025-06-15 (Price: 1459.8),2025-06-27 (Price: 1508.1),373/361/359 days,30.7% below/32.92% below/32.92% below,2025-01-12 (Price: 1825.78)/2025-06-29 (Price: 1424.74),No Information,No Information,No Information,No Information,No Information,No Information,99.21,ok,True,pass,,,15.38,93,8.3312,1.8662,0.29,,-2.01,,,equity,,
TRENDPULSE,"HDFCBANK.NS, Long, 2025-06-08 (Price: 989.35)",No Exit Yet,"-21.7%, 1.1 year","100.0%, Past 10 years, 20","Weekly, is CONFIRMED on 2025-06-06",Already confirmed,"2026-06-23 (Price: 774.65), 21.7% below",1.1 year,965.05,No Information,No Information,No Information,No Information,8.76%/1.08%/4.78%,N/A,"-0.0%, 23.57%",1.3 year/28 days/4.1 months,1.3 year/0 days/3.7 months,2027-04-16/2025-07-18/2025-12-01,7.66%,8.91%,-1.25%,1.13,0.52,1088.6807/1036.6409/1103.56/No Horizontal Resistance/1263.3223/2016.6114/No EMA 200 Target,818.38/640.9/797.7641/510.0332/No F-Track Level/No F-Track Level/880.46,88.72%/133/4.6 months (Across ALL Assets),77.24%/369/4.1 months (Across ALL Assets),"0, 2021-09-05 (Price: 799.0)",2025-06-08 (Price: 989.35),2025-06-06 (Price: 989.35),380/382/380 days,21.7% below/21.7% below/21.7% below,2021-09-05 (Price: 799.0)/2025-06-08 (Price: 960.4167),No Information,No Information,No Information,No Information,No Information,No Information,99.1,ok,True,neutral,,,15.26,93,4.78,0.8554,0.28,,-1.25,,,equity,,
TRENDPULSE,"VEEV, Long, 2025-06-08 (Price: 285.36)",No Exit Yet,"-44.03%, 1.1 year","100.0%, Past 10 years, 13","Weekly, is CONFIRMED on 2025-06-06",Already confirmed,"2026-06-23 (Price: 159.71), 44.03% below",1.1 year,276.31,No Information,No Information,No Information,No Information,25.21%/8.75%/16.31%,N/A,"-0.0%, 27.93%",11.4 months/1.2 month/4.9 months,11.4 months/0 days/4.1 months,2026-10-16/2025-07-30/2026-01-06,17.65%,7.07%,10.58%,1.6,0.37,319.86/331.9022/436.72/326.66/433.1041/466.8823/No EMA 200 Target,213.68/151.53/192.8014/128.0996/No F-Track Level/No F-Track Level/225.21,88.72%/133/4.6 months (Across ALL Assets),77.24%/369/4.1 months (Across ALL Assets),"2, 2015-03-08 (Price: 33.1)",2025-06-01 (Price: 279.7),2025-06-08 (Price: 285.36),387/380/380 days,42.9% below/44.03% below/44.03% below,2015-03-08 (Price: 33.1)/2025-06-08 (Price: 263.628),No Information,No Information,No Information,No Information,No Information,No Information,99.18,tA,True,pass,,,59.74,93,16.31,12.8872,3.18,,10.58,,,equity,,
TRENDPULSE,"BTC-USD, Long, 2025-05-31 (Price: 104638.0938)",No Exit Yet,"-38.6%, 1.1 year","100.0%, Past 20 years, 5","Monthly, is CONFIRMED on 2025-05-31",Already confirmed,"2026-06-22 (Price: 64246.4102), 38.6% below",1.1 year,94212.8594,No Information,No Information,No Information,No Information,286.43%/48.3%/170.48%,N/A,"-0.0%, 15.0%",6.1 months/5.1 months/5.8 months,6.1 months/0 days/4.6 months,2026-02-20/2026-01-07/2026-02-07,56.19%,35.43%,20.76%,0.98,1.23,360750.2922/283025.1161/128503.09/108691.664/112399.9298/136097.3501/No EMA 200 Target,16547.5/18304.4229/88806.9363/81023.3741/No F-Track Level/No F-Track Level/94736.72,93.94%/66/10.9 months (Across ALL Assets),72.82%/195/9.4 months (Across ALL Assets),"0, 2021-04-30 (Price: 64863.0977)",2025-04-30 (Price: 94207.3125),2025-05-31 (Price: 104638.0938),418/387/387 days,31.8% below/38.6% below/38.6% below,2021-04-30 (Price: 64863.0977)/2025-05-31 (Price: 77304.8593),No Information,No Information,No Information,No Information,No Information,No Information,99.28,tA,True,pass,,,82.63,96,170.48,151.0779,2.38,,20.76,,,crypto,,
TRENDPULSE,"HDFCBANK.NS, Long, 2025-05-31 (Price: 972.45)",No Exit Yet,"-20.34%, 1.1 year","78.57%, Past 20 years, 14","Monthly, is CONFIRMED on 2025-05-31",Already confirmed,"2026-06-23 (Price: 774.65), 20.34% below",1.1 year,964.9,No Information,No Information,No Information,No Information,23.14%/5.97%/13.59%,-1.01%/-11.13%/-7.76%,"11.13%, 17.76%",1 year/5 months/7.6 months,1.3 year/0 days/7.4 months,2026-11-03/2026-01-03/2026-04-26,8.88%,12.8%,-3.92%,0.37,0.71,1115.5946/1104.606/1547.55/No Horizontal Resistance/1263.3223/2016.6114/No EMA 200 Target,701.7/640.9/797.7641/510.0332/No F-Track Level/No F-Track Level/876.52,93.94%/66/10.9 months (Across ALL Assets),72.82%/195/9.4 months (Across ALL Assets),"0, 2001-02-28 (Price: 13.95)",2025-05-31 (Price: 972.45),2025-05-30 (Price: 972.45),388/389/388 days,20.34% below/20.34% below/20.34% below,2001-02-28 (Price: 13.95)/2025-05-31 (Price: 958.0147),No Information,No Information,No Information,No Information,No Information,No Information,99.55,watch,True,neutral,,,-0.15,96,9.0147,-2.2615,1.44,,-3.92,,,equity,,
TRENDPULSE,"NFLX, Long, 2025-05-31 (Price: 120.723)",No Exit Yet,"-39.68%, 1.1 year","100.0%, Past 20 years, 16","Monthly, is CONFIRMED on 2025-05-31",Already confirmed,"2026-06-23 (Price: 72.82), 39.68% below",1.1 year,112.252,No Information,No Information,No Information,No Information,57.86%/13.34%/33.03%,N/A,"-0.0%, 41.88%",1.5 year/5.1 months/9.2 months,1.5 year/0 days/7.4 months,2027-07-22/2026-01-07/2026-07-04,18.18%,21.03%,-2.85%,1.43,0.86,191.6357/160.5978/192.9/No Horizontal Resistance/No Target/139.352/No EMA 200 Target,17.49/34.8663/100.8852/86.4764/No F-Track Level/No F-Track Level/89.19,93.94%/66/10.9 months (Across ALL Assets),72.82%/195/9.4 months (Across ALL Assets),"6, 2003-10-31 (Price: 0.4357)",2025-04-30 (Price: 113.172),2025-05-13 (Price: 113.844),419/406/388 days,35.66% below/36.04% below/39.68% below,2003-10-31 (Price: 0.4357)/2025-05-31 (Price: 94.9508),No Information,No Information,No Information,No Information,No Information,No Information,99.55,best,True,pass,,,41.44,96,33.03,14.5036,0.63,,-2.85,,,equity,,
TRENDPULSE,"BRK-B, Long, 2025-05-04 (Price: 539.8)",No Exit Yet,"-8.71%, 1.2 year","95.83%, Past 10 years, 24","Weekly, is CONFIRMED on 2025-05-02",Already confirmed,"2026-06-23 (Price: 492.81), 8.71% below",1.2 year,533.63,No Information,No Information,No Information,No Information,10.83%/2.26%/5.21%,-13.62%/-13.62%/-13.62%,"13.62%, 25.57%",3.7 months/1.2 month/2.1 months,10.7 months/0 days/1.9 month,2025-10-11/2025-06-25/2025-08-03,8.42%,8.94%,-0.52%,0.5,0.58,576.6683/567.9236/774.54/No Horizontal Resistance/No Target/630.85/No EMA 200 Target,442.66/268.082/491.88/449.7662/No F-Track Level/No F-Track Level/472.29,88.72%/133/4.6 months (Across ALL Assets),77.24%/369/4.1 months (Across ALL Assets),"4, 2015-05-17 (Price: 148.57)",2025-05-04 (Price: 539.8),2025-05-02 (Price: 539.8),415/417/415 days,8.71% below/8.71% below/8.71% below,2015-05-17 (Price: 148.57)/2025-05-04 (Price: 530.5998),No Information,No Information,No Information,No Information,No Information,No Information,98.25,best,True,pass,,,23.18,93,4.4248,2.4027,27.61,,-0.52,,,equity,,
TRENDPULSE,"CEN.NZ, Long, 2025-03-31 (Price: 9.16)",No Exit Yet,"3.71%, 1.2 year","84.62%, Past 20 years, 13","Monthly, is CONFIRMED on 2025-03-31",Already confirmed,"2026-06-23 (Price: 9.5), 3.71% above",1.2 year,9.15,No Information,No Information,No Information,No Information,32.45%/1.65%/9.88%,-4.09%/-4.09%/-4.09%,"4.09%, 36.63%",2.4 years/5 months/1.3 year,2.4 years/0 days/1.3 year,2028-09-02/2025-11-03/2027-02-06,2.68%,3.7%,-1.02%,0.18,0.14,9.9322/10.065/10.36/No Horizontal Resistance/11.2606/15.4512/No EMA 200 Target,7.79/7.0025/8.6706/No stop loss/No F-Track Level/No F-Track Level/8.8,93.94%/66/10.9 months (Across ALL Assets),72.82%/195/9.4 months (Across ALL Assets),"0, 2021-01-31 (Price: 11.16)",2025-03-31 (Price: 9.16),2025-03-31 (Price: 9.16),449/449/449 days,3.71% above/3.71% above/3.71% above,2021-01-31 (Price: 11.16)/2025-03-31 (Price: 9.0502),No Information,No Information,No Information,No Information,No Information,No Information,99.79,watch,True,neutral,,,-0.05,96,7.7314,0.86,1.34,,-1.02,,,equity,,
TRENDPULSE,"BRK-B, Long, 2025-03-30 (Price: 526.31)",No Exit Yet,"-6.37%, 1.2 year","95.83%, Past 10 years, 24","Weekly, is CONFIRMED on 2025-03-28",Already confirmed,"2026-06-23 (Price: 492.81), 6.37% below",1.2 year,523.1,No Information,No Information,No Information,No Information,10.83%/2.26%/5.21%,-13.62%/-13.62%/-13.62%,"13.62%, 25.57%",3.7 months/1.2 month/2.1 months,10.7 months/0 days/1.9 month,2025-09-06/2025-05-21/2025-06-29,8.42%,8.94%,-0.52%,0.5,0.58,562.257/553.7308/752.95/No Horizontal Resistance/533.0296/630.85/No EMA 200 Target,442.66/200.57/491.88/449.7662/No F-Track Level/No F-Track Level/459.0,88.72%/133/4.6 months (Across ALL Assets),77.24%/369/4.1 months (Across ALL Assets),"4, 2015-05-17 (Price: 148.57)",2025-03-30 (Price: 526.31),2025-03-30 (Price: 526.31),450/450/450 days,6.37% below/6.37% below/6.37% below,2015-05-17 (Price: 148.57)/2025-03-30 (Price: 522.1612),No Information,No Information,No Information,No Information,No Information,No Information,98.25,best,True,pass,,,23.18,93,4.4248,2.4027,27.61,,-0.52,,,equity,,
TRENDPULSE,"IHI, Long, 2025-02-28 (Price: 63.77)",2026-05-31 (Price: 48.96),"-23.22%, 1.3 year","71.43%, Past 20 years, 7","Monthly, is CONFIRMED on 2025-02-28",Already confirmed,"2026-06-23 (Price: 49.12), 22.97% below",1.3 year,63.37,No Information,No Information,No Information,No Information,16.7%/2.84%/13.93%,-23.22%/-23.22%/-23.22%,"23.22%, 23.93%",7.1 months/5.1 months/6.7 months,1.3 year/5.1 months/9.1 months,2026-01-02/2025-10-07/2025-12-16,3.78%,6.56%,-2.78%,0.03,0.38,72.1813/72.6532/68.59/66.92/68.9264/76.3906/No EMA 200 Target,45.26/46.8983/56.0899/46.1919/No F-Track Level/No F-Track Level/58.82,93.94%/66/10.9 months (Across ALL Assets),72.82%/195/9.4 months (Across ALL Assets),"2, 2022-08-31 (Price: 55.73)",2025-01-31 (Price: 63.81),2025-02-28 (Price: 63.77),508/480/480 days,23.02% below/22.97% below/22.97% below,2022-08-31 (Price: 55.73)/2025-02-28 (Price: 61.2236),No Information,No Information,No Information,No Information,No Information,No Information,99.63,watch,True,neutral,,,-8.65,96,3.3162,-3.7905,3.08,,-2.78,,,equity,,
TRENDPULSE,"SBUX, Long, 2025-02-28 (Price: 115.81)",No Exit Yet,"-12.75%, 1.3 year","100.0%, Past 20 years, 10","Monthly, is CONFIRMED on 2025-02-28",Already confirmed,"2026-06-23 (Price: 101.05), 12.75% below",1.3 year,105.72,No Information,No Information,No Information,No Information,34.77%/14.0%/21.17%,N/A,"-0.0%, 76.35%",1.8 year/4 months/1.1 year,1.8 year/0 days/11.4 months,2027-09-24/2025-08-20/2026-09-24,8.72%,8.33%,0.39%,1.71,0.43,125.6307/140.327/117.71/117.4325/142.4098/150.3462/No EMA 200 Target,77.85/71.47/104.577/89.1063/No F-Track Level/No F-Track Level/91.88,93.94%/66/10.9 months (Across ALL Assets),72.82%/195/9.4 months (Across ALL Assets),"0, 2021-04-30 (Price: 118.98)",2025-01-31 (Price: 107.68),2025-01-29 (Price: 108.58),508/510/480 days,6.16% below/6.93% below/12.75% below,2021-04-30 (Price: 118.98)/2025-02-28 (Price: 102.1826),No Information,No Information,No Information,No Information,No Information,No Information,99.71,best,True,pass,,,25.3,96,21.17,9.865,2.33,,0.39,,,equity,,
TRENDPULSE,"FBU.NZ, Long, 2025-02-28 (Price: 3.39)",2026-05-31 (Price: 3.14),"-7.37%, 1.3 year","80.0%, Past 20 years, 10","Monthly, is CONFIRMED on 2025-02-28",Already confirmed,"2026-06-23 (Price: 3.34), 1.47% below",1.3 year,2.85,No Information,No Information,No Information,No Information,26.1%/3.25%/14.68%,-7.37%/-37.82%/-22.6%,"37.82%, 49.28%",1.3 year/5 months/10.1 months,2.3 years/0 days/8.3 months,2027-01-06/2025-10-03/2026-05-12,4.17%,0.95%,3.22%,-0.05,0.02,3.8192/3.8877/4.74/7.985/12.7156/14.3053/No EMA 200 Target,2.83/3.3133/3.1474/No stop loss/No F-Track Level/No F-Track Level/3.02,93.94%/66/10.9 months (Across ALL Assets),72.82%/195/9.4 months (Across ALL Assets),"2, 2023-08-31 (Price: 5.64)",2024-12-31 (Price: 2.85),2025-02-27 (Price: 3.27),539/481/480 days,17.19% above/2.14% above/1.47% below,2023-08-31 (Price: 5.64)/2025-02-28 (Price: 2.5338),No Information,No Information,No Information,No Information,No Information,No Information,99.6,ok,True,pass,,,11.16,96,7.224,6.2853,18.36,,3.22,,,equity,,
TRENDPULSE,"EBO.NZ, Long, 2025-02-09 (Price: 41.55)",No Exit Yet,"-51.26%, 1.4 year","95.83%, Past 10 years, 24","Weekly, is CONFIRMED on 2025-02-07",Already confirmed,"2026-06-23 (Price: 20.25), 51.26% below",1.4 year,39.99,No Information,No Information,No Information,No Information,19.42%/1.19%/7.07%,-17.86%/-17.86%/-17.86%,"17.86%, 31.1%",10 months/1.2 month/2.9 months,1.7 year/0 days/3.5 months,2026-04-19/2025-04-02/2025-06-15,10.78%,5.87%,4.91%,0.59,0.3,43.6275/44.4876/44.76/46.625/51.6772/55.325/No EMA 200 Target,36.45/21.4/41.5494/33.2406/No F-Track Level/No F-Track Level/35.94,88.72%/133/4.6 months (Across ALL Assets),77.24%/369/4.1 months (Across ALL Assets),"2, 2024-05-05 (Price: 36.2)",2025-02-02 (Price: 40.0),2025-02-04 (Price: 41.0),506/504/499 days,49.38% below/50.61% below/51.26% below,2024-05-05 (Price: 36.2)/2025-02-09 (Price: 39.1851),No Information,No Information,No Information,No Information,No Information,No Information,99.05,best,True,pass,,,30.04,93,6.0304,3.5846,,,4.91,,,equity,,
TRENDPULSE,"^TNX, Long, 2025-01-31 (Price: 4.569)",No Exit Yet,"-1.66%, 1.4 year","85.71%, Past 20 years, 14","Monthly, is CONFIRMED on 2025-01-31",Already confirmed,"2026-06-23 (Price: 4.493), 1.66% below",1.4 year,4.521,No Information,No Information,No Information,No Information,48.31%/4.17%/27.55%,-50.7%/-56.79%/-53.75%,"56.79%, 83.03%",1.4 year/4.1 months/6.5 months,3.5 years/0 days/10.4 months,2027-01-29/2025-07-26/2025-11-09,0.6%,-0.53%,1.13%,0.25,0.02,5.4134/5.8278/4.83/No Horizontal Resistance/17.4008/18.8284/No EMA 200 Target,3.8/1.6875/No F-Stack Support/No F-Stack Support/No F-Track Level/No F-Track Level/4.25,93.94%/66/10.9 months (Across ALL Assets),72.82%/195/9.4 months (Across ALL Assets),"2, 2023-10-31 (Price: 4.997)",2024-12-31 (Price: 4.573),2025-01-31 (Price: 4.569),539/508/508 days,1.75% below/1.66% below/1.66% below,2023-10-31 (Price: 4.997)/2025-01-31 (Price: 4.347),No Information,No Information,No Information,No Information,No Information,No Information,99.68,best,True,pass,,,20.32,96,15.9322,16.5884,5.09,,1.13,,,index,,
TRENDPULSE,"XLY, Long, 2024-12-31 (Price: 112.175)",2026-05-31 (Price: 120.87),"7.75%, 1.4 year","93.75%, Past 20 years, 16","Monthly, is CONFIRMED on 2024-12-31",Already confirmed,"2026-06-23 (Price: 113.76), 1.41% above",1.5 year,111.935,No Information,No Information,No Information,No Information,32.13%/5.99%/17.93%,-17.44%/-17.44%/-17.44%,"17.44%, 51.92%",1.5 year/5.1 months/11.1 months,2 years/5.1 months/11.9 months,2027-02-21/2025-08-09/2026-04-27,4.58%,6.15%,-1.57%,1.04,0.34,132.961/132.288/169.9/No Horizontal Resistance/125.4815/133.9156/No EMA 200 Target,64.58/67.241/86.1124/56.5683/No F-Track Level/No F-Track Level/96.23,93.94%/66/10.9 months (Across ALL Assets),72.82%/195/9.4 months (Across ALL Assets),"2, 2000-04-30 (Price: 15.9688)",2024-11-30 (Price: 111.15),2024-12-31 (Price: 112.175),570/539/539 days,2.35% above/1.41% above/1.41% above,2000-04-30 (Price: 15.9688)/2024-12-31 (Price: 102.765),No Information,No Information,No Information,No Information,No Information,No Information,99.72,ok,True,pass,,,16.65,96,15.7194,7.0069,1.16,,-1.57,,,equity_etf,,
TRENDPULSE,"CRM, Long, 2024-12-31 (Price: 334.33)",No Exit Yet,"-54.11%, 1.5 year","100.0%, Past 20 years, 9","Monthly, is CONFIRMED on 2024-12-31",Already confirmed,"2026-06-23 (Price: 153.42), 54.11% below",1.5 year,332.0,No Information,No Information,No Information,No Information,30.75%/5.96%/26.4%,N/A,"-0.0%, 24.09%",1.1 year/5.1 months/9.1 months,1.1 year/0 days/8.1 months,2026-07-27/2025-08-09/2026-01-30,10.8%,12.23%,-1.43%,1.82,0.57,407.8826/422.5931/364.23/No Horizontal Resistance/335.5697/354.7868/No EMA 200 Target,132.59/156.1/298.121/253.2538/No F-Track Level/No F-Track Level/282.07,93.94%/66/10.9 months (Across ALL Assets),72.82%/195/9.4 months (Across ALL Assets),"0, 2020-09-30 (Price: 284.5)",2024-12-31 (Price: 334.33),2024-12-31 (Price: 334.33),539/539/539 days,54.11% below/54.11% below/54.11% below,2020-09-30 (Price: 284.5)/2024-12-31 (Price: 326.0407),No Information,No Information,No Information,No Information,No Information,No Information,99.59,best,True,pass,,,35.46,96,26.4,14.6068,1.94,,-1.43,,,equity,,
TRENDPULSE,"JD, Long, 2024-10-31 (Price: 40.62)",No Exit Yet,"-35.7%, 1.7 year","100.0%, Past 20 years, 5","Monthly, is CONFIRMED on 2024-10-31",Already confirmed,"2026-06-23 (Price: 26.12), 35.7% below",1.7 year,39.79,No Information,No Information,No Information,No Information,81.07%/32.01%/46.51%,N/A,"-0.0%, 14.65%",9.2 months/5.1 months/6.6 months,9.2 months/0 days/5.3 months,2025-12-04/2025-06-09/2025-08-13,21.63%,0.57%,21.06%,1.26,0.12,74.952/59.5124/81.22/92.73/97.2627/102.2552/No EMA 200 Target,22.55/24.07/No F-Stack Support/No F-Stack Support/No F-Track Level/No F-Track Level/28.93,93.94%/66/10.9 months (Across ALL Assets),72.82%/195/9.4 months (Across ALL Assets),"0, 2021-02-28 (Price: 108.29)",2024-09-30 (Price: 40.0),2024-10-28 (Price: 41.64),631/603/600 days,34.7% below/37.27% below/35.7% below,2021-02-28 (Price: 108.29)/2024-10-31 (Price: 26.3767),No Information,No Information,No Information,No Information,No Information,No Information,99.37,tA,True,pass,,,83.0,96,46.51,46.1504,5.93,,21.06,,,equity,,
TRENDPULSE,"3690.HK, Long, 2024-10-31 (Price: 182.5)",No Exit Yet,"-61.86%, 1.7 year","100.0%, Past 20 years, 5","Monthly, is CONFIRMED on 2024-10-31",Already confirmed,"2026-06-23 (Price: 69.6), 61.86% below",1.7 year,178.0,No Information,No Information,No Information,No Information,39.27%/39.27%/39.27%,N/A,"-0.0%, 67.79%",8.2 months/8.2 months/8.2 months,8.2 months/0 days/3.3 months,2025-10-20 (Max),10.67%,0.39%,10.28%,0.73,0.18,219.2007/254.1678/199.96/338.1/435.6835/583.6144/No EMA 200 Target,62.55/114.4/141.62/107.732/No F-Track Level/No F-Track Level/112.28,93.94%/66/10.9 months (Across ALL Assets),72.82%/195/9.4 months (Across ALL Assets),"2, 2022-06-30 (Price: 211.6)",2024-08-31 (Price: 118.2),2024-10-18 (Price: 185.4),661/613/600 days,41.12% below/62.46% below/61.86% below,2022-06-30 (Price: 211.6)/2024-10-31 (Price: 102.2937),No Information,No Information,No Information,No Information,No Information,No Information,98.99,tA,True,pass,,,80.73,96,39.27,39.1168,3.88,,10.28,,,equity,,
TRENDPULSE,"RINF, Long, 2024-10-13 (Price: 33.01)",2026-06-21 (Price: 32.5),"-1.54%, 1.7 year","80.0%, Past 10 years, 10","Weekly, is CONFIRMED on 2024-10-11",Already confirmed,"2026-06-23 (Price: 32.3694), 1.94% below",1.7 year,32.68,No Information,No Information,No Information,No Information,4.91%/1.48%/3.43%,-1.54%/-20.02%/-10.78%,"20.02%, 29.23%",10.7 months/1.2 month/5.6 months,2.7 years/0 days/9.2 months,2026-01-20/2024-12-04/2025-06-13,-0.19%,-0.95%,0.76%,-0.24,-0.45,33.5118/34.1422/34.43/35.755/41.8158/48.2716/No EMA 200 Target,31.41/26.825/No F-Stack Support/No F-Stack Support/No F-Track Level/No F-Track Level/32.53,88.72%/133/4.6 months (Across ALL Assets),77.24%/369/4.1 months (Across ALL Assets),"4, 2023-10-22 (Price: 35.37)",2024-10-06 (Price: 32.56),2024-10-09 (Price: 32.91),625/622/618 days,0.59% below/1.64% below/1.94% below,2023-10-22 (Price: 35.37)/2024-10-13 (Price: 32.2172),No Information,No Information,No Information,No Information,No Information,No Information,99.64,watch,True,pass,,,-3.22,93,0.588,1.6285,1.16,,0.76,,,equity,,
TRENDPULSE,"ENZL, Long, 2024-09-30 (Price: 49.42)",2026-06-23 (Price: 44.1747),"-10.61%, 1.8 year","83.33%, Past 20 years, 6","Monthly, is CONFIRMED on 2024-09-30",Already confirmed,"2026-06-23 (Price: 44.1747), 10.61% below",1.8 year,49.2,No Information,No Information,No Information,No Information,18.88%/18.88%/18.88%,-9.19%/-9.19%/-9.19%,"9.19%, 22.82%",1 year/1 year/1 year,1.7 year/0 days/7.5 months,2026-03-05 (Max),4.03%,1.48%,2.55%,0.22,-0.04,No Target/58.7505/51.78/65.1933/79.7363/84.688/No EMA 200 Target,41.64/43.9425/No F-Stack Support/No F-Stack Support/No F-Track Level/No F-Track Level/46.44,93.94%/66/10.9 months (Across ALL Assets),72.82%/195/9.4 months (Across ALL Assets),"2, 2023-02-28 (Price: 53.35)",2024-08-31 (Price: 49.25),2024-09-26 (Price: 49.69),661/635/631 days,10.31% below/11.1% below/10.61% below,2023-02-28 (Price: 53.35)/2024-09-30 (Price: 44.8266),No Information,No Information,No Information,No Information,No Information,No Information,99.56,ok,True,pass,,,17.15,96,14.2007,12.8793,35.92,,2.55,,,equity_etf,,
TRENDPULSE,"PG, Long, 2024-09-30 (Price: 173.2)",No Exit Yet,"-12.9%, 1.8 year","92.86%, Past 20 years, 14","Monthly, is CONFIRMED on 2024-09-30",Already confirmed,"2026-06-23 (Price: 150.86), 12.9% below",1.8 year,171.03,No Information,No Information,No Information,No Information,16.93%/4.07%/9.03%,-3.8%/-3.8%/-3.8%,"3.8%, 22.42%",2.8 years/5.1 months/1 year,2.8 years/0 days/10 months,2028-09-27/2025-05-09/2026-03-05,4.95%,4.43%,0.52%,0.51,0.2,183.6613/188.84/253.33/No Horizontal Resistance/186.6499/209.3631/No EMA 200 Target,126.25/122.9033/161.0808/140.2317/No F-Track Level/No F-Track Level/162.39,93.94%/66/10.9 months (Across ALL Assets),72.82%/195/9.4 months (Across ALL Assets),"2, 2000-12-31 (Price: 39.6562)",2024-08-31 (Price: 171.54),2024-09-30 (Price: 173.2),661/631/631 days,12.06% below/12.9% below/12.9% below,2000-12-31 (Price: 39.6562)/2024-09-30 (Price: 168.2911),No Information,No Information,No Information,No Information,No Information,No Information,99.67,ok,True,pass,,,10.62,96,8.1139,2.8401,1.28,,0.52,,,equity,,
TRENDPULSE,"3690.HK, Long, 2024-09-30 (Price: 172.0)",No Exit Yet,"-59.53%, 1.8 year","100.0%, Past 20 years, 5","Monthly, is CONFIRMED on 2024-09-30",Already confirmed,"2026-06-23 (Price: 69.6), 59.53% below",1.8 year,118.5,No Information,No Information,No Information,No Information,39.27%/39.27%/39.27%,N/A,"-0.0%, 67.79%",8.2 months/8.2 months/8.2 months,8.2 months/0 days/3.3 months,2025-09-19 (Max),10.67%,0.39%,10.28%,0.73,0.18,206.5892/239.5444/195.76/338.1/435.6835/583.6144/No EMA 200 Target,62.55/114.4/141.62/107.732/No F-Track Level/No F-Track Level/101.07,93.94%/66/10.9 months (Across ALL Assets),72.82%/195/9.4 months (Across ALL Assets),"2, 2022-06-30 (Price: 211.6)",2024-08-31 (Price: 118.2),2024-09-03 (Price: 118.9),661/658/631 days,41.12% below/41.46% below/59.53% below,2022-06-30 (Price: 211.6)/2024-09-30 (Price: 106.2141),No Information,No Information,No Information,No Information,No Information,No Information,98.99,tA,True,pass,,,80.73,96,39.27,39.1168,3.88,,10.28,,,equity,,
TRENDPULSE,"JD, Long, 2024-09-29 (Price: 39.9)",No Exit Yet,"-34.54%, 1.8 year","77.78%, Past 10 years, 9","Weekly, is CONFIRMED on 2024-09-27",Already confirmed,"2026-06-23 (Price: 26.12), 34.54% below",1.8 year,29.11,No Information,No Information,No Information,No Information,21.39%/10.27%/16.02%,-55.89%/-63.97%/-59.93%,"63.97%, 76.21%",5.8 months/1.9 month/3.5 months,2.8 years/0 days/8.4 months,2025-06-08/2024-12-20/2025-02-28,-14.42%,1.84%,-16.26%,-0.19,0.2,41.4681/46.292/80.93/92.73/103.1027/108.0778/No EMA 200 Target,25.16/24.07/No F-Stack Support/No F-Stack Support/No F-Track Level/No F-Track Level/27.07,88.72%/133/4.6 months (Across ALL Assets),77.24%/369/4.1 months (Across ALL Assets),"0, 2021-02-21 (Price: 108.29)",2024-09-22 (Price: 28.55),2024-09-27 (Price: 39.9),639/634/632 days,8.51% below/34.54% below/34.54% below,2021-02-21 (Price: 108.29)/2024-09-29 (Price: 27.2889),No Information,No Information,No Information,No Information,No Information,No Information,99.6,watch,True,neutral,,,-17.5,93,-0.8561,-2.6961,4.36,,-16.26,,,equity,,
TRENDPULSE,"XLV, Long, 2024-08-31 (Price: 157.2)",2026-05-31 (Price: 149.47),"-4.92%, 1.8 year","80.95%, Past 20 years, 21","Monthly, is CONFIRMED on 2024-08-31",Already confirmed,"2026-06-23 (Price: 152.18), 3.19% below",1.8 year,150.4,No Information,No Information,No Information,No Information,11.06%/2.58%/6.52%,-0.94%/-5.59%/-3.1%,"5.59%, 36.99%",2.7 years/5.1 months/1.4 year,2.7 years/0 days/1.3 year,2028-07-08/2025-04-09/2026-08-29,3.17%,4.63%,-1.46%,-0.02,0.23,170.9864/167.4494/166.33/No Horizontal Resistance/No Target/174.1807/No EMA 200 Target,124.54/100.54/117.2225/81.225/No F-Track Level/No F-Track Level/143.1,93.94%/66/10.9 months (Across ALL Assets),72.82%/195/9.4 months (Across ALL Assets),"0, 2021-12-31 (Price: 141.98)",2024-08-31 (Price: 157.2),2024-08-30 (Price: 157.2),661/662/661 days,3.19% below/3.19% below/3.19% below,2021-12-31 (Price: 141.98)/2024-08-31 (Price: 149.5927),No Information,No Information,No Information,No Information,No Information,No Information,99.79,watch,True,neutral,,,-4.19,96,4.6874,-3.9112,1.09,,-1.46,,,equity_etf,,
TRENDPULSE,"TCS.NS, Long, 2024-08-31 (Price: 4553.75)",No Exit Yet,"-54.77%, 1.8 year","100.0%, Past 20 years, 9","Monthly, is CONFIRMED on 2024-08-31",Already confirmed,"2026-06-23 (Price: 2059.6001), 54.77% below",1.8 year,4399.3999,No Information,No Information,No Information,No Information,33.56%/4.61%/26.0%,N/A,"-0.0%, 13.31%",10.2 months/6 months/8.2 months,10.2 months/0 days/6.4 months,2025-11-17/2025-05-18/2025-08-20,11.18%,9.54%,1.64%,1.26,0.51,5348.3794/5737.725/4892.06/No Horizontal Resistance/5051.5642/5692.579/No EMA 200 Target,3004.55/2272.475/4231.4862/3595.5983/No F-Track Level/No F-Track Level/3931.21,93.94%/66/10.9 months (Across ALL Assets),72.82%/195/9.4 months (Across ALL Assets),"0, 2021-10-31 (Price: 3989.8999)",2024-08-31 (Price: 4553.75),2024-08-30 (Price: 4553.75),661/662/661 days,54.77% below/54.77% below/54.77% below,2021-10-31 (Price: 3989.8999)/2024-08-31 (Price: 4300.4138),No Information,No Information,No Information,No Information,No Information,No Information,99.48,tA,True,pass,,,52.24,96,26.0,18.7314,,,1.64,,,equity,,
TRENDPULSE,"^NSEI, Long, 2024-07-31 (Price: 24951.1504)",2026-05-31 (Price: 23547.75),"-5.62%, 1.9 year","75.0%, Past 20 years, 8","Monthly, is CONFIRMED on 2024-07-31",Already confirmed,"2026-06-23 (Price: 23824.0996), 4.52% below",1.9 year,23992.9492,No Information,No Information,No Information,No Information,12.44%/2.54%/7.03%,-5.62%/-5.62%/-5.62%,"5.62%, 14.78%",1.6 year/6 months/11.3 months,1.9 year/0 days/1.1 year,2026-11-12/2025-04-17/2025-12-04,5.26%,6.01%,-0.75%,-0.08,0.32,27124.3956/26705.2163/36682.05/No Horizontal Resistance/33071.3292/48196.8152/No EMA 200 Target,15780.25/15428.8669/23723.236/17945.8431/No F-Track Level/No F-Track Level/21921.5,93.94%/66/10.9 months (Across ALL Assets),72.82%/195/9.4 months (Across ALL Assets),"10, 2010-04-30 (Price: 5399.6499)",2024-06-30 (Price: 24010.5996),2024-07-31 (Price: 24951.1504),723/692/692 days,0.78% below/4.52% below/4.52% below,2010-04-30 (Price: 5399.6499)/2024-07-31 (Price: 23464.0286),No Information,No Information,No Information,No Information,No Information,No Information,99.75,watch,True,warn,,,-5.34,96,3.8675,-5.5768,16.6,,-0.75,,,index,,
TRENDPULSE,"MEL.NZ, Long, 2024-05-31 (Price: 6.76)",No Exit Yet,"-11.24%, 2.1 years","100.0%, Past 20 years, 11","Monthly, is CONFIRMED on 2024-05-31",Already confirmed,"2026-06-23 (Price: 6.0), 11.24% below",2.1 years,5.95,No Information,No Information,No Information,No Information,24.71%/12.8%/20.43%,N/A,"-0.0%, 41.24%",11.1 months/5 months/7.7 months,11.1 months/0 days/4.2 months,2025-09-25/2025-01-03/2025-04-30,6.94%,7.64%,-0.7%,0.93,0.45,7.989/8.1411/7.61/No Horizontal Resistance/7.4565/8.4564/No EMA 200 Target,4.83/4.355/6.1182/4.8318/No F-Track Level/No F-Track Level/5.53,93.94%/66/10.9 months (Across ALL Assets),72.82%/195/9.4 months (Across ALL Assets),"2, 2022-08-31 (Price: 5.35)",2024-05-31 (Price: 6.76),2024-05-31 (Price: 6.76),753/753/753 days,11.24% below/11.24% below/11.24% below,2022-08-31 (Price: 5.35)/2024-05-31 (Price: 5.9762),No Information,No Information,No Information,No Information,No Information,No Information,98.41,tA,True,pass,,,57.74,92,20.43,16.61,2.61,,-0.7,,,equity,,
TRENDPULSE,"PG, Long, 2024-04-30 (Price: 163.2)",No Exit Yet,"-7.56%, 2.2 years","92.86%, Past 20 years, 14","Monthly, is CONFIRMED on 2024-04-30",Already confirmed,"2026-06-23 (Price: 150.86), 7.56% below",2.2 years,161.78,No Information,No Information,No Information,No Information,16.93%/4.07%/9.03%,-3.8%/-3.8%/-3.8%,"3.8%, 22.42%",2.8 years/5.1 months/1 year,2.8 years/0 days/10 months,2028-04-27/2024-12-07/2025-10-03,4.95%,4.43%,0.52%,0.51,0.2,173.0573/177.937/164.49/165.125/186.6499/209.3631/No EMA 200 Target,126.25/123.62/161.0808/140.2317/No F-Track Level/No F-Track Level/153.29,93.94%/66/10.9 months (Across ALL Assets),72.82%/195/9.4 months (Across ALL Assets),"0, 2022-01-31 (Price: 165.35)",2024-04-30 (Price: 163.2),2024-04-30 (Price: 163.2),784/784/784 days,7.56% below/7.56% below/7.56% below,2022-01-31 (Price: 165.35)/2024-04-30 (Price: 155.4453),No Information,No Information,No Information,No Information,No Information,No Information,99.33,ok,True,pass,,,10.62,92,8.1139,2.8401,1.28,,0.52,,,equity,,
TRENDPULSE,"XLV, Long, 2024-02-29 (Price: 144.82)",2026-05-31 (Price: 149.47),"3.21%, 2.3 years","80.95%, Past 20 years, 21","Monthly, is CONFIRMED on 2024-02-29",Already confirmed,"2026-06-23 (Price: 152.18), 5.08% above",2.3 years,140.55,No Information,No Information,No Information,No Information,11.06%/2.58%/6.52%,-0.94%/-5.59%/-3.1%,"5.59%, 36.99%",2.7 years/5.1 months/1.4 year,2.7 years/0 days/1.3 year,2028-01-06/2024-10-07/2026-02-26,3.17%,4.63%,-1.46%,-0.02,0.23,157.5207/154.2623/146.52/No Horizontal Resistance/153.114/174.1807/No EMA 200 Target,124.54/86.68/117.2225/81.225/No F-Track Level/No F-Track Level/133.48,93.94%/66/10.9 months (Across ALL Assets),72.82%/195/9.4 months (Across ALL Assets),"0, 2021-12-31 (Price: 141.98)",2023-12-31 (Price: 136.38),2024-02-01 (Price: 142.2),905/873/845 days,11.59% above/7.02% above/5.08% above,2021-12-31 (Price: 141.98)/2024-02-29 (Price: 134.96),No Information,No Information,No Information,No Information,No Information,No Information,99.57,watch,True,neutral,,,-4.19,92,4.6874,-3.9112,0.53,,-1.46,,,equity_etf,,
TRENDPULSE,"RELIANCE.NS, Long, 2024-02-29 (Price: 1460.8)",2026-05-31 (Price: 1321.2),"-9.56%, 2.3 years","84.62%, Past 20 years, 13","Monthly, is CONFIRMED on 2024-02-29",Already confirmed,"2026-06-23 (Price: 1309.5), 10.36% below",2.3 years,1435.0,No Information,No Information,No Information,No Information,42.45%/7.3%/18.13%,-9.56%/-9.56%/-9.56%,"9.56%, 36.79%",1.4 year/7.1 months/1.1 year,2.3 years/7.1 months/1.3 year,2026-02-26/2025-01-02/2025-09-24,6.39%,11.54%,-5.15%,0.63,0.59,2144.8926/1725.643/1575.43/No Horizontal Resistance/1503.6962/2250.6285/No EMA 200 Target,1071.86/853.4344/1393.886/957.4297/No F-Track Level/No F-Track Level/1244.6,93.94%/66/10.9 months (Across ALL Assets),72.82%/195/9.4 months (Across ALL Assets),"0, 2021-10-31 (Price: 1269.7476)",2024-01-31 (Price: 1426.625),2024-02-29 (Price: 1460.8),874/845/845 days,8.21% below/10.36% below/10.36% below,2021-10-31 (Price: 1269.7476)/2024-02-29 (Price: 1334.1423),No Information,No Information,No Information,No Information,No Information,No Information,99.57,watch,True,warn,,,-1.89,92,13.8713,-7.5601,3.66,,-5.15,,,equity,,
TRENDPULSE,"ATD.TO, Long, 2023-12-31 (Price: 78.03)",No Exit Yet,"17.74%, 2.5 years","100.0%, Past 20 years, 13","Monthly, is CONFIRMED on 2023-12-31",Already confirmed,"2026-06-23 (Price: 91.87), 17.74% above",2.5 years,77.26,No Information,No Information,No Information,No Information,32.26%/5.56%/16.49%,N/A,"0%, 20.47%",2.5 years/5 months/10 months,2.5 years/5 months/10 months,2027-07-26/2024-08-04/2025-03-09,11.92%,14.04%,-2.12%,1.75,0.7,101.2361/90.8971/124.56/No Horizontal Resistance/85.3936/96.14/No EMA 200 Target,38.63/39.8362/59.8475/53.4732/No F-Track Level/No F-Track Level/70.09,93.94%/66/10.9 months (Across ALL Assets),72.82%/195/9.4 months (Across ALL Assets),"2, 1999-04-30 (Price: 0.4844)",2023-12-31 (Price: 78.03),2023-12-27 (Price: 77.4),905/909/905 days,17.74% above/18.7% above/17.74% above,1999-04-30 (Price: 0.4844)/2023-12-31 (Price: 74.2933),No Information,No Information,No Information,No Information,No Information,No Information,99.33,ok,True,neutral,,,14.74,92,16.49,-0.2243,0.7,,-2.12,,,equity,,
TRENDPULSE,"BYD.TO, Long, 2023-12-31 (Price: 278.49)",2026-06-23 (Price: 128.16),"-53.98%, 2.5 years","93.75%, Past 20 years, 16","Monthly, is CONFIRMED on 2023-12-31",Already confirmed,"2026-06-23 (Price: 128.16), 53.98% below",2.5 years,258.84,No Information,No Information,No Information,No Information,21.68%/5.8%/10.46%,-53.77%/-53.77%/-53.77%,"53.77%, 59.58%",1.1 year/5.1 months/9.9 months,2.5 years/0 days/9.9 months,2025-07-26/2024-08-08/2025-03-05,12.45%,8.21%,4.24%,0.12,0.41,408.6841/307.6201/298.58/No Horizontal Resistance/312.8053/367.2583/No EMA 200 Target,138.66/166.48/229.0045/147.1212/No F-Track Level/No F-Track Level/241.57,93.94%/66/10.9 months (Across ALL Assets),72.82%/195/9.4 months (Across ALL Assets),"0, 2021-02-28 (Price: 245.0)",2023-11-30 (Price: 258.74),2023-12-29 (Price: 278.49),936/907/905 days,50.47% below/53.98% below/53.98% below,2021-02-28 (Price: 245.0)/2023-12-31 (Price: 256.8514),No Information,No Information,No Information,No Information,No Information,No Information,99.33,ok,True,neutral,,,8.93,92,6.4456,-3.2305,,,4.24,,,equity,,
TRENDPULSE,"ADBE, Long, 2023-11-19 (Price: 602.66)",No Exit Yet,"-67.24%, 2.6 years","96.0%, Past 10 years, 25","Weekly, is CONFIRMED on 2023-11-17",Already confirmed,"2026-06-23 (Price: 197.43), 67.24% below",2.6 years,589.98,No Information,No Information,No Information,No Information,30.75%/3.26%/10.53%,-5.79%/-5.79%/-5.79%,"5.79%, 38.25%",1.1 year/28 days/2.9 months,1.1 year/0 days/2.7 months,2025-06-14/2023-12-29/2024-03-24,11.6%,8.87%,2.73%,0.97,0.46,687.9364/666.1201/921.59/No Horizontal Resistance/719.5145/812.9837/No EMA 200 Target,508.12/257.3867/595.6306/550.2938/No F-Track Level/No F-Track Level/458.13,88.72%/133/4.6 months (Across ALL Assets),77.24%/369/4.1 months (Across ALL Assets),"2, 2014-03-02 (Price: 71.11)",2023-11-19 (Price: 602.66),2023-11-16 (Price: 602.06),947/950/947 days,67.24% below/67.21% below/67.24% below,2014-03-02 (Price: 71.11)/2023-11-19 (Price: 597.8011),No Information,No Information,No Information,No Information,No Information,No Information,97.53,tA,True,pass,,,50.19,87,9.8772,7.0261,,,2.73,,,equity,,
TRENDPULSE,"ADBE, Long, 2023-07-31 (Price: 546.17)",No Exit Yet,"-63.85%, 2.9 years","100.0%, Past 20 years, 10","Monthly, is CONFIRMED on 2023-07-31",Already confirmed,"2026-06-23 (Price: 197.43), 63.85% below",2.9 years,486.39,No Information,No Information,No Information,No Information,39.91%/19.23%/27.72%,N/A,"-0.0%, 19.49%",1 year/5 months/6.5 months,1 year/0 days/5.8 months,2025-01-02/2024-03-04/2024-05-08,10.59%,6.1%,4.49%,2.3,0.32,921.0065/697.5683/638.19/No Horizontal Resistance/719.5145/812.9837/No EMA 200 Target,275.2/258.22/507.4649/458.4307/No F-Track Level/No F-Track Level/376.88,93.94%/66/10.9 months (Across ALL Assets),72.82%/195/9.4 months (Across ALL Assets),"4, 2021-11-30 (Price: 699.54)",2023-05-31 (Price: 417.79),2023-07-10 (Price: 496.35),1119/1079/1058 days,52.74% below/60.22% below/63.85% below,2021-11-30 (Price: 699.54)/2023-07-31 (Price: 303.4733),No Information,No Information,No Information,No Information,No Information,No Information,98.85,tA,True,pass,,,68.01,92,27.72,23.5081,,,4.49,,,equity,,
OSCILLATOR DELTA,"^BVSP, Long, 2026-06-23 (Price: 171258.875)",No Exit Yet,"0.0%, 0 days","88.24%, Past 6 years, 17","Daily, is Confirmed on 2026-06-23",No Cancellation Possible,"2026-06-23 (Price: 171258.875), 0.0% below",0 days,170367.4062,No Information,No Information,No Information,No Information,12.47%/0.77%/3.72%,-11.08%/-11.51%/-11.3%,"11.51%, 11.76%",1.4 month/7 days/23 days,1.9 month/0 days/25 days,2026-08-22/2026-07-03/2026-07-26,7.79%,6.85%,0.94%,0.25,0.41,178691.5102/177629.7051/190097.35/No Horizontal Resistance/205313.832/219216.256/No EMA 200 Target,No Recent Minima/96132.0/166057.916/142375.45/168362.576/158789.0/167897.67,90.26%/154/25 days (Across ALL Assets),79.53%/513/25 days (Across ALL Assets),No Information,No Information,No Information,No Information,No Information,No Information,2026-06-08 (Price: 168130.0)/2026-06-19 (Price: 167657.5312),21 days/1 day/9 days,No Information,No Information,No Information,No Information,100.0,best,True,pass,,,26.36,100,1.9536,1.274,2.2,,0.94,,,index,,
OSCILLATOR DELTA,"BTI, Long, 2026-06-23 (Price: 60.74)",No Exit Yet,"0.0%, 0 days","94.74%, Past 6 years, 19","Daily, is Confirmed on 2026-06-23",No Cancellation Possible,"2026-06-23 (Price: 60.74), 0.0% below",0 days,60.36,No Information,No Information,No Information,No Information,14.51%/0.09%/3.91%,-11.01%/-11.01%/-11.01%,"11.01%, 12.8%",4.8 months/4 days/1 month,4.8 months/4 days/1.1 month,2027-01-17/2026-06-28/2026-08-05,12.76%,4.71%,8.05%,0.57,0.23,66.9294/63.1149/69.85/No Horizontal Resistance/79.4263/92.0024/No EMA 200 Target,No Recent Minima/28.5067/53.9498/50.4772/No stop loss/No stop loss/57.6,90.26%/154/25 days (Across ALL Assets),79.53%/513/25 days (Across ALL Assets),No Information,No Information,No Information,No Information,No Information,No Information,2026-06-03 (Price: 58.57)/2026-06-18 (Price: 58.225),16 days/2 days/8 days,No Information,No Information,No Information,No Information,100.0,best,True,pass,,,43.33,100,3.1252,2.5084,0.76,,8.05,,,equity,,
OSCILLATOR DELTA,"NAUKRI.NS, Long, 2026-06-23 (Price: 1011.6)",No Exit Yet,"0.0%, 0 days","82.35%, Past 6 years, 17","Daily, is Confirmed on 2026-06-23",No Cancellation Possible,"2026-06-23 (Price: 1011.6), 0.0% below",0 days,1010.0,No Information,No Information,No Information,No Information,12.76%/0.42%/5.85%,-10.2%/-11.15%/-10.82%,"11.15%, 13.62%",2.4 months/4 days/20 days,2.4 months/4 days/19 days,2026-10-05/2026-06-28/2026-07-21,11.39%,6.93%,4.46%,0.37,0.36,1096.4732/1070.7786/1062.18/1483.595/1833.4532/2496.9457/1186.19,No Recent Minima/662.12/1009.5995/893.3628/910.766/794.352/No EMA 200 Stop Loss,90.26%/154/25 days (Across ALL Assets),79.53%/513/25 days (Across ALL Assets),No Information,No Information,No Information,No Information,No Information,No Information,2026-06-15 (Price: 977.1)/2026-06-19 (Price: 955.0),21 days/1 day/8 days,No Information,No Information,No Information,No Information,100.0,tA,True,pass,,,58.28,100,2.9077,2.3852,29.58,,4.46,,,equity,,
OSCILLATOR DELTA,"DBC, Long, 2026-06-22 (Price: 27.41)",No Exit Yet,"-1.06%, 1 day","81.25%, Past 6 years, 16","Daily, is Confirmed on 2026-06-22",No Cancellation Possible,"2026-06-23 (Price: 27.12), 1.06% below",1 day,27.51,No Information,No Information,No Information,No Information,8.2%/0.16%/2.81%,-10.06%/-10.93%/-10.58%,"10.93%, 12.27%",3.9 months/3 days/23 days,5.3 months/3 days/1.2 month,2026-12-08/2026-06-26/2026-07-25,3.11%,9.73%,-6.62%,-0.01,0.62,29.3506/28.1802/28.78/28.58/61.3269/86.3141/No EMA 200 Target,No Recent Minima/20.84/22.4363/No stop loss/No F-Track Level/No F-Track Level/25.5,90.26%/154/25 days (Across ALL Assets),79.53%/513/25 days (Across ALL Assets),No Information,No Information,No Information,No Information,No Information,No Information,2026-06-15 (Price: 28.1)/2026-06-17 (Price: 27.68),14 days/1 day/6 days,No Information,No Information,No Information,No Information,97.22,watch,True,neutral,,,-9.82,80,0.2994,-1.0906,0.47,,-6.62,,,commodity_etf,,
OSCILLATOR DELTA,"MCY.NZ, Long, 2026-06-22 (Price: 6.89)",No Exit Yet,"0.0%, 1 day","91.3%, Past 6 years, 23","Daily, is Confirmed on 2026-06-22",No Cancellation Possible,"2026-06-23 (Price: 6.89), 0.0% below",1 day,6.94,No Information,No Information,No Information,No Information,10.44%/0.07%/2.64%,-10.05%/-11.21%/-10.63%,"11.21%, 12.74%",3 months/4 days/24 days,3 months/4 days/27 days,2026-10-30/2026-06-27/2026-07-26,8.21%,4.61%,3.6%,0.25,0.23,7.3089/7.0719/7.23/7.072/7.8394/8.9737/No EMA 200 Target,No Recent Minima/5.13/6.4223/5.8309/No F-Track Level/No F-Track Level/6.56,90.26%/154/25 days (Across ALL Assets),79.53%/513/25 days (Across ALL Assets),No Information,No Information,No Information,No Information,No Information,No Information,2026-06-10 (Price: 6.7)/2026-06-11 (Price: 6.65),17 days/1 day/7 days,No Information,No Information,No Information,No Information,96.3,best,True,neutral,,,22.77,80,1.4855,0.9916,0.55,,3.6,,,equity,,
OSCILLATOR DELTA,"RELIANCE.NS, Long, 2026-06-15 (Price: 1307.0)",No Exit Yet,"0.19%, 8 days","95.24%, Past 6 years, 21","Daily, is Confirmed on 2026-06-15",No Cancellation Possible,"2026-06-23 (Price: 1309.5), 0.19% above",8 days,1315.3,No Information,No Information,No Information,No Information,13.75%/0.08%/2.92%,-11.14%/-11.14%/-11.14%,"11.14%, 12.26%",4 months/2 days/24 days,4 months/0 days/25 days,2026-12-05/2026-06-17/2026-07-19,10.52%,5.82%,4.7%,0.42,0.3,1369.6053/1345.1644/1489.98/1610.3/1879.7264/2065.5547/1421.62,No Recent Minima/1016.3918/1288.3015/1032.6763/No F-Track Level/No F-Track Level/No EMA 200 Stop Loss,90.26%/154/25 days (Across ALL Assets),79.53%/513/25 days (Across ALL Assets),No Information,No Information,No Information,No Information,No Information,No Information,2026-05-19 (Price: 1318.4)/2026-06-02 (Price: 1300.3),15 days/2 days/7 days,No Information,No Information,No Information,No Information,68.0,best,True,pass,,,38.52,0,2.2507,1.6733,1.8,,4.7,,,equity,,
OSCILLATOR DELTA,"URNM, Long, 2026-06-12 (Price: 54.58)",2026-06-22 (Price: 56.18),"2.93%, 10 days","80.0%, Past 6 years, 25","Daily, is Confirmed on 2026-06-12",No Cancellation Possible,"2026-06-23 (Price: 55.69), 2.03% above",11 days,54.19,No Information,No Information,No Information,No Information,13.73%/2.46%/6.78%,-10.29%/-12.78%/-11.08%,"12.78%, 16.39%",1.8 month/2 days/13 days,1.8 month/0 days/12 days,2026-08-29/2026-06-14/2026-06-30,15.43%,18.54%,-3.11%,0.37,0.81,62.5978/58.2805/66.04/58.7883/95.5076/134.4852/62.29,No Recent Minima/27.3005/No F-Stack Support/No F-Stack Support/No F-Track Level/No F-Track Level/No EMA 200 Stop Loss,90.26%/154/25 days (Across ALL Assets),79.53%/513/25 days (Across ALL Assets),No Information,No Information,No Information,No Information,No Information,No Information,2026-05-20 (Price: 56.81)/2026-06-10 (Price: 51.29),22 days/1 day/7 days,No Information,No Information,No Information,No Information,8.33,ok,True,pass,,,59.71,0,3.208,2.3251,0.13,,-3.11,,,equity,,
OSCILLATOR DELTA,"NVO, Long, 2026-06-10 (Price: 42.81)",2026-06-22 (Price: 45.88),"7.17%, 12 days","81.82%, Past 6 years, 22","Daily, is Confirmed on 2026-06-10",No Cancellation Possible,"2026-06-23 (Price: 47.42), 10.77% above",13 days,41.67,No Information,No Information,No Information,No Information,8.75%/2.56%/5.86%,-10.26%/-11.39%/-10.79%,"11.39%, 12.74%",1.7 month/4 days/16 days,1.7 month/0 days/16 days,2026-08-22/2026-06-15/2026-07-03,13.3%,2.84%,10.46%,0.35,0.19,47.1681/45.3187/44.95/139.01/157.4212/208.2418/48.05,No Recent Minima/No Horizontal Support/37.3162/32.5538/No F-Track Level/No F-Track Level/No EMA 200 Stop Loss,90.26%/154/25 days (Across ALL Assets),79.53%/513/25 days (Across ALL Assets),No Information,No Information,No Information,No Information,No Information,No Information,2026-06-03 (Price: 41.9)/2026-06-08 (Price: 41.0),20 days/1 day/6 days,No Information,No Information,No Information,No Information,18.75,best,True,pass,,,69.57,0,2.833,2.6527,0.28,,10.46,,,equity,,
OSCILLATOR DELTA,"KWEB, Long, 2026-06-01 (Price: 27.36)",2026-06-23 (Price: 24.49),"-10.49%, 22 days","86.21%, Past 6 years, 29","Daily, is Confirmed on 2026-06-01",No Cancellation Possible,"2026-06-23 (Price: 24.49), 10.49% below",22 days,26.95,No Information,No Information,No Information,No Information,15.44%/0.28%/4.82%,-10.01%/-13.22%/-11.25%,"13.22%, 14.33%",24 days/1 day/8 days,1.6 month/0 days/10 days,2026-07-05/2026-06-02/2026-06-12,15.21%,-9.9%,25.11%,0.34,-0.19,29.1876/28.6788/29.0/54.865/No Next Fib Ext/No Next Fib Ext/33.97,No Recent Minima/24.5062/No F-Stack Support/No F-Stack Support/No F-Track Level/No F-Track Level/No EMA 200 Stop Loss,90.26%/154/25 days (Across ALL Assets),79.53%/513/25 days (Across ALL Assets),No Information,No Information,No Information,No Information,No Information,No Information,2026-05-22 (Price: 26.41)/2026-05-28 (Price: 26.23),19 days/1 day/6 days,No Information,No Information,No Information,No Information,-120.0,ok,True,pass,,,75.53,0,2.6039,2.9968,,,25.11,,,equity_etf,,
OSCILLATOR DELTA,"MX.TO, Long, 2026-06-01 (Price: 84.71)",2026-06-18 (Price: 75.08),"-11.37%, 17 days","81.82%, Past 6 years, 22","Daily, is Confirmed on 2026-06-01",No Cancellation Possible,"2026-06-23 (Price: 72.8), 14.06% below",22 days,82.89,No Information,No Information,No Information,No Information,11.79%/0.26%/4.78%,-10.61%/-15.96%/-12.86%,"15.96%, 16.64%",2.7 months/3 days/15 days,2.7 months/3 days/18 days,2026-09-26/2026-06-05/2026-06-22,8.75%,12.91%,-4.16%,0.18,0.61,93.7062/88.7591/88.95/No Horizontal Resistance/104.8718/122.9238/No EMA 200 Target,No Recent Minima/38.425/77.0903/68.3859/No F-Track Level/No F-Track Level/66.21,90.26%/154/25 days (Across ALL Assets),79.53%/513/25 days (Across ALL Assets),No Information,No Information,No Information,No Information,No Information,No Information,2026-05-25 (Price: 81.74)/2026-05-27 (Price: 80.99),29 days/1 day/7 days,No Information,No Information,No Information,No Information,-22.22,ok,True,neutral,,,12.76,0,1.573,0.6509,0.79,,-4.16,,,equity,,
OSCILLATOR DELTA,"HDFCBANK.NS, Long, 2026-05-25 (Price: 786.85)",No Exit Yet,"-1.55%, 29 days","80.95%, Past 6 years, 21","Daily, is Confirmed on 2026-05-25",No Cancellation Possible,"2026-06-23 (Price: 774.65), 1.55% below",29 days,776.0,No Information,No Information,No Information,No Information,6.75%/0.15%/2.38%,-10.5%/-12.51%/-11.46%,"12.51%, 12.74%",3.3 months/3 days/1 month,5.8 months/0 days/1.2 month,2026-10-15/2026-05-29/2026-07-07,0.25%,4.97%,-4.72%,-0.12,0.25,816.4356/805.577/826.19/1009.6/1098.0619/1180.6259/899.63,No Recent Minima/640.9/765.1075/697.8792/No F-Track Level/No F-Track Level/No EMA 200 Stop Loss,90.26%/154/25 days (Across ALL Assets),79.53%/513/25 days (Across ALL Assets),No Information,No Information,No Information,No Information,No Information,No Information,2026-05-13 (Price: 747.35)/2026-05-14 (Price: 747.0),21 days/1 day/5 days,No Information,No Information,No Information,No Information,19.44,watch,True,neutral,,,-18.8,0,-0.2565,-0.9665,1.93,,-4.72,,,equity,,
OSCILLATOR DELTA,"HDB, Long, 2026-05-18 (Price: 24.63)",2026-06-22 (Price: 25.09),"1.87%, 1.2 month","88.46%, Past 6 years, 26","Daily, is Confirmed on 2026-05-18",No Cancellation Possible,"2026-06-23 (Price: 25.02), 1.58% above",1.2 month,24.47,No Information,No Information,No Information,No Information,11.75%/0.27%/5.01%,-10.01%/-10.41%/-10.17%,"10.41%, 13.52%",2.3 months/3 days/23 days,2.3 months/0 days/24 days,2026-08-25/2026-05-22/2026-06-20,14.85%,1.34%,13.51%,0.51,0.05,26.6521/25.864/26.6/39.5717/40.717/51.346/31.27,No Recent Minima/No Horizontal Support/21.1884/14.0692/No F-Track Level/No F-Track Level/No EMA 200 Stop Loss,90.26%/154/25 days (Across ALL Assets),79.53%/513/25 days (Across ALL Assets),No Information,No Information,No Information,No Information,No Information,No Information,2026-05-05 (Price: 24.82)/2026-05-13 (Price: 23.75),23 days/1 day/8 days,No Information,No Information,No Information,No Information,95.83,best,True,pass,,,58.43,80,3.2582,3.1306,0.33,,13.51,,,equity,,
SIGMASHELL,"BYD.TO, Long, 2026-06-12 (Price: 133.19)",No Exit Yet,"-3.78%, 11 days","71.43%, Past 5 years, 14","Daily, was CONFIRMED on 2026-06-12",Already confirmed,"2026-06-23 (Price: 128.16), 3.78% below",11 days,133.45,No Information,No Information,No Information,No Information,22.72%/0.84%/10.52%,-2.81%/-21.96%/-8.32%,"21.96%, 39.56%",4.7 months/1.5 month/2.6 months,7.8 months/0 days/2.6 months,2027-01-02/2026-08-16/2026-10-02,9.79%,8.44%,1.35%,0.19,0.43,141.3279/147.2016/367.2583/254.5175/367.2583/388.6839/202.65,133.12/No Horizontal Support/93.5677/86.9466/No F-Track Level/No F-Track Level/No EMA 200 Stop Loss,68.18%/44/3.8 months (Across ALL Assets),69.36%/297/3.8 months (Across ALL Assets),No Information,No Information,No Information,No Information,No Information,No Information,No Information,No Information,"-3.43, 66.94%",No Information,No Information,No Information,85.9,ok,True,pass,,,19.04,0,5.1374,2.525,0.39,,1.35,,,equity,,
SIGMASHELL,"EFN.TO, Long, 2026-06-11 (Price: 26.02)",No Exit Yet,"10.91%, 12 days","100.0%, Past 5 years, 5","Daily, was CONFIRMED on 2026-06-11",Already confirmed,"2026-06-23 (Price: 28.86), 10.91% above",12 days,26.01,No Information,No Information,No Information,No Information,18.68%/7.29%/12.3%,N/A,"-0.0%, 21.09%",7.7 months/3.3 months/5.5 months,7.7 months/0 days/3.3 months,2027-05-11/2026-11-01/2027-02-04,9.88%,9.0%,0.88%,0.87,0.46,26.9463/29.2205/45.1741/34.925/45.1741/70.5281/33.53,26.0/12.67/No F-Stack Support/No F-Stack Support/No F-Track Level/No F-Track Level/No EMA 200 Stop Loss,68.18%/44/3.8 months (Across ALL Assets),69.36%/297/3.8 months (Across ALL Assets),No Information,No Information,No Information,No Information,No Information,No Information,No Information,No Information,"-3.06, 65.0%",No Information,No Information,No Information,87.88,tA,True,pass,,,46.8,0,12.3,8.7643,1.24,,0.88,,,equity,,
SIGMASHELL,"BYD.TO, Long, 2026-06-02 (Price: 144.51)",No Exit Yet,"-11.31%, 21 days","71.43%, Past 5 years, 14","Daily, was CONFIRMED on 2026-06-02",Already confirmed,"2026-06-23 (Price: 128.16), 11.31% below",21 days,148.23,No Information,No Information,No Information,No Information,22.72%/0.84%/10.52%,-2.81%/-21.96%/-8.32%,"21.96%, 39.56%",4.7 months/1.5 month/2.6 months,7.8 months/0 days/2.6 months,2026-12-23/2026-08-06/2026-09-22,9.79%,8.44%,1.35%,0.19,0.43,153.3396/159.7125/367.2583/254.5175/367.2583/388.6839/202.65,134.54/No Horizontal Support/139.9966/93.5677/No F-Track Level/No F-Track Level/No EMA 200 Stop Loss,68.18%/44/3.8 months (Across ALL Assets),69.36%/297/3.8 months (Across ALL Assets),No Information,No Information,No Information,No Information,No Information,No Information,No Information,No Information,"-5.74, 66.67%",No Information,No Information,No Information,73.08,ok,True,pass,,,19.04,0,5.1374,2.525,0.39,,1.35,,,equity,,
SIGMASHELL,"HDFCBANK.NS, Long, 2026-06-01 (Price: 742.7)",No Exit Yet,"4.3%, 22 days","100.0%, Past 5 years, 7","Daily, was CONFIRMED on 2026-06-01",Already confirmed,"2026-06-23 (Price: 774.65), 4.3% above",22 days,749.0,No Information,No Information,No Information,No Information,8.69%/0.8%/4.88%,N/A,"-0.0%, 22.66%",5.2 months/2.4 months/3.7 months,5.2 months/0 days/2.1 months,2027-01-12/2026-09-13/2026-11-08,6.75%,12.02%,-5.27%,0.68,0.64,757.8511/778.9438/1098.0619/1009.6/1098.0619/1180.6259/899.63,731.55/640.9/697.8792/606.5732/No F-Track Level/No F-Track Level/No EMA 200 Stop Loss,68.18%/44/3.8 months (Across ALL Assets),69.36%/297/3.8 months (Across ALL Assets),No Information,No Information,No Information,No Information,No Information,No Information,No Information,No Information,"-5.48, 75.0%",No Information,No Information,No Information,65.08,ok,True,pass,,,14.85,0,4.88,1.875,0.88,,-5.27,,,equity,,
SIGMASHELL,"NFLX, Long, 2026-06-01 (Price: 85.85)",No Exit Yet,"-15.18%, 22 days","85.71%, Past 5 years, 7","Daily, was CONFIRMED on 2026-06-01",Already confirmed,"2026-06-23 (Price: 72.82), 15.18% below",22 days,85.73,No Information,No Information,No Information,No Information,44.38%/6.54%/20.78%,-6.75%/-6.75%/-6.75%,"6.75%, 27.03%",6.7 months/1.2 month/2.9 months,6.7 months/0 days/2.5 months,2027-03-19/2026-07-23/2026-10-05,22.71%,20.65%,2.06%,0.8,0.87,No Target/103.6896/139.352/107.7/139.352/152.4292/97.83,85.45/34.8663/77.567/72.1834/No F-Track Level/No F-Track Level/No EMA 200 Stop Loss,68.18%/44/3.8 months (Across ALL Assets),69.36%/297/3.8 months (Across ALL Assets),No Information,No Information,No Information,No Information,No Information,No Information,No Information,No Information,"-5.05, 62.5%",No Information,No Information,No Information,70.67,tA,True,pass,,,70.76,0,16.846,10.7002,23.77,,2.06,,,equity,,
SIGMASHELL,"BABA, Long, 2026-06-01 (Price: 125.4)",No Exit Yet,"-18.18%, 22 days","75.0%, Past 5 years, 16","Daily, was CONFIRMED on 2026-06-01",Already confirmed,"2026-06-23 (Price: 102.6), 18.18% below",22 days,124.2,No Information,No Information,No Information,No Information,70.32%/2.42%/19.21%,-0.6%/-29.44%/-10.02%,"29.44%, 56.8%",1.1 year/1.6 month/4.1 months,1.1 year/0 days/3.6 months,2027-12-26/2026-08-09/2026-11-24,28.44%,0.79%,27.65%,0.36,0.14,136.3098/149.4893/399.1612/181.595/399.1612/524.2534/148.89,124.22/67.495/No F-Stack Support/No F-Stack Support/No F-Track Level/No F-Track Level/No EMA 200 Stop Loss,68.18%/44/3.8 months (Across ALL Assets),69.36%/297/3.8 months (Across ALL Assets),No Information,No Information,No Information,No Information,No Information,No Information,No Information,No Information,"-5.18, 68.52%",No Information,No Information,No Information,79.63,best,True,pass,,,48.01,0,11.9025,11.5639,0.56,,27.65,,,equity,,
SIGMASHELL,"MCD, Long, 2026-06-01 (Price: 276.11)",No Exit Yet,"-1.61%, 22 days","90.0%, Past 5 years, 10","Daily, was CONFIRMED on 2026-06-01",Already confirmed,"2026-06-23 (Price: 271.66), 1.61% below",22 days,278.12,No Information,No Information,No Information,No Information,25.42%/0.41%/11.6%,-4.18%/-4.18%/-4.18%,"4.18%, 13.54%",7.1 months/1.9 month/3.7 months,7.1 months/0 days/2.8 months,2027-04-05/2026-08-22/2026-11-08,16.74%,8.42%,8.32%,0.74,0.44,280.4173/308.1388/370.0426/321.444/370.0426/590.3302/304.83,274.6/230.37/254.2758/233.8976/No F-Track Level/No F-Track Level/No EMA 200 Stop Loss,68.18%/44/3.8 months (Across ALL Assets),69.36%/297/3.8 months (Across ALL Assets),No Information,No Information,No Information,No Information,No Information,No Information,No Information,No Information,"-7.84, 69.74%",No Information,No Information,No Information,73.81,tA,True,pass,,,51.94,0,10.022,7.2153,1.81,,8.32,,,equity,,
SIGMASHELL,"PG, Long, 2026-06-01 (Price: 140.28)",No Exit Yet,"7.54%, 22 days","92.86%, Past 5 years, 14","Daily, was CONFIRMED on 2026-06-01",Already confirmed,"2026-06-23 (Price: 150.86), 7.54% above",22 days,141.52,No Information,No Information,No Information,No Information,21.97%/0.84%/7.88%,-3.1%/-3.1%/-3.1%,"3.1%, 11.76%",5.3 months/1.2 month/2.4 months,5.3 months/0 days/2.2 months,2027-01-17/2026-07-23/2026-09-13,16.99%,6.26%,10.73%,0.82,0.33,143.801/151.3341/186.6499/179.4533/186.6499/209.3631/148.87,138.04/137.0167/140.2317/117.5404/No F-Track Level/No F-Track Level/No EMA 200 Stop Loss,68.18%/44/3.8 months (Across ALL Assets),69.36%/297/3.8 months (Across ALL Assets),No Information,No Information,No Information,No Information,No Information,No Information,No Information,No Information,"-3.76, 79.34%",No Information,No Information,No Information,66.67,tA,True,pass,,,50.18,0,7.096,5.4565,1.12,,10.73,,,equity,,
SIGMASHELL,"0700.HK, Long, 2026-06-01 (Price: 436.0)",No Exit Yet,"-4.86%, 22 days","88.89%, Past 5 years, 18","Daily, was CONFIRMED on 2026-06-01",Already confirmed,"2026-06-23 (Price: 414.8), 4.86% below",22 days,432.4,No Information,No Information,No Information,No Information,53.02%/0.06%/11.98%,-9.62%/-12.76%/-11.19%,"12.76%, 38.89%",5.9 months/1.4 month/3.1 months,5.9 months/0 days/2.5 months,2027-02-12/2026-07-31/2026-10-13,22.37%,22.34%,0.03%,0.38,1.02,449.1672/488.2328/707.5571/539.5/707.5571/895.8211/564.14,425.0/282.3421/286.808/187.4825/No F-Track Level/No F-Track Level/No EMA 200 Stop Loss,68.18%/44/3.8 months (Across ALL Assets),69.36%/297/3.8 months (Across ALL Assets),No Information,No Information,No Information,No Information,No Information,No Information,No Information,No Information,"-7.45, 79.69%",No Information,No Information,No Information,70.67,best,True,pass,,,31.56,0,9.4058,2.757,0.39,,0.03,,,equity,,
SIGMASHELL,"BYD.TO, Long, 2026-05-05 (Price: 164.92)",No Exit Yet,"-22.29%, 1.6 month","71.43%, Past 5 years, 14","Daily, was CONFIRMED on 2026-05-05",Already confirmed,"2026-06-23 (Price: 128.16), 22.29% below",1.6 month,165.21,No Information,No Information,No Information,No Information,22.72%/0.84%/10.52%,-2.81%/-21.96%/-8.32%,"21.96%, 39.56%",4.7 months/1.5 month/2.6 months,7.8 months/0 days/2.6 months,2026-11-25/2026-07-09/2026-08-25,9.79%,8.44%,1.35%,0.19,0.43,174.9966/182.2696/367.2583/256.6133/367.2583/388.6839/202.65,161.2/No Horizontal Support/147.1212/139.9966/No F-Track Level/No F-Track Level/No EMA 200 Stop Loss,68.18%/44/3.8 months (Across ALL Assets),69.36%/297/3.8 months (Across ALL Assets),No Information,No Information,No Information,No Information,No Information,No Information,No Information,No Information,"-4.61, 64.71%",No Information,No Information,No Information,98.72,ok,True,pass,,,19.04,80,5.1374,2.525,,,1.35,,,equity,,
SIGMASHELL,"0700.HK, Long, 2026-05-04 (Price: 473.0)",No Exit Yet,"-12.3%, 1.7 month","88.89%, Past 5 years, 18","Daily, was CONFIRMED on 2026-05-04",Already confirmed,"2026-06-23 (Price: 414.8), 12.3% below",1.7 month,469.8,No Information,No Information,No Information,No Information,53.02%/0.06%/11.98%,-9.62%/-12.76%/-11.19%,"12.76%, 38.89%",5.9 months/1.4 month/3.1 months,5.9 months/0 days/2.5 months,2027-01-15/2026-07-03/2026-09-15,22.37%,22.34%,0.03%,0.38,1.02,487.2846/529.6654/707.5571/539.5/707.5571/895.8211/564.14,467.8/282.3421/447.5198/286.808/No F-Track Level/No F-Track Level/No EMA 200 Stop Loss,68.18%/44/3.8 months (Across ALL Assets),69.36%/297/3.8 months (Across ALL Assets),No Information,No Information,No Information,No Information,No Information,No Information,No Information,No Information,"-4.08, 79.42%",No Information,No Information,No Information,98.67,best,True,pass,,,31.56,80,9.4058,2.757,0.39,,0.03,,,equity,,
SIGMASHELL,"SUM.NZ, Long, 2026-05-01 (Price: 8.2)",No Exit Yet,"7.32%, 1.8 month","73.33%, Past 5 years, 15","Daily, was CONFIRMED on 2026-05-01",Already confirmed,"2026-06-23 (Price: 8.8), 7.32% above",1.8 month,8.16,No Information,No Information,No Information,No Information,24.21%/0.1%/9.81%,-5.59%/-25.59%/-14.12%,"25.59%, 38.29%",5.5 months/1.3 month/2.5 months,1.5 year/0 days/3.7 months,2026-12-25/2026-06-26/2026-08-17,0.05%,8.98%,-8.93%,0.03,0.49,8.3091/9.0044/16.1691/12.6867/16.1691/19.8479/10.46,7.99/No Horizontal Support/No F-Stack Support/No F-Stack Support/No F-Track Level/No F-Track Level/No EMA 200 Stop Loss,68.18%/44/3.8 months (Across ALL Assets),69.36%/297/3.8 months (Across ALL Assets),No Information,No Information,No Information,No Information,No Information,No Information,No Information,No Information,"-15.41, 65.91%",No Information,No Information,No Information,99.1,watch,True,neutral,,,-8.04,80,3.4279,-0.5276,1.07,,-8.93,,,equity,,
SIGMASHELL,"FSF.NZ, Long, 2026-04-30 (Price: 6.55)",No Exit Yet,"9.31%, 1.8 month","85.71%, Past 5 years, 14","Daily, was CONFIRMED on 2026-04-30",Already confirmed,"2026-06-23 (Price: 7.16), 9.31% above",1.8 month,6.401,No Information,No Information,No Information,No Information,27.48%/1.18%/11.63%,-0.87%/-3.66%/-2.27%,"3.66%, 28.57%",5.6 months/1.2 month/3.8 months,9.6 months/0 days/4.1 months,2026-12-29/2026-06-21/2026-10-12,22.08%,0.18%,21.9%,0.89,-0.08,6.8074/7.3118/8.4284/No Horizontal Resistance/8.4284/9.7443/7.77,6.4/2.942/6.3611/No stop loss/No F-Track Level/No F-Track Level/No EMA 200 Stop Loss,68.18%/44/3.8 months (Across ALL Assets),69.36%/297/3.8 months (Across ALL Assets),No Information,No Information,No Information,No Information,No Information,No Information,No Information,No Information,"-3.34, 75.0%",No Information,No Information,No Information,99.18,tA,True,pass,,,44.77,80,9.6437,9.5566,1.1,,21.9,,,equity,,
SIGMASHELL,"PG, Long, 2026-04-07 (Price: 141.3)",2026-06-22 (Price: 147.68),"4.52%, 2.5 months","92.86%, Past 5 years, 14","Daily, was CONFIRMED on 2026-04-07",Already confirmed,"2026-06-23 (Price: 150.86), 6.77% above",2.6 months,142.52,No Information,No Information,No Information,No Information,21.97%/0.84%/7.88%,-3.1%/-3.1%/-3.1%,"3.1%, 11.76%",5.3 months/1.2 month/2.4 months,5.3 months/0 days/2.2 months,2026-11-23/2026-05-29/2026-07-20,16.99%,6.26%,10.73%,0.82,0.33,144.8466/152.4344/186.6499/179.4533/186.6499/209.3631/148.87,138.04/132.4233/140.2317/117.5404/No F-Track Level/No F-Track Level/No EMA 200 Stop Loss,68.18%/44/3.8 months (Across ALL Assets),69.36%/297/3.8 months (Across ALL Assets),No Information,No Information,No Information,No Information,No Information,No Information,No Information,No Information,"-4.8, 62.5%",No Information,No Information,No Information,96.97,tA,True,pass,,,50.18,60,7.096,5.4565,1.12,,10.73,,,equity,,
SIGMASHELL,"MFT.NZ, Long, 2026-04-02 (Price: 58.99)",2026-06-18 (Price: 62.0),"5.1%, 2.6 months","73.68%, Past 5 years, 19","Daily, was CONFIRMED on 2026-04-02",Already confirmed,"2026-06-23 (Price: 60.1), 1.88% above",2.7 months,58.63,No Information,No Information,No Information,No Information,22.45%/0.16%/7.52%,-0.07%/-11.61%/-5.45%,"11.61%, 28.63%",7.7 months/1.4 month/4 months,1 year/1.4 month/4.8 months,2027-03-02/2026-06-01/2026-09-22,10.67%,9.52%,1.15%,0.3,0.51,60.3645/63.426/105.252/85.45/105.252/119.9356/62.95,57.21/55.185/54.7158/45.8971/No F-Track Level/No F-Track Level/No EMA 200 Stop Loss,68.18%/44/3.8 months (Across ALL Assets),69.36%/297/3.8 months (Across ALL Assets),No Information,No Information,No Information,No Information,No Information,No Information,No Information,No Information,"-4.79, 90.91%",No Information,No Information,No Information,98.61,ok,True,neutral,,,6.75,60,4.1063,-1.3337,1.56,,1.15,,,equity,,
SIGMASHELL,"BBTC.NS, Long, 2026-04-02 (Price: 1410.7)",No Exit Yet,"11.99%, 2.7 months","88.89%, Past 5 years, 9","Daily, was CONFIRMED on 2026-04-02",Already confirmed,"2026-06-23 (Price: 1579.8), 11.99% above",2.7 months,1381.1,No Information,No Information,No Information,No Information,49.05%/0.11%/13.94%,-12.49%/-12.49%/-12.49%,"12.49%, 27.11%",5.7 months/1.7 month/3.1 months,5.7 months/0 days/2.6 months,2026-12-05/2026-06-14/2026-08-14,19.37%,15.89%,3.48%,0.51,0.71,1528.3524/1607.3516/3412.111/2145.0/3412.111/3761.7441/1725.98,1322.0/846.25/1057.7422/973.2526/No F-Track Level/No F-Track Level/No EMA 200 Stop Loss,68.18%/44/3.8 months (Across ALL Assets),69.36%/297/3.8 months (Across ALL Assets),No Information,No Information,No Information,No Information,No Information,No Information,No Information,No Information,"-6.11, 72.22%",No Information,No Information,No Information,97.44,best,True,pass,,,49.12,60,11.0036,6.0853,0.85,,3.48,,,equity,,
SIGMASHELL,"BABA, Long, 2026-04-01 (Price: 123.73)",No Exit Yet,"-17.08%, 2.8 months","75.0%, Past 5 years, 16","Daily, was CONFIRMED on 2026-04-01",Already confirmed,"2026-06-23 (Price: 102.6), 17.08% below",2.8 months,125.48,No Information,No Information,No Information,No Information,70.32%/2.42%/19.21%,-0.6%/-29.44%/-10.02%,"29.44%, 56.8%",1.1 year/1.6 month/4.1 months,1.1 year/0 days/3.6 months,2027-10-26/2026-06-09/2026-09-24,28.44%,0.79%,27.65%,0.36,0.14,134.4945/147.4985/399.1612/181.595/399.1612/524.2534/148.89,121.98/67.495/No F-Stack Support/No F-Stack Support/No F-Track Level/No F-Track Level/No EMA 200 Stop Loss,68.18%/44/3.8 months (Across ALL Assets),69.36%/297/3.8 months (Across ALL Assets),No Information,No Information,No Information,No Information,No Information,No Information,No Information,No Information,"-9.6, 60.42%",No Information,No Information,No Information,98.15,best,True,pass,,,48.01,60,11.9025,11.5639,0.56,,27.65,,,equity,,
SIGMASHELL,"SPY, Long, 2026-04-01 (Price: 655.24)",No Exit Yet,"11.96%, 2.8 months","90.0%, Past 5 years, 10","Daily, was CONFIRMED on 2026-04-01",Already confirmed,"2026-06-23 (Price: 733.58), 11.96% above",2.8 months,653.9,No Information,No Information,No Information,No Information,11.94%/1.85%/7.44%,-0.65%/-0.65%/-0.65%,"0.65%, 17.02%",4.2 months/1.8 month/2.7 months,4.2 months/0 days/2.5 months,2026-09-30/2026-06-18/2026-07-27,15.1%,6.1%,9.0%,1.25,0.34,665.2652/703.9899/969.1148/693.77/969.1148/1522.3697/689.29,631.97/412.1625/627.1849/415.8599/No F-Track Level/No F-Track Level/No EMA 200 Stop Loss,68.18%/44/3.8 months (Across ALL Assets),69.36%/297/3.8 months (Across ALL Assets),No Information,No Information,No Information,No Information,No Information,No Information,No Information,No Information,"-4.8, 90.62%",No Information,No Information,No Information,97.33,best,True,pass,,,35.69,60,6.631,4.8155,0.54,,9.0,,,equity_etf,,
SIGMASHELL,"AIA.NZ, Long, 2026-04-01 (Price: 8.0)",No Exit Yet,"4.5%, 2.8 months","85.71%, Past 5 years, 7","Daily, was CONFIRMED on 2026-04-01",Already confirmed,"2026-06-23 (Price: 8.36), 4.5% above",2.8 months,8.02,No Information,No Information,No Information,No Information,8.85%/2.77%/5.72%,-1.58%/-1.58%/-1.58%,"1.58%, 18.81%",1.1 year/1.8 month/5.4 months,1.1 year/0 days/4.3 months,2027-10-26/2026-06-18/2026-11-21,7.99%,6.05%,1.94%,0.77,0.31,8.2064/8.4576/11.1706/8.8962/11.1706/12.8535/8.21,7.9/7.0017/7.3934/6.6643/No F-Track Level/No F-Track Level/No EMA 200 Stop Loss,68.18%/44/3.8 months (Across ALL Assets),69.36%/297/3.8 months (Across ALL Assets),No Information,No Information,No Information,No Information,No Information,No Information,No Information,No Information,"-5.76, 100.0%",No Information,No Information,No Information,98.45,ok,True,pass,,,19.17,60,4.6768,1.5798,1.04,,1.94,,,equity,,
SIGMASHELL,"SUM.NZ, Long, 2026-04-01 (Price: 8.91)",No Exit Yet,"-1.23%, 2.8 months","73.33%, Past 5 years, 15","Daily, was CONFIRMED on 2026-04-01",Already confirmed,"2026-06-23 (Price: 8.8), 1.23% below",2.8 months,9.2,No Information,No Information,No Information,No Information,24.21%/0.1%/9.81%,-5.59%/-25.59%/-14.12%,"25.59%, 38.29%",5.5 months/1.3 month/2.5 months,1.5 year/0 days/3.7 months,2026-11-25/2026-05-27/2026-07-18,0.05%,8.98%,-8.93%,0.03,0.49,9.0285/9.7841/19.8479/12.64/19.8479/26.5969/10.46,8.88/No Horizontal Support/No F-Stack Support/No F-Stack Support/No F-Track Level/No F-Track Level/No EMA 200 Stop Loss,68.18%/44/3.8 months (Across ALL Assets),69.36%/297/3.8 months (Across ALL Assets),No Information,No Information,No Information,No Information,No Information,No Information,No Information,No Information,"-11.93, 91.67%",No Information,No Information,No Information,98.2,watch,True,neutral,,,-8.04,60,3.4279,-0.5276,,,-8.93,,,equity,,
SIGMASHELL,"EFN.TO, Long, 2026-04-01 (Price: 30.49)",No Exit Yet,"-5.35%, 2.8 months","100.0%, Past 5 years, 5","Daily, was CONFIRMED on 2026-04-01",Already confirmed,"2026-06-23 (Price: 28.86), 5.35% below",2.8 months,30.24,No Information,No Information,No Information,No Information,18.68%/7.29%/12.3%,N/A,"-0.0%, 21.09%",7.7 months/3.3 months/5.5 months,7.7 months/0 days/3.3 months,2027-03-01/2026-08-22/2026-11-25,9.88%,9.0%,0.88%,0.87,0.46,31.5754/34.2403/45.1741/34.925/45.1741/70.5281/33.53,29.95/12.67/29.5041/No stop loss/No F-Track Level/No F-Track Level/No EMA 200 Stop Loss,68.18%/44/3.8 months (Across ALL Assets),69.36%/297/3.8 months (Across ALL Assets),No Information,No Information,No Information,No Information,No Information,No Information,No Information,No Information,"-6.37, 68.19%",No Information,No Information,No Information,97.98,best,True,pass,,,46.8,60,12.3,8.7643,0.22,,0.88,,,equity,,
SIGMASHELL,"MTY.TO, Long, 2026-04-01 (Price: 39.25)",2026-06-19 (Price: 39.19),"-0.15%, 2.6 months","75.0%, Past 5 years, 12","Daily, was CONFIRMED on 2026-04-01",Already confirmed,"2026-06-23 (Price: 37.08), 5.53% below",2.8 months,39.39,No Information,No Information,No Information,No Information,31.29%/3.02%/12.92%,-0.15%/-2.41%/-1.57%,"2.41%, 27.99%",10 months/1.2 month/4.6 months,10 months/1.2 month/4.1 months,2027-06-09/2026-05-23/2026-10-17,20.01%,5.42%,14.59%,0.78,0.29,40.3255/44.3211/No Target/72.5033/No Next Fib Ext/No Next Fib Ext/No EMA 200 Target,37.93/37.115/No F-Stack Support/No F-Stack Support/No F-Track Level/No F-Track Level/38.71,68.18%/44/3.8 months (Across ALL Assets),69.36%/297/3.8 months (Across ALL Assets),No Information,No Information,No Information,No Information,No Information,No Information,No Information,No Information,"-3.74, 76.79%",No Information,No Information,No Information,98.36,best,True,pass,,,39.42,60,9.2975,6.6735,,,14.59,,,equity,,
SIGMASHELL,"HDFCBANK.NS, Long, 2026-03-23 (Price: 744.15)",2026-06-23 (Price: 774.65),"4.1%, 3.1 months","100.0%, Past 5 years, 7","Daily, was CONFIRMED on 2026-03-23",Already confirmed,"2026-06-23 (Price: 774.65), 4.1% above",3.1 months,763.15,No Information,No Information,No Information,No Information,8.69%/0.8%/4.88%,N/A,"-0.0%, 22.66%",5.2 months/2.4 months/3.7 months,5.2 months/0 days/2.1 months,2026-11-03/2026-07-05/2026-08-30,6.75%,12.02%,-5.27%,0.68,0.64,759.3307/780.4645/1098.0619/1009.6/1098.0619/1305.7899/899.63,No Recent Minima/640.9/697.8792/606.5732/No F-Track Level/No F-Track Level/No EMA 200 Stop Loss,68.18%/44/3.8 months (Across ALL Assets),69.36%/297/3.8 months (Across ALL Assets),No Information,No Information,No Information,No Information,No Information,No Information,No Information,No Information,"-3.21, 100.0%",No Information,No Information,No Information,95.24,ok,True,pass,,,14.85,40,4.88,1.875,0.49,,-5.27,,,equity,,
SIGMASHELL,"SUM.NZ, Long, 2026-03-03 (Price: 10.28)",No Exit Yet,"-14.4%, 3.7 months","73.33%, Past 5 years, 15","Daily, was CONFIRMED on 2026-03-03",Already confirmed,"2026-06-23 (Price: 8.8), 14.4% below",3.7 months,10.32,No Information,No Information,No Information,No Information,24.21%/0.1%/9.81%,-5.59%/-25.59%/-14.12%,"25.59%, 38.29%",5.5 months/1.3 month/2.5 months,1.5 year/0 days/3.7 months,2026-10-27/2026-04-28/2026-06-19,0.05%,8.98%,-8.93%,0.03,0.49,10.4167/11.2885/19.8479/12.64/19.8479/26.5969/10.46,No Recent Minima/9.1367/No F-Stack Support/No F-Stack Support/No F-Track Level/No F-Track Level/No EMA 200 Stop Loss,68.18%/44/3.8 months (Across ALL Assets),69.36%/297/3.8 months (Across ALL Assets),No Information,No Information,No Information,No Information,No Information,No Information,No Information,No Information,"-8.89, 87.5%",No Information,No Information,No Information,97.3,watch,True,neutral,,,-8.04,40,3.4279,-0.5276,,,-8.93,,,equity,,
SIGMASHELL,"HDFCBANK.NS, Long, 2026-03-02 (Price: 879.4)",2026-06-23 (Price: 774.65),"-11.91%, 3.8 months","100.0%, Past 5 years, 7","Daily, was CONFIRMED on 2026-03-02",Already confirmed,"2026-06-23 (Price: 774.65), 11.91% below",3.8 months,876.2,No Information,No Information,No Information,No Information,8.69%/0.8%/4.88%,N/A,"-0.0%, 22.66%",5.2 months/2.4 months/3.7 months,5.2 months/0 days/2.1 months,2026-10-13/2026-06-14/2026-08-09,6.75%,12.02%,-5.27%,0.68,0.64,897.3398/922.3147/1098.0619/1009.6/1098.0619/1305.7899/899.63,878.85/640.9/765.1075/697.8792/No F-Track Level/No F-Track Level/No EMA 200 Stop Loss,68.18%/44/3.8 months (Across ALL Assets),69.36%/297/3.8 months (Across ALL Assets),No Information,No Information,No Information,No Information,No Information,No Information,No Information,No Information,"-3.0, 69.44%",No Information,No Information,No Information,95.24,ok,True,pass,,,14.85,40,4.88,1.875,3.96,,-5.27,,,equity,,
SIGMASHELL,"0700.HK, Long, 2026-03-02 (Price: 514.0)",No Exit Yet,"-19.3%, 3.8 months","88.89%, Past 5 years, 18","Daily, was CONFIRMED on 2026-03-02",Already confirmed,"2026-06-23 (Price: 414.8), 19.3% below",3.8 months,511.5,No Information,No Information,No Information,No Information,53.02%/0.06%/11.98%,-9.62%/-12.76%/-11.19%,"12.76%, 38.89%",5.9 months/1.4 month/3.1 months,5.9 months/0 days/2.5 months,2026-11-13/2026-05-01/2026-07-14,22.37%,22.34%,0.03%,0.38,1.02,529.5228/575.5772/707.5571/590.994/707.5571/895.8211/564.14,512.0/282.3421/447.5198/286.808/No F-Track Level/No F-Track Level/No EMA 200 Stop Loss,68.18%/44/3.8 months (Across ALL Assets),69.36%/297/3.8 months (Across ALL Assets),No Information,No Information,No Information,No Information,No Information,No Information,No Information,No Information,"-7.3, 62.5%",No Information,No Information,No Information,96.0,best,True,pass,,,31.56,40,9.4058,2.757,0.39,,0.03,,,equity,,
SIGMASHELL,"SUM.NZ, Long, 2026-02-03 (Price: 11.49)",2026-06-19 (Price: 8.55),"-25.59%, 4.5 months","73.33%, Past 5 years, 15","Daily, was CONFIRMED on 2026-02-03",Already confirmed,"2026-06-23 (Price: 8.8), 23.41% below",4.7 months,11.71,No Information,No Information,No Information,No Information,24.21%/0.1%/9.81%,-5.59%/-25.59%/-14.12%,"25.59%, 38.29%",5.5 months/1.3 month/2.5 months,1.5 year/0 days/3.7 months,2026-09-29/2026-03-31/2026-05-22,0.05%,8.98%,-8.93%,0.03,0.49,11.6428/12.6172/19.8479/12.64/19.8479/26.5969/No EMA 200 Target,11.33/9.1367/11.0645/No stop loss/No F-Track Level/No F-Track Level/10.46,68.18%/44/3.8 months (Across ALL Assets),69.36%/297/3.8 months (Across ALL Assets),No Information,No Information,No Information,No Information,No Information,No Information,No Information,No Information,"-3.09, 71.88%",No Information,No Information,No Information,96.4,watch,True,neutral,,,-8.04,20,3.4279,-0.5276,,,-8.93,,,equity,,
PULSEGAUGE,"HOOD, Long, 2026-04-29 (Price: 71.2)",2026-06-17 (Price: 105.2),"47.75%, 1.6 month","75.0%, Past 4 years, 4","Weekly, was CONFIRMED on 2026-04-29",No Cancellation Possible,"2026-06-23 (Price: 103.25), 45.01% above",1.8 month,84.28,No Information,No Information,No Information,No Information,55.52%/49.22%/52.37%,-71.29%/-71.29%/-71.29%,"71.29%, 72.31%",7.1 months/1.6 month/4.4 months,7.1 months/0 days/3.4 months,2027-03-03/2026-07-07/2026-11-06,-5.48%,17.57%,-23.05%,0.13,0.19,No Target/108.4874/164.8517/No Horizontal Resistance/164.8517/199.7477/102.82,66.02/8.2917/No F-Stack Support/No F-Stack Support/No F-Track Level/No F-Track Level/No EMA 200 Stop Loss,67.21%/61/6.6 months (Across ALL Assets),73.72%/331/5.3 months (Across ALL Assets),No Information,No Information,No Information,No Information,No Information,No Information,No Information,No Information,No Information,11.63%,No Information,No Information,99.02,tA,True,pass,,,47.42,93,21.455,14.3433,1.45,,-23.05,,,equity,,
PULSEGAUGE,"CEN.NZ, Long, 2026-04-28 (Price: 9.23)",No Exit Yet,"2.93%, 1.9 month","76.47%, Past 25 years, 17","Weekly, was CONFIRMED on 2026-04-28",No Cancellation Possible,"2026-06-23 (Price: 9.5), 2.93% above",1.9 month,9.34,No Information,No Information,No Information,No Information,16.32%/13.65%/14.44%,-20.88%/-23.14%/-21.73%,"23.14%, 26.11%",5 years/27 days/10.1 months,5 years/0 days/7.1 months,2033-06-17/2026-06-06/2027-07-10,3.76%,3.75%,0.01%,0.08,-0.3,9.4128/10.5628/11.2606/9.8433/11.2606/15.4512/9.38,9.06/6.86/8.6706/No stop loss/No F-Track Level/No F-Track Level/No EMA 200 Stop Loss,67.21%/61/6.6 months (Across ALL Assets),73.72%/331/5.3 months (Across ALL Assets),No Information,No Information,No Information,No Information,No Information,No Information,No Information,No Information,No Information,11.63%,No Information,No Information,99.53,ok,True,pass,,,4.51,93,5.9292,2.7596,3.12,,0.01,,,equity,,
PULSEGAUGE,"MFT.NZ, Long, 2026-04-28 (Price: 58.5)",No Exit Yet,"2.74%, 1.9 month","77.78%, Past 25 years, 18","Weekly, was CONFIRMED on 2026-04-28",No Cancellation Possible,"2026-06-23 (Price: 60.1), 2.74% above",1.9 month,60.37,No Information,No Information,No Information,No Information,20.72%/16.11%/17.32%,-23.44%/-25.75%/-24.72%,"25.75%, 28.38%",1.5 year/4 days/5.1 months,1.5 year/0 days/4.1 months,2028-06-18/2026-05-03/2026-12-05,5.49%,11.83%,-6.34%,0.22,-0.04,60.6762/68.6322/105.252/85.45/105.252/119.9356/62.95,57.2/55.185/54.7158/45.8971/No F-Track Level/No F-Track Level/No EMA 200 Stop Loss,67.21%/61/6.6 months (Across ALL Assets),73.72%/331/5.3 months (Across ALL Assets),No Information,No Information,No Information,No Information,No Information,No Information,No Information,No Information,No Information,11.63%,No Information,No Information,99.18,ok,True,pass,,,4.7,93,7.9787,2.2515,3.59,,-6.34,,,equity,,
PULSEGAUGE,"MEL.NZ, Long, 2026-04-28 (Price: 5.53)",No Exit Yet,"8.5%, 1.9 month","85.71%, Past 12 years, 7","Weekly, was CONFIRMED on 2026-04-28",No Cancellation Possible,"2026-06-23 (Price: 6.0), 8.5% above",1.9 month,5.59,No Information,No Information,No Information,No Information,25.65%/17.38%/19.65%,-26.08%/-26.08%/-26.08%,"26.08%, 32.1%",11.9 months/1.3 month/7.2 months,11.9 months/0 days/5.3 months,2027-09-27/2026-06-23/2027-03-06,7.79%,7.68%,0.11%,0.52,-0.12,5.7197/6.6166/7.4565/6.825/7.4565/8.4564/5.71,5.35/4.3875/4.8318/4.5145/No F-Track Level/No F-Track Level/No EMA 200 Stop Loss,67.21%/61/6.6 months (Across ALL Assets),73.72%/331/5.3 months (Across ALL Assets),No Information,No Information,No Information,No Information,No Information,No Information,No Information,No Information,No Information,11.63%,No Information,No Information,99.37,best,True,pass,,,27.06,93,13.1152,8.2695,1.81,,0.11,,,equity,,
PULSEGAUGE,"SPOT, Long, 2026-04-27 (Price: 495.82)",No Exit Yet,"-8.13%, 1.9 month","100.0%, Past 8 years, 6","Weekly, was CONFIRMED on 2026-04-27",No Cancellation Possible,"2026-06-23 (Price: 455.5), 8.13% below",1.9 month,508.84,No Information,No Information,No Information,No Information,35.92%/30.39%/32.06%,N/A,"-0.0%, 28.81%",1.2 year/19 days/5.6 months,1.2 year/0 days/4.6 months,2028-01-12/2026-05-24/2026-12-26,22.26%,10.23%,12.03%,2.04,0.04,524.9742/654.7799/842.022/No Horizontal Resistance/842.022/896.959/553.7,422.61/118.6/456.7863/433.8097/No F-Track Level/No F-Track Level/No EMA 200 Stop Loss,67.21%/61/6.6 months (Across ALL Assets),73.72%/331/5.3 months (Across ALL Assets),No Information,No Information,No Information,No Information,No Information,No Information,No Information,No Information,No Information,11.63%,No Information,No Information,99.28,tA,True,pass,,,83.0,93,32.06,26.4579,6.73,,12.03,,,equity,,
PULSEGAUGE,"BEL.NS, Long, 2026-04-27 (Price: 435.6)",No Exit Yet,"-3.58%, 1.9 month","100.0%, Past 23 years, 5","Weekly, was CONFIRMED on 2026-04-27",No Cancellation Possible,"2026-06-23 (Price: 420.0), 3.58% below",1.9 month,445.0,No Information,No Information,No Information,No Information,12184.83%/422.85%/6303.84%,N/A,"-0.0%, 73.8%",15.3 years/3 years/9.1 years,15.3 years/0 days/3.6 years,2048-02-28/2030-08-08/2039-04-24,32.55%,16.66%,15.89%,0.46,0.12,No Target/27895.127/456.8119/No Horizontal Resistance/456.8119/613.9011/No EMA 200 Target,404.75/61.7416/382.9941/287.8162/No F-Track Level/No F-Track Level/419.12,67.21%/61/6.6 months (Across ALL Assets),73.72%/331/5.3 months (Across ALL Assets),No Information,No Information,No Information,No Information,No Information,No Information,No Information,No Information,No Information,11.63%,No Information,No Information,99.92,tA,True,pass,,,77.13,93,6303.84,6218.16,30086.51,,15.89,,,equity,,
PULSEGAUGE,"BBTC.NS, Long, 2026-04-24 (Price: 1492.7)",No Exit Yet,"5.84%, 2 months","86.67%, Past 23 years, 15","Weekly, was CONFIRMED on 2026-04-24",No Cancellation Possible,"2026-06-23 (Price: 1579.8), 5.84% above",2 months,1540.0,No Information,No Information,No Information,No Information,50.2%/33.1%/38.22%,-50.14%/-50.52%/-50.33%,"50.52%, 56.37%",3.2 years/11 days/10.2 months,3.2 years/0 days/8.8 months,2030-11-17/2026-05-09/2027-07-11,11.7%,15.89%,-4.19%,0.59,0.12,1575.097/2063.2099/3412.111/2145.0/3412.111/3761.7441/1725.98,1375.0/846.25/1057.7422/973.2526/No F-Track Level/No F-Track Level/No EMA 200 Stop Loss,67.21%/61/6.6 months (Across ALL Assets),73.72%/331/5.3 months (Across ALL Assets),No Information,No Information,No Information,No Information,No Information,No Information,No Information,No Information,No Information,11.63%,No Information,No Information,99.24,best,True,pass,,,20.84,87,26.4163,9.7696,2.95,,-4.19,,,equity,,
PULSEGAUGE,"BRK-B, Long, 2026-04-23 (Price: 470.55)",No Exit Yet,"4.73%, 2 months","75.0%, Past 25 years, 20","Weekly, was CONFIRMED on 2026-04-23",No Cancellation Possible,"2026-06-23 (Price: 492.81), 4.73% above",2 months,474.38,No Information,No Information,No Information,No Information,18.46%/13.14%/14.37%,-20.65%/-33.7%/-24.91%,"33.7%, 24.78%",1.3 year/1.5 month/6.8 months,1.3 year/0 days/5.2 months,2028-02-29/2026-06-27/2027-02-12,3.17%,6.9%,-3.73%,0.05,-0.22,475.6319/538.168/630.85/512.2133/630.85/709.9376/490.11,468.49/268.082/449.7662/405.99/No F-Track Level/No F-Track Level/No EMA 200 Stop Loss,67.21%/61/6.6 months (Across ALL Assets),73.72%/331/5.3 months (Across ALL Assets),No Information,No Information,No Information,No Information,No Information,No Information,No Information,No Information,No Information,11.63%,No Information,No Information,98.72,watch,True,neutral,,,-4.66,87,4.55,0.2786,2.91,,-3.73,,,equity,,
PULSEGAUGE,"TSLA, Long, 2026-04-23 (Price: 373.72)",No Exit Yet,"2.11%, 2 months","100.0%, Past 15 years, 10","Weekly, was CONFIRMED on 2026-04-23",No Cancellation Possible,"2026-06-23 (Price: 381.61), 2.11% above",2 months,402.58,No Information,No Information,No Information,No Information,58.23%/37.0%/42.1%,N/A,"-0.0%, 48.54%",1.3 year/13 days/6.2 months,1.3 year/0 days/5 months,2028-02-29/2026-05-11/2027-01-17,22.94%,27.33%,-4.39%,1.76,0.25,395.2836/531.0561/494.4819/487.1467/494.4819/553.1211/417.53,348.95/196.47/348.637/262.8246/No F-Track Level/No F-Track Level/No EMA 200 Stop Loss,67.21%/61/6.6 months (Across ALL Assets),73.72%/331/5.3 months (Across ALL Assets),No Information,No Information,No Information,No Information,No Information,No Information,No Information,No Information,No Information,11.63%,No Information,No Information,98.67,tA,True,pass,,,63.33,87,42.1,25.8321,4.92,,-4.39,,,equity,,
PULSEGAUGE,"HDFCBANK.NS, Long, 2026-04-23 (Price: 784.35)",No Exit Yet,"-1.24%, 2 months","78.95%, Past 25 years, 19","Weekly, was CONFIRMED on 2026-04-23",No Cancellation Possible,"2026-06-23 (Price: 774.65), 1.24% below",2 months,797.1,No Information,No Information,No Information,No Information,27.41%/18.13%/19.96%,-27.14%/-28.44%/-27.98%,"28.44%, 32.67%",1.9 year/1 month/5.9 months,1.9 year/0 days/5.2 months,2029-01-07/2026-06-05/2027-01-04,7.72%,12.74%,-5.02%,0.37,0.0,807.8805/940.9063/1098.0619/1009.6/1098.0619/1180.6259/899.63,750.9/640.9/765.1075/697.8792/No F-Track Level/No F-Track Level/No EMA 200 Stop Loss,67.21%/61/6.6 months (Across ALL Assets),73.72%/331/5.3 months (Across ALL Assets),No Information,No Information,No Information,No Information,No Information,No Information,No Information,No Information,No Information,11.63%,No Information,No Information,98.72,ok,True,pass,,,5.47,87,9.8686,1.9819,16.2,,-5.02,,,equity,,
PULSEGAUGE,"NFLX, Long, 2026-04-23 (Price: 92.82)",No Exit Yet,"-21.55%, 2 months","94.44%, Past 24 years, 18","Weekly, was CONFIRMED on 2026-04-23",No Cancellation Possible,"2026-06-23 (Price: 72.82), 21.55% below",2 months,97.14,No Information,No Information,No Information,No Information,47.63%/34.36%/37.62%,-57.74%/-57.74%/-57.74%,"57.74%, 57.13%",2.3 years/15 days/6.5 months,2.3 years/0 days/5.5 months,2029-08-02/2026-05-14/2027-01-30,20.7%,20.65%,0.05%,1.09,0.18,100.4591/127.7389/139.352/No Horizontal Resistance/139.352/152.4292/97.83,76.87/34.8663/86.4764/77.567/No F-Track Level/No F-Track Level/No EMA 200 Stop Loss,67.21%/61/6.6 months (Across ALL Assets),73.72%/331/5.3 months (Across ALL Assets),No Information,No Information,No Information,No Information,No Information,No Information,No Information,No Information,No Information,11.63%,No Information,No Information,98.79,best,True,pass,,,63.54,87,32.318,18.7972,0.72,,0.05,,,equity,,
PULSEGAUGE,"TCS.NS, Long, 2026-04-23 (Price: 2521.8)",No Exit Yet,"-18.33%, 2 months","84.62%, Past 21 years, 13","Weekly, was CONFIRMED on 2026-04-23",No Cancellation Possible,"2026-06-23 (Price: 2059.6001), 18.33% below",2 months,2587.1001,No Information,No Information,No Information,No Information,113.94%/23.88%/32.85%,-36.98%/-39.64%/-38.31%,"39.64%, 39.45%",1.6 year/1.9 month/7.7 months,1.6 year/1.9 month/8.6 months,2028-08-04/2026-07-14/2027-03-23,12.06%,9.53%,2.53%,0.53,-0.02,2665.7948/3350.2113/5901.7523/4543.575/5901.7523/6711.0756/2813.98,2389.8/No Horizontal Support/2286.8248/1821.1782/No F-Track Level/No F-Track Level/No EMA 200 Stop Loss,67.21%/61/6.6 months (Across ALL Assets),73.72%/331/5.3 months (Across ALL Assets),No Information,No Information,No Information,No Information,No Information,No Information,No Information,No Information,No Information,11.63%,No Information,No Information,99.22,best,True,pass,,,31.84,87,21.9056,12.1487,2.84,,2.53,,,equity,,
PULSEGAUGE,"RELIANCE.NS, Long, 2026-04-23 (Price: 1343.4)",No Exit Yet,"-2.52%, 2 months","100.0%, Past 25 years, 5","Weekly, was CONFIRMED on 2026-04-23",No Cancellation Possible,"2026-06-23 (Price: 1309.5), 2.52% below",2 months,1363.2,No Information,No Information,No Information,No Information,57.36%/49.11%/51.3%,N/A,"-0.0%, 61.78%",9.6 years/1.4 year/4.1 years,9.6 years/0 days/3.3 years,2040-01-05/2028-04-20/2032-02-27,8.4%,11.63%,-3.23%,1.31,0.06,1379.6718/2032.5642/1879.7264/1610.3/1879.7264/2065.5547/1421.62,1200.1/1024.7604/1288.3015/1032.6763/No F-Track Level/No F-Track Level/No EMA 200 Stop Loss,67.21%/61/6.6 months (Across ALL Assets),73.72%/331/5.3 months (Across ALL Assets),No Information,No Information,No Information,No Information,No Information,No Information,No Information,No Information,No Information,11.63%,No Information,No Information,99.83,ok,True,neutral,,,9.83,87,51.3,-3.5271,31.69,,-3.23,,,equity,,
PULSEGAUGE,"BABA, Long, 2026-04-23 (Price: 131.7)",No Exit Yet,"-22.1%, 2 months","77.78%, Past 11 years, 9","Weekly, was CONFIRMED on 2026-04-23",No Cancellation Possible,"2026-06-23 (Price: 102.6), 22.1% below",2 months,140.465,No Information,No Information,No Information,No Information,39.42%/27.56%/30.5%,-41.17%/-45.28%/-43.22%,"45.28%, 43.58%",2.1 years/2 months/9.9 months,2.1 years/0 days/7.5 months,2029-04-22/2026-07-18/2027-06-27,3.65%,0.79%,2.86%,0.17,-0.13,134.2945/171.8685/399.1612/181.595/399.1612/524.2534/148.89,122.05/67.495/No F-Stack Support/No F-Stack Support/No F-Track Level/No F-Track Level/No EMA 200 Stop Loss,67.21%/61/6.6 months (Across ALL Assets),73.72%/331/5.3 months (Across ALL Assets),No Information,No Information,No Information,No Information,No Information,No Information,No Information,No Information,No Information,11.63%,No Information,No Information,99.11,best,True,pass,,,24.98,87,14.1194,13.414,0.89,,2.86,,,equity,,
PULSEGAUGE,"MCD, Long, 2026-04-23 (Price: 302.53)",No Exit Yet,"-10.2%, 2 months","86.96%, Past 25 years, 23","Weekly, was CONFIRMED on 2026-04-23",No Cancellation Possible,"2026-06-23 (Price: 271.66), 10.2% below",2 months,312.15,No Information,No Information,No Information,No Information,18.7%/13.63%/14.43%,-20.62%/-30.12%/-23.85%,"30.12%, 32.62%",3.9 years/13 days/7.5 months,3.9 years/0 days/6.7 months,2031-11-16/2026-05-11/2027-03-14,9.27%,6.69%,2.58%,0.51,-0.21,314.4799/346.1851/370.0426/321.444/370.0426/590.3302/304.83,297.01/230.37/254.2758/233.8976/No F-Track Level/No F-Track Level/No EMA 200 Stop Loss,67.21%/61/6.6 months (Across ALL Assets),73.72%/331/5.3 months (Across ALL Assets),No Information,No Information,No Information,No Information,No Information,No Information,No Information,No Information,No Information,11.63%,No Information,No Information,99.0,best,True,pass,,,20.28,87,9.4383,4.1022,2.25,,2.58,,,equity,,
PULSEGAUGE,"PG, Long, 2026-04-23 (Price: 145.71)",No Exit Yet,"3.53%, 2 months","84.21%, Past 25 years, 19","Weekly, was CONFIRMED on 2026-04-23",No Cancellation Possible,"2026-06-23 (Price: 150.86), 3.53% above",2 months,146.06,No Information,No Information,No Information,No Information,13.34%/11.61%/12.19%,-17.58%/-36.08%/-23.83%,"36.08%, 18.58%",2.3 years/1.9 month/9.9 months,2.3 years/0 days/7.5 months,2029-08-02/2026-07-14/2027-06-27,4.68%,4.45%,0.23%,0.18,-0.34,147.9102/163.472/186.6499/179.4533/186.6499/209.3631/148.87,142.71/130.72/140.2317/117.5404/No F-Track Level/No F-Track Level/No EMA 200 Stop Loss,67.21%/61/6.6 months (Across ALL Assets),73.72%/331/5.3 months (Across ALL Assets),No Information,No Information,No Information,No Information,No Information,No Information,No Information,No Information,No Information,11.63%,No Information,No Information,99.11,ok,True,pass,,,6.26,87,6.5024,2.5292,2.26,,0.23,,,equity,,
PULSEGAUGE,"EBO.NZ, Long, 2026-04-23 (Price: 21.21)",No Exit Yet,"-4.53%, 2 months","76.47%, Past 25 years, 17","Weekly, was CONFIRMED on 2026-04-23",No Cancellation Possible,"2026-06-23 (Price: 20.25), 4.53% below",2 months,22.23,No Information,No Information,No Information,No Information,16.66%/14.22%/15.29%,-20.57%/-22.77%/-21.86%,"22.77%, 29.62%",1.6 year/1.4 month/7.9 months,1.6 year/0 days/7.7 months,2028-08-04/2026-06-22/2027-04-01,5.08%,6.36%,-1.28%,0.21,-0.22,21.6533/24.453/51.6772/46.625/51.6772/55.325/25.35,No Recent Minima/No Horizontal Support/19.4238/18.0692/No F-Track Level/No F-Track Level/No EMA 200 Stop Loss,67.21%/61/6.6 months (Across ALL Assets),73.72%/331/5.3 months (Across ALL Assets),No Information,No Information,No Information,No Information,No Information,No Information,No Information,No Information,No Information,11.63%,No Information,No Information,99.13,ok,True,neutral,,,2.39,87,6.5486,0.7186,3.75,,-1.28,,,equity,,
PULSEGAUGE,"AIA.NZ, Long, 2026-04-23 (Price: 8.2)",No Exit Yet,"1.95%, 2 months","82.35%, Past 25 years, 17","Weekly, was CONFIRMED on 2026-04-23",No Cancellation Possible,"2026-06-23 (Price: 8.36), 1.95% above",2 months,8.3,No Information,No Information,No Information,No Information,18.54%/15.14%/16.05%,-23.04%/-24.06%/-23.48%,"24.06%, 27.39%",2.3 years/1 month/10.7 months,2.3 years/0 days/8.6 months,2029-08-02/2026-06-05/2027-07-31,6.0%,5.08%,0.92%,0.31,-0.22,8.3984/9.5161/11.1706/8.953/11.1706/12.8535/8.21,7.97/7.0/7.3934/6.6643/No F-Track Level/No F-Track Level/No EMA 200 Stop Loss,67.21%/61/6.6 months (Across ALL Assets),73.72%/331/5.3 months (Across ALL Assets),No Information,No Information,No Information,No Information,No Information,No Information,No Information,No Information,No Information,11.63%,No Information,No Information,99.22,ok,True,pass,,,11.16,87,9.073,3.872,3.44,,0.92,,,equity,,
PULSEGAUGE,"FPH.NZ, Long, 2026-04-23 (Price: 36.25)",No Exit Yet,"3.75%, 2 months","77.78%, Past 24 years, 18","Weekly, was CONFIRMED on 2026-04-23",No Cancellation Possible,"2026-06-23 (Price: 37.61), 3.75% above",2 months,38.4,No Information,No Information,No Information,No Information,20.36%/17.31%/18.66%,-25.93%/-31.94%/-28.03%,"31.94%, 32.75%",1.4 year/1.2 month/6.7 months,1.4 year/0 days/6.7 months,2028-04-20/2026-06-14/2027-02-08,4.57%,7.77%,-3.2%,0.16,-0.12,37.1019/43.0142/40.9296/40.93/40.9296/48.5677/37.57,35.45/22.5167/30.9793/26.1935/No F-Track Level/No F-Track Level/No EMA 200 Stop Loss,67.21%/61/6.6 months (Across ALL Assets),73.72%/331/5.3 months (Across ALL Assets),No Information,No Information,No Information,No Information,No Information,No Information,No Information,No Information,No Information,11.63%,No Information,No Information,99.0,ok,True,pass,,,1.5,87,8.2855,2.088,3.25,,-3.2,,,equity,,
PULSEGAUGE,"FSF.NZ, Long, 2026-04-23 (Price: 6.801)",No Exit Yet,"5.28%, 2 months","72.73%, Past 13 years, 11","Weekly, was CONFIRMED on 2026-04-23",No Cancellation Possible,"2026-06-23 (Price: 7.16), 5.28% above",2 months,6.823,No Information,No Information,No Information,No Information,20.11%/14.43%/16.0%,-21.8%/-27.89%/-25.38%,"27.89%, 27.56%",1.9 year/2.7 months/8.2 months,1.9 year/0 days/6.7 months,2029-01-07/2026-08-18/2027-04-12,3.22%,0.18%,3.04%,0.07,-0.39,No Target/7.8892/8.4284/No Horizontal Resistance/8.4284/9.7443/7.77,4.83/2.942/6.3611/No stop loss/No F-Track Level/No F-Track Level/No EMA 200 Stop Loss,67.21%/61/6.6 months (Across ALL Assets),73.72%/331/5.3 months (Across ALL Assets),No Information,No Information,No Information,No Information,No Information,No Information,No Information,No Information,No Information,11.63%,No Information,No Information,99.0,ok,True,pass,,,10.93,87,4.7157,4.5721,1.43,,3.04,,,equity,,
PULSEGAUGE,"FRW.NZ, Long, 2026-04-23 (Price: 12.56)",No Exit Yet,"4.62%, 2 months","75.0%, Past 22 years, 12","Weekly, was CONFIRMED on 2026-04-23",No Cancellation Possible,"2026-06-23 (Price: 13.14), 4.62% above",2 months,12.25,No Information,No Information,No Information,No Information,18.75%/15.02%/16.09%,-22.4%/-29.44%/-26.01%,"29.44%, 28.16%",3.9 years/2.4 months/10.5 months,3.9 years/0 days/8.9 months,2031-11-16/2026-08-05/2027-07-23,3.57%,6.39%,-2.82%,0.09,-0.19,12.7986/14.5809/16.2179/14.94/16.2179/21.849/13.55,12.25/7.405/11.0078/7.8689/No F-Track Level/No F-Track Level/No EMA 200 Stop Loss,67.21%/61/6.6 months (Across ALL Assets),73.72%/331/5.3 months (Across ALL Assets),No Information,No Information,No Information,No Information,No Information,No Information,No Information,No Information,No Information,11.63%,No Information,No Information,99.25,watch,True,neutral,,,-4.87,87,5.565,-1.2054,2.38,,-2.82,,,equity,,
PULSEGAUGE,"SUM.NZ, Long, 2026-04-23 (Price: 8.31)",No Exit Yet,"5.9%, 2 months","88.89%, Past 14 years, 9","Weekly, was CONFIRMED on 2026-04-23",No Cancellation Possible,"2026-06-23 (Price: 8.8), 5.9% above",2 months,8.3,No Information,No Information,No Information,No Information,20.09%/17.11%/18.21%,-26.01%/-26.01%/-26.01%,"26.01%, 27.74%",11 months/3 months/6.2 months,11 months/0 days/5.2 months,2027-08-13/2026-08-31/2027-01-17,9.1%,8.98%,0.12%,0.66,-0.11,8.4371/9.8233/19.8479/12.55/19.8479/26.5969/10.46,8.25/No Horizontal Support/No F-Stack Support/No F-Stack Support/No F-Track Level/No F-Track Level/No EMA 200 Stop Loss,67.21%/61/6.6 months (Across ALL Assets),73.72%/331/5.3 months (Across ALL Assets),No Information,No Information,No Information,No Information,No Information,No Information,No Information,No Information,No Information,11.63%,No Information,No Information,98.72,best,True,pass,,,29.17,87,13.2972,7.7382,2.91,,0.12,,,equity,,
PULSEGAUGE,"DOL.TO, Long, 2026-04-23 (Price: 170.38)",2026-06-11 (Price: 195.76),"14.9%, 1.6 month","91.67%, Past 16 years, 12","Weekly, was CONFIRMED on 2026-04-23",No Cancellation Possible,"2026-06-23 (Price: 186.19), 9.28% above",2 months,176.27,No Information,No Information,No Information,No Information,20.3%/14.74%/17.21%,-21.79%/-21.79%/-21.79%,"21.79%, 23.88%",7.8 months/20 days/3.5 months,7.8 months/20 days/3.4 months,2027-03-27/2026-05-21/2026-09-22,12.74%,18.47%,-5.73%,1.14,0.12,173.8387/199.7024/294.0831/199.54/294.0831/455.769/186.95,166.76/53.835/132.3972/94.2286/No F-Track Level/No F-Track Level/No EMA 200 Stop Loss,67.21%/61/6.6 months (Across ALL Assets),73.72%/331/5.3 months (Across ALL Assets),No Information,No Information,No Information,No Information,No Information,No Information,No Information,No Information,No Information,11.63%,No Information,No Information,98.04,best,True,pass,,,34.5,87,13.9613,6.4853,1.65,,-5.73,,,equity,,
PULSEGAUGE,"TRI.TO, Long, 2026-04-23 (Price: 123.51)",No Exit Yet,"-7.02%, 2 months","84.62%, Past 24 years, 13","Weekly, was CONFIRMED on 2026-04-23",No Cancellation Possible,"2026-06-23 (Price: 114.84), 7.02% below",2 months,127.69,No Information,No Information,No Information,No Information,16.32%/14.7%/15.57%,-22.08%/-22.4%/-22.24%,"22.4%, 27.34%",1.5 year/29 days/5.7 months,1.5 year/0 days/5.4 months,2028-06-13/2026-06-04/2026-12-26,8.19%,3.94%,4.25%,0.49,-0.26,126.8201/142.7405/293.2329/240.8933/293.2329/455.2123/161.24,113.99/No Horizontal Support/93.0152/69.3828/No F-Track Level/No F-Track Level/No EMA 200 Stop Loss,67.21%/61/6.6 months (Across ALL Assets),73.72%/331/5.3 months (Across ALL Assets),No Information,No Information,No Information,No Information,No Information,No Information,No Information,No Information,No Information,11.63%,No Information,No Information,98.77,best,True,pass,,,29.41,87,9.7548,7.2219,21.04,,4.25,,,equity,,
PULSEGAUGE,"BYDDY, Long, 2026-04-23 (Price: 13.18)",No Exit Yet,"-27.16%, 2 months","84.62%, Past 16 years, 13","Weekly, was CONFIRMED on 2026-04-23",No Cancellation Possible,"2026-06-23 (Price: 9.6), 27.16% below",2 months,14.09,No Information,No Information,No Information,No Information,56.12%/31.69%/39.44%,-47.09%/-49.5%/-48.3%,"49.5%, 53.42%",1.4 year/1.1 month/6.1 months,1.4 year/0 days/4.6 months,2028-04-20/2026-06-09/2027-01-13,11.28%,5.44%,5.84%,0.46,-0.02,13.6453/18.3782/17.0759/13.9472/17.0759/19.2153/No EMA 200 Target,11.83/7.1633/12.4728/9.6555/No F-Track Level/No F-Track Level/12.71,67.21%/61/6.6 months (Across ALL Assets),73.72%/331/5.3 months (Across ALL Assets),No Information,No Information,No Information,No Information,No Information,No Information,No Information,No Information,No Information,11.63%,No Information,No Information,98.55,tA,True,pass,,,73.34,87,25.9456,22.9666,1.55,,5.84,,,equity,,
PULSEGAUGE,"NAUKRI.NS, Long, 2026-04-23 (Price: 1018.05)",No Exit Yet,"-0.63%, 2 months","82.35%, Past 19 years, 17","Weekly, was CONFIRMED on 2026-04-23",No Cancellation Possible,"2026-06-23 (Price: 1011.6), 0.63% below",2 months,1054.55,No Information,No Information,No Information,No Information,33.93%/24.31%/27.69%,-36.7%/-46.3%/-40.16%,"46.3%, 45.06%",1.5 year/6 days/5.3 months,1.5 year/6 days/5.2 months,2028-06-13/2026-05-01/2026-12-09,12.66%,13.31%,-0.65%,0.53,0.05,1079.8456/1299.948/2223.4618/1483.595/2223.4618/2377.3661/1186.19,952.4/662.12/920.5126/832.4874/No F-Track Level/No F-Track Level/No EMA 200 Stop Loss,67.21%/61/6.6 months (Across ALL Assets),73.72%/331/5.3 months (Across ALL Assets),No Information,No Information,No Information,No Information,No Information,No Information,No Information,No Information,No Information,11.63%,No Information,No Information,98.72,best,True,pass,,,28.78,87,15.7145,7.475,4.73,,-0.65,,,equity,,
PULSEGAUGE,"PERSISTENT.NS, Long, 2026-04-23 (Price: 5065.2002)",No Exit Yet,"-4.52%, 2 months","90.91%, Past 16 years, 11","Weekly, was CONFIRMED on 2026-04-23",No Cancellation Possible,"2026-06-23 (Price: 4836.5), 4.52% below",2 months,5451.0,No Information,No Information,No Information,No Information,33.14%/21.14%/25.18%,-31.55%/-31.55%/-31.55%,"31.55%, 31.1%",10.5 months/11 days/3.7 months,11.1 months/0 days/3.7 months,2027-07-23/2026-05-08/2026-09-30,12.38%,18.1%,-5.72%,0.74,0.12,5244.0018/6340.6176/9957.5854/6693.95/9957.5854/15965.083/5516.73,4638.8/1548.5125/3950.0879/2531.9096/No F-Track Level/No F-Track Level/No EMA 200 Stop Loss,67.21%/61/6.6 months (Across ALL Assets),73.72%/331/5.3 months (Across ALL Assets),No Information,No Information,No Information,No Information,No Information,No Information,No Information,No Information,No Information,11.63%,No Information,No Information,98.2,tA,True,pass,,,47.43,87,20.0232,12.0506,6.16,,-5.72,,,equity,,
PULSEGAUGE,"MCHI, Long, 2026-04-23 (Price: 57.27)",No Exit Yet,"-9.53%, 2 months","81.82%, Past 15 years, 11","Weekly, was CONFIRMED on 2026-04-23",No Cancellation Possible,"2026-06-23 (Price: 51.81), 9.53% below",2 months,59.16,No Information,No Information,No Information,No Information,22.88%/17.18%/18.65%,-25.34%/-27.52%/-26.43%,"27.52%, 27.24%",1.9 year/1.9 month/8 months,1.9 year/0 days/6.3 months,2029-01-07/2026-07-14/2027-04-05,6.36%,0.08%,6.28%,0.29,-0.31,57.6537/67.9509/102.0459/73.825/102.0459/110.4231/60.3,54.82/35.3/No F-Stack Support/No F-Stack Support/No F-Track Level/No F-Track Level/No EMA 200 Stop Loss,67.21%/61/6.6 months (Across ALL Assets),73.72%/331/5.3 months (Across ALL Assets),No Information,No Information,No Information,No Information,No Information,No Information,No Information,No Information,No Information,11.63%,No Information,No Information,98.94,best,True,pass,,,28.72,87,10.4545,10.3945,0.59,,6.28,,,equity,,
PULSEGAUGE,"VEEV, Long, 2026-04-23 (Price: 156.15)",No Exit Yet,"2.28%, 2 months","77.78%, Past 12 years, 9","Weekly, was CONFIRMED on 2026-04-23",No Cancellation Possible,"2026-06-23 (Price: 159.71), 2.28% above",2 months,167.24,No Information,No Information,No Information,No Information,34.16%/25.35%/28.98%,-37.93%/-42.63%/-40.28%,"42.63%, 45.17%",1.4 year/1.8 month/7.5 months,1.4 year/0 days/6 months,2028-04-20/2026-07-10/2027-03-14,6.5%,8.12%,-1.62%,0.29,-0.03,163.1455/201.4023/433.1041/294.205/433.1041/466.8823/216.98,151.43/151.53/128.0996/88.1118/No F-Track Level/No F-Track Level/No EMA 200 Stop Loss,67.21%/61/6.6 months (Across ALL Assets),73.72%/331/5.3 months (Across ALL Assets),No Information,No Information,No Information,No Information,No Information,No Information,No Information,No Information,No Information,11.63%,No Information,No Information,98.89,ok,True,pass,,,17.91,87,13.5904,7.7904,5.66,,-1.62,,,equity,,
PULSEGAUGE,"0700.HK, Long, 2026-04-23 (Price: 495.2)",No Exit Yet,"-16.24%, 2 months","100.0%, Past 22 years, 16","Weekly, was CONFIRMED on 2026-04-23",No Cancellation Possible,"2026-06-23 (Price: 414.8), 16.24% below",2 months,509.5,No Information,No Information,No Information,No Information,34.53%/25.35%/27.47%,N/A,"-0.0%, 37.58%",1.3 year/1.2 month/6.4 months,1.3 year/0 days/5.6 months,2028-02-29/2026-06-14/2027-01-26,19.67%,22.34%,-2.67%,2.39,0.19,497.0322/631.2314/707.5571/539.5/707.5571/895.8211/564.14,489.2/282.3421/447.5198/286.808/No F-Track Level/No F-Track Level/No EMA 200 Stop Loss,67.21%/61/6.6 months (Across ALL Assets),73.72%/331/5.3 months (Across ALL Assets),No Information,No Information,No Information,No Information,No Information,No Information,No Information,No Information,No Information,11.63%,No Information,No Information,98.81,best,True,pass,,,46.1,87,27.47,12.5767,0.89,,-2.67,,,equity,,
PULSEGAUGE,"TSLA, Long, 2026-01-02 (Price: 438.07)",No Exit Yet,"-12.89%, 5.7 months","100.0%, Past 15 years, 10","Weekly, was CONFIRMED on 2026-01-02",No Cancellation Possible,"2026-06-23 (Price: 381.61), 12.89% below",5.7 months,469.0,No Information,No Information,No Information,No Information,58.23%/37.0%/42.1%,N/A,"-0.0%, 48.54%",1.3 year/13 days/6.2 months,1.3 year/0 days/5 months,2027-11-10/2026-01-20/2026-09-28,22.94%,27.33%,-4.39%,1.76,0.25,463.3466/622.4975/541.282/481.305/541.282/564.9603/No EMA 200 Target,391.09/181.0784/353.8797/223.4247/No F-Track Level/No F-Track Level/417.53,67.21%/61/6.6 months (Across ALL Assets),73.72%/331/5.3 months (Across ALL Assets),No Information,No Information,No Information,No Information,No Information,No Information,No Information,No Information,No Information,15.04%,No Information,No Information,96.67,tA,True,pass,,,63.33,67,42.1,25.8321,5.79,,-4.39,,,equity,,
PULSEGAUGE,"FSF.NZ, Long, 2025-12-04 (Price: 7.849)",No Exit Yet,"-8.78%, 6.7 months","72.73%, Past 13 years, 11","Weekly, was CONFIRMED on 2025-12-04",No Cancellation Possible,"2026-06-23 (Price: 7.16), 8.78% below",6.7 months,7.8,No Information,No Information,No Information,No Information,20.11%/14.43%/16.0%,-21.8%/-27.89%/-25.38%,"27.89%, 27.56%",1.9 year/2.7 months/8.2 months,1.9 year/0 days/6.7 months,2028-08-20/2026-03-31/2026-11-23,3.22%,0.18%,3.04%,0.07,-0.39,No Target/9.1048/8.4284/No Horizontal Resistance/8.4284/9.7443/No EMA 200 Target,7.75/2.942/6.3611/No stop loss/No F-Track Level/No F-Track Level/7.77,67.21%/61/6.6 months (Across ALL Assets),73.72%/331/5.3 months (Across ALL Assets),No Information,No Information,No Information,No Information,No Information,No Information,No Information,No Information,No Information,13.49%,No Information,No Information,97.01,ok,True,pass,,,10.93,60,4.7157,4.5721,1.43,,3.04,,,equity,,
PULSEGAUGE,"BEL.NS, Long, 2025-12-04 (Price: 407.15)",No Exit Yet,"3.16%, 6.7 months","100.0%, Past 23 years, 5","Weekly, was CONFIRMED on 2025-12-04",No Cancellation Possible,"2026-06-23 (Price: 420.0), 3.16% above",6.7 months,415.9,No Information,No Information,No Information,No Information,12184.83%/422.85%/6303.84%,N/A,"-0.0%, 73.8%",15.3 years/3 years/9.1 years,15.3 years/0 days/3.6 years,2047-10-07/2030-03-17/2038-12-01,32.55%,16.66%,15.89%,0.46,0.12,No Target/26073.2346/456.8119/No Horizontal Resistance/456.8119/613.9011/419.12,369.4/61.7416/382.9941/287.8162/No F-Track Level/No F-Track Level/No EMA 200 Stop Loss,67.21%/61/6.6 months (Across ALL Assets),73.72%/331/5.3 months (Across ALL Assets),No Information,No Information,No Information,No Information,No Information,No Information,No Information,No Information,No Information,13.49%,No Information,No Information,99.54,tA,True,pass,,,77.13,60,6303.84,6218.16,715.46,,15.89,,,equity,,
PULSEGAUGE,"NFLX, Long, 2025-10-15 (Price: 120.329)",No Exit Yet,"-39.48%, 8.4 months","94.44%, Past 24 years, 18","Weekly, was CONFIRMED on 2025-10-15",No Cancellation Possible,"2026-06-23 (Price: 72.82), 39.48% below",8.4 months,122.135,No Information,No Information,No Information,No Information,47.63%/34.36%/37.62%,-57.74%/-57.74%/-57.74%,"57.74%, 57.13%",2.3 years/15 days/6.5 months,2.3 years/0 days/5.5 months,2029-01-24/2025-11-05/2026-07-24,20.7%,20.65%,0.05%,1.09,0.18,130.2321/165.5968/139.352/No Horizontal Resistance/139.352/152.4292/No EMA 200 Target,115.33/34.8663/116.3145/100.8852/No F-Track Level/No F-Track Level/97.83,67.21%/61/6.6 months (Across ALL Assets),73.72%/331/5.3 months (Across ALL Assets),No Information,No Information,No Information,No Information,No Information,No Information,No Information,No Information,No Information,10.23%,No Information,No Information,95.15,best,True,pass,,,63.54,47,32.318,18.7972,0.72,,0.05,,,equity,,
PULSEGAUGE,"NVDA, Long, 2025-10-14 (Price: 180.03)",No Exit Yet,"11.11%, 8.4 months","94.12%, Past 25 years, 17","Weekly, was CONFIRMED on 2025-10-14",No Cancellation Possible,"2026-06-23 (Price: 200.04), 11.11% above",8.4 months,187.97,No Information,No Information,No Information,No Information,58.9%/33.81%/39.75%,-62.74%/-62.74%/-62.74%,"62.74%, 65.56%",3.4 years/13 days/6.3 months,3.4 years/0 days/5.9 months,2030-08-21/2025-11-01/2026-07-14,20.88%,19.33%,1.55%,1.08,0.17,186.7091/251.5919/239.8943/No Horizontal Resistance/239.8943/283.6698/190.23,167.02/13.9695/176.5924/152.8996/No F-Track Level/No F-Track Level/No EMA 200 Stop Loss,67.21%/61/6.6 months (Across ALL Assets),73.72%/331/5.3 months (Across ALL Assets),No Information,No Information,No Information,No Information,No Information,No Information,No Information,No Information,No Information,10.23%,No Information,No Information,95.48,tA,True,pass,,,65.45,47,33.7236,20.1466,3.39,,1.55,,,equity,,
PULSEGAUGE,"0700.HK, Long, 2025-10-13 (Price: 639.0)",No Exit Yet,"-35.09%, 8.4 months","100.0%, Past 22 years, 16","Weekly, was CONFIRMED on 2025-10-13",No Cancellation Possible,"2026-06-23 (Price: 414.8), 35.09% below",8.4 months,630.0,No Information,No Information,No Information,No Information,34.53%/25.35%/27.47%,N/A,"-0.0%, 37.58%",1.3 year/1.2 month/6.4 months,1.3 year/0 days/5.6 months,2027-08-21/2025-12-04/2026-07-18,19.67%,22.34%,-2.67%,2.39,0.19,641.3643/814.5333/707.5571/No Horizontal Resistance/707.5571/895.8211/No EMA 200 Target,496.6/282.3421/447.5198/286.808/No F-Track Level/No F-Track Level/564.14,67.21%/61/6.6 months (Across ALL Assets),73.72%/331/5.3 months (Across ALL Assets),No Information,No Information,No Information,No Information,No Information,No Information,No Information,No Information,No Information,10.23%,No Information,No Information,95.24,best,True,pass,,,46.1,47,27.47,12.5767,0.89,,-2.67,,,equity,,
PULSEGAUGE,"BRK-B, Long, 2025-10-10 (Price: 489.13)",No Exit Yet,"0.75%, 8.5 months","75.0%, Past 25 years, 20","Weekly, was CONFIRMED on 2025-10-10",No Cancellation Possible,"2026-06-23 (Price: 492.81), 0.75% above",8.5 months,499.5,No Information,No Information,No Information,No Information,18.46%/13.14%/14.37%,-20.65%/-33.7%/-24.91%,"33.7%, 24.78%",1.3 year/1.5 month/6.8 months,1.3 year/0 days/5.2 months,2027-08-18/2025-12-14/2026-08-01,3.17%,6.9%,-3.73%,0.05,-0.22,494.4126/559.418/630.85/No Horizontal Resistance/630.85/709.9376/490.11,465.4/268.082/449.7662/405.99/No F-Track Level/No F-Track Level/No EMA 200 Stop Loss,67.21%/61/6.6 months (Across ALL Assets),73.72%/331/5.3 months (Across ALL Assets),No Information,No Information,No Information,No Information,No Information,No Information,No Information,No Information,No Information,10.23%,No Information,No Information,94.87,watch,True,neutral,,,-4.66,47,4.55,0.2786,2.58,,-3.73,,,equity,,
PULSEGAUGE,"BABA, Long, 2025-10-10 (Price: 159.01)",No Exit Yet,"-35.48%, 8.5 months","77.78%, Past 11 years, 9","Weekly, was CONFIRMED on 2025-10-10",No Cancellation Possible,"2026-06-23 (Price: 102.6), 35.48% below",8.5 months,186.5,No Information,No Information,No Information,No Information,39.42%/27.56%/30.5%,-41.17%/-45.28%/-43.22%,"45.28%, 43.58%",2.1 years/2 months/9.9 months,2.1 years/0 days/7.5 months,2028-10-09/2026-01-04/2026-12-14,3.65%,0.79%,2.86%,0.17,-0.13,162.1425/207.508/395.5515/No Horizontal Resistance/395.5515/453.696/No EMA 200 Target,106.72/67.495/138.4263/108.0763/No F-Track Level/No F-Track Level/148.89,67.21%/61/6.6 months (Across ALL Assets),73.72%/331/5.3 months (Across ALL Assets),No Information,No Information,No Information,No Information,No Information,No Information,No Information,No Information,No Information,10.23%,No Information,No Information,96.44,best,True,pass,,,24.98,47,14.1194,13.414,0.89,,2.86,,,equity,,
PULSEGAUGE,"FPH.NZ, Long, 2025-10-10 (Price: 36.25)",No Exit Yet,"3.75%, 8.5 months","77.78%, Past 24 years, 18","Weekly, was CONFIRMED on 2025-10-10",No Cancellation Possible,"2026-06-23 (Price: 37.61), 3.75% above",8.5 months,37.58,No Information,No Information,No Information,No Information,20.36%/17.31%/18.66%,-25.93%/-31.94%/-28.03%,"31.94%, 32.75%",1.4 year/1.2 month/6.7 months,1.4 year/0 days/6.7 months,2027-10-08/2025-12-01/2026-07-28,4.57%,7.77%,-3.2%,0.16,-0.12,37.1019/43.0142/40.9296/39.1438/40.9296/48.5677/37.57,35.62/22.5167/30.9793/26.1935/No F-Track Level/No F-Track Level/No EMA 200 Stop Loss,67.21%/61/6.6 months (Across ALL Assets),73.72%/331/5.3 months (Across ALL Assets),No Information,No Information,No Information,No Information,No Information,No Information,No Information,No Information,No Information,10.23%,No Information,No Information,96.02,ok,True,pass,,,1.5,47,8.2855,2.088,3.53,,-3.2,,,equity,,
PULSEGAUGE,"MFT.NZ, Long, 2025-10-10 (Price: 60.68)",No Exit Yet,"-0.96%, 8.5 months","77.78%, Past 25 years, 18","Weekly, was CONFIRMED on 2025-10-10",No Cancellation Possible,"2026-06-23 (Price: 60.1), 0.96% below",8.5 months,63.2,No Information,No Information,No Information,No Information,20.72%/16.11%/17.32%,-23.44%/-25.75%/-24.72%,"25.75%, 28.38%",1.5 year/4 days/5.1 months,1.5 year/0 days/4.1 months,2027-12-01/2025-10-15/2026-05-19,5.49%,11.83%,-6.34%,0.22,-0.04,62.9373/71.1898/105.252/85.45/105.252/119.9356/62.95,59.35/55.185/54.7158/45.8971/No F-Track Level/No F-Track Level/No EMA 200 Stop Loss,67.21%/61/6.6 months (Across ALL Assets),73.72%/331/5.3 months (Across ALL Assets),No Information,No Information,No Information,No Information,No Information,No Information,No Information,No Information,No Information,10.23%,No Information,No Information,93.44,ok,True,pass,,,4.7,47,7.9787,2.2515,13.88,,-6.34,,,equity,,
PULSEGAUGE,"CRM, Long, 2025-10-10 (Price: 241.68)",2026-06-17 (Price: 155.02),"-35.86%, 8.3 months","84.21%, Past 22 years, 19","Weekly, was CONFIRMED on 2025-10-10",No Cancellation Possible,"2026-06-23 (Price: 153.42), 36.52% below",8.5 months,239.33,No Information,No Information,No Information,No Information,38.27%/26.36%/28.79%,-39.49%/-39.75%/-39.58%,"39.75%, 50.47%",1.4 year/1.1 month/4.8 months,1.8 year/0 days/5 months,2027-10-08/2025-11-26/2026-05-06,12.37%,11.98%,0.39%,0.51,0.04,No Target/311.2597/354.7868/368.045/354.7868/400.2507/No EMA 200 Target,240.36/156.1/209.3181/186.7031/No F-Track Level/No F-Track Level/215.39,67.21%/61/6.6 months (Across ALL Assets),73.72%/331/5.3 months (Across ALL Assets),No Information,No Information,No Information,No Information,No Information,No Information,No Information,No Information,No Information,10.23%,No Information,No Information,94.67,best,True,pass,,,37.9,47,17.9944,10.8634,,,0.39,,,equity,,
PULSEGAUGE,"JD, Long, 2025-10-09 (Price: 33.97)",No Exit Yet,"-23.11%, 8.6 months","75.0%, Past 12 years, 8","Weekly, was CONFIRMED on 2025-10-09",No Cancellation Possible,"2026-06-23 (Price: 26.12), 23.11% below",8.6 months,35.28,No Information,No Information,No Information,No Information,34.37%/31.36%/32.36%,-45.16%/-51.31%/-48.23%,"51.31%, 59.82%",1.1 year/5.1 months/8.4 months,1.3 year/0 days/7.1 months,2027-05-05/2026-05-18/2026-10-09,0.33%,1.61%,-1.28%,0.06,-0.08,34.9959/44.9627/103.1027/80.755/103.1027/108.0778/No EMA 200 Target,30.91/24.07/No F-Stack Support/No F-Stack Support/No F-Track Level/No F-Track Level/30.2,67.21%/61/6.6 months (Across ALL Assets),73.72%/331/5.3 months (Across ALL Assets),No Information,No Information,No Information,No Information,No Information,No Information,No Information,No Information,No Information,10.23%,No Information,No Information,96.24,ok,True,pass,,,12.93,47,12.2125,10.8517,4.12,,-1.28,,,equity,,
PULSEGAUGE,"PG, Long, 2025-10-09 (Price: 150.58)",No Exit Yet,"0.19%, 8.6 months","84.21%, Past 25 years, 19","Weekly, was CONFIRMED on 2025-10-09",No Cancellation Possible,"2026-06-23 (Price: 150.86), 0.19% above",8.6 months,151.5,No Information,No Information,No Information,No Information,13.34%/11.61%/12.19%,-17.58%/-36.08%/-23.83%,"36.08%, 18.58%",2.3 years/1.9 month/9.9 months,2.3 years/0 days/7.5 months,2029-01-18/2025-12-30/2026-12-13,4.68%,4.45%,0.23%,0.18,-0.34,152.8538/168.9357/186.6499/179.4533/186.6499/209.3631/No EMA 200 Target,143.96/121.86/140.2317/117.5404/No F-Track Level/No F-Track Level/148.87,67.21%/61/6.6 months (Across ALL Assets),73.72%/331/5.3 months (Across ALL Assets),No Information,No Information,No Information,No Information,No Information,No Information,No Information,No Information,No Information,10.23%,No Information,No Information,96.44,ok,True,pass,,,6.26,47,6.5024,2.5292,9.24,,0.23,,,equity,,
PULSEGAUGE,"CEN.NZ, Long, 2025-10-09 (Price: 9.04)",No Exit Yet,"5.09%, 8.6 months","76.47%, Past 25 years, 17","Weekly, was CONFIRMED on 2025-10-09",No Cancellation Possible,"2026-06-23 (Price: 9.5), 5.09% above",8.6 months,9.1,No Information,No Information,No Information,No Information,16.32%/13.65%/14.44%,-20.88%/-23.14%/-21.73%,"23.14%, 26.11%",5 years/27 days/10.1 months,5 years/0 days/7.1 months,2032-11-28/2025-11-17/2026-12-21,3.76%,3.75%,0.01%,0.08,-0.3,9.219/10.3454/11.2606/9.465/11.2606/15.4512/9.38,8.93/6.86/8.6706/No stop loss/No F-Track Level/No F-Track Level/No EMA 200 Stop Loss,67.21%/61/6.6 months (Across ALL Assets),73.72%/331/5.3 months (Across ALL Assets),No Information,No Information,No Information,No Information,No Information,No Information,No Information,No Information,No Information,10.23%,No Information,No Information,96.24,ok,True,pass,,,4.51,47,5.9292,2.7596,2.41,,0.01,,,equity,,
PULSEGAUGE,"CNU.NZ, Long, 2025-10-09 (Price: 9.26)",No Exit Yet,"7.67%, 8.6 months","77.78%, Past 14 years, 9","Weekly, was CONFIRMED on 2025-10-09",No Cancellation Possible,"2026-06-23 (Price: 9.97), 7.67% above",8.6 months,9.54,No Information,No Information,No Information,No Information,20.07%/16.6%/18.16%,-24.77%/-31.48%/-28.12%,"31.48%, 33.99%",2.2 years/29 days/6.5 months,2.2 years/0 days/5.5 months,2028-11-29/2025-11-20/2026-07-18,5.14%,5.41%,-0.27%,0.21,-0.2,9.6776/10.9416/10.0225/No Horizontal Resistance/10.0225/12.705/9.5,7.85/6.0983/7.51/6.7409/No F-Track Level/No F-Track Level/No EMA 200 Stop Loss,67.21%/61/6.6 months (Across ALL Assets),73.72%/331/5.3 months (Across ALL Assets),No Information,No Information,No Information,No Information,No Information,No Information,No Information,No Information,No Information,10.23%,No Information,No Information,95.15,ok,True,pass,,,11.56,47,7.8766,4.3343,0.85,,-0.27,,,equity,,
PULSEGAUGE,"BYDDY, Long, 2025-10-09 (Price: 13.86)",No Exit Yet,"-30.74%, 8.6 months","84.62%, Past 16 years, 13","Weekly, was CONFIRMED on 2025-10-09",No Cancellation Possible,"2026-06-23 (Price: 9.6), 30.74% below",8.6 months,13.87,No Information,No Information,No Information,No Information,56.12%/31.69%/39.44%,-47.09%/-49.5%/-48.3%,"49.5%, 53.42%",1.4 year/1.1 month/6.1 months,1.4 year/0 days/4.6 months,2027-10-07/2025-11-25/2026-07-01,11.28%,5.44%,5.84%,0.46,-0.02,14.3493/19.3264/17.0759/13.9472/17.0759/19.2153/No EMA 200 Target,13.34/7.1075/12.4728/9.6555/No F-Track Level/No F-Track Level/12.71,67.21%/61/6.6 months (Across ALL Assets),73.72%/331/5.3 months (Across ALL Assets),No Information,No Information,No Information,No Information,No Information,No Information,No Information,No Information,No Information,10.23%,No Information,No Information,94.2,tA,True,pass,,,73.34,47,25.9456,22.9666,1.52,,5.84,,,equity,,
PULSEGAUGE,"BDL.NS, Long, 2025-10-09 (Price: 1520.3)",No Exit Yet,"-8.53%, 8.6 months","83.33%, Past 8 years, 6","Weekly, was CONFIRMED on 2025-10-09",No Cancellation Possible,"2026-06-23 (Price: 1390.6), 8.53% below",8.6 months,1568.4,No Information,No Information,No Information,No Information,44.75%/28.89%/33.37%,-48.39%/-48.39%/-48.39%,"48.39%, 49.38%",7.1 months/2.4 months/4.7 months,1.9 year/0 days/6.9 months,2026-08-13/2026-01-21/2026-05-01,8.86%,17.99%,-9.13%,0.34,0.14,1627.3291/2027.6241/2355.3598/No Horizontal Resistance/2355.3598/2625.1645/No EMA 200 Target,1435.7/184.5375/1479.6462/1355.4768/No F-Track Level/No F-Track Level/1403.02,67.21%/61/6.6 months (Across ALL Assets),73.72%/331/5.3 months (Across ALL Assets),No Information,No Information,No Information,No Information,No Information,No Information,No Information,No Information,No Information,10.23%,No Information,No Information,96.14,ok,True,pass,,,13.12,47,19.7406,4.9631,13.21,,-9.13,,,equity,,
PULSEGAUGE,"BBTC.NS, Long, 2025-10-09 (Price: 1848.0)",No Exit Yet,"-14.51%, 8.6 months","86.67%, Past 23 years, 15","Weekly, was CONFIRMED on 2025-10-09",No Cancellation Possible,"2026-06-23 (Price: 1579.8), 14.51% below",8.6 months,1842.0,No Information,No Information,No Information,No Information,50.2%/33.1%/38.22%,-50.14%/-50.52%/-50.33%,"50.52%, 56.37%",3.2 years/11 days/10.2 months,3.2 years/0 days/8.8 months,2030-05-04/2025-10-24/2026-12-26,11.7%,15.89%,-4.19%,0.59,0.12,1950.0096/2554.3056/3412.111/No Horizontal Resistance/3412.111/3657.8738/No EMA 200 Target,1753.7/846.25/1538.0338/1057.7422/No F-Track Level/No F-Track Level/1725.98,67.21%/61/6.6 months (Across ALL Assets),73.72%/331/5.3 months (Across ALL Assets),No Information,No Information,No Information,No Information,No Information,No Information,No Information,No Information,No Information,10.23%,No Information,No Information,96.97,best,True,pass,,,20.84,47,26.4163,9.7696,14.46,,-4.19,,,equity,,
PULSEGAUGE,"BBTC.NS, Long, 2025-07-09 (Price: 1946.9)",No Exit Yet,"-18.86%, 11.6 months","86.67%, Past 23 years, 15","Weekly, was CONFIRMED on 2025-07-09",No Cancellation Possible,"2026-06-23 (Price: 1579.8), 18.86% below",11.6 months,1990.0,No Information,No Information,No Information,No Information,50.2%/33.1%/38.22%,-50.14%/-50.52%/-50.33%,"50.52%, 56.37%",3.2 years/11 days/10.2 months,3.2 years/0 days/8.8 months,2030-02-01/2025-07-24/2026-09-25,11.7%,15.89%,-4.19%,0.59,0.12,2054.3689/2691.0052/3412.111/No Horizontal Resistance/3412.111/3657.8738/No EMA 200 Target,1720.4/846.25/1538.0338/1057.7422/No F-Track Level/No F-Track Level/1725.98,67.21%/61/6.6 months (Across ALL Assets),73.72%/331/5.3 months (Across ALL Assets),No Information,No Information,No Information,No Information,No Information,No Information,No Information,No Information,No Information,11.9%,No Information,No Information,95.83,best,True,pass,,,20.84,27,26.4163,9.7696,14.46,,-4.19,,,equity,,
PULSEGAUGE,"PERSISTENT.NS, Long, 2025-07-04 (Price: 5896.0)",No Exit Yet,"-17.97%, 11.8 months","90.91%, Past 16 years, 11","Weekly, was CONFIRMED on 2025-07-04",No Cancellation Possible,"2026-06-23 (Price: 4836.5), 17.97% below",11.8 months,6025.0,No Information,No Information,No Information,No Information,33.14%/21.14%/25.18%,-31.55%/-31.55%/-31.55%,"31.55%, 31.1%",10.5 months/11 days/3.7 months,11.1 months/0 days/3.7 months,2026-10-03/2025-07-19/2025-12-11,12.38%,18.1%,-5.72%,0.74,0.12,6104.1288/7380.6128/9957.5854/No Horizontal Resistance/9957.5854/15965.083/No EMA 200 Target,4544.6/1548.5125/3950.0879/2531.9096/No F-Track Level/No F-Track Level/5516.73,67.21%/61/6.6 months (Across ALL Assets),73.72%/331/5.3 months (Across ALL Assets),No Information,No Information,No Information,No Information,No Information,No Information,No Information,No Information,No Information,11.9%,No Information,No Information,90.09,tA,True,pass,,,47.43,27,20.0232,12.0506,4.17,,-5.72,,,equity,,
PULSEGAUGE,"BRK-B, Long, 2025-07-03 (Price: 485.0)",No Exit Yet,"1.61%, 11.8 months","75.0%, Past 25 years, 20","Weekly, was CONFIRMED on 2025-07-03",No Cancellation Possible,"2026-06-23 (Price: 492.81), 1.61% above",11.8 months,485.9,No Information,No Information,No Information,No Information,18.46%/13.14%/14.37%,-20.65%/-33.7%/-24.91%,"33.7%, 24.78%",1.3 year/1.5 month/6.8 months,1.3 year/0 days/5.2 months,2027-05-11/2025-09-06/2026-04-24,3.17%,6.9%,-3.73%,0.05,-0.22,490.238/554.6945/630.85/488.245/630.85/709.9376/490.11,484.85/268.082/449.7662/405.99/No F-Track Level/No F-Track Level/No EMA 200 Stop Loss,67.21%/61/6.6 months (Across ALL Assets),73.72%/331/5.3 months (Across ALL Assets),No Information,No Information,No Information,No Information,No Information,No Information,No Information,No Information,No Information,11.9%,No Information,No Information,92.95,watch,True,neutral,,,-4.66,27,4.55,0.2786,8.9,,-3.73,,,equity,,
PULSEGAUGE,"JD, Long, 2025-07-03 (Price: 32.07)",No Exit Yet,"-18.55%, 11.8 months","75.0%, Past 12 years, 8","Weekly, was CONFIRMED on 2025-07-03",No Cancellation Possible,"2026-06-23 (Price: 26.12), 18.55% below",11.8 months,32.56,No Information,No Information,No Information,No Information,34.37%/31.36%/32.36%,-45.16%/-51.31%/-48.23%,"51.31%, 59.82%",1.1 year/5.1 months/8.4 months,1.3 year/0 days/7.1 months,2027-01-27/2026-02-09/2026-07-03,0.33%,1.61%,-1.28%,0.06,-0.08,33.0385/42.4479/103.1027/92.73/103.1027/108.0778/No EMA 200 Target,31.44/24.07/No F-Stack Support/No F-Stack Support/No F-Track Level/No F-Track Level/30.2,67.21%/61/6.6 months (Across ALL Assets),73.72%/331/5.3 months (Across ALL Assets),No Information,No Information,No Information,No Information,No Information,No Information,No Information,No Information,No Information,11.9%,No Information,No Information,94.84,ok,True,pass,,,12.93,27,12.2125,10.8517,4.12,,-1.28,,,equity,,
PULSEGAUGE,"PG, Long, 2025-07-03 (Price: 160.83)",No Exit Yet,"-6.2%, 11.8 months","84.21%, Past 25 years, 19","Weekly, was CONFIRMED on 2025-07-03",No Cancellation Possible,"2026-06-23 (Price: 150.86), 6.2% below",11.8 months,159.26,No Information,No Information,No Information,No Information,13.34%/11.61%/12.19%,-17.58%/-36.08%/-23.83%,"36.08%, 18.58%",2.3 years/1.9 month/9.9 months,2.3 years/0 days/7.5 months,2028-10-12/2025-09-23/2026-09-06,4.68%,4.45%,0.23%,0.18,-0.34,163.2585/180.4352/186.6499/179.4533/186.6499/209.3631/No EMA 200 Target,157.66/121.86/140.2317/117.5404/No F-Track Level/No F-Track Level/148.87,67.21%/61/6.6 months (Across ALL Assets),73.72%/331/5.3 months (Across ALL Assets),No Information,No Information,No Information,No Information,No Information,No Information,No Information,No Information,No Information,11.9%,No Information,No Information,95.11,ok,True,pass,,,6.26,27,6.5024,2.5292,9.24,,0.23,,,equity,,
PULSEGAUGE,"CEN.NZ, Long, 2025-07-03 (Price: 9.0)",No Exit Yet,"5.56%, 11.8 months","76.47%, Past 25 years, 17","Weekly, was CONFIRMED on 2025-07-03",No Cancellation Possible,"2026-06-23 (Price: 9.5), 5.56% above",11.8 months,9.05,No Information,No Information,No Information,No Information,16.32%/13.65%/14.44%,-20.88%/-23.14%/-21.73%,"23.14%, 26.11%",5 years/27 days/10.1 months,5 years/0 days/7.1 months,2032-08-22/2025-08-11/2026-09-14,3.76%,3.75%,0.01%,0.08,-0.3,9.1782/10.2996/11.2606/9.465/11.2606/15.4512/9.38,8.97/6.86/8.6706/No stop loss/No F-Track Level/No F-Track Level/No EMA 200 Stop Loss,67.21%/61/6.6 months (Across ALL Assets),73.72%/331/5.3 months (Across ALL Assets),No Information,No Information,No Information,No Information,No Information,No Information,No Information,No Information,No Information,11.9%,No Information,No Information,94.84,ok,True,pass,,,4.51,27,5.9292,2.7596,2.59,,0.01,,,equity,,
PULSEGAUGE,"FPH.NZ, Long, 2025-07-03 (Price: 36.4)",No Exit Yet,"3.32%, 11.8 months","77.78%, Past 24 years, 18","Weekly, was CONFIRMED on 2025-07-03",No Cancellation Possible,"2026-06-23 (Price: 37.61), 3.32% above",11.8 months,36.51,No Information,No Information,No Information,No Information,20.36%/17.31%/18.66%,-25.93%/-31.94%/-28.03%,"31.94%, 32.75%",1.4 year/1.2 month/6.7 months,1.4 year/0 days/6.7 months,2027-07-01/2025-08-24/2026-04-20,4.57%,7.77%,-3.2%,0.16,-0.12,37.2554/43.1922/40.9296/38.8662/40.9296/48.5677/37.57,32.55/22.5167/30.9793/26.1935/No F-Track Level/No F-Track Level/No EMA 200 Stop Loss,67.21%/61/6.6 months (Across ALL Assets),73.72%/331/5.3 months (Across ALL Assets),No Information,No Information,No Information,No Information,No Information,No Information,No Information,No Information,No Information,11.9%,No Information,No Information,94.53,ok,True,pass,,,1.5,27,8.2855,2.088,1.39,,-3.2,,,equity,,
PULSEGAUGE,"MFT.NZ, Long, 2025-07-03 (Price: 66.21)",No Exit Yet,"-9.23%, 11.8 months","77.78%, Past 25 years, 18","Weekly, was CONFIRMED on 2025-07-03",No Cancellation Possible,"2026-06-23 (Price: 60.1), 9.23% below",11.8 months,67.15,No Information,No Information,No Information,No Information,20.72%/16.11%/17.32%,-23.44%/-25.75%/-24.72%,"25.75%, 28.38%",1.5 year/4 days/5.1 months,1.5 year/0 days/4.1 months,2027-08-24/2025-07-08/2026-02-09,5.49%,11.83%,-6.34%,0.22,-0.04,68.673/77.6776/105.252/85.45/105.252/119.9356/No EMA 200 Target,57.71/55.185/54.7158/45.8971/No F-Track Level/No F-Track Level/62.95,67.21%/61/6.6 months (Across ALL Assets),73.72%/331/5.3 months (Across ALL Assets),No Information,No Information,No Information,No Information,No Information,No Information,No Information,No Information,No Information,11.9%,No Information,No Information,90.98,ok,True,pass,,,4.7,27,7.9787,2.2515,4.36,,-6.34,,,equity,,
PULSEGAUGE,"BYDDY, Long, 2025-07-03 (Price: 15.6183)",No Exit Yet,"-38.53%, 11.8 months","84.62%, Past 16 years, 13","Weekly, was CONFIRMED on 2025-07-03",No Cancellation Possible,"2026-06-23 (Price: 9.6), 38.53% below",11.8 months,15.75,No Information,No Information,No Information,No Information,56.12%/31.69%/39.44%,-47.09%/-49.5%/-48.3%,"49.5%, 53.42%",1.4 year/1.1 month/6.1 months,1.4 year/0 days/4.6 months,2027-07-01/2025-08-19/2026-03-25,11.28%,5.44%,5.84%,0.46,-0.02,16.1696/21.7782/17.0759/No Horizontal Resistance/17.0759/19.2153/No EMA 200 Target,14.69/7.1075/15.2748/12.4728/No F-Track Level/No F-Track Level/12.71,67.21%/61/6.6 months (Across ALL Assets),73.72%/331/5.3 months (Across ALL Assets),No Information,No Information,No Information,No Information,No Information,No Information,No Information,No Information,No Information,11.9%,No Information,No Information,92.03,tA,True,pass,,,73.34,27,25.9456,22.9666,1.52,,5.84,,,equity,,
PULSEGAUGE,"3690.HK, Long, 2025-07-03 (Price: 122.8)",No Exit Yet,"-43.32%, 11.8 months","85.71%, Past 7 years, 7","Weekly, was CONFIRMED on 2025-07-03",No Cancellation Possible,"2026-06-23 (Price: 69.6), 43.32% below",11.8 months,128.6,No Information,No Information,No Information,No Information,40.55%/36.12%/38.44%,-54.14%/-54.14%/-54.14%,"54.14%, 54.04%",10.8 months/1.9 month/5.6 months,11.1 months/0 days/4 months,2026-10-15/2025-09-23/2026-03-03,5.28%,-0.11%,5.39%,0.22,-0.04,No Target/170.0043/435.6835/338.1/435.6835/583.6144/No EMA 200 Target,104.0/122.2/107.732/86.788/No F-Track Level/No F-Track Level/92.19,67.21%/61/6.6 months (Across ALL Assets),73.72%/331/5.3 months (Across ALL Assets),No Information,No Information,No Information,No Information,No Information,No Information,No Information,No Information,No Information,11.9%,No Information,No Information,90.83,tA,True,pass,,,73.93,27,25.2103,25.2627,,,5.39,,,equity,,
PULSEGAUGE,"SBUX, Long, 2023-11-29 (Price: 99.85)",No Exit Yet,"1.2%, 2.6 years","75.0%, Past 25 years, 20","Weekly, was CONFIRMED on 2023-11-29",No Cancellation Possible,"2026-06-23 (Price: 101.05), 1.2% above",2.6 years,102.29,No Information,No Information,No Information,No Information,25.73%/19.92%/21.06%,-29.84%/-35.35%/-32.37%,"35.35%, 40.55%",2.7 years/21 days/6.1 months,2.7 years/0 days/4.9 months,2027-10-06/2023-12-29/2024-08-20,4.73%,8.48%,-3.75%,0.18,-0.07,101.827/120.8784/142.4098/117.4325/142.4098/150.3462/No EMA 200 Target,91.27/82.36/89.1063/76.529/No F-Track Level/No F-Track Level/92.03,67.21%/61/6.6 months (Across ALL Assets),73.72%/331/5.3 months (Across ALL Assets),No Information,No Information,No Information,No Information,No Information,No Information,No Information,No Information,No Information,21.65%,No Information,No Information,98.64,ok,True,pass,,,4.09,87,7.7025,2.7558,2.36,,-3.75,,,equity,,
PULSEGAUGE,"ATD.TO, Long, 2023-11-29 (Price: 76.23)",2026-06-23 (Price: 91.87),"20.52%, 2.6 years","89.47%, Past 25 years, 19","Weekly, was CONFIRMED on 2023-11-29",No Cancellation Possible,"2026-06-23 (Price: 91.87), 20.52% above",2.6 years,79.2,No Information,No Information,No Information,No Information,34.43%/22.84%/24.75%,-34.5%/-35.58%/-35.04%,"35.58%, 43.13%",3 years/7 days/7.9 months,3 years/0 days/7.3 months,2028-03-11/2023-12-09/2024-11-06,12.64%,14.04%,-1.4%,0.69,0.05,81.1011/95.0969/85.3936/No Horizontal Resistance/85.3936/96.14/76.63,68.98/39.8362/59.8475/53.4732/No F-Track Level/No F-Track Level/No EMA 200 Stop Loss,67.21%/61/6.6 months (Across ALL Assets),73.72%/331/5.3 months (Across ALL Assets),No Information,No Information,No Information,No Information,No Information,No Information,No Information,No Information,No Information,21.65%,No Information,No Information,99.09,best,True,pass,,,23.39,87,18.4541,6.2527,0.99,,-1.4,,,equity,,
PULSEGAUGE,"SBUX, Long, 2023-06-08 (Price: 99.15)",No Exit Yet,"1.92%, 3.1 years","75.0%, Past 25 years, 20","Weekly, was CONFIRMED on 2023-06-08",No Cancellation Possible,"2026-06-23 (Price: 101.05), 1.92% above",3.1 years,100.04,No Information,No Information,No Information,No Information,25.73%/19.92%/21.06%,-29.84%/-35.35%/-32.37%,"35.35%, 40.55%",2.7 years/21 days/6.1 months,2.7 years/0 days/4.9 months,2027-04-15/2023-07-08/2024-02-28,4.73%,8.48%,-3.75%,0.18,-0.07,101.1132/120.031/142.4098/117.4325/142.4098/150.3462/No EMA 200 Target,98.53/69.4767/89.1063/76.529/No F-Track Level/No F-Track Level/92.03,67.21%/61/6.6 months (Across ALL Assets),73.72%/331/5.3 months (Across ALL Assets),No Information,No Information,No Information,No Information,No Information,No Information,No Information,No Information,No Information,20.25%,No Information,No Information,97.96,ok,True,pass,,,4.09,80,7.7025,2.7558,8.44,,-3.75,,,equity,,
PULSEGAUGE,"AIA.NZ, Long, 2023-06-08 (Price: 8.58)",No Exit Yet,"-2.56%, 3.1 years","82.35%, Past 25 years, 17","Weekly, was CONFIRMED on 2023-06-08",No Cancellation Possible,"2026-06-23 (Price: 8.36), 2.56% below",3.1 years,8.74,No Information,No Information,No Information,No Information,18.54%/15.14%/16.05%,-23.04%/-24.06%/-23.48%,"24.06%, 27.39%",2.3 years/1 month/10.7 months,2.3 years/0 days/8.6 months,2026-09-17/2023-07-21/2024-09-14,6.0%,5.08%,0.92%,0.31,-0.22,8.7876/9.9571/11.1706/9.875/11.1706/12.8535/No EMA 200 Target,8.55/6.68/7.3934/6.6643/No F-Track Level/No F-Track Level/8.21,67.21%/61/6.6 months (Across ALL Assets),73.72%/331/5.3 months (Across ALL Assets),No Information,No Information,No Information,No Information,No Information,No Information,No Information,No Information,No Information,20.25%,No Information,No Information,98.84,ok,True,pass,,,11.16,80,9.073,3.872,8.95,,0.92,,,equity,,
BASELINEDIVERGENCE,"XLU, Long, 2026-06-14 (Price: 44.53)",No Exit Yet,"1.21%, 9 days","80.0%, Past 10 years, 115","Weekly, was CONFIRMED on 2026-06-14",Already confirmed,"2026-06-23 (Price: 45.07), 1.21% above",9 days,44.32,No Information,No Information,No Information,No Information,17.56%/0.06%/5.63%,-0.23%/-20.01%/-5.59%,"20.01%, 32.06%",7.5 months/2.1 months/3.8 months,7.5 months/0 days/3.5 months,2027-05-05/2026-09-13/2026-11-26,12.3%,4.1%,8.2%,0.33,0.18,46.6452/47.037/49.4858/47.3425/49.4858/65.2454/44.58,43.87/29.8725/43.7042/35.4254/No F-Track Level/No F-Track Level/No EMA 200 Stop Loss,54.55%/33/2.9 months (Across ALL Assets),70.5%/522/3.5 months (Across ALL Assets),No Information,No Information,No Information,No Information,No Information,No Information,No Information,No Information,No Information,No Information,"^GSPC, Normal Case",2026-06-07 (Price: 43.07),91.43,ok,True,pass,,,13.11,40,3.386,1.6777,2.11,,8.2,,,equity_etf,,
BASELINEDIVERGENCE,"NVDA, Long, 2026-05-24 (Price: 215.33)",No Exit Yet,"-7.1%, 1 month","87.36%, Past 10 years, 87","Weekly, was CONFIRMED on 2026-05-24",Already confirmed,"2026-06-23 (Price: 200.04), 7.1% below",1 month,229.87,No Information,No Information,No Information,No Information,200.25%/0.47%/38.32%,-0.26%/-45.09%/-14.72%,"45.09%, 51.99%",8.2 months/2.1 months/3.8 months,8.2 months/0 days/3.7 months,2027-05-13/2026-08-23/2026-11-05,48.49%,44.03%,4.46%,0.75,1.79,284.0849/297.8445/239.8943/No Horizontal Resistance/239.8943/283.6698/No EMA 200 Target,167.52/13.9695/176.5924/152.8996/No F-Track Level/No F-Track Level/190.23,54.55%/33/2.9 months (Across ALL Assets),70.5%/522/3.5 months (Across ALL Assets),No Information,No Information,No Information,No Information,No Information,No Information,No Information,No Information,No Information,No Information,"^NDX, Normal Case",2026-05-17 (Price: 213.89),99.1,tA,True,pass,,,70.33,93,31.6157,12.2215,7.81,,4.46,,,equity,,
BASELINEDIVERGENCE,"^GSPC, Long, 2026-04-19 (Price: 7126.0601)",2026-06-21 (Price: 7500.5801),"5.26%, 2.1 months","83.13%, Past 10 years, 83","Weekly, was CONFIRMED on 2026-04-19",Already confirmed,"2026-06-23 (Price: 7365.46), 3.36% above",2.2 months,6806.4702,No Information,No Information,No Information,No Information,21.88%/0.33%/6.69%,-0.72%/-14.2%/-5.06%,"14.2%, 31.81%",9.8 months/2.1 months/4.2 months,9.8 months/0 days/4.1 months,2027-06-18/2026-07-19/2026-10-18,15.43%,9.54%,5.89%,0.53,0.65,7718.9483/7602.7935/9765.5661/No Horizontal Resistance/9765.5661/10911.139/No EMA 200 Target,6368.85/4128.7074/6767.7249/6316.2337/No F-Track Level/No F-Track Level/6912.07,54.55%/33/2.9 months (Across ALL Assets),70.5%/522/3.5 months (Across ALL Assets),No Information,No Information,No Information,No Information,No Information,No Information,No Information,No Information,No Information,No Information,"^DJI, Normal Case",2025-12-21 (Price: 6720.4302),98.36,ok,True,neutral,,,16.36,87,4.7078,0.0892,1.09,,5.89,,,index,,
BASELINEDIVERGENCE,"BEL.NS, Long, 2026-04-05 (Price: 421.6)",No Exit Yet,"-0.38%, 2.6 months","81.08%, Past 10 years, 111","Weekly, was CONFIRMED on 2026-04-05",Already confirmed,"2026-06-23 (Price: 420.0), 0.38% below",2.6 months,400.0,No Information,No Information,No Information,No Information,62.01%/0.22%/18.43%,-0.47%/-36.52%/-9.6%,"36.52%, 45.62%",10.5 months/2.1 months/4 months,10.5 months/0 days/3.9 months,2027-07-05/2026-07-05/2026-09-25,34.34%,18.47%,15.87%,0.61,0.88,504.3601/499.3009/456.8119/433.5/456.8119/613.9011/No EMA 200 Target,404.75/61.7416/382.9941/287.8162/No F-Track Level/No F-Track Level/419.12,54.55%/33/2.9 months (Across ALL Assets),70.5%/522/3.5 months (Across ALL Assets),No Information,No Information,No Information,No Information,No Information,No Information,No Information,No Information,No Information,No Information,"^NSEI, Local Extrema Case",2026-01-25 (Price: 397.0),98.29,tA,True,pass,,,42.2,87,13.1267,4.5513,87.96,,15.87,,,equity,,
BASELINEDIVERGENCE,"BEL.NS, Long, 2026-03-08 (Price: 468.45)",No Exit Yet,"-10.34%, 3.6 months","81.08%, Past 10 years, 111","Weekly, was CONFIRMED on 2026-03-08",Already confirmed,"2026-06-23 (Price: 420.0), 10.34% below",3.6 months,442.1,No Information,No Information,No Information,No Information,62.01%/0.22%/18.43%,-0.47%/-36.52%/-9.6%,"36.52%, 45.62%",10.5 months/2.1 months/4 months,10.5 months/0 days/3.9 months,2027-06-07/2026-06-07/2026-08-28,34.34%,18.47%,15.87%,0.61,0.88,560.4067/554.7853/No Target/No Horizontal Resistance/No Target/613.9011/No EMA 200 Target,389.45/61.7416/382.9941/287.8162/No F-Track Level/No F-Track Level/419.12,54.55%/33/2.9 months (Across ALL Assets),70.5%/522/3.5 months (Across ALL Assets),No Information,No Information,No Information,No Information,No Information,No Information,No Information,No Information,No Information,No Information,"^NSEI, Local Extrema Case",2026-03-01 (Price: 430.35),97.44,tA,True,pass,,,42.2,80,13.1267,4.5513,87.96,,15.87,,,equity,,
BASELINEDIVERGENCE,"^GSPC, Long, 2026-03-01 (Price: 6878.8799)",2026-06-21 (Price: 7500.5801),"9.04%, 3.7 months","83.13%, Past 10 years, 83","Weekly, was CONFIRMED on 2026-03-01",Already confirmed,"2026-06-23 (Price: 7365.46), 7.07% above",3.8 months,6901.25,No Information,No Information,No Information,No Information,21.88%/0.33%/6.69%,-0.72%/-14.2%/-5.06%,"14.2%, 31.81%",9.8 months/2.1 months/4.2 months,9.8 months/0 days/4.1 months,2027-04-30/2026-05-31/2026-08-30,15.43%,9.54%,5.89%,0.53,0.65,7451.2027/7339.077/9765.5661/No Horizontal Resistance/9765.5661/10911.139/6912.07,6836.17/4128.7074/6767.7249/6316.2337/No F-Track Level/No F-Track Level/No EMA 200 Stop Loss,54.55%/33/2.9 months (Across ALL Assets),70.5%/522/3.5 months (Across ALL Assets),No Information,No Information,No Information,No Information,No Information,No Information,No Information,No Information,No Information,No Information,"^DJI, Normal Case",2026-02-22 (Price: 6775.5),97.54,ok,True,neutral,,,16.36,80,4.7078,0.0892,0.93,,5.89,,,index,,
BASELINEDIVERGENCE,"BEL.NS, Long, 2026-03-01 (Price: 444.7)",No Exit Yet,"-5.55%, 3.8 months","81.08%, Past 10 years, 111","Weekly, was CONFIRMED on 2026-03-01",Already confirmed,"2026-06-23 (Price: 420.0), 5.55% below",3.8 months,442.8,No Information,No Information,No Information,No Information,62.01%/0.22%/18.43%,-0.47%/-36.52%/-9.6%,"36.52%, 45.62%",10.5 months/2.1 months/4 months,10.5 months/0 days/3.9 months,2027-05-31/2026-05-31/2026-08-21,34.34%,18.47%,15.87%,0.61,0.88,531.9946/526.6582/456.8119/No Horizontal Resistance/456.8119/613.9011/No EMA 200 Target,389.45/61.7416/382.9941/287.8162/No F-Track Level/No F-Track Level/419.12,54.55%/33/2.9 months (Across ALL Assets),70.5%/522/3.5 months (Across ALL Assets),No Information,No Information,No Information,No Information,No Information,No Information,No Information,No Information,No Information,No Information,"^NSEI, Local Extrema Case",2025-12-21 (Price: 380.45),97.44,tA,True,pass,,,42.2,80,13.1267,4.5513,87.96,,15.87,,,equity,,
BASELINEDIVERGENCE,"HDFCBANK.NS, Long, 2026-02-22 (Price: 911.85)",No Exit Yet,"-15.05%, 4 months","88.89%, Past 10 years, 99","Weekly, was CONFIRMED on 2026-02-22",Already confirmed,"2026-06-23 (Price: 774.65), 15.05% below",4 months,903.9,No Information,No Information,No Information,No Information,32.47%/0.05%/7.12%,-0.24%/-17.33%/-6.75%,"17.33%, 37.24%",7 months/2.1 months/3.3 months,7.5 months/0 days/3.2 months,2026-12-23/2026-05-24/2026-07-15,22.04%,7.15%,14.89%,0.59,0.39,1025.6489/976.7737/1098.0619/1009.6/1098.0619/1305.7899/No EMA 200 Target,903.9/640.9/765.1075/697.8792/No F-Track Level/No F-Track Level/899.63,54.55%/33/2.9 months (Across ALL Assets),70.5%/522/3.5 months (Across ALL Assets),No Information,No Information,No Information,No Information,No Information,No Information,No Information,No Information,No Information,No Information,"^NSEI, Normal Case",2026-02-15 (Price: 901.0),95.83,best,True,pass,,,29.75,73,5.579,2.8552,5.78,,14.89,,,equity,,
BASELINEDIVERGENCE,"HDFCBANK.NS, Long, 2026-02-08 (Price: 941.1)",No Exit Yet,"-17.69%, 4.5 months","88.89%, Past 10 years, 99","Weekly, was CONFIRMED on 2026-02-08",Already confirmed,"2026-06-23 (Price: 774.65), 17.69% below",4.5 months,915.0,No Information,No Information,No Information,No Information,32.47%/0.05%/7.12%,-0.24%/-17.33%/-6.75%,"17.33%, 37.24%",7 months/2.1 months/3.3 months,7.5 months/0 days/3.2 months,2026-12-09/2026-05-10/2026-07-01,22.04%,7.15%,14.89%,0.59,0.39,1058.5493/1008.1063/1098.0619/1009.6/1098.0619/1305.7899/No EMA 200 Target,916.1/640.9/765.1075/697.8792/No F-Track Level/No F-Track Level/899.63,54.55%/33/2.9 months (Across ALL Assets),70.5%/522/3.5 months (Across ALL Assets),No Information,No Information,No Information,No Information,No Information,No Information,No Information,No Information,No Information,No Information,"^NSEI, Normal Case",2026-02-01 (Price: 905.0),95.83,best,True,pass,,,29.75,73,5.579,2.8552,5.78,,14.89,,,equity,,
BASELINEDIVERGENCE,"QQQ, Long, 2026-02-08 (Price: 609.65)",2026-06-21 (Price: 740.62),"21.48%, 4.4 months","87.32%, Past 10 years, 71","Weekly, was CONFIRMED on 2026-02-08",Already confirmed,"2026-06-23 (Price: 713.65), 17.06% above",4.5 months,618.7,No Information,No Information,No Information,No Information,44.95%/1.39%/10.65%,-0.28%/-13.49%/-5.05%,"13.49%, 27.25%",7 months/2.1 months/3.8 months,7 months/2.1 months/3.8 months,2026-12-09/2026-05-10/2026-07-23,23.37%,14.69%,8.68%,0.86,0.97,688.9655/674.5777/836.2536/No Horizontal Resistance/836.2536/910.0135/630.16,422.67/256.995/563.3658/526.8888/No F-Track Level/No F-Track Level/No EMA 200 Stop Loss,54.55%/33/2.9 months (Across ALL Assets),70.5%/522/3.5 months (Across ALL Assets),No Information,No Information,No Information,No Information,No Information,No Information,No Information,No Information,No Information,No Information,"^GSPC, Normal Case",2021-03-28 (Price: 307.39),96.49,best,True,pass,,,28.52,73,8.6592,2.0137,0.51,,8.68,,,equity_etf,,
BASELINEDIVERGENCE,"^NDX, Long, 2026-02-08 (Price: 25075.7695)",2026-06-21 (Price: 30406.1934),"21.26%, 4.4 months","85.92%, Past 10 years, 71","Weekly, was CONFIRMED on 2026-02-08",Already confirmed,"2026-06-23 (Price: 29347.2734), 17.03% above",4.5 months,25491.6406,No Information,No Information,No Information,No Information,44.87%/1.44%/10.55%,-0.33%/-13.31%/-4.78%,"13.31%, 27.32%",7.2 months/2.1 months/3.9 months,7.2 months/0 days/3.8 months,2026-12-17/2026-05-10/2026-07-27,22.88%,14.69%,8.19%,0.83,0.97,28245.3468/27721.2632/33965.62/No Horizontal Resistance/33965.62/36701.6323/25895.09,17397.7/10555.915/25025.4383/22796.2371/No F-Track Level/No F-Track Level/No EMA 200 Stop Loss,54.55%/33/2.9 months (Across ALL Assets),70.5%/522/3.5 months (Across ALL Assets),No Information,No Information,No Information,No Information,No Information,No Information,No Information,No Information,No Information,No Information,"^GSPC, Normal Case",2021-03-28 (Price: 12627.9297),96.49,best,True,pass,,,32.49,73,8.3915,1.746,0.72,,8.19,,,index,,
BASELINEDIVERGENCE,"SPY, Long, 2026-02-08 (Price: 690.62)",2026-06-21 (Price: 746.74),"8.13%, 4.4 months","84.21%, Past 10 years, 19","Weekly, was CONFIRMED on 2026-02-08",Already confirmed,"2026-06-23 (Price: 733.58), 6.22% above",4.5 months,689.58,No Information,No Information,No Information,No Information,8.13%/0.46%/4.26%,-0.24%/-5.53%/-3.07%,"5.53%, 12.25%",4.9 months/2.1 months/3.5 months,4.9 months/2.1 months/3.5 months,2026-09-08/2026-05-10/2026-07-10,6.45%,9.53%,-3.08%,0.61,0.65,748.2177/720.0404/969.1148/No Horizontal Resistance/969.1148/1522.3697/No EMA 200 Target,505.28/412.1625/627.1849/415.8599/No F-Track Level/No F-Track Level/689.29,54.55%/33/2.9 months (Across ALL Assets),70.5%/522/3.5 months (Across ALL Assets),No Information,No Information,No Information,No Information,No Information,No Information,No Information,No Information,No Information,No Information,"^GSPC, Tangent Case",2021-03-14 (Price: 381.42),96.19,ok,True,neutral,,,6.65,73,3.1026,-0.8682,0.71,,-3.08,,,equity_etf,,
BASELINEDIVERGENCE,"BEL.NS, Long, 2026-02-08 (Price: 429.65)",No Exit Yet,"-2.25%, 4.5 months","81.08%, Past 10 years, 111","Weekly, was CONFIRMED on 2026-02-08",Already confirmed,"2026-06-23 (Price: 420.0), 2.25% below",4.5 months,432.0,No Information,No Information,No Information,No Information,62.01%/0.22%/18.43%,-0.47%/-36.52%/-9.6%,"36.52%, 45.62%",10.5 months/2.1 months/4 months,10.5 months/0 days/3.9 months,2027-05-10/2026-05-10/2026-07-31,34.34%,18.47%,15.87%,0.61,0.88,513.9903/508.8345/456.8119/433.5/456.8119/613.9011/No EMA 200 Target,389.45/61.7416/382.9941/287.8162/No F-Track Level/No F-Track Level/419.12,54.55%/33/2.9 months (Across ALL Assets),70.5%/522/3.5 months (Across ALL Assets),No Information,No Information,No Information,No Information,No Information,No Information,No Information,No Information,No Information,No Information,"^NSEI, Local Extrema Case",2026-02-01 (Price: 411.6),96.58,tA,True,pass,,,42.2,73,13.1267,4.5513,87.96,,15.87,,,equity,,
BASELINEDIVERGENCE,"QQQ, Long, 2026-02-01 (Price: 621.87)",2026-06-21 (Price: 740.62),"19.1%, 4.7 months","87.32%, Past 10 years, 71","Weekly, was CONFIRMED on 2026-02-01",Already confirmed,"2026-06-23 (Price: 713.65), 14.76% above",4.7 months,623.21,No Information,No Information,No Information,No Information,44.95%/1.39%/10.65%,-0.28%/-13.49%/-5.05%,"13.49%, 27.25%",7 months/2.1 months/3.8 months,7 months/2.1 months/3.8 months,2026-12-02/2026-05-03/2026-07-16,23.37%,14.69%,8.68%,0.86,0.97,702.7753/688.0992/836.2536/No Horizontal Resistance/836.2536/910.0135/630.16,422.67/256.995/610.7303/563.3658/No F-Track Level/No F-Track Level/No EMA 200 Stop Loss,54.55%/33/2.9 months (Across ALL Assets),70.5%/522/3.5 months (Across ALL Assets),No Information,No Information,No Information,No Information,No Information,No Information,No Information,No Information,No Information,No Information,"^GSPC, Normal Case",2026-01-18 (Price: 614.56),96.49,best,True,pass,,,28.52,73,8.6592,2.0137,0.74,,8.68,,,equity_etf,,
BASELINEDIVERGENCE,"^NDX, Long, 2026-02-01 (Price: 25552.3906)",2026-06-21 (Price: 30406.1934),"19.0%, 4.7 months","85.92%, Past 10 years, 71","Weekly, was CONFIRMED on 2026-02-01",Already confirmed,"2026-06-23 (Price: 29347.2734), 14.85% above",4.7 months,25631.0098,No Information,No Information,No Information,No Information,44.87%/1.44%/10.55%,-0.33%/-13.31%/-4.78%,"13.31%, 27.32%",7.2 months/2.1 months/3.9 months,7.2 months/0 days/3.8 months,2026-12-10/2026-05-03/2026-07-20,22.88%,14.69%,8.19%,0.83,0.97,28782.2128/28248.1678/33965.62/No Horizontal Resistance/33965.62/36701.6323/25895.09,17397.7/10555.915/25025.4383/22796.2371/No F-Track Level/No F-Track Level/No EMA 200 Stop Loss,54.55%/33/2.9 months (Across ALL Assets),70.5%/522/3.5 months (Across ALL Assets),No Information,No Information,No Information,No Information,No Information,No Information,No Information,No Information,No Information,No Information,"^GSPC, Normal Case",2026-01-18 (Price: 25266.1992),96.49,best,True,pass,,,32.49,73,8.3915,1.746,0.72,,8.19,,,index,,
BASELINEDIVERGENCE,"BEL.NS, Long, 2026-02-01 (Price: 449.0)",No Exit Yet,"-6.46%, 4.7 months","81.08%, Past 10 years, 111","Weekly, was CONFIRMED on 2026-02-01",Already confirmed,"2026-06-23 (Price: 420.0), 6.46% below",4.7 months,416.45,No Information,No Information,No Information,No Information,62.01%/0.22%/18.43%,-0.47%/-36.52%/-9.6%,"36.52%, 45.62%",10.5 months/2.1 months/4 months,10.5 months/0 days/3.9 months,2027-05-03/2026-05-03/2026-07-24,34.34%,18.47%,15.87%,0.61,0.88,537.1387/531.7507/456.8119/No Horizontal Resistance/456.8119/613.9011/No EMA 200 Target,389.45/61.7416/382.9941/287.8162/No F-Track Level/No F-Track Level/419.12,54.55%/33/2.9 months (Across ALL Assets),70.5%/522/3.5 months (Across ALL Assets),No Information,No Information,No Information,No Information,No Information,No Information,No Information,No Information,No Information,No Information,"^NSEI, Local Extrema Case",2026-01-18 (Price: 406.35),96.58,tA,True,pass,,,42.2,73,13.1267,4.5513,87.96,,15.87,,,equity,,
BASELINEDIVERGENCE,"BEL.NS, Long, 2026-01-25 (Price: 410.7)",No Exit Yet,"2.26%, 5 months","81.08%, Past 10 years, 111","Weekly, was CONFIRMED on 2026-01-25",Already confirmed,"2026-06-23 (Price: 420.0), 2.26% above",5 months,410.0,No Information,No Information,No Information,No Information,62.01%/0.22%/18.43%,-0.47%/-36.52%/-9.6%,"36.52%, 45.62%",10.5 months/2.1 months/4 months,10.5 months/0 days/3.9 months,2027-04-26/2026-04-26/2026-07-17,34.34%,18.47%,15.87%,0.61,0.88,491.3204/486.392/456.8119/433.5/456.8119/613.9011/419.12,389.45/61.7416/382.9941/287.8162/No F-Track Level/No F-Track Level/No EMA 200 Stop Loss,54.55%/33/2.9 months (Across ALL Assets),70.5%/522/3.5 months (Across ALL Assets),No Information,No Information,No Information,No Information,No Information,No Information,No Information,No Information,No Information,No Information,"^NSEI, Local Extrema Case",2025-08-31 (Price: 361.2),95.73,tA,True,pass,,,42.2,67,13.1267,4.5513,2.53,,15.87,,,equity,,
BASELINEDIVERGENCE,"HDFCBANK.NS, Long, 2025-12-14 (Price: 1001.5)",No Exit Yet,"-22.65%, 6.4 months","88.89%, Past 10 years, 99","Weekly, was CONFIRMED on 2025-12-14",Already confirmed,"2026-06-23 (Price: 774.65), 22.65% below",6.4 months,1000.0,No Information,No Information,No Information,No Information,32.47%/0.05%/7.12%,-0.24%/-17.33%/-6.75%,"17.33%, 37.24%",7 months/2.1 months/3.3 months,7.5 months/0 days/3.2 months,2026-10-14/2026-03-15/2026-05-06,22.04%,7.15%,14.89%,0.59,0.39,1126.4872/1072.8068/1098.0619/1009.6/1098.0619/1305.7899/No EMA 200 Target,945.05/640.9/962.8007/765.1075/No F-Track Level/No F-Track Level/899.63,54.55%/33/2.9 months (Across ALL Assets),70.5%/522/3.5 months (Across ALL Assets),No Information,No Information,No Information,No Information,No Information,No Information,No Information,No Information,No Information,No Information,"^NSEI, Normal Case",2025-12-07 (Price: 985.0),93.75,best,True,pass,,,29.75,60,5.579,2.8552,5.78,,14.89,,,equity,,
BASELINEDIVERGENCE,"HDFCBANK.NS, Long, 2025-10-12 (Price: 980.9)",No Exit Yet,"-21.03%, 8.5 months","88.89%, Past 10 years, 99","Weekly, was CONFIRMED on 2025-10-12",Already confirmed,"2026-06-23 (Price: 774.65), 21.03% below",8.5 months,971.9,No Information,No Information,No Information,No Information,32.47%/0.05%/7.12%,-0.24%/-17.33%/-6.75%,"17.33%, 37.24%",7 months/2.1 months/3.3 months,7.5 months/0 days/3.2 months,2026-08-12/2026-01-11/2026-03-04,22.04%,7.15%,14.89%,0.59,0.39,1103.3163/1050.7401/1098.0619/1004.15/1098.0619/1305.7899/No EMA 200 Target,945.05/640.9/962.8007/765.1075/No F-Track Level/No F-Track Level/899.63,54.55%/33/2.9 months (Across ALL Assets),70.5%/522/3.5 months (Across ALL Assets),No Information,No Information,No Information,No Information,No Information,No Information,No Information,No Information,No Information,No Information,"^NSEI, Normal Case",2025-09-21 (Price: 961.2),91.67,best,True,pass,,,29.75,47,5.579,2.8552,5.78,,14.89,,,equity,,
FRACTAL TRACK,"NVDA, Long, 2026-06-23 (Price: 200.04)",No Exit Yet,"0.0%, 0 days","100.0%, Past 20 years, 10","Weekly, will be confirmed as valid at the end of this week",Signal Cancelled if Price < 199.34 prior to 2026-06-26,"2026-06-23 (Price: 200.04), 0.0% below",0 days,211.445,Upmove Bounce Back,23.66% (Price: 201.0689),0.51% below,"2025-04-13 (Price: 86.62), 2026-05-17 (Price: 236.54)",23.94%/15.21%/19.58%,N/A,"-0.0%, 43.1%",3.7 years/21 days/1 year,3.7 years/0 days/10.9 months,2031-10-04/2026-07-23/2027-11-26,12.26%,25.02%,-12.76%,1.84,1.04,233.8068/239.2078/289.99/No Horizontal Resistance/No Next Fib Ext/No Next Fib Ext/No EMA 200 Target,167.52/13.9695/78.6795/48.8144/183.133/150.3123/190.23,89.09%/55/1.4 year (Across ALL Assets),61.63%/172/7.4 months (Across ALL Assets),No Information,No Information,No Information,No Information,No Information,No Information,No Information,No Information,No Information,No Information,No Information,No Information,100.0,ok,True,warn,,,4.55,100,19.58,-12.8864,55.95,,-12.76,,,equity,,
FRACTAL TRACK,"GLD, Long, 2026-06-23 (Price: 377.32)",No Exit Yet,"0.0%, 0 days","90.91%, Past 20 years, 11","Weekly, will be confirmed as valid at the end of this week",Signal Cancelled if Price < 371.88 prior to 2026-06-26,"2026-06-23 (Price: 377.32), 0.0% below",0 days,384.25,Upmove Bounce Back,38.2% (Price: 379.2852),0.52% below,"2023-10-08 (Price: 168.3), 2026-02-01 (Price: 509.7)",18.81%/2.16%/13.22%,-1.62%/-1.62%/-1.62%,"1.62%, 41.35%",8.4 years/3.5 months/3.7 years,8.4 years/0 days/3.2 years,2038-06-20/2026-11-22/2031-10-04,2.32%,6.66%,-4.34%,-0.13,0.39,407.1283/427.2017/582.16/401.25/581.2346/868.6914/408.64,236.59/150.8/293.7778/225.9189/372.5123/330.135/No EMA 200 Stop Loss,89.09%/55/1.4 year (Across ALL Assets),61.63%/172/7.4 months (Across ALL Assets),No Information,No Information,No Information,No Information,No Information,No Information,No Information,No Information,No Information,No Information,No Information,No Information,100.0,watch,True,fail,,,-8.6,100,11.871,-18.5747,10.38,,-4.34,,,commodity_etf,,
FRACTAL TRACK,"RELIANCE.NS, Long, 2026-06-23 (Price: 1309.5)",No Exit Yet,"0.0%, 0 days","92.31%, Past 20 years, 26","Weekly, will be confirmed as valid at the end of this week",Signal Cancelled if Price < 1253.2 prior to 2026-06-26,"2026-06-23 (Price: 1309.5), 0.0% below",0 days,1316.7,Upmove Bounce Back,23.66% (Price: 1231.8512),6.3% above,"1996-07-21 (Price: 5.9303), 2026-01-11 (Price: 1611.8)",22.17%/4.72%/16.12%,-0.8%/-1.69%/-1.24%,"1.69%, 33.1%",2.6 years/14 days/7.4 months,2.6 years/0 days/5.8 months,2030-03-09/2026-07-13/2027-05-10,15.14%,8.68%,6.46%,1.43,0.44,1384.2724/1520.5914/2273.02/1610.3/1617.1679/1804.6011/1421.62,1291.0/1016.3918/1138.1652/796.5557/1308.9348/1237.4586/No EMA 200 Stop Loss,89.09%/55/1.4 year (Across ALL Assets),61.63%/172/7.4 months (Across ALL Assets),No Information,No Information,No Information,No Information,No Information,No Information,No Information,No Information,No Information,No Information,No Information,No Information,100.0,tA,True,pass,,,42.2,100,14.785,8.7917,373.48,,6.46,,,equity,,
FRACTAL TRACK,"WPM.TO, Long, 2026-06-23 (Price: 165.39)",No Exit Yet,"0.0%, 0 days","90.91%, Past 20 years, 11","Weekly, will be confirmed as valid at the end of this week",Signal Cancelled if Price < 148.91 prior to 2026-06-26,"2026-06-23 (Price: 165.39), 0.0% below",0 days,167.26,Upmove Bounce Back,38.2% (Price: 147.6786),11.99% above,"2018-09-16 (Price: 19.87), 2026-03-08 (Price: 226.68)",23.39%/15.45%/17.55%,-5.77%/-5.77%/-5.77%,"5.77%, 59.53%",7.2 years/14 days/1.4 year,7.2 years/14 days/1.3 year,2036-10-02/2026-07-13/2028-06-20,9.59%,10.1%,-0.51%,1.3,0.49,170.0871/194.4159/289.48/No Horizontal Resistance/225.4868/255.4169/171.24,161.89/52.6825/150.925/140.5976/160.0095/139.415/No EMA 200 Stop Loss,89.09%/55/1.4 year (Across ALL Assets),61.63%/172/7.4 months (Across ALL Assets),No Information,No Information,No Information,No Information,No Information,No Information,No Information,No Information,No Information,No Information,No Information,No Information,100.0,ok,True,neutral,,,12.63,100,15.4302,-3.3269,8.29,,-0.51,,,equity,,
FRACTAL TRACK,"GDX, Long, 2026-06-23 (Price: 77.66)",No Exit Yet,"0.0%, 0 days","92.31%, Past 20 years, 13","Weekly, will be confirmed as valid at the end of this week",Signal Cancelled if Price < 73.63 prior to 2026-06-26,"2026-06-23 (Price: 77.66), 0.0% below",0 days,80.42,Upmove Bounce Back,50% (Price: 75.3),3.13% above,"2025-01-05 (Price: 33.42), 2026-03-08 (Price: 117.18)",22.1%/15.36%/18.33%,-13.0%/-13.0%/-13.0%,"13.0%, 77.47%",14 years/1.9 month/3.4 years,14 years/1.9 month/3.2 years,2046-06-18/2026-09-13/2031-04-30,5.28%,2.68%,2.6%,0.16,0.19,89.8371/91.8951/127.92/No Horizontal Resistance/118.8531/124.216/87.22,34.26/25.645/74.1385/66.8312/71.4/60.5959/No EMA 200 Stop Loss,89.09%/55/1.4 year (Across ALL Assets),61.63%/172/7.4 months (Across ALL Assets),No Information,No Information,No Information,No Information,No Information,No Information,No Information,No Information,No Information,No Information,No Information,No Information,100.0,ok,True,pass,,,2.64,100,15.9207,3.6693,4.04,,2.6,,,equity_etf,,
FRACTAL TRACK,"WPM, Long, 2026-06-23 (Price: 116.46)",No Exit Yet,"0.0%, 0 days","100.0%, Past 20 years, 11","Weekly, will be confirmed as valid at the end of this week",Signal Cancelled if Price < 106.82 prior to 2026-06-26,"2026-06-23 (Price: 116.46), 0.0% below",0 days,118.13,Upmove Bounce Back,38.2% (Price: 108.2002),7.63% above,"2018-11-18 (Price: 15.08), 2026-03-08 (Price: 165.76)",19.72%/2.72%/14.53%,N/A,"0%, 71.32%",7.4 years/14 days/1.5 year,7.4 years/14 days/1.5 year,2037-01-14/2026-07-13/2028-08-13,7.75%,9.38%,-1.63%,0.81,0.47,120.3498/133.3816/206.87/No Horizontal Resistance/173.0479/184.1364/123.82,116.1/38.3375/102.4252/95.3086/No stop loss/102.065/No EMA 200 Stop Loss,89.09%/55/1.4 year (Across ALL Assets),61.63%/172/7.4 months (Across ALL Assets),No Information,No Information,No Information,No Information,No Information,No Information,No Information,No Information,No Information,No Information,No Information,No Information,100.0,ok,True,warn,,,7.52,100,14.53,-5.57,47.0,,-1.63,,,equity,,
FRACTAL TRACK,"IFT.NZ, Long, 2026-06-23 (Price: 15.19)",No Exit Yet,"0.0%, 0 days","84.21%, Past 20 years, 19","Weekly, will be confirmed as valid at the end of this week",Signal Cancelled if Price < 14.52 prior to 2026-06-26,"2026-06-23 (Price: 15.19), 0.0% below",0 days,15.0,Upmove Bounce Back,23.66% (Price: 14.4814),4.89% above,"2025-04-13 (Price: 9.13), 2026-05-24 (Price: 16.14)",38.45%/3.55%/18.01%,-0.7%/-5.02%/-3.44%,"5.02%, 23.58%",1.8 year/1.2 month/8.2 months,1.8 year/1.2 month/7.2 months,2029-01-16/2026-08-14/2027-06-12,13.34%,7.47%,5.87%,1.04,0.42,15.9449/17.9257/19.4/No Horizontal Resistance/15.9169/17.5507/No EMA 200 Target,10.75/7.3167/13.8771/12.3404/14.4814/13.4622/12.29,89.09%/55/1.4 year (Across ALL Assets),61.63%/172/7.4 months (Across ALL Assets),No Information,No Information,No Information,No Information,No Information,No Information,No Information,No Information,No Information,No Information,No Information,No Information,100.0,best,True,pass,,,36.98,100,14.623,8.2201,4.08,,5.87,,,equity,,
DELTADRIFT,"ETH-USD, Long, 2026-06-23 (Price: 1730.92)",No Exit Yet,"0.0%, 0 days","100.0%, Past 10 years, 4","Weekly, will be confirmed as valid at the end of this week",Signal Cancelled if Price below 1633.9344 or above 1730.92 prior to 2026-06-26,"2026-06-23 (Price: 1730.92), 0.0% below",0 days,1704.9043,No Information,No Information,No Information,No Information,33.31%/13.05%/23.33%,N/A,"0%, 21.37%",1.6 month/14 days/1.1 month,1.6 month/14 days/1.1 month,2026-08-31/2026-07-13/2026-08-09,28.57%,14.87%,13.7%,2.73,0.84,2480.2353/2134.7436/2307.49/4922.7188/5483.4169/5888.6495/2363.86,1686.4/1370.4997/No F-Stack Support/No F-Stack Support/No stop loss/No stop loss/No EMA 200 Stop Loss,82.76%/29/1.6 month (Across ALL Assets),86.61%/127/2.1 months (Across ALL Assets),No Information,No Information,No Information,No Information,No Information,No Information,No Information,No Information,No Information,No Information,No Information,No Information,100.0,tA,True,pass,,,57.16,100,23.33,21.3827,9.07,,13.7,,,crypto,,
TRENDPULSE,"ASHR, Long, 2026-06-23 (Price: 36.06)",No Exit Yet,"0.0%, 0 days","100.0%, Past 20 years, 5","Monthly, will be confirmed as valid at the end of this month",Signal Cancelled if Price < 35.41 prior to 2026-06-30,"2026-06-23 (Price: 36.06), 0.0% below",0 days,35.41,No Information,No Information,No Information,No Information,22.45%/16.86%/20.59%,N/A,"-0.0%, 12.65%",6.1 months/6 months/6.1 months,6.1 months/0 days/3.6 months,2027-03-15/2027-03-10/2027-03-15,6.81%,1.91%,4.9%,1.07,0.06,39.7562/43.4848/38.76/39.9467/60.1592/68.9354/No EMA 200 Target,25.82/23.68/No F-Stack Support/No F-Stack Support/No stop loss/No stop loss/33.62,93.94%/66/10.9 months (Across ALL Assets),72.82%/195/9.4 months (Across ALL Assets),"4, 2021-12-31 (Price: 40.56)",2026-04-30 (Price: 35.32),2026-06-15 (Price: 36.13),54/8/0 days,2.1% above/0.19% below/0.0% below,2021-12-31 (Price: 40.56)/2026-06-23 (Price: 32.8367),No Information,No Information,No Information,No Information,No Information,No Information,100.0,tA,True,pass,,,62.06,100,20.59,19.7714,11.42,,4.9,,,equity_etf,,
TRENDPULSE,"SOXX, Long, 2026-06-23 (Price: 603.39)",No Exit Yet,"0.0%, 0 days","72.73%, Past 20 years, 11","Monthly, will be confirmed as valid at the end of this month",Signal Cancelled if Price < 563.67 prior to 2026-06-30,"2026-06-23 (Price: 603.39), 0.0% below",0 days,563.67,No Information,No Information,No Information,No Information,26.25%/7.49%/19.23%,-12.25%/-12.25%/-12.25%,"12.25%, 59.88%",6.1 months/5 months/5.4 months,1.5 year/0 days/7.4 months,2027-03-15/2027-01-26/2027-02-12,-2.07%,9.56%,-11.63%,0.2,0.49,780.1833/719.4219/950.12/No Horizontal Resistance/617.6671/674.379/No EMA 200 Target,183.84/110.475/537.0952/505.7611/535.8347/462.0253/364.02,93.94%/66/10.9 months (Across ALL Assets),72.82%/195/9.4 months (Across ALL Assets),"4, 2002-03-31 (Price: 25.5067)",2026-04-30 (Price: 461.44),2026-06-11 (Price: 586.93),54/12/0 days,30.76% above/2.8% above/0.0% below,2002-03-31 (Price: 25.5067)/2026-06-23 (Price: 436.4433),No Information,No Information,No Information,No Information,No Information,No Information,100.0,ok,True,pass,,,0.45,100,10.6454,2.2235,2.92,,-11.63,,,equity_etf,,
TRENDPULSE,"NIFTY_MIDCAP_100.NS, Long, 2026-06-23 (Price: 62070.3516)",No Exit Yet,"0.0%, 0 days","83.33%, Past 20 years, 18","Monthly, will be confirmed as valid at the end of this month",Signal Cancelled if Price < 61978.1992 prior to 2026-06-30,"2026-06-23 (Price: 62070.3516), 0.0% below",0 days,61978.1992,No Information,No Information,No Information,No Information,58.46%/6.21%/23.04%,-33.29%/-37.19%/-35.89%,"37.19%, 65.48%",10.1 months/4.1 months/6.8 months,2.5 years/0 days/10.2 months,2027-09-04/2026-12-16/2027-04-14,9.66%,9.89%,-0.23%,0.32,0.54,77321.037/76371.3606/62756.99/No Horizontal Resistance/72577.1591/79594.0726/No EMA 200 Target,52650.0/26608.2998/51420.3721/37395.584/59113.5755/56780.7995/59082.96,93.94%/66/10.9 months (Across ALL Assets),72.82%/195/9.4 months (Across ALL Assets),"0, 2024-09-30 (Price: 60925.9492)",2026-06-23 (Price: 62070.3516),2026-06-23 (Price: 62070.3516),0/0/0 days,0.0% below/0.0% below/0.0% below,2024-09-30 (Price: 60925.9492)/2026-06-23 (Price: 61743.5086),No Information,No Information,No Information,No Information,No Information,No Information,100.0,ok,True,pass,,,9.07,100,13.2164,1.2071,155.19,,-0.23,,,equity,,
TRENDPULSE,"DIA, Long, 2026-06-23 (Price: 516.62)",No Exit Yet,"0.0%, 0 days","84.21%, Past 20 years, 19","Monthly, will be confirmed as valid at the end of this month",Signal Cancelled if Price < 509.85 prior to 2026-06-30,"2026-06-23 (Price: 516.62), 0.0% below",0 days,509.85,No Information,No Information,No Information,No Information,12.39%/4.81%/9.75%,-26.48%/-27.87%/-27.4%,"27.87%, 49.08%",2.6 years/8.1 months/1.5 year,3.3 years/0 days/1.6 year,2030-03-09/2027-06-09/2028-08-13,1.01%,4.54%,-3.53%,-0.17,0.22,555.2632/566.9905/758.41/No Horizontal Resistance/538.1343/826.9871/No EMA 200 Target,406.34/321.6725/359.6128/249.2814/486.8227/463.8713/482.38,93.94%/66/10.9 months (Across ALL Assets),72.82%/195/9.4 months (Across ALL Assets),"0, 2001-05-31 (Price: 113.64)",2026-05-31 (Price: 510.78),2026-06-23 (Price: 516.62),23/0/0 days,1.14% above/0.0% below/0.0% below,2001-05-31 (Price: 113.64)/2026-06-23 (Price: 493.7471),No Information,No Information,No Information,No Information,No Information,No Information,100.0,watch,True,warn,,,-8.15,100,3.884,-6.4931,7.44,,-3.53,,,equity_etf,,
TRENDPULSE,"MEL.NZ, Long, 2026-06-23 (Price: 6.0)",No Exit Yet,"0.0%, 0 days","100.0%, Past 20 years, 11","Monthly, will be confirmed as valid at the end of this month",Signal Cancelled if Price < 5.86 prior to 2026-06-30,"2026-06-23 (Price: 6.0), 0.0% below",0 days,5.86,No Information,No Information,No Information,No Information,24.71%/12.8%/20.43%,N/A,"-0.0%, 41.24%",11.1 months/5 months/7.7 months,11.1 months/0 days/4.2 months,2027-10-18/2027-01-26/2027-05-23,6.94%,7.64%,-0.7%,0.93,0.45,7.0908/7.2258/6.53/6.825/No Next Fib Ext/No Next Fib Ext/No EMA 200 Target,5.53/4.3875/No F-Stack Support/No F-Stack Support/No stop loss/No stop loss/5.71,93.94%/66/10.9 months (Across ALL Assets),72.82%/195/9.4 months (Across ALL Assets),"0, 2024-07-31 (Price: 6.89)",2026-05-31 (Price: 5.87),2026-06-19 (Price: 6.03),23/4/0 days,2.21% above/0.5% below/0.0% below,2024-07-31 (Price: 6.89)/2026-06-23 (Price: 5.602),No Information,No Information,No Information,No Information,No Information,No Information,100.0,tA,True,pass,,,57.74,100,20.43,16.61,8.76,,-0.7,,,equity,,
TRENDPULSE,"BDGI.TO, Long, 2026-06-23 (Price: 89.75)",No Exit Yet,"0.0%, 0 days","94.74%, Past 20 years, 19","Monthly, will be confirmed as valid at the end of this month",Signal Cancelled if Price < 87.94 prior to 2026-06-30,"2026-06-23 (Price: 89.75), 0.0% below",0 days,87.94,No Information,No Information,No Information,No Information,58.2%/23.28%/37.48%,-37.81%/-37.81%/-37.81%,"37.81%, 54.03%",1.3 year/5 months/7 months,1.8 year/0 days/5.9 months,2028-04-30/2027-01-26/2027-04-23,13.83%,13.98%,-0.15%,0.92,0.67,164.5566/123.3883/142.92/No Horizontal Resistance/97.3919/104.6129/No EMA 200 Target,35.88/24.32/87.1484/73.041/81.1951/72.1338/72.3,93.94%/66/10.9 months (Across ALL Assets),72.82%/195/9.4 months (Across ALL Assets),"8, 2002-03-31 (Price: 1.1333)",2026-05-31 (Price: 87.88),2026-06-18 (Price: 90.29),23/5/0 days,2.13% above/0.6% below/0.0% below,2002-03-31 (Price: 1.1333)/2026-06-23 (Price: 77.4911),No Information,No Information,No Information,No Information,No Information,No Information,100.0,tA,True,pass,,,64.62,100,33.5197,23.7004,18.58,,-0.15,,,equity,,
TRENDPULSE,"NA.TO, Long, 2026-06-23 (Price: 224.32)",No Exit Yet,"0.0%, 0 days","100.0%, Past 10 years, 26","Weekly, will be confirmed as valid at the end of this week",Signal Cancelled if Price < 221.37 prior to 2026-06-26,"2026-06-23 (Price: 224.32), 0.0% below",0 days,221.37,No Information,No Information,No Information,No Information,14.7%/1.09%/5.71%,N/A,"-0.0%, 33.88%",10.7 months/28 days/3.2 months,10.7 months/0 days/3.1 months,2027-09-30/2026-08-02/2026-11-09,6.5%,8.43%,-1.93%,1.41,0.5,243.7012/237.1287/334.73/No Horizontal Resistance/224.9542/245.2634/No EMA 200 Target,162.25/82.9367/204.2705/185.717/197.9116/180.5334/177.63,88.72%/133/4.6 months (Across ALL Assets),77.24%/369/4.1 months (Across ALL Assets),"2, 2016-02-07 (Price: 40.3)",2026-06-21 (Price: 221.68),2026-06-19 (Price: 221.68),2/4/0 days,1.19% above/1.19% above/0.0% below,2016-02-07 (Price: 40.3)/2026-06-23 (Price: 219.5215),No Information,No Information,No Information,No Information,No Information,No Information,100.0,best,True,pass,,,20.43,100,5.71,2.5989,4.34,,-1.93,,,equity,,
TRENDPULSE,"USDCHF=X, Long, 2026-06-23 (Price: 0.8088)",No Exit Yet,"0.0%, 0 days","96.43%, Past 10 years, 28","Weekly, will be confirmed as valid at the end of this week",Signal Cancelled if Price < 0.808 prior to 2026-06-26,"2026-06-23 (Price: 0.8088), 0.0% below",0 days,0.808,No Information,No Information,No Information,No Information,6.38%/1.06%/2.63%,-10.0%/-10.0%/-10.0%,"10.0%, 16.78%",1.1 year/28 days/4.1 months,2.4 years/0 days/7.2 months,2028-01-17/2026-08-02/2026-12-16,-2.0%,-0.2%,-1.8%,-0.14,-0.45,0.8146/0.8301/0.81/1.0105/1.3738/1.5145/No EMA 200 Target,0.78/0.778/No F-Stack Support/No F-Stack Support/No stop loss/No stop loss/0.79,88.72%/133/4.6 months (Across ALL Assets),77.24%/369/4.1 months (Across ALL Assets),"2, 2025-08-03 (Price: 0.817)",2026-06-21 (Price: 0.8064),2026-06-23 (Price: 0.8088),2/0/0 days,0.3% above/0.0% below/0.0% below,2025-08-03 (Price: 0.817)/2026-06-23 (Price: 0.8042),No Information,No Information,No Information,No Information,No Information,No Information,100.0,ok,True,pass,,,1.04,100,2.1791,2.3505,26.59,,-1.8,,,currency,,
TRENDPULSE,"BDL.NS, Long, 2026-06-23 (Price: 1390.6)",No Exit Yet,"0.0%, 0 days","100.0%, Past 10 years, 7","Weekly, will be confirmed as valid at the end of this week",Signal Cancelled if Price < 1384.7 prior to 2026-06-26,"2026-06-23 (Price: 1390.6), 0.0% below",0 days,1384.7,No Information,No Information,No Information,No Information,48.73%/9.45%/29.63%,N/A,"0%, 45.99%",1.1 year/28 days/5.1 months,1.1 year/28 days/5.1 months,2028-01-17/2026-08-02/2027-01-30,37.81%,17.99%,19.82%,1.99,0.77,1562.8953/1802.6348/1814.2/1627.1/No Next Fib Ext/No Next Fib Ext/1403.02,1200.2/184.5375/No F-Stack Support/No F-Stack Support/1323.4512/1084.6251/No EMA 200 Stop Loss,88.72%/133/4.6 months (Across ALL Assets),77.24%/369/4.1 months (Across ALL Assets),"4, 2025-06-01 (Price: 2096.6001)",2026-06-21 (Price: 1373.4),2026-06-22 (Price: 1406.7),2/1/0 days,1.25% above/1.14% below/0.0% below,2025-06-01 (Price: 2096.6001)/2026-06-23 (Price: 1292.2799),No Information,No Information,No Information,No Information,No Information,No Information,100.0,tA,True,pass,,,74.16,100,29.63,18.7075,69.84,,19.82,,,equity,,
TRENDPULSE,"PPL.TO, Long, 2026-06-23 (Price: 66.98)",No Exit Yet,"0.0%, 0 days","100.0%, Past 20 years, 16","Monthly, will be confirmed as valid at the end of this month",Signal Cancelled if Price < 64.72 prior to 2026-06-30,"2026-06-23 (Price: 66.98), 0.0% below",0 days,64.72,No Information,No Information,No Information,No Information,20.09%/3.94%/10.62%,N/A,"-0.0%, 19.92%",2.5 years/5 months/11.2 months,2.5 years/0 days/9.8 months,2030-01-16/2027-01-26/2027-10-22,6.4%,5.25%,1.15%,1.1,0.27,75.4396/74.0933/80.38/No Horizontal Resistance/No Target/80.6453/No EMA 200 Target,51.13/37.9233/54.5176/No stop loss/64.4348/61.3713/58.09,93.94%/66/10.9 months (Across ALL Assets),72.82%/195/9.4 months (Across ALL Assets),"0, 2017-04-30 (Price: 44.65)",2026-04-30 (Price: 63.23),2026-06-01 (Price: 65.87),54/22/0 days,5.93% above/1.69% above/0.0% below,2017-04-30 (Price: 44.65)/2026-06-23 (Price: 60.324),No Information,No Information,No Information,No Information,No Information,No Information,100.0,ok,True,pass,,,19.72,100,10.62,4.495,3.15,,1.15,,,equity,,
BASELINEDIVERGENCE,"QQQ, Long, 2026-06-23 (Price: 713.65)",No Exit Yet,"0.0%, 0 days","87.32%, Past 10 years, 71","Weekly, will be confirmed as valid at the end of this week",Signal Cancelled if Price < 704.32 prior to 2026-06-26,"2026-06-23 (Price: 713.65), 0.0% below",0 days,742.02,No Information,No Information,No Information,No Information,44.95%/1.39%/10.65%,-0.28%/-13.49%/-5.05%,"13.49%, 27.25%",7 months/2.1 months/3.8 months,7 months/2.1 months/3.8 months,2027-04-23/2026-09-22/2026-12-05,23.37%,14.69%,8.68%,0.86,0.97,806.4959/789.6537/768.7753/No Horizontal Resistance/768.7753/903.4157/No EMA 200 Target,562.58/256.995/634.1966/578.1694/631.6773/559.793/630.16,54.55%/33/2.9 months (Across ALL Assets),70.5%/522/3.5 months (Across ALL Assets),No Information,No Information,No Information,No Information,No Information,No Information,No Information,No Information,No Information,No Information,"^GSPC, Normal Case",2026-06-07 (Price: 704.32),100.0,best,True,pass,,,28.52,100,8.6592,2.0137,8.15,,8.68,,,equity_etf,,
BASELINEDIVERGENCE,"^NDX, Long, 2026-06-23 (Price: 29347.2734)",No Exit Yet,"0.0%, 0 days","85.92%, Past 10 years, 71","Weekly, will be confirmed as valid at the end of this week",Signal Cancelled if Price < 28929.8809 prior to 2026-06-26,"2026-06-23 (Price: 29347.2734), 0.0% below",0 days,30529.9902,No Information,No Information,No Information,No Information,44.87%/1.44%/10.55%,-0.33%/-13.31%/-4.78%,"13.31%, 27.32%",7.2 months/2.1 months/3.9 months,7.2 months/0 days/3.8 months,2027-05-01/2026-09-22/2026-12-09,22.88%,14.69%,8.19%,0.83,0.97,33056.7688/32443.4107/31443.3312/No Horizontal Resistance/31443.3312/34778.0694/No EMA 200 Target,23132.77/10555.915/25849.2/22960.0831/25954.1182/22999.3634/25895.09,54.55%/33/2.9 months (Across ALL Assets),70.5%/522/3.5 months (Across ALL Assets),No Information,No Information,No Information,No Information,No Information,No Information,No Information,No Information,No Information,No Information,"^GSPC, Normal Case",2026-06-07 (Price: 28929.8809),100.0,best,True,pass,,,32.49,100,8.3915,1.746,7.42,,8.19,,,index,,
BASELINEDIVERGENCE,"BEL.NS, Long, 2026-06-23 (Price: 420.0)",No Exit Yet,"0.0%, 0 days","81.08%, Past 10 years, 111","Weekly, will be confirmed as valid at the end of this week",Signal Cancelled if Price < 406.0 prior to 2026-06-26,"2026-06-23 (Price: 420.0), 0.0% below",0 days,428.1,No Information,No Information,No Information,No Information,62.01%/0.22%/18.43%,-0.47%/-36.52%/-9.6%,"36.52%, 45.62%",10.5 months/2.1 months/4 months,10.5 months/0 days/3.9 months,2027-09-22/2026-09-22/2026-12-13,34.34%,18.47%,15.87%,0.61,0.88,502.446/497.406/453.9486/433.5/453.9486/522.5255/No EMA 200 Target,406.5/61.7416/333.1625/286.855/418.2749/384.3676/419.12,54.55%/33/2.9 months (Across ALL Assets),70.5%/522/3.5 months (Across ALL Assets),No Information,No Information,No Information,No Information,No Information,No Information,No Information,No Information,No Information,No Information,"^NSEI, Local Extrema Case",2026-06-21 (Price: 406.0),100.0,tA,True,pass,,,42.2,100,13.1267,4.5513,87.96,,15.87,,,equity,,
BASELINEDIVERGENCE,"MAZDOCK.NS, Long, 2026-06-23 (Price: 2506.7)",No Exit Yet,"0.0%, 0 days","80.33%, Past 5 years, 61","Weekly, will be confirmed as valid at the end of this week",Signal Cancelled if Price < 2435.0 prior to 2026-06-26,"2026-06-23 (Price: 2506.7), 0.0% below",0 days,2530.0,No Information,No Information,No Information,No Information,170.26%/0.38%/56.59%,-0.51%/-12.23%/-3.9%,"12.23%, 28.55%",7.7 months/2.1 months/4.1 months,7.7 months/0 days/4 months,2027-05-23/2026-09-22/2026-12-16,89.75%,52.0%,37.75%,0.77,2.0,3721.4468/3925.2415/3563.3046/2588.15/3563.3046/3898.3519/2558.51,2410.1/112.6583/1693.9315/1173.5389/No stop loss/No stop loss/No EMA 200 Stop Loss,54.55%/33/2.9 months (Across ALL Assets),70.5%/522/3.5 months (Across ALL Assets),No Information,No Information,No Information,No Information,No Information,No Information,No Information,No Information,No Information,No Information,"^NSEI, Normal Case",2026-06-21 (Price: 2435.0),100.0,tA,True,pass,,,79.52,100,44.6916,19.9297,19.78,,37.75,,,equity,,
BASELINEDIVERGENCE,"XLU, Long, 2026-06-23 (Price: 45.07)",No Exit Yet,"0.0%, 0 days","80.0%, Past 10 years, 115","Weekly, will be confirmed as valid at the end of this week",Signal Cancelled if Price < 44.19 prior to 2026-06-26,"2026-06-23 (Price: 45.07), 0.0% below",0 days,44.48,No Information,No Information,No Information,No Information,17.56%/0.06%/5.63%,-0.23%/-20.01%/-5.59%,"20.01%, 32.06%",7.5 months/2.1 months/3.8 months,7.5 months/0 days/3.5 months,2027-05-14/2026-09-22/2026-12-05,12.3%,4.1%,8.2%,0.33,0.18,47.2108/47.6074/60.8844/47.3425/60.8844/89.6256/No EMA 200 Target,43.87/29.8725/43.1213/32.1431/44.8922/43.1052/44.58,54.55%/33/2.9 months (Across ALL Assets),70.5%/522/3.5 months (Across ALL Assets),No Information,No Information,No Information,No Information,No Information,No Information,No Information,No Information,No Information,No Information,"^GSPC, Normal Case",2026-06-21 (Price: 44.19),100.0,ok,True,pass,,,13.11,100,3.386,1.6777,14.27,,8.2,,,equity_etf,,
FRACTAL TRACK,"UBER, Short, 2026-06-14 (Price: 68.85)",2026-06-23 (Price: 69.67),"-1.19%, 9 days","91.67%, Past 7 years, 12","Weekly, was CONFIRMED on 2026-06-14",Already confirmed,"2026-06-23 (Price: 69.67), 1.19% above",9 days,70.41,Upmove Break Below,38.2% (Price: 81.2685),14.27% below,"2025-09-28 (Price: 95.9), 2026-03-29 (Price: 75.82)",11.18%/4.08%/6.81%,-16.62%/-16.62%/-16.62%,"16.62%, 13.15%",1.6 month/7 days/16 days,1.6 month/0 days/15 days,2026-08-22/2026-06-24/2026-07-07,12.71%,4.29%,8.42%,0.58,0.34,66.9291/64.1613/56.8/34.6025/63.3753/49.8327/No EMA 200 Target,77.12/81.69/110.4084/120.7433/No F-Track Level/No F-Track Level/81.86,0.0%/1/7 days (Across ALL Assets),100.0%/3/11 days (Across ALL Assets),No Information,No Information,No Information,No Information,No Information,No Information,No Information,No Information,No Information,No Information,No Information,No Information,40.0,best,True,pass,,,78.73,40,4.8583,4.8583,0.64,,8.42,,,equity,,
FRACTAL TRACK,"WPM, Short, 2026-04-30 (Price: 126.46)",2026-06-23 (Price: 116.46),"7.91%, 1.8 month","90.0%, Past 20 years, 10","Monthly, was CONFIRMED on 2026-04-30",Already confirmed,"2026-06-23 (Price: 116.46), 7.91% below",1.8 month,134.63,Upmove Break Below,23.66% (Price: 133.3127),12.64% below,"2022-09-30 (Price: 28.62), 2026-03-31 (Price: 165.76)",15.12%/3.08%/7.33%,-17.6%/-17.6%/-17.6%,"17.6%, 15.12%",3.1 months/1 month/1.6 month,3.1 months/28 days/1.6 month,2026-09-11/2026-06-12/2026-07-08,6.43%,4.88%,1.55%,0.5,0.59,No Target/117.1905/44.18/38.3375/114.4872/101.6148/123.82,163.65/No Horizontal Resistance/208.744/224.283/No F-Track Level/No F-Track Level/No EMA 200 Stop Loss,87.5%/8/1.4 month (Across ALL Assets),68.0%/25/1.2 month (Across ALL Assets),No Information,No Information,No Information,No Information,No Information,No Information,No Information,No Information,No Information,No Information,No Information,No Information,97.92,best,True,pass,,,40.19,96,4.837,4.837,0.18,,1.55,,,equity,,
FRACTAL TRACK,"URNM, Short, 2026-03-31 (Price: 63.15)",2026-06-23 (Price: 55.69),"11.81%, 2.8 months","100.0%, Past 7 years, 4","Monthly, was CONFIRMED on 2026-03-31",Already confirmed,"2026-06-23 (Price: 55.69), 11.81% below",2.8 months,71.44,Upmove Break Below,23.66% (Price: 66.6905),16.49% below,"2020-03-31 (Price: 7.7755), 2026-01-31 (Price: 84.95)",12.22%/4.77%/8.66%,N/A,"0.0%, 16.16%",2.7 months/1 month/1.6 month,2.7 months/0 days/1.2 month,2026-07-26/2026-05-13/2026-06-08,16.75%,4.02%,12.73%,1.21,0.73,59.5189/57.6812/16.85/27.7952/No F-Stack Support/No F-Stack Support/62.29,74.36/No Horizontal Resistance/95.5076/134.4852/No F-Track Level/No F-Track Level/No EMA 200 Stop Loss,87.5%/8/1.4 month (Across ALL Assets),68.0%/25/1.2 month (Across ALL Assets),No Information,No Information,No Information,No Information,No Information,No Information,No Information,No Information,No Information,No Information,No Information,No Information,94.44,best,True,pass,,,83.0,92,8.66,8.66,0.26,,12.73,,,equity,,
DELTADRIFT,"CAD=X, Short, 2026-06-23 (Price: 1.4158)",No Exit Yet,"-0.0%, 0 days","85.71%, Past 4 years, 7","Daily, is CONFIRMED on 2026-06-23",Already confirmed,"2026-06-23 (Price: 1.4158), 0.0% below",0 days,1.4157,No Information,No Information,No Information,No Information,0.9%/0.24%/0.48%,-1.05%/-1.05%/-1.05%,"1.05%, 2.05%",11 days/1 day/5 days,11 days/1 day/5 days,2026-07-08/2026-06-24/2026-06-30,3.98%,3.82%,0.16%,0.33,-0.27,1.415/1.409/1.41/1.2478/1.4128/No Target/1.38,1.42/No Horizontal Resistance/1.6568/2.0516/1.4294/1.4389/No EMA 200 Stop Loss,79.41%/34/4 days (Across ALL Assets),62.71%/118/6 days (Across ALL Assets),No Information,No Information,No Information,No Information,No Information,No Information,No Information,No Information,No Information,No Information,No Information,No Information,100.0,tA,True,neutral,,,41.29,100,0.2614,0.2614,1.62,,0.16,,,currency,,
DELTADRIFT,"BAC, Short, 2026-06-15 (Price: 55.87)",2026-06-23 (Price: 57.91),"-3.65%, 8 days","90.91%, Past 4 years, 11","Daily, was CONFIRMED on 2026-06-15",Already confirmed,"2026-06-23 (Price: 57.91), 3.65% above",8 days,56.62,No Information,No Information,No Information,No Information,3.17%/0.85%/1.95%,-3.37%/-3.37%/-3.37%,"3.37%, 4.81%",1.1 month/1 day/10 days,1.1 month/0 days/8 days,2026-08-01/2026-06-16/2026-06-29,6.57%,3.82%,2.75%,0.66,0.24,53.7414/54.7805/54.26/29.49/54.1889/No Target/52.3,56.02/No Horizontal Resistance/72.41/85.2389/No F-Track Level/No F-Track Level/No EMA 200 Stop Loss,79.41%/34/4 days (Across ALL Assets),62.71%/118/6 days (Across ALL Assets),No Information,No Information,No Information,No Information,No Information,No Information,No Information,No Information,No Information,No Information,No Information,No Information,0.0,ok,True,pass,,,72.25,0,1.4664,1.4664,0.08,,2.75,,,equity,,
DELTADRIFT,"CAD=X, Short, 2026-06-10 (Price: 1.3954)",2026-06-18 (Price: 1.41),"-1.05%, 8 days","85.71%, Past 4 years, 7","Daily, was CONFIRMED on 2026-06-10",Already confirmed,"2026-06-23 (Price: 1.4158), 1.46% above",13 days,1.3951,No Information,No Information,No Information,No Information,0.9%/0.24%/0.48%,-1.05%/-1.05%/-1.05%,"1.05%, 2.05%",11 days/1 day/5 days,11 days/1 day/5 days,2026-06-25/2026-06-11/2026-06-17,3.98%,3.82%,0.16%,0.33,-0.27,1.3946/1.3887/1.39/1.2478/No F-Stack Support/No F-Stack Support/1.38,1.4/No Horizontal Resistance/No Next Fib Ext/No Next Fib Ext/No F-Track Level/No F-Track Level/No EMA 200 Stop Loss,79.41%/34/4 days (Across ALL Assets),62.71%/118/6 days (Across ALL Assets),No Information,No Information,No Information,No Information,No Information,No Information,No Information,No Information,No Information,No Information,No Information,No Information,-160.0,ok,True,neutral,,,41.29,0,0.2614,0.2614,,,0.16,,,currency,,
PULSEGAUGE,"EURUSD=X, Short, 2026-06-04 (Price: 1.1609)",2026-06-18 (Price: 1.1464),"1.25%, 14 days","88.46%, Past 25 years, 26","Weekly, was CONFIRMED on 2026-06-04",No Cancellation Possible,"2026-06-23 (Price: 1.1388), 1.9% below",19 days,1.1648,No Information,No Information,No Information,No Information,3.24%/1.39%/1.74%,-2.82%/-3.19%/-3.05%,"3.19%, 3.48%",5.4 months/1 day/22 days,5.4 months/1 day/24 days,2027-01-24/2026-06-05/2026-07-05,4.91%,4.88%,0.03%,0.57,-0.88,1.1517/1.1407/No Target/1.0256/No F-Stack Support/No F-Stack Support/No EMA 200 Target,1.2/1.1849/1.6296/1.7649/No F-Track Level/No F-Track Level/1.17,80.0%/5/9 days (Across ALL Assets),72.22%/18/10 days (Across ALL Assets),No Information,No Information,No Information,No Information,No Information,No Information,No Information,No Information,No Information,-0.73%,No Information,No Information,20.83,best,True,pass,,,42.2,0,1.1872,1.1872,0.64,,0.03,,,currency,,
PULSEGAUGE,"KWEB, Short, 2026-06-04 (Price: 27.13)",2026-06-17 (Price: 25.38),"6.45%, 13 days","83.33%, Past 12 years, 18","Weekly, was CONFIRMED on 2026-06-04",No Cancellation Possible,"2026-06-23 (Price: 24.49), 9.73% below",19 days,26.95,No Information,No Information,No Information,No Information,12.76%/4.83%/6.44%,-11.11%/-14.29%/-12.28%,"14.29%, 12.31%",3 months/4 days/24 days,3 months/4 days/23 days,2026-10-12/2026-06-09/2026-07-08,8.22%,4.79%,3.43%,0.42,-0.18,26.1045/25.3828/No Target/24.5062/No F-Stack Support/No F-Stack Support/No EMA 200 Target,42.65/54.865/No Next Fib Ext/No Next Fib Ext/No F-Track Level/No F-Track Level/33.97,80.0%/5/9 days (Across ALL Assets),72.22%/18/10 days (Across ALL Assets),No Information,No Information,No Information,No Information,No Information,No Information,No Information,No Information,No Information,-0.73%,No Information,No Information,17.39,best,True,pass,,,42.85,0,3.3194,3.3194,0.17,,3.43,,,equity_etf,,
PULSEGAUGE,"GNE.NZ, Short, 2026-06-04 (Price: 2.61)",2026-06-09 (Price: 2.53),"3.07%, 5 days","83.33%, Past 12 years, 24","Weekly, was CONFIRMED on 2026-06-04",No Cancellation Possible,"2026-06-23 (Price: 2.6), 0.38% below",19 days,2.52,No Information,No Information,No Information,No Information,5.43%/2.9%/3.8%,-6.25%/-8.01%/-7.28%,"8.01%, 9.11%",4.7 months/1 day/26 days,4.7 months/1 day/28 days,2026-12-25/2026-06-05/2026-07-11,7.16%,4.79%,2.37%,0.39,-0.31,2.5664/2.5108/No Target/2.0875/No F-Stack Support/No F-Stack Support/2.4,2.76/2.9175/No Next Fib Ext/No Next Fib Ext/No F-Track Level/No F-Track Level/No EMA 200 Stop Loss,80.0%/5/9 days (Across ALL Assets),72.22%/18/10 days (Across ALL Assets),No Information,No Information,No Information,No Information,No Information,No Information,No Information,No Information,No Information,-0.73%,No Information,No Information,32.14,best,True,pass,,,29.77,0,1.953,1.953,0.62,,2.37,,,equity,,
FRACTAL TRACK,"EURUSD=X, Short, 2026-06-23 (Price: 1.1388)",No Exit Yet,"-0.0%, 0 days","100.0%, Past 26 years, 7","Monthly, will be confirmed as valid at the end of this month",Signal Cancelled if Price > 1.2024 prior to 2026-06-30,"2026-06-23 (Price: 1.1388), 0.0% below",0 days,1.1648,Upmove Break Below,88.6% (Price: 1.1095),2.64% above,"2024-09-30 (Price: 1.1003), 2025-01-31 (Price: 1.0534)",6.79%/0.12%/3.92%,N/A,"0.0%, 6.95%",4.1 months/29 days/2.4 months,4.1 months/0 days/2 months,2026-12-16/2026-08-04/2026-10-05,5.07%,4.88%,0.19%,1.09,-0.51,1.1106/1.0942/1.11/1.0207/No F-Stack Support/No F-Stack Support/No EMA 200 Target,1.2/1.1894/1.7416/2.0466/1.1589/No stop loss/1.17,87.5%/8/1.4 month (Across ALL Assets),68.0%/25/1.2 month (Across ALL Assets),No Information,No Information,No Information,No Information,No Information,No Information,No Information,No Information,No Information,No Information,No Information,No Information,100.0,tA,True,pass,,,59.09,100,3.92,3.92,2.22,,0.19,,,currency,,
FRACTAL TRACK,"URNM, Short, 2026-06-23 (Price: 55.69)",No Exit Yet,"-0.0%, 0 days","100.0%, Past 7 years, 4","Monthly, will be confirmed as valid at the end of this month",Signal Cancelled if Price > 84.95 prior to 2026-06-30,"2026-06-23 (Price: 55.69), 0.0% below",0 days,60.66,Upmove Break Below,88.6% (Price: 56.4526),1.35% below,"2024-05-31 (Price: 51.15), 2025-04-30 (Price: 35.51)",12.22%/4.77%/8.66%,N/A,"0.0%, 16.16%",2.7 months/1 month/1.6 month,2.7 months/0 days/1.2 month,2026-10-18/2026-08-05/2026-08-31,16.75%,4.02%,12.73%,1.21,0.73,52.4878/50.8672/46.31/27.3005/No F-Stack Support/No F-Stack Support/No EMA 200 Target,74.36/58.7883/95.5076/134.4852/56.275/No stop loss/62.29,87.5%/8/1.4 month (Across ALL Assets),68.0%/25/1.2 month (Across ALL Assets),No Information,No Information,No Information,No Information,No Information,No Information,No Information,No Information,No Information,No Information,No Information,No Information,100.0,tA,True,pass,,,83.0,100,8.66,8.66,8.24,,12.73,,,equity,,
DELTADRIFT,"GS, Short, 2026-06-23 (Price: 1094.4399)",No Exit Yet,"-0.0%, 0 days","100.0%, Past 15 years, 8","Weekly, will be confirmed as valid at the end of this week",Signal Cancelled if Price below 1059.4676 or above 1117.2815 prior to 2026-06-26,"2026-06-23 (Price: 1094.4399), 0.0% below",0 days,1109.7,No Information,No Information,No Information,No Information,6.3%/3.19%/4.98%,N/A,"0%, 10.89%",3.3 months/7 days/28 days,3.3 months/7 days/28 days,2026-11-13/2026-07-03/2026-08-02,7.94%,4.79%,3.15%,3.58,0.54,No Target/1039.9368/1082.18/288.555/973.4919/916.0326/880.25,1096.56/No Horizontal Resistance/No stop loss/1176.2876/No stop loss/No stop loss/No EMA 200 Stop Loss,93.33%/15/25 days (Across ALL Assets),71.43%/35/29 days (Across ALL Assets),No Information,No Information,No Information,No Information,No Information,No Information,No Information,No Information,No Information,No Information,No Information,No Information,100.0,tA,True,pass,,,75.06,100,4.98,4.98,25.71,,3.15,,,equity,,
