date,close,source
2010-01-04,34.07381820678711,yahoo_live
2010-01-05,34.235477447509766,yahoo_live
2010-01-06,34.32399368286133,yahoo_live
2010-01-07,34.462547302246094,yahoo_live
2010-01-08,34.516441345214844,yahoo_live
2010-01-11,34.48564529418945,yahoo_live
2010-01-12,34.30857849121094,yahoo_live
2010-01-13,34.385555267333984,yahoo_live
2010-01-14,34.42409896850586,yahoo_live
2010-01-15,34.285499572753906,yahoo_live
2010-01-19,34.300899505615234,yahoo_live
2010-01-20,34.25087356567383,yahoo_live
2010-01-21,33.71587371826172,yahoo_live
2010-01-22,33.396419525146484,yahoo_live
2010-01-25,33.44646072387695,yahoo_live
2010-01-26,33.48879623413086,yahoo_live
2010-01-27,33.500343322753906,yahoo_live
2010-01-28,33.3579216003418,yahoo_live
2010-01-29,33.18857192993164,yahoo_live
2010-02-01,33.34877395629883,yahoo_live
2010-02-02,33.44960021972656,yahoo_live
2010-02-03,33.62028884887695,yahoo_live
2010-02-04,33.1431884765625,yahoo_live
2010-02-05,32.94925308227539,yahoo_live
2010-02-08,32.805763244628906,yahoo_live
2010-02-09,32.8717155456543,yahoo_live
2010-02-10,32.429542541503906,yahoo_live
2010-02-11,32.5614128112793,yahoo_live
2010-02-12,32.5420036315918,yahoo_live
2010-02-16,32.86394119262695,yahoo_live
2010-02-17,33.116050720214844,yahoo_live
2010-02-18,33.43022155761719,yahoo_live
2010-02-19,33.655181884765625,yahoo_live
2010-02-22,33.69782638549805,yahoo_live
2010-02-23,33.4535026550293,yahoo_live
2010-02-24,33.58149337768555,yahoo_live
2010-02-25,33.58535385131836,yahoo_live
2010-02-26,33.81034469604492,yahoo_live
2010-03-01,33.83610534667969,yahoo_live
2010-03-02,34.0549430847168,yahoo_live
2010-03-03,34.090126037597656,yahoo_live
2010-03-04,34.11749267578125,yahoo_live
2010-03-05,34.32067108154297,yahoo_live
2010-03-08,34.32851028442383,yahoo_live
2010-03-09,34.47697830200195,yahoo_live
2010-03-10,34.488704681396484,yahoo_live
2010-03-11,34.45741653442383,yahoo_live
2010-03-12,34.46525192260742,yahoo_live
2010-03-15,34.42618942260742,yahoo_live
2010-03-16,34.543418884277344,yahoo_live
2010-03-17,34.543418884277344,yahoo_live
2010-03-18,34.59421157836914,yahoo_live
2010-03-19,34.42226028442383,yahoo_live
2010-03-22,34.58639144897461,yahoo_live
2010-03-23,34.582496643066406,yahoo_live
2010-03-24,34.56295394897461,yahoo_live
2010-03-25,34.644996643066406,yahoo_live
2010-03-26,34.633277893066406,yahoo_live
2010-03-29,34.67628479003906,yahoo_live
2010-03-30,34.64111328125,yahoo_live
2010-03-31,34.53166961669922,yahoo_live
2010-04-01,34.448211669921875,yahoo_live
2010-04-05,34.43248748779297,yahoo_live
2010-04-06,34.656864166259766,yahoo_live
2010-04-07,34.70806884765625,yahoo_live
2010-04-08,34.76709747314453,yahoo_live
2010-04-09,34.81829833984375,yahoo_live
2010-04-12,34.82616424560547,yahoo_live
2010-04-13,34.92068099975586,yahoo_live
2010-04-14,35.015174865722656,yahoo_live
2010-04-15,35.109622955322266,yahoo_live
2010-04-16,34.82616424560547,yahoo_live
2010-04-19,34.75925064086914,yahoo_live
2010-04-20,35.133277893066406,yahoo_live
2010-04-21,35.137184143066406,yahoo_live
2010-04-22,35.034828186035156,yahoo_live
2010-04-23,35.26317596435547,yahoo_live
2010-04-26,35.26317596435547,yahoo_live
2010-04-27,34.81829833984375,yahoo_live
2010-04-28,34.84193420410156,yahoo_live
2010-04-29,35.0820426940918,yahoo_live
2010-04-30,35.19622802734375,yahoo_live
2010-05-03,35.19227981567383,yahoo_live
2010-05-04,34.8314323425293,yahoo_live
2010-05-05,34.355594635009766,yahoo_live
2010-05-06,33.50305938720703,yahoo_live
2010-05-07,33.49909591674805,yahoo_live
2010-05-10,34.125614166259766,yahoo_live
2010-05-11,34.0859489440918,yahoo_live
2010-05-12,34.5023078918457,yahoo_live
2010-05-13,34.28819274902344,yahoo_live
2010-05-14,34.08990478515625,yahoo_live
2010-05-17,34.04630661010742,yahoo_live
2010-05-18,33.97492218017578,yahoo_live
2010-05-19,33.77667236328125,yahoo_live
2010-05-20,32.76945877075195,yahoo_live
2010-05-21,33.427703857421875,yahoo_live
2010-05-24,33.47926712036133,yahoo_live
2010-05-25,33.43960189819336,yahoo_live
2010-05-26,33.03911209106445,yahoo_live
2010-05-27,33.495113372802734,yahoo_live
2010-05-28,33.55063247680664,yahoo_live
2010-06-01,33.39201354980469,yahoo_live
2010-06-02,33.56381607055664,yahoo_live
2010-06-03,33.57578659057617,yahoo_live
2010-06-04,33.38800048828125,yahoo_live
2010-06-07,33.15628433227539,yahoo_live
2010-06-08,33.20819091796875,yahoo_live
2010-06-09,33.280128479003906,yahoo_live
2010-06-10,33.619747161865234,yahoo_live
2010-06-11,33.66769790649414,yahoo_live
2010-06-14,33.71165466308594,yahoo_live
2010-06-15,34.039306640625,yahoo_live
2010-06-16,34.067264556884766,yahoo_live
2010-06-17,34.322975158691406,yahoo_live
2010-06-18,34.4708366394043,yahoo_live
2010-06-21,34.59468460083008,yahoo_live
2010-06-22,34.34695816040039,yahoo_live
2010-06-23,34.322975158691406,yahoo_live
2010-06-24,34.08726119995117,yahoo_live
2010-06-25,34.24307632446289,yahoo_live
2010-06-28,34.31901550292969,yahoo_live
2010-06-29,33.975406646728516,yahoo_live
2010-06-30,33.923439025878906,yahoo_live
2010-07-01,34.085636138916016,yahoo_live
2010-07-02,34.09368133544922,yahoo_live
2010-07-06,34.363399505615234,yahoo_live
2010-07-07,34.777992248535156,yahoo_live
2010-07-08,34.938968658447266,yahoo_live
2010-07-09,34.858489990234375,yahoo_live
2010-07-12,34.830322265625,yahoo_live
2010-07-13,35.09999465942383,yahoo_live
2010-07-14,35.06779479980469,yahoo_live
2010-07-15,35.12013244628906,yahoo_live
2010-07-16,34.906822204589844,yahoo_live
2010-07-19,35.02349853515625,yahoo_live
2010-07-20,35.30526351928711,yahoo_live
2010-07-21,35.2891731262207,yahoo_live
2010-07-22,35.60314178466797,yahoo_live
2010-07-23,35.76416015625,yahoo_live
2010-07-26,35.7802848815918,yahoo_live
2010-07-27,35.731956481933594,yahoo_live
2010-07-28,35.655460357666016,yahoo_live
2010-07-29,35.76416015625,yahoo_live
2010-07-30,35.67161178588867,yahoo_live
2010-08-02,35.85758972167969,yahoo_live
2010-08-03,35.85758972167969,yahoo_live
2010-08-04,35.83734130859375,yahoo_live
2010-08-05,35.82111358642578,yahoo_live
2010-08-06,35.81303405761719,yahoo_live
2010-08-09,35.74818801879883,yahoo_live
2010-08-10,35.73602294921875,yahoo_live
2010-08-11,35.26995849609375,yahoo_live
2010-08-12,35.14840316772461,yahoo_live
2010-08-13,35.30240249633789,yahoo_live
2010-08-16,35.34697341918945,yahoo_live
2010-08-17,35.480712890625,yahoo_live
2010-08-18,35.541507720947266,yahoo_live
2010-08-19,35.46855163574219,yahoo_live
2010-08-20,35.553646087646484,yahoo_live
2010-08-23,35.553646087646484,yahoo_live
2010-08-24,35.36721420288086,yahoo_live
2010-08-25,35.31861877441406,yahoo_live
2010-08-26,35.26995849609375,yahoo_live
2010-08-27,35.26590347290039,yahoo_live
2010-08-30,35.33073806762695,yahoo_live
2010-08-31,35.31861877441406,yahoo_live
2010-09-01,35.70024108886719,yahoo_live
2010-09-02,35.75741958618164,yahoo_live
2010-09-03,35.86355209350586,yahoo_live
2010-09-07,35.81045913696289,yahoo_live
2010-09-08,35.81864929199219,yahoo_live
2010-09-09,35.961524963378906,yahoo_live
2010-09-10,36.05535888671875,yahoo_live
2010-09-13,36.24317169189453,yahoo_live
2010-09-14,36.23499298095703,yahoo_live
2010-09-15,36.20232391357422,yahoo_live
2010-09-16,36.2635612487793,yahoo_live
2010-09-17,36.32887649536133,yahoo_live
2010-09-20,36.38602066040039,yahoo_live
2010-09-21,36.32478713989258,yahoo_live
2010-09-22,36.17783737182617,yahoo_live
2010-09-23,36.08395767211914,yahoo_live
2010-09-24,36.226829528808594,yahoo_live
2010-09-27,36.28804397583008,yahoo_live
2010-09-28,36.341129302978516,yahoo_live
2010-09-29,36.42684555053711,yahoo_live
2010-09-30,36.61051559448242,yahoo_live
2010-10-01,36.658599853515625,yahoo_live
2010-10-04,36.53121566772461,yahoo_live
2010-10-05,36.66270446777344,yahoo_live
2010-10-06,36.62983703613281,yahoo_live
2010-10-07,36.70377731323242,yahoo_live
2010-10-08,36.827056884765625,yahoo_live
2010-10-11,36.905128479003906,yahoo_live
2010-10-12,36.872249603271484,yahoo_live
2010-10-13,36.99550247192383,yahoo_live
2010-10-14,36.81882858276367,yahoo_live
2010-10-15,36.91333770751953,yahoo_live
2010-10-18,36.8640251159668,yahoo_live
2010-10-19,36.85992431640625,yahoo_live
2010-10-20,36.974952697753906,yahoo_live
2010-10-21,36.91746139526367,yahoo_live
2010-10-22,37.08589553833008,yahoo_live
2010-10-25,37.229713439941406,yahoo_live
2010-10-26,37.28723907470703,yahoo_live
2010-10-27,37.246150970458984,yahoo_live
2010-10-28,37.266693115234375,yahoo_live
2010-10-29,37.28313064575195,yahoo_live
2010-11-01,37.213226318359375,yahoo_live
2010-11-02,37.395225524902344,yahoo_live
2010-11-03,37.51930236816406,yahoo_live
2010-11-04,38.00735092163086,yahoo_live
2010-11-05,37.96602249145508,yahoo_live
2010-11-08,37.85436248779297,yahoo_live
2010-11-09,37.74680709838867,yahoo_live
2010-11-10,37.436580657958984,yahoo_live
2010-11-11,37.28770446777344,yahoo_live
2010-11-12,37.15119171142578,yahoo_live
2010-11-15,37.08088684082031,yahoo_live
2010-11-16,36.6713981628418,yahoo_live
2010-11-17,36.85750961303711,yahoo_live
2010-11-18,37.32489776611328,yahoo_live
2010-11-19,37.31250762939453,yahoo_live
2010-11-22,37.051937103271484,yahoo_live
2010-11-23,36.54317092895508,yahoo_live
2010-11-24,36.76239013671875,yahoo_live
2010-11-26,36.63003158569336,yahoo_live
2010-11-29,36.725189208984375,yahoo_live
2010-11-30,36.80789566040039,yahoo_live
2010-12-01,37.148468017578125,yahoo_live
2010-12-02,37.16928482055664,yahoo_live
2010-12-03,37.23175048828125,yahoo_live
2010-12-06,37.2109260559082,yahoo_live
2010-12-07,37.402469635009766,yahoo_live
2010-12-08,37.28173065185547,yahoo_live
2010-12-09,37.20260238647461,yahoo_live
2010-12-10,37.219268798828125,yahoo_live
2010-12-13,37.03188705444336,yahoo_live
2010-12-14,37.21510314941406,yahoo_live
2010-12-15,37.06938171386719,yahoo_live
2010-12-16,37.206790924072266,yahoo_live
2010-12-17,37.26091003417969,yahoo_live
2010-12-20,37.327518463134766,yahoo_live
2010-12-21,37.40660858154297,yahoo_live
2010-12-22,37.51070785522461,yahoo_live
2010-12-23,37.54821014404297,yahoo_live
2010-12-27,37.57732391357422,yahoo_live
2010-12-28,37.601226806640625,yahoo_live
2010-12-29,37.72690963745117,yahoo_live
2010-12-30,37.76882553100586,yahoo_live
2010-12-31,37.83589553833008,yahoo_live
2011-01-03,37.86520767211914,yahoo_live
2011-01-04,38.037025451660156,yahoo_live
2011-01-05,38.133399963378906,yahoo_live
2011-01-06,38.17950439453125,yahoo_live
2011-01-07,38.03282165527344,yahoo_live
2011-01-10,38.00348663330078,yahoo_live
2011-01-11,38.150177001953125,yahoo_live
2011-01-12,38.22979736328125,yahoo_live
2011-01-13,38.221431732177734,yahoo_live
2011-01-14,38.28426742553711,yahoo_live
2011-01-18,38.28007888793945,yahoo_live
2011-01-19,38.162750244140625,yahoo_live
2011-01-20,38.08730697631836,yahoo_live
2011-01-21,38.242374420166016,yahoo_live
2011-01-24,38.296852111816406,yahoo_live
2011-01-25,38.355499267578125,yahoo_live
2011-01-26,38.435123443603516,yahoo_live
2011-01-27,38.48542022705078,yahoo_live
2011-01-28,38.25493240356445,yahoo_live
2011-01-31,38.46025466918945,yahoo_live
2011-02-01,38.53575897216797,yahoo_live
2011-02-02,38.57795715332031,yahoo_live
2011-02-03,38.57795715332031,yahoo_live
2011-02-04,38.746646881103516,yahoo_live
2011-02-07,38.818336486816406,yahoo_live
2011-02-08,38.860538482666016,yahoo_live
2011-02-09,38.64121627807617,yahoo_live
2011-02-10,38.68340301513672,yahoo_live
2011-02-11,38.78038787841797,yahoo_live
2011-02-14,38.80992889404297,yahoo_live
2011-02-15,38.73398971557617,yahoo_live
2011-02-16,38.746646881103516,yahoo_live
2011-02-17,38.835227966308594,yahoo_live
2011-02-18,38.95331573486328,yahoo_live
2011-02-22,38.63277053833008,yahoo_live
2011-02-23,38.670738220214844,yahoo_live
2011-02-24,38.70024871826172,yahoo_live
2011-02-25,38.818336486816406,yahoo_live
2011-02-28,39.01237487792969,yahoo_live
2011-03-01,38.952510833740234,yahoo_live
2011-03-02,38.98648452758789,yahoo_live
2011-03-03,39.126502990722656,yahoo_live
2011-03-04,39.04586410522461,yahoo_live
2011-03-07,39.05438232421875,yahoo_live
2011-03-08,39.020423889160156,yahoo_live
2011-03-09,38.910057067871094,yahoo_live
2011-03-10,38.706336975097656,yahoo_live
2011-03-11,38.69788360595703,yahoo_live
2011-03-14,38.54081726074219,yahoo_live
2011-03-15,38.34135055541992,yahoo_live
2011-03-16,38.10365676879883,yahoo_live
2011-03-17,38.515377044677734,yahoo_live
2011-03-18,38.69788360595703,yahoo_live
2011-03-21,38.93550491333008,yahoo_live
2011-03-22,38.956756591796875,yahoo_live
2011-03-23,38.910057067871094,yahoo_live
2011-03-24,38.94401550292969,yahoo_live
2011-03-25,38.956756591796875,yahoo_live
2011-03-28,38.969486236572266,yahoo_live
2011-03-29,38.99070739746094,yahoo_live
2011-03-30,39.05012130737305,yahoo_live
2011-03-31,39.02888488769531,yahoo_live
2011-04-01,38.981910705566406,yahoo_live
2011-04-04,39.221107482910156,yahoo_live
2011-04-05,39.178382873535156,yahoo_live
2011-04-06,39.26380157470703,yahoo_live
2011-04-07,39.30222702026367,yahoo_live
2011-04-08,39.30222702026367,yahoo_live
2011-04-11,39.26380157470703,yahoo_live
2011-04-12,39.13994598388672,yahoo_live
2011-04-13,39.32783508300781,yahoo_live
2011-04-14,39.16983413696289,yahoo_live
2011-04-15,39.221107482910156,yahoo_live
2011-04-18,39.084434509277344,yahoo_live
2011-04-19,39.221107482910156,yahoo_live
2011-04-20,39.370540618896484,yahoo_live
2011-04-21,39.464508056640625,yahoo_live
2011-04-25,39.42181396484375,yahoo_live
2011-04-26,39.511451721191406,yahoo_live
2011-04-27,39.53709030151367,yahoo_live
2011-04-28,39.55845642089844,yahoo_live
2011-04-29,39.652400970458984,yahoo_live
2011-05-02,39.63220977783203,yahoo_live
2011-05-03,39.640785217285156,yahoo_live
2011-05-04,39.627925872802734,yahoo_live
2011-05-05,39.46464157104492,yahoo_live
2011-05-06,39.666595458984375,yahoo_live
2011-05-09,39.71817398071289,yahoo_live
2011-05-10,39.80409240722656,yahoo_live
2011-05-11,39.743934631347656,yahoo_live
2011-05-12,39.782596588134766,yahoo_live
2011-05-13,39.61933135986328,yahoo_live
2011-05-16,39.6966438293457,yahoo_live
2011-05-17,39.765419006347656,yahoo_live
2011-05-18,39.81266784667969,yahoo_live
2011-05-19,39.795467376708984,yahoo_live
2011-05-20,39.765419006347656,yahoo_live
2011-05-23,39.57634735107422,yahoo_live
2011-05-24,39.511905670166016,yahoo_live
2011-05-25,39.511905670166016,yahoo_live
2011-05-26,39.477516174316406,yahoo_live
2011-05-27,39.597843170166016,yahoo_live
2011-05-31,39.705284118652344,yahoo_live
2011-06-01,39.47439956665039,yahoo_live
2011-06-02,39.448429107666016,yahoo_live
2011-06-03,39.29281997680664,yahoo_live
2011-06-06,39.197654724121094,yahoo_live
2011-06-07,39.167396545410156,yahoo_live
2011-06-08,38.98150634765625,yahoo_live
2011-06-09,39.0074348449707,yahoo_live
2011-06-10,38.75233840942383,yahoo_live
2011-06-13,38.6053352355957,yahoo_live
2011-06-14,38.84747314453125,yahoo_live
2011-06-15,38.68315124511719,yahoo_live
2011-06-16,37.99570846557617,yahoo_live
2011-06-17,38.415122985839844,yahoo_live
2011-06-20,38.68315124511719,yahoo_live
2011-06-21,38.94258499145508,yahoo_live
2011-06-22,38.661537170410156,yahoo_live
2011-06-23,38.86907196044922,yahoo_live
2011-06-24,38.68315124511719,yahoo_live
2011-06-27,38.67453384399414,yahoo_live
2011-06-28,38.830177307128906,yahoo_live
2011-06-29,39.21495056152344,yahoo_live
2011-06-30,39.47868347167969,yahoo_live
2011-07-01,39.68844985961914,yahoo_live
2011-07-05,39.740631103515625,yahoo_live
2011-07-06,39.758060455322266,yahoo_live
2011-07-07,39.914710998535156,yahoo_live
2011-07-08,39.80591583251953,yahoo_live
2011-07-11,39.4142951965332,yahoo_live
2011-07-12,39.30550003051758,yahoo_live
2011-07-13,39.61011505126953,yahoo_live
2011-07-14,39.58837127685547,yahoo_live
2011-07-15,39.575313568115234,yahoo_live
2011-07-18,39.50570297241211,yahoo_live
2011-07-19,39.68406295776367,yahoo_live
2011-07-20,39.71891403198242,yahoo_live
2011-07-21,39.91035842895508,yahoo_live
2011-07-22,39.96255874633789,yahoo_live
2011-07-25,39.74937057495117,yahoo_live
2011-07-26,39.832027435302734,yahoo_live
2011-07-27,39.51872253417969,yahoo_live
2011-07-28,39.57966613769531,yahoo_live
2011-07-29,39.618831634521484,yahoo_live
2011-08-01,39.706787109375,yahoo_live
2011-08-02,39.21650314331055,yahoo_live
2011-08-03,39.19460678100586,yahoo_live
2011-08-04,38.065120697021484,yahoo_live
2011-08-05,38.025733947753906,yahoo_live
2011-08-08,36.405921936035156,yahoo_live
2011-08-09,37.51791000366211,yahoo_live
2011-08-10,36.88312530517578,yahoo_live
2011-08-11,37.55293655395508,yahoo_live
2011-08-12,37.3778076171875,yahoo_live
2011-08-15,37.986328125,yahoo_live
2011-08-16,37.745540618896484,yahoo_live
2011-08-17,38.161441802978516,yahoo_live
2011-08-18,37.697391510009766,yahoo_live
2011-08-19,37.369056701660156,yahoo_live
2011-08-22,37.41283416748047,yahoo_live
2011-08-23,37.693031311035156,yahoo_live
2011-08-24,37.52228546142578,yahoo_live
2011-08-25,37.22022247314453,yahoo_live
2011-08-26,37.596710205078125,yahoo_live
2011-08-29,37.97757339477539,yahoo_live
2011-08-30,38.047607421875,yahoo_live
2011-08-31,38.53792953491211,yahoo_live
2011-09-01,38.512813568115234,yahoo_live
2011-09-02,38.332157135009766,yahoo_live
2011-09-06,37.878360748291016,yahoo_live
2011-09-07,38.063385009765625,yahoo_live
2011-09-08,38.18235778808594,yahoo_live
2011-09-09,37.83869934082031,yahoo_live
2011-09-12,37.51267623901367,yahoo_live
2011-09-13,37.7990608215332,yahoo_live
2011-09-14,38.050201416015625,yahoo_live
2011-09-15,38.30574035644531,yahoo_live
2011-09-16,38.283714294433594,yahoo_live
2011-09-19,38.22642517089844,yahoo_live
2011-09-20,38.288116455078125,yahoo_live
2011-09-21,37.9576530456543,yahoo_live
2011-09-22,37.442169189453125,yahoo_live
2011-09-23,37.54348373413086,yahoo_live
2011-09-26,37.68449401855469,yahoo_live
2011-09-27,37.72856140136719,yahoo_live
2011-09-28,37.305564880371094,yahoo_live
2011-09-29,37.23506546020508,yahoo_live
2011-09-30,36.494850158691406,yahoo_live
2011-10-03,36.0549430847168,yahoo_live
2011-10-04,35.9440803527832,yahoo_live
2011-10-05,36.38309860229492,yahoo_live
2011-10-06,36.946327209472656,yahoo_live
2011-10-07,36.97738265991211,yahoo_live
2011-10-10,37.771183013916016,yahoo_live
2011-10-11,37.354339599609375,yahoo_live
2011-10-12,38.223541259765625,yahoo_live
2011-10-13,38.06391143798828,yahoo_live
2011-10-14,38.329994201660156,yahoo_live
2011-10-17,38.10824203491211,yahoo_live
2011-10-18,38.312225341796875,yahoo_live
2011-10-19,38.188087463378906,yahoo_live
2011-10-20,38.525115966796875,yahoo_live
2011-10-21,38.99078369140625,yahoo_live
2011-10-24,40.046260833740234,yahoo_live
2011-10-25,39.336673736572266,yahoo_live
2011-10-26,39.50520706176758,yahoo_live
2011-10-27,40.08615493774414,yahoo_live
2011-10-28,39.96643829345703,yahoo_live
2011-10-31,39.59390640258789,yahoo_live
2011-11-01,38.88726806640625,yahoo_live
2011-11-02,39.257530212402344,yahoo_live
2011-11-03,39.645668029785156,yahoo_live
2011-11-04,39.60551071166992,yahoo_live
2011-11-07,39.471649169921875,yahoo_live
2011-11-08,39.56089782714844,yahoo_live
2011-11-09,38.72222137451172,yahoo_live
2011-11-10,38.76236343383789,yahoo_live
2011-11-11,39.275413513183594,yahoo_live
2011-11-14,39.01218795776367,yahoo_live
2011-11-15,38.90958023071289,yahoo_live
2011-11-16,38.5303955078125,yahoo_live
2011-11-17,38.343021392822266,yahoo_live
2011-11-18,38.31625747680664,yahoo_live
2011-11-21,37.8835334777832,yahoo_live
2011-11-22,37.59355545043945,yahoo_live
2011-11-23,36.91548156738281,yahoo_live
2011-11-25,36.91548156738281,yahoo_live
2011-11-28,37.74075698852539,yahoo_live
2011-11-29,37.986148834228516,yahoo_live
2011-11-30,38.63298797607422,yahoo_live
2011-12-01,38.80313491821289,yahoo_live
2011-12-02,39.02311325073242,yahoo_live
2011-12-05,39.24311447143555,yahoo_live
2011-12-06,39.41819763183594,yahoo_live
2011-12-07,39.29252243041992,yahoo_live
2011-12-08,39.03660583496094,yahoo_live
2011-12-09,39.37331771850586,yahoo_live
2011-12-12,39.16230392456055,yahoo_live
2011-12-13,39.014156341552734,yahoo_live
2011-12-14,38.94683074951172,yahoo_live
2011-12-15,39.085960388183594,yahoo_live
2011-12-16,39.27007293701172,yahoo_live
2011-12-19,39.220680236816406,yahoo_live
2011-12-20,39.71002197265625,yahoo_live
2011-12-21,39.822261810302734,yahoo_live
2011-12-22,39.97491455078125,yahoo_live
2011-12-23,40.159019470214844,yahoo_live
2011-12-27,40.31930923461914,yahoo_live
2011-12-28,40.129634857177734,yahoo_live
2011-12-29,40.36900329589844,yahoo_live
2011-12-30,40.3916015625,yahoo_live
2012-01-03,40.52257537841797,yahoo_live
2012-01-04,40.454803466796875,yahoo_live
2012-01-05,40.27869415283203,yahoo_live
2012-01-06,40.15220642089844,yahoo_live
2012-01-09,40.206417083740234,yahoo_live
2012-01-10,40.3464241027832,yahoo_live
2012-01-11,40.30577850341797,yahoo_live
2012-01-12,40.251590728759766,yahoo_live
2012-01-13,40.206417083740234,yahoo_live
2012-01-17,40.287715911865234,yahoo_live
2012-01-18,40.4006233215332,yahoo_live
2012-01-19,40.45934295654297,yahoo_live
2012-01-20,40.45934295654297,yahoo_live
2012-01-23,40.59934616088867,yahoo_live
2012-01-24,40.70325469970703,yahoo_live
2012-01-25,41.06007385253906,yahoo_live
2012-01-26,41.159400939941406,yahoo_live
2012-01-27,41.010353088378906,yahoo_live
2012-01-30,40.879371643066406,yahoo_live
2012-01-31,40.9832763671875,yahoo_live
2012-02-01,41.05910110473633,yahoo_live
2012-02-02,41.08635711669922,yahoo_live
2012-02-03,41.204471588134766,yahoo_live
2012-02-06,41.21353530883789,yahoo_live
2012-02-07,41.295291900634766,yahoo_live
2012-02-08,41.33163070678711,yahoo_live
2012-02-09,41.34977722167969,yahoo_live
2012-02-10,40.9909782409668,yahoo_live
2012-02-13,41.10905456542969,yahoo_live
2012-02-14,41.10905456542969,yahoo_live
2012-02-15,40.97736358642578,yahoo_live
2012-02-16,41.14993667602539,yahoo_live
2012-02-17,41.136348724365234,yahoo_live
2012-02-21,41.290748596191406,yahoo_live
2012-02-22,41.42247009277344,yahoo_live
2012-02-23,41.572357177734375,yahoo_live
2012-02-24,41.69953536987305,yahoo_live
2012-02-27,41.708614349365234,yahoo_live
2012-02-28,41.79036331176758,yahoo_live
2012-02-29,41.8448600769043,yahoo_live
2012-03-01,41.916595458984375,yahoo_live
2012-03-02,41.74299240112305,yahoo_live
2012-03-05,41.50997543334961,yahoo_live
2012-03-06,40.95720672607422,yahoo_live
2012-03-07,41.07143020629883,yahoo_live
2012-03-08,41.39119338989258,yahoo_live
2012-03-09,41.436885833740234,yahoo_live
2012-03-12,41.436885833740234,yahoo_live
2012-03-13,41.73842239379883,yahoo_live
2012-03-14,41.633331298828125,yahoo_live
2012-03-15,41.491729736328125,yahoo_live
2012-03-16,41.34096145629883,yahoo_live
2012-03-19,41.49630355834961,yahoo_live
2012-03-20,41.464324951171875,yahoo_live
2012-03-21,41.33180618286133,yahoo_live
2012-03-22,41.432315826416016,yahoo_live
2012-03-23,41.345523834228516,yahoo_live
2012-03-26,41.596771240234375,yahoo_live
2012-03-27,41.66987991333008,yahoo_live
2012-03-28,41.532833099365234,yahoo_live
2012-03-29,41.528255462646484,yahoo_live
2012-03-30,41.446048736572266,yahoo_live
2012-04-02,41.51728439331055,yahoo_live
2012-04-03,41.48048400878906,yahoo_live
2012-04-04,41.328853607177734,yahoo_live
2012-04-05,41.227745056152344,yahoo_live
2012-04-09,41.016273498535156,yahoo_live
2012-04-10,40.814056396484375,yahoo_live
2012-04-11,41.062252044677734,yahoo_live
2012-04-12,41.42994689941406,yahoo_live
2012-04-13,41.296661376953125,yahoo_live
2012-04-16,41.360984802246094,yahoo_live
2012-04-17,41.54026412963867,yahoo_live
2012-04-18,41.52643966674805,yahoo_live
2012-04-19,41.44833755493164,yahoo_live
2012-04-20,41.51268768310547,yahoo_live
2012-04-23,41.42533874511719,yahoo_live
2012-04-24,41.521846771240234,yahoo_live
2012-04-25,41.82522964477539,yahoo_live
2012-04-26,41.852806091308594,yahoo_live
2012-04-27,41.834407806396484,yahoo_live
2012-04-30,41.91713333129883,yahoo_live
2012-05-01,41.94905471801758,yahoo_live
2012-05-02,42.11080551147461,yahoo_live
2012-05-03,42.08306884765625,yahoo_live
2012-05-04,41.99987030029297,yahoo_live
2012-05-07,42.0692138671875,yahoo_live
2012-05-08,42.05998229980469,yahoo_live
2012-05-09,41.91206741333008,yahoo_live
2012-05-10,41.86582565307617,yahoo_live
2012-05-11,41.97210693359375,yahoo_live
2012-05-14,41.66246795654297,yahoo_live
2012-05-15,41.45914077758789,yahoo_live
2012-05-16,41.05237579345703,yahoo_live
2012-05-17,40.483863830566406,yahoo_live
2012-05-18,40.483863830566406,yahoo_live
2012-05-21,40.90447235107422,yahoo_live
2012-05-22,40.899810791015625,yahoo_live
2012-05-23,40.85824203491211,yahoo_live
2012-05-24,40.86750793457031,yahoo_live
2012-05-25,40.73808670043945,yahoo_live
2012-05-29,41.18639373779297,yahoo_live
2012-05-30,41.00152587890625,yahoo_live
2012-05-31,40.567054748535156,yahoo_live
2012-06-01,40.21453094482422,yahoo_live
2012-06-04,40.247108459472656,yahoo_live
2012-06-05,40.502891540527344,yahoo_live
2012-06-06,40.93537902832031,yahoo_live
2012-06-07,41.088844299316406,yahoo_live
2012-06-08,41.24700927734375,yahoo_live
2012-06-11,40.97724533081055,yahoo_live
2012-06-12,41.26557540893555,yahoo_live
2012-06-13,41.144691467285156,yahoo_live
2012-06-14,41.45161056518555,yahoo_live
2012-06-15,41.526039123535156,yahoo_live
2012-06-18,41.53999328613281,yahoo_live
2012-06-19,41.83298110961914,yahoo_live
2012-06-20,41.99575424194336,yahoo_live
2012-06-21,41.651607513427734,yahoo_live
2012-06-22,41.935302734375,yahoo_live
2012-06-25,41.87015914916992,yahoo_live
2012-06-26,41.80972671508789,yahoo_live
2012-06-27,42.06086349487305,yahoo_live
2012-06-28,42.05622863769531,yahoo_live
2012-06-29,42.45619201660156,yahoo_live
2012-07-02,42.50200271606445,yahoo_live
2012-07-03,42.656349182128906,yahoo_live
2012-07-05,42.66102981567383,yahoo_live
2012-07-06,42.60491180419922,yahoo_live
2012-07-09,42.61893844604492,yahoo_live
2012-07-10,42.43182373046875,yahoo_live
2012-07-11,42.56749725341797,yahoo_live
2012-07-12,42.47392654418945,yahoo_live
2012-07-13,42.60491180419922,yahoo_live
2012-07-16,42.441200256347656,yahoo_live
2012-07-17,42.6423225402832,yahoo_live
2012-07-18,42.8200569152832,yahoo_live
2012-07-19,42.92763900756836,yahoo_live
2012-07-20,42.72652053833008,yahoo_live
2012-07-23,42.656349182128906,yahoo_live
2012-07-24,42.39445114135742,yahoo_live
2012-07-25,42.30554962158203,yahoo_live
2012-07-26,42.740543365478516,yahoo_live
2012-07-27,42.99308776855469,yahoo_live
2012-07-30,42.99308776855469,yahoo_live
2012-07-31,42.89021301269531,yahoo_live
2012-08-01,43.1230354309082,yahoo_live
2012-08-02,42.949005126953125,yahoo_live
2012-08-03,43.127716064453125,yahoo_live
2012-08-06,43.099525451660156,yahoo_live
2012-08-07,43.01484298706055,yahoo_live
2012-08-08,43.043052673339844,yahoo_live
2012-08-09,43.0477409362793,yahoo_live
2012-08-10,43.01015853881836,yahoo_live
2012-08-13,43.033668518066406,yahoo_live
2012-08-14,43.099525451660156,yahoo_live
2012-08-15,42.892574310302734,yahoo_live
2012-08-16,43.052490234375,yahoo_live
2012-08-17,43.052490234375,yahoo_live
2012-08-20,43.10421371459961,yahoo_live
2012-08-21,43.19828414916992,yahoo_live
2012-08-22,43.15595245361328,yahoo_live
2012-08-23,43.14655685424805,yahoo_live
2012-08-24,43.33938217163086,yahoo_live
2012-08-27,43.30644989013672,yahoo_live
2012-08-28,43.26884460449219,yahoo_live
2012-08-29,43.32996368408203,yahoo_live
2012-08-30,43.3111457824707,yahoo_live
2012-08-31,43.424034118652344,yahoo_live
2012-09-04,43.423095703125,yahoo_live
2012-09-05,43.42782974243164,yahoo_live
2012-09-06,43.68319320678711,yahoo_live
2012-09-07,43.75883865356445,yahoo_live
2012-09-10,43.68790817260742,yahoo_live
2012-09-11,43.985836029052734,yahoo_live
2012-09-12,44.118255615234375,yahoo_live
2012-09-13,44.40202713012695,yahoo_live
2012-09-14,44.39727783203125,yahoo_live
2012-09-17,44.359466552734375,yahoo_live
2012-09-18,44.37838363647461,yahoo_live
2012-09-19,44.32162094116211,yahoo_live
2012-09-20,44.1135368347168,yahoo_live
2012-09-21,44.052059173583984,yahoo_live
2012-09-24,43.99530029296875,yahoo_live
2012-09-25,43.602787017822266,yahoo_live
2012-09-26,43.38523864746094,yahoo_live
2012-09-27,43.858150482177734,yahoo_live
2012-09-28,43.650089263916016,yahoo_live
2012-10-01,43.57636642456055,yahoo_live
2012-10-02,43.68574142456055,yahoo_live
2012-10-03,43.79505157470703,yahoo_live
2012-10-04,43.98050308227539,yahoo_live
2012-10-05,43.95671081542969,yahoo_live
2012-10-08,43.89491271972656,yahoo_live
2012-10-09,43.77132034301758,yahoo_live
2012-10-10,43.66673278808594,yahoo_live
2012-10-11,43.904415130615234,yahoo_live
2012-10-12,43.98050308227539,yahoo_live
2012-10-15,44.180145263671875,yahoo_live
2012-10-16,44.3418083190918,yahoo_live
2012-10-17,44.44161605834961,yahoo_live
2012-10-18,44.41785430908203,yahoo_live
2012-10-19,44.19443893432617,yahoo_live
2012-10-22,44.20393371582031,yahoo_live
2012-10-23,44.037532806396484,yahoo_live
2012-10-24,43.99951934814453,yahoo_live
2012-10-25,44.07081985473633,yahoo_live
2012-10-26,43.96623611450195,yahoo_live
2012-10-31,44.0185432434082,yahoo_live
2012-11-01,43.99474334716797,yahoo_live
2012-11-02,43.93295669555664,yahoo_live
2012-11-05,43.861637115478516,yahoo_live
2012-11-06,43.928192138671875,yahoo_live
2012-11-07,43.66673278808594,yahoo_live
2012-11-08,43.52408981323242,yahoo_live
2012-11-09,43.448036193847656,yahoo_live
2012-11-12,43.46232604980469,yahoo_live
2012-11-13,43.36243438720703,yahoo_live
2012-11-14,43.12476348876953,yahoo_live
2012-11-15,43.105716705322266,yahoo_live
2012-11-16,43.229347229003906,yahoo_live
2012-11-19,43.77608871459961,yahoo_live
2012-11-20,43.78083038330078,yahoo_live
2012-11-21,43.76655197143555,yahoo_live
2012-11-23,43.91394805908203,yahoo_live
2012-11-26,43.92343521118164,yahoo_live
2012-11-27,43.96623611450195,yahoo_live
2012-11-28,43.97573471069336,yahoo_live
2012-11-29,44.170658111572266,yahoo_live
2012-11-30,44.23722839355469,yahoo_live
2012-12-03,44.461387634277344,yahoo_live
2012-12-04,44.461387634277344,yahoo_live
2012-12-05,44.53303527832031,yahoo_live
2012-12-06,44.614288330078125,yahoo_live
2012-12-07,44.54737091064453,yahoo_live
2012-12-10,44.58562469482422,yahoo_live
2012-12-11,44.62864685058594,yahoo_live
2012-12-12,44.76242446899414,yahoo_live
2012-12-13,44.604736328125,yahoo_live
2012-12-14,44.5712776184082,yahoo_live
2012-12-17,44.74333953857422,yahoo_live
2012-12-18,44.767208099365234,yahoo_live
2012-12-19,44.71945571899414,yahoo_live
2012-12-20,44.87714767456055,yahoo_live
2012-12-21,44.748111724853516,yahoo_live
2012-12-24,44.58562469482422,yahoo_live
2012-12-26,44.693729400634766,yahoo_live
2012-12-27,44.78501892089844,yahoo_live
2012-12-28,44.6649169921875,yahoo_live
2012-12-31,44.85712814331055,yahoo_live
2013-01-02,45.27999496459961,yahoo_live
2013-01-03,45.140625,yahoo_live
2013-01-04,45.16944885253906,yahoo_live
2013-01-07,45.20792007446289,yahoo_live
2013-01-08,45.17427062988281,yahoo_live
2013-01-09,45.260765075683594,yahoo_live
2013-01-10,45.33763885498047,yahoo_live
2013-01-11,45.41930389404297,yahoo_live
2013-01-14,45.35685348510742,yahoo_live
2013-01-15,45.366493225097656,yahoo_live
2013-01-16,45.28959655761719,yahoo_live
2013-01-17,45.45297622680664,yahoo_live
2013-01-18,45.51542663574219,yahoo_live
2013-01-22,45.5443000793457,yahoo_live
2013-01-23,45.49140167236328,yahoo_live
2013-01-24,45.59235382080078,yahoo_live
2013-01-25,45.577919006347656,yahoo_live
2013-01-28,45.553897857666016,yahoo_live
2013-01-29,45.47700881958008,yahoo_live
2013-01-30,45.15023422241211,yahoo_live
2013-01-31,45.01088333129883,yahoo_live
2013-02-01,45.16015625,yahoo_live
2013-02-04,44.971763610839844,yahoo_live
2013-02-05,45.073219299316406,yahoo_live
2013-02-06,45.00556945800781,yahoo_live
2013-02-07,44.91864776611328,yahoo_live
2013-02-08,44.92828369140625,yahoo_live
2013-02-11,44.9234504699707,yahoo_live
2013-02-12,45.07804870605469,yahoo_live
2013-02-13,45.14566421508789,yahoo_live
2013-02-14,45.126365661621094,yahoo_live
2013-02-15,45.13115692138672,yahoo_live
2013-02-19,45.17464828491211,yahoo_live
2013-02-20,45.13115692138672,yahoo_live
2013-02-21,45.17947006225586,yahoo_live
2013-02-22,45.290618896484375,yahoo_live
2013-02-25,45.15052032470703,yahoo_live
2013-02-26,45.37274169921875,yahoo_live
2013-02-27,45.450042724609375,yahoo_live
2013-02-28,45.43071746826172,yahoo_live
2013-03-01,45.52105712890625,yahoo_live
2013-03-04,45.52588653564453,yahoo_live
2013-03-05,45.61820983886719,yahoo_live
2013-03-06,45.589019775390625,yahoo_live
2013-03-07,45.65704345703125,yahoo_live
2013-03-08,45.710472106933594,yahoo_live
2013-03-11,45.68132781982422,yahoo_live
2013-03-12,45.66191101074219,yahoo_live
2013-03-13,45.671600341796875,yahoo_live
2013-03-14,45.84645080566406,yahoo_live
2013-03-15,45.841590881347656,yahoo_live
2013-03-18,45.851348876953125,yahoo_live
2013-03-19,45.77361297607422,yahoo_live
2013-03-20,45.92416000366211,yahoo_live
2013-03-21,45.841590881347656,yahoo_live
2013-03-22,45.80763626098633,yahoo_live
2013-03-25,45.73960494995117,yahoo_live
2013-03-26,45.822208404541016,yahoo_live
2013-03-27,45.74447250366211,yahoo_live
2013-03-28,45.82704544067383,yahoo_live
2013-04-01,45.9090576171875,yahoo_live
2013-04-02,45.87491226196289,yahoo_live
2013-04-03,45.87491226196289,yahoo_live
2013-04-04,45.860252380371094,yahoo_live
2013-04-05,45.9041748046875,yahoo_live
2013-04-08,45.953006744384766,yahoo_live
2013-04-09,46.09946060180664,yahoo_live
2013-04-10,46.245975494384766,yahoo_live
2013-04-11,46.245975494384766,yahoo_live
2013-04-12,46.2606201171875,yahoo_live
2013-04-15,45.96765899658203,yahoo_live
2013-04-16,46.28505325317383,yahoo_live
2013-04-17,46.2117919921875,yahoo_live
2013-04-18,46.13855743408203,yahoo_live
2013-04-19,46.114105224609375,yahoo_live
2013-04-22,46.221534729003906,yahoo_live
2013-04-23,46.40221405029297,yahoo_live
2013-04-24,46.48517990112305,yahoo_live
2013-04-25,46.61214065551758,yahoo_live
2013-04-26,46.563316345214844,yahoo_live
2013-04-29,46.651180267333984,yahoo_live
2013-04-30,46.79764938354492,yahoo_live
2013-05-01,46.70836639404297,yahoo_live
2013-05-02,47.00768280029297,yahoo_live
2013-05-03,47.08126449584961,yahoo_live
2013-05-06,47.110721588134766,yahoo_live
2013-05-07,47.076332092285156,yahoo_live
2013-05-08,47.24314880371094,yahoo_live
2013-05-09,47.10580825805664,yahoo_live
2013-05-10,46.8604736328125,yahoo_live
2013-05-13,46.66910171508789,yahoo_live
2013-05-14,46.718170166015625,yahoo_live
2013-05-15,46.72309112548828,yahoo_live
2013-05-16,46.835975646972656,yahoo_live
2013-05-17,46.835975646972656,yahoo_live
2013-05-20,46.885009765625,yahoo_live
2013-05-21,46.97331237792969,yahoo_live
2013-05-22,46.683837890625,yahoo_live
2013-05-23,46.55625915527344,yahoo_live
2013-05-24,46.46794509887695,yahoo_live
2013-05-28,46.296241760253906,yahoo_live
2013-05-29,46.109806060791016,yahoo_live
2013-05-30,46.203006744384766,yahoo_live
2013-05-31,45.589725494384766,yahoo_live
2013-06-03,45.54975891113281,yahoo_live
2013-06-04,45.54975891113281,yahoo_live
2013-06-05,45.15521240234375,yahoo_live
2013-06-06,45.510276794433594,yahoo_live
2013-06-07,45.53990936279297,yahoo_live
2013-06-10,45.446189880371094,yahoo_live
2013-06-11,45.165096282958984,yahoo_live
2013-06-12,45.199615478515625,yahoo_live
2013-06-13,45.71745300292969,yahoo_live
2013-06-14,45.771697998046875,yahoo_live
2013-06-17,45.76677703857422,yahoo_live
2013-06-18,45.880210876464844,yahoo_live
2013-06-19,45.194705963134766,yahoo_live
2013-06-20,44.750823974609375,yahoo_live
2013-06-21,44.45985794067383,yahoo_live
2013-06-24,43.912418365478516,yahoo_live
2013-06-25,44.53875732421875,yahoo_live
2013-06-26,44.90866470336914,yahoo_live
2013-06-27,45.12564468383789,yahoo_live
2013-06-28,44.81988525390625,yahoo_live
2013-07-01,45.06281280517578,yahoo_live
2013-07-02,44.92400360107422,yahoo_live
2013-07-03,45.028106689453125,yahoo_live
2013-07-05,44.54716491699219,yahoo_live
2013-07-08,45.161964416503906,yahoo_live
2013-07-09,45.18675994873047,yahoo_live
2013-07-10,45.36524200439453,yahoo_live
2013-07-11,45.93540954589844,yahoo_live
2013-07-12,45.89080810546875,yahoo_live
2013-07-15,46.08415603637695,yahoo_live
2013-07-16,45.97011947631836,yahoo_live
2013-07-17,46.30726623535156,yahoo_live
2013-07-18,46.58491134643555,yahoo_live
2013-07-19,46.55513000488281,yahoo_live
2013-07-22,46.58985900878906,yahoo_live
2013-07-23,46.4758186340332,yahoo_live
2013-07-24,46.08415603637695,yahoo_live
2013-07-25,45.980037689208984,yahoo_live
2013-07-26,45.999874114990234,yahoo_live
2013-07-29,45.90071487426758,yahoo_live
2013-07-30,45.965152740478516,yahoo_live
2013-07-31,46.09904479980469,yahoo_live
2013-08-01,45.66210174560547,yahoo_live
2013-08-02,45.941097259521484,yahoo_live
2013-08-05,45.70692443847656,yahoo_live
2013-08-06,45.66210174560547,yahoo_live
2013-08-07,45.517601013183594,yahoo_live
2013-08-08,45.617244720458984,yahoo_live
2013-08-09,45.62222671508789,yahoo_live
2013-08-12,45.58235168457031,yahoo_live
2013-08-13,45.58235168457031,yahoo_live
2013-08-14,45.49269104003906,yahoo_live
2013-08-15,45.25852966308594,yahoo_live
2013-08-16,45.10409927368164,yahoo_live
2013-08-19,44.80512619018555,yahoo_live
2013-08-20,45.21867370605469,yahoo_live
2013-08-21,45.054237365722656,yahoo_live
2013-08-22,45.29835891723633,yahoo_live
2013-08-23,45.48771667480469,yahoo_live
2013-08-26,45.49269104003906,yahoo_live
2013-08-27,45.198726654052734,yahoo_live
2013-08-28,45.368133544921875,yahoo_live
2013-08-29,45.55248260498047,yahoo_live
2013-08-30,45.51261901855469,yahoo_live
2013-09-03,45.27220153808594,yahoo_live
2013-09-04,45.44248580932617,yahoo_live
2013-09-05,45.21210479736328,yahoo_live
2013-09-06,45.36238479614258,yahoo_live
2013-09-09,45.47754669189453,yahoo_live
2013-09-10,45.637813568115234,yahoo_live
2013-09-11,45.697940826416016,yahoo_live
2013-09-12,45.642845153808594,yahoo_live
2013-09-13,45.60777282714844,yahoo_live
2013-09-16,45.85820007324219,yahoo_live
2013-09-17,46.008460998535156,yahoo_live
2013-09-18,46.44922637939453,yahoo_live
2013-09-19,46.31398010253906,yahoo_live
2013-09-20,46.25889205932617,yahoo_live
2013-09-23,46.253883361816406,yahoo_live
2013-09-24,46.1536979675293,yahoo_live
2013-09-25,46.07355880737305,yahoo_live
2013-09-26,46.04854202270508,yahoo_live
2013-09-27,45.998451232910156,yahoo_live
2013-09-30,45.86823654174805,yahoo_live
2013-10-01,46.0670051574707,yahoo_live
2013-10-02,46.08713912963867,yahoo_live
2013-10-03,46.117347717285156,yahoo_live
2013-10-04,46.1978874206543,yahoo_live
2013-10-07,46.07709884643555,yahoo_live
2013-10-08,46.05696487426758,yahoo_live
2013-10-09,46.09723663330078,yahoo_live
2013-10-10,46.30861282348633,yahoo_live
2013-10-11,46.39415740966797,yahoo_live
2013-10-14,46.464637756347656,yahoo_live
2013-10-15,46.44951629638672,yahoo_live
2013-10-16,46.69614028930664,yahoo_live
2013-10-17,46.92265701293945,yahoo_live
2013-10-18,47.01824951171875,yahoo_live
2013-10-21,46.91254806518555,yahoo_live
2013-10-22,47.05351257324219,yahoo_live
2013-10-23,47.093746185302734,yahoo_live
2013-10-24,47.108863830566406,yahoo_live
2013-10-25,47.12395095825195,yahoo_live
2013-10-28,47.11394500732422,yahoo_live
2013-10-29,47.18936538696289,yahoo_live
2013-10-30,46.99812698364258,yahoo_live
2013-10-31,47.0233039855957,yahoo_live
2013-11-01,46.94237518310547,yahoo_live
2013-11-04,47.02330017089844,yahoo_live
2013-11-05,46.896854400634766,yahoo_live
2013-11-06,47.033424377441406,yahoo_live
2013-11-07,47.063751220703125,yahoo_live
2013-11-08,46.98283004760742,yahoo_live
2013-11-11,46.80582046508789,yahoo_live
2013-11-12,46.7401008605957,yahoo_live
2013-11-13,46.917091369628906,yahoo_live
2013-11-14,47.05362319946289,yahoo_live
2013-11-15,47.12443161010742,yahoo_live
2013-11-18,46.987884521484375,yahoo_live
2013-11-19,46.96765899658203,yahoo_live
2013-11-20,46.92213821411133,yahoo_live
2013-11-21,47.083988189697266,yahoo_live
2013-11-22,47.119388580322266,yahoo_live
2013-11-25,47.190181732177734,yahoo_live
2013-11-26,47.2255859375,yahoo_live
2013-11-27,47.19526672363281,yahoo_live
2013-11-29,47.24581527709961,yahoo_live
2013-12-02,47.261070251464844,yahoo_live
2013-12-03,47.2153205871582,yahoo_live
2013-12-04,47.093387603759766,yahoo_live
2013-12-05,47.05780029296875,yahoo_live
2013-12-06,47.1899299621582,yahoo_live
2013-12-09,47.3626823425293,yahoo_live
2013-12-10,47.3626823425293,yahoo_live
2013-12-11,47.220375061035156,yahoo_live
2013-12-12,47.134029388427734,yahoo_live
2013-12-13,47.210235595703125,yahoo_live
2013-12-16,47.25092315673828,yahoo_live
2013-12-17,47.25598907470703,yahoo_live
2013-12-18,47.33729553222656,yahoo_live
2013-12-19,47.28648376464844,yahoo_live
2013-12-20,47.31696319580078,yahoo_live
2013-12-23,47.35252380371094,yahoo_live
2013-12-24,47.327117919921875,yahoo_live
2013-12-26,47.37156677246094,yahoo_live
2013-12-27,47.36644744873047,yahoo_live
2013-12-30,47.40732192993164,yahoo_live
2013-12-31,47.43795394897461,yahoo_live
2014-01-02,47.519683837890625,yahoo_live
2014-01-03,47.50432205200195,yahoo_live
2014-01-06,47.60649108886719,yahoo_live
2014-01-07,47.60649108886719,yahoo_live
2014-01-08,47.57583236694336,yahoo_live
2014-01-09,47.6473388671875,yahoo_live
2014-01-10,47.790367126464844,yahoo_live
2014-01-13,47.739295959472656,yahoo_live
2014-01-14,47.81079864501953,yahoo_live
2014-01-15,47.9078483581543,yahoo_live
2014-01-16,47.88744354248047,yahoo_live
2014-01-17,47.89763259887695,yahoo_live
2014-01-21,47.95891571044922,yahoo_live
2014-01-22,47.88744354248047,yahoo_live
2014-01-23,47.82610321044922,yahoo_live
2014-01-24,47.509429931640625,yahoo_live
2014-01-27,47.49416732788086,yahoo_live
2014-01-28,47.70354461669922,yahoo_live
2014-01-29,47.560523986816406,yahoo_live
2014-01-30,47.64226150512695,yahoo_live
2014-01-31,47.62693405151367,yahoo_live
2014-02-03,47.48423767089844,yahoo_live
2014-02-04,47.54071044921875,yahoo_live
2014-02-05,47.54071044921875,yahoo_live
2014-02-06,47.710079193115234,yahoo_live
2014-02-07,47.95134353637695,yahoo_live
2014-02-10,47.98214340209961,yahoo_live
2014-02-11,48.06423568725586,yahoo_live
2014-02-12,47.98726272583008,yahoo_live
2014-02-13,48.125885009765625,yahoo_live
2014-02-14,48.20283508300781,yahoo_live
2014-02-18,48.26957702636719,yahoo_live
2014-02-19,48.1463737487793,yahoo_live
2014-02-20,48.29523849487305,yahoo_live
2014-02-21,48.33631134033203,yahoo_live
2014-02-24,48.44411087036133,yahoo_live
2014-02-25,48.50053024291992,yahoo_live
2014-02-26,48.582672119140625,yahoo_live
2014-02-27,48.67506408691406,yahoo_live
2014-02-28,48.72639465332031,yahoo_live
2014-03-03,48.68150329589844,yahoo_live
2014-03-04,48.856876373291016,yahoo_live
2014-03-05,48.769229888916016,yahoo_live
2014-03-06,48.69697952270508,yahoo_live
2014-03-07,48.511314392089844,yahoo_live
2014-03-10,48.51646423339844,yahoo_live
2014-03-11,48.464881896972656,yahoo_live
2014-03-12,48.54741668701172,yahoo_live
2014-03-13,48.41847229003906,yahoo_live
2014-03-14,48.382347106933594,yahoo_live
2014-03-17,48.44939041137695,yahoo_live
2014-03-18,48.59382247924805,yahoo_live
2014-03-19,48.346229553222656,yahoo_live
2014-03-20,48.511314392089844,yahoo_live
2014-03-21,48.4803581237793,yahoo_live
2014-03-24,48.49583053588867,yahoo_live
2014-03-25,48.59382247924805,yahoo_live
2014-03-26,48.604164123535156,yahoo_live
2014-03-27,48.53193664550781,yahoo_live
2014-03-28,48.614463806152344,yahoo_live
2014-03-31,48.686668395996094,yahoo_live
2014-04-01,48.77737045288086,yahoo_live
2014-04-02,48.72553634643555,yahoo_live
2014-04-03,48.74628448486328,yahoo_live
2014-04-04,48.86032485961914,yahoo_live
2014-04-07,48.756622314453125,yahoo_live
2014-04-08,48.87065505981445,yahoo_live
2014-04-09,48.948387145996094,yahoo_live
2014-04-10,48.80848693847656,yahoo_live
2014-04-11,48.601165771484375,yahoo_live
2014-04-14,48.756622314453125,yahoo_live
2014-04-15,48.80848693847656,yahoo_live
2014-04-16,48.83438491821289,yahoo_live
2014-04-17,48.77737045288086,yahoo_live
2014-04-21,48.77737045288086,yahoo_live
2014-04-22,48.829166412353516,yahoo_live
2014-04-23,48.84474182128906,yahoo_live
2014-04-24,48.855072021484375,yahoo_live
2014-04-25,48.83955383300781,yahoo_live
2014-04-28,48.829166412353516,yahoo_live
2014-04-29,48.9017448425293,yahoo_live
2014-04-30,48.891395568847656,yahoo_live
2014-05-01,48.84090042114258,yahoo_live
2014-05-02,48.95541000366211,yahoo_live
2014-05-05,48.93458557128906,yahoo_live
2014-05-06,48.945003509521484,yahoo_live
2014-05-07,49.01785659790039,yahoo_live
2014-05-08,49.007503509521484,yahoo_live
2014-05-09,49.05434036254883,yahoo_live
2014-05-12,49.10639572143555,yahoo_live
2014-05-13,49.18448257446289,yahoo_live
2014-05-14,49.210514068603516,yahoo_live
2014-05-15,49.163658142089844,yahoo_live
2014-05-16,49.26255416870117,yahoo_live
2014-05-19,49.33543014526367,yahoo_live
2014-05-20,49.272972106933594,yahoo_live
2014-05-21,49.26777648925781,yahoo_live
2014-05-22,49.30418395996094,yahoo_live
2014-05-23,49.31980895996094,yahoo_live
2014-05-27,49.36664962768555,yahoo_live
2014-05-28,49.38228988647461,yahoo_live
2014-05-29,49.42914581298828,yahoo_live
2014-05-30,49.48118591308594,yahoo_live
2014-06-02,49.32377243041992,yahoo_live
2014-06-03,49.329044342041016,yahoo_live
2014-06-04,49.329044342041016,yahoo_live
2014-06-05,49.44929504394531,yahoo_live
2014-06-06,49.590476989746094,yahoo_live
2014-06-09,49.648014068603516,yahoo_live
2014-06-10,49.62187576293945,yahoo_live
2014-06-11,49.627098083496094,yahoo_live
2014-06-12,49.595741271972656,yahoo_live
2014-06-13,49.653255462646484,yahoo_live
2014-06-16,49.627098083496094,yahoo_live
2014-06-17,49.590476989746094,yahoo_live
2014-06-18,49.81535720825195,yahoo_live
2014-06-19,49.80491256713867,yahoo_live
2014-06-20,49.85198211669922,yahoo_live
2014-06-23,49.84674072265625,yahoo_live
2014-06-24,49.80491256713867,yahoo_live
2014-06-25,49.87809753417969,yahoo_live
2014-06-26,49.82582473754883,yahoo_live
2014-06-27,49.82582473754883,yahoo_live
2014-06-30,49.78398513793945,yahoo_live
2014-07-01,49.797119140625,yahoo_live
2014-07-02,49.8286247253418,yahoo_live
2014-07-03,49.7551155090332,yahoo_live
2014-07-07,49.71833419799805,yahoo_live
2014-07-08,49.728824615478516,yahoo_live
2014-07-09,49.692047119140625,yahoo_live
2014-07-10,49.53972244262695,yahoo_live
2014-07-11,49.62379837036133,yahoo_live
2014-07-14,49.608028411865234,yahoo_live
2014-07-15,49.52925491333008,yahoo_live
2014-07-16,49.45046615600586,yahoo_live
2014-07-17,49.10378646850586,yahoo_live
2014-07-18,49.30865478515625,yahoo_live
2014-07-21,49.224639892578125,yahoo_live
2014-07-22,49.29289627075195,yahoo_live
2014-07-23,49.38743209838867,yahoo_live
2014-07-24,49.47672653198242,yahoo_live
2014-07-25,49.3927001953125,yahoo_live
2014-07-28,49.245662689208984,yahoo_live
2014-07-29,49.17734146118164,yahoo_live
2014-07-30,48.972511291503906,yahoo_live
2014-07-31,48.573307037353516,yahoo_live
2014-08-01,48.56859588623047,yahoo_live
2014-08-04,48.86410903930664,yahoo_live
2014-08-05,48.769100189208984,yahoo_live
2014-08-06,48.88520431518555,yahoo_live
2014-08-07,48.916847229003906,yahoo_live
2014-08-08,49.06989288330078,yahoo_live
2014-08-11,49.30207443237305,yahoo_live
2014-08-12,49.291507720947266,yahoo_live
2014-08-13,49.43400573730469,yahoo_live
2014-08-14,49.528968811035156,yahoo_live
2014-08-15,49.629249572753906,yahoo_live
2014-08-18,49.77169418334961,yahoo_live
2014-08-19,49.75587844848633,yahoo_live
2014-08-20,49.79283905029297,yahoo_live
2014-08-21,49.79283905029297,yahoo_live
2014-08-22,49.671424865722656,yahoo_live
2014-08-25,49.77698516845703,yahoo_live
2014-08-26,49.81389617919922,yahoo_live
2014-08-27,49.76646423339844,yahoo_live
2014-08-28,49.692596435546875,yahoo_live
2014-08-29,49.7294921875,yahoo_live
2014-09-02,49.787818908691406,yahoo_live
2014-09-03,49.660606384277344,yahoo_live
2014-09-04,49.49624252319336,yahoo_live
2014-09-05,49.437965393066406,yahoo_live
2014-09-08,49.39021301269531,yahoo_live
2014-09-09,49.16227340698242,yahoo_live
2014-09-10,49.18349075317383,yahoo_live
2014-09-11,49.18349075317383,yahoo_live
2014-09-12,49.12517166137695,yahoo_live
2014-09-15,49.0350456237793,yahoo_live
2014-09-16,49.135765075683594,yahoo_live
2014-09-17,49.29481506347656,yahoo_live
2014-09-18,49.31071090698242,yahoo_live
2014-09-19,49.38491439819336,yahoo_live
2014-09-22,49.29481506347656,yahoo_live
2014-09-23,49.04566955566406,yahoo_live
2014-09-24,48.89722442626953,yahoo_live
2014-09-25,48.56324768066406,yahoo_live
2014-09-26,48.53146743774414,yahoo_live
2014-09-29,48.43075180053711,yahoo_live
2014-09-30,48.74354553222656,yahoo_live
2014-10-01,48.79727554321289,yahoo_live
2014-10-02,48.89306640625,yahoo_live
2014-10-03,49.058135986328125,yahoo_live
2014-10-06,49.111358642578125,yahoo_live
2014-10-07,48.92502212524414,yahoo_live
2014-10-08,49.159263610839844,yahoo_live
2014-10-09,48.6375846862793,yahoo_live
2014-10-10,48.24360275268555,yahoo_live
2014-10-13,48.00403594970703,yahoo_live
2014-10-14,48.16376876831055,yahoo_live
2014-10-15,48.17439651489258,yahoo_live
2014-10-16,48.44590377807617,yahoo_live
2014-10-17,48.855838775634766,yahoo_live
2014-10-20,49.2071647644043,yahoo_live
2014-10-21,49.606449127197266,yahoo_live
2014-10-22,49.281734466552734,yahoo_live
2014-10-23,49.26042938232422,yahoo_live
2014-10-24,49.39885330200195,yahoo_live
2014-10-27,49.19654083251953,yahoo_live
2014-10-28,49.27641296386719,yahoo_live
2014-10-29,49.23911666870117,yahoo_live
2014-10-30,49.21782302856445,yahoo_live
2014-10-31,49.26042938232422,yahoo_live
2014-11-03,49.364166259765625,yahoo_live
2014-11-04,49.209083557128906,yahoo_live
2014-11-05,49.19842529296875,yahoo_live
2014-11-06,49.32672119140625,yahoo_live
2014-11-07,49.37482452392578,yahoo_live
2014-11-10,49.39627456665039,yahoo_live
2014-11-11,49.50852966308594,yahoo_live
2014-11-12,49.34809112548828,yahoo_live
2014-11-13,49.144927978515625,yahoo_live
2014-11-14,48.89897537231445,yahoo_live
2014-11-17,48.89360809326172,yahoo_live
2014-11-18,48.79734802246094,yahoo_live
2014-11-19,48.78666687011719,yahoo_live
2014-11-20,48.792030334472656,yahoo_live
2014-11-21,49.05939483642578,yahoo_live
2014-11-24,49.05402374267578,yahoo_live
2014-11-25,49.13425827026367,yahoo_live
2014-11-26,49.19842529296875,yahoo_live
2014-11-28,48.727867126464844,yahoo_live
2014-12-01,48.23746109008789,yahoo_live
2014-12-02,48.50066375732422,yahoo_live
2014-12-03,48.581214904785156,yahoo_live
2014-12-04,48.54899978637695,yahoo_live
2014-12-05,48.51140594482422,yahoo_live
2014-12-08,48.264320373535156,yahoo_live
2014-12-09,48.23746109008789,yahoo_live
2014-12-10,47.6841926574707,yahoo_live
2014-12-11,47.51225662231445,yahoo_live
2014-12-12,46.867706298828125,yahoo_live
2014-12-15,46.840816497802734,yahoo_live
2014-12-16,46.67427062988281,yahoo_live
2014-12-17,47.62507247924805,yahoo_live
2014-12-18,48.0064582824707,yahoo_live
2014-12-19,48.46841049194336,yahoo_live
2014-12-22,48.3502311706543,yahoo_live
2014-12-23,48.522125244140625,yahoo_live
2014-12-24,48.68721008300781,yahoo_live
2014-12-26,48.536163330078125,yahoo_live
2014-12-29,48.56312942504883,yahoo_live
2014-12-30,48.46601486206055,yahoo_live
2014-12-31,48.33652114868164,yahoo_live
2015-01-02,48.33652114868164,yahoo_live
2015-01-05,47.888832092285156,yahoo_live
2015-01-06,47.705360412597656,yahoo_live
2015-01-07,48.00208282470703,yahoo_live
2015-01-08,48.36349105834961,yahoo_live
2015-01-09,48.60630798339844,yahoo_live
2015-01-12,48.54695129394531,yahoo_live
2015-01-13,48.54695129394531,yahoo_live
2015-01-14,48.43365478515625,yahoo_live
2015-01-15,48.136966705322266,yahoo_live
2015-01-16,48.32035446166992,yahoo_live
2015-01-20,48.23405075073242,yahoo_live
2015-01-21,48.49300765991211,yahoo_live
2015-01-22,48.557735443115234,yahoo_live
2015-01-23,48.557735443115234,yahoo_live
2015-01-26,48.778907775878906,yahoo_live
2015-01-27,48.74116516113281,yahoo_live
2015-01-28,48.638648986816406,yahoo_live
2015-01-29,48.81127166748047,yahoo_live
2015-01-30,48.67642593383789,yahoo_live
2015-02-02,48.86328125,yahoo_live
2015-02-03,49.13953399658203,yahoo_live
2015-02-04,48.933685302734375,yahoo_live
2015-02-05,49.220802307128906,yahoo_live
2015-02-06,49.25871276855469,yahoo_live
2015-02-09,49.13953399658203,yahoo_live
2015-02-10,49.30746078491211,yahoo_live
2015-02-11,49.29121017456055,yahoo_live
2015-02-12,49.28578186035156,yahoo_live
2015-02-13,49.35621643066406,yahoo_live
2015-02-17,49.32371139526367,yahoo_live
2015-02-18,49.491634368896484,yahoo_live
2015-02-19,49.37787628173828,yahoo_live
2015-02-20,49.51332092285156,yahoo_live
2015-02-23,49.55119323730469,yahoo_live
2015-02-24,49.59996032714844,yahoo_live
2015-02-25,49.76242446899414,yahoo_live
2015-02-26,49.75160217285156,yahoo_live
2015-02-27,49.76242446899414,yahoo_live
2015-03-02,49.7531623840332,yahoo_live
2015-03-03,49.61176300048828,yahoo_live
2015-03-04,49.51929473876953,yahoo_live
2015-03-05,49.61176300048828,yahoo_live
2015-03-06,49.29627990722656,yahoo_live
2015-03-09,49.19287109375,yahoo_live
2015-03-10,49.00248336791992,yahoo_live
2015-03-11,49.13846969604492,yahoo_live
2015-03-12,49.23640823364258,yahoo_live
2015-03-13,49.06780242919922,yahoo_live
2015-03-16,49.01883316040039,yahoo_live
2015-03-17,48.77402114868164,yahoo_live
2015-03-18,49.209197998046875,yahoo_live
2015-03-19,48.81752014160156,yahoo_live
2015-03-20,49.19832992553711,yahoo_live
2015-03-23,49.23640823364258,yahoo_live
2015-03-24,49.31258773803711,yahoo_live
2015-03-25,49.1819953918457,yahoo_live
2015-03-26,49.17655944824219,yahoo_live
2015-03-27,49.21466827392578,yahoo_live
2015-03-30,49.35064697265625,yahoo_live
2015-03-31,49.29082107543945,yahoo_live
2015-04-01,49.392425537109375,yahoo_live
2015-04-02,49.43069076538086,yahoo_live
2015-04-06,49.55636978149414,yahoo_live
2015-04-07,49.81865692138672,yahoo_live
2015-04-08,49.80776596069336,yahoo_live
2015-04-09,49.75857162475586,yahoo_live
2015-04-10,49.8733024597168,yahoo_live
2015-04-13,49.7804069519043,yahoo_live
2015-04-14,49.802303314208984,yahoo_live
2015-04-15,49.99898147583008,yahoo_live
2015-04-16,49.89517593383789,yahoo_live
2015-04-17,49.7421760559082,yahoo_live
2015-04-20,49.85146713256836,yahoo_live
2015-04-21,49.884246826171875,yahoo_live
2015-04-22,49.835060119628906,yahoo_live
2015-04-23,49.81865692138672,yahoo_live
2015-04-24,49.900638580322266,yahoo_live
2015-04-27,49.91703796386719,yahoo_live
2015-04-28,49.84053421020508,yahoo_live
2015-04-29,49.74764633178711,yahoo_live
2015-04-30,49.720279693603516,yahoo_live
2015-05-01,49.83118438720703,yahoo_live
2015-05-04,49.82018280029297,yahoo_live
2015-05-05,49.754356384277344,yahoo_live
2015-05-06,49.60615158081055,yahoo_live
2015-05-07,49.60066223144531,yahoo_live
2015-05-08,49.9903564453125,yahoo_live
2015-05-11,49.677494049072266,yahoo_live
2015-05-12,49.672019958496094,yahoo_live
2015-05-13,49.60066223144531,yahoo_live
2015-05-14,49.84213638305664,yahoo_live
2015-05-15,49.95191955566406,yahoo_live
2015-05-18,49.869590759277344,yahoo_live
2015-05-19,49.79275131225586,yahoo_live
2015-05-20,49.732383728027344,yahoo_live
2015-05-21,49.80373001098633,yahoo_live
2015-05-22,49.84213638305664,yahoo_live
2015-05-26,49.737892150878906,yahoo_live
2015-05-27,49.847625732421875,yahoo_live
2015-05-28,49.825687408447266,yahoo_live
2015-05-29,49.897010803222656,yahoo_live
2015-06-01,49.980838775634766,yahoo_live
2015-06-02,49.88711166381836,yahoo_live
2015-06-03,49.616973876953125,yahoo_live
2015-06-04,49.45708084106445,yahoo_live
2015-06-05,49.308265686035156,yahoo_live
2015-06-08,49.308265686035156,yahoo_live
2015-06-09,49.22557830810547,yahoo_live
2015-06-10,49.29172134399414,yahoo_live
2015-06-11,49.390926361083984,yahoo_live
2015-06-12,49.20903396606445,yahoo_live
2015-06-15,48.977481842041016,yahoo_live
2015-06-16,49.253150939941406,yahoo_live
2015-06-17,49.20903396606445,yahoo_live
2015-06-18,49.390926361083984,yahoo_live
2015-06-19,49.41849899291992,yahoo_live
2015-06-22,49.517757415771484,yahoo_live
2015-06-23,49.48465347290039,yahoo_live
2015-06-24,49.35234069824219,yahoo_live
2015-06-25,49.20348358154297,yahoo_live
2015-06-26,49.0601806640625,yahoo_live
2015-06-29,48.723876953125,yahoo_live
2015-06-30,48.955413818359375,yahoo_live
2015-07-01,48.96371841430664,yahoo_live
2015-07-02,49.14647674560547,yahoo_live
2015-07-06,48.985862731933594,yahoo_live
2015-07-07,49.0246467590332,yahoo_live
2015-07-08,48.7809944152832,yahoo_live
2015-07-09,48.89171600341797,yahoo_live
2015-07-10,49.17416000366211,yahoo_live
2015-07-13,49.21846008300781,yahoo_live
2015-07-14,49.16864776611328,yahoo_live
2015-07-15,49.16864776611328,yahoo_live
2015-07-16,49.246131896972656,yahoo_live
2015-07-17,49.11324691772461,yahoo_live
2015-07-20,48.886192321777344,yahoo_live
2015-07-21,48.79762649536133,yahoo_live
2015-07-22,48.481971740722656,yahoo_live
2015-07-23,48.454261779785156,yahoo_live
2015-07-24,48.31584548950195,yahoo_live
2015-07-27,48.11094665527344,yahoo_live
2015-07-28,48.37120819091797,yahoo_live
2015-07-29,48.65360641479492,yahoo_live
2015-07-30,48.79762649536133,yahoo_live
2015-07-31,48.71448516845703,yahoo_live
2015-08-03,48.623291015625,yahoo_live
2015-08-04,48.65110778808594,yahoo_live
2015-08-05,48.5843620300293,yahoo_live
2015-08-06,48.384124755859375,yahoo_live
2015-08-07,48.23394012451172,yahoo_live
2015-08-10,48.372989654541016,yahoo_live
2015-08-11,48.15047073364258,yahoo_live
2015-08-12,48.0837516784668,yahoo_live
2015-08-13,48.022560119628906,yahoo_live
2015-08-14,48.05034637451172,yahoo_live
2015-08-17,48.05034637451172,yahoo_live
2015-08-18,47.98915481567383,yahoo_live
2015-08-19,47.94464111328125,yahoo_live
2015-08-20,47.71098327636719,yahoo_live
2015-08-21,47.53858947753906,yahoo_live
2015-08-24,47.149208068847656,yahoo_live
2015-08-25,47.24376678466797,yahoo_live
2015-08-26,47.63874435424805,yahoo_live
2015-08-27,47.99473571777344,yahoo_live
2015-08-28,48.03923797607422,yahoo_live
2015-08-31,47.97246551513672,yahoo_live
2015-09-01,47.81769943237305,yahoo_live
2015-09-02,48.01326370239258,yahoo_live
2015-09-03,48.080326080322266,yahoo_live
2015-09-04,48.030025482177734,yahoo_live
2015-09-08,48.29262924194336,yahoo_live
2015-09-09,48.23116683959961,yahoo_live
2015-09-10,48.3485221862793,yahoo_live
2015-09-11,48.33175277709961,yahoo_live
2015-09-14,48.24791717529297,yahoo_live
2015-09-15,48.23677062988281,yahoo_live
2015-09-16,48.06353759765625,yahoo_live
2015-09-17,48.10267639160156,yahoo_live
2015-09-18,47.96854019165039,yahoo_live
2015-09-21,47.87916564941406,yahoo_live
2015-09-22,47.53274917602539,yahoo_live
2015-09-23,47.44894027709961,yahoo_live
2015-09-24,47.21424865722656,yahoo_live
2015-09-25,46.97397994995117,yahoo_live
2015-09-28,46.253204345703125,yahoo_live
2015-09-29,46.24761199951172,yahoo_live
2015-09-30,46.538185119628906,yahoo_live
2015-10-01,46.2394905090332,yahoo_live
2015-10-02,46.284400939941406,yahoo_live
2015-10-05,46.840187072753906,yahoo_live
2015-10-06,47.09844970703125,yahoo_live
2015-10-07,47.5813102722168,yahoo_live
2015-10-08,47.777793884277344,yahoo_live
2015-10-09,47.783409118652344,yahoo_live
2015-10-12,47.693599700927734,yahoo_live
2015-10-13,47.5813102722168,yahoo_live
2015-10-14,47.54761505126953,yahoo_live
2015-10-15,47.65991973876953,yahoo_live
2015-10-16,47.87887191772461,yahoo_live
2015-10-19,48.007991790771484,yahoo_live
2015-10-20,48.05290222167969,yahoo_live
2015-10-21,48.00237274169922,yahoo_live
2015-10-22,48.01919937133789,yahoo_live
2015-10-23,48.18766784667969,yahoo_live
2015-10-26,48.13711929321289,yahoo_live
2015-10-27,47.979949951171875,yahoo_live
2015-10-28,48.109046936035156,yahoo_live
2015-10-29,47.985538482666016,yahoo_live
2015-10-30,48.04167556762695,yahoo_live
2015-11-02,48.19058609008789,yahoo_live
2015-11-03,48.241329193115234,yahoo_live
2015-11-04,48.100337982177734,yahoo_live
2015-11-05,47.914215087890625,yahoo_live
2015-11-06,47.68294143676758,yahoo_live
2015-11-09,47.48553466796875,yahoo_live
2015-11-10,47.37837219238281,yahoo_live
2015-11-11,47.26556396484375,yahoo_live
2015-11-12,46.949703216552734,yahoo_live
2015-11-13,46.814353942871094,yahoo_live
2015-11-16,47.03431701660156,yahoo_live
2015-11-17,47.06816101074219,yahoo_live
2015-11-18,47.158416748046875,yahoo_live
2015-11-19,46.73539352416992,yahoo_live
2015-11-20,46.72412109375,yahoo_live
2015-11-23,46.684661865234375,yahoo_live
2015-11-24,46.74666976928711,yahoo_live
2015-11-25,46.79743194580078,yahoo_live
2015-11-27,46.8707389831543,yahoo_live
2015-11-30,46.842533111572266,yahoo_live
2015-12-01,47.1757926940918,yahoo_live
2015-12-02,47.079463958740234,yahoo_live
2015-12-03,46.954776763916016,yahoo_live
2015-12-04,46.84708023071289,yahoo_live
2015-12-07,46.518402099609375,yahoo_live
2015-12-08,45.94029235839844,yahoo_live
2015-12-09,46.17832946777344,yahoo_live
2015-12-10,45.98564529418945,yahoo_live
2015-12-11,45.06752014160156,yahoo_live
2015-12-14,44.67646026611328,yahoo_live
2015-12-15,45.407562255859375,yahoo_live
2015-12-16,45.753257751464844,yahoo_live
2015-12-17,45.24320983886719,yahoo_live
2015-12-18,45.07316589355469,yahoo_live
2015-12-21,44.93149185180664,yahoo_live
2015-12-22,45.47555923461914,yahoo_live
2015-12-23,45.76459884643555,yahoo_live
2015-12-24,45.8580436706543,yahoo_live
2015-12-28,45.58456039428711,yahoo_live
2015-12-29,45.846641540527344,yahoo_live
2015-12-30,45.880821228027344,yahoo_live
2015-12-31,45.909332275390625,yahoo_live
2016-01-04,45.635841369628906,yahoo_live
2016-01-05,45.721336364746094,yahoo_live
2016-01-06,45.721336364746094,yahoo_live
2016-01-07,45.42505645751953,yahoo_live
2016-01-08,45.30540084838867,yahoo_live
2016-01-11,45.23704528808594,yahoo_live
2016-01-12,45.282615661621094,yahoo_live
2016-01-13,44.78123474121094,yahoo_live
2016-01-14,44.980648040771484,yahoo_live
2016-01-15,44.388145446777344,yahoo_live
2016-01-19,44.23429489135742,yahoo_live
2016-01-20,43.938045501708984,yahoo_live
2016-01-21,44.23429489135742,yahoo_live
2016-01-22,44.91227722167969,yahoo_live
2016-01-25,44.4678955078125,yahoo_live
2016-01-26,44.86670684814453,yahoo_live
2016-01-27,44.79831314086914,yahoo_live
2016-01-28,45.02622604370117,yahoo_live
2016-01-29,45.17435073852539,yahoo_live
2016-02-01,44.90583801269531,yahoo_live
2016-02-02,44.58518981933594,yahoo_live
2016-02-03,44.802757263183594,yahoo_live
2016-02-04,44.65962219238281,yahoo_live
2016-02-05,44.316078186035156,yahoo_live
2016-02-08,43.80078125,yahoo_live
2016-02-09,43.6347541809082,yahoo_live
2016-02-10,43.57175064086914,yahoo_live
2016-02-11,43.27974319458008,yahoo_live
2016-02-12,43.92674255371094,yahoo_live
2016-02-16,43.966835021972656,yahoo_live
2016-02-17,44.32753372192383,yahoo_live
2016-02-18,44.367618560791016,yahoo_live
2016-02-19,44.45351791381836,yahoo_live
2016-02-22,44.83711242675781,yahoo_live
2016-02-23,44.74553298950195,yahoo_live
2016-02-24,44.81993865966797,yahoo_live
2016-02-25,45.06040573120117,yahoo_live
2016-02-26,45.36388397216797,yahoo_live
2016-02-29,45.85053634643555,yahoo_live
2016-03-01,46.5751953125,yahoo_live
2016-03-02,46.25864791870117,yahoo_live
2016-03-03,46.41402816772461,yahoo_live
2016-03-04,46.54641342163086,yahoo_live
2016-03-07,46.603965759277344,yahoo_live
2016-03-08,46.27589797973633,yahoo_live
2016-03-09,46.39101028442383,yahoo_live
2016-03-10,46.71332931518555,yahoo_live
2016-03-11,47.27739334106445,yahoo_live
2016-03-14,47.145015716552734,yahoo_live
2016-03-15,46.70758819580078,yahoo_live
2016-03-16,47.01839065551758,yahoo_live
2016-03-17,47.31769561767578,yahoo_live
2016-03-18,47.42705535888672,yahoo_live
2016-03-21,47.37525939941406,yahoo_live
2016-03-22,47.248626708984375,yahoo_live
2016-03-23,47.02987289428711,yahoo_live
2016-03-24,46.82270431518555,yahoo_live
2016-03-28,46.60969543457031,yahoo_live
2016-03-29,46.788169860839844,yahoo_live
2016-03-30,46.95505905151367,yahoo_live
2016-03-31,47.01839065551758,yahoo_live
2016-04-01,47.05252456665039,yahoo_live
2016-04-04,46.936832427978516,yahoo_live
2016-04-05,46.76336669921875,yahoo_live
2016-04-06,47.156593322753906,yahoo_live
2016-04-07,46.92526626586914,yahoo_live
2016-04-08,47.13922882080078,yahoo_live
2016-04-11,47.20282745361328,yahoo_live
2016-04-12,47.48039245605469,yahoo_live
2016-04-13,47.79267883300781,yahoo_live
2016-04-14,47.77531814575195,yahoo_live
2016-04-15,47.70014953613281,yahoo_live
2016-04-18,47.9719123840332,yahoo_live
2016-04-19,48.17431640625,yahoo_live
2016-04-20,48.26683807373047,yahoo_live
2016-04-21,48.116519927978516,yahoo_live
2016-04-22,48.22635269165039,yahoo_live
2016-04-25,48.04132843017578,yahoo_live
2016-04-26,48.20323181152344,yahoo_live
2016-04-27,48.48655700683594,yahoo_live
2016-04-28,48.4056282043457,yahoo_live
2016-04-29,48.48655700683594,yahoo_live
2016-05-02,48.50518035888672,yahoo_live
2016-05-03,48.191463470458984,yahoo_live
2016-05-04,48.01140213012695,yahoo_live
2016-05-05,47.970733642578125,yahoo_live
2016-05-06,47.94165802001953,yahoo_live
2016-05-09,47.854557037353516,yahoo_live
2016-05-10,48.261192321777344,yahoo_live
2016-05-11,48.22633361816406,yahoo_live
2016-05-12,48.3018684387207,yahoo_live
2016-05-13,48.08689498901367,yahoo_live
2016-05-16,48.35409927368164,yahoo_live
2016-05-17,48.25537109375,yahoo_live
2016-05-18,48.261192321777344,yahoo_live
2016-05-19,48.127593994140625,yahoo_live
2016-05-20,48.296051025390625,yahoo_live
2016-05-23,48.307647705078125,yahoo_live
2016-05-24,48.59812927246094,yahoo_live
2016-05-25,48.673641204833984,yahoo_live
2016-05-26,48.534202575683594,yahoo_live
2016-05-27,48.615543365478516,yahoo_live
2016-05-31,48.56904983520508,yahoo_live
2016-06-01,48.64607620239258,yahoo_live
2016-06-02,48.65779113769531,yahoo_live
2016-06-03,48.74536895751953,yahoo_live
2016-06-06,48.961299896240234,yahoo_live
2016-06-07,49.177284240722656,yahoo_live
2016-06-08,49.36405563354492,yahoo_live
2016-06-09,49.171451568603516,yahoo_live
2016-06-10,48.932132720947266,yahoo_live
2016-06-13,48.605228424072266,yahoo_live
2016-06-14,48.44179153442383,yahoo_live
2016-06-15,48.46517562866211,yahoo_live
2016-06-16,48.49433898925781,yahoo_live
2016-06-17,48.523536682128906,yahoo_live
2016-06-20,48.80954360961914,yahoo_live
2016-06-21,48.9963264465332,yahoo_live
2016-06-22,49.043033599853516,yahoo_live
2016-06-23,49.404911041259766,yahoo_live
2016-06-24,48.593563079833984,yahoo_live
2016-06-27,47.89312744140625,yahoo_live
2016-06-28,48.49433898925781,yahoo_live
2016-06-29,49.10725402832031,yahoo_live
2016-06-30,49.43993377685547,yahoo_live
2016-07-01,49.53786849975586,yahoo_live
2016-07-05,49.256385803222656,yahoo_live
2016-07-06,49.473384857177734,yahoo_live
2016-07-07,49.53786849975586,yahoo_live
2016-07-08,50.19470977783203,yahoo_live
2016-07-11,50.22406005859375,yahoo_live
2016-07-12,50.364776611328125,yahoo_live
2016-07-13,50.21814727783203,yahoo_live
2016-07-14,50.317893981933594,yahoo_live
2016-07-15,50.21814727783203,yahoo_live
2016-07-18,50.388240814208984,yahoo_live
2016-07-19,50.25337600708008,yahoo_live
2016-07-20,50.38239288330078,yahoo_live
2016-07-21,50.31203842163086,yahoo_live
2016-07-22,50.534873962402344,yahoo_live
2016-07-25,50.29442596435547,yahoo_live
2016-07-26,50.10087203979492,yahoo_live
2016-07-27,50.25337600708008,yahoo_live
2016-07-28,50.0422477722168,yahoo_live
2016-07-29,50.08916473388672,yahoo_live
2016-08-01,49.80813217163086,yahoo_live
2016-08-02,49.737449645996094,yahoo_live
2016-08-03,49.96131896972656,yahoo_live
2016-08-04,50.27942657470703,yahoo_live
2016-08-05,50.3913688659668,yahoo_live
2016-08-08,50.59754180908203,yahoo_live
2016-08-09,50.77425765991211,yahoo_live
2016-08-10,50.680023193359375,yahoo_live
2016-08-11,50.80372619628906,yahoo_live
2016-08-12,50.844940185546875,yahoo_live
2016-08-15,50.998138427734375,yahoo_live
2016-08-16,50.89208984375,yahoo_live
2016-08-17,50.962791442871094,yahoo_live
2016-08-18,51.16305923461914,yahoo_live
2016-08-19,51.00989532470703,yahoo_live
2016-08-22,50.92742919921875,yahoo_live
2016-08-23,51.09825897216797,yahoo_live
2016-08-24,50.956878662109375,yahoo_live
2016-08-25,51.051124572753906,yahoo_live
2016-08-26,50.992225646972656,yahoo_live
2016-08-29,51.245540618896484,yahoo_live
2016-08-30,51.27500534057617,yahoo_live
2016-08-31,51.07467269897461,yahoo_live
2016-09-01,51.17586135864258,yahoo_live
2016-09-02,51.41250991821289,yahoo_live
2016-09-06,51.4716911315918,yahoo_live
2016-09-07,51.32972717285156,yahoo_live
2016-09-08,51.23502731323242,yahoo_live
2016-09-09,50.74397277832031,yahoo_live
2016-09-12,50.921470642089844,yahoo_live
2016-09-13,50.531005859375,yahoo_live
2016-09-14,50.519195556640625,yahoo_live
2016-09-15,50.81498718261719,yahoo_live
2016-09-16,50.826847076416016,yahoo_live
2016-09-19,50.85643005371094,yahoo_live
2016-09-20,50.79725646972656,yahoo_live
2016-09-21,51.21731185913086,yahoo_live
2016-09-22,51.388885498046875,yahoo_live
2016-09-23,51.32972717285156,yahoo_live
2016-09-26,51.10488510131836,yahoo_live
2016-09-27,51.25279235839844,yahoo_live
2016-09-28,51.59592819213867,yahoo_live
2016-09-29,51.400718688964844,yahoo_live
2016-09-30,51.62552261352539,yahoo_live
2016-10-03,51.593421936035156,yahoo_live
2016-10-04,51.50428771972656,yahoo_live
2016-10-05,51.64094161987305,yahoo_live
2016-10-06,51.67066955566406,yahoo_live
2016-10-07,51.789520263671875,yahoo_live
2016-10-10,51.93809127807617,yahoo_live
2016-10-11,51.646907806396484,yahoo_live
2016-10-12,51.62909698486328,yahoo_live
2016-10-13,51.498329162597656,yahoo_live
2016-10-14,51.617191314697266,yahoo_live
2016-10-17,51.54589080810547,yahoo_live
2016-10-18,51.7538948059082,yahoo_live
2016-10-19,51.902435302734375,yahoo_live
2016-10-20,51.90835952758789,yahoo_live
2016-10-21,51.920257568359375,yahoo_live
2016-10-24,51.949974060058594,yahoo_live
2016-10-25,51.920257568359375,yahoo_live
2016-10-26,51.71229553222656,yahoo_live
2016-10-27,51.5220947265625,yahoo_live
2016-10-28,51.27253341674805,yahoo_live
2016-10-31,51.1180534362793,yahoo_live
2016-11-01,50.91864776611328,yahoo_live
2016-11-02,50.69181442260742,yahoo_live
2016-11-03,50.703731536865234,yahoo_live
2016-11-04,50.72761917114258,yahoo_live
2016-11-07,51.43798828125,yahoo_live
2016-11-08,51.3245849609375,yahoo_live
2016-11-09,50.96641159057617,yahoo_live
2016-11-10,50.297813415527344,yahoo_live
2016-11-11,49.82624816894531,yahoo_live
2016-11-14,50.19635772705078,yahoo_live
2016-11-15,50.85892868041992,yahoo_live
2016-11-16,50.65597915649414,yahoo_live
2016-11-17,50.518714904785156,yahoo_live
2016-11-18,50.518714904785156,yahoo_live
2016-11-21,50.92461013793945,yahoo_live
2016-11-22,51.30068588256836,yahoo_live
2016-11-23,51.10963439941406,yahoo_live
2016-11-25,51.175357818603516,yahoo_live
2016-11-28,51.16939163208008,yahoo_live
2016-11-29,51.10370635986328,yahoo_live
2016-11-30,51.127586364746094,yahoo_live
2016-12-01,50.88835525512695,yahoo_live
2016-12-02,51.194149017333984,yahoo_live
2016-12-05,51.326045989990234,yahoo_live
2016-12-06,51.583858489990234,yahoo_live
2016-12-07,51.84170913696289,yahoo_live
2016-12-08,51.83570861816406,yahoo_live
2016-12-09,51.85967254638672,yahoo_live
2016-12-12,51.78774642944336,yahoo_live
2016-12-13,51.91364669799805,yahoo_live
2016-12-14,51.523921966552734,yahoo_live
2016-12-15,51.54791259765625,yahoo_live
2016-12-16,51.59585952758789,yahoo_live
2016-12-19,51.72776794433594,yahoo_live
2016-12-20,51.79971694946289,yahoo_live
2016-12-21,51.88966369628906,yahoo_live
2016-12-22,52.00157928466797,yahoo_live
2016-12-23,52.09781265258789,yahoo_live
2016-12-27,52.04969787597656,yahoo_live
2016-12-28,51.977516174316406,yahoo_live
2016-12-29,52.04969787597656,yahoo_live
2016-12-30,52.0677490234375,yahoo_live
2017-01-03,52.28428649902344,yahoo_live
2017-01-04,52.56706237792969,yahoo_live
2017-01-05,52.488868713378906,yahoo_live
2017-01-06,52.47685241699219,yahoo_live
2017-01-09,52.464805603027344,yahoo_live
2017-01-10,52.47083282470703,yahoo_live
2017-01-11,52.50090408325195,yahoo_live
2017-01-12,52.512939453125,yahoo_live
2017-01-13,52.53095245361328,yahoo_live
2017-01-17,52.47685241699219,yahoo_live
2017-01-18,52.52495574951172,yahoo_live
2017-01-19,52.35651779174805,yahoo_live
2017-01-20,52.45875930786133,yahoo_live
2017-01-23,52.45875930786133,yahoo_live
2017-01-24,52.494895935058594,yahoo_live
2017-01-25,52.68136978149414,yahoo_live
2017-01-26,52.657310485839844,yahoo_live
2017-01-27,52.70542907714844,yahoo_live
2017-01-30,52.597145080566406,yahoo_live
2017-01-31,52.54301071166992,yahoo_live
2017-02-01,52.73757553100586,yahoo_live
2017-02-02,52.767765045166016,yahoo_live
2017-02-03,52.8584098815918,yahoo_live
2017-02-06,52.822147369384766,yahoo_live
2017-02-07,52.743614196777344,yahoo_live
2017-02-08,52.77985382080078,yahoo_live
2017-02-09,52.85235595703125,yahoo_live
2017-02-10,52.88861846923828,yahoo_live
2017-02-13,52.967193603515625,yahoo_live
2017-02-14,53.00343322753906,yahoo_live
2017-02-15,53.02157211303711,yahoo_live
2017-02-16,52.979286193847656,yahoo_live
2017-02-17,53.03365707397461,yahoo_live
2017-02-21,53.20890426635742,yahoo_live
2017-02-22,53.23302459716797,yahoo_live
2017-02-23,53.28139114379883,yahoo_live
2017-02-24,53.32365798950195,yahoo_live
2017-02-27,53.39014434814453,yahoo_live
2017-02-28,53.34782028198242,yahoo_live
2017-03-01,53.54447937011719,yahoo_live
2017-03-02,53.374549865722656,yahoo_live
2017-03-03,53.398834228515625,yahoo_live
2017-03-06,53.2288703918457,yahoo_live
2017-03-07,52.882972717285156,yahoo_live
2017-03-08,52.53098678588867,yahoo_live
2017-03-09,52.391422271728516,yahoo_live
2017-03-10,52.37318801879883,yahoo_live
2017-03-13,52.415714263916016,yahoo_live
2017-03-14,52.25791549682617,yahoo_live
2017-03-15,52.98009490966797,yahoo_live
2017-03-16,52.82835388183594,yahoo_live
2017-03-17,52.846553802490234,yahoo_live
2017-03-20,52.74340057373047,yahoo_live
2017-03-21,52.367130279541016,yahoo_live
2017-03-22,52.49458694458008,yahoo_live
2017-03-23,52.512786865234375,yahoo_live
2017-03-24,52.69483947753906,yahoo_live
2017-03-27,52.64023208618164,yahoo_live
2017-03-28,52.93152618408203,yahoo_live
2017-03-29,53.040771484375,yahoo_live
2017-03-30,53.28956985473633,yahoo_live
2017-03-31,53.271392822265625,yahoo_live
2017-04-03,53.24272155761719,yahoo_live
2017-04-04,53.261016845703125,yahoo_live
2017-04-05,53.21834945678711,yahoo_live
2017-04-06,53.28535461425781,yahoo_live
2017-04-07,53.261016845703125,yahoo_live
2017-04-10,53.33415603637695,yahoo_live
2017-04-11,53.230525970458984,yahoo_live
2017-04-12,53.2671012878418,yahoo_live
2017-04-13,53.15742492675781,yahoo_live
2017-04-17,53.31588363647461,yahoo_live
2017-04-18,53.30369186401367,yahoo_live
2017-04-19,53.254878997802734,yahoo_live
2017-04-20,53.43165588378906,yahoo_live
2017-04-21,53.38898849487305,yahoo_live
2017-04-24,53.63887405395508,yahoo_live
2017-04-25,53.736366271972656,yahoo_live
2017-04-26,53.68764877319336,yahoo_live
2017-04-27,53.724220275878906,yahoo_live
2017-04-28,53.7059440612793,yahoo_live
2017-05-01,53.73345947265625,yahoo_live
2017-05-02,53.751800537109375,yahoo_live
2017-05-03,53.800777435302734,yahoo_live
2017-05-04,53.513084411621094,yahoo_live
2017-05-05,53.60493850708008,yahoo_live
2017-05-08,53.66614532470703,yahoo_live
2017-05-09,53.629398345947266,yahoo_live
2017-05-10,53.86198425292969,yahoo_live
2017-05-11,53.86811065673828,yahoo_live
2017-05-12,53.849761962890625,yahoo_live
2017-05-15,53.9721794128418,yahoo_live
2017-05-16,54.0517578125,yahoo_live
2017-05-17,53.81303024291992,yahoo_live
2017-05-18,53.874229431152344,yahoo_live
2017-05-19,53.9721794128418,yahoo_live
2017-05-22,54.137454986572266,yahoo_live
2017-05-23,54.13129806518555,yahoo_live
2017-05-24,54.22309875488281,yahoo_live
2017-05-25,54.18027877807617,yahoo_live
2017-05-26,54.21088409423828,yahoo_live
2017-05-30,54.26594161987305,yahoo_live
2017-05-31,54.25986862182617,yahoo_live
2017-06-01,54.41781997680664,yahoo_live
2017-06-02,54.448577880859375,yahoo_live
2017-06-05,54.399383544921875,yahoo_live
2017-06-06,54.31331253051758,yahoo_live
2017-06-07,54.20268249511719,yahoo_live
2017-06-08,54.24569320678711,yahoo_live
2017-06-09,54.28874588012695,yahoo_live
2017-06-12,54.38094711303711,yahoo_live
2017-06-13,54.47926712036133,yahoo_live
2017-06-14,54.48543167114258,yahoo_live
2017-06-15,54.27643585205078,yahoo_live
2017-06-16,54.18423843383789,yahoo_live
2017-06-19,54.35017776489258,yahoo_live
2017-06-20,54.159645080566406,yahoo_live
2017-06-21,53.84614944458008,yahoo_live
2017-06-22,53.993682861328125,yahoo_live
2017-06-23,54.21495819091797,yahoo_live
2017-06-26,54.28874588012695,yahoo_live
2017-06-27,54.11663055419922,yahoo_live
2017-06-28,54.33790588378906,yahoo_live
2017-06-29,54.20268249511719,yahoo_live
2017-06-30,54.33177185058594,yahoo_live
2017-07-03,54.30522155761719,yahoo_live
2017-07-05,54.26199722290039,yahoo_live
2017-07-06,54.1262092590332,yahoo_live
2017-07-07,54.07679748535156,yahoo_live
2017-07-10,54.1385612487793,yahoo_live
2017-07-11,54.10148239135742,yahoo_live
2017-07-12,54.453369140625,yahoo_live
2017-07-13,54.496585845947266,yahoo_live
2017-07-14,54.65092468261719,yahoo_live
2017-07-17,54.66940689086914,yahoo_live
2017-07-18,54.69413375854492,yahoo_live
2017-07-19,54.7867317199707,yahoo_live
2017-07-20,54.817630767822266,yahoo_live
2017-07-21,54.774383544921875,yahoo_live
2017-07-24,54.817630767822266,yahoo_live
2017-07-25,54.8422737121582,yahoo_live
2017-07-26,54.922523498535156,yahoo_live
2017-07-27,54.87930679321289,yahoo_live
2017-07-28,54.88547897338867,yahoo_live
2017-07-31,54.88547897338867,yahoo_live
2017-08-01,54.940025329589844,yahoo_live
2017-08-02,54.95244216918945,yahoo_live
2017-08-03,54.84708786010742,yahoo_live
2017-08-04,54.859466552734375,yahoo_live
2017-08-07,54.83465576171875,yahoo_live
2017-08-08,54.5991096496582,yahoo_live
2017-08-09,54.388343811035156,yahoo_live
2017-08-10,54.04124069213867,yahoo_live
2017-08-11,54.13420486450195,yahoo_live
2017-08-14,54.419368743896484,yahoo_live
2017-08-15,54.43791580200195,yahoo_live
2017-08-16,54.44413375854492,yahoo_live
2017-08-17,54.14039611816406,yahoo_live
2017-08-18,54.22096633911133,yahoo_live
2017-08-21,54.27678680419922,yahoo_live
2017-08-22,54.49991226196289,yahoo_live
2017-08-23,54.506141662597656,yahoo_live
2017-08-24,54.586692810058594,yahoo_live
2017-08-25,54.68587112426758,yahoo_live
2017-08-28,54.69209671020508,yahoo_live
2017-08-29,54.6239128112793,yahoo_live
2017-08-30,54.77266311645508,yahoo_live
2017-08-31,54.921451568603516,yahoo_live
2017-09-01,54.97748565673828,yahoo_live
2017-09-05,54.852989196777344,yahoo_live
2017-09-06,54.81560134887695,yahoo_live
2017-09-07,54.82185363769531,yahoo_live
2017-09-08,54.647579193115234,yahoo_live
2017-09-11,54.82185363769531,yahoo_live
2017-09-12,54.89033889770508,yahoo_live
2017-09-13,54.909000396728516,yahoo_live
2017-09-14,54.98371124267578,yahoo_live
2017-09-15,55.03349685668945,yahoo_live
2017-09-18,55.00859451293945,yahoo_live
2017-09-19,55.064613342285156,yahoo_live
2017-09-20,55.058406829833984,yahoo_live
2017-09-21,54.98991012573242,yahoo_live
2017-09-22,55.04594039916992,yahoo_live
2017-09-25,55.077091217041016,yahoo_live
2017-09-26,55.14555358886719,yahoo_live
2017-09-27,55.17042541503906,yahoo_live
2017-09-28,55.17042541503906,yahoo_live
2017-09-29,55.251365661621094,yahoo_live
2017-10-02,55.22322463989258,yahoo_live
2017-10-03,55.3232421875,yahoo_live
2017-10-04,55.266963958740234,yahoo_live
2017-10-05,55.33573532104492,yahoo_live
2017-10-06,55.25448989868164,yahoo_live
2017-10-09,55.260719299316406,yahoo_live
2017-10-10,55.30450439453125,yahoo_live
2017-10-11,55.24822998046875,yahoo_live
2017-10-12,55.185733795166016,yahoo_live
2017-10-13,55.210750579833984,yahoo_live
2017-10-16,55.24199676513672,yahoo_live
2017-10-17,55.3232421875,yahoo_live
2017-10-18,55.37950134277344,yahoo_live
2017-10-19,55.385746002197266,yahoo_live
2017-10-20,55.43574523925781,yahoo_live
2017-10-23,55.373268127441406,yahoo_live
2017-10-24,55.373268127441406,yahoo_live
2017-10-25,55.21697235107422,yahoo_live
2017-10-26,55.14823913574219,yahoo_live
2017-10-27,55.29823684692383,yahoo_live
2017-10-30,55.28577423095703,yahoo_live
2017-10-31,55.29823684692383,yahoo_live
2017-11-01,55.2454719543457,yahoo_live
2017-11-02,55.2141227722168,yahoo_live
2017-11-03,55.22042465209961,yahoo_live
2017-11-06,55.226680755615234,yahoo_live
2017-11-07,55.06977844238281,yahoo_live
2017-11-08,54.82496643066406,yahoo_live
2017-11-09,54.55512237548828,yahoo_live
2017-11-10,54.67433547973633,yahoo_live
2017-11-13,54.63669204711914,yahoo_live
2017-11-14,54.40449523925781,yahoo_live
2017-11-15,54.40449523925781,yahoo_live
2017-11-16,54.93797302246094,yahoo_live
2017-11-17,54.90029525756836,yahoo_live
2017-11-20,54.91288757324219,yahoo_live
2017-11-21,55.02582931518555,yahoo_live
2017-11-22,55.11369705200195,yahoo_live
2017-11-24,55.1513671875,yahoo_live
2017-11-27,54.981895446777344,yahoo_live
2017-11-28,55.1513671875,yahoo_live
2017-11-29,55.08235549926758,yahoo_live
2017-11-30,55.09489059448242,yahoo_live
2017-12-01,55.07721710205078,yahoo_live
2017-12-04,55.05830383300781,yahoo_live
2017-12-05,55.026824951171875,yahoo_live
2017-12-06,54.976402282714844,yahoo_live
2017-12-07,55.001617431640625,yahoo_live
2017-12-08,55.05830383300781,yahoo_live
2017-12-11,55.070926666259766,yahoo_live
2017-12-12,55.04570007324219,yahoo_live
2017-12-13,55.07721710205078,yahoo_live
2017-12-14,54.963748931884766,yahoo_live
2017-12-15,54.970096588134766,yahoo_live
2017-12-18,55.026824951171875,yahoo_live
2017-12-19,54.91336441040039,yahoo_live
2017-12-20,54.957462310791016,yahoo_live
2017-12-21,55.01506423950195,yahoo_live
2017-12-22,55.0656852722168,yahoo_live
2017-12-26,55.147987365722656,yahoo_live
2017-12-27,55.173282623291016,yahoo_live
2017-12-28,55.147987365722656,yahoo_live
2017-12-29,55.23027801513672,yahoo_live
2018-01-02,55.280921936035156,yahoo_live
2018-01-03,55.5467529296875,yahoo_live
2018-01-04,55.641685485839844,yahoo_live
2018-01-05,55.67964553833008,yahoo_live
2018-01-08,55.63534164428711,yahoo_live
2018-01-09,55.46445083618164,yahoo_live
2018-01-10,55.344207763671875,yahoo_live
2018-01-11,55.52771759033203,yahoo_live
2018-01-12,55.43278884887695,yahoo_live
2018-01-16,55.40116500854492,yahoo_live
2018-01-17,55.40750503540039,yahoo_live
2018-01-18,55.350547790527344,yahoo_live
2018-01-19,55.40750503540039,yahoo_live
2018-01-22,55.458133697509766,yahoo_live
2018-01-23,55.622703552246094,yahoo_live
2018-01-24,55.540409088134766,yahoo_live
2018-01-25,55.5024299621582,yahoo_live
2018-01-26,55.5467529296875,yahoo_live
2018-01-29,55.350547790527344,yahoo_live
2018-01-30,55.1606330871582,yahoo_live
2018-01-31,55.255584716796875,yahoo_live
2018-02-01,55.15132522583008,yahoo_live
2018-02-02,54.80177688598633,yahoo_live
2018-02-05,54.49668884277344,yahoo_live
2018-02-06,54.82719421386719,yahoo_live
2018-02-07,54.62381362915039,yahoo_live
2018-02-08,54.14710235595703,yahoo_live
2018-02-09,53.99454116821289,yahoo_live
2018-02-12,54.36317443847656,yahoo_live
2018-02-13,54.19158172607422,yahoo_live
2018-02-14,54.28690719604492,yahoo_live
2018-02-15,54.72549057006836,yahoo_live
2018-02-16,54.947959899902344,yahoo_live
2018-02-20,54.75727462768555,yahoo_live
2018-02-21,54.50939178466797,yahoo_live
2018-02-22,54.5474967956543,yahoo_live
2018-02-23,54.90978240966797,yahoo_live
2018-02-26,55.00517272949219,yahoo_live
2018-02-27,54.858978271484375,yahoo_live
2018-02-28,54.77634048461914,yahoo_live
2018-03-01,54.41324996948242,yahoo_live
2018-03-02,54.71951675415039,yahoo_live
2018-03-05,54.71951675415039,yahoo_live
2018-03-06,54.79610824584961,yahoo_live
2018-03-07,54.662086486816406,yahoo_live
2018-03-08,54.7259407043457,yahoo_live
2018-03-09,54.92375183105469,yahoo_live
2018-03-12,54.83442687988281,yahoo_live
2018-03-13,54.662086486816406,yahoo_live
2018-03-14,54.59831619262695,yahoo_live
2018-03-15,54.6365966796875,yahoo_live
2018-03-16,54.75146484375,yahoo_live
2018-03-19,54.528133392333984,yahoo_live
2018-03-20,54.6365966796875,yahoo_live
2018-03-21,54.65573501586914,yahoo_live
2018-03-22,54.33028030395508,yahoo_live
2018-03-23,54.189857482910156,yahoo_live
2018-03-26,54.5408821105957,yahoo_live
2018-03-27,54.489837646484375,yahoo_live
2018-03-28,54.464271545410156,yahoo_live
2018-03-29,54.64935302734375,yahoo_live
2018-04-02,54.4372673034668,yahoo_live
2018-04-03,54.591064453125,yahoo_live
2018-04-04,54.712772369384766,yahoo_live
2018-04-05,54.75762176513672,yahoo_live
2018-04-06,54.635902404785156,yahoo_live
2018-04-09,54.84093475341797,yahoo_live
2018-04-10,55.03955078125,yahoo_live
2018-04-11,55.058780670166016,yahoo_live
2018-04-12,55.25739288330078,yahoo_live
2018-04-13,55.28943634033203,yahoo_live
2018-04-16,55.37275695800781,yahoo_live
2018-04-17,55.398380279541016,yahoo_live
2018-04-18,55.340702056884766,yahoo_live
2018-04-19,55.16770553588867,yahoo_live
2018-04-20,55.03314208984375,yahoo_live
2018-04-23,54.88576126098633,yahoo_live
2018-04-24,54.77687072753906,yahoo_live
2018-04-25,54.78325653076172,yahoo_live
2018-04-26,54.975486755371094,yahoo_live
2018-04-27,54.94987487792969,yahoo_live
2018-04-30,54.91139602661133,yahoo_live
2018-05-01,54.95193862915039,yahoo_live
2018-05-02,54.93263626098633,yahoo_live
2018-05-03,54.92619705200195,yahoo_live
2018-05-04,54.96482467651367,yahoo_live
2018-05-07,55.01628875732422,yahoo_live
2018-05-08,54.93263626098633,yahoo_live
2018-05-09,55.022735595703125,yahoo_live
2018-05-10,55.18362045288086,yahoo_live
2018-05-11,55.16431427001953,yahoo_live
2018-05-14,55.17717742919922,yahoo_live
2018-05-15,54.9068717956543,yahoo_live
2018-05-16,54.97770690917969,yahoo_live
2018-05-17,55.0098762512207,yahoo_live
2018-05-18,54.95193862915039,yahoo_live
2018-05-21,55.02918243408203,yahoo_live
2018-05-22,55.067771911621094,yahoo_live
2018-05-23,55.11281967163086,yahoo_live
2018-05-24,55.14495086669922,yahoo_live
2018-05-25,55.05489730834961,yahoo_live
2018-05-29,54.8232536315918,yahoo_live
2018-05-30,54.99053192138672,yahoo_live
2018-05-31,54.9390869140625,yahoo_live
2018-06-01,55.06446075439453,yahoo_live
2018-06-04,55.18083953857422,yahoo_live
2018-06-05,55.2454719543457,yahoo_live
2018-06-06,55.381195068359375,yahoo_live
2018-06-07,55.400596618652344,yahoo_live
2018-06-08,55.368255615234375,yahoo_live
2018-06-11,55.4716911315918,yahoo_live
2018-06-12,55.516937255859375,yahoo_live
2018-06-13,55.53630828857422,yahoo_live
2018-06-14,55.697933197021484,yahoo_live
2018-06-15,55.66563034057617,yahoo_live
2018-06-18,55.659149169921875,yahoo_live
2018-06-19,55.58159637451172,yahoo_live
2018-06-20,55.639732360839844,yahoo_live
2018-06-21,55.52339553833008,yahoo_live
2018-06-22,55.52987289428711,yahoo_live
2018-06-25,55.400596618652344,yahoo_live
2018-06-26,55.39411163330078,yahoo_live
2018-06-27,55.277793884277344,yahoo_live
2018-06-28,55.1226692199707,yahoo_live
2018-06-29,54.99337387084961,yahoo_live
2018-07-02,55.045989990234375,yahoo_live
2018-07-03,55.052425384521484,yahoo_live
2018-07-05,55.26020812988281,yahoo_live
2018-07-06,55.40305709838867,yahoo_live
2018-07-09,55.48746109008789,yahoo_live
2018-07-10,55.49398422241211,yahoo_live
2018-07-11,55.409576416015625,yahoo_live
2018-07-12,55.58486557006836,yahoo_live
2018-07-13,55.58486557006836,yahoo_live
2018-07-16,55.545928955078125,yahoo_live
2018-07-17,55.56541442871094,yahoo_live
2018-07-18,55.59135055541992,yahoo_live
2018-07-19,55.56541442871094,yahoo_live
2018-07-20,55.59135055541992,yahoo_live
2018-07-23,55.57190704345703,yahoo_live
2018-07-24,55.68876647949219,yahoo_live
2018-07-25,55.79262924194336,yahoo_live
2018-07-26,55.799137115478516,yahoo_live
2018-07-27,55.779666900634766,yahoo_live
2018-07-30,55.799137115478516,yahoo_live
2018-07-31,55.91600036621094,yahoo_live
2018-08-01,55.96621322631836,yahoo_live
2018-08-02,55.998836517333984,yahoo_live
2018-08-03,56.04442596435547,yahoo_live
2018-08-06,56.14876937866211,yahoo_live
2018-08-07,56.17488098144531,yahoo_live
2018-08-08,56.142295837402344,yahoo_live
2018-08-09,56.10313415527344,yahoo_live
2018-08-10,56.005340576171875,yahoo_live
2018-08-13,55.96621322631836,yahoo_live
2018-08-14,56.064029693603516,yahoo_live
2018-08-15,55.96621322631836,yahoo_live
2018-08-16,56.03794479370117,yahoo_live
2018-08-17,56.10313415527344,yahoo_live
2018-08-20,56.12923812866211,yahoo_live
2018-08-21,56.213985443115234,yahoo_live
2018-08-22,56.23355484008789,yahoo_live
2018-08-23,56.227027893066406,yahoo_live
2018-08-24,56.324851989746094,yahoo_live
2018-08-27,56.344417572021484,yahoo_live
2018-08-28,56.318321228027344,yahoo_live
2018-08-29,56.28569412231445,yahoo_live
2018-08-30,56.24008560180664,yahoo_live
2018-08-31,56.311790466308594,yahoo_live
2018-09-04,56.1945686340332,yahoo_live
2018-09-05,56.13563537597656,yahoo_live
2018-09-06,56.18147659301758,yahoo_live
2018-09-07,56.12250900268555,yahoo_live
2018-09-10,56.233863830566406,yahoo_live
2018-09-11,56.2469596862793,yahoo_live
2018-09-12,56.3779411315918,yahoo_live
2018-09-13,56.48271942138672,yahoo_live
2018-09-14,56.535125732421875,yahoo_live
2018-09-17,56.495826721191406,yahoo_live
2018-09-18,56.48927688598633,yahoo_live
2018-09-19,56.38450241088867,yahoo_live
2018-09-20,56.463077545166016,yahoo_live
2018-09-21,56.476165771484375,yahoo_live
2018-09-24,56.44997787475586,yahoo_live
2018-09-25,56.404144287109375,yahoo_live
2018-09-26,56.463077545166016,yahoo_live
2018-09-27,56.56785583496094,yahoo_live
2018-09-28,56.60715866088867,yahoo_live
2018-10-01,56.77094650268555,yahoo_live
2018-10-02,56.72490692138672,yahoo_live
2018-10-03,56.573631286621094,yahoo_live
2018-10-04,56.363059997558594,yahoo_live
2018-10-05,56.113121032714844,yahoo_live
2018-10-08,55.98812484741211,yahoo_live
2018-10-09,56.0736083984375,yahoo_live
2018-10-10,55.6723747253418,yahoo_live
2018-10-11,55.71840286254883,yahoo_live
2018-10-12,56.014434814453125,yahoo_live
2018-10-15,55.974952697753906,yahoo_live
2018-10-16,56.16575622558594,yahoo_live
2018-10-17,56.053916931152344,yahoo_live
2018-10-18,55.817081451416016,yahoo_live
2018-10-19,55.84999465942383,yahoo_live
2018-10-22,55.87630081176758,yahoo_live
2018-10-23,55.823692321777344,yahoo_live
2018-10-24,55.547367095947266,yahoo_live
2018-10-25,55.659210205078125,yahoo_live
2018-10-26,55.40923309326172,yahoo_live
2018-10-29,55.35660934448242,yahoo_live
2018-10-30,55.4881706237793,yahoo_live
2018-10-31,55.4881706237793,yahoo_live
2018-11-01,55.742671966552734,yahoo_live
2018-11-02,55.70964813232422,yahoo_live
2018-11-05,55.75590515136719,yahoo_live
2018-11-06,55.901344299316406,yahoo_live
2018-11-07,56.22530746459961,yahoo_live
2018-11-08,56.08646774291992,yahoo_live
2018-11-09,55.769161224365234,yahoo_live
2018-11-12,55.42536926269531,yahoo_live
2018-11-13,55.332820892333984,yahoo_live
2018-11-14,55.227054595947266,yahoo_live
2018-11-15,55.21381759643555,yahoo_live
2018-11-16,55.048561096191406,yahoo_live
2018-11-19,54.876670837402344,yahoo_live
2018-11-20,54.70478439331055,yahoo_live
2018-11-21,54.98244857788086,yahoo_live
2018-11-23,54.67833709716797,yahoo_live
2018-11-26,54.9361686706543,yahoo_live
2018-11-27,54.909732818603516,yahoo_live
2018-11-28,55.365882873535156,yahoo_live
2018-11-29,55.37911605834961,yahoo_live
2018-11-30,55.2667350769043,yahoo_live
2018-12-03,55.64921188354492,yahoo_live
2018-12-04,55.30389404296875,yahoo_live
2018-12-06,55.11130142211914,yahoo_live
2018-12-07,55.00509262084961,yahoo_live
2018-12-10,55.04490661621094,yahoo_live
2018-12-11,55.144527435302734,yahoo_live
2018-12-12,55.3238410949707,yahoo_live
2018-12-13,55.4566535949707,yahoo_live
2018-12-14,55.22422409057617,yahoo_live
2018-12-17,54.865623474121094,yahoo_live
2018-12-18,54.76618576049805,yahoo_live
2018-12-19,54.27242660522461,yahoo_live
2018-12-20,53.79869842529297,yahoo_live
2018-12-21,53.53181076049805,yahoo_live
2018-12-24,53.13148880004883,yahoo_live
2018-12-26,54.02558135986328,yahoo_live
2018-12-27,53.99220657348633,yahoo_live
2018-12-28,54.07228469848633,yahoo_live
2018-12-31,54.11229705810547,yahoo_live
2019-01-02,54.038917541503906,yahoo_live
2019-01-03,54.06558609008789,yahoo_live
2019-01-04,54.9730339050293,yahoo_live
2019-01-07,55.506813049316406,yahoo_live
2019-01-08,55.867103576660156,yahoo_live
2019-01-09,55.93385696411133,yahoo_live
2019-01-10,56.15401077270508,yahoo_live
2019-01-11,55.97389221191406,yahoo_live
2019-01-14,55.793758392333984,yahoo_live
2019-01-15,55.98054885864258,yahoo_live
2019-01-16,56.067283630371094,yahoo_live
2019-01-17,56.22075271606445,yahoo_live
2019-01-18,56.380863189697266,yahoo_live
2019-01-22,56.007225036621094,yahoo_live
2019-01-23,56.12067413330078,yahoo_live
2019-01-24,56.18070602416992,yahoo_live
2019-01-25,56.320838928222656,yahoo_live
2019-01-28,56.23411560058594,yahoo_live
2019-01-29,56.200740814208984,yahoo_live
2019-01-30,56.64777374267578,yahoo_live
2019-01-31,56.78788375854492,yahoo_live
2019-02-01,56.76042175292969,yahoo_live
2019-02-04,56.89447784423828,yahoo_live
2019-02-05,57.095558166503906,yahoo_live
2019-02-06,57.04195022583008,yahoo_live
2019-02-07,56.84751892089844,yahoo_live
2019-02-08,56.83415985107422,yahoo_live
2019-02-11,56.8609619140625,yahoo_live
2019-02-12,57.13581848144531,yahoo_live
2019-02-13,57.055362701416016,yahoo_live
2019-02-14,57.06207275390625,yahoo_live
2019-02-15,57.2430419921875,yahoo_live
2019-02-19,57.263118743896484,yahoo_live
2019-02-20,57.31007766723633,yahoo_live
2019-02-21,57.25642395019531,yahoo_live
2019-02-22,57.37038040161133,yahoo_live
2019-02-25,57.417301177978516,yahoo_live
2019-02-26,57.491024017333984,yahoo_live
2019-02-27,57.51116943359375,yahoo_live
2019-02-28,57.47766876220703,yahoo_live
2019-03-01,57.64057922363281,yahoo_live
2019-03-04,57.55306625366211,yahoo_live
2019-03-05,57.526100158691406,yahoo_live
2019-03-06,57.43185043334961,yahoo_live
2019-03-07,57.391475677490234,yahoo_live
2019-03-08,57.297210693359375,yahoo_live
2019-03-11,57.48569869995117,yahoo_live
2019-03-12,57.58673095703125,yahoo_live
2019-03-13,57.74153518676758,yahoo_live
2019-03-14,57.701141357421875,yahoo_live
2019-03-15,57.75503158569336,yahoo_live
2019-03-18,57.73484802246094,yahoo_live
2019-03-19,57.76848602294922,yahoo_live
2019-03-20,58.017635345458984,yahoo_live
2019-03-21,58.00416564941406,yahoo_live
2019-03-22,57.79541015625,yahoo_live
2019-03-25,57.77522277832031,yahoo_live
2019-03-26,57.9166145324707,yahoo_live
2019-03-27,57.9570198059082,yahoo_live
2019-03-28,58.071495056152344,yahoo_live
2019-03-29,58.219573974609375,yahoo_live
2019-04-01,58.20539855957031,yahoo_live
2019-04-02,58.23245620727539,yahoo_live
2019-04-03,58.25271224975586,yahoo_live
2019-04-04,58.340660095214844,yahoo_live
2019-04-05,58.44882583618164,yahoo_live
2019-04-08,58.415042877197266,yahoo_live
2019-04-09,58.37446594238281,yahoo_live
2019-04-10,58.63142013549805,yahoo_live
2019-04-11,58.71935272216797,yahoo_live
2019-04-12,58.807247161865234,yahoo_live
2019-04-15,58.76667404174805,yahoo_live
2019-04-16,58.73286437988281,yahoo_live
2019-04-17,58.590843200683594,yahoo_live
2019-04-18,58.61792755126953,yahoo_live
2019-04-22,58.51647186279297,yahoo_live
2019-04-23,58.71935272216797,yahoo_live
2019-04-24,58.638179779052734,yahoo_live
2019-04-25,58.66526794433594,yahoo_live
2019-04-26,58.81402587890625,yahoo_live
2019-04-29,58.78697204589844,yahoo_live
2019-04-30,58.79376220703125,yahoo_live
2019-05-01,58.60087585449219,yahoo_live
2019-05-02,58.6416015625,yahoo_live
2019-05-03,58.7910270690918,yahoo_live
2019-05-06,58.818180084228516,yahoo_live
2019-05-07,58.465049743652344,yahoo_live
2019-05-08,58.48541259765625,yahoo_live
2019-05-09,58.3971061706543,yahoo_live
2019-05-10,58.56012725830078,yahoo_live
2019-05-13,58.02360916137695,yahoo_live
2019-05-14,58.15263748168945,yahoo_live
2019-05-15,58.206966400146484,yahoo_live
2019-05-16,58.383548736572266,yahoo_live
2019-05-17,58.36317825317383,yahoo_live
2019-05-20,58.308868408203125,yahoo_live
2019-05-21,58.49220275878906,yahoo_live
2019-05-22,58.53977966308594,yahoo_live
2019-05-23,58.24772262573242,yahoo_live
2019-05-24,58.1662483215332,yahoo_live
2019-05-28,58.11189270019531,yahoo_live
2019-05-29,57.95570373535156,yahoo_live
2019-05-30,58.07794952392578,yahoo_live
2019-05-31,57.656883239746094,yahoo_live
2019-06-03,57.749671936035156,yahoo_live
2019-06-04,58.32956314086914,yahoo_live
2019-06-05,58.465999603271484,yahoo_live
2019-06-06,58.588802337646484,yahoo_live
2019-06-07,58.73889923095703,yahoo_live
2019-06-10,58.82761764526367,yahoo_live
2019-06-11,58.90944290161133,yahoo_live
2019-06-12,58.77299499511719,yahoo_live
2019-06-13,58.90944290161133,yahoo_live
2019-06-14,58.868526458740234,yahoo_live
2019-06-17,58.77981948852539,yahoo_live
2019-06-18,59.18916320800781,yahoo_live
2019-06-19,59.46886444091797,yahoo_live
2019-06-20,59.76902770996094,yahoo_live
2019-06-21,59.578006744384766,yahoo_live
2019-06-24,59.57120132446289,yahoo_live
2019-06-25,59.31882095336914,yahoo_live
2019-06-26,59.29149627685547,yahoo_live
2019-06-27,59.45520782470703,yahoo_live
2019-06-28,59.47570037841797,yahoo_live
2019-07-01,59.49349594116211,yahoo_live
2019-07-02,59.623695373535156,yahoo_live
2019-07-03,59.84983825683594,yahoo_live
2019-07-05,59.610023498535156,yahoo_live
2019-07-08,59.49349594116211,yahoo_live
2019-07-09,59.42496871948242,yahoo_live
2019-07-10,59.58944320678711,yahoo_live
2019-07-11,59.47293472290039,yahoo_live
2019-07-12,59.56888198852539,yahoo_live
2019-07-15,59.610023498535156,yahoo_live
2019-07-16,59.486663818359375,yahoo_live
2019-07-17,59.4112663269043,yahoo_live
2019-07-18,59.43870162963867,yahoo_live
2019-07-19,59.33589553833008,yahoo_live
2019-07-22,59.53459167480469,yahoo_live
2019-07-23,59.63743591308594,yahoo_live
2019-07-24,59.685394287109375,yahoo_live
2019-07-25,59.60316467285156,yahoo_live
2019-07-26,59.73332595825195,yahoo_live
2019-07-29,59.644264221191406,yahoo_live
2019-07-30,59.67167663574219,yahoo_live
2019-07-31,59.56888198852539,yahoo_live
2019-08-01,59.53927230834961,yahoo_live
2019-08-02,59.449851989746094,yahoo_live
2019-08-05,58.83049011230469,yahoo_live
2019-08-06,59.2089729309082,yahoo_live
2019-08-07,59.20209503173828,yahoo_live
2019-08-08,59.436073303222656,yahoo_live
2019-08-09,59.353485107421875,yahoo_live
2019-08-12,59.14700698852539,yahoo_live
2019-08-13,59.4085578918457,yahoo_live
2019-08-14,58.87866973876953,yahoo_live
2019-08-15,59.05069351196289,yahoo_live
2019-08-16,59.250247955322266,yahoo_live
2019-08-19,59.42228317260742,yahoo_live
2019-08-20,59.4704475402832,yahoo_live
2019-08-21,59.7250862121582,yahoo_live
2019-08-22,59.8352165222168,yahoo_live
2019-08-23,59.5599479675293,yahoo_live
2019-08-26,59.855857849121094,yahoo_live
2019-08-27,59.82831573486328,yahoo_live
2019-08-28,59.97285461425781,yahoo_live
2019-08-29,60.03476333618164,yahoo_live
2019-08-30,59.979713439941406,yahoo_live
2019-09-03,59.807640075683594,yahoo_live
2019-09-04,59.93203353881836,yahoo_live
2019-09-05,60.16698455810547,yahoo_live
2019-09-06,60.22228240966797,yahoo_live
2019-09-09,60.28446960449219,yahoo_live
2019-09-10,60.31904220581055,yahoo_live
2019-09-11,60.31212615966797,yahoo_live
2019-09-12,60.34667205810547,yahoo_live
2019-09-13,60.236122131347656,yahoo_live
2019-09-16,60.450347900390625,yahoo_live
2019-09-17,60.48488998413086,yahoo_live
2019-09-18,60.450347900390625,yahoo_live
2019-09-19,60.38124084472656,yahoo_live
2019-09-20,60.45729064941406,yahoo_live
2019-09-23,60.42961502075195,yahoo_live
2019-09-24,60.34667205810547,yahoo_live
2019-09-25,60.28446960449219,yahoo_live
2019-09-26,60.24302673339844,yahoo_live
2019-09-27,60.173912048339844,yahoo_live
2019-09-30,60.24302673339844,yahoo_live
2019-10-01,60.104251861572266,yahoo_live
2019-10-02,59.75038528442383,yahoo_live
2019-10-03,59.785037994384766,yahoo_live
2019-10-04,59.972434997558594,yahoo_live
2019-10-07,59.923805236816406,yahoo_live
2019-10-08,59.701786041259766,yahoo_live
2019-10-09,59.88224411010742,yahoo_live
2019-10-10,59.95854187011719,yahoo_live
2019-10-11,60.20832824707031,yahoo_live
2019-10-14,60.249961853027344,yahoo_live
2019-10-15,60.38179397583008,yahoo_live
2019-10-16,60.33324432373047,yahoo_live
2019-10-17,60.41648864746094,yahoo_live
2019-10-18,60.43034362792969,yahoo_live
2019-10-21,60.451168060302734,yahoo_live
2019-10-22,60.465057373046875,yahoo_live
2019-10-23,60.520565032958984,yahoo_live
2019-10-24,60.58994674682617,yahoo_live
2019-10-25,60.63850402832031,yahoo_live
2019-10-28,60.6315803527832,yahoo_live
2019-10-29,60.520565032958984,yahoo_live
2019-10-30,60.44426727294922,yahoo_live
2019-10-31,60.236083984375,yahoo_live
2019-11-01,60.49459457397461,yahoo_live
2019-11-04,60.6199836730957,yahoo_live
2019-11-05,60.55727767944336,yahoo_live
2019-11-06,60.48761749267578,yahoo_live
2019-11-07,60.45975112915039,yahoo_live
2019-11-08,60.51548767089844,yahoo_live
2019-11-11,60.48067092895508,yahoo_live
2019-11-12,60.49459457397461,yahoo_live
2019-11-13,60.4318733215332,yahoo_live
2019-11-14,60.397037506103516,yahoo_live
2019-11-15,60.578208923339844,yahoo_live
2019-11-18,60.50156021118164,yahoo_live
2019-11-19,60.285560607910156,yahoo_live
2019-11-20,60.16012191772461,yahoo_live
2019-11-21,60.17403793334961,yahoo_live
2019-11-22,60.404014587402344,yahoo_live
2019-11-25,60.56425094604492,yahoo_live
2019-11-26,60.63394546508789,yahoo_live
2019-11-27,60.7105827331543,yahoo_live
2019-11-29,60.578208923339844,yahoo_live
2019-12-02,60.53694534301758,yahoo_live
2019-12-03,60.45298767089844,yahoo_live
2019-12-04,60.63488006591797,yahoo_live
2019-12-05,60.72578811645508,yahoo_live
2019-12-06,60.80974578857422,yahoo_live
2019-12-09,60.80974578857422,yahoo_live
2019-12-10,60.95663833618164,yahoo_live
2019-12-11,61.08255386352539,yahoo_live
2019-12-12,61.222434997558594,yahoo_live
2019-12-13,61.285438537597656,yahoo_live
2019-12-16,61.40431594848633,yahoo_live
2019-12-17,61.59321975708008,yahoo_live
2019-12-18,61.705142974853516,yahoo_live
2019-12-19,61.67283630371094,yahoo_live
2019-12-20,61.58160400390625,yahoo_live
2019-12-23,61.60966873168945,yahoo_live
2019-12-24,61.65880584716797,yahoo_live
2019-12-26,61.75010299682617,yahoo_live
2019-12-27,61.72199249267578,yahoo_live
2019-12-30,61.67987823486328,yahoo_live
2019-12-31,61.73599624633789,yahoo_live
2020-01-02,61.99576187133789,yahoo_live
2020-01-03,61.93256378173828,yahoo_live
2020-01-06,61.86941909790039,yahoo_live
2020-01-07,61.81324005126953,yahoo_live
2020-01-08,61.86941909790039,yahoo_live
2020-01-09,62.030906677246094,yahoo_live
2020-01-10,62.051944732666016,yahoo_live
2020-01-13,62.051944732666016,yahoo_live
2020-01-14,62.04491424560547,yahoo_live
2020-01-15,62.058963775634766,yahoo_live
2020-01-16,62.080013275146484,yahoo_live
2020-01-17,62.030906677246094,yahoo_live
2020-01-21,61.89748001098633,yahoo_live
2020-01-22,62.00981140136719,yahoo_live
2020-01-23,61.82027816772461,yahoo_live
2020-01-24,61.560523986816406,yahoo_live
2020-01-27,61.14632034301758,yahoo_live
2020-01-28,61.67283630371094,yahoo_live
2020-01-29,61.637752532958984,yahoo_live
2020-01-30,61.700927734375,yahoo_live
2020-01-31,61.44822311401367,yahoo_live
2020-02-03,61.43833923339844,yahoo_live
2020-02-04,61.80491638183594,yahoo_live
2020-02-05,62.058685302734375,yahoo_live
2020-02-06,62.10802459716797,yahoo_live
2020-02-07,62.016414642333984,yahoo_live
2020-02-10,62.100975036621094,yahoo_live
2020-02-11,62.143306732177734,yahoo_live
2020-02-12,62.30543518066406,yahoo_live
2020-02-13,62.32659912109375,yahoo_live
2020-02-14,62.319541931152344,yahoo_live
2020-02-18,62.1926155090332,yahoo_live
2020-02-19,62.22085952758789,yahoo_live
2020-02-20,62.32659912109375,yahoo_live
2020-02-21,62.27019119262695,yahoo_live
2020-02-24,61.600467681884766,yahoo_live
2020-02-25,61.170413970947266,yahoo_live
2020-02-26,61.23388671875,yahoo_live
2020-02-27,60.40909194946289,yahoo_live
2020-02-28,60.65580368041992,yahoo_live
2020-03-02,61.11606979370117,yahoo_live
2020-03-03,60.85410690307617,yahoo_live
2020-03-04,61.68962478637695,yahoo_live
2020-03-05,60.91071319580078,yahoo_live
2020-03-06,60.22386932373047,yahoo_live
2020-03-09,57.63224411010742,yahoo_live
2020-03-10,58.517337799072266,yahoo_live
2020-03-11,57.24275207519531,yahoo_live
2020-03-12,54.955596923828125,yahoo_live
2020-03-13,56.68338394165039,yahoo_live
2020-03-16,53.56773376464844,yahoo_live
2020-03-17,54.07050323486328,yahoo_live
2020-03-18,51.68417739868164,yahoo_live
2020-03-19,50.52289581298828,yahoo_live
2020-03-20,49.389957427978516,yahoo_live
2020-03-23,48.596866607666016,yahoo_live
2020-03-24,50.60080337524414,yahoo_live
2020-03-25,52.02410125732422,yahoo_live
2020-03-26,54.40330123901367,yahoo_live
2020-03-27,54.544898986816406,yahoo_live
2020-03-30,55.012245178222656,yahoo_live
2020-03-31,54.573238372802734,yahoo_live
2020-04-01,53.0751953125,yahoo_live
2020-04-02,53.48796081542969,yahoo_live
2020-04-03,52.342193603515625,yahoo_live
2020-04-06,53.616065979003906,yahoo_live
2020-04-07,53.616065979003906,yahoo_live
2020-04-08,55.010902404785156,yahoo_live
2020-04-09,58.611854553222656,yahoo_live
2020-04-13,57.77211380004883,yahoo_live
2020-04-14,58.01410675048828,yahoo_live
2020-04-15,57.47321701049805,yahoo_live
2020-04-16,57.41629409790039,yahoo_live
2020-04-17,57.70805740356445,yahoo_live
2020-04-20,56.83985900878906,yahoo_live
2020-04-21,55.800819396972656,yahoo_live
2020-04-22,56.291866302490234,yahoo_live
2020-04-23,56.26340866088867,yahoo_live
2020-04-24,55.736778259277344,yahoo_live
2020-04-27,55.96452331542969,yahoo_live
2020-04-28,56.13532257080078,yahoo_live
2020-04-29,57.124542236328125,yahoo_live
2020-04-30,57.23835754394531,yahoo_live
2020-05-01,56.25104904174805,yahoo_live
2020-05-04,56.17241668701172,yahoo_live
2020-05-05,56.6585693359375,yahoo_live
2020-05-06,56.33684158325195,yahoo_live
2020-05-07,56.47981643676758,yahoo_live
2020-05-08,57.01601791381836,yahoo_live
2020-05-11,56.7586784362793,yahoo_live
2020-05-12,56.687156677246094,yahoo_live
2020-05-13,56.386898040771484,yahoo_live
2020-05-14,56.19387435913086,yahoo_live
2020-05-15,56.27250289916992,yahoo_live
2020-05-18,57.266265869140625,yahoo_live
2020-05-19,57.33776092529297,yahoo_live
2020-05-20,57.9454460144043,yahoo_live
2020-05-21,57.9311637878418,yahoo_live
2020-05-22,58.07414627075195,yahoo_live
2020-05-26,58.51024627685547,yahoo_live
2020-05-27,58.63177490234375,yahoo_live
2020-05-28,58.68898010253906,yahoo_live
2020-05-29,58.9249267578125,yahoo_live
2020-06-01,59.370628356933594,yahoo_live
2020-06-02,59.95916748046875,yahoo_live
2020-06-03,60.23905944824219,yahoo_live
2020-06-04,60.052459716796875,yahoo_live
2020-06-05,60.61948013305664,yahoo_live
2020-06-08,60.69123840332031,yahoo_live
2020-06-09,60.21754455566406,yahoo_live
2020-06-10,60.13142013549805,yahoo_live
2020-06-11,58.588260650634766,yahoo_live
2020-06-12,59.1696662902832,yahoo_live
2020-06-15,59.74385070800781,yahoo_live
2020-06-16,59.98783874511719,yahoo_live
2020-06-17,59.70796585083008,yahoo_live
2020-06-18,59.686431884765625,yahoo_live
2020-06-19,59.48545455932617,yahoo_live
2020-06-22,59.44239044189453,yahoo_live
2020-06-23,59.528526306152344,yahoo_live
2020-06-24,58.91843795776367,yahoo_live
2020-06-25,58.93998336791992,yahoo_live
2020-06-26,58.380149841308594,yahoo_live
2020-06-29,58.04996871948242,yahoo_live
2020-06-30,58.58113479614258,yahoo_live
2020-07-01,58.76346969604492,yahoo_live
2020-07-02,59.1959342956543,yahoo_live
2020-07-06,59.62119674682617,yahoo_live
2020-07-07,59.22475051879883,yahoo_live
2020-07-08,59.38330841064453,yahoo_live
2020-07-09,59.25358200073242,yahoo_live
2020-07-10,59.45540237426758,yahoo_live
2020-07-13,59.13106155395508,yahoo_live
2020-07-14,59.63558578491211,yahoo_live
2020-07-15,59.9743537902832,yahoo_live
2020-07-16,60.03200149536133,yahoo_live
2020-07-17,60.197784423828125,yahoo_live
2020-07-20,60.558143615722656,yahoo_live
2020-07-21,60.83926773071289,yahoo_live
2020-07-22,60.961788177490234,yahoo_live
2020-07-23,60.91852569580078,yahoo_live
2020-07-24,60.97618865966797,yahoo_live
2020-07-27,61.12035369873047,yahoo_live
2020-07-28,60.961788177490234,yahoo_live
2020-07-29,61.3005485534668,yahoo_live
2020-07-30,61.430240631103516,yahoo_live
2020-07-31,61.545597076416016,yahoo_live
2020-08-03,61.560794830322266,yahoo_live
2020-08-04,61.5390739440918,yahoo_live
2020-08-05,61.64762878417969,yahoo_live
2020-08-06,61.785125732421875,yahoo_live
2020-08-07,61.63316345214844,yahoo_live
2020-08-10,61.66211700439453,yahoo_live
2020-08-11,61.10490417480469,yahoo_live
2020-08-12,61.119380950927734,yahoo_live
2020-08-13,60.95296096801758,yahoo_live
2020-08-14,60.84440994262695,yahoo_live
2020-08-17,61.20621109008789,yahoo_live
2020-08-18,61.300270080566406,yahoo_live
2020-08-19,61.126583099365234,yahoo_live
2020-08-20,61.329219818115234,yahoo_live
2020-08-21,61.32200622558594,yahoo_live
2020-08-24,61.60424041748047,yahoo_live
2020-08-25,61.669342041015625,yahoo_live
2020-08-26,61.66211700439453,yahoo_live
2020-08-27,61.568058013916016,yahoo_live
2020-08-28,61.6186637878418,yahoo_live
2020-08-31,61.531837463378906,yahoo_live
2020-09-01,61.86677551269531,yahoo_live
2020-09-02,61.93946838378906,yahoo_live
2020-09-03,61.554378509521484,yahoo_live
2020-09-04,61.38726806640625,yahoo_live
2020-09-08,61.0457649230957,yahoo_live
2020-09-09,61.525306701660156,yahoo_live
2020-09-10,61.234657287597656,yahoo_live
2020-09-11,61.35820770263672,yahoo_live
2020-09-14,61.292823791503906,yahoo_live
2020-09-15,61.459922790527344,yahoo_live
2020-09-16,61.459922790527344,yahoo_live
2020-09-17,61.3945198059082,yahoo_live
2020-09-18,61.24193572998047,yahoo_live
2020-09-21,60.747867584228516,yahoo_live
2020-09-22,60.95858383178711,yahoo_live
2020-09-23,60.34101486206055,yahoo_live
2020-09-24,60.377288818359375,yahoo_live
2020-09-25,60.26837158203125,yahoo_live
2020-09-28,60.660701751708984,yahoo_live
2020-09-29,60.71157455444336,yahoo_live
2020-09-30,60.95858383178711,yahoo_live
2020-10-01,61.16801452636719,yahoo_live
2020-10-02,61.16801452636719,yahoo_live
2020-10-05,61.62770462036133,yahoo_live
2020-10-06,61.48904037475586,yahoo_live
2020-10-07,61.70795440673828,yahoo_live
2020-10-08,61.846580505371094,yahoo_live
2020-10-09,61.9852294921875,yahoo_live
2020-10-12,62.29898452758789,yahoo_live
2020-10-13,62.02168655395508,yahoo_live
2020-10-14,61.86846160888672,yahoo_live
2020-10-15,61.824703216552734,yahoo_live
2020-10-16,61.75173568725586,yahoo_live
2020-10-19,61.53281784057617,yahoo_live
2020-10-20,61.75173568725586,yahoo_live
2020-10-21,61.74443435668945,yahoo_live
2020-10-22,61.8538818359375,yahoo_live
2020-10-23,61.926856994628906,yahoo_live
2020-10-26,61.37959289550781,yahoo_live
2020-10-27,61.40880584716797,yahoo_live
2020-10-28,60.898014068603516,yahoo_live
2020-10-29,61.07313919067383,yahoo_live
2020-10-30,61.2044792175293,yahoo_live
2020-11-02,61.35033416748047,yahoo_live
2020-11-03,61.87794876098633,yahoo_live
2020-11-04,62.45683288574219,yahoo_live
2020-11-05,62.67668533325195,yahoo_live
2020-11-06,62.45683288574219,yahoo_live
2020-11-09,62.933170318603516,yahoo_live
2020-11-10,62.845252990722656,yahoo_live
2020-11-11,62.82325744628906,yahoo_live
2020-11-12,62.39821243286133,yahoo_live
2020-11-13,62.61076354980469,yahoo_live
2020-11-16,62.96247482299805,yahoo_live
2020-11-17,62.98447036743164,yahoo_live
2020-11-18,62.867225646972656,yahoo_live
2020-11-19,63.079750061035156,yahoo_live
2020-11-20,62.96247482299805,yahoo_live
2020-11-23,63.05777359008789,yahoo_live
2020-11-24,63.248294830322266,yahoo_live
2020-11-25,63.218963623046875,yahoo_live
2020-11-27,63.32155990600586,yahoo_live
2020-11-30,63.255638122558594,yahoo_live
2020-12-01,63.418190002441406,yahoo_live
2020-12-02,63.594749450683594,yahoo_live
2020-12-03,63.631553649902344,yahoo_live
2020-12-04,63.896400451660156,yahoo_live
2020-12-07,63.867008209228516,yahoo_live
2020-12-08,63.81546401977539,yahoo_live
2020-12-09,63.71982955932617,yahoo_live
2020-12-10,63.83753967285156,yahoo_live
2020-12-11,63.77134704589844,yahoo_live
2020-12-14,63.78607940673828,yahoo_live
2020-12-15,63.98468017578125,yahoo_live
2020-12-16,63.889041900634766,yahoo_live
2020-12-17,63.98434829711914,yahoo_live
2020-12-18,64.03607177734375,yahoo_live
2020-12-21,63.807064056396484,yahoo_live
2020-12-22,63.88832092285156,yahoo_live
2020-12-23,64.17646026611328,yahoo_live
2020-12-24,64.30939483642578,yahoo_live
2020-12-28,64.39067077636719,yahoo_live
2020-12-29,64.30939483642578,yahoo_live
2020-12-30,64.4423828125,yahoo_live
2020-12-31,64.49411010742188,yahoo_live
2021-01-04,64.36111450195312,yahoo_live
2021-01-05,64.38329315185547,yahoo_live
2021-01-06,64.26507568359375,yahoo_live
2021-01-07,64.44976806640625,yahoo_live
2021-01-08,64.54580688476562,yahoo_live
2021-01-11,64.1985855102539,yahoo_live
2021-01-12,64.27986145019531,yahoo_live
2021-01-13,64.47193908691406,yahoo_live
2021-01-14,64.4571533203125,yahoo_live
2021-01-15,64.35372924804688,yahoo_live
2021-01-19,64.5384292602539,yahoo_live
2021-01-20,64.6566162109375,yahoo_live
2021-01-21,64.61972045898438,yahoo_live
2021-01-22,64.49411010742188,yahoo_live
2021-01-25,64.50887298583984,yahoo_live
2021-01-26,64.41283416748047,yahoo_live
2021-01-27,64.22816467285156,yahoo_live
2021-01-28,64.42024230957031,yahoo_live
2021-01-29,64.25029754638672,yahoo_live
2021-02-01,64.4564437866211,yahoo_live
2021-02-02,64.61215209960938,yahoo_live
2021-02-03,64.6640396118164,yahoo_live
2021-02-04,64.79753112792969,yahoo_live
2021-02-05,64.8939208984375,yahoo_live
2021-02-08,65.08670806884766,yahoo_live
2021-02-09,64.96806335449219,yahoo_live
2021-02-10,64.9532241821289,yahoo_live
2021-02-11,64.98290252685547,yahoo_live
2021-02-12,65.08670806884766,yahoo_live
2021-02-16,64.98290252685547,yahoo_live
2021-02-17,64.96063995361328,yahoo_live
2021-02-18,64.87165832519531,yahoo_live
2021-02-19,64.8790512084961,yahoo_live
2021-02-22,64.67889404296875,yahoo_live
2021-02-23,64.83460235595703,yahoo_live
2021-02-24,64.90129852294922,yahoo_live
2021-02-25,64.285888671875,yahoo_live
2021-02-26,64.09310913085938,yahoo_live
2021-03-01,64.81269073486328,yahoo_live
2021-03-02,64.7159423828125,yahoo_live
2021-03-03,64.50758361816406,yahoo_live
2021-03-04,64.26204681396484,yahoo_live
2021-03-05,64.45550537109375,yahoo_live
2021-03-08,63.986717224121094,yahoo_live
2021-03-09,64.07601165771484,yahoo_live
2021-03-10,64.27691650390625,yahoo_live
2021-03-11,64.5150146484375,yahoo_live
2021-03-12,64.3364486694336,yahoo_live
2021-03-15,64.34387969970703,yahoo_live
2021-03-16,64.1950454711914,yahoo_live
2021-03-17,64.28436279296875,yahoo_live
2021-03-18,63.79323196411133,yahoo_live
2021-03-19,64.03881072998047,yahoo_live
2021-03-22,64.26948547363281,yahoo_live
2021-03-23,64.3364486694336,yahoo_live
2021-03-24,64.3736343383789,yahoo_live
2021-03-25,64.48527526855469,yahoo_live
2021-03-26,64.67876434326172,yahoo_live
2021-03-29,64.7159423828125,yahoo_live
2021-03-30,64.55965423583984,yahoo_live
2021-03-31,64.8722152709961,yahoo_live
2021-04-01,65.00960540771484,yahoo_live
2021-04-05,65.03944396972656,yahoo_live
2021-04-06,65.15143585205078,yahoo_live
2021-04-07,65.1290512084961,yahoo_live
2021-04-08,65.15143585205078,yahoo_live
2021-04-09,65.10664367675781,yahoo_live
2021-04-12,65.03944396972656,yahoo_live
2021-04-13,65.08423614501953,yahoo_live
2021-04-14,65.05436706542969,yahoo_live
2021-04-15,65.31568908691406,yahoo_live
2021-04-16,65.18130493164062,yahoo_live
2021-04-19,65.07678985595703,yahoo_live
2021-04-20,64.96481323242188,yahoo_live
2021-04-21,65.18130493164062,yahoo_live
2021-04-22,65.06185150146484,yahoo_live
2021-04-23,65.23359680175781,yahoo_live
2021-04-26,65.20372772216797,yahoo_live
2021-04-27,65.1141357421875,yahoo_live
2021-04-28,65.24105834960938,yahoo_live
2021-04-29,65.31568908691406,yahoo_live
2021-04-30,65.28582000732422,yahoo_live
2021-05-03,65.31134033203125,yahoo_live
2021-05-04,65.27384948730469,yahoo_live
2021-05-05,65.40119934082031,yahoo_live
2021-05-06,65.37873840332031,yahoo_live
2021-05-07,65.42369842529297,yahoo_live
2021-05-10,65.27384948730469,yahoo_live
2021-05-11,65.20643615722656,yahoo_live
2021-05-12,64.89179229736328,yahoo_live
2021-05-13,65.12403106689453,yahoo_live
2021-05-14,65.33380126953125,yahoo_live
2021-05-17,65.21393585205078,yahoo_live
2021-05-18,65.05661010742188,yahoo_live
2021-05-19,64.88428497314453,yahoo_live
2021-05-20,65.16149139404297,yahoo_live
2021-05-21,65.25885772705078,yahoo_live
2021-05-24,65.33380126953125,yahoo_live
2021-05-25,65.34130859375,yahoo_live
2021-05-26,65.3637466430664,yahoo_live
2021-05-27,65.33380126953125,yahoo_live
2021-05-28,65.31134033203125,yahoo_live
2021-06-01,65.50749206542969,yahoo_live
2021-06-02,65.59014892578125,yahoo_live
2021-06-03,65.45489501953125,yahoo_live
2021-06-04,65.59770202636719,yahoo_live
2021-06-07,65.6202621459961,yahoo_live
2021-06-08,65.66535186767578,yahoo_live
2021-06-09,65.71795654296875,yahoo_live
2021-06-10,65.83824157714844,yahoo_live
2021-06-11,65.86079406738281,yahoo_live
2021-06-14,65.8006591796875,yahoo_live
2021-06-15,65.7931137084961,yahoo_live
2021-06-16,65.70294952392578,yahoo_live
2021-06-17,65.748046875,yahoo_live
2021-06-18,65.71795654296875,yahoo_live
2021-06-21,65.84574127197266,yahoo_live
2021-06-22,65.89085388183594,yahoo_live
2021-06-23,65.82319641113281,yahoo_live
2021-06-24,66.0261459350586,yahoo_live
2021-06-25,66.09376525878906,yahoo_live
2021-06-28,66.08627319335938,yahoo_live
2021-06-29,66.16893768310547,yahoo_live
2021-06-30,66.17648315429688,yahoo_live
2021-07-01,66.3061752319336,yahoo_live
2021-07-02,66.41173553466797,yahoo_live
2021-07-06,66.37406158447266,yahoo_live
2021-07-07,66.39669036865234,yahoo_live
2021-07-08,66.25341033935547,yahoo_live
2021-07-09,66.36656188964844,yahoo_live
2021-07-12,66.34393310546875,yahoo_live
2021-07-13,66.14781951904297,yahoo_live
2021-07-14,66.25341033935547,yahoo_live
2021-07-15,66.20814514160156,yahoo_live
2021-07-16,66.11766815185547,yahoo_live
2021-07-19,65.67269897460938,yahoo_live
2021-07-20,66.0044937133789,yahoo_live
2021-07-21,66.16291046142578,yahoo_live
2021-07-22,66.20059204101562,yahoo_live
2021-07-23,66.3288345336914,yahoo_live
2021-07-26,66.23077392578125,yahoo_live
2021-07-27,66.14027404785156,yahoo_live
2021-07-28,66.1930923461914,yahoo_live
2021-07-29,66.33634948730469,yahoo_live
2021-07-30,66.24586486816406,yahoo_live
2021-08-02,66.0816650390625,yahoo_live
2021-08-03,66.15735626220703,yahoo_live
2021-08-04,66.03629302978516,yahoo_live
2021-08-05,66.18759155273438,yahoo_live
2021-08-06,66.11197662353516,yahoo_live
2021-08-09,65.96063232421875,yahoo_live
2021-08-10,65.809326171875,yahoo_live
2021-08-11,65.91523742675781,yahoo_live
2021-08-12,66.0287094116211,yahoo_live
2021-08-13,66.1724624633789,yahoo_live
2021-08-16,66.19517517089844,yahoo_live
2021-08-17,66.04383087158203,yahoo_live
2021-08-18,65.89251708984375,yahoo_live
2021-08-19,65.88494110107422,yahoo_live
2021-08-20,66.04383087158203,yahoo_live
2021-08-23,66.24810791015625,yahoo_live
2021-08-24,66.33892822265625,yahoo_live
2021-08-25,66.40702056884766,yahoo_live
2021-08-26,66.36921691894531,yahoo_live
2021-08-27,66.55076599121094,yahoo_live
2021-08-30,66.6340103149414,yahoo_live
2021-08-31,66.64913940429688,yahoo_live
2021-09-01,66.70603942871094,yahoo_live
2021-09-02,66.78955078125,yahoo_live
2021-09-03,66.79715728759766,yahoo_live
2021-09-07,66.62254333496094,yahoo_live
2021-09-08,66.69847106933594,yahoo_live
2021-09-09,66.7591781616211,yahoo_live
2021-09-10,66.66051483154297,yahoo_live
2021-09-13,66.8275146484375,yahoo_live
2021-09-14,66.79715728759766,yahoo_live
2021-09-15,66.89580535888672,yahoo_live
2021-09-16,66.87300109863281,yahoo_live
2021-09-17,66.78955078125,yahoo_live
2021-09-20,66.55424499511719,yahoo_live
2021-09-21,66.66809844970703,yahoo_live
2021-09-22,66.78955078125,yahoo_live
2021-09-23,66.81990051269531,yahoo_live
2021-09-24,66.72122192382812,yahoo_live
2021-09-27,66.66051483154297,yahoo_live
2021-09-28,66.3569107055664,yahoo_live
2021-09-29,66.47834777832031,yahoo_live
2021-09-30,66.40247344970703,yahoo_live
2021-10-01,66.56163787841797,yahoo_live
2021-10-04,66.3255844116211,yahoo_live
2021-10-05,66.29507446289062,yahoo_live
2021-10-06,66.25702667236328,yahoo_live
2021-10-07,66.2646484375,yahoo_live
2021-10-08,66.06665802001953,yahoo_live
2021-10-11,65.86103820800781,yahoo_live
2021-10-12,65.98287963867188,yahoo_live
2021-10-13,66.15799713134766,yahoo_live
2021-10-14,66.53117370605469,yahoo_live
2021-10-15,66.41695404052734,yahoo_live
2021-10-18,66.386474609375,yahoo_live
2021-10-19,66.43214416503906,yahoo_live
2021-10-20,66.45503234863281,yahoo_live
2021-10-21,66.28746795654297,yahoo_live
2021-10-22,66.12757873535156,yahoo_live
2021-10-25,66.24179077148438,yahoo_live
2021-10-26,66.25702667236328,yahoo_live
2021-10-27,66.20372772216797,yahoo_live
2021-10-28,66.37126159667969,yahoo_live
2021-10-29,66.19609832763672,yahoo_live
2021-11-01,66.12506103515625,yahoo_live
2021-11-02,66.28549194335938,yahoo_live
2021-11-03,66.41533660888672,yahoo_live
2021-11-04,66.59104919433594,yahoo_live
2021-11-05,66.84313201904297,yahoo_live
2021-11-08,66.75912475585938,yahoo_live
2021-11-09,66.81259155273438,yahoo_live
2021-11-10,66.4382553100586,yahoo_live
2021-11-11,66.32369995117188,yahoo_live
2021-11-12,66.34659576416016,yahoo_live
2021-11-15,66.27021026611328,yahoo_live
2021-11-16,66.3007583618164,yahoo_live
2021-11-17,66.23201751708984,yahoo_live
2021-11-18,66.17852783203125,yahoo_live
2021-11-19,66.12506103515625,yahoo_live
2021-11-22,65.87297058105469,yahoo_live
2021-11-23,65.78126525878906,yahoo_live
2021-11-24,65.7659912109375,yahoo_live
2021-11-26,65.2923812866211,yahoo_live
2021-11-29,65.6972427368164,yahoo_live
2021-11-30,65.42227935791016,yahoo_live
2021-12-01,65.43143463134766,yahoo_live
2021-12-02,65.91429138183594,yahoo_live
2021-12-03,65.91429138183594,yahoo_live
2021-12-06,66.20557403564453,yahoo_live
2021-12-07,66.5581283569336,yahoo_live
2021-12-08,66.5428237915039,yahoo_live
2021-12-09,66.24388885498047,yahoo_live
2021-12-10,66.39716339111328,yahoo_live
2021-12-13,66.39716339111328,yahoo_live
2021-12-14,66.28221893310547,yahoo_live
2021-12-15,66.53514862060547,yahoo_live
2021-12-16,66.4859390258789,yahoo_live
2021-12-17,66.4244155883789,yahoo_live
2021-12-20,66.30902099609375,yahoo_live
2021-12-21,66.66276550292969,yahoo_live
2021-12-22,66.83968353271484,yahoo_live
2021-12-23,67.0319595336914,yahoo_live
2021-12-27,67.10116577148438,yahoo_live
2021-12-28,67.07042694091797,yahoo_live
2021-12-29,66.9627456665039,yahoo_live
2021-12-30,66.93194580078125,yahoo_live
2021-12-31,66.9166030883789,yahoo_live
2022-01-03,66.88582611083984,yahoo_live
2022-01-04,66.71662139892578,yahoo_live
2022-01-05,66.20133209228516,yahoo_live
2022-01-06,66.20901489257812,yahoo_live
2022-01-07,66.03986358642578,yahoo_live
2022-01-10,66.09366607666016,yahoo_live
2022-01-11,66.40129852294922,yahoo_live
2022-01-12,66.50897979736328,yahoo_live
2022-01-13,66.27057647705078,yahoo_live
2022-01-14,66.20901489257812,yahoo_live
2022-01-18,65.88605499267578,yahoo_live
2022-01-19,65.82449340820312,yahoo_live
2022-01-20,65.70146179199219,yahoo_live
2022-01-21,65.70915222167969,yahoo_live
2022-01-24,65.63993072509766,yahoo_live
2022-01-25,65.44768524169922,yahoo_live
2022-01-26,65.22466278076172,yahoo_live
2022-01-27,64.94009399414062,yahoo_live
2022-01-28,65.12467193603516,yahoo_live
2022-01-31,65.14002990722656,yahoo_live
2022-02-01,65.39859008789062,yahoo_live
2022-02-02,65.49893951416016,yahoo_live
2022-02-03,64.91234588623047,yahoo_live
2022-02-04,64.65765380859375,yahoo_live
2022-02-07,64.61134338378906,yahoo_live
2022-02-08,64.54185485839844,yahoo_live
2022-02-09,64.88147735595703,yahoo_live
2022-02-10,64.02470397949219,yahoo_live
2022-02-11,63.80089569091797,yahoo_live
2022-02-14,63.692867279052734,yahoo_live
2022-02-15,63.80089569091797,yahoo_live
2022-02-16,64.15594482421875,yahoo_live
2022-02-17,63.88577651977539,yahoo_live
2022-02-18,63.97840118408203,yahoo_live
2022-02-22,63.83175277709961,yahoo_live
2022-02-23,63.715980529785156,yahoo_live
2022-02-24,64.17134094238281,yahoo_live
2022-02-25,64.53417205810547,yahoo_live
2022-02-28,64.58045959472656,yahoo_live
2022-03-01,64.39991760253906,yahoo_live
2022-03-02,64.5549087524414,yahoo_live
2022-03-03,64.36125183105469,yahoo_live
2022-03-04,63.94287109375,yahoo_live
2022-03-07,63.38508605957031,yahoo_live
2022-03-08,63.160457611083984,yahoo_live
2022-03-09,63.68721389770508,yahoo_live
2022-03-10,63.152706146240234,yahoo_live
2022-03-11,62.69560623168945,yahoo_live
2022-03-14,61.95195007324219,yahoo_live
2022-03-15,62.41674041748047,yahoo_live
2022-03-16,63.29214859008789,yahoo_live
2022-03-17,63.7259521484375,yahoo_live
2022-03-18,63.93512725830078,yahoo_live
2022-03-21,63.19921112060547,yahoo_live
2022-03-22,63.52455520629883,yahoo_live
2022-03-23,63.3231315612793,yahoo_live
2022-03-24,63.454833984375,yahoo_live
2022-03-25,62.99776840209961,yahoo_live
2022-03-28,63.39286804199219,yahoo_live
2022-03-29,64.17528533935547,yahoo_live
2022-03-30,63.98161315917969,yahoo_live
2022-03-31,63.74919891357422,yahoo_live
2022-04-01,63.744529724121094,yahoo_live
2022-04-04,64.22679138183594,yahoo_live
2022-04-05,63.39451599121094,yahoo_live
2022-04-06,62.896724700927734,yahoo_live
2022-04-07,62.795570373535156,yahoo_live
2022-04-08,62.414424896240234,yahoo_live
2022-04-11,61.98663330078125,yahoo_live
2022-04-12,62.461055755615234,yahoo_live
2022-04-13,62.83444595336914,yahoo_live
2022-04-14,62.414424896240234,yahoo_live
2022-04-18,62.31328201293945,yahoo_live
2022-04-19,62.258853912353516,yahoo_live
2022-04-20,62.453330993652344,yahoo_live
2022-04-21,62.025508880615234,yahoo_live
2022-04-22,61.65215301513672,yahoo_live
2022-04-25,62.173316955566406,yahoo_live
2022-04-26,61.8077278137207,yahoo_live
2022-04-27,61.504356384277344,yahoo_live
2022-04-28,61.84660720825195,yahoo_live
2022-04-29,61.08430099487305,yahoo_live
2022-05-02,61.08820724487305,yahoo_live
2022-05-03,61.40837097167969,yahoo_live
2022-05-04,62.03306579589844,yahoo_live
2022-05-05,60.93205261230469,yahoo_live
2022-05-06,60.588443756103516,yahoo_live
2022-05-09,59.948123931884766,yahoo_live
2022-05-10,60.29170608520508,yahoo_live
2022-05-11,59.9325065612793,yahoo_live
2022-05-12,59.90909194946289,yahoo_live
2022-05-13,59.9793586730957,yahoo_live
2022-05-16,59.89346694946289,yahoo_live
2022-05-17,59.83880615234375,yahoo_live
2022-05-18,59.346858978271484,yahoo_live
2022-05-19,59.745113372802734,yahoo_live
2022-05-20,59.70606231689453,yahoo_live
2022-05-23,59.940338134765625,yahoo_live
2022-05-24,60.29955291748047,yahoo_live
2022-05-25,61.21315002441406,yahoo_live
2022-05-26,62.0643310546875,yahoo_live
2022-05-27,62.61875534057617,yahoo_live
2022-05-31,62.07993698120117,yahoo_live
2022-06-01,61.850242614746094,yahoo_live
2022-06-02,62.108943939208984,yahoo_live
2022-06-03,61.64642333984375,yahoo_live
2022-06-06,61.18391799926758,yahoo_live
2022-06-07,61.32501983642578,yahoo_live
2022-06-08,60.79978942871094,yahoo_live
2022-06-09,60.31378173828125,yahoo_live
2022-06-10,59.28688049316406,yahoo_live
2022-06-13,57.3035774230957,yahoo_live
2022-06-14,57.67985916137695,yahoo_live
2022-06-15,58.80085372924805,yahoo_live
2022-06-16,57.867977142333984,yahoo_live
2022-06-17,58.048301696777344,yahoo_live
2022-06-21,58.00910186767578,yahoo_live
2022-06-22,57.99343490600586,yahoo_live
2022-06-23,58.40890121459961,yahoo_live
2022-06-24,58.82439422607422,yahoo_live
2022-06-27,58.463768005371094,yahoo_live
2022-06-28,57.82096862792969,yahoo_live
2022-06-29,57.734710693359375,yahoo_live
2022-06-30,57.703369140625,yahoo_live
2022-07-01,58.25380325317383,yahoo_live
2022-07-05,58.19868850708008,yahoo_live
2022-07-06,57.978172302246094,yahoo_live
2022-07-07,58.923099517822266,yahoo_live
2022-07-08,58.97034454345703,yahoo_live
2022-07-11,58.639625549316406,yahoo_live
2022-07-12,58.87583923339844,yahoo_live
2022-07-13,58.812862396240234,yahoo_live
2022-07-14,58.702632904052734,yahoo_live
2022-07-15,59.450653076171875,yahoo_live
2022-07-18,58.87583923339844,yahoo_live
2022-07-19,59.65541076660156,yahoo_live
2022-07-20,59.91526794433594,yahoo_live
2022-07-21,60.623931884765625,yahoo_live
2022-07-22,60.545204162597656,yahoo_live
2022-07-25,60.52944564819336,yahoo_live
2022-07-26,60.10424041748047,yahoo_live
2022-07-27,60.76566696166992,yahoo_live
2022-07-28,61.387752532958984,yahoo_live
2022-07-29,61.56883239746094,yahoo_live
2022-08-01,61.58782196044922,yahoo_live
2022-08-02,61.30325698852539,yahoo_live
2022-08-03,61.84077453613281,yahoo_live
2022-08-04,62.006778717041016,yahoo_live
2022-08-05,61.690574645996094,yahoo_live
2022-08-08,61.74594497680664,yahoo_live
2022-08-09,61.287437438964844,yahoo_live
2022-08-10,62.20444107055664,yahoo_live
2022-08-11,61.848690032958984,yahoo_live
2022-08-12,62.402034759521484,yahoo_live
2022-08-15,62.2913703918457,yahoo_live
2022-08-16,61.9988899230957,yahoo_live
2022-08-17,61.35859680175781,yahoo_live
2022-08-18,61.453426361083984,yahoo_live
2022-08-19,60.82893753051758,yahoo_live
2022-08-22,60.141204833984375,yahoo_live
2022-08-23,60.29140853881836,yahoo_live
2022-08-24,60.36255645751953,yahoo_live
2022-08-25,60.931724548339844,yahoo_live
2022-08-26,59.927772521972656,yahoo_live
2022-08-29,59.69853210449219,yahoo_live
2022-08-30,59.24003219604492,yahoo_live
2022-08-31,58.91594696044922,yahoo_live
2022-09-01,59.0716438293457,yahoo_live
2022-09-02,59.03192138671875,yahoo_live
2022-09-06,58.87303161621094,yahoo_live
2022-09-07,59.723045349121094,yahoo_live
2022-09-08,59.98520278930664,yahoo_live
2022-09-09,60.2235221862793,yahoo_live
2022-09-12,60.4062385559082,yahoo_live
2022-09-13,59.03192138671875,yahoo_live
2022-09-14,59.11931228637695,yahoo_live
2022-09-15,58.745941162109375,yahoo_live
2022-09-16,58.944541931152344,yahoo_live
2022-09-19,59.16697311401367,yahoo_live
2022-09-20,58.563236236572266,yahoo_live
2022-09-21,58.38845443725586,yahoo_live
2022-09-22,58.03892517089844,yahoo_live
2022-09-23,57.30013656616211,yahoo_live
2022-09-26,56.62487030029297,yahoo_live
2022-09-27,56.5057258605957,yahoo_live
2022-09-28,57.51460647583008,yahoo_live
2022-09-29,56.97442626953125,yahoo_live
2022-09-30,56.71223831176758,yahoo_live
2022-10-03,57.45551300048828,yahoo_live
2022-10-04,58.69290542602539,yahoo_live
2022-10-05,58.46140670776367,yahoo_live
2022-10-06,58.285770416259766,yahoo_live
2022-10-07,57.57524490356445,yahoo_live
2022-10-10,56.87272644042969,yahoo_live
2022-10-11,57.048343658447266,yahoo_live
2022-10-12,57.144161224365234,yahoo_live
2022-10-13,57.27187728881836,yahoo_live
2022-10-14,57.088294982910156,yahoo_live
2022-10-17,57.790794372558594,yahoo_live
2022-10-18,58.19793701171875,yahoo_live
2022-10-19,57.63911056518555,yahoo_live
2022-10-20,57.319786071777344,yahoo_live
2022-10-21,57.87062072753906,yahoo_live
2022-10-24,57.910552978515625,yahoo_live
2022-10-25,58.469383239746094,yahoo_live
2022-10-26,58.62906265258789,yahoo_live
2022-10-27,59.0601692199707,yahoo_live
2022-10-28,59.515193939208984,yahoo_live
2022-10-31,58.62104415893555,yahoo_live
2022-11-01,58.97367858886719,yahoo_live
2022-11-02,58.436744689941406,yahoo_live
2022-11-03,58.02001190185547,yahoo_live
2022-11-04,58.42071533203125,yahoo_live
2022-11-07,58.41269302368164,yahoo_live
2022-11-08,58.356624603271484,yahoo_live
2022-11-09,57.659400939941406,yahoo_live
2022-11-10,59.454505920410156,yahoo_live
2022-11-11,59.66286087036133,yahoo_live
2022-11-14,59.22210693359375,yahoo_live
2022-11-15,59.743011474609375,yahoo_live
2022-11-16,59.614784240722656,yahoo_live
2022-11-17,59.358360290527344,yahoo_live
2022-11-18,59.486572265625,yahoo_live
2022-11-21,59.4625244140625,yahoo_live
2022-11-22,59.89524841308594,yahoo_live
2022-11-23,60.23185729980469,yahoo_live
2022-11-25,60.111656188964844,yahoo_live
2022-11-28,59.478546142578125,yahoo_live
2022-11-29,59.73496627807617,yahoo_live
2022-11-30,60.63252258300781,yahoo_live
2022-12-01,60.85707092285156,yahoo_live
2022-12-02,60.80879211425781,yahoo_live
2022-12-05,60.229339599609375,yahoo_live
2022-12-06,60.01204299926758,yahoo_live
2022-12-07,60.34199905395508,yahoo_live
2022-12-08,60.390316009521484,yahoo_live
2022-12-09,60.390316009521484,yahoo_live
2022-12-12,60.62367248535156,yahoo_live
2022-12-13,61.25141143798828,yahoo_live
2022-12-14,60.90534973144531,yahoo_live
2022-12-15,60.67558288574219,yahoo_live
2022-12-16,60.351993560791016,yahoo_live
2022-12-19,60.04457473754883,yahoo_live
2022-12-20,59.89086151123047,yahoo_live
2022-12-21,60.40054702758789,yahoo_live
2022-12-22,60.02839279174805,yahoo_live
2022-12-23,60.18210983276367,yahoo_live
2022-12-27,59.55915832519531,yahoo_live
2022-12-28,58.75822830200195,yahoo_live
2022-12-29,59.51872634887695,yahoo_live
2022-12-30,59.5672492980957,yahoo_live
2023-01-03,59.68052291870117,yahoo_live
2023-01-04,60.368202209472656,yahoo_live
2023-01-05,60.24680709838867,yahoo_live
2023-01-06,61.1043701171875,yahoo_live
2023-01-09,61.322811126708984,yahoo_live
2023-01-10,61.2500114440918,yahoo_live
2023-01-11,61.654483795166016,yahoo_live
2023-01-12,62.00236892700195,yahoo_live
2023-01-13,62.00236892700195,yahoo_live
2023-01-17,61.792015075683594,yahoo_live
2023-01-18,61.86482238769531,yahoo_live
2023-01-19,61.50075149536133,yahoo_live
2023-01-20,61.622135162353516,yahoo_live
2023-01-23,61.614036560058594,yahoo_live
2023-01-24,61.654483795166016,yahoo_live
2023-01-25,61.64640808105469,yahoo_live
2023-01-26,61.80011749267578,yahoo_live
2023-01-27,61.614036560058594,yahoo_live
2023-01-30,61.27426528930664,yahoo_live
2023-01-31,61.751583099365234,yahoo_live
2023-02-01,62.40030288696289,yahoo_live
2023-02-02,62.757991790771484,yahoo_live
2023-02-03,62.09951400756836,yahoo_live
2023-02-06,61.701168060302734,yahoo_live
2023-02-07,61.92066192626953,yahoo_live
2023-02-08,61.6605224609375,yahoo_live
2023-02-09,61.26219177246094,yahoo_live
2023-02-10,60.790687561035156,yahoo_live
2023-02-13,60.94516372680664,yahoo_live
2023-02-14,60.9614143371582,yahoo_live
2023-02-15,60.863861083984375,yahoo_live
2023-02-16,60.3761100769043,yahoo_live
2023-02-17,60.611854553222656,yahoo_live
2023-02-21,59.677005767822266,yahoo_live
2023-02-22,60.06716537475586,yahoo_live
2023-02-23,60.66066360473633,yahoo_live
2023-02-24,60.294822692871094,yahoo_live
2023-02-27,60.701263427734375,yahoo_live
2023-02-28,60.58747100830078,yahoo_live
2023-03-01,60.41571044921875,yahoo_live
2023-03-02,60.48930740356445,yahoo_live
2023-03-03,61.11091232299805,yahoo_live
2023-03-06,61.11091232299805,yahoo_live
2023-03-07,60.677433013916016,yahoo_live
2023-03-08,60.39116287231445,yahoo_live
2023-03-09,60.05583190917969,yahoo_live
2023-03-10,60.06403350830078,yahoo_live
2023-03-13,59.73687744140625,yahoo_live
2023-03-14,60.17035675048828,yahoo_live
2023-03-15,59.97405242919922,yahoo_live
2023-03-16,60.366661071777344,yahoo_live
2023-03-17,60.00678634643555,yahoo_live
2023-03-20,59.843204498291016,yahoo_live
2023-03-21,60.497493743896484,yahoo_live
2023-03-22,60.55474853515625,yahoo_live
2023-03-23,60.317569732666016,yahoo_live
2023-03-24,60.19487380981445,yahoo_live
2023-03-27,60.04766845703125,yahoo_live
2023-03-28,60.01493835449219,yahoo_live
2023-03-29,60.767398834228516,yahoo_live
2023-03-30,61.12723159790039,yahoo_live
2023-03-31,61.78972244262695,yahoo_live
2023-04-03,61.74205780029297,yahoo_live
2023-04-04,61.56132125854492,yahoo_live
2023-04-05,61.21626281738281,yahoo_live
2023-04-06,61.48736572265625,yahoo_live
2023-04-10,61.42986297607422,yahoo_live
2023-04-11,61.56132125854492,yahoo_live
2023-04-12,61.54490280151367,yahoo_live
2023-04-13,61.963897705078125,yahoo_live
2023-04-14,61.84886169433594,yahoo_live
2023-04-17,61.684574127197266,yahoo_live
2023-04-18,61.725624084472656,yahoo_live
2023-04-19,61.47915267944336,yahoo_live
2023-04-20,61.42167663574219,yahoo_live
2023-04-21,61.610626220703125,yahoo_live
2023-04-24,61.78317642211914,yahoo_live
2023-04-25,61.684574127197266,yahoo_live
2023-04-26,61.44633102416992,yahoo_live
2023-04-27,61.651702880859375,yahoo_live
2023-04-28,61.914608001708984,yahoo_live
2023-05-01,61.63075637817383,yahoo_live
2023-05-02,61.57301330566406,yahoo_live
2023-05-03,61.540008544921875,yahoo_live
2023-05-04,61.35846710205078,yahoo_live
2023-05-05,61.688533782958984,yahoo_live
2023-05-08,61.5152473449707,yahoo_live
2023-05-09,61.35846710205078,yahoo_live
2023-05-10,61.729766845703125,yahoo_live
2023-05-11,61.63075637817383,yahoo_live
2023-05-12,61.407958984375,yahoo_live
2023-05-15,61.391448974609375,yahoo_live
2023-05-16,60.96237564086914,yahoo_live
2023-05-17,61.127418518066406,yahoo_live
2023-05-18,61.160423278808594,yahoo_live
2023-05-19,61.226436614990234,yahoo_live
2023-05-22,61.498722076416016,yahoo_live
2023-05-23,61.17692184448242,yahoo_live
2023-05-24,60.74784851074219,yahoo_live
2023-05-25,60.70657730102539,yahoo_live
2023-05-26,61.0778923034668,yahoo_live
2023-05-30,61.341949462890625,yahoo_live
2023-05-31,61.15216827392578,yahoo_live
2023-06-01,61.51945495605469,yahoo_live
2023-06-02,61.83452224731445,yahoo_live
2023-06-05,61.78476333618164,yahoo_live
2023-06-06,61.8842658996582,yahoo_live
2023-06-07,61.5443229675293,yahoo_live
2023-06-08,61.93401336669922,yahoo_live
2023-06-09,61.95059585571289,yahoo_live
2023-06-12,61.8842658996582,yahoo_live
2023-06-13,61.95888900756836,yahoo_live
2023-06-14,61.98377990722656,yahoo_live
2023-06-15,62.28223419189453,yahoo_live
2023-06-16,62.12471008300781,yahoo_live
2023-06-20,61.95888900756836,yahoo_live
2023-06-21,61.801307678222656,yahoo_live
2023-06-22,61.618961334228516,yahoo_live
2023-06-23,61.51118087768555,yahoo_live
2023-06-26,61.5443229675293,yahoo_live
2023-06-27,61.75160598754883,yahoo_live
2023-06-28,62.108131408691406,yahoo_live
2023-06-29,61.94227981567383,yahoo_live
2023-06-30,62.24078369140625,yahoo_live
2023-07-03,62.14326858520508,yahoo_live
2023-07-05,61.951541900634766,yahoo_live
2023-07-06,61.50139236450195,yahoo_live
2023-07-07,61.55973434448242,yahoo_live
2023-07-10,61.86815643310547,yahoo_live
2023-07-11,62.20160675048828,yahoo_live
2023-07-12,62.685089111328125,yahoo_live
2023-07-13,63.060176849365234,yahoo_live
2023-07-14,62.601715087890625,yahoo_live
2023-07-17,62.71841049194336,yahoo_live
2023-07-18,62.893455505371094,yahoo_live
2023-07-19,62.9434928894043,yahoo_live
2023-07-20,62.66840362548828,yahoo_live
2023-07-21,62.82678985595703,yahoo_live
2023-07-24,62.71841049194336,yahoo_live
2023-07-25,62.67675018310547,yahoo_live
2023-07-26,62.92680740356445,yahoo_live
2023-07-27,62.42668533325195,yahoo_live
2023-07-28,62.785099029541016,yahoo_live
2023-07-31,62.93515396118164,yahoo_live
2023-08-01,62.623592376708984,yahoo_live
2023-08-02,62.35554504394531,yahoo_live
2023-08-03,62.15454864501953,yahoo_live
2023-08-04,62.52306365966797,yahoo_live
2023-08-07,62.64033126831055,yahoo_live
2023-08-08,62.77434158325195,yahoo_live
2023-08-09,62.78271484375,yahoo_live
2023-08-10,62.765960693359375,yahoo_live
2023-08-11,62.673828125,yahoo_live
2023-08-14,62.665470123291016,yahoo_live
2023-08-15,62.46444320678711,yahoo_live
2023-08-16,62.27180480957031,yahoo_live
2023-08-17,62.01218032836914,yahoo_live
2023-08-18,62.05404281616211,yahoo_live
2023-08-21,62.03729248046875,yahoo_live
2023-08-22,62.0707893371582,yahoo_live
2023-08-23,62.573307037353516,yahoo_live
2023-08-24,62.22992706298828,yahoo_live
2023-08-25,62.48958969116211,yahoo_live
2023-08-28,62.72410202026367,yahoo_live
2023-08-29,63.11772537231445,yahoo_live
2023-08-30,63.09260559082031,yahoo_live
2023-08-31,63.05072784423828,yahoo_live
2023-09-01,63.16939926147461,yahoo_live
2023-09-05,62.75706100463867,yahoo_live
2023-09-06,62.6055908203125,yahoo_live
2023-09-07,62.815956115722656,yahoo_live
2023-09-08,62.790733337402344,yahoo_live
2023-09-11,62.90009307861328,yahoo_live
2023-09-12,62.79912567138672,yahoo_live
2023-09-13,62.96741485595703,yahoo_live
2023-09-14,63.04316329956055,yahoo_live
2023-09-15,62.80754470825195,yahoo_live
2023-09-18,62.84961700439453,yahoo_live
2023-09-19,62.656070709228516,yahoo_live
2023-09-20,62.6055908203125,yahoo_live
2023-09-21,62.15959930419922,yahoo_live
2023-09-22,62.26898956298828,yahoo_live
2023-09-25,62.18486022949219,yahoo_live
2023-09-26,61.91559600830078,yahoo_live
2023-09-27,61.83143615722656,yahoo_live
2023-09-28,62.12595748901367,yahoo_live
2023-09-29,62.033390045166016,yahoo_live
2023-10-02,61.65697479248047,yahoo_live
2023-10-03,61.03102493286133,yahoo_live
2023-10-04,61.343997955322266,yahoo_live
2023-10-05,61.40318298339844,yahoo_live
2023-10-06,61.487796783447266,yahoo_live
2023-10-09,61.94456100463867,yahoo_live
2023-10-10,61.92766571044922,yahoo_live
2023-10-11,61.919193267822266,yahoo_live
2023-10-12,61.58932113647461,yahoo_live
2023-10-13,61.53854751586914,yahoo_live
2023-10-16,61.521629333496094,yahoo_live
2023-10-17,61.23402404785156,yahoo_live
2023-10-18,60.93796157836914,yahoo_live
2023-10-19,60.71803283691406,yahoo_live
2023-10-20,60.84491729736328,yahoo_live
2023-10-23,61.0902214050293,yahoo_live
2023-10-24,61.40318298339844,yahoo_live
2023-10-25,61.073307037353516,yahoo_live
2023-10-26,61.2847785949707,yahoo_live
2023-10-27,61.20864486694336,yahoo_live
2023-10-30,61.2255744934082,yahoo_live
2023-10-31,61.38628005981445,yahoo_live
2023-11-01,61.971370697021484,yahoo_live
2023-11-02,62.668739318847656,yahoo_live
2023-11-03,63.281044006347656,yahoo_live
2023-11-06,63.025943756103516,yahoo_live
2023-11-07,63.034420013427734,yahoo_live
2023-11-08,63.06847381591797,yahoo_live
2023-11-09,62.67724609375,yahoo_live
2023-11-10,62.983402252197266,yahoo_live
2023-11-13,62.923858642578125,yahoo_live
2023-11-14,63.56169509887695,yahoo_live
2023-11-15,63.35755920410156,yahoo_live
2023-11-16,63.44266128540039,yahoo_live
2023-11-17,63.58720779418945,yahoo_live
2023-11-20,63.65524673461914,yahoo_live
2023-11-21,63.74028396606445,yahoo_live
2023-11-22,63.8508415222168,yahoo_live
2023-11-24,63.78282165527344,yahoo_live
2023-11-27,63.87635803222656,yahoo_live
2023-11-28,64.15701293945312,yahoo_live
2023-11-29,64.50570678710938,yahoo_live
2023-11-30,64.38663482666016,yahoo_live
2023-12-01,64.91972351074219,yahoo_live
2023-12-04,64.75740051269531,yahoo_live
2023-12-05,64.81721496582031,yahoo_live
2023-12-06,64.82573699951172,yahoo_live
2023-12-07,64.93680572509766,yahoo_live
2023-12-08,64.80866241455078,yahoo_live
2023-12-11,64.76594543457031,yahoo_live
2023-12-12,64.91117095947266,yahoo_live
2023-12-13,65.90219116210938,yahoo_live
2023-12-14,66.19324493408203,yahoo_live
2023-12-15,66.04727172851562,yahoo_live
2023-12-18,66.09021759033203,yahoo_live
2023-12-19,66.27906799316406,yahoo_live
2023-12-20,66.28768157958984,yahoo_live
2023-12-21,66.58812713623047,yahoo_live
2023-12-22,66.51090240478516,yahoo_live
2023-12-26,66.63966369628906,yahoo_live
2023-12-27,66.9144058227539,yahoo_live
2023-12-28,66.69978332519531,yahoo_live
2023-12-29,66.44220733642578,yahoo_live
2024-01-02,66.21900177001953,yahoo_live
2024-01-03,66.03868865966797,yahoo_live
2024-01-04,65.78115844726562,yahoo_live
2024-01-05,65.83264923095703,yahoo_live
2024-01-08,66.20181274414062,yahoo_live
2024-01-09,66.30485534667969,yahoo_live
2024-01-10,66.42506408691406,yahoo_live
2024-01-11,66.63966369628906,yahoo_live
2024-01-12,66.7083740234375,yahoo_live
2024-01-16,66.28768157958984,yahoo_live
2024-01-17,66.00435638427734,yahoo_live
2024-01-18,66.1417236328125,yahoo_live
2024-01-19,66.25334167480469,yahoo_live
2024-01-22,66.30485534667969,yahoo_live
2024-01-23,66.22757720947266,yahoo_live
2024-01-24,66.19324493408203,yahoo_live
2024-01-25,66.69978332519531,yahoo_live
2024-01-26,66.64825439453125,yahoo_live
2024-01-29,66.79419708251953,yahoo_live
2024-01-30,66.7083740234375,yahoo_live
2024-01-31,66.51947021484375,yahoo_live
2024-02-01,66.9025650024414,yahoo_live
2024-02-02,66.60057067871094,yahoo_live
2024-02-05,66.28996276855469,yahoo_live
2024-02-06,66.53154754638672,yahoo_live
2024-02-07,66.6436996459961,yahoo_live
2024-02-08,66.60920715332031,yahoo_live
2024-02-09,66.74727630615234,yahoo_live
2024-02-12,66.60057067871094,yahoo_live
2024-02-13,66.06563568115234,yahoo_live
2024-02-14,66.32447814941406,yahoo_live
2024-02-15,66.55744171142578,yahoo_live
2024-02-16,66.3589859008789,yahoo_live
2024-02-20,66.4970474243164,yahoo_live
2024-02-21,66.37627410888672,yahoo_live
2024-02-22,66.69548797607422,yahoo_live
2024-02-23,66.73863220214844,yahoo_live
2024-02-26,66.52293395996094,yahoo_live
2024-02-27,66.60920715332031,yahoo_live
2024-02-28,66.60057067871094,yahoo_live
2024-02-29,66.72137451171875,yahoo_live
2024-03-01,66.9712905883789,yahoo_live
2024-03-04,66.95393371582031,yahoo_live
2024-03-05,66.90187072753906,yahoo_live
2024-03-06,67.06672668457031,yahoo_live
2024-03-07,67.14482116699219,yahoo_live
2024-03-08,67.16217041015625,yahoo_live
2024-03-11,67.15348815917969,yahoo_live
2024-03-12,67.21426391601562,yahoo_live
2024-03-13,67.24027252197266,yahoo_live
2024-03-14,66.91922760009766,yahoo_live
2024-03-15,66.8758316040039,yahoo_live
2024-03-18,67.03202056884766,yahoo_live
2024-03-19,67.30101013183594,yahoo_live
2024-03-20,67.52662658691406,yahoo_live
2024-03-21,67.4919204711914,yahoo_live
2024-03-22,67.42251586914062,yahoo_live
2024-03-25,67.31834411621094,yahoo_live
2024-03-26,67.24027252197266,yahoo_live
2024-03-27,67.5960464477539,yahoo_live
2024-03-28,67.44853210449219,yahoo_live
2024-04-01,67.17378997802734,yahoo_live
2024-04-02,67.06043243408203,yahoo_live
2024-04-03,67.11275482177734,yahoo_live
2024-04-04,67.06043243408203,yahoo_live
2024-04-05,66.99934387207031,yahoo_live
2024-04-08,67.15632629394531,yahoo_live
2024-04-09,67.29592895507812,yahoo_live
2024-04-10,66.70281982421875,yahoo_live
2024-04-11,66.64177703857422,yahoo_live
2024-04-12,66.60688018798828,yahoo_live
2024-04-15,66.22315216064453,yahoo_live
2024-04-16,66.00509643554688,yahoo_live
2024-04-17,66.09234619140625,yahoo_live
2024-04-18,66.1446533203125,yahoo_live
2024-04-19,66.26676177978516,yahoo_live
2024-04-22,66.63307189941406,yahoo_live
2024-04-23,66.90343475341797,yahoo_live
2024-04-24,66.75516510009766,yahoo_live
2024-04-25,66.6156234741211,yahoo_live
2024-04-26,66.82495880126953,yahoo_live
2024-04-29,67.0255355834961,yahoo_live
2024-04-30,66.53713989257812,yahoo_live
2024-05-01,66.88784790039062,yahoo_live
2024-05-02,67.29989624023438,yahoo_live
2024-05-03,67.58048248291016,yahoo_live
2024-05-06,67.65937042236328,yahoo_live
2024-05-07,67.66814422607422,yahoo_live
2024-05-08,67.51029968261719,yahoo_live
2024-05-09,67.52783966064453,yahoo_live
2024-05-10,67.42265319824219,yahoo_live
2024-05-13,67.40509033203125,yahoo_live
2024-05-14,67.51029968261719,yahoo_live
2024-05-15,67.90486907958984,yahoo_live
2024-05-16,67.74703979492188,yahoo_live
2024-05-17,67.75581359863281,yahoo_live
2024-05-20,67.79090118408203,yahoo_live
2024-05-21,67.7383041381836,yahoo_live
2024-05-22,67.5892333984375,yahoo_live
2024-05-23,67.35249328613281,yahoo_live
2024-05-24,67.5892333984375,yahoo_live
2024-05-28,67.31742858886719,yahoo_live
2024-05-29,67.11579132080078,yahoo_live
2024-05-30,67.38758087158203,yahoo_live
2024-05-31,67.62432098388672,yahoo_live
2024-06-03,67.8339614868164,yahoo_live
2024-06-04,67.7987060546875,yahoo_live
2024-06-05,68.0189208984375,yahoo_live
2024-06-06,67.9043960571289,yahoo_live
2024-06-07,67.72824096679688,yahoo_live
2024-06-10,67.7898941040039,yahoo_live
2024-06-11,67.87799835205078,yahoo_live
2024-06-12,68.15104675292969,yahoo_live
2024-06-13,68.14224243164062,yahoo_live
2024-06-14,67.87799835205078,yahoo_live
2024-06-17,67.9220199584961,yahoo_live
2024-06-18,68.13343048095703,yahoo_live
2024-06-20,68.08940887451172,yahoo_live
2024-06-21,68.1686782836914,yahoo_live
2024-06-24,68.09818267822266,yahoo_live
2024-06-25,68.1863021850586,yahoo_live
2024-06-26,68.0365219116211,yahoo_live
2024-06-27,68.11580657958984,yahoo_live
2024-06-28,67.94843292236328,yahoo_live
2024-07-01,67.93515014648438,yahoo_live
2024-07-02,68.12112426757812,yahoo_live
2024-07-03,68.36019134521484,yahoo_live
2024-07-05,68.56387329101562,yahoo_live
2024-07-08,68.54618072509766,yahoo_live
2024-07-09,68.46648406982422,yahoo_live
2024-07-10,68.62586212158203,yahoo_live
2024-07-11,68.8738021850586,yahoo_live
2024-07-12,69.05089569091797,yahoo_live
2024-07-15,69.05974578857422,yahoo_live
2024-07-16,69.32538604736328,yahoo_live
2024-07-17,69.2457046508789,yahoo_live
2024-07-18,69.10403442382812,yahoo_live
2024-07-19,69.05089569091797,yahoo_live
2024-07-22,69.30768585205078,yahoo_live
2024-07-23,69.31656646728516,yahoo_live
2024-07-24,69.09518432617188,yahoo_live
2024-07-25,69.10403442382812,yahoo_live
2024-07-26,69.32538604736328,yahoo_live
2024-07-29,69.26342010498047,yahoo_live
2024-07-30,69.29883575439453,yahoo_live
2024-07-31,69.54678344726562,yahoo_live
2024-08-01,69.3945541381836,yahoo_live
2024-08-02,69.16312408447266,yahoo_live
2024-08-05,68.73585510253906,yahoo_live
2024-08-06,68.99400329589844,yahoo_live
2024-08-07,69.12752532958984,yahoo_live
2024-08-08,69.4123764038086,yahoo_live
2024-08-09,69.40347290039062,yahoo_live
2024-08-12,69.44795989990234,yahoo_live
2024-08-13,69.76841735839844,yahoo_live
2024-08-14,69.8930435180664,yahoo_live
2024-08-15,69.95536041259766,yahoo_live
2024-08-16,70.17786407470703,yahoo_live
2024-08-19,70.29361724853516,yahoo_live
2024-08-20,70.23128509521484,yahoo_live
2024-08-21,70.39152526855469,yahoo_live
2024-08-22,70.30250549316406,yahoo_live
2024-08-23,70.6763687133789,yahoo_live
2024-08-26,70.53394317626953,yahoo_live
2024-08-27,70.57844543457031,yahoo_live
2024-08-28,70.54283142089844,yahoo_live
2024-08-29,70.6140365600586,yahoo_live
2024-08-30,70.62293243408203,yahoo_live
2024-09-03,70.37251281738281,yahoo_live
2024-09-04,70.63189697265625,yahoo_live
2024-09-05,70.87337493896484,yahoo_live
2024-09-06,70.78394317626953,yahoo_live
2024-09-09,70.9538803100586,yahoo_live
2024-09-10,70.8197250366211,yahoo_live
2024-09-11,70.92705535888672,yahoo_live
2024-09-12,71.02542877197266,yahoo_live
2024-09-13,71.22219848632812,yahoo_live
2024-09-16,71.40109252929688,yahoo_live
2024-09-17,71.4189682006836,yahoo_live
2024-09-18,71.4815902709961,yahoo_live
2024-09-19,71.69624328613281,yahoo_live
2024-09-20,71.7856674194336,yahoo_live
2024-09-23,71.65152740478516,yahoo_live
2024-09-24,71.66046905517578,yahoo_live
2024-09-25,71.57996368408203,yahoo_live
2024-09-26,71.69624328613281,yahoo_live
2024-09-27,71.8751220703125,yahoo_live
2024-09-30,71.82145690917969,yahoo_live
2024-10-01,71.78551483154297,yahoo_live
2024-10-02,71.79448699951172,yahoo_live
2024-10-03,71.62373352050781,yahoo_live
2024-10-04,71.5428466796875,yahoo_live
2024-10-07,71.23725128173828,yahoo_live
2024-10-08,71.40802001953125,yahoo_live
2024-10-09,71.36309051513672,yahoo_live
2024-10-10,71.3271255493164,yahoo_live
2024-10-11,71.51587677001953,yahoo_live
2024-10-14,71.55180358886719,yahoo_live
2024-10-15,71.5338363647461,yahoo_live
2024-10-16,71.65967559814453,yahoo_live
2024-10-17,71.55180358886719,yahoo_live
2024-10-18,71.72257232666016,yahoo_live
2024-10-21,71.43498229980469,yahoo_live
2024-10-22,71.33612060546875,yahoo_live
2024-10-23,71.12041473388672,yahoo_live
2024-10-24,71.3271255493164,yahoo_live
2024-10-25,71.25523376464844,yahoo_live
2024-10-28,71.43498229980469,yahoo_live
2024-10-29,71.4529800415039,yahoo_live
2024-10-30,71.3271255493164,yahoo_live
2024-10-31,71.12940979003906,yahoo_live
2024-11-01,71.1339111328125,yahoo_live
2024-11-04,71.33265686035156,yahoo_live
2024-11-05,71.5313491821289,yahoo_live
2024-11-06,71.65782928466797,yahoo_live
2024-11-07,71.9649429321289,yahoo_live
2024-11-08,72.08235168457031,yahoo_live
2024-11-11,72.0010757446289,yahoo_live
2024-11-12,71.71202850341797,yahoo_live
2024-11-13,71.7300796508789,yahoo_live
2024-11-14,71.57653045654297,yahoo_live
2024-11-15,71.56749725341797,yahoo_live
2024-11-18,71.70297241210938,yahoo_live
2024-11-19,71.81140899658203,yahoo_live
2024-11-20,71.79331970214844,yahoo_live
2024-11-21,71.82041931152344,yahoo_live
2024-11-22,71.8023452758789,yahoo_live
2024-11-25,72.0733413696289,yahoo_live
2024-11-26,71.9378433227539,yahoo_live
2024-11-27,72.15462493896484,yahoo_live
2024-11-29,72.29916381835938,yahoo_live
2024-12-02,72.27283477783203,yahoo_live
2024-12-03,72.27283477783203,yahoo_live
2024-12-04,72.44523620605469,yahoo_live
2024-12-05,72.38172149658203,yahoo_live
2024-12-06,72.49967956542969,yahoo_live
2024-12-09,72.40894317626953,yahoo_live
2024-12-10,72.44523620605469,yahoo_live
2024-12-11,72.4634017944336,yahoo_live
2024-12-12,72.26377868652344,yahoo_live
2024-12-13,72.0550765991211,yahoo_live
2024-12-16,72.19116973876953,yahoo_live
2024-12-17,72.03692626953125,yahoo_live
2024-12-18,71.29722595214844,yahoo_live
2024-12-19,71.22425079345703,yahoo_live
2024-12-20,71.67117309570312,yahoo_live
2024-12-23,71.47962951660156,yahoo_live
2024-12-24,71.7076644897461,yahoo_live
2024-12-26,71.89007568359375,yahoo_live
2024-12-27,71.64383697509766,yahoo_live
2024-12-30,71.74414825439453,yahoo_live
2024-12-31,71.73502349853516,yahoo_live
2025-01-02,71.9083251953125,yahoo_live
2025-01-03,72.01777648925781,yahoo_live
2025-01-06,72.14546203613281,yahoo_live
2025-01-07,71.9083251953125,yahoo_live
2025-01-08,71.99952697753906,yahoo_live
2025-01-10,71.6255874633789,yahoo_live
2025-01-13,71.60733795166016,yahoo_live
2025-01-14,71.69853210449219,yahoo_live
2025-01-15,72.32787322998047,yahoo_live
2025-01-16,72.40996551513672,yahoo_live
2025-01-17,72.47380065917969,yahoo_live
2025-01-21,72.66534423828125,yahoo_live
2025-01-22,72.56501007080078,yahoo_live
2025-01-23,72.6562271118164,yahoo_live
2025-01-24,72.73831939697266,yahoo_live
2025-01-27,72.79302978515625,yahoo_live
2025-01-28,72.76569366455078,yahoo_live
2025-01-29,72.72005462646484,yahoo_live
2025-01-30,72.85688781738281,yahoo_live
2025-01-31,72.71095275878906,yahoo_live
2025-02-03,72.61933898925781,yahoo_live
2025-02-04,72.84837341308594,yahoo_live
2025-02-05,73.0407943725586,yahoo_live
2025-02-06,72.93083190917969,yahoo_live
2025-02-07,72.7018051147461,yahoo_live
2025-02-10,72.84837341308594,yahoo_live
2025-02-11,72.82089233398438,yahoo_live
2025-02-12,72.6651382446289,yahoo_live
2025-02-13,72.99497985839844,yahoo_live
2025-02-14,73.07744598388672,yahoo_live
2025-02-18,73.0133056640625,yahoo_live
2025-02-19,73.06828308105469,yahoo_live
2025-02-20,73.11408233642578,yahoo_live
2025-02-21,72.97665405273438,yahoo_live
2025-02-24,73.06828308105469,yahoo_live
2025-02-25,73.25151824951172,yahoo_live
2025-02-26,73.35230255126953,yahoo_live
2025-02-27,73.21485900878906,yahoo_live
2025-02-28,73.41645050048828,yahoo_live
2025-03-03,73.26363372802734,yahoo_live
2025-03-04,73.25442504882812,yahoo_live
2025-03-05,73.2912368774414,yahoo_live
2025-03-06,73.01509857177734,yahoo_live
2025-03-07,73.13475799560547,yahoo_live
2025-03-10,72.85859680175781,yahoo_live
2025-03-11,72.60086822509766,yahoo_live
2025-03-12,72.68370819091797,yahoo_live
2025-03-13,72.27867126464844,yahoo_live
2025-03-14,72.61005401611328,yahoo_live
2025-03-17,72.78497314453125,yahoo_live
2025-03-18,72.65608215332031,yahoo_live
2025-03-19,73.13475799560547,yahoo_live
2025-03-20,73.03349304199219,yahoo_live
2025-03-21,72.92303466796875,yahoo_live
2025-03-24,73.13475799560547,yahoo_live
2025-03-25,73.09794616699219,yahoo_live
2025-03-26,72.8033676147461,yahoo_live
2025-03-27,72.66529846191406,yahoo_live
2025-03-28,72.53643035888672,yahoo_live
2025-03-31,72.61927795410156,yahoo_live
2025-04-01,72.78762817382812,yahoo_live
2025-04-02,72.93561553955078,yahoo_live
2025-04-03,72.02912139892578,yahoo_live
2025-04-04,71.00238037109375,yahoo_live
2025-04-07,70.39187622070312,yahoo_live
2025-04-08,70.0681381225586,yahoo_live
2025-04-09,71.94586944580078,yahoo_live
2025-04-10,70.77114868164062,yahoo_live
2025-04-11,70.98389434814453,yahoo_live
2025-04-14,71.33539581298828,yahoo_live
2025-04-15,71.5296401977539,yahoo_live
2025-04-16,71.52039337158203,yahoo_live
2025-04-17,71.9366226196289,yahoo_live
2025-04-21,71.5111312866211,yahoo_live
2025-04-22,71.78865814208984,yahoo_live
2025-04-23,72.14936828613281,yahoo_live
2025-04-24,72.79688262939453,yahoo_live
2025-04-25,72.86161804199219,yahoo_live
2025-04-28,72.89862060546875,yahoo_live
2025-04-29,73.09285736083984,yahoo_live
2025-04-30,72.7043685913086,yahoo_live
2025-05-01,72.79829406738281,yahoo_live
2025-05-02,73.02141571044922,yahoo_live
2025-05-05,72.9935302734375,yahoo_live
2025-05-06,72.9377212524414,yahoo_live
2025-05-07,73.00282287597656,yahoo_live
2025-05-08,72.98420715332031,yahoo_live
2025-05-09,73.03070068359375,yahoo_live
2025-05-12,73.75591278076172,yahoo_live
2025-05-13,73.8860855102539,yahoo_live
2025-05-14,73.61646270751953,yahoo_live
2025-05-15,73.75591278076172,yahoo_live
2025-05-16,73.83959197998047,yahoo_live
2025-05-19,73.8023910522461,yahoo_live
2025-05-20,73.76519775390625,yahoo_live
2025-05-21,73.27243041992188,yahoo_live
2025-05-22,73.42120361328125,yahoo_live
2025-05-23,73.40260314941406,yahoo_live
2025-05-27,73.84888458251953,yahoo_live
2025-05-28,73.8023910522461,yahoo_live
2025-05-29,73.91395568847656,yahoo_live
2025-05-30,73.97903442382812,yahoo_live
2025-06-02,73.96597290039062,yahoo_live
2025-06-03,74.10608673095703,yahoo_live
2025-06-04,74.24623107910156,yahoo_live
2025-06-05,74.08740234375,yahoo_live
2025-06-06,74.07806396484375,yahoo_live
2025-06-09,74.11541748046875,yahoo_live
2025-06-10,74.29290771484375,yahoo_live
2025-06-11,74.27422332763672,yahoo_live
2025-06-12,74.35829162597656,yahoo_live
2025-06-13,74.13410949707031,yahoo_live
2025-06-16,74.28356170654297,yahoo_live
2025-06-17,74.19950103759766,yahoo_live
2025-06-18,74.31159973144531,yahoo_live
2025-06-20,74.54512023925781,yahoo_live
2025-06-23,74.68524932861328,yahoo_live
2025-06-24,74.8907699584961,yahoo_live
2025-06-25,74.87208557128906,yahoo_live
2025-06-26,75.08692932128906,yahoo_live
2025-06-27,75.04957580566406,yahoo_live
2025-06-30,75.33916473388672,yahoo_live
2025-07-01,75.2443618774414,yahoo_live
2025-07-02,75.3851547241211,yahoo_live
2025-07-03,75.43208312988281,yahoo_live
2025-07-07,75.17866516113281,yahoo_live
2025-07-08,75.07542419433594,yahoo_live
2025-07-09,75.28190612792969,yahoo_live
2025-07-10,75.20681762695312,yahoo_live
2025-07-11,75.11296844482422,yahoo_live
2025-07-14,75.16928100585938,yahoo_live
2025-07-15,74.94401550292969,yahoo_live
2025-07-16,75.14112091064453,yahoo_live
2025-07-17,75.2162094116211,yahoo_live
2025-07-18,75.3194580078125,yahoo_live
2025-07-21,75.42268371582031,yahoo_live
2025-07-22,75.55410766601562,yahoo_live
2025-07-23,75.59162902832031,yahoo_live
2025-07-24,75.49777221679688,yahoo_live
2025-07-25,75.5447006225586,yahoo_live
2025-07-28,75.50715637207031,yahoo_live
2025-07-29,75.55410766601562,yahoo_live
2025-07-30,75.39453125,yahoo_live
2025-07-31,75.44145202636719,yahoo_live
2025-08-01,75.44523620605469,yahoo_live
2025-08-04,75.69993591308594,yahoo_live
2025-08-05,75.66219329833984,yahoo_live
2025-08-06,75.73766326904297,yahoo_live
2025-08-07,75.66219329833984,yahoo_live
2025-08-08,75.67162322998047,yahoo_live
2025-08-11,75.67162322998047,yahoo_live
2025-08-12,75.8414306640625,yahoo_live
2025-08-13,76.03952026367188,yahoo_live
2025-08-14,75.8414306640625,yahoo_live
2025-08-15,75.89802551269531,yahoo_live
2025-08-18,75.8414306640625,yahoo_live
2025-08-19,75.82254791259766,yahoo_live
2025-08-20,75.79425811767578,yahoo_live
2025-08-21,75.65276336669922,yahoo_live
2025-08-22,76.26590728759766,yahoo_live
2025-08-25,76.11498260498047,yahoo_live
2025-08-26,76.2847671508789,yahoo_live
2025-08-27,76.37909698486328,yahoo_live
2025-08-28,76.41683197021484,yahoo_live
2025-08-29,76.27533721923828,yahoo_live
2025-09-02,76.19287109375,yahoo_live
2025-09-03,76.40140533447266,yahoo_live
2025-09-04,76.60991668701172,yahoo_live
2025-09-05,76.64781951904297,yahoo_live
2025-09-08,76.64781951904297,yahoo_live
2025-09-09,76.5625228881836,yahoo_live
2025-09-10,76.61939239501953,yahoo_live
2025-09-11,76.80895233154297,yahoo_live
2025-09-12,76.73311614990234,yahoo_live
2025-09-15,76.95111846923828,yahoo_live
2025-09-16,76.89423370361328,yahoo_live
2025-09-17,76.81843566894531,yahoo_live
2025-09-18,76.9890365600586,yahoo_live
2025-09-19,77.01746368408203,yahoo_live
2025-09-22,77.07433319091797,yahoo_live
2025-09-23,77.01746368408203,yahoo_live
2025-09-24,76.9132080078125,yahoo_live
2025-09-25,76.69520568847656,yahoo_live
2025-09-26,76.84685516357422,yahoo_live
2025-09-29,76.97953796386719,yahoo_live
2025-09-30,76.95111846923828,yahoo_live
2025-10-01,77.09489440917969,yahoo_live
2025-10-02,77.06634521484375,yahoo_live
2025-10-03,76.98063659667969,yahoo_live
2025-10-06,76.99967956542969,yahoo_live
2025-10-07,76.91397857666016,yahoo_live
2025-10-08,76.7997055053711,yahoo_live
2025-10-09,76.58068084716797,yahoo_live
2025-10-10,76.13311767578125,yahoo_live
2025-10-13,76.60924530029297,yahoo_live
2025-10-14,76.6949462890625,yahoo_live
2025-10-15,76.94254302978516,yahoo_live
2025-10-16,76.66638946533203,yahoo_live
2025-10-17,76.8663558959961,yahoo_live
2025-10-20,77.01871490478516,yahoo_live
2025-10-21,76.90444946289062,yahoo_live
2025-10-22,76.82827758789062,yahoo_live
2025-10-23,76.99967956542969,yahoo_live
2025-10-24,77.20917510986328,yahoo_live
2025-10-27,77.39962768554688,yahoo_live
2025-10-28,77.32345581054688,yahoo_live
2025-10-29,77.08538818359375,yahoo_live
2025-10-30,76.94254302978516,yahoo_live
2025-10-31,76.94254302978516,yahoo_live
2025-11-03,76.70325469970703,yahoo_live
2025-11-04,76.71283721923828,yahoo_live
2025-11-05,76.78941345214844,yahoo_live
2025-11-06,76.81812286376953,yahoo_live
2025-11-07,76.88511657714844,yahoo_live
2025-11-10,77.1435317993164,yahoo_live
2025-11-11,77.22968292236328,yahoo_live
2025-11-12,77.07652282714844,yahoo_live
2025-11-13,76.76068115234375,yahoo_live
2025-11-14,76.77983856201172,yahoo_live
2025-11-17,76.65541076660156,yahoo_live
2025-11-18,76.67454528808594,yahoo_live
2025-11-19,76.71283721923828,yahoo_live
2025-11-20,76.66498565673828,yahoo_live
2025-11-21,76.92340087890625,yahoo_live
2025-11-24,77.13396453857422,yahoo_live
2025-11-25,77.40196228027344,yahoo_live
2025-11-26,77.47853088378906,yahoo_live
2025-11-28,77.51681518554688,yahoo_live
2025-12-01,77.37739562988281,yahoo_live
2025-12-02,77.5216293334961,yahoo_live
2025-12-03,77.58893585205078,yahoo_live
2025-12-04,77.64661407470703,yahoo_live
2025-12-05,77.64661407470703,yahoo_live
2025-12-08,77.45433044433594,yahoo_live
2025-12-09,77.36776733398438,yahoo_live
2025-12-10,77.62739562988281,yahoo_live
2025-12-11,77.61778259277344,yahoo_live
2025-12-12,77.47354125976562,yahoo_live
2025-12-15,77.51200866699219,yahoo_live
2025-12-16,77.5600814819336,yahoo_live
2025-12-17,77.46392822265625,yahoo_live
2025-12-18,77.67548370361328,yahoo_live
2025-12-19,77.63778686523438,yahoo_live
2025-12-22,77.70542907714844,yahoo_live
2025-12-23,77.76338958740234,yahoo_live
2025-12-24,77.90830993652344,yahoo_live
2025-12-26,77.86965942382812,yahoo_live
2025-12-29,77.89865112304688,yahoo_live
2025-12-30,77.9759292602539,yahoo_live
2025-12-31,77.89865112304688,yahoo_live
2026-01-02,77.93729400634766,yahoo_live
2026-01-05,78.14017486572266,yahoo_live
2026-01-06,78.15949249267578,yahoo_live
2026-01-07,78.14017486572266,yahoo_live
2026-01-08,78.19815063476562,yahoo_live
2026-01-09,78.25611877441406,yahoo_live
2026-01-12,78.29476928710938,yahoo_live
2026-01-13,78.29476928710938,yahoo_live
2026-01-14,78.29476928710938,yahoo_live
2026-01-15,78.29476928710938,yahoo_live
2026-01-16,78.34305572509766,yahoo_live
2026-01-20,78.14017486572266,yahoo_live
2026-01-21,78.37205505371094,yahoo_live
2026-01-22,78.43001556396484,yahoo_live
2026-01-23,78.39136505126953,yahoo_live
2026-01-26,78.43001556396484,yahoo_live
2026-01-27,78.42036437988281,yahoo_live
2026-01-28,78.29476928710938,yahoo_live
2026-01-29,78.28509521484375,yahoo_live
2026-01-30,78.37205505371094,yahoo_live
2026-02-02,78.41962432861328,yahoo_live
2026-02-03,78.37107849121094,yahoo_live
2026-02-04,78.27399444580078,yahoo_live
2026-02-05,78.18660736083984,yahoo_live
2026-02-06,78.45845031738281,yahoo_live
2026-02-09,78.56526184082031,yahoo_live
2026-02-10,78.48757934570312,yahoo_live
2026-02-11,78.47789001464844,yahoo_live
2026-02-12,78.43904113769531,yahoo_live
2026-02-13,78.49728393554688,yahoo_live
2026-02-17,78.45845031738281,yahoo_live
2026-02-18,78.5555419921875,yahoo_live
2026-02-19,78.58467864990234,yahoo_live
2026-02-20,78.64292907714844,yahoo_live
2026-02-23,78.51670837402344,yahoo_live
2026-02-24,78.45845031738281,yahoo_live
2026-02-25,78.56526184082031,yahoo_live
2026-02-26,78.49728393554688,yahoo_live
2026-02-27,78.37107849121094,yahoo_live
2026-03-02,78.32620239257812,yahoo_live
2026-03-03,78.17009735107422,yahoo_live
2026-03-04,78.44328308105469,yahoo_live
2026-03-05,78.13107299804688,yahoo_live
2026-03-06,77.75056457519531,yahoo_live
2026-03-09,78.21886444091797,yahoo_live
2026-03-10,78.092041015625,yahoo_live
2026-03-11,77.91641998291016,yahoo_live
2026-03-12,77.41883087158203,yahoo_live
2026-03-13,77.27247619628906,yahoo_live
2026-03-16,77.51640319824219,yahoo_live
2026-03-17,77.86763763427734,yahoo_live
2026-03-18,77.46762084960938,yahoo_live
2026-03-19,77.72129821777344,yahoo_live
2026-03-20,76.9992904663086,yahoo_live
2026-03-23,77.50665283203125,yahoo_live
2026-03-24,77.24320983886719,yahoo_live
2026-03-25,77.48712158203125,yahoo_live
2026-03-26,76.9992904663086,yahoo_live
2026-03-27,76.80416870117188,yahoo_live
2026-03-30,76.8919677734375,yahoo_live
2026-03-31,77.62371826171875,yahoo_live
2026-04-01,77.81391143798828,yahoo_live
2026-04-02,78.00018310546875,yahoo_live
2026-04-06,78.137451171875,yahoo_live
2026-04-07,78.15705871582031,yahoo_live
2026-04-08,78.61784362792969,yahoo_live
2026-04-09,78.7060775756836,yahoo_live
2026-04-10,78.39234924316406,yahoo_live
2026-04-13,78.68647003173828,yahoo_live
2026-04-14,78.92176055908203,yahoo_live
2026-04-15,78.8825454711914,yahoo_live
2026-04-16,78.77469635009766,yahoo_live
2026-04-17,79.0688247680664,yahoo_live
2026-04-20,79.00019836425781,yahoo_live
2026-04-21,78.79431915283203,yahoo_live
2026-04-22,78.92176055908203,yahoo_live
2026-04-23,78.79431915283203,yahoo_live
2026-04-24,78.90216064453125,yahoo_live
2026-04-27,78.93156433105469,yahoo_live
2026-04-28,78.82373046875,yahoo_live
2026-04-29,78.55902099609375,yahoo_live
2026-04-30,78.80411529541016,yahoo_live
2026-05-01,78.90167999267578,yahoo_live
2026-05-04,78.64544677734375,yahoo_live
2026-05-05,78.76370239257812,yahoo_live
2026-05-06,79.00023651123047,yahoo_live
2026-05-07,78.70457458496094,yahoo_live
2026-05-08,78.98052215576172,yahoo_live
2026-05-11,78.82283782958984,yahoo_live
2026-05-12,78.71443939208984,yahoo_live
2026-05-13,78.75385284423828,yahoo_live
2026-05-14,78.69471740722656,yahoo_live
2026-05-15,78.31036376953125,yahoo_live
2026-05-18,78.38921356201172,yahoo_live
2026-05-19,78.20195007324219,yahoo_live
2026-05-20,78.70457458496094,yahoo_live
2026-05-21,78.74400329589844,yahoo_live
2026-05-22,78.75385284423828,yahoo_live
2026-05-26,79.01994323730469,yahoo_live
2026-05-27,78.97066497802734,yahoo_live
2026-05-28,79.06922912597656,yahoo_live
2026-05-29,79.14806365966797,yahoo_live
2026-06-01,79.08763122558594,yahoo_live
2026-06-02,79.1470718383789,yahoo_live
2026-06-03,78.92914581298828,yahoo_live
2026-06-04,79.07772827148438,yahoo_live
2026-06-05,78.68150329589844,yahoo_live
2026-06-08,78.79046630859375,yahoo_live
2026-06-09,78.86971282958984,yahoo_live
2026-06-10,78.72112274169922,yahoo_live
2026-06-11,79.18669891357422,yahoo_live
2026-06-12,79.18669891357422,yahoo_live
2026-06-15,79.28575134277344,yahoo_live
2026-06-16,79.27584838867188,yahoo_live
2026-06-17,78.97868347167969,yahoo_live
2026-06-18,79.25603485107422,yahoo_live
2026-06-22,79.18669891357422,yahoo_live
2026-06-23,79.11735534667969,yahoo_live
2026-06-24,79.09754180908203,yahoo_live
2026-06-25,79.12725830078125,yahoo_live
2026-06-26,79.07772827148438,yahoo_live
2026-06-29,79.25603485107422,yahoo_live
2026-06-30,79.21641540527344,yahoo_live
2026-07-01,79.20545959472656,yahoo_live
2026-07-02,79.32488250732422,yahoo_live
2026-07-06,79.48411560058594,yahoo_live
2026-07-07,79.37464904785156,yahoo_live
2026-07-08,79.27513122558594,yahoo_live
2026-07-09,79.36469268798828,yahoo_live
2026-07-10,79.32488250732422,yahoo_live
2026-07-13,79.13580322265625,yahoo_live
2026-07-14,79.29502868652344,yahoo_live
2026-07-15,79.42440032958984,yahoo_live
2026-07-16,79.4144515991211,yahoo_live
2026-07-17,79.26517486572266,yahoo_live
2026-07-20,79.29502868652344,yahoo_live
2026-07-21,79.26517486572266,yahoo_live
2026-07-22,79.13580322265625,yahoo_live
2026-07-23,78.84720611572266,yahoo_live
2026-07-24,78.84720611572266,yahoo_live
2026-07-27,78.88700866699219,yahoo_live
2026-07-28,79.03628540039062,yahoo_live
2026-07-29,78.8571548461914,yahoo_live
2026-07-30,79.08604431152344,yahoo_live
2026-07-31,79.09600067138672,yahoo_live
2026-08-03,79.30999755859375,yahoo_live
2026-08-04,79.55000305175781,yahoo_live
2026-08-05,79.5199966430664,yahoo_live
2026-08-06,79.45999908447266,yahoo_live
2026-08-07,79.61000061035156,yahoo_live
2026-08-10,79.4800033569336,yahoo_live
2026-08-11,79.51000213623047,yahoo_live
2026-08-12,79.61000061035156,yahoo_live
2026-08-13,79.79000091552734,yahoo_live
2026-08-14,79.70999908447266,yahoo_live
2026-08-17,79.61000061035156,yahoo_live
2026-08-18,79.52999877929688,yahoo_live
2026-08-19,79.70999908447266,yahoo_live
