date,close,source
2010-01-04,56.98423767089844,yahoo_live
2010-01-05,57.25638198852539,yahoo_live
2010-01-06,57.08769989013672,yahoo_live
2010-01-07,57.158416748046875,yahoo_live
2010-01-08,57.28363800048828,yahoo_live
2010-01-11,57.34344482421875,yahoo_live
2010-01-12,57.45234298706055,yahoo_live
2010-01-13,57.21282958984375,yahoo_live
2010-01-14,57.419673919677734,yahoo_live
2010-01-15,57.39790344238281,yahoo_live
2010-01-19,57.446929931640625,yahoo_live
2010-01-20,57.408817291259766,yahoo_live
2010-01-21,57.5611686706543,yahoo_live
2010-01-22,57.47412872314453,yahoo_live
2010-01-25,57.46866989135742,yahoo_live
2010-01-26,57.316280364990234,yahoo_live
2010-01-27,57.10942459106445,yahoo_live
2010-01-28,57.02779769897461,yahoo_live
2010-01-29,57.39249801635742,yahoo_live
2010-02-01,57.13665008544922,yahoo_live
2010-02-02,57.31702423095703,yahoo_live
2010-02-03,57.25687026977539,yahoo_live
2010-02-04,57.25148391723633,yahoo_live
2010-02-05,57.076499938964844,yahoo_live
2010-02-08,57.13119888305664,yahoo_live
2010-02-09,56.99996566772461,yahoo_live
2010-02-10,56.557254791259766,yahoo_live
2010-02-11,56.68840026855469,yahoo_live
2010-02-12,56.754058837890625,yahoo_live
2010-02-16,56.978145599365234,yahoo_live
2010-02-17,56.78681945800781,yahoo_live
2010-02-18,56.74857711791992,yahoo_live
2010-02-19,56.95082092285156,yahoo_live
2010-02-22,56.98360061645508,yahoo_live
2010-02-23,57.12025451660156,yahoo_live
2010-02-24,57.36626052856445,yahoo_live
2010-02-25,57.30607986450195,yahoo_live
2010-02-26,57.683292388916016,yahoo_live
2010-03-01,57.75737762451172,yahoo_live
2010-03-02,57.878108978271484,yahoo_live
2010-03-03,57.99884796142578,yahoo_live
2010-03-04,58.02630615234375,yahoo_live
2010-03-05,57.95498275756836,yahoo_live
2010-03-08,58.04832458496094,yahoo_live
2010-03-09,57.9933967590332,yahoo_live
2010-03-10,58.04832458496094,yahoo_live
2010-03-11,58.02630615234375,yahoo_live
2010-03-12,58.1471061706543,yahoo_live
2010-03-15,58.136138916015625,yahoo_live
2010-03-16,58.405067443847656,yahoo_live
2010-03-17,58.61922073364258,yahoo_live
2010-03-18,58.50387954711914,yahoo_live
2010-03-19,58.46000289916992,yahoo_live
2010-03-22,58.55326843261719,yahoo_live
2010-03-23,58.514862060546875,yahoo_live
2010-03-24,58.08120346069336,yahoo_live
2010-03-25,57.872596740722656,yahoo_live
2010-03-26,58.04832458496094,yahoo_live
2010-03-29,57.99884796142578,yahoo_live
2010-03-30,58.03181838989258,yahoo_live
2010-03-31,58.05929183959961,yahoo_live
2010-04-01,58.185523986816406,yahoo_live
2010-04-05,57.65069580078125,yahoo_live
2010-04-06,57.78853988647461,yahoo_live
2010-04-07,58.08075714111328,yahoo_live
2010-04-08,57.97052001953125,yahoo_live
2010-04-09,58.00908660888672,yahoo_live
2010-04-12,58.17448806762695,yahoo_live
2010-04-13,58.38402557373047,yahoo_live
2010-04-14,58.33441162109375,yahoo_live
2010-04-15,58.43364715576172,yahoo_live
2010-04-16,58.57148361206055,yahoo_live
2010-04-19,58.42262649536133,yahoo_live
2010-04-20,58.54945373535156,yahoo_live
2010-04-21,58.7534294128418,yahoo_live
2010-04-22,58.62108612060547,yahoo_live
2010-04-23,58.61009216308594,yahoo_live
2010-04-26,58.637638092041016,yahoo_live
2010-04-27,58.676239013671875,yahoo_live
2010-04-28,58.77547836303711,yahoo_live
2010-04-29,58.924381256103516,yahoo_live
2010-04-30,59.16691970825195,yahoo_live
2010-05-03,59.18465805053711,yahoo_live
2010-05-04,59.25668716430664,yahoo_live
2010-05-05,59.0019645690918,yahoo_live
2010-05-06,58.0274658203125,yahoo_live
2010-05-07,58.21573257446289,yahoo_live
2010-05-10,58.581180572509766,yahoo_live
2010-05-11,58.642051696777344,yahoo_live
2010-05-12,58.619911193847656,yahoo_live
2010-05-13,58.791561126708984,yahoo_live
2010-05-14,58.774959564208984,yahoo_live
2010-05-17,58.87462615966797,yahoo_live
2010-05-18,59.062862396240234,yahoo_live
2010-05-19,59.0960693359375,yahoo_live
2010-05-20,58.96319580078125,yahoo_live
2010-05-21,58.8635368347168,yahoo_live
2010-05-24,59.01853561401367,yahoo_live
2010-05-25,58.736148834228516,yahoo_live
2010-05-26,58.774959564208984,yahoo_live
2010-05-27,58.47040557861328,yahoo_live
2010-05-28,58.39289093017578,yahoo_live
2010-06-01,58.344505310058594,yahoo_live
2010-06-02,58.55022430419922,yahoo_live
2010-06-03,58.361175537109375,yahoo_live
2010-06-04,58.71705627441406,yahoo_live
2010-06-07,58.96173095703125,yahoo_live
2010-06-08,58.96173095703125,yahoo_live
2010-06-09,58.98392105102539,yahoo_live
2010-06-10,58.73930358886719,yahoo_live
2010-06-11,58.956172943115234,yahoo_live
2010-06-14,58.84493637084961,yahoo_live
2010-06-15,58.77268981933594,yahoo_live
2010-06-16,58.83381652832031,yahoo_live
2010-06-17,59.22306823730469,yahoo_live
2010-06-18,59.217506408691406,yahoo_live
2010-06-21,59.36762619018555,yahoo_live
2010-06-22,59.6567268371582,yahoo_live
2010-06-23,59.90693283081055,yahoo_live
2010-06-24,59.66783142089844,yahoo_live
2010-06-25,59.76795196533203,yahoo_live
2010-06-28,60.09600067138672,yahoo_live
2010-06-29,60.06822204589844,yahoo_live
2010-06-30,60.30731201171875,yahoo_live
2010-07-01,60.37433624267578,yahoo_live
2010-07-02,60.201236724853516,yahoo_live
2010-07-06,60.45246505737305,yahoo_live
2010-07-07,60.49156188964844,yahoo_live
2010-07-08,60.34080505371094,yahoo_live
2010-07-09,60.268218994140625,yahoo_live
2010-07-12,60.34080505371094,yahoo_live
2010-07-13,60.37433624267578,yahoo_live
2010-07-14,60.64229965209961,yahoo_live
2010-07-15,60.74835968017578,yahoo_live
2010-07-16,60.854408264160156,yahoo_live
2010-07-19,60.84321212768555,yahoo_live
2010-07-20,60.91026306152344,yahoo_live
2010-07-21,61.20616912841797,yahoo_live
2010-07-22,61.12800216674805,yahoo_live
2010-07-23,61.20616912841797,yahoo_live
2010-07-26,61.26197814941406,yahoo_live
2010-07-27,61.055442810058594,yahoo_live
2010-07-28,61.27317810058594,yahoo_live
2010-07-29,61.29550552368164,yahoo_live
2010-07-30,61.58021926879883,yahoo_live
2010-08-02,61.449615478515625,yahoo_live
2010-08-03,61.60096740722656,yahoo_live
2010-08-04,61.410423278808594,yahoo_live
2010-08-05,61.52251434326172,yahoo_live
2010-08-06,61.87561798095703,yahoo_live
2010-08-09,62.077388763427734,yahoo_live
2010-08-10,61.9989013671875,yahoo_live
2010-08-11,61.99333953857422,yahoo_live
2010-08-12,61.77473831176758,yahoo_live
2010-08-13,62.01572036743164,yahoo_live
2010-08-16,62.6995849609375,yahoo_live
2010-08-17,62.59870147705078,yahoo_live
2010-08-18,62.65475845336914,yahoo_live
2010-08-19,62.721946716308594,yahoo_live
2010-08-20,62.83409118652344,yahoo_live
2010-08-23,62.96864318847656,yahoo_live
2010-08-24,63.11433792114258,yahoo_live
2010-08-25,63.23203659057617,yahoo_live
2010-08-26,63.288150787353516,yahoo_live
2010-08-27,62.71641540527344,yahoo_live
2010-08-30,63.12554168701172,yahoo_live
2010-08-31,63.33858108520508,yahoo_live
2010-09-01,62.862606048583984,yahoo_live
2010-09-02,62.783809661865234,yahoo_live
2010-09-03,62.311222076416016,yahoo_live
2010-09-07,62.77259063720703,yahoo_live
2010-09-08,62.6488151550293,yahoo_live
2010-09-09,62.32243347167969,yahoo_live
2010-09-10,62.36748504638672,yahoo_live
2010-09-13,62.45186233520508,yahoo_live
2010-09-14,62.74444580078125,yahoo_live
2010-09-15,62.64317321777344,yahoo_live
2010-09-16,62.44622802734375,yahoo_live
2010-09-17,62.6488151550293,yahoo_live
2010-09-20,62.7275276184082,yahoo_live
2010-09-21,63.20576858520508,yahoo_live
2010-09-22,63.16642379760742,yahoo_live
2010-09-23,63.211402893066406,yahoo_live
2010-09-24,63.070762634277344,yahoo_live
2010-09-27,63.39706039428711,yahoo_live
2010-09-28,63.50960159301758,yahoo_live
2010-09-29,63.44775390625,yahoo_live
2010-09-30,63.627769470214844,yahoo_live
2010-10-01,63.31938934326172,yahoo_live
2010-10-04,63.42112350463867,yahoo_live
2010-10-05,63.55094528198242,yahoo_live
2010-10-06,63.963233947753906,yahoo_live
2010-10-07,63.94628143310547,yahoo_live
2010-10-08,63.884220123291016,yahoo_live
2010-10-11,63.940643310546875,yahoo_live
2010-10-12,63.844669342041016,yahoo_live
2010-10-13,63.81074905395508,yahoo_live
2010-10-14,63.29681396484375,yahoo_live
2010-10-15,62.89583206176758,yahoo_live
2010-10-18,63.33069610595703,yahoo_live
2010-10-19,63.33629608154297,yahoo_live
2010-10-20,63.44927215576172,yahoo_live
2010-10-21,63.279823303222656,yahoo_live
2010-10-22,63.35893249511719,yahoo_live
2010-10-25,63.58482360839844,yahoo_live
2010-10-26,63.24599075317383,yahoo_live
2010-10-27,63.08220291137695,yahoo_live
2010-10-28,63.33629608154297,yahoo_live
2010-10-29,63.46054458618164,yahoo_live
2010-11-01,63.43902587890625,yahoo_live
2010-11-02,63.7338752746582,yahoo_live
2010-11-03,63.52408218383789,yahoo_live
2010-11-04,64.1251220703125,yahoo_live
2010-11-05,63.92099380493164,yahoo_live
2010-11-08,63.954994201660156,yahoo_live
2010-11-09,63.47873306274414,yahoo_live
2010-11-10,63.34266662597656,yahoo_live
2010-11-11,63.06483459472656,yahoo_live
2010-11-12,62.6225700378418,yahoo_live
2010-11-15,61.936553955078125,yahoo_live
2010-11-16,62.26542282104492,yahoo_live
2010-11-17,62.26542282104492,yahoo_live
2010-11-18,62.310768127441406,yahoo_live
2010-11-19,62.52620315551758,yahoo_live
2010-11-22,62.87210464477539,yahoo_live
2010-11-23,62.90607833862305,yahoo_live
2010-11-24,62.390174865722656,yahoo_live
2010-11-26,62.46949005126953,yahoo_live
2010-11-29,62.53184127807617,yahoo_live
2010-11-30,62.43552017211914,yahoo_live
2010-12-01,62.296573638916016,yahoo_live
2010-12-02,62.15999984741211,yahoo_live
2010-12-03,61.98357391357422,yahoo_live
2010-12-06,62.416168212890625,yahoo_live
2010-12-07,61.83552932739258,yahoo_live
2010-12-08,61.437171936035156,yahoo_live
2010-12-09,61.58517837524414,yahoo_live
2010-12-10,61.30058670043945,yahoo_live
2010-12-13,61.52823257446289,yahoo_live
2010-12-14,61.15255355834961,yahoo_live
2010-12-15,60.771244049072266,yahoo_live
2010-12-16,61.067169189453125,yahoo_live
2010-12-17,61.6249885559082,yahoo_live
2010-12-20,61.58517837524414,yahoo_live
2010-12-21,61.716041564941406,yahoo_live
2010-12-22,61.66484069824219,yahoo_live
2010-12-23,61.69329833984375,yahoo_live
2010-12-27,61.81281661987305,yahoo_live
2010-12-28,61.32024002075195,yahoo_live
2010-12-29,61.7830924987793,yahoo_live
2010-12-30,61.81167984008789,yahoo_live
2010-12-31,61.96596145629883,yahoo_live
2011-01-03,62.20598602294922,yahoo_live
2011-01-04,62.28599548339844,yahoo_live
2011-01-05,61.828834533691406,yahoo_live
2011-01-06,61.92026138305664,yahoo_live
2011-01-07,62.234561920166016,yahoo_live
2011-01-10,62.34310531616211,yahoo_live
2011-01-11,62.31453323364258,yahoo_live
2011-01-12,62.2745361328125,yahoo_live
2011-01-13,62.543060302734375,yahoo_live
2011-01-14,62.245967864990234,yahoo_live
2011-01-18,62.21168899536133,yahoo_live
2011-01-19,62.1660041809082,yahoo_live
2011-01-20,61.89737319946289,yahoo_live
2011-01-21,61.98876953125,yahoo_live
2011-01-24,62.017391204833984,yahoo_live
2011-01-25,62.325950622558594,yahoo_live
2011-01-26,61.97738265991211,yahoo_live
2011-01-27,62.08024597167969,yahoo_live
2011-01-28,62.16024398803711,yahoo_live
2011-01-31,61.98876953125,yahoo_live
2011-02-01,61.90681457519531,yahoo_live
2011-02-02,61.786312103271484,yahoo_live
2011-02-03,61.63716506958008,yahoo_live
2011-02-04,61.44782638549805,yahoo_live
2011-02-07,61.51667404174805,yahoo_live
2011-02-08,61.29296875,yahoo_live
2011-02-09,61.688743591308594,yahoo_live
2011-02-10,61.38473129272461,yahoo_live
2011-02-11,61.723201751708984,yahoo_live
2011-02-14,61.76337814331055,yahoo_live
2011-02-15,61.90102005004883,yahoo_live
2011-02-16,61.826454162597656,yahoo_live
2011-02-17,61.94120407104492,yahoo_live
2011-02-18,62.03296661376953,yahoo_live
2011-02-22,62.20514678955078,yahoo_live
2011-02-23,62.13050079345703,yahoo_live
2011-02-24,62.19937515258789,yahoo_live
2011-02-25,62.4919319152832,yahoo_live
2011-02-28,62.65834426879883,yahoo_live
2011-03-01,62.65945816040039,yahoo_live
2011-03-02,62.325401306152344,yahoo_live
2011-03-03,62.060447692871094,yahoo_live
2011-03-04,62.29658508300781,yahoo_live
2011-03-07,62.141117095947266,yahoo_live
2011-03-08,62.060447692871094,yahoo_live
2011-03-09,62.38298416137695,yahoo_live
2011-03-10,62.6364631652832,yahoo_live
2011-03-11,62.57883071899414,yahoo_live
2011-03-14,62.64793395996094,yahoo_live
2011-03-15,62.64220428466797,yahoo_live
2011-03-16,63.01660919189453,yahoo_live
2011-03-17,62.976295471191406,yahoo_live
2011-03-18,63.01660919189453,yahoo_live
2011-03-21,62.815006256103516,yahoo_live
2011-03-22,62.93017578125,yahoo_live
2011-03-23,62.889896392822266,yahoo_live
2011-03-24,62.6824836730957,yahoo_live
2011-03-25,62.590362548828125,yahoo_live
2011-03-28,62.613372802734375,yahoo_live
2011-03-29,62.308135986328125,yahoo_live
2011-03-30,62.52120590209961,yahoo_live
2011-03-31,62.31966781616211,yahoo_live
2011-04-01,62.613990783691406,yahoo_live
2011-04-04,62.758514404296875,yahoo_live
2011-04-05,62.79325866699219,yahoo_live
2011-04-06,62.590824127197266,yahoo_live
2011-04-07,62.498321533203125,yahoo_live
2011-04-08,62.4636116027832,yahoo_live
2011-04-11,62.469398498535156,yahoo_live
2011-04-12,62.68912887573242,yahoo_live
2011-04-13,62.79896926879883,yahoo_live
2011-04-14,62.642913818359375,yahoo_live
2011-04-15,62.97249221801758,yahoo_live
2011-04-18,63.05924987792969,yahoo_live
2011-04-19,63.19222640991211,yahoo_live
2011-04-20,63.22114944458008,yahoo_live
2011-04-21,63.278961181640625,yahoo_live
2011-04-25,63.342559814453125,yahoo_live
2011-04-26,63.63751220703125,yahoo_live
2011-04-27,63.55656433105469,yahoo_live
2011-04-28,63.758934020996094,yahoo_live
2011-04-29,63.88040542602539,yahoo_live
2011-05-02,64.02955627441406,yahoo_live
2011-05-03,64.00054931640625,yahoo_live
2011-05-04,64.09343719482422,yahoo_live
2011-05-05,64.31396484375,yahoo_live
2011-05-06,64.31396484375,yahoo_live
2011-05-09,64.37786865234375,yahoo_live
2011-05-10,64.11664581298828,yahoo_live
2011-05-11,64.22113037109375,yahoo_live
2011-05-12,64.07022094726562,yahoo_live
2011-05-13,64.26177978515625,yahoo_live
2011-05-16,64.4474868774414,yahoo_live
2011-05-17,64.53462982177734,yahoo_live
2011-05-18,64.37198638916016,yahoo_live
2011-05-19,64.4823226928711,yahoo_live
2011-05-20,64.43590545654297,yahoo_live
2011-05-23,64.395263671875,yahoo_live
2011-05-24,64.47655487060547,yahoo_live
2011-05-25,64.34883880615234,yahoo_live
2011-05-26,64.62744140625,yahoo_live
2011-05-27,64.69711303710938,yahoo_live
2011-05-31,64.6913070678711,yahoo_live
2011-06-01,65.01475524902344,yahoo_live
2011-06-02,64.42615509033203,yahoo_live
2011-06-03,64.56602478027344,yahoo_live
2011-06-06,64.4553451538086,yahoo_live
2011-06-07,64.67675018310547,yahoo_live
2011-06-08,64.7175521850586,yahoo_live
2011-06-09,64.54276275634766,yahoo_live
2011-06-10,64.4670181274414,yahoo_live
2011-06-13,64.53690338134766,yahoo_live
2011-06-14,64.34458923339844,yahoo_live
2011-06-15,64.70006561279297,yahoo_live
2011-06-16,64.57771301269531,yahoo_live
2011-06-17,64.6010513305664,yahoo_live
2011-06-20,64.61262512207031,yahoo_live
2011-06-21,64.59520721435547,yahoo_live
2011-06-22,64.68260192871094,yahoo_live
2011-06-23,64.85157775878906,yahoo_live
2011-06-24,64.88655090332031,yahoo_live
2011-06-27,64.67675018310547,yahoo_live
2011-06-28,64.22805786132812,yahoo_live
2011-06-29,64.0823745727539,yahoo_live
2011-06-30,64.17559051513672,yahoo_live
2011-07-01,64.1791000366211,yahoo_live
2011-07-05,64.40726470947266,yahoo_live
2011-07-06,64.54180908203125,yahoo_live
2011-07-07,64.55937957763672,yahoo_live
2011-07-08,64.9747543334961,yahoo_live
2011-07-11,65.1911392211914,yahoo_live
2011-07-12,65.24382019042969,yahoo_live
2011-07-13,65.40760040283203,yahoo_live
2011-07-14,65.00394439697266,yahoo_live
2011-07-15,65.15023040771484,yahoo_live
2011-07-18,64.8986587524414,yahoo_live
2011-07-19,65.21458435058594,yahoo_live
2011-07-20,65.06245422363281,yahoo_live
2011-07-21,64.9629898071289,yahoo_live
2011-07-22,65.2261962890625,yahoo_live
2011-07-25,64.91620635986328,yahoo_live
2011-07-26,65.20283508300781,yahoo_live
2011-07-27,65.0097885131836,yahoo_live
2011-07-28,65.15023040771484,yahoo_live
2011-07-29,65.73518371582031,yahoo_live
2011-08-01,65.92958068847656,yahoo_live
2011-08-02,66.48152160644531,yahoo_live
2011-08-03,66.4580307006836,yahoo_live
2011-08-04,66.93951416015625,yahoo_live
2011-08-05,66.11157989501953,yahoo_live
2011-08-08,65.48330688476562,yahoo_live
2011-08-09,66.07047271728516,yahoo_live
2011-08-10,66.66354370117188,yahoo_live
2011-08-11,65.2953872680664,yahoo_live
2011-08-12,66.0411376953125,yahoo_live
2011-08-15,66.16444396972656,yahoo_live
2011-08-16,66.40515899658203,yahoo_live
2011-08-17,66.58720397949219,yahoo_live
2011-08-18,66.67526245117188,yahoo_live
2011-08-19,66.59309387207031,yahoo_live
2011-08-22,66.34645080566406,yahoo_live
2011-08-23,65.5889892578125,yahoo_live
2011-08-24,64.81388092041016,yahoo_live
2011-08-25,65.17210388183594,yahoo_live
2011-08-26,65.20146942138672,yahoo_live
2011-08-29,65.41282653808594,yahoo_live
2011-08-30,65.75932312011719,yahoo_live
2011-08-31,65.95893096923828,yahoo_live
2011-09-01,66.0078353881836,yahoo_live
2011-09-02,66.4145278930664,yahoo_live
2011-09-06,66.80345153808594,yahoo_live
2011-09-07,66.93315124511719,yahoo_live
2011-09-08,66.87419128417969,yahoo_live
2011-09-09,66.94490051269531,yahoo_live
2011-09-12,66.53827667236328,yahoo_live
2011-09-13,66.52644348144531,yahoo_live
2011-09-14,66.49699401855469,yahoo_live
2011-09-15,66.2671890258789,yahoo_live
2011-09-16,66.2671890258789,yahoo_live
2011-09-19,66.63250732421875,yahoo_live
2011-09-20,66.66203308105469,yahoo_live
2011-09-21,66.81529235839844,yahoo_live
2011-09-22,66.94490051269531,yahoo_live
2011-09-23,66.53233337402344,yahoo_live
2011-09-26,66.40859985351562,yahoo_live
2011-09-27,66.19640350341797,yahoo_live
2011-09-28,65.93120574951172,yahoo_live
2011-09-29,65.8604965209961,yahoo_live
2011-09-30,66.19050598144531,yahoo_live
2011-10-03,66.31356811523438,yahoo_live
2011-10-04,65.73384857177734,yahoo_live
2011-10-05,66.00596618652344,yahoo_live
2011-10-06,65.7397689819336,yahoo_live
2011-10-07,65.68061828613281,yahoo_live
2011-10-10,65.80487060546875,yahoo_live
2011-10-11,65.98233032226562,yahoo_live
2011-10-12,66.08287811279297,yahoo_live
2011-10-13,66.14203643798828,yahoo_live
2011-10-14,66.10064697265625,yahoo_live
2011-10-17,66.05329895019531,yahoo_live
2011-10-18,66.28402709960938,yahoo_live
2011-10-19,66.45553588867188,yahoo_live
2011-10-20,66.6034164428711,yahoo_live
2011-10-21,66.82234191894531,yahoo_live
2011-10-24,67.16542053222656,yahoo_live
2011-10-25,67.49669647216797,yahoo_live
2011-10-26,67.44937133789062,yahoo_live
2011-10-27,67.43754577636719,yahoo_live
2011-10-28,67.69784545898438,yahoo_live
2011-10-31,67.85160827636719,yahoo_live
2011-11-01,68.19120025634766,yahoo_live
2011-11-02,68.44051361083984,yahoo_live
2011-11-03,68.4760971069336,yahoo_live
2011-11-04,68.61268615722656,yahoo_live
2011-11-07,68.3396224975586,yahoo_live
2011-11-08,67.9181137084961,yahoo_live
2011-11-09,67.74002838134766,yahoo_live
2011-11-10,67.40167236328125,yahoo_live
2011-11-11,67.28289031982422,yahoo_live
2011-11-14,67.27699279785156,yahoo_live
2011-11-15,67.21170043945312,yahoo_live
2011-11-16,66.99796295166016,yahoo_live
2011-11-17,66.46959686279297,yahoo_live
2011-11-18,66.57648468017578,yahoo_live
2011-11-21,66.30345153808594,yahoo_live
2011-11-22,66.13125610351562,yahoo_live
2011-11-23,65.79293060302734,yahoo_live
2011-11-25,65.5316390991211,yahoo_live
2011-11-28,65.56137084960938,yahoo_live
2011-11-29,65.41293334960938,yahoo_live
2011-11-30,65.70975494384766,yahoo_live
2011-12-01,65.8622817993164,yahoo_live
2011-12-02,66.4222183227539,yahoo_live
2011-12-05,66.91670227050781,yahoo_live
2011-12-06,66.55931854248047,yahoo_live
2011-12-07,66.9762954711914,yahoo_live
2011-12-08,66.74986267089844,yahoo_live
2011-12-09,66.4937973022461,yahoo_live
2011-12-12,66.4997329711914,yahoo_live
2011-12-13,66.72605895996094,yahoo_live
2011-12-14,66.83927917480469,yahoo_live
2011-12-15,66.9464340209961,yahoo_live
2011-12-16,67.3218002319336,yahoo_live
2011-12-19,67.56006622314453,yahoo_live
2011-12-20,67.51242065429688,yahoo_live
2011-12-21,67.22647094726562,yahoo_live
2011-12-22,67.57792663574219,yahoo_live
2011-12-23,67.36943054199219,yahoo_live
2011-12-27,67.62529754638672,yahoo_live
2011-12-28,67.75080108642578,yahoo_live
2011-12-29,67.71492004394531,yahoo_live
2011-12-30,68.00189971923828,yahoo_live
2012-01-03,67.94806671142578,yahoo_live
2012-01-04,68.00189971923828,yahoo_live
2012-01-05,67.708984375,yahoo_live
2012-01-06,67.97199249267578,yahoo_live
2012-01-09,67.87037658691406,yahoo_live
2012-01-10,68.06163024902344,yahoo_live
2012-01-11,68.0496826171875,yahoo_live
2012-01-12,68.20510864257812,yahoo_live
2012-01-13,68.45018768310547,yahoo_live
2012-01-17,68.65941619873047,yahoo_live
2012-01-18,68.52193450927734,yahoo_live
2012-01-19,68.50399017333984,yahoo_live
2012-01-20,68.33064270019531,yahoo_live
2012-01-23,68.22901916503906,yahoo_live
2012-01-24,68.47412109375,yahoo_live
2012-01-25,68.70726013183594,yahoo_live
2012-01-26,69.24526977539062,yahoo_live
2012-01-27,69.34689331054688,yahoo_live
2012-01-30,69.25720977783203,yahoo_live
2012-01-31,69.46043395996094,yahoo_live
2012-02-01,69.7369155883789,yahoo_live
2012-02-02,69.8808822631836,yahoo_live
2012-02-03,69.77893829345703,yahoo_live
2012-02-06,69.9588623046875,yahoo_live
2012-02-07,69.82689666748047,yahoo_live
2012-02-08,69.89888763427734,yahoo_live
2012-02-09,69.67698669433594,yahoo_live
2012-02-10,69.61096954345703,yahoo_live
2012-02-13,69.85090637207031,yahoo_live
2012-02-14,69.90486145019531,yahoo_live
2012-02-15,69.80889892578125,yahoo_live
2012-02-16,69.68896484375,yahoo_live
2012-02-17,69.58098602294922,yahoo_live
2012-02-21,69.46707153320312,yahoo_live
2012-02-22,69.89888763427734,yahoo_live
2012-02-23,69.99483489990234,yahoo_live
2012-02-24,70.04875946044922,yahoo_live
2012-02-27,70.30667877197266,yahoo_live
2012-02-28,70.52864837646484,yahoo_live
2012-02-29,70.59464263916016,yahoo_live
2012-03-01,70.42793273925781,yahoo_live
2012-03-02,70.45198059082031,yahoo_live
2012-03-05,70.3255844116211,yahoo_live
2012-03-06,70.21726989746094,yahoo_live
2012-03-07,70.18714141845703,yahoo_live
2012-03-08,70.19922637939453,yahoo_live
2012-03-09,70.16313171386719,yahoo_live
2012-03-12,70.024658203125,yahoo_live
2012-03-13,69.83210754394531,yahoo_live
2012-03-14,69.00159454345703,yahoo_live
2012-03-15,68.85111999511719,yahoo_live
2012-03-16,68.953369140625,yahoo_live
2012-03-19,68.85710144042969,yahoo_live
2012-03-20,68.81493377685547,yahoo_live
2012-03-21,69.12792205810547,yahoo_live
2012-03-22,69.01353454589844,yahoo_live
2012-03-23,69.06776428222656,yahoo_live
2012-03-26,69.21819305419922,yahoo_live
2012-03-27,69.75386047363281,yahoo_live
2012-03-28,69.6214370727539,yahoo_live
2012-03-29,69.75985717773438,yahoo_live
2012-03-30,69.59134674072266,yahoo_live
2012-04-02,69.77071380615234,yahoo_live
2012-04-03,69.10639190673828,yahoo_live
2012-04-04,69.23929595947266,yahoo_live
2012-04-05,69.35404205322266,yahoo_live
2012-04-09,69.80695343017578,yahoo_live
2012-04-10,69.76464080810547,yahoo_live
2012-04-11,69.69218444824219,yahoo_live
2012-04-12,69.72244262695312,yahoo_live
2012-04-13,70.05452728271484,yahoo_live
2012-04-16,70.05452728271484,yahoo_live
2012-04-17,70.14510345458984,yahoo_live
2012-04-18,70.1330795288086,yahoo_live
2012-04-19,70.18134307861328,yahoo_live
2012-04-20,70.16329956054688,yahoo_live
2012-04-23,70.17536163330078,yahoo_live
2012-04-24,70.04846954345703,yahoo_live
2012-04-25,70.16928100585938,yahoo_live
2012-04-26,70.2840347290039,yahoo_live
2012-04-27,70.38672637939453,yahoo_live
2012-04-30,70.34444427490234,yahoo_live
2012-05-01,70.21052551269531,yahoo_live
2012-05-02,70.44078826904297,yahoo_live
2012-05-03,70.48318481445312,yahoo_live
2012-05-04,70.56197357177734,yahoo_live
2012-05-07,70.68315124511719,yahoo_live
2012-05-08,70.8588638305664,yahoo_live
2012-05-09,70.7376937866211,yahoo_live
2012-05-10,70.59223937988281,yahoo_live
2012-05-11,70.8043441772461,yahoo_live
2012-05-14,70.82254028320312,yahoo_live
2012-05-15,70.73162078857422,yahoo_live
2012-05-16,70.76798248291016,yahoo_live
2012-05-17,70.2408218383789,yahoo_live
2012-05-18,69.96815490722656,yahoo_live
2012-05-21,70.04691314697266,yahoo_live
2012-05-22,69.85906982421875,yahoo_live
2012-05-23,70.0286865234375,yahoo_live
2012-05-24,70.0408706665039,yahoo_live
2012-05-25,70.21659088134766,yahoo_live
2012-05-29,70.31962585449219,yahoo_live
2012-05-30,70.38015747070312,yahoo_live
2012-05-31,70.87703704833984,yahoo_live
2012-06-01,71.31238555908203,yahoo_live
2012-06-04,70.77128601074219,yahoo_live
2012-06-05,70.6192855834961,yahoo_live
2012-06-06,70.4124984741211,yahoo_live
2012-06-07,70.55847930908203,yahoo_live
2012-06-08,70.81990814208984,yahoo_live
2012-06-11,70.80775451660156,yahoo_live
2012-06-12,70.60102844238281,yahoo_live
2012-06-13,70.85640716552734,yahoo_live
2012-06-14,70.77128601074219,yahoo_live
2012-06-15,71.06311798095703,yahoo_live
2012-06-18,71.0326919555664,yahoo_live
2012-06-19,70.96585845947266,yahoo_live
2012-06-20,70.9962387084961,yahoo_live
2012-06-21,71.10565948486328,yahoo_live
2012-06-22,71.05094909667969,yahoo_live
2012-06-25,71.2333755493164,yahoo_live
2012-06-26,71.30628204345703,yahoo_live
2012-06-27,71.40357208251953,yahoo_live
2012-06-28,71.51296997070312,yahoo_live
2012-06-29,71.49483489990234,yahoo_live
2012-07-02,71.87420654296875,yahoo_live
2012-07-03,71.93522644042969,yahoo_live
2012-07-05,72.11822509765625,yahoo_live
2012-07-06,72.30123901367188,yahoo_live
2012-07-09,72.35003662109375,yahoo_live
2012-07-10,72.33173370361328,yahoo_live
2012-07-11,72.45375061035156,yahoo_live
2012-07-12,72.81978607177734,yahoo_live
2012-07-13,72.84417724609375,yahoo_live
2012-07-16,73.04545593261719,yahoo_live
2012-07-17,73.04545593261719,yahoo_live
2012-07-18,73.44812774658203,yahoo_live
2012-07-19,73.57624816894531,yahoo_live
2012-07-20,73.6311264038086,yahoo_live
2012-07-23,73.3932113647461,yahoo_live
2012-07-24,73.50907135009766,yahoo_live
2012-07-25,73.64939880371094,yahoo_live
2012-07-26,73.76531982421875,yahoo_live
2012-07-27,73.41766357421875,yahoo_live
2012-07-30,73.60668182373047,yahoo_live
2012-07-31,73.98497772216797,yahoo_live
2012-08-01,73.90232849121094,yahoo_live
2012-08-02,73.9512939453125,yahoo_live
2012-08-03,73.77381896972656,yahoo_live
2012-08-06,73.87174224853516,yahoo_live
2012-08-07,73.48617553710938,yahoo_live
2012-08-08,73.27808380126953,yahoo_live
2012-08-09,73.22915649414062,yahoo_live
2012-08-10,73.43724060058594,yahoo_live
2012-08-13,73.28424072265625,yahoo_live
2012-08-14,72.95374298095703,yahoo_live
2012-08-15,72.61105346679688,yahoo_live
2012-08-16,72.3968505859375,yahoo_live
2012-08-17,72.49480438232422,yahoo_live
2012-08-20,72.69673156738281,yahoo_live
2012-08-21,72.81912994384766,yahoo_live
2012-08-22,73.23529815673828,yahoo_live
2012-08-23,73.29035186767578,yahoo_live
2012-08-24,73.36990356445312,yahoo_live
2012-08-27,73.46172332763672,yahoo_live
2012-08-28,73.56570434570312,yahoo_live
2012-08-29,73.4127426147461,yahoo_live
2012-08-30,73.43724060058594,yahoo_live
2012-08-31,73.94515991210938,yahoo_live
2012-09-04,73.77017974853516,yahoo_live
2012-09-05,73.80087280273438,yahoo_live
2012-09-06,73.47550964355469,yahoo_live
2012-09-07,73.62894439697266,yahoo_live
2012-09-10,73.62285614013672,yahoo_live
2012-09-11,73.68423461914062,yahoo_live
2012-09-12,73.53688049316406,yahoo_live
2012-09-13,73.92981719970703,yahoo_live
2012-09-14,73.48777770996094,yahoo_live
2012-09-17,73.73954772949219,yahoo_live
2012-09-18,73.96666717529297,yahoo_live
2012-09-19,74.08943939208984,yahoo_live
2012-09-20,74.02803039550781,yahoo_live
2012-09-21,74.16307830810547,yahoo_live
2012-09-24,74.27365112304688,yahoo_live
2012-09-25,74.42097473144531,yahoo_live
2012-09-26,74.62970733642578,yahoo_live
2012-09-27,74.5928726196289,yahoo_live
2012-09-28,74.75859832763672,yahoo_live
2012-10-01,74.95818328857422,yahoo_live
2012-10-02,74.98283386230469,yahoo_live
2012-10-03,75.0320816040039,yahoo_live
2012-10-04,74.970458984375,yahoo_live
2012-10-05,74.85346984863281,yahoo_live
2012-10-08,75.05056762695312,yahoo_live
2012-10-09,75.13059997558594,yahoo_live
2012-10-10,75.26609802246094,yahoo_live
2012-10-11,75.51245880126953,yahoo_live
2012-10-12,75.5986557006836,yahoo_live
2012-10-15,75.8327407836914,yahoo_live
2012-10-16,75.78347778320312,yahoo_live
2012-10-17,75.63562774658203,yahoo_live
2012-10-18,75.49398040771484,yahoo_live
2012-10-19,75.62947845458984,yahoo_live
2012-10-22,75.45087432861328,yahoo_live
2012-10-23,75.58018493652344,yahoo_live
2012-10-24,75.37699890136719,yahoo_live
2012-10-25,75.16141510009766,yahoo_live
2012-10-26,75.53094482421875,yahoo_live
2012-10-31,75.76498413085938,yahoo_live
2012-11-01,75.43238830566406,yahoo_live
2012-11-02,75.28460693359375,yahoo_live
2012-11-05,75.32156372070312,yahoo_live
2012-11-06,74.95818328857422,yahoo_live
2012-11-07,75.1121597290039,yahoo_live
2012-11-08,75.03823852539062,yahoo_live
2012-11-09,74.85346984863281,yahoo_live
2012-11-12,74.8657455444336,yahoo_live
2012-11-13,74.89656829833984,yahoo_live
2012-11-14,75.05056762695312,yahoo_live
2012-11-15,74.90274047851562,yahoo_live
2012-11-16,74.92738342285156,yahoo_live
2012-11-19,75.16141510009766,yahoo_live
2012-11-20,74.92738342285156,yahoo_live
2012-11-21,74.98283386230469,yahoo_live
2012-11-23,75.01360321044922,yahoo_live
2012-11-26,75.13677215576172,yahoo_live
2012-11-27,75.17988586425781,yahoo_live
2012-11-28,75.1676025390625,yahoo_live
2012-11-29,75.22299194335938,yahoo_live
2012-11-30,75.21684265136719,yahoo_live
2012-12-03,75.30020141601562,yahoo_live
2012-12-04,75.36817932128906,yahoo_live
2012-12-05,75.52264404296875,yahoo_live
2012-12-06,75.51030731201172,yahoo_live
2012-12-07,75.33111572265625,yahoo_live
2012-12-10,75.39910125732422,yahoo_live
2012-12-11,75.1210708618164,yahoo_live
2012-12-12,74.89247131347656,yahoo_live
2012-12-13,74.77511596679688,yahoo_live
2012-12-14,74.83070373535156,yahoo_live
2012-12-17,74.58983612060547,yahoo_live
2012-12-18,74.40442657470703,yahoo_live
2012-12-19,74.69486236572266,yahoo_live
2012-12-20,74.76892852783203,yahoo_live
2012-12-21,74.89867401123047,yahoo_live
2012-12-24,74.84925842285156,yahoo_live
2012-12-26,74.95584869384766,yahoo_live
2012-12-27,75.1974868774414,yahoo_live
2012-12-28,75.36481475830078,yahoo_live
2012-12-31,74.96824645996094,yahoo_live
2013-01-02,75.14171600341797,yahoo_live
2013-01-03,74.73280334472656,yahoo_live
2013-01-04,74.695556640625,yahoo_live
2013-01-07,74.8194808959961,yahoo_live
2013-01-08,74.88763427734375,yahoo_live
2013-01-09,74.86293029785156,yahoo_live
2013-01-10,74.90005493164062,yahoo_live
2013-01-11,75.03639221191406,yahoo_live
2013-01-14,74.88763427734375,yahoo_live
2013-01-15,74.82574462890625,yahoo_live
2013-01-16,74.82574462890625,yahoo_live
2013-01-17,74.695556640625,yahoo_live
2013-01-18,74.76995086669922,yahoo_live
2013-01-22,74.76995086669922,yahoo_live
2013-01-23,74.86293029785156,yahoo_live
2013-01-24,74.75755310058594,yahoo_live
2013-01-25,74.41675567626953,yahoo_live
2013-01-28,74.35484313964844,yahoo_live
2013-01-29,74.1875,yahoo_live
2013-01-30,73.93964385986328,yahoo_live
2013-01-31,73.99549102783203,yahoo_live
2013-02-01,73.80335235595703,yahoo_live
2013-02-04,74.05195617675781,yahoo_live
2013-02-05,73.90282440185547,yahoo_live
2013-02-06,74.09546661376953,yahoo_live
2013-02-07,74.12035369873047,yahoo_live
2013-02-08,74.28189849853516,yahoo_live
2013-02-11,74.24467468261719,yahoo_live
2013-02-12,74.17008972167969,yahoo_live
2013-02-13,73.99610137939453,yahoo_live
2013-02-14,74.20116424560547,yahoo_live
2013-02-15,74.17008972167969,yahoo_live
2013-02-19,74.15143585205078,yahoo_live
2013-02-20,74.2757339477539,yahoo_live
2013-02-21,74.39384460449219,yahoo_live
2013-02-22,74.44356536865234,yahoo_live
2013-02-25,74.88488006591797,yahoo_live
2013-02-26,74.7916259765625,yahoo_live
2013-02-27,74.76679992675781,yahoo_live
2013-02-28,74.7916259765625,yahoo_live
2013-03-01,74.96246337890625,yahoo_live
2013-03-04,74.90632629394531,yahoo_live
2013-03-05,74.78166961669922,yahoo_live
2013-03-06,74.56343078613281,yahoo_live
2013-03-07,74.32028198242188,yahoo_live
2013-03-08,74.05838012695312,yahoo_live
2013-03-11,74.10826873779297,yahoo_live
2013-03-12,74.25791931152344,yahoo_live
2013-03-13,74.18936157226562,yahoo_live
2013-03-14,74.22054290771484,yahoo_live
2013-03-15,74.32028198242188,yahoo_live
2013-03-18,74.5010986328125,yahoo_live
2013-03-19,74.62576293945312,yahoo_live
2013-03-20,74.40756225585938,yahoo_live
2013-03-21,74.48236846923828,yahoo_live
2013-03-22,74.48860931396484,yahoo_live
2013-03-25,74.48860931396484,yahoo_live
2013-03-26,74.53850555419922,yahoo_live
2013-03-27,74.80037689208984,yahoo_live
2013-03-28,74.75668334960938,yahoo_live
2013-04-01,74.64917755126953,yahoo_live
2013-04-02,74.64288330078125,yahoo_live
2013-04-03,74.94309997558594,yahoo_live
2013-04-04,75.34333801269531,yahoo_live
2013-04-05,75.57477569580078,yahoo_live
2013-04-08,75.6435775756836,yahoo_live
2013-04-09,75.71858978271484,yahoo_live
2013-04-10,75.51848602294922,yahoo_live
2013-04-11,75.5685043334961,yahoo_live
2013-04-12,75.94377136230469,yahoo_live
2013-04-15,75.96878814697266,yahoo_live
2013-04-16,75.83116912841797,yahoo_live
2013-04-17,75.93749237060547,yahoo_live
2013-04-18,76.00628662109375,yahoo_live
2013-04-19,76.11888122558594,yahoo_live
2013-04-22,76.1438980102539,yahoo_live
2013-04-23,76.24395751953125,yahoo_live
2013-04-24,76.27522277832031,yahoo_live
2013-04-25,76.23145294189453,yahoo_live
2013-04-26,76.50662994384766,yahoo_live
2013-04-29,76.51285552978516,yahoo_live
2013-04-30,76.38153076171875,yahoo_live
2013-05-01,76.72151947021484,yahoo_live
2013-05-02,76.72151947021484,yahoo_live
2013-05-03,76.00017547607422,yahoo_live
2013-05-06,75.98763275146484,yahoo_live
2013-05-07,75.93118286132812,yahoo_live
2013-05-08,76.00017547607422,yahoo_live
2013-05-09,75.83708190917969,yahoo_live
2013-05-10,75.4418716430664,yahoo_live
2013-05-13,75.2474365234375,yahoo_live
2013-05-14,75.04673767089844,yahoo_live
2013-05-15,75.3101577758789,yahoo_live
2013-05-16,75.6551742553711,yahoo_live
2013-05-17,75.32894897460938,yahoo_live
2013-05-20,75.24117279052734,yahoo_live
2013-05-21,75.5234146118164,yahoo_live
2013-05-22,74.92749786376953,yahoo_live
2013-05-23,75.00276947021484,yahoo_live
2013-05-24,74.95262145996094,yahoo_live
2013-05-28,74.23127746582031,yahoo_live
2013-05-29,74.19989776611328,yahoo_live
2013-05-30,74.29397583007812,yahoo_live
2013-05-31,73.92388153076172,yahoo_live
2013-06-03,73.72947692871094,yahoo_live
2013-06-04,73.44004821777344,yahoo_live
2013-06-05,73.33306121826172,yahoo_live
2013-06-06,73.64765930175781,yahoo_live
2013-06-07,73.35823822021484,yahoo_live
2013-06-10,73.13175201416016,yahoo_live
2013-06-11,72.99329376220703,yahoo_live
2013-06-12,72.74163055419922,yahoo_live
2013-06-13,73.52182006835938,yahoo_live
2013-06-14,73.47149658203125,yahoo_live
2013-06-17,73.36454010009766,yahoo_live
2013-06-18,73.2198257446289,yahoo_live
2013-06-19,72.18162536621094,yahoo_live
2013-06-20,71.18750762939453,yahoo_live
2013-06-21,70.60237121582031,yahoo_live
2013-06-24,70.14303588867188,yahoo_live
2013-06-25,70.37581634521484,yahoo_live
2013-06-26,70.91065216064453,yahoo_live
2013-06-27,71.55245208740234,yahoo_live
2013-06-28,71.50840759277344,yahoo_live
2013-07-01,71.69334411621094,yahoo_live
2013-07-02,71.92060089111328,yahoo_live
2013-07-03,71.7122802734375,yahoo_live
2013-07-05,70.80335998535156,yahoo_live
2013-07-08,71.38404846191406,yahoo_live
2013-07-09,71.44719696044922,yahoo_live
2013-07-10,71.23883819580078,yahoo_live
2013-07-11,72.07842254638672,yahoo_live
2013-07-12,71.87638092041016,yahoo_live
2013-07-15,72.33715057373047,yahoo_live
2013-07-16,72.22987365722656,yahoo_live
2013-07-17,72.50133514404297,yahoo_live
2013-07-18,72.31192016601562,yahoo_live
2013-07-19,72.70958709716797,yahoo_live
2013-07-22,72.87371063232422,yahoo_live
2013-07-23,72.76008605957031,yahoo_live
2013-07-24,72.4065933227539,yahoo_live
2013-07-25,72.3182601928711,yahoo_live
2013-07-26,72.39398956298828,yahoo_live
2013-07-29,72.2740478515625,yahoo_live
2013-07-30,72.29300689697266,yahoo_live
2013-07-31,72.29927825927734,yahoo_live
2013-08-01,71.72312927246094,yahoo_live
2013-08-02,72.07772827148438,yahoo_live
2013-08-05,71.80546569824219,yahoo_live
2013-08-06,71.84974670410156,yahoo_live
2013-08-07,72.00809478759766,yahoo_live
2013-08-08,72.1600341796875,yahoo_live
2013-08-09,72.1600341796875,yahoo_live
2013-08-12,72.12201690673828,yahoo_live
2013-08-13,71.60916137695312,yahoo_live
2013-08-14,71.48892211914062,yahoo_live
2013-08-15,70.98234558105469,yahoo_live
2013-08-16,70.62781524658203,yahoo_live
2013-08-19,70.2415771484375,yahoo_live
2013-08-20,70.67211151123047,yahoo_live
2013-08-21,70.24790954589844,yahoo_live
2013-08-22,70.5708236694336,yahoo_live
2013-08-23,71.04569244384766,yahoo_live
2013-08-26,71.19132232666016,yahoo_live
2013-08-27,71.4952163696289,yahoo_live
2013-08-28,71.50787353515625,yahoo_live
2013-08-29,71.57750701904297,yahoo_live
2013-08-30,71.57750701904297,yahoo_live
2013-09-03,71.29551696777344,yahoo_live
2013-09-04,71.03506469726562,yahoo_live
2013-09-05,70.45067596435547,yahoo_live
2013-09-06,70.55231475830078,yahoo_live
2013-09-09,70.73650360107422,yahoo_live
2013-09-10,70.42523956298828,yahoo_live
2013-09-11,70.75555419921875,yahoo_live
2013-09-12,70.70475769042969,yahoo_live
2013-09-13,70.74922180175781,yahoo_live
2013-09-16,70.83177947998047,yahoo_live
2013-09-17,71.02237701416016,yahoo_live
2013-09-18,72.0640640258789,yahoo_live
2013-09-19,71.60671997070312,yahoo_live
2013-09-20,71.6702651977539,yahoo_live
2013-09-23,72.09580993652344,yahoo_live
2013-09-24,72.28009033203125,yahoo_live
2013-09-25,72.50237274169922,yahoo_live
2013-09-26,72.32453918457031,yahoo_live
2013-09-27,72.26734924316406,yahoo_live
2013-09-30,72.10852813720703,yahoo_live
2013-10-01,72.03595733642578,yahoo_live
2013-10-02,72.25255584716797,yahoo_live
2013-10-03,72.29081726074219,yahoo_live
2013-10-04,72.2207260131836,yahoo_live
2013-10-07,72.34819030761719,yahoo_live
2013-10-08,72.33546447753906,yahoo_live
2013-10-09,72.18246459960938,yahoo_live
2013-10-10,72.28441619873047,yahoo_live
2013-10-11,72.38001251220703,yahoo_live
2013-10-14,72.156982421875,yahoo_live
2013-10-15,72.16970825195312,yahoo_live
2013-10-16,72.70503997802734,yahoo_live
2013-10-17,73.24027252197266,yahoo_live
2013-10-18,73.33586120605469,yahoo_live
2013-10-21,73.1447525024414,yahoo_live
2013-10-22,73.5908432006836,yahoo_live
2013-10-23,73.57170867919922,yahoo_live
2013-10-24,73.49523162841797,yahoo_live
2013-10-25,73.48884582519531,yahoo_live
2013-10-28,73.55890655517578,yahoo_live
2013-10-29,73.66089630126953,yahoo_live
2013-10-30,73.51436614990234,yahoo_live
2013-10-31,73.41239166259766,yahoo_live
2013-11-01,73.21420288085938,yahoo_live
2013-11-04,73.23335266113281,yahoo_live
2013-11-05,72.92003631591797,yahoo_live
2013-11-06,73.003173828125,yahoo_live
2013-11-07,73.15025329589844,yahoo_live
2013-11-08,72.43412780761719,yahoo_live
2013-11-11,72.31265258789062,yahoo_live
2013-11-12,72.36380004882812,yahoo_live
2013-11-13,72.53007507324219,yahoo_live
2013-11-14,72.9264907836914,yahoo_live
2013-11-15,72.9264907836914,yahoo_live
2013-11-18,73.25259399414062,yahoo_live
2013-11-19,72.99678039550781,yahoo_live
2013-11-20,72.68351745605469,yahoo_live
2013-11-21,72.82418060302734,yahoo_live
2013-11-22,73.07990264892578,yahoo_live
2013-11-25,73.20779418945312,yahoo_live
2013-11-26,73.35486602783203,yahoo_live
2013-11-27,73.36763000488281,yahoo_live
2013-11-29,73.31006622314453,yahoo_live
2013-12-02,72.96246337890625,yahoo_live
2013-12-03,73.14844512939453,yahoo_live
2013-12-04,72.91114044189453,yahoo_live
2013-12-05,72.750732421875,yahoo_live
2013-12-06,72.90470886230469,yahoo_live
2013-12-09,73.01373291015625,yahoo_live
2013-12-10,73.30879974365234,yahoo_live
2013-12-11,73.10355377197266,yahoo_live
2013-12-12,72.981689453125,yahoo_live
2013-12-13,73.1805191040039,yahoo_live
2013-12-16,73.23823547363281,yahoo_live
2013-12-17,73.45640563964844,yahoo_live
2013-12-18,73.45640563964844,yahoo_live
2013-12-19,73.34732055664062,yahoo_live
2013-12-20,73.687255859375,yahoo_live
2013-12-23,73.57177734375,yahoo_live
2013-12-24,73.55257415771484,yahoo_live
2013-12-26,73.49980163574219,yahoo_live
2013-12-27,73.43543243408203,yahoo_live
2013-12-30,73.65415954589844,yahoo_live
2013-12-31,73.46759796142578,yahoo_live
2014-01-02,73.60916900634766,yahoo_live
2014-01-03,73.71856689453125,yahoo_live
2014-01-06,73.87935638427734,yahoo_live
2014-01-07,73.82151794433594,yahoo_live
2014-01-08,73.50621795654297,yahoo_live
2014-01-09,73.67350769042969,yahoo_live
2014-01-10,74.07237243652344,yahoo_live
2014-01-13,74.21393585205078,yahoo_live
2014-01-14,73.9952163696289,yahoo_live
2014-01-15,74.01449584960938,yahoo_live
2014-01-16,74.18817138671875,yahoo_live
2014-01-17,74.2718505859375,yahoo_live
2014-01-21,74.16890716552734,yahoo_live
2014-01-22,73.98876190185547,yahoo_live
2014-01-23,74.2718505859375,yahoo_live
2014-01-24,74.22038269042969,yahoo_live
2014-01-27,74.07879638671875,yahoo_live
2014-01-28,74.43914794921875,yahoo_live
2014-01-29,74.58710479736328,yahoo_live
2014-01-30,74.62569427490234,yahoo_live
2014-01-31,74.85087585449219,yahoo_live
2014-02-03,75.33360290527344,yahoo_live
2014-02-04,74.97222900390625,yahoo_live
2014-02-05,74.73344421386719,yahoo_live
2014-02-06,74.66250610351562,yahoo_live
2014-02-07,74.89474487304688,yahoo_live
2014-02-10,74.9270248413086,yahoo_live
2014-02-11,74.77217102050781,yahoo_live
2014-02-12,74.54633331298828,yahoo_live
2014-02-13,74.85604095458984,yahoo_live
2014-02-14,74.99800872802734,yahoo_live
2014-02-18,75.15291595458984,yahoo_live
2014-02-19,75.06904602050781,yahoo_live
2014-02-20,74.97222900390625,yahoo_live
2014-02-21,75.04963684082031,yahoo_live
2014-02-24,75.08834075927734,yahoo_live
2014-02-25,75.37879180908203,yahoo_live
2014-02-26,75.62393951416016,yahoo_live
2014-02-27,75.75304412841797,yahoo_live
2014-02-28,75.70781707763672,yahoo_live
2014-03-03,75.90587615966797,yahoo_live
2014-03-04,75.4981460571289,yahoo_live
2014-03-05,75.45928955078125,yahoo_live
2014-03-06,75.23279571533203,yahoo_live
2014-03-07,74.96097564697266,yahoo_live
2014-03-10,74.84446716308594,yahoo_live
2014-03-11,74.870361328125,yahoo_live
2014-03-12,75.13571166992188,yahoo_live
2014-03-13,75.40109252929688,yahoo_live
2014-03-14,75.31694793701172,yahoo_live
2014-03-17,75.2198486328125,yahoo_live
2014-03-18,75.452880859375,yahoo_live
2014-03-19,74.90918731689453,yahoo_live
2014-03-20,75.01276397705078,yahoo_live
2014-03-21,75.27166748046875,yahoo_live
2014-03-24,75.41399383544922,yahoo_live
2014-03-25,75.4399185180664,yahoo_live
2014-03-26,75.73117065429688,yahoo_live
2014-03-27,75.75057220458984,yahoo_live
2014-03-28,75.69232940673828,yahoo_live
2014-03-31,75.68582916259766,yahoo_live
2014-04-01,75.49760437011719,yahoo_live
2014-04-02,75.39376831054688,yahoo_live
2014-04-03,75.53656768798828,yahoo_live
2014-04-04,75.83516693115234,yahoo_live
2014-04-07,76.01689910888672,yahoo_live
2014-04-08,76.21804809570312,yahoo_live
2014-04-09,76.28306579589844,yahoo_live
2014-04-10,76.38687896728516,yahoo_live
2014-04-11,76.43883514404297,yahoo_live
2014-04-14,76.49076080322266,yahoo_live
2014-04-15,76.65299987792969,yahoo_live
2014-04-16,76.68547821044922,yahoo_live
2014-04-17,76.24407196044922,yahoo_live
2014-04-21,76.34793853759766,yahoo_live
2014-04-22,76.38687896728516,yahoo_live
2014-04-23,76.55563354492188,yahoo_live
2014-04-24,76.56864929199219,yahoo_live
2014-04-25,76.55563354492188,yahoo_live
2014-04-28,76.4647445678711,yahoo_live
2014-04-29,76.477783203125,yahoo_live
2014-04-30,76.69198608398438,yahoo_live
2014-05-01,77.0135726928711,yahoo_live
2014-05-02,77.17633819580078,yahoo_live
2014-05-05,76.98100280761719,yahoo_live
2014-05-06,77.11119842529297,yahoo_live
2014-05-07,77.12422943115234,yahoo_live
2014-05-08,77.14374542236328,yahoo_live
2014-05-09,77.05912017822266,yahoo_live
2014-05-12,76.86385345458984,yahoo_live
2014-05-13,77.1502685546875,yahoo_live
2014-05-14,77.53437042236328,yahoo_live
2014-05-15,77.67110443115234,yahoo_live
2014-05-16,77.57994079589844,yahoo_live
2014-05-19,77.50833129882812,yahoo_live
2014-05-20,77.50833129882812,yahoo_live
2014-05-21,77.3650894165039,yahoo_live
2014-05-22,77.33907318115234,yahoo_live
2014-05-23,77.4237289428711,yahoo_live
2014-05-27,77.69710540771484,yahoo_live
2014-05-28,78.06816864013672,yahoo_live
2014-05-29,77.84031677246094,yahoo_live
2014-05-30,77.85333251953125,yahoo_live
2014-06-02,77.42120361328125,yahoo_live
2014-06-03,77.06866455078125,yahoo_live
2014-06-04,77.0294418334961,yahoo_live
2014-06-05,77.19268035888672,yahoo_live
2014-06-06,77.35591888427734,yahoo_live
2014-06-09,77.19922637939453,yahoo_live
2014-06-10,77.05558776855469,yahoo_live
2014-06-11,77.11436462402344,yahoo_live
2014-06-12,77.36236572265625,yahoo_live
2014-06-13,77.34931182861328,yahoo_live
2014-06-16,77.34284210205078,yahoo_live
2014-06-17,77.08170318603516,yahoo_live
2014-06-18,77.52561950683594,yahoo_live
2014-06-19,77.2514419555664,yahoo_live
2014-06-20,77.40160369873047,yahoo_live
2014-06-23,77.39505767822266,yahoo_live
2014-06-24,77.72150421142578,yahoo_live
2014-06-25,77.7998046875,yahoo_live
2014-06-26,77.94346618652344,yahoo_live
2014-06-27,77.93038940429688,yahoo_live
2014-06-30,77.85858917236328,yahoo_live
2014-07-01,77.55744171142578,yahoo_live
2014-07-02,77.28247833251953,yahoo_live
2014-07-03,77.2038803100586,yahoo_live
2014-07-07,77.34142303466797,yahoo_live
2014-07-08,77.62942504882812,yahoo_live
2014-07-09,77.75382232666016,yahoo_live
2014-07-10,77.69493103027344,yahoo_live
2014-07-11,77.9371566772461,yahoo_live
2014-07-14,77.77350616455078,yahoo_live
2014-07-15,77.6883544921875,yahoo_live
2014-07-16,77.87167358398438,yahoo_live
2014-07-17,78.16630554199219,yahoo_live
2014-07-18,78.06147766113281,yahoo_live
2014-07-21,78.06147766113281,yahoo_live
2014-07-22,78.12043762207031,yahoo_live
2014-07-23,78.21209716796875,yahoo_live
2014-07-24,77.90444946289062,yahoo_live
2014-07-25,78.20558166503906,yahoo_live
2014-07-28,78.1139144897461,yahoo_live
2014-07-29,78.18589782714844,yahoo_live
2014-07-30,77.82588195800781,yahoo_live
2014-07-31,77.60979461669922,yahoo_live
2014-08-01,78.0096206665039,yahoo_live
2014-08-04,78.02934265136719,yahoo_live
2014-08-05,78.10811614990234,yahoo_live
2014-08-06,77.97026824951172,yahoo_live
2014-08-07,78.17374420166016,yahoo_live
2014-08-08,78.15411376953125,yahoo_live
2014-08-11,78.1869125366211,yahoo_live
2014-08-12,78.14749145507812,yahoo_live
2014-08-13,78.30506134033203,yahoo_live
2014-08-14,78.39043426513672,yahoo_live
2014-08-15,78.66616821289062,yahoo_live
2014-08-18,78.4889144897461,yahoo_live
2014-08-19,78.4364013671875,yahoo_live
2014-08-20,78.25912475585938,yahoo_live
2014-08-21,78.5283432006836,yahoo_live
2014-08-22,78.62679290771484,yahoo_live
2014-08-25,78.75154876708984,yahoo_live
2014-08-26,78.80406951904297,yahoo_live
2014-08-27,78.9353256225586,yahoo_live
2014-08-28,79.10608673095703,yahoo_live
2014-08-29,79.1651611328125,yahoo_live
2014-09-02,78.78849792480469,yahoo_live
2014-09-03,78.89388275146484,yahoo_live
2014-09-04,78.33424377441406,yahoo_live
2014-09-05,78.34741973876953,yahoo_live
2014-09-08,78.2157974243164,yahoo_live
2014-09-09,78.00509643554688,yahoo_live
2014-09-10,77.8799819946289,yahoo_live
2014-09-11,77.82071685791016,yahoo_live
2014-09-12,77.44546508789062,yahoo_live
2014-09-15,77.46520233154297,yahoo_live
2014-09-16,77.4520034790039,yahoo_live
2014-09-17,77.24134063720703,yahoo_live
2014-09-18,77.3796157836914,yahoo_live
2014-09-19,77.6824951171875,yahoo_live
2014-09-22,77.75489807128906,yahoo_live
2014-09-23,77.8799819946289,yahoo_live
2014-09-24,77.69561767578125,yahoo_live
2014-09-25,77.92608642578125,yahoo_live
2014-09-26,77.75489807128906,yahoo_live
2014-09-29,77.7219467163086,yahoo_live
2014-09-30,77.8338623046875,yahoo_live
2014-10-01,78.30599212646484,yahoo_live
2014-10-02,78.29937744140625,yahoo_live
2014-10-03,78.52384185791016,yahoo_live
2014-10-06,78.5634994506836,yahoo_live
2014-10-07,78.84739685058594,yahoo_live
2014-10-08,79.25016021728516,yahoo_live
2014-10-09,78.9200210571289,yahoo_live
2014-10-10,78.98603057861328,yahoo_live
2014-10-13,79.1906967163086,yahoo_live
2014-10-14,79.36898040771484,yahoo_live
2014-10-15,79.42842102050781,yahoo_live
2014-10-16,79.25016021728516,yahoo_live
2014-10-17,79.21714782714844,yahoo_live
2014-10-20,79.36241912841797,yahoo_live
2014-10-21,79.31616973876953,yahoo_live
2014-10-22,79.18415069580078,yahoo_live
2014-10-23,79.03224182128906,yahoo_live
2014-10-24,79.0652847290039,yahoo_live
2014-10-27,79.16429901123047,yahoo_live
2014-10-28,78.90019226074219,yahoo_live
2014-10-29,78.75495910644531,yahoo_live
2014-10-30,78.80781555175781,yahoo_live
2014-10-31,78.7945556640625,yahoo_live
2014-11-03,78.63893127441406,yahoo_live
2014-11-04,78.75151824951172,yahoo_live
2014-11-05,78.60588073730469,yahoo_live
2014-11-06,78.3675537109375,yahoo_live
2014-11-07,78.86405181884766,yahoo_live
2014-11-10,78.46685028076172,yahoo_live
2014-11-11,78.4601821899414,yahoo_live
2014-11-12,78.45355987548828,yahoo_live
2014-11-13,78.3675537109375,yahoo_live
2014-11-14,78.46685028076172,yahoo_live
2014-11-17,78.28146362304688,yahoo_live
2014-11-18,78.3476333618164,yahoo_live
2014-11-19,77.93048858642578,yahoo_live
2014-11-20,78.22843933105469,yahoo_live
2014-11-21,78.566162109375,yahoo_live
2014-11-24,78.69196319580078,yahoo_live
2014-11-25,79.0296630859375,yahoo_live
2014-11-26,79.30107879638672,yahoo_live
2014-11-28,79.51298522949219,yahoo_live
2014-12-01,79.2374038696289,yahoo_live
2014-12-02,78.70623016357422,yahoo_live
2014-12-03,78.78593444824219,yahoo_live
2014-12-04,78.91209411621094,yahoo_live
2014-12-05,78.58670806884766,yahoo_live
2014-12-08,78.95855712890625,yahoo_live
2014-12-09,79.02494812011719,yahoo_live
2014-12-10,78.99837493896484,yahoo_live
2014-12-11,78.918701171875,yahoo_live
2014-12-12,79.04488372802734,yahoo_live
2014-12-15,79.23078155517578,yahoo_live
2014-12-16,79.20421600341797,yahoo_live
2014-12-17,79.22415161132812,yahoo_live
2014-12-18,79.30379486083984,yahoo_live
2014-12-19,79.2640151977539,yahoo_live
2014-12-22,79.5162582397461,yahoo_live
2014-12-23,78.91209411621094,yahoo_live
2014-12-24,79.16641998291016,yahoo_live
2014-12-26,79.22631072998047,yahoo_live
2014-12-29,79.37942504882812,yahoo_live
2014-12-30,79.44602966308594,yahoo_live
2014-12-31,79.49927520751953,yahoo_live
2015-01-02,79.7789077758789,yahoo_live
2015-01-05,80.10516357421875,yahoo_live
2015-01-06,80.43136596679688,yahoo_live
2015-01-07,80.53787231445312,yahoo_live
2015-01-08,80.27822875976562,yahoo_live
2015-01-09,80.49127197265625,yahoo_live
2015-01-12,80.64441680908203,yahoo_live
2015-01-13,80.71761322021484,yahoo_live
2015-01-14,80.85746765136719,yahoo_live
2015-01-15,81.27688598632812,yahoo_live
2015-01-16,80.82414245605469,yahoo_live
2015-01-20,81.01057434082031,yahoo_live
2015-01-21,80.97728729248047,yahoo_live
2015-01-22,80.9373550415039,yahoo_live
2015-01-23,81.41002655029297,yahoo_live
2015-01-26,81.39004516601562,yahoo_live
2015-01-27,81.44996643066406,yahoo_live
2015-01-28,82.0025634765625,yahoo_live
2015-01-29,81.80947875976562,yahoo_live
2015-01-30,82.48190307617188,yahoo_live
2015-02-02,82.55868530273438,yahoo_live
2015-02-03,81.89112854003906,yahoo_live
2015-02-04,82.00458526611328,yahoo_live
2015-02-05,81.74425506591797,yahoo_live
2015-02-06,80.88977813720703,yahoo_live
2015-02-09,80.94316101074219,yahoo_live
2015-02-10,80.72285461425781,yahoo_live
2015-02-11,80.77622985839844,yahoo_live
2015-02-12,80.98319244384766,yahoo_live
2015-02-13,80.66276550292969,yahoo_live
2015-02-17,80.2889633178711,yahoo_live
2015-02-18,80.57598876953125,yahoo_live
2015-02-19,80.56266784667969,yahoo_live
2015-02-20,80.68280029296875,yahoo_live
2015-02-23,80.95650482177734,yahoo_live
2015-02-24,81.48387908935547,yahoo_live
2015-02-25,81.55732727050781,yahoo_live
2015-02-26,81.11674499511719,yahoo_live
2015-02-27,81.31028747558594,yahoo_live
2015-03-02,80.60547637939453,yahoo_live
2015-03-03,80.55863189697266,yahoo_live
2015-03-04,80.50509643554688,yahoo_live
2015-03-05,80.61215209960938,yahoo_live
2015-03-06,79.75540161132812,yahoo_live
2015-03-09,80.07670593261719,yahoo_live
2015-03-10,80.20384216308594,yahoo_live
2015-03-11,80.61215209960938,yahoo_live
2015-03-12,80.53179931640625,yahoo_live
2015-03-13,80.30425262451172,yahoo_live
2015-03-16,80.38459014892578,yahoo_live
2015-03-17,80.51846313476562,yahoo_live
2015-03-18,81.5091323852539,yahoo_live
2015-03-19,81.09412384033203,yahoo_live
2015-03-20,81.32170104980469,yahoo_live
2015-03-23,81.5091323852539,yahoo_live
2015-03-24,81.629638671875,yahoo_live
2015-03-25,81.36188507080078,yahoo_live
2015-03-26,80.85984802246094,yahoo_live
2015-03-27,81.18114471435547,yahoo_live
2015-03-30,81.32170104980469,yahoo_live
2015-03-31,81.46900939941406,yahoo_live
2015-04-01,81.70318603515625,yahoo_live
2015-04-02,81.5689468383789,yahoo_live
2015-04-06,81.67633056640625,yahoo_live
2015-04-07,81.9716567993164,yahoo_live
2015-04-08,81.94482421875,yahoo_live
2015-04-09,81.5287094116211,yahoo_live
2015-04-10,81.6427993774414,yahoo_live
2015-04-13,81.61598205566406,yahoo_live
2015-04-14,81.80387878417969,yahoo_live
2015-04-15,81.85758209228516,yahoo_live
2015-04-16,81.81057739257812,yahoo_live
2015-04-17,82.0321044921875,yahoo_live
2015-04-20,81.83744812011719,yahoo_live
2015-04-21,81.81730651855469,yahoo_live
2015-04-22,81.28709411621094,yahoo_live
2015-04-23,81.49512481689453,yahoo_live
2015-04-24,81.64952850341797,yahoo_live
2015-04-27,81.58908081054688,yahoo_live
2015-04-28,81.10581970214844,yahoo_live
2015-04-29,80.43464660644531,yahoo_live
2015-04-30,80.50177764892578,yahoo_live
2015-05-01,80.0576171875,yahoo_live
2015-05-04,79.80183410644531,yahoo_live
2015-05-05,79.66724395751953,yahoo_live
2015-05-06,79.3239974975586,yahoo_live
2015-05-07,79.64029693603516,yahoo_live
2015-05-08,80.09793853759766,yahoo_live
2015-05-11,79.29032135009766,yahoo_live
2015-05-12,79.17591094970703,yahoo_live
2015-05-13,79.10186004638672,yahoo_live
2015-05-14,79.37104034423828,yahoo_live
2015-05-15,79.92298126220703,yahoo_live
2015-05-18,79.3105239868164,yahoo_live
2015-05-19,78.88648223876953,yahoo_live
2015-05-20,78.98074340820312,yahoo_live
2015-05-21,79.35762786865234,yahoo_live
2015-05-22,79.30375671386719,yahoo_live
2015-05-26,79.65376281738281,yahoo_live
2015-05-27,79.73451232910156,yahoo_live
2015-05-28,79.56627655029297,yahoo_live
2015-05-29,79.59992218017578,yahoo_live
2015-06-01,79.15379333496094,yahoo_live
2015-06-02,78.74882507324219,yahoo_live
2015-06-03,78.24264526367188,yahoo_live
2015-06-04,78.64763641357422,yahoo_live
2015-06-05,78.24938201904297,yahoo_live
2015-06-08,78.19544982910156,yahoo_live
2015-06-09,77.84449768066406,yahoo_live
2015-06-10,77.63525390625,yahoo_live
2015-06-11,78.32365417480469,yahoo_live
2015-06-12,78.18868255615234,yahoo_live
2015-06-15,78.17518615722656,yahoo_live
2015-06-16,78.3708724975586,yahoo_live
2015-06-17,78.3641586303711,yahoo_live
2015-06-18,78.22245025634766,yahoo_live
2015-06-19,78.64080047607422,yahoo_live
2015-06-22,78.01997375488281,yahoo_live
2015-06-23,77.84449768066406,yahoo_live
2015-06-24,78.06046295166016,yahoo_live
2015-06-25,77.93218231201172,yahoo_live
2015-06-26,77.57451629638672,yahoo_live
2015-06-29,78.24938201904297,yahoo_live
2015-06-30,78.1009292602539,yahoo_live
2015-07-01,77.8504638671875,yahoo_live
2015-07-02,78.14830780029297,yahoo_live
2015-07-06,78.45967102050781,yahoo_live
2015-07-07,78.78450012207031,yahoo_live
2015-07-08,78.89286041259766,yahoo_live
2015-07-09,78.37164306640625,yahoo_live
2015-07-10,77.87080383300781,yahoo_live
2015-07-13,77.70158386230469,yahoo_live
2015-07-14,77.76927947998047,yahoo_live
2015-07-15,77.97233581542969,yahoo_live
2015-07-16,78.09414672851562,yahoo_live
2015-07-17,78.14830780029297,yahoo_live
2015-07-20,77.96556091308594,yahoo_live
2015-07-21,78.12802124023438,yahoo_live
2015-07-22,78.22955322265625,yahoo_live
2015-07-23,78.45967102050781,yahoo_live
2015-07-24,78.42582702636719,yahoo_live
2015-07-27,78.43260955810547,yahoo_live
2015-07-28,78.37164306640625,yahoo_live
2015-07-29,78.30400085449219,yahoo_live
2015-07-30,78.3446044921875,yahoo_live
2015-07-31,78.75071716308594,yahoo_live
2015-08-03,78.93396759033203,yahoo_live
2015-08-04,78.53350067138672,yahoo_live
2015-08-05,78.22801971435547,yahoo_live
2015-08-06,78.37738037109375,yahoo_live
2015-08-07,78.64887237548828,yahoo_live
2015-08-10,78.33663940429688,yahoo_live
2015-08-11,78.66246032714844,yahoo_live
2015-08-12,78.54026794433594,yahoo_live
2015-08-13,78.2687759399414,yahoo_live
2015-08-14,78.34346771240234,yahoo_live
2015-08-17,78.59455871582031,yahoo_live
2015-08-18,78.29592895507812,yahoo_live
2015-08-19,78.67605590820312,yahoo_live
2015-08-20,78.72355651855469,yahoo_live
2015-08-21,78.74390411376953,yahoo_live
2015-08-24,78.52674865722656,yahoo_live
2015-08-25,78.12620544433594,yahoo_live
2015-08-26,78.0787353515625,yahoo_live
2015-08-27,78.1534194946289,yahoo_live
2015-08-28,78.29592895507812,yahoo_live
2015-08-31,78.09906768798828,yahoo_live
2015-09-01,78.57220458984375,yahoo_live
2015-09-02,78.45642852783203,yahoo_live
2015-09-03,78.8309326171875,yahoo_live
2015-09-04,79.00790405273438,yahoo_live
2015-09-08,78.64028930664062,yahoo_live
2015-09-09,78.81050109863281,yahoo_live
2015-09-10,78.65390014648438,yahoo_live
2015-09-11,78.7083511352539,yahoo_live
2015-09-14,78.7015380859375,yahoo_live
2015-09-15,78.1092758178711,yahoo_live
2015-09-16,78.25225067138672,yahoo_live
2015-09-17,78.8989486694336,yahoo_live
2015-09-18,79.13725280761719,yahoo_live
2015-09-21,78.73558044433594,yahoo_live
2015-09-22,79.07595825195312,yahoo_live
2015-09-23,79.0283203125,yahoo_live
2015-09-24,79.04194641113281,yahoo_live
2015-09-25,78.80371856689453,yahoo_live
2015-09-28,78.93978881835938,yahoo_live
2015-09-29,79.04194641113281,yahoo_live
2015-09-30,79.0283203125,yahoo_live
2015-10-01,79.01060485839844,yahoo_live
2015-10-02,79.35874938964844,yahoo_live
2015-10-05,79.14705657958984,yahoo_live
2015-10-06,79.30411529541016,yahoo_live
2015-10-07,79.58403015136719,yahoo_live
2015-10-08,79.27000427246094,yahoo_live
2015-10-09,79.30411529541016,yahoo_live
2015-10-12,79.6249771118164,yahoo_live
2015-10-13,79.56358337402344,yahoo_live
2015-10-14,79.87760925292969,yahoo_live
2015-10-15,79.84346008300781,yahoo_live
2015-10-16,79.87079620361328,yahoo_live
2015-10-19,79.86390686035156,yahoo_live
2015-10-20,79.71373748779297,yahoo_live
2015-10-21,80.10972595214844,yahoo_live
2015-10-22,80.2803726196289,yahoo_live
2015-10-23,79.98685455322266,yahoo_live
2015-10-26,80.13020324707031,yahoo_live
2015-10-27,80.15071105957031,yahoo_live
2015-10-28,79.83665466308594,yahoo_live
2015-10-29,79.27685546875,yahoo_live
2015-10-30,79.48163604736328,yahoo_live
2015-11-02,79.1400146484375,yahoo_live
2015-11-03,79.14683532714844,yahoo_live
2015-11-04,79.05783081054688,yahoo_live
2015-11-05,79.078369140625,yahoo_live
2015-11-06,78.56490325927734,yahoo_live
2015-11-09,78.43476867675781,yahoo_live
2015-11-10,78.63330841064453,yahoo_live
2015-11-11,78.62647247314453,yahoo_live
2015-11-12,78.59908294677734,yahoo_live
2015-11-13,78.8318862915039,yahoo_live
2015-11-16,78.8455810546875,yahoo_live
2015-11-17,78.92777252197266,yahoo_live
2015-11-18,78.94828796386719,yahoo_live
2015-11-19,79.18106079101562,yahoo_live
2015-11-20,79.16737365722656,yahoo_live
2015-11-23,79.19477081298828,yahoo_live
2015-11-24,79.22216033935547,yahoo_live
2015-11-25,79.29742431640625,yahoo_live
2015-11-27,79.32485961914062,yahoo_live
2015-11-30,79.35906982421875,yahoo_live
2015-12-01,79.95573425292969,yahoo_live
2015-12-02,79.76349639892578,yahoo_live
2015-12-03,78.70613861083984,yahoo_live
2015-12-04,79.13177490234375,yahoo_live
2015-12-07,79.26911926269531,yahoo_live
2015-12-08,79.16614532470703,yahoo_live
2015-12-09,79.14552307128906,yahoo_live
2015-12-10,78.96015930175781,yahoo_live
2015-12-11,79.09752655029297,yahoo_live
2015-12-14,78.51386260986328,yahoo_live
2015-12-15,78.52073669433594,yahoo_live
2015-12-16,78.50698852539062,yahoo_live
2015-12-17,78.59622955322266,yahoo_live
2015-12-18,78.59622955322266,yahoo_live
2015-12-21,78.65122985839844,yahoo_live
2015-12-22,78.54820251464844,yahoo_live
2015-12-23,78.61683654785156,yahoo_live
2015-12-24,78.87300872802734,yahoo_live
2015-12-28,78.77658081054688,yahoo_live
2015-12-29,78.37035369873047,yahoo_live
2015-12-30,78.37035369873047,yahoo_live
2015-12-31,78.5011978149414,yahoo_live
2016-01-04,78.45984649658203,yahoo_live
2016-01-05,78.5011978149414,yahoo_live
2016-01-06,78.81103515625,yahoo_live
2016-01-07,78.87300872802734,yahoo_live
2016-01-08,78.9349365234375,yahoo_live
2016-01-11,78.6801986694336,yahoo_live
2016-01-12,78.85921478271484,yahoo_live
2016-01-13,79.1002426147461,yahoo_live
2016-01-14,78.70772552490234,yahoo_live
2016-01-15,78.59065246582031,yahoo_live
2016-01-19,78.23950958251953,yahoo_live
2016-01-20,78.3565673828125,yahoo_live
2016-01-21,78.1294174194336,yahoo_live
2016-01-22,78.17756652832031,yahoo_live
2016-01-25,78.09490966796875,yahoo_live
2016-01-26,78.31529998779297,yahoo_live
2016-01-27,78.10184478759766,yahoo_live
2016-01-28,78.19132232666016,yahoo_live
2016-01-29,78.59758758544922,yahoo_live
2016-02-01,78.34688568115234,yahoo_live
2016-02-02,78.491943359375,yahoo_live
2016-02-03,78.2986068725586,yahoo_live
2016-02-04,78.3331069946289,yahoo_live
2016-02-05,78.31929016113281,yahoo_live
2016-02-08,78.72671508789062,yahoo_live
2016-02-09,78.45741271972656,yahoo_live
2016-02-10,78.55406951904297,yahoo_live
2016-02-11,78.8165054321289,yahoo_live
2016-02-12,78.37449645996094,yahoo_live
2016-02-16,78.0016098022461,yahoo_live
2016-02-17,77.98086547851562,yahoo_live
2016-02-18,78.61624908447266,yahoo_live
2016-02-19,78.56095886230469,yahoo_live
2016-02-22,78.71979522705078,yahoo_live
2016-02-23,78.87866973876953,yahoo_live
2016-02-24,78.95464324951172,yahoo_live
2016-02-25,79.3965835571289,yahoo_live
2016-02-26,79.36896514892578,yahoo_live
2016-02-29,79.42424011230469,yahoo_live
2016-03-01,78.99134063720703,yahoo_live
2016-03-02,79.15062713623047,yahoo_live
2016-03-03,79.52462005615234,yahoo_live
2016-03-04,79.51075744628906,yahoo_live
2016-03-07,79.60079193115234,yahoo_live
2016-03-08,80.02332305908203,yahoo_live
2016-03-09,79.93328094482422,yahoo_live
2016-03-10,80.26570892333984,yahoo_live
2016-03-11,80.49427032470703,yahoo_live
2016-03-14,80.72977447509766,yahoo_live
2016-03-15,80.70203399658203,yahoo_live
2016-03-16,81.08992004394531,yahoo_live
2016-03-17,81.33922576904297,yahoo_live
2016-03-18,81.52623748779297,yahoo_live
2016-03-21,81.4292984008789,yahoo_live
2016-03-22,81.27693939208984,yahoo_live
2016-03-23,81.6855697631836,yahoo_live
2016-03-24,81.65092468261719,yahoo_live
2016-03-28,81.69940185546875,yahoo_live
2016-03-29,82.06648254394531,yahoo_live
2016-03-30,81.96952056884766,yahoo_live
2016-03-31,82.29505920410156,yahoo_live
2016-04-01,82.56034851074219,yahoo_live
2016-04-04,82.56726837158203,yahoo_live
2016-04-05,82.8311996459961,yahoo_live
2016-04-06,82.7617416381836,yahoo_live
2016-04-07,82.98405456542969,yahoo_live
2016-04-08,82.79652404785156,yahoo_live
2016-04-11,82.78953552246094,yahoo_live
2016-04-12,82.46315002441406,yahoo_live
2016-04-13,82.7479019165039,yahoo_live
2016-04-14,82.69231414794922,yahoo_live
2016-04-15,83.0395736694336,yahoo_live
2016-04-18,83.12989807128906,yahoo_live
2016-04-19,83.28268432617188,yahoo_live
2016-04-20,83.05347442626953,yahoo_live
2016-04-21,83.01870727539062,yahoo_live
2016-04-22,83.1090316772461,yahoo_live
2016-04-25,82.91461181640625,yahoo_live
2016-04-26,82.87983703613281,yahoo_live
2016-04-27,83.4077377319336,yahoo_live
2016-04-28,83.48412322998047,yahoo_live
2016-04-29,83.57441711425781,yahoo_live
2016-05-02,83.46646881103516,yahoo_live
2016-05-03,83.61266326904297,yahoo_live
2016-05-04,83.47341918945312,yahoo_live
2016-05-05,83.64053344726562,yahoo_live
2016-05-06,83.45945739746094,yahoo_live
2016-05-09,83.37592315673828,yahoo_live
2016-05-10,83.51522064208984,yahoo_live
2016-05-11,83.60572052001953,yahoo_live
2016-05-12,83.43163299560547,yahoo_live
2016-05-13,83.58482360839844,yahoo_live
2016-05-16,83.3062744140625,yahoo_live
2016-05-17,83.27841186523438,yahoo_live
2016-05-18,82.5680923461914,yahoo_live
2016-05-19,82.7630615234375,yahoo_live
2016-05-20,82.81876373291016,yahoo_live
2016-05-23,82.81876373291016,yahoo_live
2016-05-24,82.67945098876953,yahoo_live
2016-05-25,82.82573699951172,yahoo_live
2016-05-26,83.06256103515625,yahoo_live
2016-05-27,82.99983215332031,yahoo_live
2016-05-31,83.14605712890625,yahoo_live
2016-06-01,83.20476531982422,yahoo_live
2016-06-02,83.37237548828125,yahoo_live
2016-06-03,84.04278564453125,yahoo_live
2016-06-06,83.84027862548828,yahoo_live
2016-06-07,83.96597290039062,yahoo_live
2016-06-08,84.24533081054688,yahoo_live
2016-06-09,84.36408233642578,yahoo_live
2016-06-10,84.46177673339844,yahoo_live
2016-06-13,84.33612060546875,yahoo_live
2016-06-14,84.14756774902344,yahoo_live
2016-06-15,84.46177673339844,yahoo_live
2016-06-16,84.58757019042969,yahoo_live
2016-06-17,84.33612060546875,yahoo_live
2016-06-20,84.23136901855469,yahoo_live
2016-06-21,84.15452575683594,yahoo_live
2016-06-22,84.3082046508789,yahoo_live
2016-06-23,84.22439575195312,yahoo_live
2016-06-24,84.6224594116211,yahoo_live
2016-06-27,84.9786376953125,yahoo_live
2016-06-28,85.44654846191406,yahoo_live
2016-06-29,85.41862487792969,yahoo_live
2016-06-30,85.71890258789062,yahoo_live
2016-07-01,86.16783142089844,yahoo_live
2016-07-05,86.4619140625,yahoo_live
2016-07-06,86.61597442626953,yahoo_live
2016-07-07,86.62994384765625,yahoo_live
2016-07-08,87.11311340332031,yahoo_live
2016-07-11,86.88902282714844,yahoo_live
2016-07-12,86.39887237548828,yahoo_live
2016-07-13,86.7349853515625,yahoo_live
2016-07-14,86.5249252319336,yahoo_live
2016-07-15,86.19580078125,yahoo_live
2016-07-18,86.19580078125,yahoo_live
2016-07-19,86.3498764038086,yahoo_live
2016-07-20,86.32183074951172,yahoo_live
2016-07-21,86.4198989868164,yahoo_live
2016-07-22,86.37085723876953,yahoo_live
2016-07-25,86.32183074951172,yahoo_live
2016-07-26,86.2378158569336,yahoo_live
2016-07-27,86.594970703125,yahoo_live
2016-07-28,86.51094055175781,yahoo_live
2016-07-29,86.8260726928711,yahoo_live
2016-08-01,86.3366470336914,yahoo_live
2016-08-02,85.85225677490234,yahoo_live
2016-08-03,85.96456146240234,yahoo_live
2016-08-04,86.32967376708984,yahoo_live
2016-08-05,85.97858428955078,yahoo_live
2016-08-08,86.03475189208984,yahoo_live
2016-08-09,86.54026794433594,yahoo_live
2016-08-10,86.78597259521484,yahoo_live
2016-08-11,86.4981918334961,yahoo_live
2016-08-12,86.89134216308594,yahoo_live
2016-08-15,86.62455749511719,yahoo_live
2016-08-16,86.4700927734375,yahoo_live
2016-08-17,86.7087631225586,yahoo_live
2016-08-18,86.91939544677734,yahoo_live
2016-08-19,86.65960693359375,yahoo_live
2016-08-22,86.95454406738281,yahoo_live
2016-08-23,87.05282592773438,yahoo_live
2016-08-24,86.99664306640625,yahoo_live
2016-08-25,86.91241455078125,yahoo_live
2016-08-26,86.6385726928711,yahoo_live
2016-08-29,87.13006591796875,yahoo_live
2016-08-30,87.0177230834961,yahoo_live
2016-08-31,86.98260498046875,yahoo_live
2016-09-01,86.98258972167969,yahoo_live
2016-09-02,86.82772064208984,yahoo_live
2016-09-06,87.13042449951172,yahoo_live
2016-09-07,87.01077270507812,yahoo_live
2016-09-08,86.39835357666016,yahoo_live
2016-09-09,85.75074005126953,yahoo_live
2016-09-12,85.7577896118164,yahoo_live
2016-09-13,85.47622680664062,yahoo_live
2016-09-14,85.53254699707031,yahoo_live
2016-09-15,85.58882904052734,yahoo_live
2016-09-16,85.68741607666016,yahoo_live
2016-09-19,85.6592025756836,yahoo_live
2016-09-20,85.77188873291016,yahoo_live
2016-09-21,86.20832061767578,yahoo_live
2016-09-22,86.56025695800781,yahoo_live
2016-09-23,86.49690246582031,yahoo_live
2016-09-26,86.63066864013672,yahoo_live
2016-09-27,86.8418197631836,yahoo_live
2016-09-28,86.89815521240234,yahoo_live
2016-09-29,86.8629379272461,yahoo_live
2016-09-30,86.70809936523438,yahoo_live
2016-10-03,86.46245574951172,yahoo_live
2016-10-04,86.0601806640625,yahoo_live
2016-10-05,85.96846771240234,yahoo_live
2016-10-06,85.97549438476562,yahoo_live
2016-10-07,86.18016052246094,yahoo_live
2016-10-10,86.18016052246094,yahoo_live
2016-10-11,85.91200256347656,yahoo_live
2016-10-12,86.0249252319336,yahoo_live
2016-10-13,86.23664855957031,yahoo_live
2016-10-14,85.83432006835938,yahoo_live
2016-10-17,86.11666107177734,yahoo_live
2016-10-18,86.32837677001953,yahoo_live
2016-10-19,86.44132232666016,yahoo_live
2016-10-20,86.41307067871094,yahoo_live
2016-10-21,86.46245574951172,yahoo_live
2016-10-24,86.21543884277344,yahoo_live
2016-10-25,86.15193939208984,yahoo_live
2016-10-26,85.79200744628906,yahoo_live
2016-10-27,85.40380859375,yahoo_live
2016-10-28,85.30503845214844,yahoo_live
2016-10-31,85.38267517089844,yahoo_live
2016-11-01,85.2751235961914,yahoo_live
2016-11-02,85.40249633789062,yahoo_live
2016-11-03,85.2326431274414,yahoo_live
2016-11-04,85.48738098144531,yahoo_live
2016-11-07,85.43077850341797,yahoo_live
2016-11-08,85.23973083496094,yahoo_live
2016-11-09,83.98722839355469,yahoo_live
2016-11-10,83.91646575927734,yahoo_live
2016-11-11,83.55558776855469,yahoo_live
2016-11-14,83.12391662597656,yahoo_live
2016-11-15,83.37871551513672,yahoo_live
2016-11-16,83.49893951416016,yahoo_live
2016-11-17,82.96823120117188,yahoo_live
2016-11-18,82.50121307373047,yahoo_live
2016-11-21,82.58613586425781,yahoo_live
2016-11-22,82.79844665527344,yahoo_live
2016-11-23,82.49415588378906,yahoo_live
2016-11-25,82.50121307373047,yahoo_live
2016-11-28,82.87623596191406,yahoo_live
2016-11-29,82.98947143554688,yahoo_live
2016-11-30,82.67813110351562,yahoo_live
2016-12-01,82.21479034423828,yahoo_live
2016-12-02,82.59085083007812,yahoo_live
2016-12-05,82.76827239990234,yahoo_live
2016-12-06,82.76118469238281,yahoo_live
2016-12-07,83.10883331298828,yahoo_live
2016-12-08,82.76827239990234,yahoo_live
2016-12-09,82.44894409179688,yahoo_live
2016-12-12,82.37091827392578,yahoo_live
2016-12-13,82.5553970336914,yahoo_live
2016-12-14,82.03032684326172,yahoo_live
2016-12-15,82.08710479736328,yahoo_live
2016-12-16,82.0232162475586,yahoo_live
2016-12-19,82.42058563232422,yahoo_live
2016-12-20,82.37091827392578,yahoo_live
2016-12-21,82.6333999633789,yahoo_live
2016-12-22,82.63910675048828,yahoo_live
2016-12-23,82.76717376708984,yahoo_live
2016-12-27,82.61778259277344,yahoo_live
2016-12-28,82.9237060546875,yahoo_live
2016-12-29,83.24392700195312,yahoo_live
2016-12-30,83.37195587158203,yahoo_live
2017-01-03,83.44308471679688,yahoo_live
2017-01-04,83.72769165039062,yahoo_live
2017-01-05,84.17594909667969,yahoo_live
2017-01-06,83.73481750488281,yahoo_live
2017-01-09,83.89844512939453,yahoo_live
2017-01-10,83.84864807128906,yahoo_live
2017-01-11,83.97673797607422,yahoo_live
2017-01-12,83.9696273803711,yahoo_live
2017-01-13,83.79887390136719,yahoo_live
2017-01-17,84.1617202758789,yahoo_live
2017-01-18,83.60672760009766,yahoo_live
2017-01-19,83.32215118408203,yahoo_live
2017-01-20,83.4715805053711,yahoo_live
2017-01-23,83.85577392578125,yahoo_live
2017-01-24,83.60672760009766,yahoo_live
2017-01-25,83.28656005859375,yahoo_live
2017-01-26,83.38617706298828,yahoo_live
2017-01-27,83.48580932617188,yahoo_live
2017-01-30,83.34347534179688,yahoo_live
2017-01-31,83.4929428100586,yahoo_live
2017-02-01,83.39014434814453,yahoo_live
2017-02-02,83.41156005859375,yahoo_live
2017-02-03,83.50431823730469,yahoo_live
2017-02-06,83.76829528808594,yahoo_live
2017-02-07,83.91099548339844,yahoo_live
2017-02-08,84.2034912109375,yahoo_live
2017-02-09,83.86815643310547,yahoo_live
2017-02-10,83.84675598144531,yahoo_live
2017-02-13,83.81110382080078,yahoo_live
2017-02-14,83.611328125,yahoo_live
2017-02-15,83.54713439941406,yahoo_live
2017-02-16,83.78254699707031,yahoo_live
2017-02-17,83.99655151367188,yahoo_live
2017-02-21,84.0322494506836,yahoo_live
2017-02-22,84.09644317626953,yahoo_live
2017-02-23,84.31044006347656,yahoo_live
2017-02-24,84.7385025024414,yahoo_live
2017-02-27,84.53874206542969,yahoo_live
2017-02-28,84.59587860107422,yahoo_live
2017-03-01,84.09581756591797,yahoo_live
2017-03-02,83.96708679199219,yahoo_live
2017-03-03,84.05287170410156,yahoo_live
2017-03-06,83.90267181396484,yahoo_live
2017-03-07,83.48776245117188,yahoo_live
2017-03-08,83.23027801513672,yahoo_live
2017-03-09,82.77955627441406,yahoo_live
2017-03-10,82.98704528808594,yahoo_live
2017-03-13,82.70806121826172,yahoo_live
2017-03-14,82.77955627441406,yahoo_live
2017-03-15,83.49490356445312,yahoo_live
2017-03-16,83.37332916259766,yahoo_live
2017-03-17,83.56645965576172,yahoo_live
2017-03-20,83.75959777832031,yahoo_live
2017-03-21,83.96708679199219,yahoo_live
2017-03-22,84.18165588378906,yahoo_live
2017-03-23,84.12445068359375,yahoo_live
2017-03-24,84.21028137207031,yahoo_live
2017-03-27,84.38909149169922,yahoo_live
2017-03-28,84.21028137207031,yahoo_live
2017-03-29,84.48209381103516,yahoo_live
2017-03-30,84.26036071777344,yahoo_live
2017-03-31,84.34618377685547,yahoo_live
2017-04-03,84.72490692138672,yahoo_live
2017-04-04,84.50257873535156,yahoo_live
2017-04-05,84.6101303100586,yahoo_live
2017-04-06,84.6890640258789,yahoo_live
2017-04-07,84.48101806640625,yahoo_live
2017-04-10,84.63884735107422,yahoo_live
2017-04-11,85.0333251953125,yahoo_live
2017-04-12,85.31304168701172,yahoo_live
2017-04-13,85.45652770996094,yahoo_live
2017-04-17,85.29157257080078,yahoo_live
2017-04-18,85.79364776611328,yahoo_live
2017-04-19,85.53543090820312,yahoo_live
2017-04-20,85.41351318359375,yahoo_live
2017-04-21,85.41351318359375,yahoo_live
2017-04-24,85.29874420166016,yahoo_live
2017-04-25,84.96158599853516,yahoo_live
2017-04-26,85.16963195800781,yahoo_live
2017-04-27,85.24854278564453,yahoo_live
2017-04-28,85.3489761352539,yahoo_live
2017-05-01,85.08426666259766,yahoo_live
2017-05-02,85.33600616455078,yahoo_live
2017-05-03,85.29283905029297,yahoo_live
2017-05-04,85.12742614746094,yahoo_live
2017-05-05,85.15621948242188,yahoo_live
2017-05-08,85.00514221191406,yahoo_live
2017-05-09,85.01953887939453,yahoo_live
2017-05-10,85.1346435546875,yahoo_live
2017-05-11,85.17777252197266,yahoo_live
2017-05-12,85.60930633544922,yahoo_live
2017-05-15,85.60211944580078,yahoo_live
2017-05-16,85.7243423461914,yahoo_live
2017-05-17,86.2493896484375,yahoo_live
2017-05-18,86.23503112792969,yahoo_live
2017-05-19,86.28534698486328,yahoo_live
2017-05-22,86.21342468261719,yahoo_live
2017-05-23,85.94735717773438,yahoo_live
2017-05-24,86.0839614868164,yahoo_live
2017-05-25,86.11995697021484,yahoo_live
2017-05-26,86.18468475341797,yahoo_live
2017-05-30,86.38605499267578,yahoo_live
2017-05-31,86.48673248291016,yahoo_live
2017-06-01,86.5054931640625,yahoo_live
2017-06-02,86.90934753417969,yahoo_live
2017-06-05,86.66413879394531,yahoo_live
2017-06-06,86.9164810180664,yahoo_live
2017-06-07,86.80836486816406,yahoo_live
2017-06-08,86.65694427490234,yahoo_live
2017-06-09,86.57042694091797,yahoo_live
2017-06-12,86.59203338623047,yahoo_live
2017-06-13,86.68577575683594,yahoo_live
2017-06-14,87.2771224975586,yahoo_live
2017-06-15,87.06795501708984,yahoo_live
2017-06-16,87.14007568359375,yahoo_live
2017-06-19,87.03190612792969,yahoo_live
2017-06-20,87.22663116455078,yahoo_live
2017-06-21,87.26988220214844,yahoo_live
2017-06-22,87.34200286865234,yahoo_live
2017-06-23,87.38526916503906,yahoo_live
2017-06-26,87.54390716552734,yahoo_live
2017-06-27,87.14730072021484,yahoo_live
2017-06-28,87.2410659790039,yahoo_live
2017-06-29,86.9742660522461,yahoo_live
2017-06-30,86.9021224975586,yahoo_live
2017-07-03,86.71410369873047,yahoo_live
2017-07-05,86.85872650146484,yahoo_live
2017-07-06,86.6346206665039,yahoo_live
2017-07-07,86.56230163574219,yahoo_live
2017-07-10,86.70685577392578,yahoo_live
2017-07-11,86.74302673339844,yahoo_live
2017-07-12,87.12622833251953,yahoo_live
2017-07-13,86.9744644165039,yahoo_live
2017-07-14,87.1768798828125,yahoo_live
2017-07-17,87.25638580322266,yahoo_live
2017-07-18,87.63239288330078,yahoo_live
2017-07-19,87.603515625,yahoo_live
2017-07-20,87.68297576904297,yahoo_live
2017-07-21,87.88549041748047,yahoo_live
2017-07-24,87.78425598144531,yahoo_live
2017-07-25,87.2636489868164,yahoo_live
2017-07-26,87.5528564453125,yahoo_live
2017-07-27,87.3359603881836,yahoo_live
2017-07-28,87.56732177734375,yahoo_live
2017-07-31,87.56732177734375,yahoo_live
2017-08-01,87.8848648071289,yahoo_live
2017-08-02,87.74710845947266,yahoo_live
2017-08-03,87.87032318115234,yahoo_live
2017-08-04,87.52961730957031,yahoo_live
2017-08-07,87.55136108398438,yahoo_live
2017-08-08,87.1308822631836,yahoo_live
2017-08-09,87.21791076660156,yahoo_live
2017-08-10,87.18890380859375,yahoo_live
2017-08-11,87.34839630126953,yahoo_live
2017-08-14,87.2904052734375,yahoo_live
2017-08-15,87.18890380859375,yahoo_live
2017-08-16,87.43536376953125,yahoo_live
2017-08-17,87.52235412597656,yahoo_live
2017-08-18,87.46437072753906,yahoo_live
2017-08-21,87.58760070800781,yahoo_live
2017-08-22,87.50061798095703,yahoo_live
2017-08-23,87.83411407470703,yahoo_live
2017-08-24,87.6673583984375,yahoo_live
2017-08-25,87.87032318115234,yahoo_live
2017-08-28,87.87032318115234,yahoo_live
2017-08-29,87.93557739257812,yahoo_live
2017-08-30,88.00806427001953,yahoo_live
2017-08-31,88.16032409667969,yahoo_live
2017-09-01,87.81145477294922,yahoo_live
2017-09-05,88.3565673828125,yahoo_live
2017-09-06,88.04405975341797,yahoo_live
2017-09-07,88.38567352294922,yahoo_live
2017-09-08,88.12398529052734,yahoo_live
2017-09-11,87.85502624511719,yahoo_live
2017-09-12,87.76054382324219,yahoo_live
2017-09-13,87.67334747314453,yahoo_live
2017-09-14,87.89140319824219,yahoo_live
2017-09-15,87.96404266357422,yahoo_live
2017-09-18,87.87683868408203,yahoo_live
2017-09-19,87.927734375,yahoo_live
2017-09-20,87.8187026977539,yahoo_live
2017-09-21,87.8187026977539,yahoo_live
2017-09-22,87.93500518798828,yahoo_live
2017-09-25,88.26207733154297,yahoo_live
2017-09-26,88.24752807617188,yahoo_live
2017-09-27,87.90593719482422,yahoo_live
2017-09-28,88.03675079345703,yahoo_live
2017-09-29,88.11673736572266,yahoo_live
2017-10-02,88.19905090332031,yahoo_live
2017-10-03,88.39580535888672,yahoo_live
2017-10-04,88.34480285644531,yahoo_live
2017-10-05,88.22090911865234,yahoo_live
2017-10-06,88.1480484008789,yahoo_live
2017-10-09,88.22090911865234,yahoo_live
2017-10-10,88.27925872802734,yahoo_live
2017-10-11,88.23550415039062,yahoo_live
2017-10-12,88.25735473632812,yahoo_live
2017-10-13,88.60714721679688,yahoo_live
2017-10-16,88.4832992553711,yahoo_live
2017-10-17,88.46869659423828,yahoo_live
2017-10-18,88.3375473022461,yahoo_live
2017-10-19,88.46869659423828,yahoo_live
2017-10-20,88.22821044921875,yahoo_live
2017-10-23,88.31565856933594,yahoo_live
2017-10-24,88.0970230102539,yahoo_live
2017-10-25,87.86383819580078,yahoo_live
2017-10-26,87.85655212402344,yahoo_live
2017-10-27,88.11892700195312,yahoo_live
2017-10-30,88.41043090820312,yahoo_live
2017-10-31,88.2865219116211,yahoo_live
2017-11-01,88.42607879638672,yahoo_live
2017-11-02,88.41145324707031,yahoo_live
2017-11-03,88.51378631591797,yahoo_live
2017-11-06,88.53569793701172,yahoo_live
2017-11-07,88.46260070800781,yahoo_live
2017-11-08,88.34568786621094,yahoo_live
2017-11-09,88.11187744140625,yahoo_live
2017-11-10,87.60762786865234,yahoo_live
2017-11-13,87.62230682373047,yahoo_live
2017-11-14,87.64420318603516,yahoo_live
2017-11-15,88.01689147949219,yahoo_live
2017-11-16,87.91456604003906,yahoo_live
2017-11-17,88.02420043945312,yahoo_live
2017-11-20,88.02420043945312,yahoo_live
2017-11-21,88.31645965576172,yahoo_live
2017-11-22,88.65991973876953,yahoo_live
2017-11-24,88.55762481689453,yahoo_live
2017-11-27,88.50645446777344,yahoo_live
2017-11-28,88.63069915771484,yahoo_live
2017-11-29,88.27996826171875,yahoo_live
2017-11-30,88.17765808105469,yahoo_live
2017-12-01,88.4501953125,yahoo_live
2017-12-04,88.58943939208984,yahoo_live
2017-12-05,88.75791931152344,yahoo_live
2017-12-06,88.92643737792969,yahoo_live
2017-12-07,88.75064849853516,yahoo_live
2017-12-08,88.64073181152344,yahoo_live
2017-12-11,88.7066650390625,yahoo_live
2017-12-12,88.64073181152344,yahoo_live
2017-12-13,88.94844055175781,yahoo_live
2017-12-14,89.1096420288086,yahoo_live
2017-12-15,89.23416900634766,yahoo_live
2017-12-18,88.97042083740234,yahoo_live
2017-12-19,88.51612091064453,yahoo_live
2017-12-20,88.28166198730469,yahoo_live
2017-12-21,88.51958465576172,yahoo_live
2017-12-22,88.5856704711914,yahoo_live
2017-12-26,88.703125,yahoo_live
2017-12-27,89.19507598876953,yahoo_live
2017-12-28,89.13633728027344,yahoo_live
2017-12-29,89.2538070678711,yahoo_live
2018-01-02,88.6590576171875,yahoo_live
2018-01-03,88.82060241699219,yahoo_live
2018-01-04,88.791259765625,yahoo_live
2018-01-05,88.76190185546875,yahoo_live
2018-01-08,88.75453186035156,yahoo_live
2018-01-09,88.43147277832031,yahoo_live
2018-01-10,88.49021911621094,yahoo_live
2018-01-11,88.703125,yahoo_live
2018-01-12,88.71781921386719,yahoo_live
2018-01-16,88.7986068725586,yahoo_live
2018-01-17,88.55626678466797,yahoo_live
2018-01-18,88.21116638183594,yahoo_live
2018-01-19,87.93952178955078,yahoo_live
2018-01-22,87.85875701904297,yahoo_live
2018-01-23,88.24057006835938,yahoo_live
2018-01-24,88.18180847167969,yahoo_live
2018-01-25,88.62969970703125,yahoo_live
2018-01-26,88.51221466064453,yahoo_live
2018-01-29,88.27725219726562,yahoo_live
2018-01-30,87.9762191772461,yahoo_live
2018-01-31,88.15983581542969,yahoo_live
2018-02-01,87.77030181884766,yahoo_live
2018-02-02,87.32125854492188,yahoo_live
2018-02-05,87.3727798461914,yahoo_live
2018-02-06,87.19609832763672,yahoo_live
2018-02-07,86.95314025878906,yahoo_live
2018-02-08,86.57769775390625,yahoo_live
2018-02-09,86.29795837402344,yahoo_live
2018-02-12,86.29795837402344,yahoo_live
2018-02-13,86.2684555053711,yahoo_live
2018-02-14,85.95191955566406,yahoo_live
2018-02-15,86.35682678222656,yahoo_live
2018-02-16,86.61449432373047,yahoo_live
2018-02-20,86.24641418457031,yahoo_live
2018-02-21,85.77523040771484,yahoo_live
2018-02-22,85.89299774169922,yahoo_live
2018-02-23,86.29058074951172,yahoo_live
2018-02-26,86.40099334716797,yahoo_live
2018-02-27,86.02549743652344,yahoo_live
2018-02-28,86.1874771118164,yahoo_live
2018-03-01,86.0988998413086,yahoo_live
2018-03-02,85.82571411132812,yahoo_live
2018-03-05,85.79621124267578,yahoo_live
2018-03-06,85.87007904052734,yahoo_live
2018-03-07,85.84053039550781,yahoo_live
2018-03-08,86.01033782958984,yahoo_live
2018-03-09,85.70761108398438,yahoo_live
2018-03-12,85.81834411621094,yahoo_live
2018-03-13,85.82571411132812,yahoo_live
2018-03-14,86.01773834228516,yahoo_live
2018-03-15,86.10629272460938,yahoo_live
2018-03-16,86.2022705078125,yahoo_live
2018-03-19,85.9143295288086,yahoo_live
2018-03-20,85.61163330078125,yahoo_live
2018-03-21,85.55992889404297,yahoo_live
2018-03-22,85.70761108398438,yahoo_live
2018-03-23,85.43441009521484,yahoo_live
2018-03-26,85.73712158203125,yahoo_live
2018-03-27,86.0472412109375,yahoo_live
2018-03-28,86.27607727050781,yahoo_live
2018-03-29,86.66740417480469,yahoo_live
2018-04-02,86.6207504272461,yahoo_live
2018-04-03,86.39122009277344,yahoo_live
2018-04-04,86.39122009277344,yahoo_live
2018-04-05,86.42085266113281,yahoo_live
2018-04-06,86.67999267578125,yahoo_live
2018-04-09,86.72440338134766,yahoo_live
2018-04-10,86.74662780761719,yahoo_live
2018-04-11,86.80583953857422,yahoo_live
2018-04-12,86.56890106201172,yahoo_live
2018-04-13,86.59854888916016,yahoo_live
2018-04-16,86.60591125488281,yahoo_live
2018-04-17,86.61333465576172,yahoo_live
2018-04-18,86.1690673828125,yahoo_live
2018-04-19,85.84329986572266,yahoo_live
2018-04-20,85.49532318115234,yahoo_live
2018-04-23,85.4582748413086,yahoo_live
2018-04-24,85.2065658569336,yahoo_live
2018-04-25,84.94000244140625,yahoo_live
2018-04-26,85.19174194335938,yahoo_live
2018-04-27,85.3842544555664,yahoo_live
2018-04-30,85.3102035522461,yahoo_live
2018-05-01,85.07929992675781,yahoo_live
2018-05-02,85.01243591308594,yahoo_live
2018-05-03,85.02731323242188,yahoo_live
2018-05-04,85.1461181640625,yahoo_live
2018-05-07,85.04955291748047,yahoo_live
2018-05-08,85.0198745727539,yahoo_live
2018-05-09,85.00505065917969,yahoo_live
2018-05-10,85.43569946289062,yahoo_live
2018-05-11,85.58422088623047,yahoo_live
2018-05-14,85.42825317382812,yahoo_live
2018-05-15,84.78225708007812,yahoo_live
2018-05-16,84.67091369628906,yahoo_live
2018-05-17,84.50747680664062,yahoo_live
2018-05-18,84.85655212402344,yahoo_live
2018-05-21,84.90848541259766,yahoo_live
2018-05-22,84.81939697265625,yahoo_live
2018-05-23,85.18321990966797,yahoo_live
2018-05-24,85.42088317871094,yahoo_live
2018-05-25,85.67330932617188,yahoo_live
2018-05-29,86.12628173828125,yahoo_live
2018-05-30,85.7920913696289,yahoo_live
2018-05-31,85.75499725341797,yahoo_live
2018-06-01,85.59039306640625,yahoo_live
2018-06-04,85.396728515625,yahoo_live
2018-06-05,85.45633697509766,yahoo_live
2018-06-06,85.14346313476562,yahoo_live
2018-06-07,85.42649841308594,yahoo_live
2018-06-08,85.28498077392578,yahoo_live
2018-06-11,85.20305633544922,yahoo_live
2018-06-12,85.21054077148438,yahoo_live
2018-06-13,85.12860107421875,yahoo_live
2018-06-14,85.51588439941406,yahoo_live
2018-06-15,85.396728515625,yahoo_live
2018-06-18,85.30736541748047,yahoo_live
2018-06-19,85.35201263427734,yahoo_live
2018-06-20,84.87532806396484,yahoo_live
2018-06-21,84.80828857421875,yahoo_live
2018-06-22,84.91255950927734,yahoo_live
2018-06-25,84.83065032958984,yahoo_live
2018-06-26,85.11367797851562,yahoo_live
2018-06-27,85.40415954589844,yahoo_live
2018-06-28,85.2924575805664,yahoo_live
2018-06-29,85.33712768554688,yahoo_live
2018-07-02,85.34835052490234,yahoo_live
2018-07-03,85.662109375,yahoo_live
2018-07-05,85.93108367919922,yahoo_live
2018-07-06,86.05059814453125,yahoo_live
2018-07-09,86.11038970947266,yahoo_live
2018-07-10,86.0133056640625,yahoo_live
2018-07-11,86.18509674072266,yahoo_live
2018-07-12,86.37185668945312,yahoo_live
2018-07-13,86.43911743164062,yahoo_live
2018-07-16,86.29718017578125,yahoo_live
2018-07-17,86.23736572265625,yahoo_live
2018-07-18,86.22245788574219,yahoo_live
2018-07-19,86.35692596435547,yahoo_live
2018-07-20,86.10289764404297,yahoo_live
2018-07-23,85.75922393798828,yahoo_live
2018-07-24,86.02820587158203,yahoo_live
2018-07-25,86.14027404785156,yahoo_live
2018-07-26,86.22245788574219,yahoo_live
2018-07-27,86.33452606201172,yahoo_live
2018-07-30,86.21497344970703,yahoo_live
2018-07-31,86.48392486572266,yahoo_live
2018-08-01,86.178955078125,yahoo_live
2018-08-02,86.28386688232422,yahoo_live
2018-08-03,86.55360412597656,yahoo_live
2018-08-06,86.63604736328125,yahoo_live
2018-08-07,86.36627197265625,yahoo_live
2018-08-08,86.23141479492188,yahoo_live
2018-08-09,86.29881286621094,yahoo_live
2018-08-10,86.44119262695312,yahoo_live
2018-08-13,86.41873931884766,yahoo_live
2018-08-14,86.53109741210938,yahoo_live
2018-08-15,86.71092987060547,yahoo_live
2018-08-16,86.8233871459961,yahoo_live
2018-08-17,86.8982925415039,yahoo_live
2018-08-20,87.12308502197266,yahoo_live
2018-08-21,86.90579986572266,yahoo_live
2018-08-22,86.8982925415039,yahoo_live
2018-08-23,86.92828369140625,yahoo_live
2018-08-24,87.1006088256836,yahoo_live
2018-08-27,86.9657211303711,yahoo_live
2018-08-28,86.63604736328125,yahoo_live
2018-08-29,86.54615020751953,yahoo_live
2018-08-30,86.6285629272461,yahoo_live
2018-08-31,86.50117492675781,yahoo_live
2018-09-04,86.34185028076172,yahoo_live
2018-09-05,86.28922271728516,yahoo_live
2018-09-06,86.52974700927734,yahoo_live
2018-09-07,86.16896057128906,yahoo_live
2018-09-10,86.45458221435547,yahoo_live
2018-09-11,86.25916290283203,yahoo_live
2018-09-12,86.43205261230469,yahoo_live
2018-09-13,86.61239624023438,yahoo_live
2018-09-14,86.50717163085938,yahoo_live
2018-09-17,86.45458221435547,yahoo_live
2018-09-18,86.10128021240234,yahoo_live
2018-09-19,85.97354888916016,yahoo_live
2018-09-20,86.19902038574219,yahoo_live
2018-09-21,86.21407318115234,yahoo_live
2018-09-24,86.01864624023438,yahoo_live
2018-09-25,86.01864624023438,yahoo_live
2018-09-26,86.32676696777344,yahoo_live
2018-09-27,86.43954467773438,yahoo_live
2018-09-28,86.3794174194336,yahoo_live
2018-10-01,86.26028442382812,yahoo_live
2018-10-02,86.33570098876953,yahoo_live
2018-10-03,85.8305892944336,yahoo_live
2018-10-04,85.47626495361328,yahoo_live
2018-10-05,85.14453125,yahoo_live
2018-10-08,85.0540542602539,yahoo_live
2018-10-09,85.29529571533203,yahoo_live
2018-10-10,85.06161499023438,yahoo_live
2018-10-11,85.41596221923828,yahoo_live
2018-10-12,85.43099975585938,yahoo_live
2018-10-15,85.27268981933594,yahoo_live
2018-10-16,85.49132537841797,yahoo_live
2018-10-17,85.0691146850586,yahoo_live
2018-10-18,85.0691146850586,yahoo_live
2018-10-19,84.96361541748047,yahoo_live
2018-10-22,84.85804748535156,yahoo_live
2018-10-23,84.97870635986328,yahoo_live
2018-10-24,85.0992660522461,yahoo_live
2018-10-25,84.99374389648438,yahoo_live
2018-10-26,85.13699340820312,yahoo_live
2018-10-29,85.03900146484375,yahoo_live
2018-10-30,84.85052490234375,yahoo_live
2018-10-31,84.60928344726562,yahoo_live
2018-11-01,84.86565399169922,yahoo_live
2018-11-02,84.52530670166016,yahoo_live
2018-11-05,84.67658233642578,yahoo_live
2018-11-06,84.82032775878906,yahoo_live
2018-11-07,85.03965759277344,yahoo_live
2018-11-08,84.79006958007812,yahoo_live
2018-11-09,84.85055541992188,yahoo_live
2018-11-12,84.84298706054688,yahoo_live
2018-11-13,84.72955322265625,yahoo_live
2018-11-14,84.50264739990234,yahoo_live
2018-11-15,84.3437728881836,yahoo_live
2018-11-16,84.51018524169922,yahoo_live
2018-11-19,84.42703247070312,yahoo_live
2018-11-20,84.22276306152344,yahoo_live
2018-11-21,84.404296875,yahoo_live
2018-11-23,84.44210815429688,yahoo_live
2018-11-26,84.47992706298828,yahoo_live
2018-11-27,84.37406921386719,yahoo_live
2018-11-28,84.6009292602539,yahoo_live
2018-11-29,84.35891723632812,yahoo_live
2018-11-30,84.30596923828125,yahoo_live
2018-12-03,84.61933135986328,yahoo_live
2018-12-04,84.63452911376953,yahoo_live
2018-12-06,84.89250183105469,yahoo_live
2018-12-07,84.90005493164062,yahoo_live
2018-12-10,85.15809631347656,yahoo_live
2018-12-11,85.3097915649414,yahoo_live
2018-12-12,85.40086364746094,yahoo_live
2018-12-13,85.6285171508789,yahoo_live
2018-12-14,85.53748321533203,yahoo_live
2018-12-17,85.6285171508789,yahoo_live
2018-12-18,85.93449401855469,yahoo_live
2018-12-19,85.86601257324219,yahoo_live
2018-12-20,85.58435821533203,yahoo_live
2018-12-21,85.50065612792969,yahoo_live
2018-12-24,85.3027572631836,yahoo_live
2018-12-26,85.23428344726562,yahoo_live
2018-12-27,85.23428344726562,yahoo_live
2018-12-28,85.63764190673828,yahoo_live
2018-12-31,85.87361145019531,yahoo_live
2019-01-02,86.1400375366211,yahoo_live
2019-01-03,86.17806243896484,yahoo_live
2019-01-04,86.12480926513672,yahoo_live
2019-01-07,86.13243103027344,yahoo_live
2019-01-08,86.32267761230469,yahoo_live
2019-01-09,86.64999389648438,yahoo_live
2019-01-10,86.4216537475586,yahoo_live
2019-01-11,86.58147430419922,yahoo_live
2019-01-14,86.35314178466797,yahoo_live
2019-01-15,86.40636444091797,yahoo_live
2019-01-16,86.5738525390625,yahoo_live
2019-01-17,86.74894714355469,yahoo_live
2019-01-18,86.90113830566406,yahoo_live
2019-01-22,87.04578399658203,yahoo_live
2019-01-23,87.26651000976562,yahoo_live
2019-01-24,87.49488067626953,yahoo_live
2019-01-25,87.57098388671875,yahoo_live
2019-01-28,87.55577087402344,yahoo_live
2019-01-29,87.74604034423828,yahoo_live
2019-01-30,88.14945983886719,yahoo_live
2019-01-31,88.7660140991211,yahoo_live
2019-02-01,88.55451202392578,yahoo_live
2019-02-04,88.43236541748047,yahoo_live
2019-02-05,88.79121398925781,yahoo_live
2019-02-06,88.62322998046875,yahoo_live
2019-02-07,88.60796356201172,yahoo_live
2019-02-08,88.8293685913086,yahoo_live
2019-02-11,88.63087463378906,yahoo_live
2019-02-12,88.75300598144531,yahoo_live
2019-02-13,88.52392578125,yahoo_live
2019-02-14,88.62322998046875,yahoo_live
2019-02-15,88.73013305664062,yahoo_live
2019-02-19,88.78353881835938,yahoo_live
2019-02-20,88.70722198486328,yahoo_live
2019-02-21,88.45527648925781,yahoo_live
2019-02-22,88.85224914550781,yahoo_live
2019-02-25,88.82174682617188,yahoo_live
2019-02-26,88.95913696289062,yahoo_live
2019-02-27,88.70722198486328,yahoo_live
2019-02-28,88.5850601196289,yahoo_live
2019-03-01,88.43035125732422,yahoo_live
2019-03-04,88.62947845458984,yahoo_live
2019-03-05,88.66011047363281,yahoo_live
2019-03-06,88.74434661865234,yahoo_live
2019-03-07,89.03536224365234,yahoo_live
2019-03-08,89.15026092529297,yahoo_live
2019-03-11,89.24982452392578,yahoo_live
2019-03-12,89.49483489990234,yahoo_live
2019-03-13,89.34937286376953,yahoo_live
2019-03-14,89.1732406616211,yahoo_live
2019-03-15,89.49483489990234,yahoo_live
2019-03-18,89.44892883300781,yahoo_live
2019-03-19,89.46418762207031,yahoo_live
2019-03-20,90.06922149658203,yahoo_live
2019-03-21,90.23770904541016,yahoo_live
2019-03-22,90.78909301757812,yahoo_live
2019-03-25,90.972900390625,yahoo_live
2019-03-26,91.01122283935547,yahoo_live
2019-03-27,91.13373565673828,yahoo_live
2019-03-28,91.2486343383789,yahoo_live
2019-03-29,91.1796875,yahoo_live
2019-04-01,90.84016418457031,yahoo_live
2019-04-02,90.96306610107422,yahoo_live
2019-04-03,90.77104949951172,yahoo_live
2019-04-04,90.91698455810547,yahoo_live
2019-04-05,91.06290435791016,yahoo_live
2019-04-08,90.93231964111328,yahoo_live
2019-04-09,91.12444305419922,yahoo_live
2019-04-10,91.56987762451172,yahoo_live
2019-04-11,91.47769165039062,yahoo_live
2019-04-12,91.42396545410156,yahoo_live
2019-04-15,91.27798461914062,yahoo_live
2019-04-16,91.02456665039062,yahoo_live
2019-04-17,91.00920104980469,yahoo_live
2019-04-18,91.08596801757812,yahoo_live
2019-04-22,90.94001770019531,yahoo_live
2019-04-23,91.31641387939453,yahoo_live
2019-04-24,91.62367248535156,yahoo_live
2019-04-25,91.57756805419922,yahoo_live
2019-04-26,91.90019226074219,yahoo_live
2019-04-29,91.53917694091797,yahoo_live
2019-04-30,91.57756805419922,yahoo_live
2019-05-01,91.54833221435547,yahoo_live
2019-05-02,91.21703338623047,yahoo_live
2019-05-03,91.62533569335938,yahoo_live
2019-05-06,91.74858856201172,yahoo_live
2019-05-07,91.7409439086914,yahoo_live
2019-05-08,91.43274688720703,yahoo_live
2019-05-09,91.51747131347656,yahoo_live
2019-05-10,91.5714340209961,yahoo_live
2019-05-13,91.62533569335938,yahoo_live
2019-05-14,91.75635528564453,yahoo_live
2019-05-15,92.01056671142578,yahoo_live
2019-05-16,91.86418914794922,yahoo_live
2019-05-17,91.87190246582031,yahoo_live
2019-05-20,91.65617370605469,yahoo_live
2019-05-21,91.73320770263672,yahoo_live
2019-05-22,91.8487319946289,yahoo_live
2019-05-23,92.049072265625,yahoo_live
2019-05-24,92.24170684814453,yahoo_live
2019-05-28,92.30327606201172,yahoo_live
2019-05-29,92.34184265136719,yahoo_live
2019-05-30,92.87345123291016,yahoo_live
2019-05-31,93.08911895751953,yahoo_live
2019-06-03,93.3758544921875,yahoo_live
2019-06-04,93.40675354003906,yahoo_live
2019-06-05,93.34489440917969,yahoo_live
2019-06-06,93.52268981933594,yahoo_live
2019-06-07,93.94000244140625,yahoo_live
2019-06-10,93.5999526977539,yahoo_live
2019-06-11,93.68496704101562,yahoo_live
2019-06-12,93.82408905029297,yahoo_live
2019-06-13,94.06363677978516,yahoo_live
2019-06-14,94.10223388671875,yahoo_live
2019-06-17,94.14865112304688,yahoo_live
2019-06-18,94.77458953857422,yahoo_live
2019-06-19,95.37736511230469,yahoo_live
2019-06-20,95.8951416015625,yahoo_live
2019-06-21,95.54735565185547,yahoo_live
2019-06-24,95.78694152832031,yahoo_live
2019-06-25,95.50101470947266,yahoo_live
2019-06-26,95.3078384399414,yahoo_live
2019-06-27,95.8642349243164,yahoo_live
2019-06-28,96.11154174804688,yahoo_live
2019-07-01,96.29362487792969,yahoo_live
2019-07-02,96.55712890625,yahoo_live
2019-07-03,96.82062530517578,yahoo_live
2019-07-05,95.96812438964844,yahoo_live
2019-07-08,95.83638763427734,yahoo_live
2019-07-09,95.63487243652344,yahoo_live
2019-07-10,95.85185241699219,yahoo_live
2019-07-11,95.28614044189453,yahoo_live
2019-07-12,95.37916564941406,yahoo_live
2019-07-15,95.54188537597656,yahoo_live
2019-07-16,95.34037017822266,yahoo_live
2019-07-17,95.8441390991211,yahoo_live
2019-07-18,96.06889343261719,yahoo_live
2019-07-19,95.921630859375,yahoo_live
2019-07-22,96.21614837646484,yahoo_live
2019-07-23,96.2703857421875,yahoo_live
2019-07-24,96.54165649414062,yahoo_live
2019-07-25,96.23165130615234,yahoo_live
2019-07-26,96.36339569091797,yahoo_live
2019-07-29,96.30138397216797,yahoo_live
2019-07-30,96.2703857421875,yahoo_live
2019-07-31,96.3556137084961,yahoo_live
2019-08-01,97.13903045654297,yahoo_live
2019-08-02,97.24003601074219,yahoo_live
2019-08-05,97.30998992919922,yahoo_live
2019-08-06,97.91619873046875,yahoo_live
2019-08-07,97.90065002441406,yahoo_live
2019-08-08,98.16487884521484,yahoo_live
2019-08-09,97.87737274169922,yahoo_live
2019-08-12,98.49129486083984,yahoo_live
2019-08-13,98.41360473632812,yahoo_live
2019-08-14,98.70116424560547,yahoo_live
2019-08-15,99.18301391601562,yahoo_live
2019-08-16,99.36173248291016,yahoo_live
2019-08-19,99.03532409667969,yahoo_live
2019-08-20,99.61044311523438,yahoo_live
2019-08-21,99.7891616821289,yahoo_live
2019-08-22,99.42391204833984,yahoo_live
2019-08-23,99.7891616821289,yahoo_live
2019-08-26,99.7969970703125,yahoo_live
2019-08-27,100.3332290649414,yahoo_live
2019-08-28,100.3332290649414,yahoo_live
2019-08-29,100.1156005859375,yahoo_live
2019-08-30,100.10006713867188,yahoo_live
2019-09-03,100.00576782226562,yahoo_live
2019-09-04,100.19279479980469,yahoo_live
2019-09-05,99.46028137207031,yahoo_live
2019-09-06,99.8187255859375,yahoo_live
2019-09-09,99.08621215820312,yahoo_live
2019-09-10,98.2523422241211,yahoo_live
2019-09-11,98.17446899414062,yahoo_live
2019-09-12,98.0419921875,yahoo_live
2019-09-13,97.16139221191406,yahoo_live
2019-09-16,97.65235137939453,yahoo_live
2019-09-17,97.90170288085938,yahoo_live
2019-09-18,98.14328002929688,yahoo_live
2019-09-19,98.42381286621094,yahoo_live
2019-09-20,99.101806640625,yahoo_live
2019-09-23,99.03164672851562,yahoo_live
2019-09-24,99.3433609008789,yahoo_live
2019-09-25,98.78229522705078,yahoo_live
2019-09-26,98.99269104003906,yahoo_live
2019-09-27,99.01605987548828,yahoo_live
2019-09-30,99.3433609008789,yahoo_live
2019-10-01,99.45743560791016,yahoo_live
2019-10-02,99.41838073730469,yahoo_live
2019-10-03,99.80902099609375,yahoo_live
2019-10-04,100.2231674194336,yahoo_live
2019-10-07,99.71529388427734,yahoo_live
2019-10-08,99.62934112548828,yahoo_live
2019-10-09,99.66841125488281,yahoo_live
2019-10-10,99.08242797851562,yahoo_live
2019-10-11,98.90267944335938,yahoo_live
2019-10-14,99.23085021972656,yahoo_live
2019-10-15,98.96519470214844,yahoo_live
2019-10-16,99.07459259033203,yahoo_live
2019-10-17,99.21526336669922,yahoo_live
2019-10-18,99.34024047851562,yahoo_live
2019-10-21,99.11366271972656,yahoo_live
2019-10-22,99.2855224609375,yahoo_live
2019-10-23,99.34024047851562,yahoo_live
2019-10-24,99.55901336669922,yahoo_live
2019-10-25,99.38713073730469,yahoo_live
2019-10-28,99.09021759033203,yahoo_live
2019-10-29,98.83236694335938,yahoo_live
2019-10-30,99.1839828491211,yahoo_live
2019-10-31,99.78559112548828,yahoo_live
2019-11-01,99.88357543945312,yahoo_live
2019-11-04,99.41348266601562,yahoo_live
2019-11-05,98.84153747558594,yahoo_live
2019-11-06,99.39778900146484,yahoo_live
2019-11-07,98.62215423583984,yahoo_live
2019-11-08,98.48898315429688,yahoo_live
2019-11-11,98.52030944824219,yahoo_live
2019-11-12,98.61438751220703,yahoo_live
2019-11-13,98.8493881225586,yahoo_live
2019-11-14,99.36642456054688,yahoo_live
2019-11-15,99.38213348388672,yahoo_live
2019-11-18,99.49181365966797,yahoo_live
2019-11-19,99.68767547607422,yahoo_live
2019-11-20,99.82869720458984,yahoo_live
2019-11-21,99.59366607666016,yahoo_live
2019-11-22,99.86787414550781,yahoo_live
2019-11-25,100.21260833740234,yahoo_live
2019-11-26,100.47112274169922,yahoo_live
2019-11-27,100.46329498291016,yahoo_live
2019-11-29,100.25959777832031,yahoo_live
2019-12-02,99.82437133789062,yahoo_live
2019-12-03,100.59427642822266,yahoo_live
2019-12-04,100.46073150634766,yahoo_live
2019-12-05,100.35071563720703,yahoo_live
2019-12-06,100.29572296142578,yahoo_live
2019-12-09,100.28003692626953,yahoo_live
2019-12-10,100.28003692626953,yahoo_live
2019-12-11,100.67283630371094,yahoo_live
2019-12-12,100.20931243896484,yahoo_live
2019-12-13,100.86137390136719,yahoo_live
2019-12-16,100.63353729248047,yahoo_live
2019-12-17,100.55497741699219,yahoo_live
2019-12-18,100.48431396484375,yahoo_live
2019-12-19,100.58353424072266,yahoo_live
2019-12-20,100.55205535888672,yahoo_live
2019-12-23,100.59928131103516,yahoo_live
2019-12-24,100.70166778564453,yahoo_live
2019-12-26,100.88285064697266,yahoo_live
2019-12-27,101.02462005615234,yahoo_live
2019-12-30,101.20581817626953,yahoo_live
2019-12-31,100.78828430175781,yahoo_live
2020-01-02,101.0009765625,yahoo_live
2020-01-03,101.34754943847656,yahoo_live
2020-01-06,101.00886535644531,yahoo_live
2020-01-07,100.74894714355469,yahoo_live
2020-01-08,100.60720825195312,yahoo_live
2020-01-09,101.0876235961914,yahoo_live
2020-01-10,101.37120056152344,yahoo_live
2020-01-13,101.12698364257812,yahoo_live
2020-01-14,101.25303649902344,yahoo_live
2020-01-15,101.47357177734375,yahoo_live
2020-01-16,101.61534881591797,yahoo_live
2020-01-17,101.59961700439453,yahoo_live
2020-01-21,102.08795928955078,yahoo_live
2020-01-22,102.14309692382812,yahoo_live
2020-01-23,102.2769775390625,yahoo_live
2020-01-24,102.4503173828125,yahoo_live
2020-01-27,102.64720916748047,yahoo_live
2020-01-28,102.592041015625,yahoo_live
2020-01-29,102.92284393310547,yahoo_live
2020-01-30,102.98588562011719,yahoo_live
2020-01-31,103.25366973876953,yahoo_live
2020-02-03,103.17236328125,yahoo_live
2020-02-04,102.9196548461914,yahoo_live
2020-02-05,102.85647583007812,yahoo_live
2020-02-06,102.80906677246094,yahoo_live
2020-02-07,103.20394897460938,yahoo_live
2020-02-10,103.4487533569336,yahoo_live
2020-02-11,103.29869842529297,yahoo_live
2020-02-12,103.2513427734375,yahoo_live
2020-02-13,103.18024444580078,yahoo_live
2020-02-14,103.43291473388672,yahoo_live
2020-02-18,103.63036346435547,yahoo_live
2020-02-19,103.48822021484375,yahoo_live
2020-02-20,103.835693359375,yahoo_live
2020-02-21,104.04096984863281,yahoo_live
2020-02-24,104.05681610107422,yahoo_live
2020-02-25,104.15941619873047,yahoo_live
2020-02-26,103.77250671386719,yahoo_live
2020-02-27,103.21971893310547,yahoo_live
2020-02-28,104.38056945800781,yahoo_live
2020-03-02,104.27688598632812,yahoo_live
2020-03-03,105.4644775390625,yahoo_live
2020-03-04,105.61492156982422,yahoo_live
2020-03-05,105.57534790039062,yahoo_live
2020-03-06,106.31172180175781,yahoo_live
2020-03-09,103.73052978515625,yahoo_live
2020-03-10,101.39478302001953,yahoo_live
2020-03-11,98.06140899658203,yahoo_live
2020-03-12,93.38198852539062,yahoo_live
2020-03-13,97.4280014038086,yahoo_live
2020-03-16,96.04240417480469,yahoo_live
2020-03-17,92.10726928710938,yahoo_live
2020-03-18,87.49915313720703,yahoo_live
2020-03-19,83.17603302001953,yahoo_live
2020-03-20,84.5141372680664,yahoo_live
2020-03-23,90.7612533569336,yahoo_live
2020-03-24,92.6219253540039,yahoo_live
2020-03-25,97.05584716796875,yahoo_live
2020-03-26,97.13501739501953,yahoo_live
2020-03-27,96.93708038330078,yahoo_live
2020-03-30,98.11682891845703,yahoo_live
2020-03-31,97.79220581054688,yahoo_live
2020-04-01,96.3713607788086,yahoo_live
2020-04-02,96.62537384033203,yahoo_live
2020-04-03,96.12527465820312,yahoo_live
2020-04-06,98.02239227294922,yahoo_live
2020-04-07,98.17320251464844,yahoo_live
2020-04-08,99.94332122802734,yahoo_live
2020-04-09,104.6424560546875,yahoo_live
2020-04-13,103.62638854980469,yahoo_live
2020-04-14,103.11840057373047,yahoo_live
2020-04-15,103.80896759033203,yahoo_live
2020-04-16,103.2929916381836,yahoo_live
2020-04-17,103.63433837890625,yahoo_live
2020-04-20,103.04692840576172,yahoo_live
2020-04-21,102.68180847167969,yahoo_live
2020-04-22,102.74531555175781,yahoo_live
2020-04-23,103.18182373046875,yahoo_live
2020-04-24,103.11042785644531,yahoo_live
2020-04-27,102.27702331542969,yahoo_live
2020-04-28,102.55480194091797,yahoo_live
2020-04-29,103.22952270507812,yahoo_live
2020-04-30,102.531005859375,yahoo_live
2020-05-01,102.12513732910156,yahoo_live
2020-05-04,102.28430938720703,yahoo_live
2020-05-05,102.1490249633789,yahoo_live
2020-05-06,101.00315856933594,yahoo_live
2020-05-07,101.27375030517578,yahoo_live
2020-05-08,100.78829956054688,yahoo_live
2020-05-11,99.90503692626953,yahoo_live
2020-05-12,100.86791229248047,yahoo_live
2020-05-13,101.0986557006836,yahoo_live
2020-05-14,101.93419647216797,yahoo_live
2020-05-15,102.29228210449219,yahoo_live
2020-05-18,102.87313079833984,yahoo_live
2020-05-19,102.95269775390625,yahoo_live
2020-05-20,104.08265686035156,yahoo_live
2020-05-21,104.00311279296875,yahoo_live
2020-05-22,104.00311279296875,yahoo_live
2020-05-26,103.85984802246094,yahoo_live
2020-05-27,104.28958129882812,yahoo_live
2020-05-28,104.37709045410156,yahoo_live
2020-05-29,105.05349731445312,yahoo_live
2020-06-01,105.00724029541016,yahoo_live
2020-06-02,105.3422622680664,yahoo_live
2020-06-03,105.2784194946289,yahoo_live
2020-06-04,104.95934295654297,yahoo_live
2020-06-05,105.50176239013672,yahoo_live
2020-06-08,105.85276794433594,yahoo_live
2020-06-09,105.62939453125,yahoo_live
2020-06-10,106.32341766357422,yahoo_live
2020-06-11,105.05506896972656,yahoo_live
2020-06-12,105.5655746459961,yahoo_live
2020-06-15,107.06521606445312,yahoo_live
2020-06-16,106.77012634277344,yahoo_live
2020-06-17,106.56268310546875,yahoo_live
2020-06-18,106.8020248413086,yahoo_live
2020-06-19,106.88179016113281,yahoo_live
2020-06-22,106.778076171875,yahoo_live
2020-06-23,106.5786361694336,yahoo_live
2020-06-24,106.28353881835938,yahoo_live
2020-06-25,106.39521026611328,yahoo_live
2020-06-26,106.49092102050781,yahoo_live
2020-06-29,106.98545837402344,yahoo_live
2020-06-30,107.28858184814453,yahoo_live
2020-07-01,107.71235656738281,yahoo_live
2020-07-02,107.97614288330078,yahoo_live
2020-07-06,108.25602722167969,yahoo_live
2020-07-07,108.39994812011719,yahoo_live
2020-07-08,108.2239990234375,yahoo_live
2020-07-09,108.83171844482422,yahoo_live
2020-07-10,108.6318359375,yahoo_live
2020-07-13,108.34397888183594,yahoo_live
2020-07-14,108.97554016113281,yahoo_live
2020-07-15,109.19149017333984,yahoo_live
2020-07-16,109.49527740478516,yahoo_live
2020-07-17,109.79109954833984,yahoo_live
2020-07-20,110.09493255615234,yahoo_live
2020-07-21,110.23885345458984,yahoo_live
2020-07-22,110.59864044189453,yahoo_live
2020-07-23,110.67860412597656,yahoo_live
2020-07-24,110.43074798583984,yahoo_live
2020-07-27,110.09493255615234,yahoo_live
2020-07-28,109.98300170898438,yahoo_live
2020-07-29,110.5826416015625,yahoo_live
2020-07-30,110.46273040771484,yahoo_live
2020-07-31,110.6146240234375,yahoo_live
2020-08-03,110.76280212402344,yahoo_live
2020-08-04,111.17152404785156,yahoo_live
2020-08-05,111.0192642211914,yahoo_live
2020-08-06,111.49198150634766,yahoo_live
2020-08-07,111.17955017089844,yahoo_live
2020-08-10,110.93911743164062,yahoo_live
2020-08-11,110.24207305908203,yahoo_live
2020-08-12,109.96964263916016,yahoo_live
2020-08-13,108.97611236572266,yahoo_live
2020-08-14,108.49533081054688,yahoo_live
2020-08-17,108.71973419189453,yahoo_live
2020-08-18,109.03219604492188,yahoo_live
2020-08-19,108.74373626708984,yahoo_live
2020-08-20,109.12830352783203,yahoo_live
2020-08-21,109.32861328125,yahoo_live
2020-08-24,109.13633728027344,yahoo_live
2020-08-25,108.66361236572266,yahoo_live
2020-08-26,108.7037124633789,yahoo_live
2020-08-27,107.83836364746094,yahoo_live
2020-08-28,108.16686248779297,yahoo_live
2020-08-31,108.64759063720703,yahoo_live
2020-09-01,109.33415222167969,yahoo_live
2020-09-02,109.76778411865234,yahoo_live
2020-09-03,109.52686309814453,yahoo_live
2020-09-04,108.36250305175781,yahoo_live
2020-09-08,108.4669418334961,yahoo_live
2020-09-09,108.5392074584961,yahoo_live
2020-09-10,108.6194839477539,yahoo_live
2020-09-11,108.69979095458984,yahoo_live
2020-09-14,108.97282409667969,yahoo_live
2020-09-15,109.09325408935547,yahoo_live
2020-09-16,109.1655044555664,yahoo_live
2020-09-17,109.18961334228516,yahoo_live
2020-09-18,108.9888687133789,yahoo_live
2020-09-21,108.88447570800781,yahoo_live
2020-09-22,108.94872283935547,yahoo_live
2020-09-23,108.16179656982422,yahoo_live
2020-09-24,107.88880157470703,yahoo_live
2020-09-25,107.7763442993164,yahoo_live
2020-09-28,108.3224105834961,yahoo_live
2020-09-29,108.18585968017578,yahoo_live
2020-09-30,108.16983032226562,yahoo_live
2020-10-01,108.47079467773438,yahoo_live
2020-10-02,108.48686218261719,yahoo_live
2020-10-05,108.12477111816406,yahoo_live
2020-10-06,108.03623962402344,yahoo_live
2020-10-07,108.06844329833984,yahoo_live
2020-10-08,108.33396911621094,yahoo_live
2020-10-09,108.58349609375,yahoo_live
2020-10-12,109.2111587524414,yahoo_live
2020-10-13,109.10653686523438,yahoo_live
2020-10-14,109.2111587524414,yahoo_live
2020-10-15,109.09849548339844,yahoo_live
2020-10-16,108.91338348388672,yahoo_live
2020-10-19,108.70414733886719,yahoo_live
2020-10-20,108.47883605957031,yahoo_live
2020-10-21,108.30181121826172,yahoo_live
2020-10-22,108.06036376953125,yahoo_live
2020-10-23,108.33396911621094,yahoo_live
2020-10-26,108.55933380126953,yahoo_live
2020-10-27,109.0019302368164,yahoo_live
2020-10-28,108.4627685546875,yahoo_live
2020-10-29,108.18112182617188,yahoo_live
2020-10-30,107.61775970458984,yahoo_live
2020-11-02,108.03958129882812,yahoo_live
2020-11-03,108.14437103271484,yahoo_live
2020-11-04,109.76532745361328,yahoo_live
2020-11-05,110.1766128540039,yahoo_live
2020-11-06,109.8298110961914,yahoo_live
2020-11-09,108.99921417236328,yahoo_live
2020-11-10,108.71694946289062,yahoo_live
2020-11-11,108.9185562133789,yahoo_live
2020-11-12,109.35407257080078,yahoo_live
2020-11-13,109.48308563232422,yahoo_live
2020-11-16,109.83793640136719,yahoo_live
2020-11-17,110.1927261352539,yahoo_live
2020-11-18,110.42660522460938,yahoo_live
2020-11-19,111.03953552246094,yahoo_live
2020-11-20,110.94271850585938,yahoo_live
2020-11-23,111.0798568725586,yahoo_live
2020-11-24,110.82987976074219,yahoo_live
2020-11-25,110.89434814453125,yahoo_live
2020-11-27,111.28952026367188,yahoo_live
2020-11-30,111.67659759521484,yahoo_live
2020-12-01,111.25316619873047,yahoo_live
2020-12-02,110.88147735595703,yahoo_live
2020-12-03,111.3178482055664,yahoo_live
2020-12-04,110.70370483398438,yahoo_live
2020-12-07,110.8006591796875,yahoo_live
2020-12-08,110.6714096069336,yahoo_live
2020-12-09,110.26734924316406,yahoo_live
2020-12-10,110.81682586669922,yahoo_live
2020-12-11,110.92998504638672,yahoo_live
2020-12-14,110.84915161132812,yahoo_live
2020-12-15,111.06734466552734,yahoo_live
2020-12-16,110.97844696044922,yahoo_live
2020-12-17,111.14041900634766,yahoo_live
2020-12-18,111.0594253540039,yahoo_live
2020-12-21,110.8407974243164,yahoo_live
2020-12-22,111.14848327636719,yahoo_live
2020-12-23,111.17276000976562,yahoo_live
2020-12-24,111.55338287353516,yahoo_live
2020-12-28,111.62625122070312,yahoo_live
2020-12-29,111.67478942871094,yahoo_live
2020-12-30,111.82052612304688,yahoo_live
2020-12-31,111.84481048583984,yahoo_live
2021-01-04,111.27806854248047,yahoo_live
2021-01-05,110.9217529296875,yahoo_live
2021-01-06,110.02299499511719,yahoo_live
2021-01-07,110.0068130493164,yahoo_live
2021-01-08,109.92584991455078,yahoo_live
2021-01-11,109.4561996459961,yahoo_live
2021-01-12,109.69097900390625,yahoo_live
2021-01-13,110.54122924804688,yahoo_live
2021-01-14,110.06346130371094,yahoo_live
2021-01-15,110.23352813720703,yahoo_live
2021-01-19,110.4278793334961,yahoo_live
2021-01-20,110.39546966552734,yahoo_live
2021-01-21,109.95821380615234,yahoo_live
2021-01-22,109.87725067138672,yahoo_live
2021-01-25,110.34688568115234,yahoo_live
2021-01-26,110.33881378173828,yahoo_live
2021-01-27,110.14447784423828,yahoo_live
2021-01-28,109.96633911132812,yahoo_live
2021-01-29,109.79631805419922,yahoo_live
2021-02-01,110.0129165649414,yahoo_live
2021-02-02,109.72086334228516,yahoo_live
2021-02-03,109.46125793457031,yahoo_live
2021-02-04,109.64783477783203,yahoo_live
2021-02-05,109.35574340820312,yahoo_live
2021-02-08,109.8263168334961,yahoo_live
2021-02-09,109.65592956542969,yahoo_live
2021-02-10,109.91553497314453,yahoo_live
2021-02-11,109.62346649169922,yahoo_live
2021-02-12,109.26654815673828,yahoo_live
2021-02-16,108.49578094482422,yahoo_live
2021-02-17,109.03934478759766,yahoo_live
2021-02-18,108.82838439941406,yahoo_live
2021-02-19,108.04144287109375,yahoo_live
2021-02-22,107.36803436279297,yahoo_live
2021-02-23,107.4491958618164,yahoo_live
2021-02-24,107.61143493652344,yahoo_live
2021-02-25,105.90768432617188,yahoo_live
2021-02-26,107.31126403808594,yahoo_live
2021-03-01,107.41615295410156,yahoo_live
2021-03-02,107.29418182373047,yahoo_live
2021-03-03,106.49746704101562,yahoo_live
2021-03-04,105.62763214111328,yahoo_live
2021-03-05,105.4894027709961,yahoo_live
2021-03-08,104.50576782226562,yahoo_live
2021-03-09,105.2943115234375,yahoo_live
2021-03-10,105.79020690917969,yahoo_live
2021-03-11,105.85523986816406,yahoo_live
2021-03-12,104.63581848144531,yahoo_live
2021-03-15,104.9935073852539,yahoo_live
2021-03-16,104.92034149169922,yahoo_live
2021-03-17,105.01791381835938,yahoo_live
2021-03-18,104.41629791259766,yahoo_live
2021-03-19,104.57078552246094,yahoo_live
2021-03-22,104.94473266601562,yahoo_live
2021-03-23,105.25367736816406,yahoo_live
2021-03-24,105.57072448730469,yahoo_live
2021-03-25,105.4487533569336,yahoo_live
2021-03-26,105.37557983398438,yahoo_live
2021-03-29,105.12359619140625,yahoo_live
2021-03-30,105.4487533569336,yahoo_live
2021-03-31,105.72516632080078,yahoo_live
2021-04-01,106.38822937011719,yahoo_live
2021-04-05,105.86688232421875,yahoo_live
2021-04-06,106.57555389404297,yahoo_live
2021-04-07,106.3637924194336,yahoo_live
2021-04-08,106.7547607421875,yahoo_live
2021-04-09,106.53486633300781,yahoo_live
2021-04-12,106.5103988647461,yahoo_live
2021-04-13,106.98282623291016,yahoo_live
2021-04-14,106.83621978759766,yahoo_live
2021-04-15,107.4959945678711,yahoo_live
2021-04-16,106.76290130615234,yahoo_live
2021-04-19,106.4859390258789,yahoo_live
2021-04-20,106.68962097167969,yahoo_live
2021-04-21,107.05614471435547,yahoo_live
2021-04-22,107.1620101928711,yahoo_live
2021-04-23,107.25164794921875,yahoo_live
2021-04-26,107.20272827148438,yahoo_live
2021-04-27,106.72218322753906,yahoo_live
2021-04-28,106.73845672607422,yahoo_live
2021-04-29,106.60814666748047,yahoo_live
2021-04-30,106.82807922363281,yahoo_live
2021-05-03,107.08515167236328,yahoo_live
2021-05-04,107.15046691894531,yahoo_live
2021-05-05,107.2810287475586,yahoo_live
2021-05-06,107.48506164550781,yahoo_live
2021-05-07,107.52584838867188,yahoo_live
2021-05-10,106.94639587402344,yahoo_live
2021-05-11,106.55467987060547,yahoo_live
2021-05-12,105.9752426147461,yahoo_live
2021-05-13,106.37512969970703,yahoo_live
2021-05-14,106.95457458496094,yahoo_live
2021-05-17,106.83213806152344,yahoo_live
2021-05-18,106.48120880126953,yahoo_live
2021-05-19,106.29349517822266,yahoo_live
2021-05-20,107.01985168457031,yahoo_live
2021-05-21,107.09331512451172,yahoo_live
2021-05-24,107.3871078491211,yahoo_live
2021-05-25,107.78705596923828,yahoo_live
2021-05-26,107.7298812866211,yahoo_live
2021-05-27,107.4034194946289,yahoo_live
2021-05-28,107.49320220947266,yahoo_live
2021-06-01,107.50712585449219,yahoo_live
2021-06-02,107.67886352539062,yahoo_live
2021-06-03,107.25361633300781,yahoo_live
2021-06-04,108.01409149169922,yahoo_live
2021-06-07,107.92414855957031,yahoo_live
2021-06-08,108.3330307006836,yahoo_live
2021-06-09,108.72557067871094,yahoo_live
2021-06-10,109.2161865234375,yahoo_live
2021-06-11,109.3061294555664,yahoo_live
2021-06-14,108.90547943115234,yahoo_live
2021-06-15,108.9872055053711,yahoo_live
2021-06-16,108.6764907836914,yahoo_live
2021-06-17,109.2816162109375,yahoo_live
2021-06-18,109.85405731201172,yahoo_live
2021-06-21,109.2161865234375,yahoo_live
2021-06-22,109.39607238769531,yahoo_live
2021-06-23,109.22437286376953,yahoo_live
2021-06-24,109.43698120117188,yahoo_live
2021-06-25,109.15077209472656,yahoo_live
2021-06-28,109.61686706542969,yahoo_live
2021-06-29,109.74769592285156,yahoo_live
2021-06-30,109.87036895751953,yahoo_live
2021-07-01,109.7745132446289,yahoo_live
2021-07-02,110.08584594726562,yahoo_live
2021-07-06,110.4872817993164,yahoo_live
2021-07-07,110.86412048339844,yahoo_live
2021-07-08,110.9214859008789,yahoo_live
2021-07-09,110.45450592041016,yahoo_live
2021-07-12,110.39714050292969,yahoo_live
2021-07-13,109.98754119873047,yahoo_live
2021-07-14,110.49549102783203,yahoo_live
2021-07-15,110.73304748535156,yahoo_live
2021-07-16,110.5774154663086,yahoo_live
2021-07-19,111.37213134765625,yahoo_live
2021-07-20,111.21642303466797,yahoo_live
2021-07-21,110.82318115234375,yahoo_live
2021-07-22,111.281982421875,yahoo_live
2021-07-23,111.23282623291016,yahoo_live
2021-07-26,110.98706817626953,yahoo_live
2021-07-27,111.46221923828125,yahoo_live
2021-07-28,111.6588363647461,yahoo_live
2021-07-29,111.33936309814453,yahoo_live
2021-07-30,111.4294662475586,yahoo_live
2021-08-02,111.75200653076172,yahoo_live
2021-08-03,111.866943359375,yahoo_live
2021-08-04,111.89152526855469,yahoo_live
2021-08-05,111.43192291259766,yahoo_live
2021-08-06,110.52090454101562,yahoo_live
2021-08-09,110.04483795166016,yahoo_live
2021-08-10,109.79862213134766,yahoo_live
2021-08-11,109.97099304199219,yahoo_live
2021-08-12,110.12694549560547,yahoo_live
2021-08-13,110.86559295654297,yahoo_live
2021-08-16,110.93123626708984,yahoo_live
2021-08-17,110.73431396484375,yahoo_live
2021-08-18,110.6604232788086,yahoo_live
2021-08-19,110.91483306884766,yahoo_live
2021-08-20,110.98870849609375,yahoo_live
2021-08-23,111.07078552246094,yahoo_live
2021-08-24,110.81633758544922,yahoo_live
2021-08-25,110.52911376953125,yahoo_live
2021-08-26,110.49626159667969,yahoo_live
2021-08-27,111.1118392944336,yahoo_live
2021-08-30,111.30059814453125,yahoo_live
2021-08-31,111.0461654663086,yahoo_live
2021-09-01,111.1892318725586,yahoo_live
2021-09-02,111.38653564453125,yahoo_live
2021-09-03,110.98368072509766,yahoo_live
2021-09-07,110.45750427246094,yahoo_live
2021-09-08,110.81099700927734,yahoo_live
2021-09-09,111.53453063964844,yahoo_live
2021-09-10,111.21391296386719,yahoo_live
2021-09-13,111.48519134521484,yahoo_live
2021-09-14,111.82231140136719,yahoo_live
2021-09-15,111.69073486328125,yahoo_live
2021-09-16,111.53453063964844,yahoo_live
2021-09-17,111.28785705566406,yahoo_live
2021-09-20,111.6331787109375,yahoo_live
2021-09-21,111.6249771118164,yahoo_live
2021-09-22,111.93741607666016,yahoo_live
2021-09-23,111.16455841064453,yahoo_live
2021-09-24,110.92619323730469,yahoo_live
2021-09-27,110.86856842041016,yahoo_live
2021-09-28,109.68466186523438,yahoo_live
2021-09-29,109.66002655029297,yahoo_live
2021-09-30,109.37223815917969,yahoo_live
2021-10-01,110.16720581054688,yahoo_live
2021-10-04,109.98595428466797,yahoo_live
2021-10-05,109.53288269042969,yahoo_live
2021-10-06,109.5658187866211,yahoo_live
2021-10-07,109.07982635498047,yahoo_live
2021-10-08,108.57733154296875,yahoo_live
2021-10-11,108.37139129638672,yahoo_live
2021-10-12,109.0633544921875,yahoo_live
2021-10-13,109.61528015136719,yahoo_live
2021-10-14,110.13423156738281,yahoo_live
2021-10-15,109.73880004882812,yahoo_live
2021-10-18,109.64817810058594,yahoo_live
2021-10-19,109.04686737060547,yahoo_live
2021-10-20,108.78329467773438,yahoo_live
2021-10-21,108.5525894165039,yahoo_live
2021-10-22,108.9892349243164,yahoo_live
2021-10-25,109.03863525390625,yahoo_live
2021-10-26,109.5081558227539,yahoo_live
2021-10-27,110.17539978027344,yahoo_live
2021-10-28,110.01061248779297,yahoo_live
2021-10-29,109.95294189453125,yahoo_live
2021-11-01,109.75656127929688,yahoo_live
2021-11-02,110.17752838134766,yahoo_live
2021-11-03,109.89685821533203,yahoo_live
2021-11-04,110.4746322631836,yahoo_live
2021-11-05,111.28346252441406,yahoo_live
2021-11-08,111.02757263183594,yahoo_live
2021-11-09,111.32476043701172,yahoo_live
2021-11-10,110.18570709228516,yahoo_live
2021-11-11,109.8720932006836,yahoo_live
2021-11-12,109.75656127929688,yahoo_live
2021-11-15,108.92294311523438,yahoo_live
2021-11-16,108.7413558959961,yahoo_live
2021-11-17,109.1788101196289,yahoo_live
2021-11-18,109.42638397216797,yahoo_live
2021-11-19,109.83908081054688,yahoo_live
2021-11-22,108.88164520263672,yahoo_live
2021-11-23,108.10584259033203,yahoo_live
2021-11-24,108.62581634521484,yahoo_live
2021-11-26,109.50892639160156,yahoo_live
2021-11-29,109.58324432373047,yahoo_live
2021-11-30,109.82257080078125,yahoo_live
2021-12-01,109.83828735351562,yahoo_live
2021-12-02,110.0946044921875,yahoo_live
2021-12-03,111.01240539550781,yahoo_live
2021-12-06,110.45015716552734,yahoo_live
2021-12-07,110.49977111816406,yahoo_live
2021-12-08,109.76387023925781,yahoo_live
2021-12-09,109.67293548583984,yahoo_live
2021-12-10,109.79695892333984,yahoo_live
2021-12-13,110.29305267333984,yahoo_live
2021-12-14,109.79695892333984,yahoo_live
2021-12-15,109.9375228881836,yahoo_live
2021-12-16,109.93419647216797,yahoo_live
2021-12-17,110.19100952148438,yahoo_live
2021-12-20,109.71053314208984,yahoo_live
2021-12-21,109.92593383789062,yahoo_live
2021-12-22,110.09988403320312,yahoo_live
2021-12-23,109.93419647216797,yahoo_live
2021-12-27,110.25729370117188,yahoo_live
2021-12-28,110.11643981933594,yahoo_live
2021-12-29,109.5116958618164,yahoo_live
2021-12-30,109.95077514648438,yahoo_live
2021-12-31,109.78510284423828,yahoo_live
2022-01-03,108.61698913574219,yahoo_live
2022-01-04,108.7081069946289,yahoo_live
2022-01-05,108.07024383544922,yahoo_live
2022-01-06,107.92935180664062,yahoo_live
2022-01-07,107.46540832519531,yahoo_live
2022-01-10,107.36602020263672,yahoo_live
2022-01-11,107.68912506103516,yahoo_live
2022-01-12,107.61457061767578,yahoo_live
2022-01-13,107.95421600341797,yahoo_live
2022-01-14,107.00151824951172,yahoo_live
2022-01-18,105.9825439453125,yahoo_live
2022-01-19,106.14820861816406,yahoo_live
2022-01-20,106.09021759033203,yahoo_live
2022-01-21,106.78611755371094,yahoo_live
2022-01-24,106.45475769042969,yahoo_live
2022-01-25,106.156494140625,yahoo_live
2022-01-26,105.43576049804688,yahoo_live
2022-01-27,105.676025390625,yahoo_live
2022-01-28,105.7920150756836,yahoo_live
2022-01-31,105.84170532226562,yahoo_live
2022-02-01,106.0176773071289,yahoo_live
2022-02-02,106.02597045898438,yahoo_live
2022-02-03,105.17101287841797,yahoo_live
2022-02-04,104.1252670288086,yahoo_live
2022-02-07,104.31611633300781,yahoo_live
2022-02-08,103.9260025024414,yahoo_live
2022-02-09,104.274658203125,yahoo_live
2022-02-10,102.85529327392578,yahoo_live
2022-02-11,103.618896484375,yahoo_live
2022-02-14,102.69759368896484,yahoo_live
2022-02-15,102.18299865722656,yahoo_live
2022-02-16,102.3323974609375,yahoo_live
2022-02-17,102.40711212158203,yahoo_live
2022-02-18,102.65611267089844,yahoo_live
2022-02-22,102.52332305908203,yahoo_live
2022-02-23,101.59371185302734,yahoo_live
2022-02-24,102.07508850097656,yahoo_live
2022-02-25,102.49010467529297,yahoo_live
2022-02-28,103.58573913574219,yahoo_live
2022-03-01,103.9400405883789,yahoo_live
2022-03-02,102.35975646972656,yahoo_live
2022-03-03,102.73406219482422,yahoo_live
2022-03-04,102.8338394165039,yahoo_live
2022-03-07,101.58626556396484,yahoo_live
2022-03-08,100.97911071777344,yahoo_live
2022-03-09,101.15375518798828,yahoo_live
2022-03-10,99.99771118164062,yahoo_live
2022-03-11,99.95609283447266,yahoo_live
2022-03-14,98.50888061523438,yahoo_live
2022-03-15,99.28243255615234,yahoo_live
2022-03-16,100.1307601928711,yahoo_live
2022-03-17,101.11217498779297,yahoo_live
2022-03-18,101.31179809570312,yahoo_live
2022-03-21,99.90618133544922,yahoo_live
2022-03-22,99.66502380371094,yahoo_live
2022-03-23,99.94779205322266,yahoo_live
2022-03-24,99.98934936523438,yahoo_live
2022-03-25,99.19922637939453,yahoo_live
2022-03-28,99.74817657470703,yahoo_live
2022-03-29,100.58821105957031,yahoo_live
2022-03-30,100.82109832763672,yahoo_live
2022-03-31,100.58821105957031,yahoo_live
2022-04-01,100.92575073242188,yahoo_live
2022-04-04,101.27580261230469,yahoo_live
2022-04-05,99.50049591064453,yahoo_live
2022-04-06,98.91705322265625,yahoo_live
2022-04-07,98.45867156982422,yahoo_live
2022-04-08,97.68354034423828,yahoo_live
2022-04-11,96.73338317871094,yahoo_live
2022-04-12,96.800048828125,yahoo_live
2022-04-13,97.30013275146484,yahoo_live
2022-04-14,96.16661071777344,yahoo_live
2022-04-18,95.43313598632812,yahoo_live
2022-04-19,94.67469024658203,yahoo_live
2022-04-20,95.6581802368164,yahoo_live
2022-04-21,94.641357421875,yahoo_live
2022-04-22,94.5329818725586,yahoo_live
2022-04-25,95.58316040039062,yahoo_live
2022-04-26,95.5331802368164,yahoo_live
2022-04-27,94.61634826660156,yahoo_live
2022-04-28,94.89971160888672,yahoo_live
2022-04-29,93.84954833984375,yahoo_live
2022-05-02,93.29318237304688,yahoo_live
2022-05-03,93.89464569091797,yahoo_live
2022-05-04,94.81355285644531,yahoo_live
2022-05-05,93.36000061035156,yahoo_live
2022-05-06,92.56644439697266,yahoo_live
2022-05-09,92.89221954345703,yahoo_live
2022-05-10,93.28485870361328,yahoo_live
2022-05-11,93.71925354003906,yahoo_live
2022-05-12,93.7610092163086,yahoo_live
2022-05-13,93.26813507080078,yahoo_live
2022-05-16,93.39341735839844,yahoo_live
2022-05-17,92.85879516601562,yahoo_live
2022-05-18,93.20128631591797,yahoo_live
2022-05-19,93.45191192626953,yahoo_live
2022-05-20,93.91134643554688,yahoo_live
2022-05-23,93.57721710205078,yahoo_live
2022-05-24,94.8051986694336,yahoo_live
2022-05-25,95.78256225585938,yahoo_live
2022-05-26,95.80763244628906,yahoo_live
2022-05-27,96.308837890625,yahoo_live
2022-05-31,95.5987777709961,yahoo_live
2022-06-01,95.04110717773438,yahoo_live
2022-06-02,95.08297729492188,yahoo_live
2022-06-03,94.78152465820312,yahoo_live
2022-06-06,94.11161804199219,yahoo_live
2022-06-07,94.61405181884766,yahoo_live
2022-06-08,94.06976318359375,yahoo_live
2022-06-09,93.45011138916016,yahoo_live
2022-06-10,92.54574584960938,yahoo_live
2022-06-13,90.41049194335938,yahoo_live
2022-06-14,89.9415512084961,yahoo_live
2022-06-15,91.34829711914062,yahoo_live
2022-06-16,91.44879150390625,yahoo_live
2022-06-17,91.63302612304688,yahoo_live
2022-06-21,90.71192169189453,yahoo_live
2022-06-22,91.37342071533203,yahoo_live
2022-06-23,92.07681274414062,yahoo_live
2022-06-24,92.1856460571289,yahoo_live
2022-06-27,91.33993530273438,yahoo_live
2022-06-28,91.31480407714844,yahoo_live
2022-06-29,91.85912322998047,yahoo_live
2022-06-30,92.13540649414062,yahoo_live
2022-07-01,93.3000259399414,yahoo_live
2022-07-05,93.27481842041016,yahoo_live
2022-07-06,92.81301879882812,yahoo_live
2022-07-07,92.80463409423828,yahoo_live
2022-07-08,92.65348815917969,yahoo_live
2022-07-11,92.91377258300781,yahoo_live
2022-07-12,93.0481185913086,yahoo_live
2022-07-13,93.74500274658203,yahoo_live
2022-07-14,93.14888000488281,yahoo_live
2022-07-15,93.8961410522461,yahoo_live
2022-07-18,93.24124908447266,yahoo_live
2022-07-19,93.50154113769531,yahoo_live
2022-07-20,93.40076446533203,yahoo_live
2022-07-21,94.6770248413086,yahoo_live
2022-07-22,95.40748596191406,yahoo_live
2022-07-25,94.6014404296875,yahoo_live
2022-07-26,94.58464050292969,yahoo_live
2022-07-27,95.2143783569336,yahoo_live
2022-07-28,96.00362396240234,yahoo_live
2022-07-29,96.2303237915039,yahoo_live
2022-08-01,96.42053985595703,yahoo_live
2022-08-02,95.24224090576172,yahoo_live
2022-08-03,96.27743530273438,yahoo_live
2022-08-04,96.42891693115234,yahoo_live
2022-08-05,95.12438201904297,yahoo_live
2022-08-08,95.50312042236328,yahoo_live
2022-08-09,95.0738525390625,yahoo_live
2022-08-10,95.97444152832031,yahoo_live
2022-08-11,95.04864501953125,yahoo_live
2022-08-12,96.15120697021484,yahoo_live
2022-08-15,96.08387756347656,yahoo_live
2022-08-16,95.71351623535156,yahoo_live
2022-08-17,94.81298065185547,yahoo_live
2022-08-18,95.0570297241211,yahoo_live
2022-08-19,93.9292221069336,yahoo_live
2022-08-22,93.29796600341797,yahoo_live
2022-08-23,93.39897918701172,yahoo_live
2022-08-24,93.12122344970703,yahoo_live
2022-08-25,94.08071899414062,yahoo_live
2022-08-26,93.51683044433594,yahoo_live
2022-08-29,92.82664489746094,yahoo_live
2022-08-30,92.94448852539062,yahoo_live
2022-08-31,91.96817016601562,yahoo_live
2022-09-01,91.41451263427734,yahoo_live
2022-09-02,91.48200988769531,yahoo_live
2022-09-06,90.24132537841797,yahoo_live
2022-09-07,91.47354888916016,yahoo_live
2022-09-08,91.26255798339844,yahoo_live
2022-09-09,91.47354888916016,yahoo_live
2022-09-12,91.27101135253906,yahoo_live
2022-09-13,90.61267852783203,yahoo_live
2022-09-14,91.04312896728516,yahoo_live
2022-09-15,90.60421752929688,yahoo_live
2022-09-16,90.39324951171875,yahoo_live
2022-09-19,90.54515838623047,yahoo_live
2022-09-20,89.64205169677734,yahoo_live
2022-09-21,89.97967529296875,yahoo_live
2022-09-22,88.71367645263672,yahoo_live
2022-09-23,88.46044921875,yahoo_live
2022-09-26,86.92435455322266,yahoo_live
2022-09-27,85.61616516113281,yahoo_live
2022-09-28,87.33792877197266,yahoo_live
2022-09-29,86.68804931640625,yahoo_live
2022-09-30,86.46857452392578,yahoo_live
2022-10-03,88.0682144165039,yahoo_live
2022-10-04,88.4747085571289,yahoo_live
2022-10-05,87.80572509765625,yahoo_live
2022-10-06,87.60250091552734,yahoo_live
2022-10-07,86.73025512695312,yahoo_live
2022-10-10,85.95118713378906,yahoo_live
2022-10-11,85.77338409423828,yahoo_live
2022-10-12,85.67174530029297,yahoo_live
2022-10-13,85.82418060302734,yahoo_live
2022-10-14,85.0028076171875,yahoo_live
2022-10-17,85.40924072265625,yahoo_live
2022-10-18,85.91732788085938,yahoo_live
2022-10-19,84.74027252197266,yahoo_live
2022-10-20,84.0035400390625,yahoo_live
2022-10-21,84.24065399169922,yahoo_live
2022-10-24,84.19828796386719,yahoo_live
2022-10-25,85.32456970214844,yahoo_live
2022-10-26,85.71408081054688,yahoo_live
2022-10-27,86.11212921142578,yahoo_live
2022-10-28,86.28993225097656,yahoo_live
2022-10-31,85.82418060302734,yahoo_live
2022-11-01,86.4416732788086,yahoo_live
2022-11-02,86.02548217773438,yahoo_live
2022-11-03,85.71971130371094,yahoo_live
2022-11-04,85.88961029052734,yahoo_live
2022-11-07,85.57533264160156,yahoo_live
2022-11-08,85.93204498291016,yahoo_live
2022-11-09,85.71123504638672,yahoo_live
2022-11-10,88.5821304321289,yahoo_live
2022-11-11,88.81995391845703,yahoo_live
2022-11-14,88.36978149414062,yahoo_live
2022-11-15,89.60138702392578,yahoo_live
2022-11-16,90.3658218383789,yahoo_live
2022-11-17,89.88168334960938,yahoo_live
2022-11-18,89.87318420410156,yahoo_live
2022-11-21,89.73728942871094,yahoo_live
2022-11-22,90.53569793701172,yahoo_live
2022-11-23,91.44454956054688,yahoo_live
2022-11-25,91.5379867553711,yahoo_live
2022-11-28,90.87544250488281,yahoo_live
2022-11-29,90.42530822753906,yahoo_live
2022-11-30,91.52946472167969,yahoo_live
2022-12-01,92.67472076416016,yahoo_live
2022-12-02,93.23709869384766,yahoo_live
2022-12-05,92.44463348388672,yahoo_live
2022-12-06,92.7258529663086,yahoo_live
2022-12-07,93.75689697265625,yahoo_live
2022-12-08,93.45865631103516,yahoo_live
2022-12-09,92.75991821289062,yahoo_live
2022-12-12,92.64064025878906,yahoo_live
2022-12-13,93.45014953613281,yahoo_live
2022-12-14,93.53534698486328,yahoo_live
2022-12-15,93.61396789550781,yahoo_live
2022-12-16,93.21224975585938,yahoo_live
2022-12-19,92.27210998535156,yahoo_live
2022-12-20,91.18668365478516,yahoo_live
2022-12-21,91.8105697631836,yahoo_live
2022-12-22,91.78495788574219,yahoo_live
2022-12-23,91.50291442871094,yahoo_live
2022-12-27,90.32342529296875,yahoo_live
2022-12-28,90.04137420654297,yahoo_live
2022-12-29,90.68240356445312,yahoo_live
2022-12-30,90.10977172851562,yahoo_live
2023-01-03,90.73368072509766,yahoo_live
2023-01-04,91.39179229736328,yahoo_live
2023-01-05,91.32341766357422,yahoo_live
2023-01-06,92.81910705566406,yahoo_live
2023-01-09,93.18660736083984,yahoo_live
2023-01-10,92.87039184570312,yahoo_live
2023-01-11,93.66524505615234,yahoo_live
2023-01-12,94.72505950927734,yahoo_live
2023-01-13,94.41738891601562,yahoo_live
2023-01-17,94.07550048828125,yahoo_live
2023-01-18,95.17807006835938,yahoo_live
2023-01-19,94.98149871826172,yahoo_live
2023-01-20,94.48575592041016,yahoo_live
2023-01-23,94.2122573852539,yahoo_live
2023-01-24,94.7079849243164,yahoo_live
2023-01-25,94.75072479248047,yahoo_live
2023-01-26,94.71652221679688,yahoo_live
2023-01-27,94.44303894042969,yahoo_live
2023-01-30,94.08405303955078,yahoo_live
2023-01-31,94.75926971435547,yahoo_live
2023-02-01,95.72117614746094,yahoo_live
2023-02-02,95.85835266113281,yahoo_live
2023-02-03,94.76956176757812,yahoo_live
2023-02-06,94.04080963134766,yahoo_live
2023-02-07,93.73219299316406,yahoo_live
2023-02-08,93.82648468017578,yahoo_live
2023-02-09,93.03772735595703,yahoo_live
2023-02-10,92.3861312866211,yahoo_live
2023-02-13,92.72909545898438,yahoo_live
2023-02-14,92.49761199951172,yahoo_live
2023-02-15,92.14610290527344,yahoo_live
2023-02-16,91.40880584716797,yahoo_live
2023-02-17,91.76886749267578,yahoo_live
2023-02-21,90.46572875976562,yahoo_live
2023-02-22,90.7229232788086,yahoo_live
2023-02-23,91.43452453613281,yahoo_live
2023-02-24,90.74866485595703,yahoo_live
2023-02-27,90.77437591552734,yahoo_live
2023-02-28,90.80868530273438,yahoo_live
2023-03-01,90.24256134033203,yahoo_live
2023-03-02,90.31997680664062,yahoo_live
2023-03-03,91.34378814697266,yahoo_live
2023-03-06,91.09429931640625,yahoo_live
2023-03-07,90.8362045288086,yahoo_live
2023-03-08,90.68994903564453,yahoo_live
2023-03-09,90.60391998291016,yahoo_live
2023-03-10,91.90306091308594,yahoo_live
2023-03-13,91.98046875,yahoo_live
2023-03-14,91.70516204833984,yahoo_live
2023-03-15,92.58271026611328,yahoo_live
2023-03-16,92.44503784179688,yahoo_live
2023-03-17,92.90965270996094,yahoo_live
2023-03-20,92.63433837890625,yahoo_live
2023-03-21,93.08171081542969,yahoo_live
2023-03-22,93.6237564086914,yahoo_live
2023-03-23,93.89046478271484,yahoo_live
2023-03-24,94.18297576904297,yahoo_live
2023-03-27,93.0559310913086,yahoo_live
2023-03-28,92.90106964111328,yahoo_live
2023-03-29,93.33124542236328,yahoo_live
2023-03-30,93.46028900146484,yahoo_live
2023-03-31,94.30342864990234,yahoo_live
2023-04-03,94.87303924560547,yahoo_live
2023-04-04,94.99382781982422,yahoo_live
2023-04-05,95.30455780029297,yahoo_live
2023-04-06,95.21824645996094,yahoo_live
2023-04-10,94.7780990600586,yahoo_live
2023-04-11,94.75222778320312,yahoo_live
2023-04-12,94.55370330810547,yahoo_live
2023-04-13,94.71766662597656,yahoo_live
2023-04-14,94.40696716308594,yahoo_live
2023-04-17,93.81149291992188,yahoo_live
2023-04-18,94.12217712402344,yahoo_live
2023-04-19,93.6561508178711,yahoo_live
2023-04-20,94.00999450683594,yahoo_live
2023-04-21,94.0704116821289,yahoo_live
2023-04-24,94.48467254638672,yahoo_live
2023-04-25,94.89888763427734,yahoo_live
2023-04-26,94.48467254638672,yahoo_live
2023-04-27,94.13945770263672,yahoo_live
2023-04-28,94.87303924560547,yahoo_live
2023-05-01,93.34200286865234,yahoo_live
2023-05-02,94.4677505493164,yahoo_live
2023-05-03,94.6236343383789,yahoo_live
2023-05-04,94.36385345458984,yahoo_live
2023-05-05,93.99148559570312,yahoo_live
2023-05-08,93.31602478027344,yahoo_live
2023-05-09,93.28140258789062,yahoo_live
2023-05-10,94.01744842529297,yahoo_live
2023-05-11,94.38115692138672,yahoo_live
2023-05-12,93.80096435546875,yahoo_live
2023-05-15,93.2987060546875,yahoo_live
2023-05-16,92.8310775756836,yahoo_live
2023-05-17,92.82245635986328,yahoo_live
2023-05-18,92.43274688720703,yahoo_live
2023-05-19,92.32015991210938,yahoo_live
2023-05-22,92.28553009033203,yahoo_live
2023-05-23,92.47603607177734,yahoo_live
2023-05-24,92.11235046386719,yahoo_live
2023-05-25,91.80923461914062,yahoo_live
2023-05-26,92.1989517211914,yahoo_live
2023-05-30,92.8917007446289,yahoo_live
2023-05-31,93.19480895996094,yahoo_live
2023-06-01,93.48062896728516,yahoo_live
2023-06-02,93.22866821289062,yahoo_live
2023-06-05,93.02887725830078,yahoo_live
2023-06-06,93.21131134033203,yahoo_live
2023-06-07,92.37726593017578,yahoo_live
2023-06-08,92.99411010742188,yahoo_live
2023-06-09,92.75086212158203,yahoo_live
2023-06-12,93.04621887207031,yahoo_live
2023-06-13,92.62922668457031,yahoo_live
2023-06-14,92.91590881347656,yahoo_live
2023-06-15,93.723876953125,yahoo_live
2023-06-16,93.55883026123047,yahoo_live
2023-06-20,93.89762115478516,yahoo_live
2023-06-21,93.79338073730469,yahoo_live
2023-06-22,93.306884765625,yahoo_live
2023-06-23,93.56748962402344,yahoo_live
2023-06-26,93.67176818847656,yahoo_live
2023-06-27,93.56748962402344,yahoo_live
2023-06-28,93.97584533691406,yahoo_live
2023-06-29,93.26344299316406,yahoo_live
2023-06-30,93.94976806640625,yahoo_live
2023-07-03,93.68653869628906,yahoo_live
2023-07-05,93.01544952392578,yahoo_live
2023-07-06,92.0741195678711,yahoo_live
2023-07-07,91.98696899414062,yahoo_live
2023-07-10,92.46634674072266,yahoo_live
2023-07-11,92.90211486816406,yahoo_live
2023-07-12,93.72140502929688,yahoo_live
2023-07-13,94.38382720947266,yahoo_live
2023-07-14,93.65167236328125,yahoo_live
2023-07-17,93.80855560302734,yahoo_live
2023-07-18,94.04390716552734,yahoo_live
2023-07-19,94.57557678222656,yahoo_live
2023-07-20,93.9393081665039,yahoo_live
2023-07-21,94.10491180419922,yahoo_live
2023-07-24,93.9916000366211,yahoo_live
2023-07-25,93.84343719482422,yahoo_live
2023-07-26,94.27923583984375,yahoo_live
2023-07-27,93.12873840332031,yahoo_live
2023-07-28,93.73882293701172,yahoo_live
2023-07-31,94.00032043457031,yahoo_live
2023-08-01,93.06364440917969,yahoo_live
2023-08-02,92.49519348144531,yahoo_live
2023-08-03,91.66431427001953,yahoo_live
2023-08-04,92.61762237548828,yahoo_live
2023-08-07,92.39022827148438,yahoo_live
2023-08-08,92.7575454711914,yahoo_live
2023-08-09,92.84500885009766,yahoo_live
2023-08-10,92.18907928466797,yahoo_live
2023-08-11,91.8742446899414,yahoo_live
2023-08-14,91.83924102783203,yahoo_live
2023-08-15,91.35821533203125,yahoo_live
2023-08-16,90.9471664428711,yahoo_live
2023-08-17,90.7022933959961,yahoo_live
2023-08-18,91.04338836669922,yahoo_live
2023-08-21,90.5011215209961,yahoo_live
2023-08-22,90.78101348876953,yahoo_live
2023-08-23,92.05790710449219,yahoo_live
2023-08-24,91.7430419921875,yahoo_live
2023-08-25,91.79552459716797,yahoo_live
2023-08-28,92.0841293334961,yahoo_live
2023-08-29,92.8187484741211,yahoo_live
2023-08-30,92.68758392333984,yahoo_live
2023-08-31,92.84500885009766,yahoo_live
2023-09-01,92.18408966064453,yahoo_live
2023-09-05,91.52581787109375,yahoo_live
2023-09-06,91.43804168701172,yahoo_live
2023-09-07,91.841796875,yahoo_live
2023-09-08,91.91202545166016,yahoo_live
2023-09-11,91.73646545410156,yahoo_live
2023-09-12,91.71013641357422,yahoo_live
2023-09-13,91.91202545166016,yahoo_live
2023-09-14,91.74527740478516,yahoo_live
2023-09-15,91.60484313964844,yahoo_live
2023-09-18,91.78035736083984,yahoo_live
2023-09-19,91.47315979003906,yahoo_live
2023-09-20,91.5082778930664,yahoo_live
2023-09-21,90.58667755126953,yahoo_live
2023-09-22,91.13964080810547,yahoo_live
2023-09-25,90.25318908691406,yahoo_live
2023-09-26,89.99866485595703,yahoo_live
2023-09-27,89.57733917236328,yahoo_live
2023-09-28,89.73530578613281,yahoo_live
2023-09-29,89.54225158691406,yahoo_live
2023-10-02,88.72191619873047,yahoo_live
2023-10-03,87.69977569580078,yahoo_live
2023-10-04,88.46638488769531,yahoo_live
2023-10-05,88.36063385009766,yahoo_live
2023-10-06,88.09628295898438,yahoo_live
2023-10-09,89.18893432617188,yahoo_live
2023-10-10,89.22416687011719,yahoo_live
2023-10-11,89.77047729492188,yahoo_live
2023-10-12,88.83645629882812,yahoo_live
2023-10-13,89.32987976074219,yahoo_live
2023-10-16,88.71310424804688,yahoo_live
2023-10-17,88.00819396972656,yahoo_live
2023-10-18,87.30327606201172,yahoo_live
2023-10-19,86.5983657836914,yahoo_live
2023-10-20,86.9419937133789,yahoo_live
2023-10-23,87.6204833984375,yahoo_live
2023-10-24,88.11392211914062,yahoo_live
2023-10-25,87.31208801269531,yahoo_live
2023-10-26,87.9465103149414,yahoo_live
2023-10-27,87.77030181884766,yahoo_live
2023-10-30,87.50592803955078,yahoo_live
2023-10-31,87.382568359375,yahoo_live
2023-11-01,88.63310241699219,yahoo_live
2023-11-02,89.68550109863281,yahoo_live
2023-11-03,90.12771606445312,yahoo_live
2023-11-06,89.65013885498047,yahoo_live
2023-11-07,90.36649322509766,yahoo_live
2023-11-08,90.82637023925781,yahoo_live
2023-11-09,89.90660095214844,yahoo_live
2023-11-10,90.35765838623047,yahoo_live
2023-11-13,90.36649322509766,yahoo_live
2023-11-14,91.7815170288086,yahoo_live
2023-11-15,91.30393981933594,yahoo_live
2023-11-16,92.05567932128906,yahoo_live
2023-11-17,92.32098388671875,yahoo_live
2023-11-20,92.69241333007812,yahoo_live
2023-11-21,92.7189712524414,yahoo_live
2023-11-22,93.09040832519531,yahoo_live
2023-11-24,92.6128158569336,yahoo_live
2023-11-27,93.36457824707031,yahoo_live
2023-11-28,93.73600769042969,yahoo_live
2023-11-29,94.4965591430664,yahoo_live
2023-11-30,94.00132751464844,yahoo_live
2023-12-01,95.13311004638672,yahoo_live
2023-12-04,94.69815826416016,yahoo_live
2023-12-05,95.45267486572266,yahoo_live
2023-12-06,95.80775451660156,yahoo_live
2023-12-07,95.81661224365234,yahoo_live
2023-12-08,95.30176544189453,yahoo_live
2023-12-11,95.27513885498047,yahoo_live
2023-12-12,95.81661224365234,yahoo_live
2023-12-13,97.42332458496094,yahoo_live
2023-12-14,98.45941925048828,yahoo_live
2023-12-15,98.31688690185547,yahoo_live
2023-12-18,97.90707397460938,yahoo_live
2023-12-19,98.03179931640625,yahoo_live
2023-12-20,98.29015350341797,yahoo_live
2023-12-21,98.25452423095703,yahoo_live
2023-12-22,98.08524322509766,yahoo_live
2023-12-26,98.29015350341797,yahoo_live
2023-12-27,99.207763671875,yahoo_live
2023-12-28,98.94937896728516,yahoo_live
2023-12-29,98.58415222167969,yahoo_live
2024-01-02,97.9159927368164,yahoo_live
2024-01-03,97.69326782226562,yahoo_live
2024-01-04,97.14982604980469,yahoo_live
2024-01-05,96.80240631103516,yahoo_live
2024-01-08,97.54179382324219,yahoo_live
2024-01-09,97.71109008789062,yahoo_live
2024-01-10,97.58637237548828,yahoo_live
2024-01-11,98.17433166503906,yahoo_live
2024-01-12,98.38815307617188,yahoo_live
2024-01-16,97.39039611816406,yahoo_live
2024-01-17,97.18547058105469,yahoo_live
2024-01-18,96.99838256835938,yahoo_live
2024-01-19,97.09638214111328,yahoo_live
2024-01-22,97.3636703491211,yahoo_live
2024-01-23,97.00731658935547,yahoo_live
2024-01-24,96.8202133178711,yahoo_live
2024-01-25,97.46163940429688,yahoo_live
2024-01-26,97.18547058105469,yahoo_live
2024-01-29,97.58637237548828,yahoo_live
2024-01-30,97.8981704711914,yahoo_live
2024-01-31,98.14762878417969,yahoo_live
2024-02-01,98.90664672851562,yahoo_live
2024-02-02,98.00367736816406,yahoo_live
2024-02-05,97.06495666503906,yahoo_live
2024-02-06,97.61029815673828,yahoo_live
2024-02-07,97.32421875,yahoo_live
2024-02-08,96.82356262207031,yahoo_live
2024-02-09,96.6983871459961,yahoo_live
2024-02-12,96.70732879638672,yahoo_live
2024-02-13,95.6434326171875,yahoo_live
2024-02-14,96.09046936035156,yahoo_live
2024-02-15,96.43913269042969,yahoo_live
2024-02-16,96.09046936035156,yahoo_live
2024-02-20,96.41230010986328,yahoo_live
2024-02-21,96.17092895507812,yahoo_live
2024-02-22,96.32292175292969,yahoo_live
2024-02-23,96.6089859008789,yahoo_live
2024-02-26,96.30502319335938,yahoo_live
2024-02-27,96.17092895507812,yahoo_live
2024-02-28,96.1619644165039,yahoo_live
2024-02-29,96.25138854980469,yahoo_live
2024-03-01,96.83732604980469,yahoo_live
2024-03-04,96.6578598022461,yahoo_live
2024-03-05,97.187255859375,yahoo_live
2024-03-06,97.44745635986328,yahoo_live
2024-03-07,97.68975067138672,yahoo_live
2024-03-08,97.82434844970703,yahoo_live
2024-03-11,97.84230041503906,yahoo_live
2024-03-12,97.52825164794922,yahoo_live
2024-03-13,97.42955017089844,yahoo_live
2024-03-14,96.711669921875,yahoo_live
2024-03-15,96.73859405517578,yahoo_live
2024-03-18,96.57707214355469,yahoo_live
2024-03-19,96.85526275634766,yahoo_live
2024-03-20,97.03471374511719,yahoo_live
2024-03-21,97.17829895019531,yahoo_live
2024-03-22,97.51028442382812,yahoo_live
2024-03-25,97.17829895019531,yahoo_live
2024-03-26,97.15135955810547,yahoo_live
2024-03-27,97.82434844970703,yahoo_live
2024-03-28,97.73462677001953,yahoo_live
2024-04-01,96.79878997802734,yahoo_live
2024-04-02,96.6546630859375,yahoo_live
2024-04-03,96.71771240234375,yahoo_live
2024-04-04,96.82579803466797,yahoo_live
2024-04-05,96.40248107910156,yahoo_live
2024-04-08,96.39346313476562,yahoo_live
2024-04-09,96.88886260986328,yahoo_live
2024-04-10,95.51080322265625,yahoo_live
2024-04-11,95.31262969970703,yahoo_live
2024-04-12,95.52879333496094,yahoo_live
2024-04-15,94.47496795654297,yahoo_live
2024-04-16,94.15970611572266,yahoo_live
2024-04-17,94.67313385009766,yahoo_live
2024-04-18,94.48399353027344,yahoo_live
2024-04-19,94.58305358886719,yahoo_live
2024-04-22,94.8172378540039,yahoo_live
2024-04-23,94.97935485839844,yahoo_live
2024-04-24,94.6100845336914,yahoo_live
2024-04-25,94.33086395263672,yahoo_live
2024-04-26,94.69111633300781,yahoo_live
2024-04-29,95.08746337890625,yahoo_live
2024-04-30,94.56503295898438,yahoo_live
2024-05-01,94.95841217041016,yahoo_live
2024-05-02,95.54618835449219,yahoo_live
2024-05-03,96.21533966064453,yahoo_live
2024-05-06,96.4865951538086,yahoo_live
2024-05-07,96.53185272216797,yahoo_live
2024-05-08,96.28768920898438,yahoo_live
2024-05-09,96.44142150878906,yahoo_live
2024-05-10,96.13396453857422,yahoo_live
2024-05-13,96.17013549804688,yahoo_live
2024-05-14,96.45047760009766,yahoo_live
2024-05-15,97.30953979492188,yahoo_live
2024-05-16,97.15581512451172,yahoo_live
2024-05-17,96.92972564697266,yahoo_live
2024-05-20,96.88452911376953,yahoo_live
2024-05-21,97.04727172851562,yahoo_live
2024-05-22,96.90260314941406,yahoo_live
2024-05-23,96.47761535644531,yahoo_live
2024-05-24,96.73985290527344,yahoo_live
2024-05-28,96.16110229492188,yahoo_live
2024-05-29,95.64564514160156,yahoo_live
2024-05-30,96.23343658447266,yahoo_live
2024-05-31,96.65846252441406,yahoo_live
2024-06-03,97.32563018798828,yahoo_live
2024-06-04,97.70684051513672,yahoo_live
2024-06-05,98.03363800048828,yahoo_live
2024-06-06,97.97010040283203,yahoo_live
2024-06-07,97.08963012695312,yahoo_live
2024-06-10,96.88990783691406,yahoo_live
2024-06-11,97.30746459960938,yahoo_live
2024-06-12,97.90655517578125,yahoo_live
2024-06-13,98.36949157714844,yahoo_live
2024-06-14,98.45118713378906,yahoo_live
2024-06-17,97.98823547363281,yahoo_live
2024-06-18,98.4421157836914,yahoo_live
2024-06-20,98.11532592773438,yahoo_live
2024-06-21,98.14256286621094,yahoo_live
2024-06-24,98.24243927001953,yahoo_live
2024-06-25,98.20611572265625,yahoo_live
2024-06-26,97.67054748535156,yahoo_live
2024-06-27,97.8611831665039,yahoo_live
2024-06-28,97.23484802246094,yahoo_live
2024-07-01,96.6573257446289,yahoo_live
2024-07-02,97.27674102783203,yahoo_live
2024-07-03,97.99637603759766,yahoo_live
2024-07-05,98.5064697265625,yahoo_live
2024-07-08,98.49738311767578,yahoo_live
2024-07-09,98.315185546875,yahoo_live
2024-07-10,98.55204010009766,yahoo_live
2024-07-11,99.08036041259766,yahoo_live
2024-07-12,99.44471740722656,yahoo_live
2024-07-15,98.89817810058594,yahoo_live
2024-07-16,99.47205352783203,yahoo_live
2024-07-17,99.51759338378906,yahoo_live
2024-07-18,99.0894775390625,yahoo_live
2024-07-19,98.72510528564453,yahoo_live
2024-07-22,98.67044830322266,yahoo_live
2024-07-23,98.59757232666016,yahoo_live
2024-07-24,97.99637603759766,yahoo_live
2024-07-25,98.38806915283203,yahoo_live
2024-07-26,98.93461608886719,yahoo_live
2024-07-29,99.14411163330078,yahoo_live
2024-07-30,99.2260971069336,yahoo_live
2024-07-31,99.80000305175781,yahoo_live
2024-08-01,100.13092041015625,yahoo_live
2024-08-02,101.10908508300781,yahoo_live
2024-08-05,100.8531265258789,yahoo_live
2024-08-06,100.1949234008789,yahoo_live
2024-08-07,99.73782348632812,yahoo_live
2024-08-08,99.78353881835938,yahoo_live
2024-08-09,100.29547882080078,yahoo_live
2024-08-12,100.5057601928711,yahoo_live
2024-08-13,101.20967102050781,yahoo_live
2024-08-14,101.65760803222656,yahoo_live
2024-08-15,101.34679412841797,yahoo_live
2024-08-16,101.64848327636719,yahoo_live
2024-08-19,101.88616943359375,yahoo_live
2024-08-20,102.15128326416016,yahoo_live
2024-08-21,102.37982177734375,yahoo_live
2024-08-22,101.95928955078125,yahoo_live
2024-08-23,102.54437255859375,yahoo_live
2024-08-26,102.41637420654297,yahoo_live
2024-08-27,102.3341064453125,yahoo_live
2024-08-28,102.12384033203125,yahoo_live
2024-08-29,101.95014953613281,yahoo_live
2024-08-30,101.66675567626953,yahoo_live
2024-09-03,101.97412109375,yahoo_live
2024-09-04,102.60722351074219,yahoo_live
2024-09-05,103.11186981201172,yahoo_live
2024-09-06,103.06597900390625,yahoo_live
2024-09-09,103.29537963867188,yahoo_live
2024-09-10,103.57981872558594,yahoo_live
2024-09-11,103.62568664550781,yahoo_live
2024-09-12,103.55227661132812,yahoo_live
2024-09-13,103.8734130859375,yahoo_live
2024-09-16,104.3321762084961,yahoo_live
2024-09-17,104.34136199951172,yahoo_live
2024-09-18,103.91010284423828,yahoo_live
2024-09-19,104.00186920166016,yahoo_live
2024-09-20,104.09362030029297,yahoo_live
2024-09-23,103.9468002319336,yahoo_live
2024-09-24,104.12116241455078,yahoo_live
2024-09-25,103.50640106201172,yahoo_live
2024-09-26,103.50640106201172,yahoo_live
2024-09-27,103.9192886352539,yahoo_live
2024-09-30,103.6623764038086,yahoo_live
2024-10-01,104.16057586669922,yahoo_live
2024-10-02,103.93036651611328,yahoo_live
2024-10-03,103.25809478759766,yahoo_live
2024-10-04,102.69638061523438,yahoo_live
2024-10-07,102.17147827148438,yahoo_live
2024-10-08,102.37407684326172,yahoo_live
2024-10-09,102.17147827148438,yahoo_live
2024-10-10,102.06097412109375,yahoo_live
2024-10-11,102.04255676269531,yahoo_live
2024-10-14,102.05177307128906,yahoo_live
2024-10-15,102.5490493774414,yahoo_live
2024-10-16,102.87133026123047,yahoo_live
2024-10-17,102.10700988769531,yahoo_live
2024-10-18,101.9873046875,yahoo_live
2024-10-21,100.94670104980469,yahoo_live
2024-10-22,100.93749237060547,yahoo_live
2024-10-23,100.5967788696289,yahoo_live
2024-10-24,100.90067291259766,yahoo_live
2024-10-25,100.66124725341797,yahoo_live
2024-10-28,100.578369140625,yahoo_live
2024-10-29,100.69807434082031,yahoo_live
2024-10-30,100.56915283203125,yahoo_live
2024-10-31,100.3665542602539,yahoo_live
2024-11-01,99.81668853759766,yahoo_live
2024-11-04,100.55599212646484,yahoo_live
2024-11-05,101.03655242919922,yahoo_live
2024-11-06,99.98303985595703,yahoo_live
2024-11-07,101.16595458984375,yahoo_live
2024-11-08,101.5171127319336,yahoo_live
2024-11-11,101.32302856445312,yahoo_live
2024-11-12,100.40813446044922,yahoo_live
2024-11-13,100.02925109863281,yahoo_live
2024-11-14,100.00151824951172,yahoo_live
2024-11-15,100.04772186279297,yahoo_live
2024-11-18,100.2325668334961,yahoo_live
2024-11-19,100.44511413574219,yahoo_live
2024-11-20,100.20482635498047,yahoo_live
2024-11-21,100.08470153808594,yahoo_live
2024-11-22,100.17710876464844,yahoo_live
2024-11-25,101.42469024658203,yahoo_live
2024-11-26,101.16595458984375,yahoo_live
2024-11-27,101.53559875488281,yahoo_live
2024-11-29,102.16402435302734,yahoo_live
2024-12-02,102.32444763183594,yahoo_live
2024-12-03,101.96278381347656,yahoo_live
2024-12-04,102.45426940917969,yahoo_live
2024-12-05,102.42646026611328,yahoo_live
2024-12-06,102.65827941894531,yahoo_live
2024-12-09,102.39863586425781,yahoo_live
2024-12-10,102.24097442626953,yahoo_live
2024-12-11,101.96278381347656,yahoo_live
2024-12-12,101.38782501220703,yahoo_live
2024-12-13,100.8221206665039,yahoo_live
2024-12-16,100.95195007324219,yahoo_live
2024-12-17,100.96125030517578,yahoo_live
2024-12-18,99.70951843261719,yahoo_live
2024-12-19,99.16974639892578,yahoo_live
2024-12-20,99.56061553955078,yahoo_live
2024-12-23,99.27210998535156,yahoo_live
2024-12-24,99.57921600341797,yahoo_live
2024-12-26,99.67227935791016,yahoo_live
2024-12-27,99.25350189208984,yahoo_live
2024-12-30,99.68159484863281,yahoo_live
2024-12-31,99.4303207397461,yahoo_live
2025-01-02,99.43961334228516,yahoo_live
2025-01-03,99.20696258544922,yahoo_live
2025-01-06,98.95569610595703,yahoo_live
2025-01-07,98.49969482421875,yahoo_live
2025-01-08,98.65788269042969,yahoo_live
2025-01-10,98.09017944335938,yahoo_live
2025-01-13,97.81100463867188,yahoo_live
2025-01-14,97.92266082763672,yahoo_live
2025-01-15,99.09528350830078,yahoo_live
2025-01-16,99.29071807861328,yahoo_live
2025-01-17,99.37448120117188,yahoo_live
2025-01-21,99.95149993896484,yahoo_live
2025-01-22,99.63505554199219,yahoo_live
2025-01-23,99.49546813964844,yahoo_live
2025-01-24,99.69090270996094,yahoo_live
2025-01-27,100.37960052490234,yahoo_live
2025-01-28,100.24000549316406,yahoo_live
2025-01-29,100.10969543457031,yahoo_live
2025-01-30,100.33304595947266,yahoo_live
2025-01-31,100.00732421875,yahoo_live
2025-02-03,100.1651840209961,yahoo_live
2025-02-04,100.36132049560547,yahoo_live
2025-02-05,101.06183624267578,yahoo_live
2025-02-06,100.87501525878906,yahoo_live
2025-02-07,100.43603515625,yahoo_live
2025-02-10,100.46406555175781,yahoo_live
2025-02-11,100.23989868164062,yahoo_live
2025-02-12,99.69816589355469,yahoo_live
2025-02-13,100.4734115600586,yahoo_live
2025-02-14,100.8656997680664,yahoo_live
2025-02-18,100.45471954345703,yahoo_live
2025-02-19,100.51075744628906,yahoo_live
2025-02-20,100.75362396240234,yahoo_live
2025-02-21,101.10853576660156,yahoo_live
2025-02-24,101.37007904052734,yahoo_live
2025-02-25,102.14530944824219,yahoo_live
2025-02-26,102.36014556884766,yahoo_live
2025-02-27,101.93048095703125,yahoo_live
2025-02-28,102.37882232666016,yahoo_live
2025-03-03,102.70227813720703,yahoo_live
2025-03-04,102.36476135253906,yahoo_live
2025-03-05,102.03660583496094,yahoo_live
2025-03-06,101.71783447265625,yahoo_live
2025-03-07,101.55844116210938,yahoo_live
2025-03-10,101.90534210205078,yahoo_live
2025-03-11,101.23966979980469,yahoo_live
2025-03-12,100.93963623046875,yahoo_live
2025-03-13,101.2583999633789,yahoo_live
2025-03-14,101.21154022216797,yahoo_live
2025-03-17,101.41780090332031,yahoo_live
2025-03-18,101.66157531738281,yahoo_live
2025-03-19,102.2616195678711,yahoo_live
2025-03-20,102.11160278320312,yahoo_live
2025-03-21,101.97097778320312,yahoo_live
2025-03-24,101.53031158447266,yahoo_live
2025-03-25,101.6334457397461,yahoo_live
2025-03-26,101.22090911865234,yahoo_live
2025-03-27,101.09903717041016,yahoo_live
2025-03-28,101.70845794677734,yahoo_live
2025-03-31,101.90534210205078,yahoo_live
2025-04-01,102.26958465576172,yahoo_live
2025-04-02,102.5048828125,yahoo_live
2025-04-03,102.49547576904297,yahoo_live
2025-04-04,102.38251495361328,yahoo_live
2025-04-07,100.38720703125,yahoo_live
2025-04-08,99.1166000366211,yahoo_live
2025-04-09,100.77308654785156,yahoo_live
2025-04-10,99.06012725830078,yahoo_live
2025-04-11,99.04129028320312,yahoo_live
2025-04-14,99.653076171875,yahoo_live
2025-04-15,100.18954467773438,yahoo_live
2025-04-16,100.61309814453125,yahoo_live
2025-04-17,100.47189331054688,yahoo_live
2025-04-21,99.38954162597656,yahoo_live
2025-04-22,99.6342544555664,yahoo_live
2025-04-23,100.07660675048828,yahoo_live
2025-04-24,101.10250091552734,yahoo_live
2025-04-25,101.63898468017578,yahoo_live
2025-04-28,101.87428283691406,yahoo_live
2025-04-29,102.10955810546875,yahoo_live
2025-04-30,101.62959289550781,yahoo_live
2025-05-01,101.27236938476562,yahoo_live
2025-05-02,101.02668762207031,yahoo_live
2025-05-05,100.88494110107422,yahoo_live
2025-05-06,101.08338928222656,yahoo_live
2025-05-07,101.29127502441406,yahoo_live
2025-05-08,100.7809829711914,yahoo_live
2025-05-09,100.74319458007812,yahoo_live
2025-05-12,100.72428894042969,yahoo_live
2025-05-13,100.80933380126953,yahoo_live
2025-05-14,100.29905700683594,yahoo_live
2025-05-15,101.0172348022461,yahoo_live
2025-05-16,101.20622253417969,yahoo_live
2025-05-19,101.2156753540039,yahoo_live
2025-05-20,100.969970703125,yahoo_live
2025-05-21,99.845458984375,yahoo_live
2025-05-22,100.35575866699219,yahoo_live
2025-05-23,100.43134307861328,yahoo_live
2025-05-27,101.33851623535156,yahoo_live
2025-05-28,101.09281158447266,yahoo_live
2025-05-29,101.54640197753906,yahoo_live
2025-05-30,101.83934783935547,yahoo_live
2025-06-02,101.551025390625,yahoo_live
2025-06-03,101.59844207763672,yahoo_live
2025-06-04,102.33824920654297,yahoo_live
2025-06-05,102.0252456665039,yahoo_live
2025-06-06,101.40876007080078,yahoo_live
2025-06-09,101.71227264404297,yahoo_live
2025-06-10,101.95884704589844,yahoo_live
2025-06-11,102.28133392333984,yahoo_live
2025-06-12,102.85041046142578,yahoo_live
2025-06-13,102.2339096069336,yahoo_live
2025-06-16,102.05372619628906,yahoo_live
2025-06-17,102.40462493896484,yahoo_live
2025-06-18,102.48051452636719,yahoo_live
2025-06-20,102.56587982177734,yahoo_live
2025-06-23,102.82195281982422,yahoo_live
2025-06-24,103.30565643310547,yahoo_live
2025-06-25,103.18238067626953,yahoo_live
2025-06-26,103.5617446899414,yahoo_live
2025-06-27,103.39102935791016,yahoo_live
2025-06-30,103.96009063720703,yahoo_live
2025-07-01,104.08574676513672,yahoo_live
2025-07-02,104.06669616699219,yahoo_live
2025-07-03,103.81919860839844,yahoo_live
2025-07-07,103.200439453125,yahoo_live
2025-07-08,102.90534210205078,yahoo_live
2025-07-09,103.49555206298828,yahoo_live
2025-07-10,103.51458740234375,yahoo_live
2025-07-11,102.88630676269531,yahoo_live
2025-07-14,102.85775756835938,yahoo_live
2025-07-15,102.48649597167969,yahoo_live
2025-07-16,102.64832305908203,yahoo_live
2025-07-17,102.89582061767578,yahoo_live
2025-07-18,103.08621978759766,yahoo_live
2025-07-21,103.48603820800781,yahoo_live
2025-07-22,103.7335433959961,yahoo_live
2025-07-23,103.57171630859375,yahoo_live
2025-07-24,103.41939544677734,yahoo_live
2025-07-25,103.75257110595703,yahoo_live
2025-07-28,103.54315185546875,yahoo_live
2025-07-29,104.22855377197266,yahoo_live
2025-07-30,103.83824920654297,yahoo_live
2025-07-31,103.8667984008789,yahoo_live
2025-08-01,104.78821563720703,yahoo_live
2025-08-04,104.96983337402344,yahoo_live
2025-08-05,105.04630279541016,yahoo_live
2025-08-06,105.01763153076172,yahoo_live
2025-08-07,104.9124755859375,yahoo_live
2025-08-08,104.57795715332031,yahoo_live
2025-08-11,104.74044799804688,yahoo_live
2025-08-12,104.83601379394531,yahoo_live
2025-08-13,105.39039611816406,yahoo_live
2025-08-14,105.02719116210938,yahoo_live
2025-08-15,104.89337921142578,yahoo_live
2025-08-18,104.70220184326172,yahoo_live
2025-08-19,104.86469268798828,yahoo_live
2025-08-20,104.9124755859375,yahoo_live
2025-08-21,104.51103210449219,yahoo_live
2025-08-22,105.33305358886719,yahoo_live
2025-08-25,105.05586242675781,yahoo_live
2025-08-26,105.13233184814453,yahoo_live
2025-08-27,105.17057037353516,yahoo_live
2025-08-28,105.33305358886719,yahoo_live
2025-08-29,104.95073699951172,yahoo_live
2025-09-02,104.59965515136719,yahoo_live
2025-09-03,105.22313690185547,yahoo_live
2025-09-04,105.94252014160156,yahoo_live
2025-09-05,106.63313293457031,yahoo_live
2025-09-08,107.0072250366211,yahoo_live
2025-09-09,106.81538391113281,yahoo_live
2025-09-10,107.13191986083984,yahoo_live
2025-09-11,107.63069915771484,yahoo_live
2025-09-12,107.43887329101562,yahoo_live
2025-09-15,107.77456665039062,yahoo_live
2025-09-16,107.67865753173828,yahoo_live
2025-09-17,107.48681640625,yahoo_live
2025-09-18,107.26619720458984,yahoo_live
2025-09-19,107.17988586425781,yahoo_live
2025-09-22,106.94007110595703,yahoo_live
2025-09-23,107.15111541748047,yahoo_live
2025-09-24,106.719482421875,yahoo_live
2025-09-25,106.52762603759766,yahoo_live
2025-09-26,106.67150115966797,yahoo_live
2025-09-29,107.02641296386719,yahoo_live
2025-09-30,106.92089080810547,yahoo_live
2025-10-01,107.35025787353516,yahoo_live
2025-10-02,107.52354431152344,yahoo_live
2025-10-03,107.3887710571289,yahoo_live
2025-10-06,107.04220581054688,yahoo_live
2025-10-07,107.24436950683594,yahoo_live
2025-10-08,107.1095962524414,yahoo_live
2025-10-09,106.89779663085938,yahoo_live
2025-10-10,107.19623565673828,yahoo_live
2025-10-13,107.56205749511719,yahoo_live
2025-10-14,107.91825103759766,yahoo_live
2025-10-15,107.91825103759766,yahoo_live
2025-10-16,108.22630310058594,yahoo_live
2025-10-17,108.01451873779297,yahoo_live
2025-10-20,108.34184265136719,yahoo_live
2025-10-21,108.36109161376953,yahoo_live
2025-10-22,108.46699523925781,yahoo_live
2025-10-23,108.33221435546875,yahoo_live
2025-10-24,108.51512145996094,yahoo_live
2025-10-27,108.69803619384766,yahoo_live
2025-10-28,108.70765686035156,yahoo_live
2025-10-29,108.0915298461914,yahoo_live
2025-10-30,107.513916015625,yahoo_live
2025-10-31,107.0807113647461,yahoo_live
2025-11-03,106.79277801513672,yahoo_live
2025-11-04,106.93771362304688,yahoo_live
2025-11-05,106.61885833740234,yahoo_live
2025-11-06,107.17926025390625,yahoo_live
2025-11-07,106.9666976928711,yahoo_live
2025-11-10,107.02466583251953,yahoo_live
2025-11-11,107.44979095458984,yahoo_live
2025-11-12,107.34351348876953,yahoo_live
2025-11-13,106.8121109008789,yahoo_live
2025-11-14,106.52224731445312,yahoo_live
2025-11-17,106.58988189697266,yahoo_live
2025-11-18,106.63819122314453,yahoo_live
2025-11-19,106.6478500366211,yahoo_live
2025-11-20,106.79277801513672,yahoo_live
2025-11-21,107.16960144042969,yahoo_live
2025-11-24,107.5947265625,yahoo_live
2025-11-25,107.89424133300781,yahoo_live
2025-11-26,108.26139068603516,yahoo_live
2025-11-28,108.07781219482422,yahoo_live
2025-12-01,107.49885559082031,yahoo_live
2025-12-02,107.56673431396484,yahoo_live
2025-12-03,107.80918884277344,yahoo_live
2025-12-04,107.615234375,yahoo_live
2025-12-05,107.5085678100586,yahoo_live
2025-12-08,107.28550720214844,yahoo_live
2025-12-09,107.14973449707031,yahoo_live
2025-12-10,107.6443099975586,yahoo_live
2025-12-11,107.4891586303711,yahoo_live
2025-12-12,106.83940887451172,yahoo_live
2025-12-15,106.96548461914062,yahoo_live
2025-12-16,107.20793914794922,yahoo_live
2025-12-17,107.09156036376953,yahoo_live
2025-12-18,107.49885559082031,yahoo_live
2025-12-19,107.22235870361328,yahoo_live
2025-12-22,107.202880859375,yahoo_live
2025-12-23,107.30998229980469,yahoo_live
2025-12-24,107.72862243652344,yahoo_live
2025-12-26,107.7188949584961,yahoo_live
2025-12-29,107.86493682861328,yahoo_live
2025-12-30,107.73837280273438,yahoo_live
2025-12-31,107.28077697753906,yahoo_live
2026-01-02,107.25157165527344,yahoo_live
2026-01-05,107.55338287353516,yahoo_live
2026-01-06,107.55338287353516,yahoo_live
2026-01-07,107.63127899169922,yahoo_live
2026-01-08,107.3294448852539,yahoo_live
2026-01-09,107.7188949584961,yahoo_live
2026-01-12,107.59233093261719,yahoo_live
2026-01-13,107.82599639892578,yahoo_live
2026-01-14,108.09859466552734,yahoo_live
2026-01-15,107.96228790283203,yahoo_live
2026-01-16,107.65074920654297,yahoo_live
2026-01-20,106.99842834472656,yahoo_live
2026-01-21,107.64100646972656,yahoo_live
2026-01-22,107.84546661376953,yahoo_live
2026-01-23,107.91360473632812,yahoo_live
2026-01-26,108.0012435913086,yahoo_live
2026-01-27,107.8843994140625,yahoo_live
2026-01-28,107.72862243652344,yahoo_live
2026-01-29,107.75784301757812,yahoo_live
2026-01-30,107.65074920654297,yahoo_live
2026-02-02,107.55105590820312,yahoo_live
2026-02-03,107.59992218017578,yahoo_live
2026-02-04,107.46311950683594,yahoo_live
2026-02-05,107.98101806640625,yahoo_live
2026-02-06,108.03966522216797,yahoo_live
2026-02-09,108.03966522216797,yahoo_live
2026-02-10,108.29373931884766,yahoo_live
2026-02-11,108.17646789550781,yahoo_live
2026-02-12,108.68462371826172,yahoo_live
2026-02-13,109.04618835449219,yahoo_live
2026-02-17,109.15367126464844,yahoo_live
2026-02-18,109.04618835449219,yahoo_live
2026-02-19,109.13414001464844,yahoo_live
2026-02-20,109.04618835449219,yahoo_live
2026-02-23,109.1634521484375,yahoo_live
2026-02-24,109.13414001464844,yahoo_live
2026-02-25,109.10481262207031,yahoo_live
2026-02-26,109.1732177734375,yahoo_live
2026-02-27,109.13414001464844,yahoo_live
2026-03-02,108.76445770263672,yahoo_live
2026-03-03,108.71542358398438,yahoo_live
2026-03-04,108.81349182128906,yahoo_live
2026-03-05,108.38203430175781,yahoo_live
2026-03-06,108.01924133300781,yahoo_live
2026-03-09,108.66639709472656,yahoo_live
2026-03-10,107.9211654663086,yahoo_live
2026-03-11,107.03866577148438,yahoo_live
2026-03-12,106.46012878417969,yahoo_live
2026-03-13,106.0678939819336,yahoo_live
2026-03-16,106.57778930664062,yahoo_live
2026-03-17,107.17593383789062,yahoo_live
2026-03-18,106.59740447998047,yahoo_live
2026-03-19,107.06806945800781,yahoo_live
2026-03-20,105.75411987304688,yahoo_live
2026-03-23,106.4503173828125,yahoo_live
2026-03-24,106.2345962524414,yahoo_live
2026-03-25,106.61701202392578,yahoo_live
2026-03-26,105.78352355957031,yahoo_live
2026-03-27,105.5285873413086,yahoo_live
2026-03-30,106.20516967773438,yahoo_live
2026-03-31,106.87196350097656,yahoo_live
2026-04-01,106.98617553710938,yahoo_live
2026-04-02,107.4390869140625,yahoo_live
2026-04-06,107.2717056274414,yahoo_live
2026-04-07,107.38985443115234,yahoo_live
2026-04-08,107.80339050292969,yahoo_live
2026-04-09,107.80339050292969,yahoo_live
2026-04-10,107.51785278320312,yahoo_live
2026-04-13,107.93138885498047,yahoo_live
2026-04-14,108.28585052490234,yahoo_live
2026-04-15,108.2464599609375,yahoo_live
2026-04-16,107.74430847167969,yahoo_live
2026-04-17,108.34490966796875,yahoo_live
2026-04-20,108.33507537841797,yahoo_live
2026-04-21,107.92153930664062,yahoo_live
2026-04-22,108.12831115722656,yahoo_live
2026-04-23,107.83292388916016,yahoo_live
2026-04-24,107.91169738769531,yahoo_live
2026-04-27,107.6064682006836,yahoo_live
2026-04-28,107.65570831298828,yahoo_live
2026-04-29,107.05509185791016,yahoo_live
2026-04-30,107.17324829101562,yahoo_live
2026-05-01,107.34622955322266,yahoo_live
2026-05-04,107.0002670288086,yahoo_live
2026-05-05,107.3956527709961,yahoo_live
2026-05-06,107.9294204711914,yahoo_live
2026-05-07,107.48461151123047,yahoo_live
2026-05-08,107.93930053710938,yahoo_live
2026-05-11,107.67242431640625,yahoo_live
2026-05-12,107.30668640136719,yahoo_live
2026-05-13,107.36600494384766,yahoo_live
2026-05-14,107.29681396484375,yahoo_live
2026-05-15,106.6147689819336,yahoo_live
2026-05-18,106.41708374023438,yahoo_live
2026-05-19,105.88331604003906,yahoo_live
2026-05-20,106.70372772216797,yahoo_live
2026-05-21,106.92119598388672,yahoo_live
2026-05-22,107.11888885498047,yahoo_live
2026-05-26,107.52415466308594,yahoo_live
2026-05-27,107.67242431640625,yahoo_live
2026-05-28,107.99861145019531,yahoo_live
2026-05-29,108.09745788574219,yahoo_live
2026-06-01,108.08058166503906,yahoo_live
2026-06-02,108.07066345214844,yahoo_live
2026-06-03,107.77300262451172,yahoo_live
2026-06-04,108.00120544433594,yahoo_live
2026-06-05,107.32650756835938,yahoo_live
2026-06-08,107.21736907958984,yahoo_live
2026-06-09,107.56464385986328,yahoo_live
2026-06-10,107.31659698486328,yahoo_live
2026-06-11,108.22941589355469,yahoo_live
2026-06-12,108.15995788574219,yahoo_live
2026-06-15,108.1401138305664,yahoo_live
2026-06-16,108.26910400390625,yahoo_live
2026-06-17,107.92182922363281,yahoo_live
2026-06-18,108.21949005126953,yahoo_live
2026-06-22,107.93175506591797,yahoo_live
2026-06-23,108.06073760986328,yahoo_live
2026-06-24,108.55684661865234,yahoo_live
2026-06-25,108.6461410522461,yahoo_live
2026-06-26,108.6461410522461,yahoo_live
2026-06-29,108.8445816040039,yahoo_live
2026-06-30,108.21949005126953,yahoo_live
2026-07-01,107.99246978759766,yahoo_live
2026-07-02,108.17169189453125,yahoo_live
2026-07-06,108.2015609741211,yahoo_live
2026-07-07,107.41497039794922,yahoo_live
2026-07-08,107.20587158203125,yahoo_live
2026-07-09,107.2457046508789,yahoo_live
2026-07-10,106.99678039550781,yahoo_live
2026-07-13,106.49893951416016,yahoo_live
2026-07-14,106.74785614013672,yahoo_live
2026-07-15,107.11626434326172,yahoo_live
2026-07-16,107.03660583496094,yahoo_live
2026-07-17,107.09635162353516,yahoo_live
2026-07-20,106.68811798095703,yahoo_live
2026-07-21,106.38941192626953,yahoo_live
2026-07-22,106.2101821899414,yahoo_live
2026-07-23,105.80195617675781,yahoo_live
2026-07-24,105.77208709716797,yahoo_live
2026-07-27,106.0508804321289,yahoo_live
2026-07-28,106.36949920654297,yahoo_live
2026-07-29,105.76213073730469,yahoo_live
2026-07-30,105.95130920410156,yahoo_live
2026-07-31,105.79199981689453,yahoo_live
2026-08-03,106.11000061035156,yahoo_live
2026-08-04,106.76000213623047,yahoo_live
2026-08-05,106.73999786376953,yahoo_live
2026-08-06,106.36000061035156,yahoo_live
2026-08-07,106.55000305175781,yahoo_live
2026-08-10,105.95999908447266,yahoo_live
2026-08-11,105.98999786376953,yahoo_live
2026-08-12,106.12000274658203,yahoo_live
2026-08-13,106.55000305175781,yahoo_live
2026-08-14,106.12000274658203,yahoo_live
2026-08-17,105.69999694824219,yahoo_live
2026-08-18,105.83999633789062,yahoo_live
2026-08-19,106.56999969482422,yahoo_live
