date,close,source
2015-01-02,169.68783569335938,yahoo_live
2015-01-05,166.6232452392578,yahoo_live
2015-01-06,165.05393981933594,yahoo_live
2015-01-07,167.11070251464844,yahoo_live
2015-01-08,170.07603454589844,yahoo_live
2015-01-09,168.71311950683594,yahoo_live
2015-01-12,167.39151000976562,yahoo_live
2015-01-13,166.92071533203125,yahoo_live
2015-01-14,165.9129180908203,yahoo_live
2015-01-15,164.39312744140625,yahoo_live
2015-01-16,166.54901123046875,yahoo_live
2015-01-20,166.90420532226562,yahoo_live
2015-01-21,167.74668884277344,yahoo_live
2015-01-22,170.2412872314453,yahoo_live
2015-01-23,169.30784606933594,yahoo_live
2015-01-26,169.70436096191406,yahoo_live
2015-01-27,167.4658660888672,yahoo_live
2015-01-28,165.3182373046875,yahoo_live
2015-01-29,166.8463897705078,yahoo_live
2015-01-30,164.74822998046875,yahoo_live
2015-02-02,166.78854370117188,yahoo_live
2015-02-03,169.2005157470703,yahoo_live
2015-02-04,168.5561981201172,yahoo_live
2015-02-05,170.2577362060547,yahoo_live
2015-02-06,169.7869873046875,yahoo_live
2015-02-09,169.02700805664062,yahoo_live
2015-02-10,170.8277130126953,yahoo_live
2015-02-11,170.92689514160156,yahoo_live
2015-02-12,172.57058715820312,yahoo_live
2015-02-13,173.28102111816406,yahoo_live
2015-02-17,173.55357360839844,yahoo_live
2015-02-18,173.57009887695312,yahoo_live
2015-02-19,173.44622802734375,yahoo_live
2015-02-20,174.48699951171875,yahoo_live
2015-02-23,174.4622039794922,yahoo_live
2015-02-24,174.95779418945312,yahoo_live
2015-02-25,174.8091278076172,yahoo_live
2015-02-26,174.6026611328125,yahoo_live
2015-02-27,174.00791931152344,yahoo_live
2015-03-02,175.1065216064453,yahoo_live
2015-03-03,174.38778686523438,yahoo_live
2015-03-04,173.65272521972656,yahoo_live
2015-03-05,173.8426971435547,yahoo_live
2015-03-06,171.39768981933594,yahoo_live
2015-03-09,172.10804748535156,yahoo_live
2015-03-10,169.31613159179688,yahoo_live
2015-03-11,168.91964721679688,yahoo_live
2015-03-12,171.06735229492188,yahoo_live
2015-03-13,170.0182647705078,yahoo_live
2015-03-16,172.28977966308594,yahoo_live
2015-03-17,171.77769470214844,yahoo_live
2015-03-18,173.8426971435547,yahoo_live
2015-03-19,173.0497283935547,yahoo_live
2015-03-20,174.57720947265625,yahoo_live
2015-03-23,174.2370147705078,yahoo_live
2015-03-24,173.2580108642578,yahoo_live
2015-03-25,170.71910095214844,yahoo_live
2015-03-26,170.31253051757812,yahoo_live
2015-03-27,170.7025909423828,yahoo_live
2015-03-30,172.7850341796875,yahoo_live
2015-03-31,171.27496337890625,yahoo_live
2015-04-01,170.66929626464844,yahoo_live
2015-04-02,171.28330993652344,yahoo_live
2015-04-06,172.4365997314453,yahoo_live
2015-04-07,171.98020935058594,yahoo_live
2015-04-08,172.56105041503906,yahoo_live
2015-04-09,173.32435607910156,yahoo_live
2015-04-10,174.27024841308594,yahoo_live
2015-04-13,173.4820098876953,yahoo_live
2015-04-14,173.8138885498047,yahoo_live
2015-04-15,174.5938262939453,yahoo_live
2015-04-16,174.5440216064453,yahoo_live
2015-04-17,172.53614807128906,yahoo_live
2015-04-20,174.11256408691406,yahoo_live
2015-04-21,173.90513610839844,yahoo_live
2015-04-22,174.75975036621094,yahoo_live
2015-04-23,175.19944763183594,yahoo_live
2015-04-24,175.60606384277344,yahoo_live
2015-04-27,174.8759002685547,yahoo_live
2015-04-28,175.4317626953125,yahoo_live
2015-04-29,174.70999145507812,yahoo_live
2015-04-30,172.95928955078125,yahoo_live
2015-05-01,174.8344268798828,yahoo_live
2015-05-04,175.33221435546875,yahoo_live
2015-05-05,173.32435607910156,yahoo_live
2015-05-06,172.61077880859375,yahoo_live
2015-05-07,173.2994384765625,yahoo_live
2015-05-08,175.58111572265625,yahoo_live
2015-05-11,174.7431182861328,yahoo_live
2015-05-12,174.22042846679688,yahoo_live
2015-05-13,174.25360107421875,yahoo_live
2015-05-14,176.0706787109375,yahoo_live
2015-05-15,176.261474609375,yahoo_live
2015-05-18,176.8091278076172,yahoo_live
2015-05-19,176.75100708007812,yahoo_live
2015-05-20,176.62655639648438,yahoo_live
2015-05-21,177.14096069335938,yahoo_live
2015-05-22,176.7178192138672,yahoo_live
2015-05-26,174.8178253173828,yahoo_live
2015-05-27,176.4772186279297,yahoo_live
2015-05-28,176.2781219482422,yahoo_live
2015-05-29,175.18289184570312,yahoo_live
2015-06-01,175.53965759277344,yahoo_live
2015-06-02,175.3654327392578,yahoo_live
2015-06-03,175.83004760742188,yahoo_live
2015-06-04,174.3449249267578,yahoo_live
2015-06-05,174.0462188720703,yahoo_live
2015-06-08,172.9759063720703,yahoo_live
2015-06-09,172.95098876953125,yahoo_live
2015-06-10,175.02523803710938,yahoo_live
2015-06-11,175.58941650390625,yahoo_live
2015-06-12,174.24530029296875,yahoo_live
2015-06-15,173.49859619140625,yahoo_live
2015-06-16,174.44442749023438,yahoo_live
2015-06-17,174.7265625,yahoo_live
2015-06-18,176.54360961914062,yahoo_live
2015-06-19,175.75994873046875,yahoo_live
2015-06-22,176.6602783203125,yahoo_live
2015-06-23,176.7853546142578,yahoo_live
2015-06-24,175.50140380859375,yahoo_live
2015-06-25,174.9678192138672,yahoo_live
2015-06-26,174.9344940185547,yahoo_live
2015-06-29,171.26602172851562,yahoo_live
2015-06-30,171.62454223632812,yahoo_live
2015-07-01,173.00022888183594,yahoo_live
2015-07-02,172.84176635742188,yahoo_live
2015-07-06,172.34988403320312,yahoo_live
2015-07-07,173.4337921142578,yahoo_live
2015-07-08,170.52403259277344,yahoo_live
2015-07-09,170.83250427246094,yahoo_live
2015-07-10,172.9835205078125,yahoo_live
2015-07-13,174.89279174804688,yahoo_live
2015-07-14,175.65147399902344,yahoo_live
2015-07-15,175.59315490722656,yahoo_live
2015-07-16,177.0021514892578,yahoo_live
2015-07-17,177.15223693847656,yahoo_live
2015-07-20,177.24388122558594,yahoo_live
2015-07-21,176.54359436035156,yahoo_live
2015-07-22,176.2267608642578,yahoo_live
2015-07-23,175.23460388183594,yahoo_live
2015-07-24,173.41708374023438,yahoo_live
2015-07-27,172.40823364257812,yahoo_live
2015-07-28,174.5259246826172,yahoo_live
2015-07-29,175.7265625,yahoo_live
2015-07-30,175.76820373535156,yahoo_live
2015-07-31,175.50140380859375,yahoo_live
2015-08-03,174.90943908691406,yahoo_live
2015-08-04,174.5676727294922,yahoo_live
2015-08-05,175.1428680419922,yahoo_live
2015-08-06,173.70884704589844,yahoo_live
2015-08-07,173.3754119873047,yahoo_live
2015-08-10,175.559814453125,yahoo_live
2015-08-11,173.9756622314453,yahoo_live
2015-08-12,174.18408203125,yahoo_live
2015-08-13,173.9673614501953,yahoo_live
2015-08-14,174.60101318359375,yahoo_live
2015-08-17,175.5764617919922,yahoo_live
2015-08-18,175.06784057617188,yahoo_live
2015-08-19,173.68385314941406,yahoo_live
2015-08-20,170.05714416503906,yahoo_live
2015-08-21,164.93798828125,yahoo_live
2015-08-24,157.9929962158203,yahoo_live
2015-08-25,156.13372802734375,yahoo_live
2015-08-26,162.12831115722656,yahoo_live
2015-08-27,166.1385955810547,yahoo_live
2015-08-28,166.14694213867188,yahoo_live
2015-08-31,164.80455017089844,yahoo_live
2015-09-01,159.88555908203125,yahoo_live
2015-09-02,162.9203338623047,yahoo_live
2015-09-03,163.03709411621094,yahoo_live
2015-09-04,160.5691680908203,yahoo_live
2015-09-08,164.6044921875,yahoo_live
2015-09-09,162.40345764160156,yahoo_live
2015-09-10,163.28720092773438,yahoo_live
2015-09-11,164.02920532226562,yahoo_live
2015-09-14,163.42054748535156,yahoo_live
2015-09-15,165.46322631835938,yahoo_live
2015-09-16,166.897216796875,yahoo_live
2015-09-17,166.5220947265625,yahoo_live
2015-09-18,163.8008270263672,yahoo_live
2015-09-21,164.6473388671875,yahoo_live
2015-09-22,162.51023864746094,yahoo_live
2015-09-23,162.25045776367188,yahoo_live
2015-09-24,161.66383361816406,yahoo_live
2015-09-25,161.62191772460938,yahoo_live
2015-09-28,157.5656280517578,yahoo_live
2015-09-29,157.6578369140625,yahoo_live
2015-09-30,160.59939575195312,yahoo_live
2015-10-01,161.0185089111328,yahoo_live
2015-10-02,163.42372131347656,yahoo_live
2015-10-05,166.33187866210938,yahoo_live
2015-10-06,165.76194763183594,yahoo_live
2015-10-07,167.1196746826172,yahoo_live
2015-10-08,168.62815856933594,yahoo_live
2015-10-09,168.7287139892578,yahoo_live
2015-10-12,168.8879852294922,yahoo_live
2015-10-13,167.8236083984375,yahoo_live
2015-10-14,167.01905822753906,yahoo_live
2015-10-15,169.58355712890625,yahoo_live
2015-10-16,170.35455322265625,yahoo_live
2015-10-19,170.43833923339844,yahoo_live
2015-10-20,170.22052001953125,yahoo_live
2015-10-21,169.16453552246094,yahoo_live
2015-10-22,172.02236938476562,yahoo_live
2015-10-23,173.90797424316406,yahoo_live
2015-10-26,173.48052978515625,yahoo_live
2015-10-27,173.1453857421875,yahoo_live
2015-10-28,175.11483764648438,yahoo_live
2015-10-29,175.0142822265625,yahoo_live
2015-10-30,174.25997924804688,yahoo_live
2015-11-02,176.3216552734375,yahoo_live
2015-11-03,176.83287048339844,yahoo_live
2015-11-04,176.29647827148438,yahoo_live
2015-11-05,176.1204833984375,yahoo_live
2015-11-06,176.0283203125,yahoo_live
2015-11-09,174.3856658935547,yahoo_live
2015-11-10,174.7879180908203,yahoo_live
2015-11-11,174.10072326660156,yahoo_live
2015-11-12,171.6703643798828,yahoo_live
2015-11-13,169.74278259277344,yahoo_live
2015-11-16,172.32406616210938,yahoo_live
2015-11-17,172.19837951660156,yahoo_live
2015-11-18,174.93038940429688,yahoo_live
2015-11-19,174.77960205078125,yahoo_live
2015-11-20,175.41651916503906,yahoo_live
2015-11-23,175.2154083251953,yahoo_live
2015-11-24,175.4500732421875,yahoo_live
2015-11-25,175.42494201660156,yahoo_live
2015-11-27,175.62603759765625,yahoo_live
2015-11-30,174.89695739746094,yahoo_live
2015-12-01,176.56463623046875,yahoo_live
2015-12-02,174.76284790039062,yahoo_live
2015-12-03,172.31565856933594,yahoo_live
2015-12-04,175.6763153076172,yahoo_live
2015-12-07,174.61195373535156,yahoo_live
2015-12-08,173.4386749267578,yahoo_live
2015-12-09,172.08935546875,yahoo_live
2015-12-10,172.53355407714844,yahoo_live
2015-12-11,169.18963623046875,yahoo_live
2015-12-14,170.04449462890625,yahoo_live
2015-12-15,171.82957458496094,yahoo_live
2015-12-16,174.3437957763672,yahoo_live
2015-12-17,171.68707275390625,yahoo_live
2015-12-18,168.6284637451172,yahoo_live
2015-12-21,170.01950073242188,yahoo_live
2015-12-22,171.5623779296875,yahoo_live
2015-12-23,173.68685913085938,yahoo_live
2015-12-24,173.4001922607422,yahoo_live
2015-12-28,173.00390625,yahoo_live
2015-12-29,174.85025024414062,yahoo_live
2015-12-30,173.61093139648438,yahoo_live
2015-12-31,171.87428283691406,yahoo_live
2016-01-04,169.47152709960938,yahoo_live
2016-01-05,169.7582244873047,yahoo_live
2016-01-06,167.6168212890625,yahoo_live
2016-01-07,163.5954132080078,yahoo_live
2016-01-08,161.7997283935547,yahoo_live
2016-01-11,161.95993041992188,yahoo_live
2016-01-12,163.26661682128906,yahoo_live
2016-01-13,159.1947021484375,yahoo_live
2016-01-14,161.80816650390625,yahoo_live
2016-01-15,158.334716796875,yahoo_live
2016-01-19,158.54550170898438,yahoo_live
2016-01-20,156.5137481689453,yahoo_live
2016-01-21,157.39056396484375,yahoo_live
2016-01-22,160.61952209472656,yahoo_live
2016-01-25,158.19143676757812,yahoo_live
2016-01-26,160.34967041015625,yahoo_live
2016-01-27,158.6045379638672,yahoo_live
2016-01-28,159.43077087402344,yahoo_live
2016-01-29,163.31719970703125,yahoo_live
2016-02-01,163.25814819335938,yahoo_live
2016-02-02,160.31600952148438,yahoo_live
2016-02-03,161.27706909179688,yahoo_live
2016-02-04,161.52992248535156,yahoo_live
2016-02-05,158.45278930664062,yahoo_live
2016-02-08,156.31982421875,yahoo_live
2016-02-09,156.32827758789062,yahoo_live
2016-02-10,156.19338989257812,yahoo_live
2016-02-11,154.16165161132812,yahoo_live
2016-02-12,157.33993530273438,yahoo_live
2016-02-16,159.99557495117188,yahoo_live
2016-02-17,162.6090850830078,yahoo_live
2016-02-18,161.94302368164062,yahoo_live
2016-02-19,161.86712646484375,yahoo_live
2016-02-22,164.21084594726562,yahoo_live
2016-02-23,162.13697814941406,yahoo_live
2016-02-24,162.8788299560547,yahoo_live
2016-02-25,164.8515625,yahoo_live
2016-02-26,164.47222900390625,yahoo_live
2016-02-29,163.1823272705078,yahoo_live
2016-03-01,167.0182647705078,yahoo_live
2016-03-02,167.76858520507812,yahoo_live
2016-03-03,168.42616271972656,yahoo_live
2016-03-04,168.97412109375,yahoo_live
2016-03-07,169.10903930664062,yahoo_live
2016-03-08,167.26272583007812,yahoo_live
2016-03-09,168.08892822265625,yahoo_live
2016-03-10,168.22381591796875,yahoo_live
2016-03-11,170.93846130371094,yahoo_live
2016-03-14,170.71932983398438,yahoo_live
2016-03-15,170.44107055664062,yahoo_live
2016-03-16,171.42742919921875,yahoo_live
2016-03-17,172.5149688720703,yahoo_live
2016-03-18,173.19297790527344,yahoo_live
2016-03-21,173.4386444091797,yahoo_live
2016-03-22,173.34542846679688,yahoo_live
2016-03-23,172.20147705078125,yahoo_live
2016-03-24,172.1251678466797,yahoo_live
2016-03-28,172.22689819335938,yahoo_live
2016-03-29,173.8199920654297,yahoo_live
2016-03-30,174.5826416015625,yahoo_live
2016-03-31,174.15896606445312,yahoo_live
2016-04-01,175.34530639648438,yahoo_live
2016-04-04,174.77757263183594,yahoo_live
2016-04-05,173.0319061279297,yahoo_live
2016-04-06,174.92164611816406,yahoo_live
2016-04-07,172.82852172851562,yahoo_live
2016-04-08,173.2946319580078,yahoo_live
2016-04-11,172.88784790039062,yahoo_live
2016-04-12,174.4979705810547,yahoo_live
2016-04-13,176.2605438232422,yahoo_live
2016-04-14,176.2689971923828,yahoo_live
2016-04-15,176.07408142089844,yahoo_live
2016-04-18,177.31130981445312,yahoo_live
2016-04-19,177.87060546875,yahoo_live
2016-04-20,178.0400390625,yahoo_live
2016-04-21,177.08253479003906,yahoo_live
2016-04-22,177.08253479003906,yahoo_live
2016-04-25,176.77743530273438,yahoo_live
2016-04-26,177.0400848388672,yahoo_live
2016-04-27,177.404541015625,yahoo_live
2016-04-28,175.79443359375,yahoo_live
2016-04-29,174.8453826904297,yahoo_live
2016-05-02,176.23509216308594,yahoo_live
2016-05-03,174.7012481689453,yahoo_live
2016-05-04,173.7267608642578,yahoo_live
2016-05-05,173.69293212890625,yahoo_live
2016-05-06,174.32847595214844,yahoo_live
2016-05-09,174.47247314453125,yahoo_live
2016-05-10,176.64186096191406,yahoo_live
2016-05-11,174.98941040039062,yahoo_live
2016-05-12,175.04026794433594,yahoo_live
2016-05-13,173.5149383544922,yahoo_live
2016-05-16,175.22665405273438,yahoo_live
2016-05-17,173.59120178222656,yahoo_live
2016-05-18,173.6420135498047,yahoo_live
2016-05-19,173.04037475585938,yahoo_live
2016-05-20,174.13356018066406,yahoo_live
2016-05-23,173.89627075195312,yahoo_live
2016-05-24,176.1503448486328,yahoo_live
2016-05-25,177.34521484375,yahoo_live
2016-05-26,177.39605712890625,yahoo_live
2016-05-27,178.15870666503906,yahoo_live
2016-05-31,177.8197784423828,yahoo_live
2016-06-01,178.18414306640625,yahoo_live
2016-06-02,178.72645568847656,yahoo_live
2016-06-03,178.1925811767578,yahoo_live
2016-06-06,179.0993194580078,yahoo_live
2016-06-07,179.37899780273438,yahoo_live
2016-06-08,179.96371459960938,yahoo_live
2016-06-09,179.71792602539062,yahoo_live
2016-06-10,178.01463317871094,yahoo_live
2016-06-13,176.64186096191406,yahoo_live
2016-06-14,176.29440307617188,yahoo_live
2016-06-15,176.0487060546875,yahoo_live
2016-06-16,176.57408142089844,yahoo_live
2016-06-17,175.9164581298828,yahoo_live
2016-06-20,177.0493927001953,yahoo_live
2016-06-21,177.5519256591797,yahoo_live
2016-06-22,177.26231384277344,yahoo_live
2016-06-23,179.57078552246094,yahoo_live
2016-06-24,173.12254333496094,yahoo_live
2016-06-27,170.0219268798828,yahoo_live
2016-06-28,173.0884552001953,yahoo_live
2016-06-29,176.03573608398438,yahoo_live
2016-06-30,178.4378204345703,yahoo_live
2016-07-01,178.81263732910156,yahoo_live
2016-07-05,177.52642822265625,yahoo_live
2016-07-06,178.59115600585938,yahoo_live
2016-07-07,178.48045349121094,yahoo_live
2016-07-08,181.13807678222656,yahoo_live
2016-07-11,181.7769012451172,yahoo_live
2016-07-12,183.09725952148438,yahoo_live
2016-07-13,183.07167053222656,yahoo_live
2016-07-14,184.09388732910156,yahoo_live
2016-07-15,183.8468475341797,yahoo_live
2016-07-18,184.3408966064453,yahoo_live
2016-07-19,184.15347290039062,yahoo_live
2016-07-20,184.92015075683594,yahoo_live
2016-07-21,184.22164916992188,yahoo_live
2016-07-22,185.0478973388672,yahoo_live
2016-07-25,184.54531860351562,yahoo_live
2016-07-26,184.63050842285156,yahoo_live
2016-07-27,184.4346160888672,yahoo_live
2016-07-28,184.6475830078125,yahoo_live
2016-07-29,184.9456329345703,yahoo_live
2016-08-01,184.79238891601562,yahoo_live
2016-08-02,183.6083526611328,yahoo_live
2016-08-03,184.1449737548828,yahoo_live
2016-08-04,184.3408966064453,yahoo_live
2016-08-05,185.84857177734375,yahoo_live
2016-08-08,185.7378692626953,yahoo_live
2016-08-09,185.84857177734375,yahoo_live
2016-08-10,185.3885955810547,yahoo_live
2016-08-11,186.2489776611328,yahoo_live
2016-08-12,186.08709716796875,yahoo_live
2016-08-15,186.623779296875,yahoo_live
2016-08-16,185.66122436523438,yahoo_live
2016-08-17,186.0104522705078,yahoo_live
2016-08-18,186.4278564453125,yahoo_live
2016-08-19,186.1552276611328,yahoo_live
2016-08-22,186.146728515625,yahoo_live
2016-08-23,186.52154541015625,yahoo_live
2016-08-24,185.56753540039062,yahoo_live
2016-08-25,185.43972778320312,yahoo_live
2016-08-26,185.09051513671875,yahoo_live
2016-08-29,186.00192260742188,yahoo_live
2016-08-30,185.6952667236328,yahoo_live
2016-08-31,185.1671600341797,yahoo_live
2016-09-01,185.1756591796875,yahoo_live
2016-09-02,186.0104522705078,yahoo_live
2016-09-06,186.57264709472656,yahoo_live
2016-09-07,186.5556182861328,yahoo_live
2016-09-08,186.1297149658203,yahoo_live
2016-09-09,181.67474365234375,yahoo_live
2016-09-12,184.28126525878906,yahoo_live
2016-09-13,181.63217163085938,yahoo_live
2016-09-14,181.56398010253906,yahoo_live
2016-09-15,183.3783721923828,yahoo_live
2016-09-16,182.66946411132812,yahoo_live
2016-09-19,182.70372009277344,yahoo_live
2016-09-20,182.71231079101562,yahoo_live
2016-09-21,184.7669677734375,yahoo_live
2016-09-22,185.93130493164062,yahoo_live
2016-09-23,184.91249084472656,yahoo_live
2016-09-26,183.41432189941406,yahoo_live
2016-09-27,184.5529327392578,yahoo_live
2016-09-28,185.468994140625,yahoo_live
2016-09-29,183.79103088378906,yahoo_live
2016-09-30,185.17788696289062,yahoo_live
2016-10-03,184.73275756835938,yahoo_live
2016-10-04,183.79103088378906,yahoo_live
2016-10-05,184.6043243408203,yahoo_live
2016-10-06,184.73275756835938,yahoo_live
2016-10-07,184.09921264648438,yahoo_live
2016-10-10,185.05804443359375,yahoo_live
2016-10-11,182.7208251953125,yahoo_live
2016-10-12,182.9605255126953,yahoo_live
2016-10-13,182.3612518310547,yahoo_live
2016-10-14,182.45545959472656,yahoo_live
2016-10-17,181.82192993164062,yahoo_live
2016-10-18,182.9605255126953,yahoo_live
2016-10-19,183.44854736328125,yahoo_live
2016-10-20,183.10606384277344,yahoo_live
2016-10-21,183.19171142578125,yahoo_live
2016-10-24,183.97076416015625,yahoo_live
2016-10-25,183.35438537597656,yahoo_live
2016-10-26,182.98626708984375,yahoo_live
2016-10-27,182.4982452392578,yahoo_live
2016-10-28,181.95895385742188,yahoo_live
2016-10-31,181.9674530029297,yahoo_live
2016-11-01,180.64903259277344,yahoo_live
2016-11-02,179.56179809570312,yahoo_live
2016-11-03,178.7399139404297,yahoo_live
2016-11-04,178.54298400878906,yahoo_live
2016-11-07,182.48110961914062,yahoo_live
2016-11-08,183.30299377441406,yahoo_live
2016-11-09,185.24639892578125,yahoo_live
2016-11-10,185.7086639404297,yahoo_live
2016-11-11,185.2806396484375,yahoo_live
2016-11-14,185.42617797851562,yahoo_live
2016-11-15,186.87301635742188,yahoo_live
2016-11-16,186.52197265625,yahoo_live
2016-11-17,187.48085021972656,yahoo_live
2016-11-18,187.0613555908203,yahoo_live
2016-11-21,188.4739532470703,yahoo_live
2016-11-22,188.84201049804688,yahoo_live
2016-11-23,188.94482421875,yahoo_live
2016-11-25,189.64683532714844,yahoo_live
2016-11-28,188.7564697265625,yahoo_live
2016-11-29,189.1245880126953,yahoo_live
2016-11-30,188.67083740234375,yahoo_live
2016-12-01,187.97744750976562,yahoo_live
2016-12-02,188.07159423828125,yahoo_live
2016-12-05,189.20166015625,yahoo_live
2016-12-06,189.80093383789062,yahoo_live
2016-12-07,192.28367614746094,yahoo_live
2016-12-08,192.75448608398438,yahoo_live
2016-12-09,193.91885375976562,yahoo_live
2016-12-12,193.69625854492188,yahoo_live
2016-12-13,194.98895263671875,yahoo_live
2016-12-14,193.37950134277344,yahoo_live
2016-12-15,194.17567443847656,yahoo_live
2016-12-16,193.79591369628906,yahoo_live
2016-12-19,194.2178955078125,yahoo_live
2016-12-20,194.96710205078125,yahoo_live
2016-12-21,194.42457580566406,yahoo_live
2016-12-22,194.0887451171875,yahoo_live
2016-12-23,194.3729248046875,yahoo_live
2016-12-27,194.85516357421875,yahoo_live
2016-12-28,193.24476623535156,yahoo_live
2016-12-29,193.20166015625,yahoo_live
2016-12-30,192.4955291748047,yahoo_live
2017-01-03,193.96817016601562,yahoo_live
2017-01-04,195.1221160888672,yahoo_live
2017-01-05,194.96710205078125,yahoo_live
2017-01-06,195.6645965576172,yahoo_live
2017-01-09,195.018798828125,yahoo_live
2017-01-10,195.018798828125,yahoo_live
2017-01-11,195.56991577148438,yahoo_live
2017-01-12,195.0790252685547,yahoo_live
2017-01-13,195.5267791748047,yahoo_live
2017-01-17,194.83790588378906,yahoo_live
2017-01-18,195.26846313476562,yahoo_live
2017-01-19,194.54513549804688,yahoo_live
2017-01-20,195.25990295410156,yahoo_live
2017-01-23,194.75181579589844,yahoo_live
2017-01-24,196.00048828125,yahoo_live
2017-01-25,197.6969757080078,yahoo_live
2017-01-26,197.49029541015625,yahoo_live
2017-01-27,197.1802520751953,yahoo_live
2017-01-30,195.95742797851562,yahoo_live
2017-01-31,195.94015502929688,yahoo_live
2017-02-01,196.01771545410156,yahoo_live
2017-02-02,196.1468963623047,yahoo_live
2017-02-03,197.4989013671875,yahoo_live
2017-02-06,197.1458740234375,yahoo_live
2017-02-07,197.15444946289062,yahoo_live
2017-02-08,197.41281127929688,yahoo_live
2017-02-09,198.5840301513672,yahoo_live
2017-02-10,199.36767578125,yahoo_live
2017-02-13,200.4527130126953,yahoo_live
2017-02-14,201.25355529785156,yahoo_live
2017-02-15,202.30421447753906,yahoo_live
2017-02-16,202.13198852539062,yahoo_live
2017-02-17,202.4506072998047,yahoo_live
2017-02-21,203.65621948242188,yahoo_live
2017-02-22,203.475341796875,yahoo_live
2017-02-23,203.61318969726562,yahoo_live
2017-02-24,203.8715057373047,yahoo_live
2017-02-27,204.19012451171875,yahoo_live
2017-02-28,203.63897705078125,yahoo_live
2017-03-01,206.4894561767578,yahoo_live
2017-03-02,205.18907165527344,yahoo_live
2017-03-03,205.31826782226562,yahoo_live
2017-03-06,204.70681762695312,yahoo_live
2017-03-07,204.0954132080078,yahoo_live
2017-03-08,203.71649169921875,yahoo_live
2017-03-09,203.97486877441406,yahoo_live
2017-03-10,204.6896209716797,yahoo_live
2017-03-13,204.7930450439453,yahoo_live
2017-03-14,204.0093231201172,yahoo_live
2017-03-15,205.774658203125,yahoo_live
2017-03-16,205.36988830566406,yahoo_live
2017-03-17,205.00927734375,yahoo_live
2017-03-20,204.78439331054688,yahoo_live
2017-03-21,202.15499877929688,yahoo_live
2017-03-22,202.6307373046875,yahoo_live
2017-03-23,202.41452026367188,yahoo_live
2017-03-24,202.26751708984375,yahoo_live
2017-03-27,202.05992126464844,yahoo_live
2017-03-28,203.53030395507812,yahoo_live
2017-03-29,203.72052001953125,yahoo_live
2017-03-30,204.36923217773438,yahoo_live
2017-03-31,203.8935089111328,yahoo_live
2017-04-03,203.53892517089844,yahoo_live
2017-04-04,203.66860961914062,yahoo_live
2017-04-05,203.06321716308594,yahoo_live
2017-04-06,203.63406372070312,yahoo_live
2017-04-07,203.4264678955078,yahoo_live
2017-04-10,203.54757690429688,yahoo_live
2017-04-11,203.30540466308594,yahoo_live
2017-04-12,202.41452026367188,yahoo_live
2017-04-13,201.0998992919922,yahoo_live
2017-04-17,202.881591796875,yahoo_live
2017-04-18,202.27610778808594,yahoo_live
2017-04-19,201.9042510986328,yahoo_live
2017-04-20,203.54757690429688,yahoo_live
2017-04-21,202.8988800048828,yahoo_live
2017-04-24,205.13034057617188,yahoo_live
2017-04-25,206.32394409179688,yahoo_live
2017-04-26,206.1941680908203,yahoo_live
2017-04-27,206.3671417236328,yahoo_live
2017-04-28,205.91738891601562,yahoo_live
2017-05-01,206.43634033203125,yahoo_live
2017-05-02,206.5142364501953,yahoo_live
2017-05-03,206.26332092285156,yahoo_live
2017-05-04,206.5054931640625,yahoo_live
2017-05-05,207.31858825683594,yahoo_live
2017-05-08,207.28395080566406,yahoo_live
2017-05-09,207.09365844726562,yahoo_live
2017-05-10,207.465576171875,yahoo_live
2017-05-11,207.0417938232422,yahoo_live
2017-05-12,206.6958465576172,yahoo_live
2017-05-15,207.83755493164062,yahoo_live
2017-05-16,207.64724731445312,yahoo_live
2017-05-17,203.96273803710938,yahoo_live
2017-05-18,204.78439331054688,yahoo_live
2017-05-19,206.11634826660156,yahoo_live
2017-05-22,207.1628875732422,yahoo_live
2017-05-23,207.62130737304688,yahoo_live
2017-05-24,208.10562133789062,yahoo_live
2017-05-25,209.10028076171875,yahoo_live
2017-05-26,209.0570526123047,yahoo_live
2017-05-30,208.8754425048828,yahoo_live
2017-05-31,208.82351684570312,yahoo_live
2017-06-01,210.48411560058594,yahoo_live
2017-06-02,211.18467712402344,yahoo_live
2017-06-05,211.0290069580078,yahoo_live
2017-06-06,210.35438537597656,yahoo_live
2017-06-07,210.7436065673828,yahoo_live
2017-06-08,210.847412109375,yahoo_live
2017-06-09,210.52735900878906,yahoo_live
2017-06-12,210.48411560058594,yahoo_live
2017-06-13,211.5133819580078,yahoo_live
2017-06-14,211.24530029296875,yahoo_live
2017-06-15,210.83880615234375,yahoo_live
2017-06-16,210.88487243652344,yahoo_live
2017-06-19,212.64047241210938,yahoo_live
2017-06-20,211.2063751220703,yahoo_live
2017-06-21,211.1542510986328,yahoo_live
2017-06-22,211.0586395263672,yahoo_live
2017-06-23,211.31065368652344,yahoo_live
2017-06-26,211.44976806640625,yahoo_live
2017-06-27,209.7462615966797,yahoo_live
2017-06-28,211.6235809326172,yahoo_live
2017-06-29,209.76364135742188,yahoo_live
2017-06-30,210.15476989746094,yahoo_live
2017-07-03,210.5110626220703,yahoo_live
2017-07-05,210.9977569580078,yahoo_live
2017-07-06,209.06832885742188,yahoo_live
2017-07-07,210.42413330078125,yahoo_live
2017-07-10,210.65017700195312,yahoo_live
2017-07-11,210.49371337890625,yahoo_live
2017-07-12,212.07550048828125,yahoo_live
2017-07-13,212.43185424804688,yahoo_live
2017-07-14,213.4226531982422,yahoo_live
2017-07-17,213.39659118652344,yahoo_live
2017-07-18,213.5095977783203,yahoo_live
2017-07-19,214.66555786132812,yahoo_live
2017-07-20,214.76112365722656,yahoo_live
2017-07-21,214.5698699951172,yahoo_live
2017-07-24,214.51773071289062,yahoo_live
2017-07-25,215.0392303466797,yahoo_live
2017-07-26,215.04791259765625,yahoo_live
2017-07-27,214.84800720214844,yahoo_live
2017-07-28,214.5959930419922,yahoo_live
2017-07-31,214.4743194580078,yahoo_live
2017-08-01,214.9523468017578,yahoo_live
2017-08-02,215.056640625,yahoo_live
2017-08-03,214.63941955566406,yahoo_live
2017-08-04,215.0305938720703,yahoo_live
2017-08-07,215.4303741455078,yahoo_live
2017-08-08,214.900146484375,yahoo_live
2017-08-09,214.89149475097656,yahoo_live
2017-08-10,211.85824584960938,yahoo_live
2017-08-11,212.1710968017578,yahoo_live
2017-08-14,214.2743682861328,yahoo_live
2017-08-15,214.24835205078125,yahoo_live
2017-08-16,214.62208557128906,yahoo_live
2017-08-17,211.27587890625,yahoo_live
2017-08-18,210.94561767578125,yahoo_live
2017-08-21,211.1107940673828,yahoo_live
2017-08-22,213.318359375,yahoo_live
2017-08-23,212.55357360839844,yahoo_live
2017-08-24,212.05810546875,yahoo_live
2017-08-25,212.55357360839844,yahoo_live
2017-08-28,212.562255859375,yahoo_live
2017-08-29,212.8055877685547,yahoo_live
2017-08-30,213.8137969970703,yahoo_live
2017-08-31,215.10008239746094,yahoo_live
2017-09-01,215.4042510986328,yahoo_live
2017-09-05,213.857177734375,yahoo_live
2017-09-06,214.58726501464844,yahoo_live
2017-09-07,214.5612030029297,yahoo_live
2017-09-08,214.3091583251953,yahoo_live
2017-09-11,216.594970703125,yahoo_live
2017-09-12,217.32501220703125,yahoo_live
2017-09-13,217.42930603027344,yahoo_live
2017-09-14,217.35980224609375,yahoo_live
2017-09-15,217.65240478515625,yahoo_live
2017-09-18,218.11532592773438,yahoo_live
2017-09-19,218.3336944580078,yahoo_live
2017-09-20,218.41232299804688,yahoo_live
2017-09-21,217.82711791992188,yahoo_live
2017-09-22,217.87075805664062,yahoo_live
2017-09-25,217.42530822753906,yahoo_live
2017-09-26,217.55633544921875,yahoo_live
2017-09-27,218.40354919433594,yahoo_live
2017-09-28,218.66561889648438,yahoo_live
2017-09-29,219.43423461914062,yahoo_live
2017-10-02,220.38629150390625,yahoo_live
2017-10-03,220.85791015625,yahoo_live
2017-10-04,221.11993408203125,yahoo_live
2017-10-05,222.4301300048828,yahoo_live
2017-10-06,222.17681884765625,yahoo_live
2017-10-09,221.80996704101562,yahoo_live
2017-10-10,222.39520263671875,yahoo_live
2017-10-11,222.74453735351562,yahoo_live
2017-10-12,222.4126434326172,yahoo_live
2017-10-13,222.68344116210938,yahoo_live
2017-10-16,222.9803924560547,yahoo_live
2017-10-17,223.1376190185547,yahoo_live
2017-10-18,223.35601806640625,yahoo_live
2017-10-19,223.4171142578125,yahoo_live
2017-10-20,224.570068359375,yahoo_live
2017-10-23,223.69662475585938,yahoo_live
2017-10-24,224.08966064453125,yahoo_live
2017-10-25,222.9803924560547,yahoo_live
2017-10-26,223.26866149902344,yahoo_live
2017-10-27,225.0940704345703,yahoo_live
2017-10-30,224.25559997558594,yahoo_live
2017-10-31,224.60498046875,yahoo_live
2017-11-01,224.9019317626953,yahoo_live
2017-11-02,224.98931884765625,yahoo_live
2017-11-03,225.74049377441406,yahoo_live
2017-11-06,226.08984375,yahoo_live
2017-11-07,225.93263244628906,yahoo_live
2017-11-08,226.31692504882812,yahoo_live
2017-11-09,225.4959259033203,yahoo_live
2017-11-10,225.42601013183594,yahoo_live
2017-11-13,225.63568115234375,yahoo_live
2017-11-14,225.1116180419922,yahoo_live
2017-11-15,223.98486328125,yahoo_live
2017-11-16,225.88894653320312,yahoo_live
2017-11-17,225.22515869140625,yahoo_live
2017-11-20,225.6094512939453,yahoo_live
2017-11-21,227.0855712890625,yahoo_live
2017-11-22,226.88462829589844,yahoo_live
2017-11-24,227.4087371826172,yahoo_live
2017-11-27,227.295166015625,yahoo_live
2017-11-28,229.60104370117188,yahoo_live
2017-11-29,229.46131896972656,yahoo_live
2017-11-30,231.47024536132812,yahoo_live
2017-12-01,230.9898223876953,yahoo_live
2017-12-04,230.71034240722656,yahoo_live
2017-12-05,229.88055419921875,yahoo_live
2017-12-06,229.92422485351562,yahoo_live
2017-12-07,230.64927673339844,yahoo_live
2017-12-08,231.90696716308594,yahoo_live
2017-12-11,232.60568237304688,yahoo_live
2017-12-12,233.01620483398438,yahoo_live
2017-12-13,232.98997497558594,yahoo_live
2017-12-14,232.03793334960938,yahoo_live
2017-12-15,233.97030639648438,yahoo_live
2017-12-18,235.45388793945312,yahoo_live
2017-12-19,234.54971313476562,yahoo_live
2017-12-20,234.42677307128906,yahoo_live
2017-12-21,234.90956115722656,yahoo_live
2017-12-22,234.8481903076172,yahoo_live
2017-12-26,234.56719970703125,yahoo_live
2017-12-27,234.68133544921875,yahoo_live
2017-12-28,235.1641845703125,yahoo_live
2017-12-29,234.2774658203125,yahoo_live
2018-01-02,235.95425415039062,yahoo_live
2018-01-03,237.4467315673828,yahoo_live
2018-01-04,238.44754028320312,yahoo_live
2018-01-05,240.03659057617188,yahoo_live
2018-01-08,240.47547912597656,yahoo_live
2018-01-09,241.01979064941406,yahoo_live
2018-01-10,240.65103149414062,yahoo_live
2018-01-11,242.4069061279297,yahoo_live
2018-01-12,243.98715209960938,yahoo_live
2018-01-16,243.1531219482422,yahoo_live
2018-01-17,245.47071838378906,yahoo_live
2018-01-18,245.05812072753906,yahoo_live
2018-01-19,246.17312622070312,yahoo_live
2018-01-22,248.1747283935547,yahoo_live
2018-01-23,248.70147705078125,yahoo_live
2018-01-24,248.60488891601562,yahoo_live
2018-01-25,248.71022033691406,yahoo_live
2018-01-26,251.5897674560547,yahoo_live
2018-01-29,249.92176818847656,yahoo_live
2018-01-30,247.35830688476562,yahoo_live
2018-01-31,247.4811248779297,yahoo_live
2018-02-01,247.20025634765625,yahoo_live
2018-02-02,241.8187713623047,yahoo_live
2018-02-05,231.70523071289062,yahoo_live
2018-02-06,236.2703094482422,yahoo_live
2018-02-07,234.98854064941406,yahoo_live
2018-02-08,226.1745147705078,yahoo_live
2018-02-09,229.5719757080078,yahoo_live
2018-02-12,232.94308471679688,yahoo_live
2018-02-13,233.5225067138672,yahoo_live
2018-02-14,236.6742401123047,yahoo_live
2018-02-15,239.6941680908203,yahoo_live
2018-02-16,239.76437377929688,yahoo_live
2018-02-20,238.26321411132812,yahoo_live
2018-02-21,237.07797241210938,yahoo_live
2018-02-22,237.3852081298828,yahoo_live
2018-02-23,241.16900634765625,yahoo_live
2018-02-26,243.96958923339844,yahoo_live
2018-02-27,240.92324829101562,yahoo_live
2018-02-28,238.4826202392578,yahoo_live
2018-03-01,235.0149383544922,yahoo_live
2018-03-02,236.22650146484375,yahoo_live
2018-03-05,238.95675659179688,yahoo_live
2018-03-06,239.56251525878906,yahoo_live
2018-03-07,239.4747314453125,yahoo_live
2018-03-08,240.6334686279297,yahoo_live
2018-03-09,244.821044921875,yahoo_live
2018-03-12,244.5137481689453,yahoo_live
2018-03-13,242.93360900878906,yahoo_live
2018-03-14,241.68702697753906,yahoo_live
2018-03-15,241.423583984375,yahoo_live
2018-03-16,241.68544006347656,yahoo_live
2018-03-19,238.4153289794922,yahoo_live
2018-03-20,238.82080078125,yahoo_live
2018-03-21,238.36244201660156,yahoo_live
2018-03-22,232.4040985107422,yahoo_live
2018-03-23,227.4504852294922,yahoo_live
2018-03-26,233.67330932617188,yahoo_live
2018-03-27,229.69810485839844,yahoo_live
2018-03-28,229.01937866210938,yahoo_live
2018-03-29,231.94570922851562,yahoo_live
2018-04-02,226.93927001953125,yahoo_live
2018-04-03,229.8479461669922,yahoo_live
2018-04-04,232.30714416503906,yahoo_live
2018-04-05,234.14048767089844,yahoo_live
2018-04-06,228.92242431640625,yahoo_live
2018-04-09,230.0507049560547,yahoo_live
2018-04-10,233.70855712890625,yahoo_live
2018-04-11,232.4833984375,yahoo_live
2018-04-12,234.39605712890625,yahoo_live
2018-04-13,233.70855712890625,yahoo_live
2018-04-16,235.62998962402344,yahoo_live
2018-04-17,238.15093994140625,yahoo_live
2018-04-18,238.32717895507812,yahoo_live
2018-04-19,237.005126953125,yahoo_live
2018-04-20,234.9954376220703,yahoo_live
2018-04-23,234.960205078125,yahoo_live
2018-04-24,231.79591369628906,yahoo_live
2018-04-25,232.36883544921875,yahoo_live
2018-04-26,234.73101806640625,yahoo_live
2018-04-27,234.951416015625,yahoo_live
2018-04-30,233.14443969726562,yahoo_live
2018-05-01,233.5587158203125,yahoo_live
2018-05-02,231.9898223876953,yahoo_live
2018-05-03,231.47860717773438,yahoo_live
2018-05-04,234.47540283203125,yahoo_live
2018-05-07,235.26873779296875,yahoo_live
2018-05-08,235.26873779296875,yahoo_live
2018-05-09,237.54273986816406,yahoo_live
2018-05-10,239.76394653320312,yahoo_live
2018-05-11,240.4954833984375,yahoo_live
2018-05-14,240.61009216308594,yahoo_live
2018-05-15,238.9530487060547,yahoo_live
2018-05-16,239.95785522460938,yahoo_live
2018-05-17,239.75509643554688,yahoo_live
2018-05-18,239.15579223632812,yahoo_live
2018-05-21,240.953857421875,yahoo_live
2018-05-22,240.28396606445312,yahoo_live
2018-05-23,240.94500732421875,yahoo_live
2018-05-24,240.45143127441406,yahoo_live
2018-05-25,239.8785858154297,yahoo_live
2018-05-29,237.11968994140625,yahoo_live
2018-05-30,240.28396606445312,yahoo_live
2018-05-31,238.81198120117188,yahoo_live
2018-06-01,241.15652465820312,yahoo_live
2018-06-04,242.3024444580078,yahoo_live
2018-06-05,242.47872924804688,yahoo_live
2018-06-06,244.50596618652344,yahoo_live
2018-06-07,244.4795379638672,yahoo_live
2018-06-08,245.2022247314453,yahoo_live
2018-06-11,245.52842712402344,yahoo_live
2018-06-12,245.845703125,yahoo_live
2018-06-13,245.06129455566406,yahoo_live
2018-06-14,245.67825317382812,yahoo_live
2018-06-15,245.36485290527344,yahoo_live
2018-06-18,244.8601531982422,yahoo_live
2018-06-19,243.92169189453125,yahoo_live
2018-06-20,244.3378143310547,yahoo_live
2018-06-21,242.8060760498047,yahoo_live
2018-06-22,243.248779296875,yahoo_live
2018-06-25,239.93746948242188,yahoo_live
2018-06-26,240.4686737060547,yahoo_live
2018-06-27,238.47662353515625,yahoo_live
2018-06-28,239.8400421142578,yahoo_live
2018-06-29,240.18539428710938,yahoo_live
2018-07-02,240.69895935058594,yahoo_live
2018-07-03,239.84893798828125,yahoo_live
2018-07-05,241.80555725097656,yahoo_live
2018-07-06,243.85079956054688,yahoo_live
2018-07-09,246.0465850830078,yahoo_live
2018-07-10,246.9319610595703,yahoo_live
2018-07-11,245.12574768066406,yahoo_live
2018-07-12,247.34814453125,yahoo_live
2018-07-13,247.54287719726562,yahoo_live
2018-07-16,247.32156372070312,yahoo_live
2018-07-17,248.3220672607422,yahoo_live
2018-07-18,248.8443145751953,yahoo_live
2018-07-19,247.9058837890625,yahoo_live
2018-07-20,247.6226348876953,yahoo_live
2018-07-23,248.0828857421875,yahoo_live
2018-07-24,249.33128356933594,yahoo_live
2018-07-25,251.4562530517578,yahoo_live
2018-07-26,250.8629608154297,yahoo_live
2018-07-27,249.1631317138672,yahoo_live
2018-07-30,247.861572265625,yahoo_live
2018-07-31,249.08338928222656,yahoo_live
2018-08-01,248.66737365722656,yahoo_live
2018-08-02,250.02194213867188,yahoo_live
2018-08-03,251.09332275390625,yahoo_live
2018-08-06,252.0140838623047,yahoo_live
2018-08-07,252.84628295898438,yahoo_live
2018-08-08,252.73995971679688,yahoo_live
2018-08-09,252.3947296142578,yahoo_live
2018-08-10,250.70367431640625,yahoo_live
2018-08-13,249.76522827148438,yahoo_live
2018-08-14,251.35885620117188,yahoo_live
2018-08-15,249.48187255859375,yahoo_live
2018-08-16,251.50051879882812,yahoo_live
2018-08-17,252.38583374023438,yahoo_live
2018-08-20,252.92591857910156,yahoo_live
2018-08-21,253.51922607421875,yahoo_live
2018-08-22,253.36866760253906,yahoo_live
2018-08-23,253.03219604492188,yahoo_live
2018-08-24,254.55508422851562,yahoo_live
2018-08-27,256.5648498535156,yahoo_live
2018-08-28,256.6888427734375,yahoo_live
2018-08-29,258.070068359375,yahoo_live
2018-08-30,257.02532958984375,yahoo_live
2018-08-31,257.0340881347656,yahoo_live
2018-09-04,256.5914001464844,yahoo_live
2018-09-05,255.90081787109375,yahoo_live
2018-09-06,255.13052368164062,yahoo_live
2018-09-07,254.63475036621094,yahoo_live
2018-09-10,255.0773468017578,yahoo_live
2018-09-11,255.9185791015625,yahoo_live
2018-09-12,255.98060607910156,yahoo_live
2018-09-13,257.4944152832031,yahoo_live
2018-09-14,257.53875732421875,yahoo_live
2018-09-17,256.17523193359375,yahoo_live
2018-09-18,257.5653076171875,yahoo_live
2018-09-19,257.83978271484375,yahoo_live
2018-09-20,259.92926025390625,yahoo_live
2018-09-21,259.6918029785156,yahoo_live
2018-09-24,258.8290710449219,yahoo_live
2018-09-25,258.5889587402344,yahoo_live
2018-09-26,257.81524658203125,yahoo_live
2018-09-27,258.5356140136719,yahoo_live
2018-09-28,258.5622253417969,yahoo_live
2018-10-01,259.4606018066406,yahoo_live
2018-10-02,259.30938720703125,yahoo_live
2018-10-03,259.45172119140625,yahoo_live
2018-10-04,257.4238586425781,yahoo_live
2018-10-05,255.983154296875,yahoo_live
2018-10-08,255.983154296875,yahoo_live
2018-10-09,255.60955810546875,yahoo_live
2018-10-10,247.51609802246094,yahoo_live
2018-10-11,242.06423950195312,yahoo_live
2018-10-12,245.4260711669922,yahoo_live
2018-10-15,244.04751586914062,yahoo_live
2018-10-16,249.38385009765625,yahoo_live
2018-10-17,249.42835998535156,yahoo_live
2018-10-18,245.8263397216797,yahoo_live
2018-10-19,245.69288635253906,yahoo_live
2018-10-22,244.59005737304688,yahoo_live
2018-10-23,243.34487915039062,yahoo_live
2018-10-24,235.971923828125,yahoo_live
2018-10-25,240.2053680419922,yahoo_live
2018-10-26,235.9807586669922,yahoo_live
2018-10-29,234.67337036132812,yahoo_live
2018-10-30,238.1509552001953,yahoo_live
2018-10-31,240.6946258544922,yahoo_live
2018-11-01,243.2560272216797,yahoo_live
2018-11-02,241.815185546875,yahoo_live
2018-11-05,243.14926147460938,yahoo_live
2018-11-06,244.68789672851562,yahoo_live
2018-11-07,249.9263916015625,yahoo_live
2018-11-08,249.47279357910156,yahoo_live
2018-11-09,247.03585815429688,yahoo_live
2018-11-12,242.42002868652344,yahoo_live
2018-11-13,241.9663543701172,yahoo_live
2018-11-14,240.31216430664062,yahoo_live
2018-11-15,242.8201446533203,yahoo_live
2018-11-16,243.45164489746094,yahoo_live
2018-11-19,239.3338165283203,yahoo_live
2018-11-20,234.90464782714844,yahoo_live
2018-11-21,235.705078125,yahoo_live
2018-11-23,234.130859375,yahoo_live
2018-11-26,237.91078186035156,yahoo_live
2018-11-27,238.71124267578125,yahoo_live
2018-11-28,244.20762634277344,yahoo_live
2018-11-29,243.6740264892578,yahoo_live
2018-11-30,245.15921020507812,yahoo_live
2018-12-03,248.40548706054688,yahoo_live
2018-12-04,240.35655212402344,yahoo_live
2018-12-06,239.99191284179688,yahoo_live
2018-12-07,234.41551208496094,yahoo_live
2018-12-10,234.86021423339844,yahoo_live
2018-12-11,234.91355895996094,yahoo_live
2018-12-12,236.09640502929688,yahoo_live
2018-12-13,236.01638793945312,yahoo_live
2018-12-14,231.65835571289062,yahoo_live
2018-12-17,227.11361694335938,yahoo_live
2018-12-18,226.86459350585938,yahoo_live
2018-12-19,223.46714782714844,yahoo_live
2018-12-20,219.82958984375,yahoo_live
2018-12-21,215.3253173828125,yahoo_live
2018-12-24,209.6358184814453,yahoo_live
2018-12-26,220.2276611328125,yahoo_live
2018-12-27,221.9183807373047,yahoo_live
2018-12-28,221.63214111328125,yahoo_live
2018-12-31,223.5733642578125,yahoo_live
2019-01-02,223.80593872070312,yahoo_live
2019-01-03,218.4652862548828,yahoo_live
2019-01-04,225.782958984375,yahoo_live
2019-01-07,227.5631866455078,yahoo_live
2019-01-08,229.70126342773438,yahoo_live
2019-01-09,230.77474975585938,yahoo_live
2019-01-10,231.5887908935547,yahoo_live
2019-01-11,231.67828369140625,yahoo_live
2019-01-14,230.26478576660156,yahoo_live
2019-01-15,232.90380859375,yahoo_live
2019-01-16,233.4674835205078,yahoo_live
2019-01-17,235.23867797851562,yahoo_live
2019-01-18,238.3696746826172,yahoo_live
2019-01-22,235.1492156982422,yahoo_live
2019-01-23,235.64126586914062,yahoo_live
2019-01-24,235.76646423339844,yahoo_live
2019-01-25,237.76133728027344,yahoo_live
2019-01-28,235.95436096191406,yahoo_live
2019-01-29,235.64126586914062,yahoo_live
2019-01-30,239.37161254882812,yahoo_live
2019-01-31,241.47390747070312,yahoo_live
2019-02-01,241.59017944335938,yahoo_live
2019-02-04,243.28993225097656,yahoo_live
2019-02-05,244.30970764160156,yahoo_live
2019-02-06,243.98764038085938,yahoo_live
2019-02-07,241.66175842285156,yahoo_live
2019-02-08,241.9569854736328,yahoo_live
2019-02-11,242.09115600585938,yahoo_live
2019-02-12,245.2042999267578,yahoo_live
2019-02-13,246.00050354003906,yahoo_live
2019-02-14,245.4547882080078,yahoo_live
2019-02-15,248.12953186035156,yahoo_live
2019-02-19,248.55897521972656,yahoo_live
2019-02-20,249.05999755859375,yahoo_live
2019-02-21,248.17433166503906,yahoo_live
2019-02-22,249.7130126953125,yahoo_live
2019-02-25,250.05294799804688,yahoo_live
2019-02-26,249.87408447265625,yahoo_live
2019-02-27,249.76661682128906,yahoo_live
2019-02-28,249.3014373779297,yahoo_live
2019-03-01,250.85806274414062,yahoo_live
2019-03-04,249.94554138183594,yahoo_live
2019-03-05,249.6056671142578,yahoo_live
2019-03-06,248.09375,yahoo_live
2019-03-07,246.01837158203125,yahoo_live
2019-03-08,245.52635192871094,yahoo_live
2019-03-11,249.08676147460938,yahoo_live
2019-03-12,250.02609252929688,yahoo_live
2019-03-13,251.6811065673828,yahoo_live
2019-03-14,251.52003479003906,yahoo_live
2019-03-15,252.76266479492188,yahoo_live
2019-03-18,253.67918395996094,yahoo_live
2019-03-19,253.7421112060547,yahoo_live
2019-03-20,252.9783477783203,yahoo_live
2019-03-21,255.83560180664062,yahoo_live
2019-03-22,250.91172790527344,yahoo_live
2019-03-25,250.72303771972656,yahoo_live
2019-03-26,252.5919952392578,yahoo_live
2019-03-27,251.2711639404297,yahoo_live
2019-03-28,252.22360229492188,yahoo_live
2019-03-29,253.81402587890625,yahoo_live
2019-04-01,256.82403564453125,yahoo_live
2019-04-02,256.94976806640625,yahoo_live
2019-04-03,257.3541564941406,yahoo_live
2019-04-04,258.0370178222656,yahoo_live
2019-04-05,259.2860107421875,yahoo_live
2019-04-08,259.483642578125,yahoo_live
2019-04-09,258.1537780761719,yahoo_live
2019-04-10,259.0342712402344,yahoo_live
2019-04-11,258.96246337890625,yahoo_live
2019-04-12,260.7145690917969,yahoo_live
2019-04-15,260.54388427734375,yahoo_live
2019-04-16,260.7145690917969,yahoo_live
2019-04-17,260.0765686035156,yahoo_live
2019-04-18,260.58880615234375,yahoo_live
2019-04-22,260.8133850097656,yahoo_live
2019-04-23,263.15863037109375,yahoo_live
2019-04-24,262.5746154785156,yahoo_live
2019-04-25,262.412841796875,yahoo_live
2019-04-26,263.6347961425781,yahoo_live
2019-04-29,264.0481262207031,yahoo_live
2019-04-30,264.18280029296875,yahoo_live
2019-05-01,262.1971130371094,yahoo_live
2019-05-02,261.6311950683594,yahoo_live
2019-05-03,264.1918640136719,yahoo_live
2019-05-06,263.104736328125,yahoo_live
2019-05-07,258.7109375,yahoo_live
2019-05-08,258.35162353515625,yahoo_live
2019-05-09,257.5699157714844,yahoo_live
2019-05-10,258.8636169433594,yahoo_live
2019-05-13,252.35836791992188,yahoo_live
2019-05-14,254.64059448242188,yahoo_live
2019-05-15,256.1321105957031,yahoo_live
2019-05-16,258.5042724609375,yahoo_live
2019-05-17,256.8330383300781,yahoo_live
2019-05-20,255.134765625,yahoo_live
2019-05-21,257.4349670410156,yahoo_live
2019-05-22,256.6442565917969,yahoo_live
2019-05-23,253.5084228515625,yahoo_live
2019-05-24,254.0835723876953,yahoo_live
2019-05-28,251.720458984375,yahoo_live
2019-05-29,250.03118896484375,yahoo_live
2019-05-30,250.714111328125,yahoo_live
2019-05-31,247.33558654785156,yahoo_live
2019-06-03,246.70664978027344,yahoo_live
2019-06-04,252.06185913085938,yahoo_live
2019-06-05,254.24534606933594,yahoo_live
2019-06-06,255.89846801757812,yahoo_live
2019-06-07,258.4593505859375,yahoo_live
2019-06-10,259.6453857421875,yahoo_live
2019-06-11,259.58245849609375,yahoo_live
2019-06-12,259.12420654296875,yahoo_live
2019-06-13,260.1934509277344,yahoo_live
2019-06-14,259.90594482421875,yahoo_live
2019-06-17,260.0047912597656,yahoo_live
2019-06-18,262.7272644042969,yahoo_live
2019-06-19,263.3203125,yahoo_live
2019-06-20,265.8361511230469,yahoo_live
2019-06-21,265.4496765136719,yahoo_live
2019-06-24,265.12469482421875,yahoo_live
2019-06-25,262.52435302734375,yahoo_live
2019-06-26,262.2624816894531,yahoo_live
2019-06-27,263.19244384765625,yahoo_live
2019-06-28,264.546875,yahoo_live
2019-07-01,266.9485168457031,yahoo_live
2019-07-02,267.6438293457031,yahoo_live
2019-07-03,269.7835998535156,yahoo_live
2019-07-05,269.47662353515625,yahoo_live
2019-07-08,267.995849609375,yahoo_live
2019-07-09,268.3299560546875,yahoo_live
2019-07-10,269.6119384765625,yahoo_live
2019-07-11,270.2439880371094,yahoo_live
2019-07-12,271.45391845703125,yahoo_live
2019-07-15,271.54425048828125,yahoo_live
2019-07-16,270.6684875488281,yahoo_live
2019-07-17,268.8265686035156,yahoo_live
2019-07-18,269.8106689453125,yahoo_live
2019-07-19,268.3119201660156,yahoo_live
2019-07-22,268.9709777832031,yahoo_live
2019-07-23,270.8941345214844,yahoo_live
2019-07-24,272.1671447753906,yahoo_live
2019-07-25,270.866943359375,yahoo_live
2019-07-26,272.6819152832031,yahoo_live
2019-07-29,272.18524169921875,yahoo_live
2019-07-30,271.5172119140625,yahoo_live
2019-07-31,268.54669189453125,yahoo_live
2019-08-01,266.20819091796875,yahoo_live
2019-08-02,264.20379638671875,yahoo_live
2019-08-05,256.25830078125,yahoo_live
2019-08-06,259.85174560546875,yahoo_live
2019-08-07,260.00537109375,yahoo_live
2019-08-08,265.1065979003906,yahoo_live
2019-08-09,263.30084228515625,yahoo_live
2019-08-12,260.0956115722656,yahoo_live
2019-08-13,264.14056396484375,yahoo_live
2019-08-14,256.3305358886719,yahoo_live
2019-08-15,257.0076599121094,yahoo_live
2019-08-16,260.79986572265625,yahoo_live
2019-08-19,263.94183349609375,yahoo_live
2019-08-20,261.91943359375,yahoo_live
2019-08-21,264.0501708984375,yahoo_live
2019-08-22,263.96893310546875,yahoo_live
2019-08-23,257.1883239746094,yahoo_live
2019-08-26,260.0323791503906,yahoo_live
2019-08-27,259.0121154785156,yahoo_live
2019-08-28,260.8359680175781,yahoo_live
2019-08-29,264.1676330566406,yahoo_live
2019-08-30,264.0501708984375,yahoo_live
2019-09-03,262.5063781738281,yahoo_live
2019-09-04,265.4857482910156,yahoo_live
2019-09-05,268.89874267578125,yahoo_live
2019-09-06,269.1064758300781,yahoo_live
2019-09-09,269.241943359375,yahoo_live
2019-09-10,269.17877197265625,yahoo_live
2019-09-11,271.0927429199219,yahoo_live
2019-09-12,272.0317687988281,yahoo_live
2019-09-13,271.8511962890625,yahoo_live
2019-09-16,271.0115661621094,yahoo_live
2019-09-17,271.6977233886719,yahoo_live
2019-09-18,271.8602294921875,yahoo_live
2019-09-19,271.84222412109375,yahoo_live
2019-09-20,270.55780029296875,yahoo_live
2019-09-23,270.4943542480469,yahoo_live
2019-09-24,268.371826171875,yahoo_live
2019-09-25,269.9591064453125,yahoo_live
2019-09-26,269.3966979980469,yahoo_live
2019-09-27,267.9454040527344,yahoo_live
2019-09-30,269.1881103515625,yahoo_live
2019-10-01,265.98626708984375,yahoo_live
2019-10-02,261.28765869140625,yahoo_live
2019-10-03,263.4283447265625,yahoo_live
2019-10-04,266.99310302734375,yahoo_live
2019-10-07,265.84100341796875,yahoo_live
2019-10-08,261.71392822265625,yahoo_live
2019-10-09,264.19927978515625,yahoo_live
2019-10-10,265.98626708984375,yahoo_live
2019-10-11,268.7436828613281,yahoo_live
2019-10-14,268.4443054199219,yahoo_live
2019-10-15,271.1020202636719,yahoo_live
2019-10-16,270.6665954589844,yahoo_live
2019-10-17,271.46484375,yahoo_live
2019-10-18,270.2765808105469,yahoo_live
2019-10-21,272.10882568359375,yahoo_live
2019-10-22,271.2199401855469,yahoo_live
2019-10-23,272.0090026855469,yahoo_live
2019-10-24,272.4535217285156,yahoo_live
2019-10-25,273.5693054199219,yahoo_live
2019-10-28,275.11126708984375,yahoo_live
2019-10-29,275.02960205078125,yahoo_live
2019-10-30,275.8731994628906,yahoo_live
2019-10-31,275.1385192871094,yahoo_live
2019-11-01,277.68731689453125,yahoo_live
2019-11-04,278.8030090332031,yahoo_live
2019-11-05,278.4945373535156,yahoo_live
2019-11-06,278.5580749511719,yahoo_live
2019-11-07,279.53765869140625,yahoo_live
2019-11-08,280.2270202636719,yahoo_live
2019-11-11,279.69189453125,yahoo_live
2019-11-12,280.28143310546875,yahoo_live
2019-11-13,280.3721618652344,yahoo_live
2019-11-14,280.7803039550781,yahoo_live
2019-11-15,282.8121643066406,yahoo_live
2019-11-18,283.0207214355469,yahoo_live
2019-11-19,282.9391174316406,yahoo_live
2019-11-20,281.8869934082031,yahoo_live
2019-11-21,281.4334411621094,yahoo_live
2019-11-22,282.0592956542969,yahoo_live
2019-11-25,284.2453308105469,yahoo_live
2019-11-26,284.8892517089844,yahoo_live
2019-11-27,286.15924072265625,yahoo_live
2019-11-29,285.09796142578125,yahoo_live
2019-12-02,282.67608642578125,yahoo_live
2019-12-03,280.7803039550781,yahoo_live
2019-12-04,282.5128173828125,yahoo_live
2019-12-05,283.0207214355469,yahoo_live
2019-12-06,285.6059265136719,yahoo_live
2019-12-09,284.7078857421875,yahoo_live
2019-12-10,284.3904113769531,yahoo_live
2019-12-11,285.19775390625,yahoo_live
2019-12-12,287.65576171875,yahoo_live
2019-12-13,287.82830810546875,yahoo_live
2019-12-16,289.80560302734375,yahoo_live
2019-12-17,289.8690490722656,yahoo_live
2019-12-18,289.8871765136719,yahoo_live
2019-12-19,291.075439453125,yahoo_live
2019-12-20,292.3516845703125,yahoo_live
2019-12-23,292.79827880859375,yahoo_live
2019-12-24,292.8073425292969,yahoo_live
2019-12-26,294.36614990234375,yahoo_live
2019-12-27,294.2931823730469,yahoo_live
2019-12-30,292.670654296875,yahoo_live
2019-12-31,293.38153076171875,yahoo_live
2020-01-02,296.1253356933594,yahoo_live
2020-01-03,293.88299560546875,yahoo_live
2020-01-06,295.00408935546875,yahoo_live
2020-01-07,294.1746520996094,yahoo_live
2020-01-08,295.7425842285156,yahoo_live
2020-01-09,297.7478332519531,yahoo_live
2020-01-10,296.8909606933594,yahoo_live
2020-01-13,298.93280029296875,yahoo_live
2020-01-14,298.4770202636719,yahoo_live
2020-01-15,299.1515808105469,yahoo_live
2020-01-16,301.6400146484375,yahoo_live
2020-01-17,302.578857421875,yahoo_live
2020-01-21,301.9864501953125,yahoo_live
2020-01-22,302.02276611328125,yahoo_live
2020-01-23,302.36932373046875,yahoo_live
2020-01-24,299.6802062988281,yahoo_live
2020-01-27,294.8764953613281,yahoo_live
2020-01-28,297.9665222167969,yahoo_live
2020-01-29,297.7204284667969,yahoo_live
2020-01-30,298.6866455078125,yahoo_live
2020-01-31,293.2632141113281,yahoo_live
2020-02-03,295.441650390625,yahoo_live
2020-02-04,299.9445495605469,yahoo_live
2020-02-05,303.4082336425781,yahoo_live
2020-02-06,304.4292907714844,yahoo_live
2020-02-07,302.8067626953125,yahoo_live
2020-02-10,305.06732177734375,yahoo_live
2020-02-11,305.595947265625,yahoo_live
2020-02-12,307.5648193359375,yahoo_live
2020-02-13,307.2366638183594,yahoo_live
2020-02-14,307.7289123535156,yahoo_live
2020-02-18,306.93597412109375,yahoo_live
2020-02-19,308.4034729003906,yahoo_live
2020-02-20,307.1363830566406,yahoo_live
2020-02-21,303.97357177734375,yahoo_live
2020-02-24,293.8921203613281,yahoo_live
2020-02-25,284.9865417480469,yahoo_live
2020-02-26,283.9383239746094,yahoo_live
2020-02-27,271.1861267089844,yahoo_live
2020-02-28,270.0467529296875,yahoo_live
2020-03-02,281.7415771484375,yahoo_live
2020-03-03,273.6745300292969,yahoo_live
2020-03-04,285.177978515625,yahoo_live
2020-03-05,275.6981201171875,yahoo_live
2020-03-06,271.14056396484375,yahoo_live
2020-03-09,249.96600341796875,yahoo_live
2020-03-10,262.90045166015625,yahoo_live
2020-03-11,250.0843963623047,yahoo_live
2020-03-12,226.15704345703125,yahoo_live
2020-03-13,245.49037170410156,yahoo_live
2020-03-16,218.62796020507812,yahoo_live
2020-03-17,230.43211364746094,yahoo_live
2020-03-18,218.76466369628906,yahoo_live
2020-03-19,219.22950744628906,yahoo_live
2020-03-20,209.78196716308594,yahoo_live
2020-03-23,204.41824340820312,yahoo_live
2020-03-24,222.93923950195312,yahoo_live
2020-03-25,226.27664184570312,yahoo_live
2020-03-26,239.48890686035156,yahoo_live
2020-03-27,232.35556030273438,yahoo_live
2020-03-30,239.90147399902344,yahoo_live
2020-03-31,236.32565307617188,yahoo_live
2020-04-01,225.68988037109375,yahoo_live
2020-04-02,230.8977508544922,yahoo_live
2020-04-03,227.560302734375,yahoo_live
2020-04-06,242.84458923339844,yahoo_live
2020-04-07,243.09219360351562,yahoo_live
2020-04-08,251.25244140625,yahoo_live
2020-04-09,255.07577514648438,yahoo_live
2020-04-13,252.74696350097656,yahoo_live
2020-04-14,260.2012023925781,yahoo_live
2020-04-15,254.67245483398438,yahoo_live
2020-04-16,255.90106201171875,yahoo_live
2020-04-17,262.8143005371094,yahoo_live
2020-04-20,258.1840515136719,yahoo_live
2020-04-21,250.34471130371094,yahoo_live
2020-04-22,255.90106201171875,yahoo_live
2020-04-23,255.8826904296875,yahoo_live
2020-04-24,259.4493713378906,yahoo_live
2020-04-27,263.1902770996094,yahoo_live
2020-04-28,261.98004150390625,yahoo_live
2020-04-29,268.83819580078125,yahoo_live
2020-04-30,266.335205078125,yahoo_live
2020-05-01,259.2843322753906,yahoo_live
2020-05-04,259.99957275390625,yahoo_live
2020-05-05,262.40167236328125,yahoo_live
2020-05-06,260.6229248046875,yahoo_live
2020-05-07,263.7679138183594,yahoo_live
2020-05-08,268.1321716308594,yahoo_live
2020-05-11,268.1871643066406,yahoo_live
2020-05-12,262.841796875,yahoo_live
2020-05-13,258.1932067871094,yahoo_live
2020-05-14,261.2830505371094,yahoo_live
2020-05-15,262.4841613769531,yahoo_live
2020-05-18,270.4793701171875,yahoo_live
2020-05-19,267.7012634277344,yahoo_live
2020-05-20,272.2489929199219,yahoo_live
2020-05-21,270.369384765625,yahoo_live
2020-05-22,270.8829650878906,yahoo_live
2020-05-26,274.22021484375,yahoo_live
2020-05-27,278.3003845214844,yahoo_live
2020-05-28,277.7869567871094,yahoo_live
2020-05-29,279.0246887207031,yahoo_live
2020-06-01,280.1524658203125,yahoo_live
2020-06-02,282.4720764160156,yahoo_live
2020-06-03,286.2314147949219,yahoo_live
2020-06-04,285.4795227050781,yahoo_live
2020-06-05,292.7961730957031,yahoo_live
2020-06-08,296.33544921875,yahoo_live
2020-06-09,294.12567138671875,yahoo_live
2020-06-10,292.48455810546875,yahoo_live
2020-06-11,275.6230163574219,yahoo_live
2020-06-12,278.92388916015625,yahoo_live
2020-06-15,281.5278015136719,yahoo_live
2020-06-16,286.946533203125,yahoo_live
2020-06-17,285.7546691894531,yahoo_live
2020-06-18,285.8646240234375,yahoo_live
2020-06-19,284.23095703125,yahoo_live
2020-06-22,286.0543518066406,yahoo_live
2020-06-23,287.3711853027344,yahoo_live
2020-06-24,280.0408020019531,yahoo_live
2020-06-25,283.04296875,yahoo_live
2020-06-26,276.3203125,yahoo_live
2020-06-29,280.38153076171875,yahoo_live
2020-06-30,283.9730224609375,yahoo_live
2020-07-01,285.9623107910156,yahoo_live
2020-07-02,287.537109375,yahoo_live
2020-07-06,291.9757995605469,yahoo_live
2020-07-07,288.96441650390625,yahoo_live
2020-07-08,291.1745910644531,yahoo_live
2020-07-09,289.5169982910156,yahoo_live
2020-07-10,292.47308349609375,yahoo_live
2020-07-13,289.9405822753906,yahoo_live
2020-07-14,293.6979675292969,yahoo_live
2020-07-15,296.396240234375,yahoo_live
2020-07-16,295.4200744628906,yahoo_live
2020-07-17,296.2765197753906,yahoo_live
2020-07-20,298.6709289550781,yahoo_live
2020-07-21,299.3063659667969,yahoo_live
2020-07-22,301.010009765625,yahoo_live
2020-07-23,297.41839599609375,yahoo_live
2020-07-24,295.5029296875,yahoo_live
2020-07-27,297.6578674316406,yahoo_live
2020-07-28,295.77001953125,yahoo_live
2020-07-29,299.4076232910156,yahoo_live
2020-07-30,298.3393249511719,yahoo_live
2020-07-31,300.6968078613281,yahoo_live
2020-08-03,302.7874450683594,yahoo_live
2020-08-04,303.9568786621094,yahoo_live
2020-08-05,305.8447570800781,yahoo_live
2020-08-06,307.8891906738281,yahoo_live
2020-08-07,308.11029052734375,yahoo_live
2020-08-10,309.0312194824219,yahoo_live
2020-08-11,306.4801940917969,yahoo_live
2020-08-12,310.7532958984375,yahoo_live
2020-08-13,310.1914367675781,yahoo_live
2020-08-14,310.2006530761719,yahoo_live
2020-08-17,311.18603515625,yahoo_live
2020-08-18,311.85845947265625,yahoo_live
2020-08-19,310.5599365234375,yahoo_live
2020-08-20,311.5268249511719,yahoo_live
2020-08-21,312.6318664550781,yahoo_live
2020-08-24,315.7998352050781,yahoo_live
2020-08-25,316.90496826171875,yahoo_live
2020-08-26,320.0821228027344,yahoo_live
2020-08-27,320.7821044921875,yahoo_live
2020-08-28,322.85406494140625,yahoo_live
2020-08-31,321.6845703125,yahoo_live
2020-09-01,324.71441650390625,yahoo_live
2020-09-02,329.4110412597656,yahoo_live
2020-09-03,318.07452392578125,yahoo_live
2020-09-04,315.4775390625,yahoo_live
2020-09-08,306.8577575683594,yahoo_live
2020-09-09,312.91741943359375,yahoo_live
2020-09-10,307.4840393066406,yahoo_live
2020-09-11,307.640625,yahoo_live
2020-09-14,311.69256591796875,yahoo_live
2020-09-15,313.2673645019531,yahoo_live
2020-09-16,312.0241394042969,yahoo_live
2020-09-17,309.27978515625,yahoo_live
2020-09-18,305.7191162109375,yahoo_live
2020-09-21,302.3166809082031,yahoo_live
2020-09-22,305.3955383300781,yahoo_live
2020-09-23,298.31317138671875,yahoo_live
2020-09-24,299.1083679199219,yahoo_live
2020-09-25,303.9439392089844,yahoo_live
2020-09-28,308.99224853515625,yahoo_live
2020-09-29,307.3094482421875,yahoo_live
2020-09-30,309.63946533203125,yahoo_live
2020-10-01,311.62738037109375,yahoo_live
2020-10-02,308.668701171875,yahoo_live
2020-10-05,314.142333984375,yahoo_live
2020-10-06,309.6764831542969,yahoo_live
2020-10-07,315.0668640136719,yahoo_live
2020-10-08,317.859130859375,yahoo_live
2020-10-09,320.6977233886719,yahoo_live
2020-10-12,325.85693359375,yahoo_live
2020-10-13,323.73040771484375,yahoo_live
2020-10-14,321.6962585449219,yahoo_live
2020-10-15,321.2987060546875,yahoo_live
2020-10-16,321.1045227050781,yahoo_live
2020-10-19,316.2226867675781,yahoo_live
2020-10-20,317.48931884765625,yahoo_live
2020-10-21,316.8883972167969,yahoo_live
2020-10-22,318.6266174316406,yahoo_live
2020-10-23,319.70831298828125,yahoo_live
2020-10-26,313.8001708984375,yahoo_live
2020-10-27,312.7183837890625,yahoo_live
2020-10-28,302.030029296875,yahoo_live
2020-10-29,305.0997619628906,yahoo_live
2020-10-30,301.9190673828125,yahoo_live
2020-11-02,305.3031005859375,yahoo_live
2020-11-03,310.6935119628906,yahoo_live
2020-11-04,317.6372985839844,yahoo_live
2020-11-05,323.8321228027344,yahoo_live
2020-11-06,323.758056640625,yahoo_live
2020-11-09,327.8263244628906,yahoo_live
2020-11-10,327.3455810546875,yahoo_live
2020-11-11,329.7773132324219,yahoo_live
2020-11-12,326.57818603515625,yahoo_live
2020-11-13,331.0994567871094,yahoo_live
2020-11-16,335.232421875,yahoo_live
2020-11-17,333.429443359375,yahoo_live
2020-11-18,329.4167175292969,yahoo_live
2020-11-19,330.80352783203125,yahoo_live
2020-11-20,328.5382385253906,yahoo_live
2020-11-23,330.5076904296875,yahoo_live
2020-11-24,335.8334045410156,yahoo_live
2020-11-25,335.3156433105469,yahoo_live
2020-11-27,336.24951171875,yahoo_live
2020-11-30,334.76080322265625,yahoo_live
2020-12-01,338.4222412109375,yahoo_live
2020-12-02,339.13427734375,yahoo_live
2020-12-03,339.0417175292969,yahoo_live
2020-12-04,341.9635314941406,yahoo_live
2020-12-07,341.26080322265625,yahoo_live
2020-12-08,342.2594299316406,yahoo_live
2020-12-09,339.18975830078125,yahoo_live
2020-12-10,339.07879638671875,yahoo_live
2020-12-11,338.68115234375,yahoo_live
2020-12-14,337.1648864746094,yahoo_live
2020-12-15,341.72308349609375,yahoo_live
2020-12-16,342.2594299316406,yahoo_live
2020-12-17,344.17333984375,yahoo_live
2020-12-18,342.7991027832031,yahoo_live
2020-12-21,341.5733337402344,yahoo_live
2020-12-22,340.9975891113281,yahoo_live
2020-12-23,341.30413818359375,yahoo_live
2020-12-24,342.6319274902344,yahoo_live
2020-12-28,345.5754089355469,yahoo_live
2020-12-29,344.91619873046875,yahoo_live
2020-12-30,345.4082336425781,yahoo_live
2020-12-31,347.1632385253906,yahoo_live
2021-01-04,342.4369201660156,yahoo_live
2021-01-05,344.7954406738281,yahoo_live
2021-01-06,346.856689453125,yahoo_live
2021-01-07,352.01019287109375,yahoo_live
2021-01-08,354.01580810546875,yahoo_live
2021-01-11,351.6294860839844,yahoo_live
2021-01-12,351.70379638671875,yahoo_live
2021-01-13,352.65087890625,yahoo_live
2021-01-14,351.4159240722656,yahoo_live
2021-01-15,348.8531494140625,yahoo_live
2021-01-19,351.5924072265625,yahoo_live
2021-01-20,356.45794677734375,yahoo_live
2021-01-21,356.78289794921875,yahoo_live
2021-01-22,355.5201416015625,yahoo_live
2021-01-25,356.92218017578125,yahoo_live
2021-01-26,356.3651123046875,yahoo_live
2021-01-27,347.65533447265625,yahoo_live
2021-01-28,350.6452331542969,yahoo_live
2021-01-29,343.6253967285156,yahoo_live
2021-02-01,349.34521484375,yahoo_live
2021-02-02,354.2850646972656,yahoo_live
2021-02-03,354.5636901855469,yahoo_live
2021-02-04,358.5935974121094,yahoo_live
2021-02-05,360.00494384765625,yahoo_live
2021-02-08,362.6048583984375,yahoo_live
2021-02-09,362.36346435546875,yahoo_live
2021-02-10,362.2055969238281,yahoo_live
2021-02-11,362.7906188964844,yahoo_live
2021-02-12,364.5826110839844,yahoo_live
2021-02-16,364.26690673828125,yahoo_live
2021-02-17,364.3504943847656,yahoo_live
2021-02-18,362.79986572265625,yahoo_live
2021-02-19,362.15911865234375,yahoo_live
2021-02-22,359.37353515625,yahoo_live
2021-02-23,359.8099365234375,yahoo_live
2021-02-24,363.7748718261719,yahoo_live
2021-02-25,355.00933837890625,yahoo_live
2021-02-26,353.1801452636719,yahoo_live
2021-03-01,361.7413330078125,yahoo_live
2021-03-02,358.9185791015625,yahoo_live
2021-03-03,354.1644287109375,yahoo_live
2021-03-04,349.7817077636719,yahoo_live
2021-03-05,356.2165222167969,yahoo_live
2021-03-08,354.4429626464844,yahoo_live
2021-03-09,359.5035705566406,yahoo_live
2021-03-10,361.7413330078125,yahoo_live
2021-03-11,365.4090881347656,yahoo_live
2021-03-12,365.9012145996094,yahoo_live
2021-03-15,368.08331298828125,yahoo_live
2021-03-16,367.6190185546875,yahoo_live
2021-03-17,368.87249755859375,yahoo_live
2021-03-18,363.50555419921875,yahoo_live
2021-03-19,362.8330078125,yahoo_live
2021-03-22,365.73016357421875,yahoo_live
2021-03-23,362.8515930175781,yahoo_live
2021-03-24,361.0071105957031,yahoo_live
2021-03-25,363.0379333496094,yahoo_live
2021-03-26,368.8882141113281,yahoo_live
2021-03-29,368.701904296875,yahoo_live
2021-03-30,367.7237548828125,yahoo_live
2021-03-31,369.2142639160156,yahoo_live
2021-04-01,373.20147705078125,yahoo_live
2021-04-05,378.55810546875,yahoo_live
2021-04-06,378.3344421386719,yahoo_live
2021-04-07,378.7723388671875,yahoo_live
2021-04-08,380.5702209472656,yahoo_live
2021-04-09,383.33709716796875,yahoo_live
2021-04-12,383.4768371582031,yahoo_live
2021-04-13,384.61334228515625,yahoo_live
2021-04-14,383.2997741699219,yahoo_live
2021-04-15,387.41741943359375,yahoo_live
2021-04-16,388.7123107910156,yahoo_live
2021-04-19,386.80255126953125,yahoo_live
2021-04-20,383.9705505371094,yahoo_live
2021-04-21,387.60369873046875,yahoo_live
2021-04-22,384.063720703125,yahoo_live
2021-04-23,388.22796630859375,yahoo_live
2021-04-26,389.0383605957031,yahoo_live
2021-04-27,388.9544982910156,yahoo_live
2021-04-28,388.8428039550781,yahoo_live
2021-04-29,391.3206787109375,yahoo_live
2021-04-30,388.7496032714844,yahoo_live
2021-05-03,389.5879821777344,yahoo_live
2021-05-04,387.1845397949219,yahoo_live
2021-05-05,387.3056335449219,yahoo_live
2021-05-06,390.3984680175781,yahoo_live
2021-05-07,393.2398376464844,yahoo_live
2021-05-10,389.34576416015625,yahoo_live
2021-05-11,385.8709411621094,yahoo_live
2021-05-12,377.6730651855469,yahoo_live
2021-05-13,382.2098388671875,yahoo_live
2021-05-14,388.07879638671875,yahoo_live
2021-05-17,387.09130859375,yahoo_live
2021-05-18,383.7563781738281,yahoo_live
2021-05-19,382.7502136230469,yahoo_live
2021-05-20,386.8677978515625,yahoo_live
2021-05-21,386.551025390625,yahoo_live
2021-05-24,390.49169921875,yahoo_live
2021-05-25,389.625244140625,yahoo_live
2021-05-26,390.3984680175781,yahoo_live
2021-05-27,390.6034240722656,yahoo_live
2021-05-28,391.3021545410156,yahoo_live
2021-06-01,390.9574279785156,yahoo_live
2021-06-02,391.5722961425781,yahoo_live
2021-06-03,390.1190185546875,yahoo_live
2021-06-04,393.6869812011719,yahoo_live
2021-06-07,393.30499267578125,yahoo_live
2021-06-08,393.38897705078125,yahoo_live
2021-06-09,392.8018798828125,yahoo_live
2021-06-10,394.6278381347656,yahoo_live
2021-06-11,395.2800598144531,yahoo_live
2021-06-14,396.1650390625,yahoo_live
2021-06-15,395.4383544921875,yahoo_live
2021-06-16,393.2304382324219,yahoo_live
2021-06-17,393.1000671386719,yahoo_live
2021-06-18,387.7970886230469,yahoo_live
2021-06-21,393.34869384765625,yahoo_live
2021-06-22,395.4516296386719,yahoo_live
2021-06-23,394.9749450683594,yahoo_live
2021-06-24,397.3115539550781,yahoo_live
2021-06-25,398.7228088378906,yahoo_live
2021-06-28,399.526611328125,yahoo_live
2021-06-29,399.7415771484375,yahoo_live
2021-06-30,400.0780029296875,yahoo_live
2021-07-01,402.2930908203125,yahoo_live
2021-07-02,405.3681335449219,yahoo_live
2021-07-06,404.62969970703125,yahoo_live
2021-07-07,406.0596923828125,yahoo_live
2021-07-08,402.75103759765625,yahoo_live
2021-07-09,407.0504150390625,yahoo_live
2021-07-12,408.5083923339844,yahoo_live
2021-07-13,407.1158142089844,yahoo_live
2021-07-14,407.7232971191406,yahoo_live
2021-07-15,406.3307800292969,yahoo_live
2021-07-16,403.1436462402344,yahoo_live
2021-07-19,397.1899719238281,yahoo_live
2021-07-20,402.8818664550781,yahoo_live
2021-07-21,406.1437072753906,yahoo_live
2021-07-22,406.99432373046875,yahoo_live
2021-07-23,411.18145751953125,yahoo_live
2021-07-26,412.1908264160156,yahoo_live
2021-07-27,410.3122253417969,yahoo_live
2021-07-28,410.1440124511719,yahoo_live
2021-07-29,411.8450012207031,yahoo_live
2021-07-30,409.8448791503906,yahoo_live
2021-08-02,408.9851379394531,yahoo_live
2021-08-03,412.3123779296875,yahoo_live
2021-08-04,410.2842102050781,yahoo_live
2021-08-05,412.8824768066406,yahoo_live
2021-08-06,413.5647277832031,yahoo_live
2021-08-09,413.2283020019531,yahoo_live
2021-08-10,413.7423400878906,yahoo_live
2021-08-11,414.7704162597656,yahoo_live
2021-08-12,416.0135192871094,yahoo_live
2021-08-13,416.7705383300781,yahoo_live
2021-08-16,417.7518615722656,yahoo_live
2021-08-17,415.0134582519531,yahoo_live
2021-08-18,410.4710998535156,yahoo_live
2021-08-19,411.1065979003906,yahoo_live
2021-08-20,414.3778381347656,yahoo_live
2021-08-23,418.02294921875,yahoo_live
2021-08-24,418.6865539550781,yahoo_live
2021-08-25,419.56512451171875,yahoo_live
2021-08-26,417.0883483886719,yahoo_live
2021-08-27,420.8175354003906,yahoo_live
2021-08-30,422.6680603027344,yahoo_live
2021-08-31,422.04180908203125,yahoo_live
2021-09-01,422.2662048339844,yahoo_live
2021-09-02,423.5652770996094,yahoo_live
2021-09-03,423.4625549316406,yahoo_live
2021-09-07,421.9484558105469,yahoo_live
2021-09-08,421.43426513671875,yahoo_live
2021-09-09,419.63055419921875,yahoo_live
2021-09-10,416.3218688964844,yahoo_live
2021-09-13,417.38739013671875,yahoo_live
2021-09-14,415.13494873046875,yahoo_live
2021-09-15,418.6024169921875,yahoo_live
2021-09-16,417.9388427734375,yahoo_live
2021-09-17,413.86773681640625,yahoo_live
2021-09-20,406.96673583984375,yahoo_live
2021-09-21,406.582275390625,yahoo_live
2021-09-22,410.5484619140625,yahoo_live
2021-09-23,415.5366516113281,yahoo_live
2021-09-24,416.22113037109375,yahoo_live
2021-09-27,415.03033447265625,yahoo_live
2021-09-28,406.6667785644531,yahoo_live
2021-09-29,407.3511657714844,yahoo_live
2021-09-30,402.3724670410156,yahoo_live
2021-10-01,407.1542663574219,yahoo_live
2021-10-04,401.9035949707031,yahoo_live
2021-10-05,406.0854187011719,yahoo_live
2021-10-06,407.7730712890625,yahoo_live
2021-10-07,411.298583984375,yahoo_live
2021-10-08,410.5484619140625,yahoo_live
2021-10-11,407.5762634277344,yahoo_live
2021-10-12,406.5729064941406,yahoo_live
2021-10-13,408.03570556640625,yahoo_live
2021-10-14,414.8990783691406,yahoo_live
2021-10-15,418.05889892578125,yahoo_live
2021-10-18,419.29656982421875,yahoo_live
2021-10-19,422.53125,yahoo_live
2021-10-20,424.1908874511719,yahoo_live
2021-10-21,425.29730224609375,yahoo_live
2021-10-22,424.85662841796875,yahoo_live
2021-10-25,427.1350402832031,yahoo_live
2021-10-26,427.5194091796875,yahoo_live
2021-10-27,425.6254577636719,yahoo_live
2021-10-28,429.7322998046875,yahoo_live
2021-10-29,430.6042785644531,yahoo_live
2021-11-01,431.34503173828125,yahoo_live
2021-11-02,433.08892822265625,yahoo_live
2021-11-03,435.7330627441406,yahoo_live
2021-11-04,437.7864685058594,yahoo_live
2021-11-05,439.305419921875,yahoo_live
2021-11-08,439.6805114746094,yahoo_live
2021-11-09,438.22723388671875,yahoo_live
2021-11-10,434.7017517089844,yahoo_live
2021-11-11,434.8423767089844,yahoo_live
2021-11-12,438.1240234375,yahoo_live
2021-11-15,438.27398681640625,yahoo_live
2021-11-16,440.00860595703125,yahoo_live
2021-11-17,438.9397888183594,yahoo_live
2021-11-18,440.4306335449219,yahoo_live
2021-11-19,439.64300537109375,yahoo_live
2021-11-22,438.40533447265625,yahoo_live
2021-11-23,438.9866638183594,yahoo_live
2021-11-24,440.1586608886719,yahoo_live
2021-11-26,430.341796875,yahoo_live
2021-11-29,435.6205749511719,yahoo_live
2021-11-30,427.1444396972656,yahoo_live
2021-12-01,422.4000549316406,yahoo_live
2021-12-02,428.86968994140625,yahoo_live
2021-12-03,425.137939453125,yahoo_live
2021-12-06,430.1729736328125,yahoo_live
2021-12-07,439.07098388671875,yahoo_live
2021-12-08,440.233642578125,yahoo_live
2021-12-09,437.2613525390625,yahoo_live
2021-12-10,441.3775634765625,yahoo_live
2021-12-13,437.4676513671875,yahoo_live
2021-12-14,434.45794677734375,yahoo_live
2021-12-15,441.24627685546875,yahoo_live
2021-12-16,437.3551330566406,yahoo_live
2021-12-17,432.7004699707031,yahoo_live
2021-12-20,428.09942626953125,yahoo_live
2021-12-21,435.7020263671875,yahoo_live
2021-12-22,440.05841064453125,yahoo_live
2021-12-23,442.7965087890625,yahoo_live
2021-12-27,449.0630798339844,yahoo_live
2021-12-28,448.6961364746094,yahoo_live
2021-12-29,449.2700500488281,yahoo_live
2021-12-30,448.0280456542969,yahoo_live
2021-12-31,446.8988952636719,yahoo_live
2022-01-03,449.4864501953125,yahoo_live
2022-01-04,449.33587646484375,yahoo_live
2022-01-05,440.7077331542969,yahoo_live
2022-01-06,440.293701171875,yahoo_live
2022-01-07,438.55303955078125,yahoo_live
2022-01-10,438.0072326660156,yahoo_live
2022-01-11,441.9967956542969,yahoo_live
2022-01-12,443.1917419433594,yahoo_live
2022-01-13,437.0851135253906,yahoo_live
2022-01-14,437.263916015625,yahoo_live
2022-01-18,429.5201110839844,yahoo_live
2022-01-19,425.0601806640625,yahoo_live
2022-01-20,420.3555603027344,yahoo_live
2022-01-21,412.1037902832031,yahoo_live
2022-01-24,413.8539123535156,yahoo_live
2022-01-25,408.8011474609375,yahoo_live
2022-01-26,407.7755432128906,yahoo_live
2022-01-27,405.761962890625,yahoo_live
2022-01-28,415.8392028808594,yahoo_live
2022-01-31,423.3289489746094,yahoo_live
2022-02-01,426.18927001953125,yahoo_live
2022-02-02,430.329345703125,yahoo_live
2022-02-03,420.2145080566406,yahoo_live
2022-02-04,422.19036865234375,yahoo_live
2022-02-07,420.83538818359375,yahoo_live
2022-02-08,424.2980651855469,yahoo_live
2022-02-09,430.5081787109375,yahoo_live
2022-02-10,422.7738342285156,yahoo_live
2022-02-11,414.4372253417969,yahoo_live
2022-02-14,413.08233642578125,yahoo_live
2022-02-15,419.7441101074219,yahoo_live
2022-02-16,420.2145080566406,yahoo_live
2022-02-17,411.2380676269531,yahoo_live
2022-02-18,408.5752868652344,yahoo_live
2022-02-22,404.190673828125,yahoo_live
2022-02-23,397.0208740234375,yahoo_live
2022-02-24,402.9956359863281,yahoo_live
2022-02-25,411.8872985839844,yahoo_live
2022-02-28,410.8335266113281,yahoo_live
2022-03-01,404.5763854980469,yahoo_live
2022-03-02,412.0190734863281,yahoo_live
2022-03-03,409.9678955078125,yahoo_live
2022-03-04,406.6369934082031,yahoo_live
2022-03-07,394.649658203125,yahoo_live
2022-03-08,391.6575927734375,yahoo_live
2022-03-09,402.15826416015625,yahoo_live
2022-03-10,400.3421936035156,yahoo_live
2022-03-11,395.2518615722656,yahoo_live
2022-03-14,392.36322021484375,yahoo_live
2022-03-15,400.9915466308594,yahoo_live
2022-03-16,409.8831481933594,yahoo_live
2022-03-17,415.0111389160156,yahoo_live
2022-03-18,419.5567626953125,yahoo_live
2022-03-21,419.4339599609375,yahoo_live
2022-03-22,424.3420104980469,yahoo_live
2022-03-23,418.87713623046875,yahoo_live
2022-03-24,425.1914978027344,yahoo_live
2022-03-25,427.2679138183594,yahoo_live
2022-03-28,430.30706787109375,yahoo_live
2022-03-29,435.6303405761719,yahoo_live
2022-03-30,432.9403991699219,yahoo_live
2022-03-31,426.2768859863281,yahoo_live
2022-04-01,427.4849548339844,yahoo_live
2022-04-04,431.1470642089844,yahoo_live
2022-04-05,425.7010803222656,yahoo_live
2022-04-06,421.4444274902344,yahoo_live
2022-04-07,423.5679931640625,yahoo_live
2022-04-08,422.4354248046875,yahoo_live
2022-04-11,415.2151184082031,yahoo_live
2022-04-12,413.67657470703125,yahoo_live
2022-04-13,418.4146423339844,yahoo_live
2022-04-14,413.20465087890625,yahoo_live
2022-04-18,413.37457275390625,yahoo_live
2022-04-19,420.047607421875,yahoo_live
2022-04-20,419.7360534667969,yahoo_live
2022-04-21,413.45953369140625,yahoo_live
2022-04-22,402.1145324707031,yahoo_live
2022-04-25,404.4458312988281,yahoo_live
2022-04-26,392.73272705078125,yahoo_live
2022-04-27,393.8370056152344,yahoo_live
2022-04-28,403.78509521484375,yahoo_live
2022-04-29,388.8630065917969,yahoo_live
2022-05-02,391.2037353515625,yahoo_live
2022-05-03,392.99700927734375,yahoo_live
2022-05-04,404.9649658203125,yahoo_live
2022-05-05,390.5712890625,yahoo_live
2022-05-06,388.2400207519531,yahoo_live
2022-05-09,375.8096618652344,yahoo_live
2022-05-10,376.677978515625,yahoo_live
2022-05-11,370.69403076171875,yahoo_live
2022-05-12,370.3070068359375,yahoo_live
2022-05-13,379.1602478027344,yahoo_live
2022-05-16,377.6217956542969,yahoo_live
2022-05-17,385.3896484375,yahoo_live
2022-05-18,369.8539733886719,yahoo_live
2022-05-19,367.5887756347656,yahoo_live
2022-05-20,367.7492980957031,yahoo_live
2022-05-23,374.6298522949219,yahoo_live
2022-05-24,371.77001953125,yahoo_live
2022-05-25,375.0545654296875,yahoo_live
2022-05-26,382.5487060546875,yahoo_live
2022-05-27,391.93988037109375,yahoo_live
2022-05-31,389.7406921386719,yahoo_live
2022-06-01,386.5883483886719,yahoo_live
2022-06-02,393.9503173828125,yahoo_live
2022-06-03,387.4849853515625,yahoo_live
2022-06-06,388.6648254394531,yahoo_live
2022-06-07,392.3929138183594,yahoo_live
2022-06-08,388.12677001953125,yahoo_live
2022-06-09,378.8959655761719,yahoo_live
2022-06-10,367.9096374511719,yahoo_live
2022-06-13,353.94085693359375,yahoo_live
2022-06-14,352.8742370605469,yahoo_live
2022-06-15,357.905029296875,yahoo_live
2022-06-16,346.05975341796875,yahoo_live
2022-06-17,346.80572509765625,yahoo_live
2022-06-21,355.53607177734375,yahoo_live
2022-06-22,354.8915100097656,yahoo_live
2022-06-23,358.370361328125,yahoo_live
2022-06-24,369.7643737792969,yahoo_live
2022-06-27,368.35186767578125,yahoo_live
2022-06-28,360.825439453125,yahoo_live
2022-06-29,360.5316467285156,yahoo_live
2022-06-30,357.6025390625,yahoo_live
2022-07-01,361.384765625,yahoo_live
2022-07-05,362.0672302246094,yahoo_live
2022-07-06,363.2900695800781,yahoo_live
2022-07-07,368.7310791015625,yahoo_live
2022-07-08,368.4277648925781,yahoo_live
2022-07-11,364.2190246582031,yahoo_live
2022-07-12,360.99609375,yahoo_live
2022-07-13,359.1002502441406,yahoo_live
2022-07-14,358.2281799316406,yahoo_live
2022-07-15,365.0721130371094,yahoo_live
2022-07-18,362.0577392578125,yahoo_live
2022-07-19,371.84033203125,yahoo_live
2022-07-20,374.2101135253906,yahoo_live
2022-07-21,378.02069091796875,yahoo_live
2022-07-22,374.5134582519531,yahoo_live
2022-07-25,374.9684143066406,yahoo_live
2022-07-26,370.5321350097656,yahoo_live
2022-07-27,380.15350341796875,yahoo_live
2022-07-28,384.9215393066406,yahoo_live
2022-07-29,390.53314208984375,yahoo_live
2022-08-01,389.37677001953125,yahoo_live
2022-08-02,386.8079528808594,yahoo_live
2022-08-03,392.8652038574219,yahoo_live
2022-08-04,392.5997314453125,yahoo_live
2022-08-05,391.9362487792969,yahoo_live
2022-08-08,391.4812316894531,yahoo_live
2022-08-09,389.92657470703125,yahoo_live
2022-08-10,398.11663818359375,yahoo_live
2022-08-11,398.11663818359375,yahoo_live
2022-08-12,404.8563232421875,yahoo_live
2022-08-15,406.524658203125,yahoo_live
2022-08-16,407.3209228515625,yahoo_live
2022-08-17,404.4297790527344,yahoo_live
2022-08-18,405.6051940917969,yahoo_live
2022-08-19,400.1546630859375,yahoo_live
2022-08-22,391.8224182128906,yahoo_live
2022-08-23,390.8745422363281,yahoo_live
2022-08-24,392.12579345703125,yahoo_live
2022-08-25,397.6615905761719,yahoo_live
2022-08-26,384.2012023925781,yahoo_live
2022-08-29,381.6607666015625,yahoo_live
2022-08-30,377.4709777832031,yahoo_live
2022-08-31,374.5987243652344,yahoo_live
2022-09-01,375.7742004394531,yahoo_live
2022-09-02,371.8117980957031,yahoo_live
2022-09-06,370.40899658203125,yahoo_live
2022-09-07,377.0633850097656,yahoo_live
2022-09-08,379.5278625488281,yahoo_live
2022-09-09,385.4239807128906,yahoo_live
2022-09-12,389.56640625,yahoo_live
2022-09-13,372.6270446777344,yahoo_live
2022-09-14,374.0489807128906,yahoo_live
2022-09-15,369.80230712890625,yahoo_live
2022-09-16,366.9811096191406,yahoo_live
2022-09-19,369.8269958496094,yahoo_live
2022-09-20,365.58197021484375,yahoo_live
2022-09-21,359.20477294921875,yahoo_live
2022-09-22,356.1875305175781,yahoo_live
2022-09-23,350.2196960449219,yahoo_live
2022-09-26,346.75506591796875,yahoo_live
2022-09-27,345.869873046875,yahoo_live
2022-09-28,352.67535400390625,yahoo_live
2022-09-29,345.3083190917969,yahoo_live
2022-09-30,339.9686584472656,yahoo_live
2022-10-03,348.9443054199219,yahoo_live
2022-10-04,359.7568359375,yahoo_live
2022-10-05,358.9192810058594,yahoo_live
2022-10-06,355.2167053222656,yahoo_live
2022-10-07,345.3083190917969,yahoo_live
2022-10-10,342.6717529296875,yahoo_live
2022-10-11,340.5015563964844,yahoo_live
2022-10-12,339.3785400390625,yahoo_live
2022-10-13,348.33502197265625,yahoo_live
2022-10-14,340.3969421386719,yahoo_live
2022-10-17,349.1441650390625,yahoo_live
2022-10-18,353.2464294433594,yahoo_live
2022-10-19,350.7431335449219,yahoo_live
2022-10-20,347.8020324707031,yahoo_live
2022-10-21,356.2541198730469,yahoo_live
2022-10-24,360.61346435546875,yahoo_live
2022-10-25,366.3719177246094,yahoo_live
2022-10-26,363.61163330078125,yahoo_live
2022-10-27,361.6699523925781,yahoo_live
2022-10-28,370.2743835449219,yahoo_live
2022-10-31,367.5997314453125,yahoo_live
2022-11-01,365.9911804199219,yahoo_live
2022-11-02,356.8062438964844,yahoo_live
2022-11-03,353.13226318359375,yahoo_live
2022-11-04,358.2148742675781,yahoo_live
2022-11-07,361.64141845703125,yahoo_live
2022-11-08,363.5926513671875,yahoo_live
2022-11-09,356.1018981933594,yahoo_live
2022-11-10,375.67108154296875,yahoo_live
2022-11-11,379.30706787109375,yahoo_live
2022-11-14,376.0804443359375,yahoo_live
2022-11-15,379.2879943847656,yahoo_live
2022-11-16,376.3945007324219,yahoo_live
2022-11-17,375.2428283691406,yahoo_live
2022-11-18,376.9466552734375,yahoo_live
2022-11-21,375.5759582519531,yahoo_live
2022-11-22,380.6300964355469,yahoo_live
2022-11-23,383.02862548828125,yahoo_live
2022-11-25,382.9429931640625,yahoo_live
2022-11-28,376.8323974609375,yahoo_live
2022-11-29,376.1851501464844,yahoo_live
2022-11-30,388.03515625,yahoo_live
2022-12-01,387.7496032714844,yahoo_live
2022-12-02,387.3022766113281,yahoo_live
2022-12-05,380.3349914550781,yahoo_live
2022-12-06,374.8525695800781,yahoo_live
2022-12-07,374.2148742675781,yahoo_live
2022-12-08,377.14642333984375,yahoo_live
2022-12-09,374.3291015625,yahoo_live
2022-12-12,379.72589111328125,yahoo_live
2022-12-13,382.600341796875,yahoo_live
2022-12-14,380.1541748046875,yahoo_live
2022-12-15,370.85504150390625,yahoo_live
2022-12-16,366.4765930175781,yahoo_live
2022-12-19,363.36895751953125,yahoo_live
2022-12-20,363.8662414550781,yahoo_live
2022-12-21,369.30694580078125,yahoo_live
2022-12-22,364.0382995605469,yahoo_live
2022-12-23,366.1323547363281,yahoo_live
2022-12-27,364.6885070800781,yahoo_live
2022-12-28,360.1562194824219,yahoo_live
2022-12-29,366.6391906738281,yahoo_live
2022-12-30,365.67340087890625,yahoo_live
2023-01-03,364.1339416503906,yahoo_live
2023-01-04,366.9451599121094,yahoo_live
2023-01-05,362.75701904296875,yahoo_live
2023-01-06,371.07586669921875,yahoo_live
2023-01-09,370.86553955078125,yahoo_live
2023-01-10,373.4663391113281,yahoo_live
2023-01-11,378.18988037109375,yahoo_live
2023-01-12,379.5668029785156,yahoo_live
2023-01-13,381.039306640625,yahoo_live
2023-01-17,380.3412780761719,yahoo_live
2023-01-18,374.3364562988281,yahoo_live
2023-01-19,371.611328125,yahoo_live
2023-01-20,378.5340881347656,yahoo_live
2023-01-23,383.075927734375,yahoo_live
2023-01-24,382.6648254394531,yahoo_live
2023-01-25,382.8081970214844,yahoo_live
2023-01-26,387.0154113769531,yahoo_live
2023-01-27,387.9046630859375,yahoo_live
2023-01-30,383.0376892089844,yahoo_live
2023-01-31,388.669677734375,yahoo_live
2023-02-01,392.80035400390625,yahoo_live
2023-02-02,398.5182800292969,yahoo_live
2023-02-03,394.2825012207031,yahoo_live
2023-02-06,391.8728332519531,yahoo_live
2023-02-07,396.9980163574219,yahoo_live
2023-02-08,392.6568908691406,yahoo_live
2023-02-09,389.2529296875,yahoo_live
2023-02-10,390.16131591796875,yahoo_live
2023-02-13,394.7413635253906,yahoo_live
2023-02-14,394.5597839355469,yahoo_live
2023-02-15,395.841064453125,yahoo_live
2023-02-16,390.3907775878906,yahoo_live
2023-02-17,389.4154968261719,yahoo_live
2023-02-21,381.6033935546875,yahoo_live
2023-02-22,381.0775146484375,yahoo_live
2023-02-23,383.10467529296875,yahoo_live
2023-02-24,379.0122375488281,yahoo_live
2023-02-27,380.30303955078125,yahoo_live
2023-02-28,378.8974914550781,yahoo_live
2023-03-01,377.4440612792969,yahoo_live
2023-03-02,380.3794860839844,yahoo_live
2023-03-03,386.4800109863281,yahoo_live
2023-03-06,386.7477111816406,yahoo_live
2023-03-07,380.8193664550781,yahoo_live
2023-03-08,381.4410095214844,yahoo_live
2023-03-09,374.4034118652344,yahoo_live
2023-03-10,369.00091552734375,yahoo_live
2023-03-13,368.4749755859375,yahoo_live
2023-03-14,374.5659484863281,yahoo_live
2023-03-15,372.2232666015625,yahoo_live
2023-03-16,378.7540283203125,yahoo_live
2023-03-17,374.3253173828125,yahoo_live
2023-03-20,377.9247131347656,yahoo_live
2023-03-21,382.8870544433594,yahoo_live
2023-03-22,376.36016845703125,yahoo_live
2023-03-23,377.37762451171875,yahoo_live
2023-03-24,379.8539733886719,yahoo_live
2023-03-27,380.56427001953125,yahoo_live
2023-03-28,379.71002197265625,yahoo_live
2023-03-29,385.22906494140625,yahoo_live
2023-03-30,387.4847106933594,yahoo_live
2023-03-31,392.9460754394531,yahoo_live
2023-04-03,394.44354248046875,yahoo_live
2023-04-04,392.2550354003906,yahoo_live
2023-04-05,391.22802734375,yahoo_live
2023-04-06,392.7541809082031,yahoo_live
2023-04-10,393.1572570800781,yahoo_live
2023-04-11,393.2628173828125,yahoo_live
2023-04-12,391.659912109375,yahoo_live
2023-04-13,396.86224365234375,yahoo_live
2023-04-14,395.89276123046875,yahoo_live
2023-04-17,397.3133544921875,yahoo_live
2023-04-18,397.5724792480469,yahoo_live
2023-04-19,397.50537109375,yahoo_live
2023-04-20,395.3360900878906,yahoo_live
2023-04-21,395.64324951171875,yahoo_live
2023-04-24,396.0559997558594,yahoo_live
2023-04-25,389.7690734863281,yahoo_live
2023-04-26,388.1181335449219,yahoo_live
2023-04-27,395.84478759765625,yahoo_live
2023-04-28,399.2234191894531,yahoo_live
2023-05-01,398.8203125,yahoo_live
2023-05-02,394.3378601074219,yahoo_live
2023-05-03,391.6311340332031,yahoo_live
2023-05-04,388.85723876953125,yahoo_live
2023-05-05,396.0559997558594,yahoo_live
2023-05-08,396.1615905761719,yahoo_live
2023-05-09,394.42425537109375,yahoo_live
2023-05-10,396.2671203613281,yahoo_live
2023-05-11,395.5760803222656,yahoo_live
2023-05-12,395.0577697753906,yahoo_live
2023-05-15,396.4207458496094,yahoo_live
2023-05-16,393.7715759277344,yahoo_live
2023-05-17,398.5515441894531,yahoo_live
2023-05-18,402.3908996582031,yahoo_live
2023-05-19,401.8053894042969,yahoo_live
2023-05-22,401.9685363769531,yahoo_live
2023-05-23,397.45733642578125,yahoo_live
2023-05-24,394.57781982421875,yahoo_live
2023-05-25,397.99481201171875,yahoo_live
2023-05-26,403.14910888671875,yahoo_live
2023-05-30,403.3027038574219,yahoo_live
2023-05-31,401.0662841796875,yahoo_live
2023-06-01,404.8768310546875,yahoo_live
2023-06-02,410.7318115234375,yahoo_live
2023-06-05,409.94476318359375,yahoo_live
2023-06-06,410.83740234375,yahoo_live
2023-06-07,409.4168701171875,yahoo_live
2023-06-08,411.8932800292969,yahoo_live
2023-06-09,412.63226318359375,yahoo_live
2023-06-12,416.3756408691406,yahoo_live
2023-06-13,419.12078857421875,yahoo_live
2023-06-14,419.619873046875,yahoo_live
2023-06-15,424.8221435546875,yahoo_live
2023-06-16,423.3751220703125,yahoo_live
2023-06-20,421.1785888671875,yahoo_live
2023-06-21,419.0205383300781,yahoo_live
2023-06-22,420.53314208984375,yahoo_live
2023-06-23,417.3539123535156,yahoo_live
2023-06-26,415.6487121582031,yahoo_live
2023-06-27,420.20556640625,yahoo_live
2023-06-28,420.41754150390625,yahoo_live
2023-06-29,422.0745849609375,yahoo_live
2023-06-30,427.0553283691406,yahoo_live
2023-07-03,427.54669189453125,yahoo_live
2023-07-05,426.91082763671875,yahoo_live
2023-07-06,423.5678405761719,yahoo_live
2023-07-07,422.4984436035156,yahoo_live
2023-07-10,423.5678405761719,yahoo_live
2023-07-11,426.26531982421875,yahoo_live
2023-07-12,429.6950378417969,yahoo_live
2023-07-13,433.10546875,yahoo_live
2023-07-14,432.8356628417969,yahoo_live
2023-07-17,434.3386535644531,yahoo_live
2023-07-18,437.5660095214844,yahoo_live
2023-07-19,438.5390625,yahoo_live
2023-07-20,435.6295471191406,yahoo_live
2023-07-21,435.6295471191406,yahoo_live
2023-07-24,437.5757141113281,yahoo_live
2023-07-25,438.7702331542969,yahoo_live
2023-07-26,438.83770751953125,yahoo_live
2023-07-27,435.92822265625,yahoo_live
2023-07-28,440.19610595703125,yahoo_live
2023-07-31,441.0342712402344,yahoo_live
2023-08-01,439.7721862792969,yahoo_live
2023-08-02,433.6546630859375,yahoo_live
2023-08-03,432.41180419921875,yahoo_live
2023-08-04,430.45611572265625,yahoo_live
2023-08-07,434.21331787109375,yahoo_live
2023-08-08,432.32513427734375,yahoo_live
2023-08-09,429.43499755859375,yahoo_live
2023-08-10,429.5890808105469,yahoo_live
2023-08-11,429.33856201171875,yahoo_live
2023-08-14,431.7085876464844,yahoo_live
2023-08-15,426.6795654296875,yahoo_live
2023-08-16,423.5485534667969,yahoo_live
2023-08-17,420.32122802734375,yahoo_live
2023-08-18,420.52349853515625,yahoo_live
2023-08-21,423.25958251953125,yahoo_live
2023-08-22,422.1130676269531,yahoo_live
2023-08-23,426.814453125,yahoo_live
2023-08-24,420.8992004394531,yahoo_live
2023-08-25,423.8664855957031,yahoo_live
2023-08-28,426.5544128417969,yahoo_live
2023-08-29,432.7201232910156,yahoo_live
2023-08-30,434.5024108886719,yahoo_live
2023-08-31,433.8665466308594,yahoo_live
2023-09-01,434.67584228515625,yahoo_live
2023-09-05,432.79718017578125,yahoo_live
2023-09-06,429.8877258300781,yahoo_live
2023-09-07,428.5678405761719,yahoo_live
2023-09-08,429.2133483886719,yahoo_live
2023-09-11,432.0361328125,yahoo_live
2023-09-12,429.6661682128906,yahoo_live
2023-09-13,430.16717529296875,yahoo_live
2023-09-14,433.8761901855469,yahoo_live
2023-09-15,428.648681640625,yahoo_live
2023-09-18,428.900146484375,yahoo_live
2023-09-19,428.0105895996094,yahoo_live
2023-09-20,424.0758056640625,yahoo_live
2023-09-21,417.0664978027344,yahoo_live
2023-09-22,416.12872314453125,yahoo_live
2023-09-25,417.8785705566406,yahoo_live
2023-09-26,411.73944091796875,yahoo_live
2023-09-27,411.9038391113281,yahoo_live
2023-09-28,414.29180908203125,yahoo_live
2023-09-29,413.2863464355469,yahoo_live
2023-10-02,413.1219787597656,yahoo_live
2023-10-03,407.5919189453125,yahoo_live
2023-10-04,410.5599365234375,yahoo_live
2023-10-05,410.4052734375,yahoo_live
2023-10-06,415.2779235839844,yahoo_live
2023-10-09,417.9366149902344,yahoo_live
2023-10-10,420.11187744140625,yahoo_live
2023-10-11,421.832763671875,yahoo_live
2023-10-12,419.2611083984375,yahoo_live
2023-10-13,417.1728515625,yahoo_live
2023-10-16,421.5620422363281,yahoo_live
2023-10-17,421.542724609375,yahoo_live
2023-10-18,415.9256286621094,yahoo_live
2023-10-19,412.2711486816406,yahoo_live
2023-10-20,407.2051696777344,yahoo_live
2023-10-23,406.4993591308594,yahoo_live
2023-10-24,409.5641174316406,yahoo_live
2023-10-25,403.6859436035156,yahoo_live
2023-10-26,398.85205078125,yahoo_live
2023-10-27,397.0440979003906,yahoo_live
2023-10-30,401.7911071777344,yahoo_live
2023-10-31,404.31439208984375,yahoo_live
2023-11-01,408.62640380859375,yahoo_live
2023-11-02,416.4573669433594,yahoo_live
2023-11-03,420.2569580078125,yahoo_live
2023-11-06,421.22369384765625,yahoo_live
2023-11-07,422.4225158691406,yahoo_live
2023-11-08,422.73187255859375,yahoo_live
2023-11-09,419.4350891113281,yahoo_live
2023-11-10,425.9803161621094,yahoo_live
2023-11-13,425.5743713378906,yahoo_live
2023-11-14,433.830810546875,yahoo_live
2023-11-15,434.7491760253906,yahoo_live
2023-11-16,435.28094482421875,yahoo_live
2023-11-17,435.82232666015625,yahoo_live
2023-11-20,439.17718505859375,yahoo_live
2023-11-21,438.219970703125,yahoo_live
2023-11-22,439.911865234375,yahoo_live
2023-11-24,440.1825866699219,yahoo_live
2023-11-27,439.38983154296875,yahoo_live
2023-11-28,439.8248596191406,yahoo_live
2023-11-29,439.5154724121094,yahoo_live
2023-11-30,441.2460632324219,yahoo_live
2023-12-01,443.8564453125,yahoo_live
2023-12-04,441.5264587402344,yahoo_live
2023-12-05,441.4394226074219,yahoo_live
2023-12-06,439.6605224609375,yahoo_live
2023-12-07,443.01531982421875,yahoo_live
2023-12-08,444.9198913574219,yahoo_live
2023-12-11,446.6504211425781,yahoo_live
2023-12-12,448.6904296875,yahoo_live
2023-12-13,454.8779296875,yahoo_live
2023-12-14,456.3377380371094,yahoo_live
2023-12-15,455.58642578125,yahoo_live
2023-12-18,458.1491394042969,yahoo_live
2023-12-19,460.93505859375,yahoo_live
2023-12-20,454.5477600097656,yahoo_live
2023-12-21,458.8577880859375,yahoo_live
2023-12-22,459.7798767089844,yahoo_live
2023-12-26,461.72137451171875,yahoo_live
2023-12-27,462.5561828613281,yahoo_live
2023-12-28,462.7309265136719,yahoo_live
2023-12-29,461.39129638671875,yahoo_live
2024-01-02,458.8091735839844,yahoo_live
2024-01-03,455.062255859375,yahoo_live
2024-01-04,453.596435546875,yahoo_live
2024-01-05,454.2176818847656,yahoo_live
2024-01-08,460.7021484375,yahoo_live
2024-01-09,460.0032043457031,yahoo_live
2024-01-10,462.604736328125,yahoo_live
2024-01-11,462.40081787109375,yahoo_live
2024-01-12,462.7212219238281,yahoo_live
2024-01-16,461.0224609375,yahoo_live
2024-01-17,458.45977783203125,yahoo_live
2024-01-18,462.5367431640625,yahoo_live
2024-01-19,468.30279541015625,yahoo_live
2024-01-22,469.2929992675781,yahoo_live
2024-01-23,470.66168212890625,yahoo_live
2024-01-24,471.1761169433594,yahoo_live
2024-01-25,473.73883056640625,yahoo_live
2024-01-26,473.136962890625,yahoo_live
2024-01-29,476.8839111328125,yahoo_live
2024-01-30,476.51507568359375,yahoo_live
2024-01-31,468.7396240234375,yahoo_live
2024-02-01,474.87457275390625,yahoo_live
2024-02-02,479.873779296875,yahoo_live
2024-02-05,478.12646484375,yahoo_live
2024-02-06,479.5146179199219,yahoo_live
2024-02-07,483.5139465332031,yahoo_live
2024-02-08,483.7275085449219,yahoo_live
2024-02-09,486.523193359375,yahoo_live
2024-02-12,486.3096008300781,yahoo_live
2024-02-13,479.6116943359375,yahoo_live
2024-02-14,483.9701843261719,yahoo_live
2024-02-15,487.3094177246094,yahoo_live
2024-02-16,484.8826904296875,yahoo_live
2024-02-20,482.21319580078125,yahoo_live
2024-02-21,482.6499938964844,yahoo_live
2024-02-22,492.63873291015625,yahoo_live
2024-02-23,492.97845458984375,yahoo_live
2024-02-26,491.1728820800781,yahoo_live
2024-02-27,492.08538818359375,yahoo_live
2024-02-28,491.43499755859375,yahoo_live
2024-02-29,493.2016906738281,yahoo_live
2024-03-01,497.8320617675781,yahoo_live
2024-03-04,497.298095703125,yahoo_live
2024-03-05,492.32806396484375,yahoo_live
2024-03-06,494.82281494140625,yahoo_live
2024-03-07,499.734619140625,yahoo_live
2024-03-08,496.7350769042969,yahoo_live
2024-03-11,496.3079833984375,yahoo_live
2024-03-12,501.6469421386719,yahoo_live
2024-03-13,500.8606262207031,yahoo_live
2024-03-14,499.87054443359375,yahoo_live
2024-03-15,496.4380798339844,yahoo_live
2024-03-18,499.3885192871094,yahoo_live
2024-03-19,502.1636657714844,yahoo_live
2024-03-20,506.8083190917969,yahoo_live
2024-03-21,508.48321533203125,yahoo_live
2024-03-22,507.51922607421875,yahoo_live
2024-03-25,506.1170654296875,yahoo_live
2024-03-26,505.1822509765625,yahoo_live
2024-03-27,509.427734375,yahoo_live
2024-03-28,509.3302917480469,yahoo_live
2024-04-01,508.4442443847656,yahoo_live
2024-04-02,505.2115478515625,yahoo_live
2024-04-03,505.7664489746094,yahoo_live
2024-04-04,499.59307861328125,yahoo_live
2024-04-05,504.81219482421875,yahoo_live
2024-04-08,505.0945739746094,yahoo_live
2024-04-09,505.6788330078125,yahoo_live
2024-04-10,500.6153869628906,yahoo_live
2024-04-11,504.39349365234375,yahoo_live
2024-04-12,497.43133544921875,yahoo_live
2024-04-15,491.1994934082031,yahoo_live
2024-04-16,490.3036193847656,yahoo_live
2024-04-17,487.4018859863281,yahoo_live
2024-04-18,486.3988952636719,yahoo_live
2024-04-19,482.15350341796875,yahoo_live
2024-04-22,486.59368896484375,yahoo_live
2024-04-23,492.367919921875,yahoo_live
2024-04-24,492.13421630859375,yahoo_live
2024-04-25,490.2646789550781,yahoo_live
2024-04-26,494.90936279296875,yahoo_live
2024-04-29,496.662109375,yahoo_live
2024-04-30,488.7943115234375,yahoo_live
2024-05-01,487.2071838378906,yahoo_live
2024-05-02,491.76422119140625,yahoo_live
2024-05-03,497.85980224609375,yahoo_live
2024-05-06,503.0010986328125,yahoo_live
2024-05-07,503.55615234375,yahoo_live
2024-05-08,503.6047668457031,yahoo_live
2024-05-09,506.5064697265625,yahoo_live
2024-05-10,507.1589660644531,yahoo_live
2024-05-13,507.2270202636719,yahoo_live
2024-05-14,509.5542907714844,yahoo_live
2024-05-15,515.8641357421875,yahoo_live
2024-05-16,514.802734375,yahoo_live
2024-05-17,515.542724609375,yahoo_live
2024-05-20,516.1367797851562,yahoo_live
2024-05-21,517.402587890625,yahoo_live
2024-05-22,515.9127197265625,yahoo_live
2024-05-23,512.1444702148438,yahoo_live
2024-05-24,515.5331420898438,yahoo_live
2024-05-28,515.8932495117188,yahoo_live
2024-05-29,512.2807006835938,yahoo_live
2024-05-30,508.8824157714844,yahoo_live
2024-05-31,513.517333984375,yahoo_live
2024-06-03,513.9360961914062,yahoo_live
2024-06-04,514.5106201171875,yahoo_live
2024-06-05,520.6256103515625,yahoo_live
2024-06-06,520.6158447265625,yahoo_live
2024-06-07,519.9829711914062,yahoo_live
2024-06-10,521.5896606445312,yahoo_live
2024-06-11,522.8457641601562,yahoo_live
2024-06-12,527.1399536132812,yahoo_live
2024-06-13,528.2012329101562,yahoo_live
2024-06-14,528.5227661132812,yahoo_live
2024-06-17,532.7291870117188,yahoo_live
2024-06-18,534.0826416015625,yahoo_live
2024-06-20,532.6317749023438,yahoo_live
2024-06-21,531.917724609375,yahoo_live
2024-06-24,530.1885986328125,yahoo_live
2024-06-25,532.2302856445312,yahoo_live
2024-06-26,532.89453125,yahoo_live
2024-06-27,533.7346801757812,yahoo_live
2024-06-28,531.63427734375,yahoo_live
2024-07-01,532.728515625,yahoo_live
2024-07-02,536.3135986328125,yahoo_live
2024-07-03,538.7069091796875,yahoo_live
2024-07-05,541.8134155273438,yahoo_live
2024-07-08,542.438720703125,yahoo_live
2024-07-09,542.9661254882812,yahoo_live
2024-07-10,548.3389282226562,yahoo_live
2024-07-11,543.6109008789062,yahoo_live
2024-07-12,547.0396728515625,yahoo_live
2024-07-15,548.5441284179688,yahoo_live
2024-07-16,551.7969970703125,yahoo_live
2024-07-17,544.0602416992188,yahoo_live
2024-07-18,539.8792114257812,yahoo_live
2024-07-19,536.2940063476562,yahoo_live
2024-07-22,541.8233032226562,yahoo_live
2024-07-23,540.973388671875,yahoo_live
2024-07-24,528.7135009765625,yahoo_live
2024-07-25,525.958740234375,yahoo_live
2024-07-26,531.8493041992188,yahoo_live
2024-07-29,532.1619262695312,yahoo_live
2024-07-30,529.4657592773438,yahoo_live
2024-07-31,538.0719604492188,yahoo_live
2024-08-01,530.4523315429688,yahoo_live
2024-08-02,520.5762329101562,yahoo_live
2024-08-05,505.41510009765625,yahoo_live
2024-08-06,510.0748291015625,yahoo_live
2024-08-07,506.66546630859375,yahoo_live
2024-08-08,518.378173828125,yahoo_live
2024-08-09,520.6640625,yahoo_live
2024-08-12,520.9376220703125,yahoo_live
2024-08-13,529.5048217773438,yahoo_live
2024-08-14,531.1752319335938,yahoo_live
2024-08-15,540.2798461914062,yahoo_live
2024-08-16,541.4910888671875,yahoo_live
2024-08-19,546.6683959960938,yahoo_live
2024-08-20,545.7794799804688,yahoo_live
2024-08-21,547.6550903320312,yahoo_live
2024-08-22,543.3568725585938,yahoo_live
2024-08-23,549.1302490234375,yahoo_live
2024-08-26,547.8211669921875,yahoo_live
2024-08-27,548.5733642578125,yahoo_live
2024-08-28,545.3887329101562,yahoo_live
2024-08-29,545.4375610351562,yahoo_live
2024-08-30,550.6443481445312,yahoo_live
2024-09-03,539.3126831054688,yahoo_live
2024-09-04,538.2088012695312,yahoo_live
2024-09-05,536.8997802734375,yahoo_live
2024-09-06,527.8635864257812,yahoo_live
2024-09-09,533.7737426757812,yahoo_live
2024-09-10,536.0987548828125,yahoo_live
2024-09-11,541.5985107421875,yahoo_live
2024-09-12,546.1605834960938,yahoo_live
2024-09-13,549.012939453125,yahoo_live
2024-09-16,549.8237915039062,yahoo_live
2024-09-17,550.0484619140625,yahoo_live
2024-09-18,548.4171142578125,yahoo_live
2024-09-19,557.7755126953125,yahoo_live
2024-09-20,556.8114013671875,yahoo_live
2024-09-23,558.2027587890625,yahoo_live
2024-09-24,559.7999267578125,yahoo_live
2024-09-25,558.565185546875,yahoo_live
2024-09-26,560.77978515625,yahoo_live
2024-09-27,559.9664306640625,yahoo_live
2024-09-30,562.2103271484375,yahoo_live
2024-10-01,557.173828125,yahoo_live
2024-10-02,557.4091186523438,yahoo_live
2024-10-03,556.3900756835938,yahoo_live
2024-10-04,561.4461669921875,yahoo_live
2024-10-07,556.3704223632812,yahoo_live
2024-10-08,561.63232421875,yahoo_live
2024-10-09,565.5224609375,yahoo_live
2024-10-10,564.53271484375,yahoo_live
2024-10-11,567.9132690429688,yahoo_live
2024-10-14,572.557861328125,yahoo_live
2024-10-15,568.1092529296875,yahoo_live
2024-10-16,570.5785522460938,yahoo_live
2024-10-17,570.62744140625,yahoo_live
2024-10-18,572.8224487304688,yahoo_live
2024-10-21,571.8818359375,yahoo_live
2024-10-22,571.5780029296875,yahoo_live
2024-10-23,566.355224609375,yahoo_live
2024-10-24,567.5801391601562,yahoo_live
2024-10-25,567.384033203125,yahoo_live
2024-10-28,569.13818359375,yahoo_live
2024-10-29,570.0592651367188,yahoo_live
2024-10-30,568.3346557617188,yahoo_live
2024-10-31,557.1934204101562,yahoo_live
2024-11-01,559.545166015625,yahoo_live
2024-11-04,558.33984375,yahoo_live
2024-11-05,565.0913696289062,yahoo_live
2024-11-06,579.142578125,yahoo_live
2024-11-07,583.62060546875,yahoo_live
2024-11-08,586.148681640625,yahoo_live
2024-11-11,586.7073364257812,yahoo_live
2024-11-12,584.884765625,yahoo_live
2024-11-13,585.1688232421875,yahoo_live
2024-11-14,581.4061889648438,yahoo_live
2024-11-15,573.9591064453125,yahoo_live
2024-11-18,576.310791015625,yahoo_live
2024-11-19,578.41748046875,yahoo_live
2024-11-20,578.6134033203125,yahoo_live
2024-11-21,581.7196044921875,yahoo_live
2024-11-22,583.5225830078125,yahoo_live
2024-11-25,585.5018310546875,yahoo_live
2024-11-26,588.5592041015625,yahoo_live
2024-11-27,586.7758178710938,yahoo_live
2024-11-29,590.4208374023438,yahoo_live
2024-12-02,591.4791259765625,yahoo_live
2024-12-03,591.7536010742188,yahoo_live
2024-12-04,595.4280395507812,yahoo_live
2024-12-05,594.4481201171875,yahoo_live
2024-12-06,595.5750732421875,yahoo_live
2024-12-09,592.5079956054688,yahoo_live
2024-12-10,590.6658325195312,yahoo_live
2024-12-11,595.2321166992188,yahoo_live
2024-12-12,592.1651611328125,yahoo_live
2024-12-13,592.0474853515625,yahoo_live
2024-12-16,594.575439453125,yahoo_live
2024-12-17,592.1258544921875,yahoo_live
2024-12-18,574.4783935546875,yahoo_live
2024-12-19,574.302001953125,yahoo_live
2024-12-20,581.199951171875,yahoo_live
2024-12-23,584.6802978515625,yahoo_live
2024-12-24,591.1790771484375,yahoo_live
2024-12-26,591.2184448242188,yahoo_live
2024-12-27,584.9950561523438,yahoo_live
2024-12-30,578.3192138671875,yahoo_live
2024-12-31,576.2152709960938,yahoo_live
2025-01-02,574.799560546875,yahoo_live
2025-01-03,581.9864501953125,yahoo_live
2025-01-06,585.3389892578125,yahoo_live
2025-01-07,578.7222900390625,yahoo_live
2025-01-08,579.5678100585938,yahoo_live
2025-01-10,570.7193603515625,yahoo_live
2025-01-13,571.604248046875,yahoo_live
2025-01-14,572.3907470703125,yahoo_live
2025-01-15,582.8025512695312,yahoo_live
2025-01-16,581.681640625,yahoo_live
2025-01-17,587.521728515625,yahoo_live
2025-01-21,592.8995971679688,yahoo_live
2025-01-22,596.2326049804688,yahoo_live
2025-01-23,599.48681640625,yahoo_live
2025-01-24,597.7368774414062,yahoo_live
2025-01-27,589.2815551757812,yahoo_live
2025-01-28,594.344970703125,yahoo_live
2025-01-29,591.6804809570312,yahoo_live
2025-01-30,594.8561401367188,yahoo_live
2025-01-31,591.6903686523438,yahoo_live
2025-02-03,587.7085571289062,yahoo_live
2025-02-04,591.6510620117188,yahoo_live
2025-02-05,594.0498657226562,yahoo_live
2025-02-06,596.1146240234375,yahoo_live
2025-02-07,590.6580200195312,yahoo_live
2025-02-10,594.6693725585938,yahoo_live
2025-02-11,595.1216430664062,yahoo_live
2025-02-12,593.204345703125,yahoo_live
2025-02-13,599.4671630859375,yahoo_live
2025-02-14,599.4376831054688,yahoo_live
2025-02-18,601.1975708007812,yahoo_live
2025-02-19,602.6133422851562,yahoo_live
2025-02-20,600.1062622070312,yahoo_live
2025-02-21,589.8419799804688,yahoo_live
2025-02-24,587.1580200195312,yahoo_live
2025-02-25,584.2379150390625,yahoo_live
2025-02-26,584.532958984375,yahoo_live
2025-02-27,575.2025146484375,yahoo_live
2025-02-28,584.178955078125,yahoo_live
2025-03-03,573.9441528320312,yahoo_live
2025-03-04,567.1504516601562,yahoo_live
2025-03-05,573.24609375,yahoo_live
2025-03-06,563.0703735351562,yahoo_live
2025-03-07,566.2262573242188,yahoo_live
2025-03-10,551.1444702148438,yahoo_live
2025-03-11,546.5628051757812,yahoo_live
2025-03-12,549.4632568359375,yahoo_live
2025-03-13,542.1386108398438,yahoo_live
2025-03-14,553.3369750976562,yahoo_live
2025-03-17,557.6039428710938,yahoo_live
2025-03-18,551.5770874023438,yahoo_live
2025-03-19,557.5842895507812,yahoo_live
2025-03-20,555.9717407226562,yahoo_live
2025-03-21,556.1552734375,yahoo_live
2025-03-24,566.1151733398438,yahoo_live
2025-03-25,567.4760131835938,yahoo_live
2025-03-26,560.7013549804688,yahoo_live
2025-03-27,559.2122802734375,yahoo_live
2025-03-28,547.95068359375,yahoo_live
2025-03-31,551.62890625,yahoo_live
2025-04-01,553.18701171875,yahoo_live
2025-04-02,556.687744140625,yahoo_live
2025-04-03,529.2537231445312,yahoo_live
2025-04-04,498.26971435546875,yahoo_live
2025-04-07,497.38214111328125,yahoo_live
2025-04-08,489.591796875,yahoo_live
2025-04-09,541.0084228515625,yahoo_live
2025-04-10,517.3019409179688,yahoo_live
2025-04-11,526.5320434570312,yahoo_live
2025-04-14,531.6401977539062,yahoo_live
2025-04-15,530.151123046875,yahoo_live
2025-04-16,518.3668823242188,yahoo_live
2025-04-17,519.1064453125,yahoo_live
2025-04-21,506.7503662109375,yahoo_live
2025-04-22,519.9348754882812,yahoo_live
2025-04-23,527.9915161132812,yahoo_live
2025-04-24,539.1051635742188,yahoo_live
2025-04-25,543.0003662109375,yahoo_live
2025-04-28,543.2073974609375,yahoo_live
2025-04-29,546.6292724609375,yahoo_live
2025-04-30,546.8462524414062,yahoo_live
2025-05-01,550.7216186523438,yahoo_live
2025-05-02,558.8966674804688,yahoo_live
2025-05-05,555.6918334960938,yahoo_live
2025-05-06,551.0471801757812,yahoo_live
2025-05-07,553.3645629882812,yahoo_live
2025-05-08,557.22021484375,yahoo_live
2025-05-09,556.51025390625,yahoo_live
2025-05-12,574.9015502929688,yahoo_live
2025-05-13,578.6981811523438,yahoo_live
2025-05-14,579.437744140625,yahoo_live
2025-05-15,582.2678833007812,yahoo_live
2025-05-16,585.9559936523438,yahoo_live
2025-05-19,586.5969848632812,yahoo_live
2025-05-20,584.6246948242188,yahoo_live
2025-05-21,574.7733154296875,yahoo_live
2025-05-22,575.0001831054688,yahoo_live
2025-05-23,571.0753784179688,yahoo_live
2025-05-27,582.9483032226562,yahoo_live
2025-05-28,579.5758056640625,yahoo_live
2025-05-29,581.8635864257812,yahoo_live
2025-05-30,581.2127075195312,yahoo_live
2025-06-02,584.4866943359375,yahoo_live
2025-06-03,587.8198852539062,yahoo_live
2025-06-04,587.6619262695312,yahoo_live
2025-06-05,584.8218994140625,yahoo_live
2025-06-06,590.8275146484375,yahoo_live
2025-06-09,591.3599243164062,yahoo_live
2025-06-10,594.7128295898438,yahoo_live
2025-06-11,593.0165405273438,yahoo_live
2025-06-12,595.37353515625,yahoo_live
2025-06-13,588.7171020507812,yahoo_live
2025-06-16,594.318359375,yahoo_live
2025-06-17,589.2398071289062,yahoo_live
2025-06-18,589.1510620117188,yahoo_live
2025-06-20,587.7673950195312,yahoo_live
2025-06-23,593.5730590820312,yahoo_live
2025-06-24,600.1304321289062,yahoo_live
2025-06-25,600.4666748046875,yahoo_live
2025-06-26,605.16455078125,yahoo_live
2025-06-27,608.1712646484375,yahoo_live
2025-06-30,611.0791015625,yahoo_live
2025-07-01,610.8812866210938,yahoo_live
2025-07-02,613.650634765625,yahoo_live
2025-07-03,618.4869995117188,yahoo_live
2025-07-07,613.8780517578125,yahoo_live
2025-07-08,613.5418090820312,yahoo_live
2025-07-09,617.2210693359375,yahoo_live
2025-07-10,618.9617309570312,yahoo_live
2025-07-11,616.7858276367188,yahoo_live
2025-07-14,617.9628295898438,yahoo_live
2025-07-15,615.3220825195312,yahoo_live
2025-07-16,617.3792724609375,yahoo_live
2025-07-17,621.1573486328125,yahoo_live
2025-07-18,620.7024536132812,yahoo_live
2025-07-21,621.87939453125,yahoo_live
2025-07-22,621.9683837890625,yahoo_live
2025-07-23,627.2598266601562,yahoo_live
2025-07-24,627.4674072265625,yahoo_live
2025-07-25,630.1181030273438,yahoo_live
2025-07-28,629.9598388671875,yahoo_live
2025-07-29,628.29833984375,yahoo_live
2025-07-30,627.5070190429688,yahoo_live
2025-07-31,625.1531372070312,yahoo_live
2025-08-01,614.9066772460938,yahoo_live
2025-08-04,624.2530517578125,yahoo_live
2025-08-05,621.088134765625,yahoo_live
2025-08-06,625.845458984375,yahoo_live
2025-08-07,625.3212280273438,yahoo_live
2025-08-08,630.1972045898438,yahoo_live
2025-08-11,628.9509887695312,yahoo_live
2025-08-12,635.6468505859375,yahoo_live
2025-08-13,637.82275390625,yahoo_live
2025-08-14,637.882080078125,yahoo_live
2025-08-15,636.388671875,yahoo_live
2025-08-18,636.2501220703125,yahoo_live
2025-08-19,632.7984008789062,yahoo_live
2025-08-20,631.1170043945312,yahoo_live
2025-08-21,628.5851440429688,yahoo_live
2025-08-22,638.2380981445312,yahoo_live
2025-08-25,635.4292602539062,yahoo_live
2025-08-26,638.0897216796875,yahoo_live
2025-08-27,639.543701171875,yahoo_live
2025-08-28,641.8085327148438,yahoo_live
2025-08-29,637.9810180664062,yahoo_live
2025-09-02,633.2533569335938,yahoo_live
2025-09-03,636.6853637695312,yahoo_live
2025-09-04,642.00634765625,yahoo_live
2025-09-05,640.14697265625,yahoo_live
2025-09-08,641.7195434570312,yahoo_live
2025-09-09,643.203125,yahoo_live
2025-09-10,645.0625,yahoo_live
2025-09-11,650.4232177734375,yahoo_live
2025-09-12,650.2054443359375,yahoo_live
2025-09-15,653.6671142578125,yahoo_live
2025-09-16,652.7671508789062,yahoo_live
2025-09-17,651.9561157226562,yahoo_live
2025-09-18,655.0023803710938,yahoo_live
2025-09-19,658.2465209960938,yahoo_live
2025-09-22,661.3607177734375,yahoo_live
2025-09-23,657.7606201171875,yahoo_live
2025-09-24,655.6678466796875,yahoo_live
2025-09-25,652.6429443359375,yahoo_live
2025-09-26,656.3819580078125,yahoo_live
2025-09-29,658.2266845703125,yahoo_live
2025-09-30,660.7061157226562,yahoo_live
2025-10-01,662.95751953125,yahoo_live
2025-10-02,663.7210693359375,yahoo_live
2025-10-03,663.7113037109375,yahoo_live
2025-10-06,666.0914916992188,yahoo_live
2025-10-07,663.6219482421875,yahoo_live
2025-10-08,667.5791625976562,yahoo_live
2025-10-09,665.6452026367188,yahoo_live
2025-10-10,647.6542358398438,yahoo_live
2025-10-13,657.5919189453125,yahoo_live
2025-10-14,656.78857421875,yahoo_live
2025-10-15,659.7044067382812,yahoo_live
2025-10-16,655.2116088867188,yahoo_live
2025-10-17,658.9308471679688,yahoo_live
2025-10-20,665.7840576171875,yahoo_live
2025-10-21,665.7741088867188,yahoo_live
2025-10-22,662.3128051757812,yahoo_live
2025-10-23,666.2402954101562,yahoo_live
2025-10-24,671.6851806640625,yahoo_live
2025-10-27,679.6095581054688,yahoo_live
2025-10-28,681.41455078125,yahoo_live
2025-10-29,681.7418823242188,yahoo_live
2025-10-30,674.2440185546875,yahoo_live
2025-10-31,676.4556274414062,yahoo_live
2025-11-03,677.72509765625,yahoo_live
2025-11-04,669.691650390625,yahoo_live
2025-11-05,672.012451171875,yahoo_live
2025-11-06,664.8021850585938,yahoo_live
2025-11-07,665.4567260742188,yahoo_live
2025-11-10,675.8406982421875,yahoo_live
2025-11-11,677.387939453125,yahoo_live
2025-11-12,677.7648315429688,yahoo_live
2025-11-13,666.5180053710938,yahoo_live
2025-11-14,666.4088134765625,yahoo_live
2025-11-17,660.2003173828125,yahoo_live
2025-11-18,654.65625,yahoo_live
2025-11-19,657.185302734375,yahoo_live
2025-11-20,647.1683349609375,yahoo_live
2025-11-21,653.6148681640625,yahoo_live
2025-11-24,663.2351684570312,yahoo_live
2025-11-25,669.4735717773438,yahoo_live
2025-11-26,674.09521484375,yahoo_live
2025-11-28,677.7747192382812,yahoo_live
2025-12-01,674.6803588867188,yahoo_live
2025-12-02,675.9299926757812,yahoo_live
2025-12-03,678.2706298828125,yahoo_live
2025-12-04,678.7664794921875,yahoo_live
2025-12-05,680.0557861328125,yahoo_live
2025-12-08,678.0126953125,yahoo_live
2025-12-09,677.4276123046875,yahoo_live
2025-12-10,681.92041015625,yahoo_live
2025-12-11,683.5072021484375,yahoo_live
2025-12-12,676.1581420898438,yahoo_live
2025-12-15,675.1365966796875,yahoo_live
2025-12-16,673.2918701171875,yahoo_live
2025-12-17,665.8832397460938,yahoo_live
2025-12-18,670.9115600585938,yahoo_live
2025-12-19,676.9923095703125,yahoo_live
2025-12-22,681.2098999023438,yahoo_live
2025-12-23,684.3233032226562,yahoo_live
2025-12-24,686.7305297851562,yahoo_live
2025-12-26,686.660888671875,yahoo_live
2025-12-29,684.2138671875,yahoo_live
2025-12-30,683.3783569335938,yahoo_live
2025-12-31,678.3152465820312,yahoo_live
2026-01-02,679.55859375,yahoo_live
2026-01-05,684.0845336914062,yahoo_live
2026-01-06,688.1529541015625,yahoo_live
2026-01-07,685.9347534179688,yahoo_live
2026-01-08,685.8651123046875,yahoo_live
2026-01-09,690.4010009765625,yahoo_live
2026-01-12,691.4852294921875,yahoo_live
2026-01-13,690.1026000976562,yahoo_live
2026-01-14,686.7106323242188,yahoo_live
2026-01-15,688.5806884765625,yahoo_live
2026-01-16,688.0037231445312,yahoo_live
2026-01-20,673.9981689453125,yahoo_live
2026-01-21,681.77685546875,yahoo_live
2026-01-22,685.3379516601562,yahoo_live
2026-01-23,685.5865478515625,yahoo_live
2026-01-26,689.0680541992188,yahoo_live
2026-01-27,691.8134765625,yahoo_live
2026-01-28,691.7438354492188,yahoo_live
2026-01-29,690.3711547851562,yahoo_live
2026-01-30,688.3120727539062,yahoo_live
2026-02-02,691.7339477539062,yahoo_live
2026-02-03,685.885009765625,yahoo_live
2026-02-04,682.5626831054688,yahoo_live
2026-02-05,674.0379638671875,yahoo_live
2026-02-06,686.96923828125,yahoo_live
2026-02-09,690.2816772460938,yahoo_live
2026-02-10,688.4613037109375,yahoo_live
2026-02-11,688.3021850585938,yahoo_live
2026-02-12,677.668701171875,yahoo_live
2026-02-13,678.1461181640625,yahoo_live
2026-02-17,679.2402954101562,yahoo_live
2026-02-18,682.662109375,yahoo_live
2026-02-19,680.8616333007812,yahoo_live
2026-02-20,685.7855834960938,yahoo_live
2026-02-23,678.7827758789062,yahoo_live
2026-02-24,683.7164916992188,yahoo_live
2026-02-25,689.4859008789062,yahoo_live
2026-02-26,685.6561889648438,yahoo_live
2026-02-27,682.3637084960938,yahoo_live
2026-03-02,682.751708984375,yahoo_live
2026-03-03,676.7337036132812,yahoo_live
2026-03-04,681.5082397460938,yahoo_live
2026-03-05,677.70849609375,yahoo_live
2026-03-06,668.82568359375,yahoo_live
2026-03-09,674.6845703125,yahoo_live
2026-03-10,673.6002807617188,yahoo_live
2026-03-11,672.7548217773438,yahoo_live
2026-03-12,662.5390625,yahoo_live
2026-03-13,658.7890014648438,yahoo_live
2026-03-16,665.493408203125,yahoo_live
2026-03-17,667.2440185546875,yahoo_live
2026-03-18,657.9335327148438,yahoo_live
2026-03-19,656.3121948242188,yahoo_live
2026-03-20,646.9034423828125,yahoo_live
2026-03-23,653.6959228515625,yahoo_live
2026-03-24,651.5015869140625,yahoo_live
2026-03-25,655.1322021484375,yahoo_live
2026-03-26,643.432373046875,yahoo_live
2026-03-27,632.4606323242188,yahoo_live
2026-03-30,630.3460693359375,yahoo_live
2026-03-31,648.6688842773438,yahoo_live
2026-04-01,653.5562744140625,yahoo_live
2026-04-02,654.144775390625,yahoo_live
2026-04-06,657.23681640625,yahoo_live
2026-04-07,657.5260009765625,yahoo_live
2026-04-08,674.27294921875,yahoo_live
2026-04-09,678.162841796875,yahoo_live
2026-04-10,677.7140502929688,yahoo_live
2026-04-13,684.3369750976562,yahoo_live
2026-04-14,692.675537109375,yahoo_live
2026-04-15,698.1414184570312,yahoo_live
2026-04-16,699.8569946289062,yahoo_live
2026-04-17,708.3152465820312,yahoo_live
2026-04-20,706.8988037109375,yahoo_live
2026-04-21,702.2708129882812,yahoo_live
2026-04-22,709.3825073242188,yahoo_live
2026-04-23,706.6295776367188,yahoo_live
2026-04-24,712.10546875,yahoo_live
2026-04-27,713.332275390625,yahoo_live
2026-04-28,709.8612060546875,yahoo_live
2026-04-29,709.7515258789062,yahoo_live
2026-04-30,716.8132934570312,yahoo_live
2026-05-01,718.7982177734375,yahoo_live
2026-05-04,716.1649780273438,yahoo_live
2026-05-05,721.9102172851562,yahoo_live
2026-05-06,731.9443359375,yahoo_live
2026-05-07,729.7001342773438,yahoo_live
2026-05-08,735.724609375,yahoo_live
2026-05-11,737.4002685546875,yahoo_live
2026-05-12,736.2831420898438,yahoo_live
2026-05-13,740.4025268554688,yahoo_live
2026-05-14,746.2474975585938,yahoo_live
2026-05-15,737.2706298828125,yahoo_live
2026-05-18,736.751953125,yahoo_live
2026-05-19,731.8446044921875,yahoo_live
2026-05-20,739.3452758789062,yahoo_live
2026-05-21,740.8114624023438,yahoo_live
2026-05-22,743.7239990234375,yahoo_live
2026-05-26,748.6613159179688,yahoo_live
2026-05-27,748.5316162109375,yahoo_live
2026-05-28,752.6609497070312,yahoo_live
2026-05-29,754.5361328125,yahoo_live
2026-06-01,756.5908203125,yahoo_live
2026-06-02,757.6182250976562,yahoo_live
2026-06-03,752.3018798828125,yahoo_live
2026-06-04,755.1445922851562,yahoo_live
2026-06-05,735.65478515625,yahoo_live
2026-06-08,737.3204345703125,yahoo_live
2026-06-09,735.1560668945312,yahoo_live
2026-06-10,723.56591796875,yahoo_live
2026-06-11,735.8642578125,yahoo_live
2026-06-12,739.843994140625,yahoo_live
2026-06-15,752.890380859375,yahoo_live
2026-06-16,748.4019775390625,yahoo_live
2026-06-17,739.0560302734375,yahoo_live
2026-06-18,746.739990234375,yahoo_live
2026-06-22,744.3900146484375,yahoo_live
2026-06-23,733.5800170898438,yahoo_live
2026-06-24,733.239990234375,yahoo_live
2026-06-25,734.2999877929688,yahoo_live
2026-06-26,728.989990234375,yahoo_live
2026-06-29,741.0,yahoo_live
2026-06-30,746.77001953125,yahoo_live
2026-07-01,745.760009765625,yahoo_live
2026-07-02,744.780029296875,yahoo_live
2026-07-06,751.280029296875,yahoo_live
2026-07-07,747.7100219726562,yahoo_live
2026-07-08,745.4000244140625,yahoo_live
2026-07-09,751.7100219726562,yahoo_live
2026-07-10,754.9500122070312,yahoo_live
2026-07-13,749.1699829101562,yahoo_live
2026-07-14,751.8300170898438,yahoo_live
2026-07-15,754.8099975585938,yahoo_live
2026-07-16,750.719970703125,yahoo_live
2026-07-17,743.2899780273438,yahoo_live
2026-07-20,742.0900268554688,yahoo_live
2026-07-21,748.280029296875,yahoo_live
2026-07-22,747.4099731445312,yahoo_live
2026-07-23,738.1799926757812,yahoo_live
2026-07-24,738.9299926757812,yahoo_live
2026-07-27,739.0900268554688,yahoo_live
2026-07-28,740.8599853515625,yahoo_live
2026-07-29,729.4600219726562,yahoo_live
2026-07-30,741.6900024414062,yahoo_live
2026-07-31,747.030029296875,yahoo_live
2026-08-03,757.6699829101562,yahoo_live
2026-08-04,771.3300170898438,yahoo_live
2026-08-05,769.7899780273438,yahoo_live
2026-08-06,768.5599975585938,yahoo_live
2026-08-07,773.260009765625,yahoo_live
2026-08-10,773.030029296875,yahoo_live
2026-08-11,770.5599975585938,yahoo_live
2026-08-12,772.489990234375,yahoo_live
2026-08-13,777.8800048828125,yahoo_live
2026-08-14,776.3400268554688,yahoo_live
2026-08-17,772.6699829101562,yahoo_live
2026-08-18,767.4500122070312,yahoo_live
2026-08-19,769.0599975585938,yahoo_live
2026-08-20,762.5999755859375,yahoo_live
2026-08-21,765.719970703125,yahoo_live
2026-08-24,763.469970703125,yahoo_live
2026-08-25,765.9099731445312,yahoo_live
2026-08-26,766.0800170898438,yahoo_live
2026-08-27,771.0999755859375,yahoo_live
2026-08-28,769.3499755859375,yahoo_live
2026-08-31,767.0499877929688,yahoo_live
2026-09-01,761.780029296875,yahoo_live
